modality,seed,date,host,python,commit,slurm_job,instance,y_true,y_pred,p_pred,method,kind,k,d,fid_del,fid_suf,sparsity,stability,robustness,n_valid_stab,n_valid_rob,consistency,time_s,n_superpixels
image,0,2026-10-05T14:25:51,nodeGcor2,3.11.9,unknown,13156899,0,0,0,0.9889983534812927,cam,attribution,5,47,0.06533695677591074,0.57,0.3837698927625931,1.0,0.1111111111111111,10,10,1.0,0.037126388400793076,47
image,0,2026-10-05T14:25:51,nodeGcor2,3.11.9,unknown,13156899,0,0,0,0.9889983534812927,grad_cam,attribution,5,47,0.06533695677591074,0.59,0.38376988460302786,1.0,0.25,10,10,1.0,0.011397416237741709,47
image,0,2026-10-05T14:25:51,nodeGcor2,3.11.9,unknown,13156899,0,0,0,0.9889983534812927,lime,attribution,5,47,0.16338717068936132,0.49,0.5714476921925061,0.9666666666666666,0.42857142857142855,10,10,1.0,2.959906179923564,47
image,0,2026-10-05T14:25:51,nodeGcor2,3.11.9,unknown,13156899,0,0,0,0.9889983534812927,kernel_shap,attribution,5,47,0.1624306049916433,0.51,0.5532443923451091,0.9333333333333332,0.42857142857142855,10,10,1.0,0.3432563557289541,47
image,0,2026-10-05T14:25:51,nodeGcor2,3.11.9,unknown,13156899,0,0,0,0.9889983534812927,random,attribution,5,47,0.046405369303546405,0.53,0.33240430096892326,0.06944444444444445,0.0,10,10,0.1111111111111111,3.125565126538277e-05,47
image,0,2026-10-05T14:25:51,nodeGcor2,3.11.9,unknown,13156899,1,0,0,0.9998277425765991,cam,attribution,5,44,0.004166783909316666,0.54,0.40655620565685036,0.9666666666666666,0.6666666666666666,10,10,1.0,0.0037142052315175533,44
image,0,2026-10-05T14:25:51,nodeGcor2,3.11.9,unknown,13156899,1,0,0,0.9998277425765991,grad_cam,attribution,5,44,0.004166783909316666,0.59,0.4058143590271325,0.9,0.6666666666666666,10,10,1.0,0.006190405692905188,44
image,0,2026-10-05T14:25:51,nodeGcor2,3.11.9,unknown,13156899,1,0,0,0.9998277425765991,lime,attribution,5,44,0.0355706648874399,0.62,0.6070213867073283,0.8333333333333333,0.6666666666666666,10,10,0.6666666666666666,2.9071749579161406,44
image,0,2026-10-05T14:25:51,nodeGcor2,3.11.9,unknown,13156899,1,0,0,0.9998277425765991,kernel_shap,attribution,5,44,0.033337550094406164,0.61,0.5747998550871785,0.9333333333333332,0.42857142857142855,10,10,0.6666666666666666,0.24446121603250504,44
image,0,2026-10-05T14:25:51,nodeGcor2,3.11.9,unknown,13156899,1,0,0,0.9998277425765991,random,attribution,5,44,3.8749689406335685e-06,0.53,0.3392491416947493,0.04722222222222222,0.0,10,10,0.1111111111111111,2.7128029614686966e-05,44
image,0,2026-10-05T14:25:51,nodeGcor2,3.11.9,unknown,13156899,2,0,0,0.9999802112579346,cam,attribution,5,48,0.0,0.6,0.3830321345487032,0.9666666666666666,0.6666666666666666,10,10,1.0,0.0036987620405852795,48
image,0,2026-10-05T14:25:51,nodeGcor2,3.11.9,unknown,13156899,2,0,0,0.9999802112579346,grad_cam,attribution,5,48,0.0,0.7,0.3830321270701469,1.0,0.6666666666666666,10,10,1.0,0.00591556029394269,48
image,0,2026-10-05T14:25:51,nodeGcor2,3.11.9,unknown,13156899,2,0,0,0.9999802112579346,lime,attribution,5,48,4.35122517387615e-05,0.56,0.418809983847907,1.0,0.42857142857142855,10,10,0.6666666666666666,2.432934810873121,48
image,0,2026-10-05T14:25:51,nodeGcor2,3.11.9,unknown,13156899,2,0,0,0.9999802112579346,kernel_shap,attribution,5,48,0.0,0.47,0.4838647956681229,0.7,0.25,10,10,0.42857142857142855,0.24699299782514572,48
image,0,2026-10-05T14:25:51,nodeGcor2,3.11.9,unknown,13156899,2,0,0,0.9999802112579346,random,attribution,5,48,0.0,0.58,0.2895779518783458,0.04444444444444444,0.0,10,10,0.1111111111111111,3.6221928894519806e-05,48
image,0,2026-10-05T14:25:51,nodeGcor2,3.11.9,unknown,13156899,3,0,0,0.7793444395065308,cam,attribution,5,36,0.0,0.56,0.33292118315240016,0.40476190476190477,0.1111111111111111,10,10,1.0,0.003813742194324732,36
image,0,2026-10-05T14:25:51,nodeGcor2,3.11.9,unknown,13156899,3,0,0,0.7793444395065308,grad_cam,attribution,5,36,0.0,0.5,0.34198909683154155,0.41071428571428575,0.1111111111111111,10,10,1.0,0.006057750433683395,36
image,0,2026-10-05T14:25:51,nodeGcor2,3.11.9,unknown,13156899,3,0,0,0.7793444395065308,lime,attribution,5,36,0.0,0.45,0.4029474247027227,0.6285714285714287,0.25,10,10,1.0,2.4299513059668243,36
image,0,2026-10-05T14:25:51,nodeGcor2,3.11.9,unknown,13156899,3,0,0,0.7793444395065308,kernel_shap,attribution,5,36,0.0,0.53,0.4508231554413533,1.0,0.42857142857142855,10,10,0.6666666666666666,0.24063673103228211,36
image,0,2026-10-05T14:25:51,nodeGcor2,3.11.9,unknown,13156899,3,0,0,0.7793444395065308,random,attribution,5,36,0.046825956914101276,0.51,0.2914557997755508,0.13293650793650796,0.0,10,10,0.1111111111111111,2.576597034931183e-05,36
image,0,2026-10-05T14:25:51,nodeGcor2,3.11.9,unknown,13156899,4,0,0,0.9989187717437744,cam,attribution,5,48,0.02814735167601582,0.46,0.4603364613571661,1.0,1.0,10,10,1.0,0.003671735990792513,48
image,0,2026-10-05T14:25:51,nodeGcor2,3.11.9,unknown,13156899,4,0,0,0.9989187717437744,grad_cam,attribution,5,48,0.02814735167601582,0.57,0.46033646003161965,1.0,1.0,10,10,1.0,0.005695733241736889,48
image,0,2026-10-05T14:25:51,nodeGcor2,3.11.9,unknown,13156899,4,0,0,0.9989187717437744,lime,attribution,5,48,0.03427781580026123,0.48,0.5641697626826292,1.0,0.42857142857142855,10,10,1.0,2.4506668699905276,48
image,0,2026-10-05T14:25:51,nodeGcor2,3.11.9,unknown,13156899,4,0,0,0.9989187717437744,kernel_shap,attribution,5,48,0.08004384486269839,0.56,0.43489371983042013,0.6666666666666667,0.1111111111111111,10,10,0.42857142857142855,0.24705878784880042,48
image,0,2026-10-05T14:25:51,nodeGcor2,3.11.9,unknown,13156899,4,0,0,0.9989187717437744,random,attribution,5,48,0.004515698644735484,0.54,0.27859067547654437,0.06507936507936507,0.0,10,10,0.0,2.617761492729187e-05,48
image,0,2026-10-05T14:25:51,nodeGcor2,3.11.9,unknown,13156899,6,0,0,0.9845309257507324,cam,attribution,5,41,0.006752129099211818,0.51,0.4461920132295253,1.0,0.0,10,10,1.0,0.003657194785773754,41
image,0,2026-10-05T14:25:51,nodeGcor2,3.11.9,unknown,13156899,6,0,0,0.9845309257507324,grad_cam,attribution,5,41,0.006752129099211818,0.5,0.445220377719148,1.0,0.0,10,10,1.0,0.005922640208154917,41
image,0,2026-10-05T14:25:51,nodeGcor2,3.11.9,unknown,13156899,6,0,0,0.9845309257507324,lime,attribution,5,41,0.14542507549839415,0.45,0.5218670296970123,0.5952380952380952,0.1111111111111111,10,10,0.6666666666666666,2.442009490914643,41
image,0,2026-10-05T14:25:51,nodeGcor2,3.11.9,unknown,13156899,6,0,0,0.9845309257507324,kernel_shap,attribution,5,41,0.12189726769763301,0.54,0.49620978139494776,0.6428571428571429,0.25,10,10,0.6666666666666666,0.24284657463431358,41
image,0,2026-10-05T14:25:51,nodeGcor2,3.11.9,unknown,13156899,6,0,0,0.9845309257507324,random,attribution,5,41,0.03568667713894157,0.54,0.3100780536754826,0.12341269841269842,0.0,10,10,0.1111111111111111,2.3789238184690475e-05,41
image,0,2026-10-05T14:25:51,nodeGcor2,3.11.9,unknown,13156899,7,0,0,0.9863650798797607,cam,attribution,5,48,0.24999469733634666,0.59,0.5855680591095558,1.0,1.0,10,10,1.0,0.0037005101330578327,48
image,0,2026-10-05T14:25:51,nodeGcor2,3.11.9,unknown,13156899,7,0,0,0.9863650798797607,grad_cam,attribution,5,48,0.24999469733634666,0.59,0.5859774127866013,1.0,0.6666666666666666,10,10,1.0,0.005923011340200901,48
image,0,2026-10-05T14:25:51,nodeGcor2,3.11.9,unknown,13156899,7,0,0,0.9863650798797607,lime,attribution,5,48,0.9494693280035571,0.45,0.6180802367284071,1.0,0.6666666666666666,10,10,1.0,2.439885779283941,48
image,0,2026-10-05T14:25:51,nodeGcor2,3.11.9,unknown,13156899,7,0,0,0.9863650798797607,kernel_shap,attribution,5,48,0.5245749907528193,0.57,0.6177019100036208,0.9666666666666666,0.6666666666666666,10,10,0.42857142857142855,0.24391596531495452,48
image,0,2026-10-05T14:25:51,nodeGcor2,3.11.9,unknown,13156899,7,0,0,0.9863650798797607,random,attribution,5,48,0.026170563756840813,0.61,0.3307978404375095,0.05833333333333333,0.0,10,10,0.0,2.409704029560089e-05,48
image,0,2026-10-05T14:25:51,nodeGcor2,3.11.9,unknown,13156899,8,0,0,0.9988154172897339,cam,attribution,5,44,0.14641504173518896,0.59,0.44495809629012895,1.0,0.6666666666666666,10,10,1.0,0.0037178313359618187,44
image,0,2026-10-05T14:25:51,nodeGcor2,3.11.9,unknown,13156899,8,0,0,0.9988154172897339,grad_cam,attribution,5,44,0.14641504173518896,0.65,0.44495809538817843,1.0,0.6666666666666666,10,10,1.0,0.0057578179985284805,44
image,0,2026-10-05T14:25:51,nodeGcor2,3.11.9,unknown,13156899,8,0,0,0.9988154172897339,lime,attribution,5,44,0.909608296898514,0.53,0.5890936258921599,1.0,0.42857142857142855,10,10,0.6666666666666666,2.440754221752286,44
image,0,2026-10-05T14:25:51,nodeGcor2,3.11.9,unknown,13156899,8,0,0,0.9988154172897339,kernel_shap,attribution,5,44,0.8517252189818875,0.46,0.5329561702992018,0.7666666666666666,0.25,10,10,0.6666666666666666,0.24352116091176867,44
image,0,2026-10-05T14:25:51,nodeGcor2,3.11.9,unknown,13156899,8,0,0,0.9988154172897339,random,attribution,5,44,0.008013810321243453,0.48,0.3225368752718527,0.09444444444444444,0.0,10,10,0.0,2.3856759071350098e-05,44
image,0,2026-10-05T14:25:51,nodeGcor2,3.11.9,unknown,13156899,9,0,0,0.999077558517456,cam,attribution,5,47,0.11325684176363342,0.51,0.586619235102989,1.0,0.6666666666666666,10,10,1.0,0.0036366889253258705,47
image,0,2026-10-05T14:25:51,nodeGcor2,3.11.9,unknown,13156899,9,0,0,0.999077558517456,grad_cam,attribution,5,47,0.11325684176363342,0.54,0.611292223657648,1.0,0.6666666666666666,10,10,1.0,0.00571786891669035,47
image,0,2026-10-05T14:25:51,nodeGcor2,3.11.9,unknown,13156899,9,0,0,0.999077558517456,lime,attribution,5,47,0.018300643846469584,0.49,0.5596702054267606,0.8666666666666666,0.25,10,10,0.6666666666666666,2.4379355940036476,47
image,0,2026-10-05T14:25:51,nodeGcor2,3.11.9,unknown,13156899,9,0,0,0.999077558517456,kernel_shap,attribution,5,47,0.055754288332490146,0.49,0.5183844452227948,0.7666666666666667,0.25,10,10,1.0,0.2439955361187458,47
image,0,2026-10-05T14:25:51,nodeGcor2,3.11.9,unknown,13156899,9,0,0,0.999077558517456,random,attribution,5,47,0.0,0.47,0.36651129467989485,0.10793650793650793,0.0,10,10,0.0,2.7913134545087814e-05,47
image,0,2026-10-05T14:25:51,nodeGcor2,3.11.9,unknown,13156899,10,0,0,0.9998883008956909,cam,attribution,5,47,0.0,0.5,0.4300665738564633,0.8666666666666668,0.6666666666666666,10,10,1.0,0.0036206338554620743,47
image,0,2026-10-05T14:25:51,nodeGcor2,3.11.9,unknown,13156899,10,0,0,0.9998883008956909,grad_cam,attribution,5,47,0.0,0.49,0.4300665775427024,0.8333333333333334,0.6666666666666666,10,10,1.0,0.005749440751969814,47
image,0,2026-10-05T14:25:51,nodeGcor2,3.11.9,unknown,13156899,10,0,0,0.9998883008956909,lime,attribution,5,47,0.00013525803107226892,0.5,0.5248161530555444,0.8333333333333333,0.1111111111111111,10,10,0.42857142857142855,2.443606723099947,47
image,0,2026-10-05T14:25:51,nodeGcor2,3.11.9,unknown,13156899,10,0,0,0.9998883008956909,kernel_shap,attribution,5,47,0.000271589065476094,0.5,0.46856433176705337,0.9666666666666666,0.25,10,10,0.1111111111111111,0.24450245825573802,47
image,0,2026-10-05T14:25:51,nodeGcor2,3.11.9,unknown,13156899,10,0,0,0.9998883008956909,random,attribution,5,47,0.0,0.57,0.3375281328132269,0.09444444444444444,0.0,10,10,0.0,2.6213936507701874e-05,47
image,0,2026-10-05T14:25:51,nodeGcor2,3.11.9,unknown,13156899,11,0,0,0.8317410349845886,cam,attribution,5,37,0.0,0.56,0.44463821072185894,1.0,0.6666666666666666,10,10,1.0,0.0036405129358172417,37
image,0,2026-10-05T14:25:51,nodeGcor2,3.11.9,unknown,13156899,11,0,0,0.8317410349845886,grad_cam,attribution,5,37,0.0,0.52,0.45812215723035243,1.0,0.42857142857142855,10,10,1.0,0.005734737031161785,37
image,0,2026-10-05T14:25:51,nodeGcor2,3.11.9,unknown,13156899,11,0,0,0.8317410349845886,lime,attribution,5,37,0.3231845355347559,0.53,0.5318076380687783,0.7666666666666667,0.1111111111111111,10,10,1.0,2.4413240570575,37
image,0,2026-10-05T14:25:51,nodeGcor2,3.11.9,unknown,13156899,11,0,0,0.8317410349845886,kernel_shap,attribution,5,37,0.26156466063691197,0.41,0.5083512237951491,0.8333333333333333,0.25,10,10,1.0,0.24321678979322314,37
image,0,2026-10-05T14:25:51,nodeGcor2,3.11.9,unknown,13156899,11,0,0,0.8317410349845886,random,attribution,5,37,0.15950578649611405,0.54,0.2915417691449901,0.025,0.0,10,10,0.1111111111111111,2.645188942551613e-05,37
image,0,2026-10-05T14:25:51,nodeGcor2,3.11.9,unknown,13156899,12,0,0,0.9997493624687195,cam,attribution,5,46,5.979843931439152e-05,0.58,0.381368588075331,1.0,0.6666666666666666,10,10,1.0,0.0036314218305051327,46
image,0,2026-10-05T14:25:51,nodeGcor2,3.11.9,unknown,13156899,12,0,0,0.9997493624687195,grad_cam,attribution,5,46,5.979843931439152e-05,0.62,0.3812257513629529,1.0,0.6666666666666666,10,10,1.0,0.005729701370000839,46
image,0,2026-10-05T14:25:51,nodeGcor2,3.11.9,unknown,13156899,12,0,0,0.9997493624687195,lime,attribution,5,46,0.0007234836102493929,0.55,0.5225546872984315,0.9333333333333332,0.6666666666666666,10,10,0.6666666666666666,2.4449470760300756,46
image,0,2026-10-05T14:25:51,nodeGcor2,3.11.9,unknown,13156899,12,0,0,0.9997493624687195,kernel_shap,attribution,5,46,0.003594702991048776,0.51,0.5489234439023662,0.6666666666666667,0.42857142857142855,10,10,0.42857142857142855,0.24431732995435596,46
image,0,2026-10-05T14:25:51,nodeGcor2,3.11.9,unknown,13156899,12,0,0,0.9997493624687195,random,attribution,5,46,0.0008743807686788295,0.53,0.3005906638114514,0.03611111111111111,0.0,10,10,0.1111111111111111,2.5925226509571075e-05,46
image,0,2026-10-05T14:25:51,nodeGcor2,3.11.9,unknown,13156899,13,0,0,0.97121262550354,cam,attribution,5,44,0.11363080681595575,0.42,0.3844969971734983,1.0,0.42857142857142855,10,10,1.0,0.0037026768550276756,44
image,0,2026-10-05T14:25:51,nodeGcor2,3.11.9,unknown,13156899,13,0,0,0.97121262550354,grad_cam,attribution,5,44,0.11363080681595575,0.51,0.3844970017753192,1.0,0.42857142857142855,10,10,1.0,0.005794576834887266,44
image,0,2026-10-05T14:25:51,nodeGcor2,3.11.9,unknown,13156899,13,0,0,0.97121262550354,lime,attribution,5,44,0.2708739503802271,0.51,0.5200272176889865,0.9333333333333332,0.1111111111111111,10,10,1.0,2.4305835901759565,44
image,0,2026-10-05T14:25:51,nodeGcor2,3.11.9,unknown,13156899,13,0,0,0.97121262550354,kernel_shap,attribution,5,44,0.1155397977915455,0.51,0.5887292374281612,0.7,0.25,10,10,0.6666666666666666,0.24431359861046076,44
image,0,2026-10-05T14:25:51,nodeGcor2,3.11.9,unknown,13156899,13,0,0,0.97121262550354,random,attribution,5,44,0.02335245965625643,0.51,0.3056304983714079,0.09444444444444444,0.0,10,10,0.1111111111111111,2.544000744819641e-05,44
image,0,2026-10-05T14:25:51,nodeGcor2,3.11.9,unknown,13156899,14,0,0,0.9991589784622192,cam,attribution,5,41,0.0029684222155859584,0.5,0.5962513090644914,1.0,1.0,10,10,1.0,0.0035925591364502907,41
image,0,2026-10-05T14:25:51,nodeGcor2,3.11.9,unknown,13156899,14,0,0,0.9991589784622192,grad_cam,attribution,5,41,0.0029684222155859584,0.51,0.5962513093860898,1.0,1.0,10,10,1.0,0.005750487092882395,41
image,0,2026-10-05T14:25:51,nodeGcor2,3.11.9,unknown,13156899,14,0,0,0.9991589784622192,lime,attribution,5,41,0.007159946534993439,0.51,0.7282140670616861,0.9666666666666666,0.42857142857142855,10,10,1.0,2.3944858498871326,41
image,0,2026-10-05T14:25:51,nodeGcor2,3.11.9,unknown,13156899,14,0,0,0.9991589784622192,kernel_shap,attribution,5,41,0.006404895892254864,0.51,0.6114880668030918,1.0,0.42857142857142855,10,10,0.6666666666666666,0.24379264703020453,41
image,0,2026-10-05T14:25:51,nodeGcor2,3.11.9,unknown,13156899,14,0,0,0.9991589784622192,random,attribution,5,41,5.613515484056244e-05,0.45,0.27933190589392287,0.08055555555555556,0.0,10,10,0.1111111111111111,2.6761088520288467e-05,41
image,0,2026-10-05T14:25:51,nodeGcor2,3.11.9,unknown,13156899,15,0,0,0.9999728202819824,cam,attribution,5,46,0.004191035694615647,0.64,0.4568565475769061,1.0,0.6666666666666666,10,10,1.0,0.003669202793389559,46
image,0,2026-10-05T14:25:51,nodeGcor2,3.11.9,unknown,13156899,15,0,0,0.9999728202819824,grad_cam,attribution,5,46,0.004191035694615647,0.72,0.4565670621634216,1.0,0.6666666666666666,10,10,1.0,0.005860925652086735,46
image,0,2026-10-05T14:25:51,nodeGcor2,3.11.9,unknown,13156899,15,0,0,0.9999728202819824,lime,attribution,5,46,0.01445046600177865,0.75,0.5915516283520117,0.9333333333333332,0.42857142857142855,10,10,0.42857142857142855,2.7638816437684,46
image,0,2026-10-05T14:25:51,nodeGcor2,3.11.9,unknown,13156899,15,0,0,0.9999728202819824,kernel_shap,attribution,5,46,0.021312994881013975,0.6,0.5055056572755663,0.8666666666666666,0.42857142857142855,10,10,0.6666666666666666,0.24258357798680663,46
image,0,2026-10-05T14:25:51,nodeGcor2,3.11.9,unknown,13156899,15,0,0,0.9999728202819824,random,attribution,5,46,6.711665422882606e-05,0.5,0.3860241699781698,0.06944444444444445,0.0,10,10,0.0,2.7860980480909348e-05,46
image,0,2026-10-05T14:25:51,nodeGcor2,3.11.9,unknown,13156899,16,0,0,0.9994838237762451,cam,attribution,5,49,0.0006200889497859148,0.44,0.5206726753770654,1.0,0.6666666666666666,10,10,1.0,0.0036464552395045757,49
image,0,2026-10-05T14:25:51,nodeGcor2,3.11.9,unknown,13156899,16,0,0,0.9994838237762451,grad_cam,attribution,5,49,0.0006200889497859148,0.47,0.5295146699966078,1.0,0.6666666666666666,10,10,1.0,0.005766596179455519,49
image,0,2026-10-05T14:25:51,nodeGcor2,3.11.9,unknown,13156899,16,0,0,0.9994838237762451,lime,attribution,5,49,0.004341397908777151,0.49,0.5638124280626313,1.0,0.42857142857142855,10,10,0.6666666666666666,2.445542611181736,49
image,0,2026-10-05T14:25:51,nodeGcor2,3.11.9,unknown,13156899,16,0,0,0.9994838237762451,kernel_shap,attribution,5,49,0.0,0.54,0.3793287437833276,1.0,0.1111111111111111,10,10,0.25,0.24508399097248912,49
image,0,2026-10-05T14:25:51,nodeGcor2,3.11.9,unknown,13156899,16,0,0,0.9994838237762451,random,attribution,5,49,3.2024212928932126e-05,0.56,0.3262013219529232,0.05555555555555556,0.0,10,10,0.0,3.1291041523218155e-05,49
image,0,2026-10-05T14:25:51,nodeGcor2,3.11.9,unknown,13156899,17,0,0,0.9999872446060181,cam,attribution,5,45,0.00031125942525368956,0.71,0.3992201320665265,1.0,1.0,10,10,1.0,0.0035817287862300873,45
image,0,2026-10-05T14:25:51,nodeGcor2,3.11.9,unknown,13156899,17,0,0,0.9999872446060181,grad_cam,attribution,5,45,0.00031125942525368956,0.72,0.39922013398010536,1.0,0.6666666666666666,10,10,1.0,0.005796987097710371,45
image,0,2026-10-05T14:25:51,nodeGcor2,3.11.9,unknown,13156899,17,0,0,0.9999872446060181,lime,attribution,5,45,0.00025242889045372943,0.5,0.5351806368469252,0.8,0.42857142857142855,10,10,0.6666666666666666,2.4473116653971374,45
image,0,2026-10-05T14:25:51,nodeGcor2,3.11.9,unknown,13156899,17,0,0,0.9999872446060181,kernel_shap,attribution,5,45,8.905047516832864e-05,0.59,0.5028737282410845,0.9666666666666666,0.25,10,10,0.42857142857142855,0.24444914981722832,45
image,0,2026-10-05T14:25:51,nodeGcor2,3.11.9,unknown,13156899,17,0,0,0.9999872446060181,random,attribution,5,45,1.7881621519744709e-06,0.51,0.3098373795165079,0.02222222222222222,0.0,10,10,0.0,2.6653055101633072e-05,45
image,0,2026-10-05T14:25:51,nodeGcor2,3.11.9,unknown,13156899,18,0,0,0.9999785423278809,cam,attribution,5,47,0.0,0.54,0.30684445737797117,0.7666666666666667,0.25,10,10,1.0,0.003726018127053976,47
image,0,2026-10-05T14:25:51,nodeGcor2,3.11.9,unknown,13156899,18,0,0,0.9999785423278809,grad_cam,attribution,5,47,0.0,0.57,0.3068444593026597,0.7666666666666666,0.25,10,10,1.0,0.005672001279890537,47
image,0,2026-10-05T14:25:51,nodeGcor2,3.11.9,unknown,13156899,18,0,0,0.9999785423278809,lime,attribution,5,47,1.95507429997611e-05,0.46,0.3877616158867878,1.0,0.1111111111111111,10,10,0.6666666666666666,2.4522427418269217,47
image,0,2026-10-05T14:25:51,nodeGcor2,3.11.9,unknown,13156899,18,0,0,0.9999785423278809,kernel_shap,attribution,5,47,0.0,0.54,0.4595195541787761,0.9333333333333332,0.25,10,10,0.25,0.24420356890186667,47
image,0,2026-10-05T14:25:51,nodeGcor2,3.11.9,unknown,13156899,18,0,0,0.9999785423278809,random,attribution,5,47,0.0,0.39,0.3265604705464409,0.05555555555555556,0.0,10,10,0.0,2.5934074074029922e-05,47
image,0,2026-10-05T14:25:51,nodeGcor2,3.11.9,unknown,13156899,19,0,0,0.9806822538375854,cam,attribution,5,40,0.45848619131801693,0.51,0.5758826264329245,1.0,0.25,10,10,1.0,0.0036462522111833096,40
image,0,2026-10-05T14:25:51,nodeGcor2,3.11.9,unknown,13156899,19,0,0,0.9806822538375854,grad_cam,attribution,5,40,0.45848619131801693,0.53,0.5749286590785727,1.0,0.42857142857142855,10,10,1.0,0.005776969715952873,40
image,0,2026-10-05T14:25:51,nodeGcor2,3.11.9,unknown,13156899,19,0,0,0.9806822538375854,lime,attribution,5,40,0.3388333743682861,0.46,0.4853895299870017,1.0,0.1111111111111111,10,10,1.0,2.452902798075229,40
image,0,2026-10-05T14:25:51,nodeGcor2,3.11.9,unknown,13156899,19,0,0,0.9806822538375854,kernel_shap,attribution,5,40,0.4330697027547956,0.61,0.4041078360067327,0.7333333333333334,0.1111111111111111,10,10,0.6666666666666666,0.2425408880226314,40
image,0,2026-10-05T14:25:51,nodeGcor2,3.11.9,unknown,13156899,19,0,0,0.9806822538375854,random,attribution,5,40,0.0,0.51,0.3110367798067626,0.08055555555555556,0.0,10,10,0.0,2.745073288679123e-05,40
image,0,2026-10-05T14:25:51,nodeGcor2,3.11.9,unknown,13156899,20,0,0,0.9999597072601318,cam,attribution,5,45,0.00027764965572754045,0.6,0.35784639196693646,0.8761904761904763,0.6666666666666666,10,10,1.0,0.0035731340758502483,45
image,0,2026-10-05T14:25:51,nodeGcor2,3.11.9,unknown,13156899,20,0,0,0.9999597072601318,grad_cam,attribution,5,45,0.00027764965572754045,0.48,0.3578463942274679,0.9666666666666666,0.6666666666666666,10,10,1.0,0.005854851100593805,45
image,0,2026-10-05T14:25:51,nodeGcor2,3.11.9,unknown,13156899,20,0,0,0.9999597072601318,lime,attribution,5,45,0.0008755084034620254,0.47,0.5129553835771973,0.9333333333333332,0.1111111111111111,10,10,0.6666666666666666,2.454605856910348,45
image,0,2026-10-05T14:25:51,nodeGcor2,3.11.9,unknown,13156899,20,0,0,0.9999597072601318,kernel_shap,attribution,5,45,2.2173823943891165e-05,0.52,0.5015232991260563,0.9,0.42857142857142855,10,10,1.0,0.24194566998630762,45
image,0,2026-10-05T14:25:51,nodeGcor2,3.11.9,unknown,13156899,20,0,0,0.9999597072601318,random,attribution,5,45,0.0,0.55,0.29597287583775844,0.03333333333333333,0.0,10,10,0.0,2.7599744498729706e-05,45
image,0,2026-10-05T14:25:51,nodeGcor2,3.11.9,unknown,13156899,21,0,0,0.9995971322059631,cam,attribution,5,47,0.03773856159810533,0.5,0.43197428040782704,0.8523809523809524,0.1111111111111111,10,10,1.0,0.0035658301785588264,47
image,0,2026-10-05T14:25:51,nodeGcor2,3.11.9,unknown,13156899,21,0,0,0.9995971322059631,grad_cam,attribution,5,47,0.03773856159810533,0.58,0.4291812602935977,0.8523809523809526,0.1111111111111111,10,10,1.0,0.00571478484198451,47
image,0,2026-10-05T14:25:51,nodeGcor2,3.11.9,unknown,13156899,21,0,0,0.9995971322059631,lime,attribution,5,47,0.01318944222099109,0.44,0.5425449312538557,0.47619047619047616,0.1111111111111111,10,10,1.0,2.454944720957428,47
image,0,2026-10-05T14:25:51,nodeGcor2,3.11.9,unknown,13156899,21,0,0,0.9995971322059631,kernel_shap,attribution,5,47,0.008264472665894237,0.49,0.4871828738170526,0.8666666666666666,0.1111111111111111,10,10,0.42857142857142855,0.24332057312130928,47
image,0,2026-10-05T14:25:51,nodeGcor2,3.11.9,unknown,13156899,21,0,0,0.9995971322059631,random,attribution,5,47,0.0008038539672647004,0.55,0.26906672342785043,0.04444444444444444,0.0,10,10,0.0,2.7727801352739334e-05,47
image,0,2026-10-05T14:25:51,nodeGcor2,3.11.9,unknown,13156899,23,0,0,0.9996997117996216,cam,attribution,5,46,0.1679413375918158,0.65,0.6341961562729717,0.6666666666666667,0.42857142857142855,10,10,1.0,0.0036964379251003265,46
image,0,2026-10-05T14:25:51,nodeGcor2,3.11.9,unknown,13156899,23,0,0,0.9996997117996216,grad_cam,attribution,5,46,0.1679413375918158,0.67,0.6355670143727217,0.6666666666666667,0.42857142857142855,10,10,1.0,0.005750784184783697,46
image,0,2026-10-05T14:25:51,nodeGcor2,3.11.9,unknown,13156899,23,0,0,0.9996997117996216,lime,attribution,5,46,0.04062294376661532,0.52,0.5245826360235666,1.0,0.6666666666666666,10,10,1.0,2.450742594897747,46
image,0,2026-10-05T14:25:51,nodeGcor2,3.11.9,unknown,13156899,23,0,0,0.9996997117996216,kernel_shap,attribution,5,46,0.012031238410862946,0.59,0.5450679303402,0.8333333333333333,0.25,10,10,0.6666666666666666,0.24307530792430043,46
image,0,2026-10-05T14:25:51,nodeGcor2,3.11.9,unknown,13156899,23,0,0,0.9996997117996216,random,attribution,5,46,0.0,0.54,0.3334699441748693,0.05555555555555556,0.0,10,10,0.1111111111111111,2.7132220566272736e-05,46
image,0,2026-10-05T14:25:51,nodeGcor2,3.11.9,unknown,13156899,24,0,0,0.9993300437927246,cam,attribution,5,45,0.007560255393544829,0.62,0.5392372304342488,1.0,0.25,10,10,1.0,0.003569364082068205,45
image,0,2026-10-05T14:25:51,nodeGcor2,3.11.9,unknown,13156899,24,0,0,0.9993300437927246,grad_cam,attribution,5,45,0.007560255393544829,0.55,0.5394447221490082,1.0,0.6666666666666666,10,10,1.0,0.005779542028903961,45
image,0,2026-10-05T14:25:51,nodeGcor2,3.11.9,unknown,13156899,24,0,0,0.9993300437927246,lime,attribution,5,45,0.03367028972022373,0.56,0.6572855575599202,0.5476190476190477,0.25,10,10,0.6666666666666666,2.433253443799913,45
image,0,2026-10-05T14:25:51,nodeGcor2,3.11.9,unknown,13156899,24,0,0,0.9993300437927246,kernel_shap,attribution,5,45,0.02617254190154723,0.52,0.5733847874064293,0.6666666666666667,0.25,10,10,0.6666666666666666,0.24455151613801718,45
image,0,2026-10-05T14:25:51,nodeGcor2,3.11.9,unknown,13156899,24,0,0,0.9993300437927246,random,attribution,5,45,0.0,0.53,0.2840106412388468,0.06944444444444445,0.0,10,10,0.0,2.660229802131653e-05,45
image,0,2026-10-05T14:25:51,nodeGcor2,3.11.9,unknown,13156899,25,0,0,0.9967101812362671,cam,attribution,5,46,0.0004836130698360715,0.45,0.4811881503452372,0.6666666666666667,0.6666666666666666,10,10,1.0,0.003594514913856983,46
image,0,2026-10-05T14:25:51,nodeGcor2,3.11.9,unknown,13156899,25,0,0,0.9967101812362671,grad_cam,attribution,5,46,0.0004836130698360715,0.43,0.48657546584485745,0.7333333333333334,0.42857142857142855,10,10,1.0,0.0058078221045434475,46
image,0,2026-10-05T14:25:51,nodeGcor2,3.11.9,unknown,13156899,25,0,0,0.9967101812362671,lime,attribution,5,46,0.024371001012675125,0.44,0.5228779038980758,0.6666666666666667,0.25,10,10,0.6666666666666666,2.5702296788804233,46
image,0,2026-10-05T14:25:51,nodeGcor2,3.11.9,unknown,13156899,25,0,0,0.9967101812362671,kernel_shap,attribution,5,46,0.0,0.59,0.5838740410704402,0.9666666666666666,0.25,10,10,1.0,0.2442450481466949,46
image,0,2026-10-05T14:25:51,nodeGcor2,3.11.9,unknown,13156899,25,0,0,0.9967101812362671,random,attribution,5,46,0.0029108280170979076,0.48,0.30921428311753996,0.05555555555555556,0.0,10,10,0.0,2.7182046324014664e-05,46
image,0,2026-10-05T14:25:51,nodeGcor2,3.11.9,unknown,13156899,26,0,0,0.7846865653991699,cam,attribution,5,47,0.11659590267369448,0.41,0.5354360257338424,0.9666666666666666,0.25,10,10,1.0,0.0036178939044475555,47
image,0,2026-10-05T14:25:51,nodeGcor2,3.11.9,unknown,13156899,26,0,0,0.7846865653991699,grad_cam,attribution,5,47,0.11659590267369448,0.54,0.6172570191969997,1.0,0.25,10,10,1.0,0.005831324961036444,47
image,0,2026-10-05T14:25:51,nodeGcor2,3.11.9,unknown,13156899,26,0,0,0.7846865653991699,lime,attribution,5,47,0.0,0.51,0.4633011262516712,0.8428571428571429,0.1111111111111111,10,10,1.0,2.512122926302254,47
image,0,2026-10-05T14:25:51,nodeGcor2,3.11.9,unknown,13156899,26,0,0,0.7846865653991699,kernel_shap,attribution,5,47,0.3470106768591113,0.56,0.49011707511078073,0.5952380952380952,0.1111111111111111,10,10,0.6666666666666666,0.24330107681453228,47
image,0,2026-10-05T14:25:51,nodeGcor2,3.11.9,unknown,13156899,26,0,0,0.7846865653991699,random,attribution,5,47,0.0,0.48,0.3237983889573507,0.04444444444444444,0.0,10,10,0.25,3.112992271780968e-05,47
image,0,2026-10-05T14:25:51,nodeGcor2,3.11.9,unknown,13156899,27,0,0,0.990877091884613,cam,attribution,5,42,0.2647305418037668,0.68,0.5420408775496938,1.0,0.6666666666666666,10,10,1.0,0.003634070046246052,42
image,0,2026-10-05T14:25:51,nodeGcor2,3.11.9,unknown,13156899,27,0,0,0.990877091884613,grad_cam,attribution,5,42,0.2647305418037668,0.74,0.6049567688385298,1.0,0.6666666666666666,10,10,1.0,0.005754093173891306,42
image,0,2026-10-05T14:25:51,nodeGcor2,3.11.9,unknown,13156899,27,0,0,0.990877091884613,lime,attribution,5,42,0.17836027213503286,0.59,0.635698634584102,0.8666666666666666,0.6666666666666666,10,10,0.6666666666666666,2.462446127086878,42
image,0,2026-10-05T14:25:51,nodeGcor2,3.11.9,unknown,13156899,27,0,0,0.990877091884613,kernel_shap,attribution,5,42,0.17836027213503286,0.73,0.5439281381617266,0.9333333333333332,0.25,10,10,1.0,0.24187349015846848,42
image,0,2026-10-05T14:25:51,nodeGcor2,3.11.9,unknown,13156899,27,0,0,0.990877091884613,random,attribution,5,42,0.006670977676987025,0.48,0.3289738927796654,0.11944444444444446,0.0,10,10,0.25,2.5953631848096848e-05,42
image,0,2026-10-05T14:25:51,nodeGcor2,3.11.9,unknown,13156899,28,0,0,0.9984176158905029,cam,attribution,5,42,0.257832970263279,0.5,0.5724240093301978,1.0,1.0,10,10,1.0,0.003758661914616823,42
image,0,2026-10-05T14:25:51,nodeGcor2,3.11.9,unknown,13156899,28,0,0,0.9984176158905029,grad_cam,attribution,5,42,0.257832970263279,0.57,0.5684243626383656,1.0,0.6666666666666666,10,10,1.0,0.005791586823761463,42
image,0,2026-10-05T14:25:51,nodeGcor2,3.11.9,unknown,13156899,28,0,0,0.9984176158905029,lime,attribution,5,42,0.13686915209958767,0.52,0.5344902395212761,0.9,0.25,10,10,1.0,2.454219770152122,42
image,0,2026-10-05T14:25:51,nodeGcor2,3.11.9,unknown,13156899,28,0,0,0.9984176158905029,kernel_shap,attribution,5,42,0.20163760613754556,0.54,0.4780350345194878,0.6666666666666667,0.25,10,10,0.42857142857142855,0.2422537049278617,42
image,0,2026-10-05T14:25:51,nodeGcor2,3.11.9,unknown,13156899,28,0,0,0.9984176158905029,random,attribution,5,42,0.00042649040307044434,0.4,0.3507159637831899,0.09166666666666666,0.0,10,10,0.0,2.6322901248931885e-05,42
image,0,2026-10-05T14:25:51,nodeGcor2,3.11.9,unknown,13156899,29,0,0,0.9827948212623596,cam,attribution,5,47,0.04263513563508505,0.51,0.4461170868340738,0.9666666666666666,0.0,10,10,1.0,0.00366046279668808,47
image,0,2026-10-05T14:25:51,nodeGcor2,3.11.9,unknown,13156899,29,0,0,0.9827948212623596,grad_cam,attribution,5,47,0.04263513563508505,0.57,0.4458337134561743,1.0,0.1111111111111111,10,10,1.0,0.005708126351237297,47
image,0,2026-10-05T14:25:51,nodeGcor2,3.11.9,unknown,13156899,29,0,0,0.9827948212623596,lime,attribution,5,47,0.0,0.5,0.4870017098519889,0.6666666666666667,0.0,10,10,0.6666666666666666,2.442554202862084,47
image,0,2026-10-05T14:25:51,nodeGcor2,3.11.9,unknown,13156899,29,0,0,0.9827948212623596,kernel_shap,attribution,5,47,0.0,0.48,0.485759322812056,0.6761904761904762,0.25,10,10,0.42857142857142855,0.2428035861812532,47
image,0,2026-10-05T14:25:51,nodeGcor2,3.11.9,unknown,13156899,29,0,0,0.9827948212623596,random,attribution,5,47,0.031249374550358568,0.5,0.29934257479556126,0.09722222222222224,0.0,10,10,0.25,2.604397013783455e-05,47
image,0,2026-10-05T14:25:51,nodeGcor2,3.11.9,unknown,13156899,30,0,0,0.9856086373329163,cam,attribution,5,45,0.09186624225199817,0.48,0.4150462780965344,0.8999999999999998,0.0,10,10,1.0,0.0036278050392866135,45
image,0,2026-10-05T14:25:51,nodeGcor2,3.11.9,unknown,13156899,30,0,0,0.9856086373329163,grad_cam,attribution,5,45,0.09186624225199817,0.52,0.41236382389425885,0.9,0.0,10,10,1.0,0.005708110984414816,45
image,0,2026-10-05T14:25:51,nodeGcor2,3.11.9,unknown,13156899,30,0,0,0.9856086373329163,lime,attribution,5,45,0.07388105080427426,0.46,0.5161403941940174,0.9333333333333332,0.25,10,10,0.6666666666666666,2.4428150029852986,45
image,0,2026-10-05T14:25:51,nodeGcor2,3.11.9,unknown,13156899,30,0,0,0.9856086373329163,kernel_shap,attribution,5,45,0.06738142257531651,0.55,0.5030646391010931,0.8,0.0,10,10,0.6666666666666666,0.24227039329707623,45
image,0,2026-10-05T14:25:51,nodeGcor2,3.11.9,unknown,13156899,30,0,0,0.9856086373329163,random,attribution,5,45,0.008150962930843934,0.52,0.29599520586193917,0.04444444444444444,0.0,10,10,0.0,2.760114148259163e-05,45
image,0,2026-10-05T14:25:51,nodeGcor2,3.11.9,unknown,13156899,31,0,0,0.9999030828475952,cam,attribution,5,47,0.003946388770827136,0.6,0.4139851387856157,1.0,1.0,10,10,1.0,0.0036049061454832554,47
image,0,2026-10-05T14:25:51,nodeGcor2,3.11.9,unknown,13156899,31,0,0,0.9999030828475952,grad_cam,attribution,5,47,0.003946388770827136,0.64,0.4139851425282802,1.0,1.0,10,10,1.0,0.005725185852497816,47
image,0,2026-10-05T14:25:51,nodeGcor2,3.11.9,unknown,13156899,31,0,0,0.9999030828475952,lime,attribution,5,47,0.0033426544163275332,0.64,0.5057147501580406,0.9666666666666666,0.25,10,10,0.6666666666666666,2.4537761230021715,47
image,0,2026-10-05T14:25:51,nodeGcor2,3.11.9,unknown,13156899,31,0,0,0.9999030828475952,kernel_shap,attribution,5,47,0.0005813208358096497,0.48,0.3709446607616772,0.6666666666666667,0.1111111111111111,10,10,0.25,0.24309018207713962,47
image,0,2026-10-05T14:25:51,nodeGcor2,3.11.9,unknown,13156899,31,0,0,0.9999030828475952,random,attribution,5,47,0.00018580568552283407,0.55,0.3142758352177595,0.08333333333333334,0.0,10,10,0.1111111111111111,2.6682857424020767e-05,47
image,0,2026-10-05T14:25:51,nodeGcor2,3.11.9,unknown,13156899,32,0,0,0.9997792840003967,cam,attribution,5,45,0.0032472025094322805,0.52,0.45310055428567264,0.9666666666666666,0.42857142857142855,10,10,1.0,0.003603952005505562,45
image,0,2026-10-05T14:25:51,nodeGcor2,3.11.9,unknown,13156899,32,0,0,0.9997792840003967,grad_cam,attribution,5,45,0.0032472025094322805,0.42,0.45309464801008237,0.9666666666666666,0.6666666666666666,10,10,1.0,0.0058064451441168785,45
image,0,2026-10-05T14:25:51,nodeGcor2,3.11.9,unknown,13156899,32,0,0,0.9997792840003967,lime,attribution,5,45,0.027627781058412623,0.63,0.5080954910279812,0.9666666666666666,0.6666666666666666,10,10,0.6666666666666666,2.4459685757756233,45
image,0,2026-10-05T14:25:51,nodeGcor2,3.11.9,unknown,13156899,32,0,0,0.9997792840003967,kernel_shap,attribution,5,45,0.0027249506141080147,0.57,0.5099978990318677,0.8333333333333333,0.6666666666666666,10,10,0.25,0.4023656309582293,45
image,0,2026-10-05T14:25:51,nodeGcor2,3.11.9,unknown,13156899,32,0,0,0.9997792840003967,random,attribution,5,45,1.4308271104774402e-05,0.46,0.3808430187733741,0.05555555555555556,0.0,10,10,0.25,2.636900171637535e-05,45
image,0,2026-10-05T14:25:51,nodeGcor2,3.11.9,unknown,13156899,33,0,0,0.7729940414428711,cam,attribution,5,42,0.9895508424129886,0.52,0.5089688947158694,1.0,1.0,10,10,1.0,0.0037030139937996864,42
image,0,2026-10-05T14:25:51,nodeGcor2,3.11.9,unknown,13156899,33,0,0,0.7729940414428711,grad_cam,attribution,5,42,0.9895508424129886,0.56,0.7249949175461403,1.0,1.0,10,10,1.0,0.005718163214623928,42
image,0,2026-10-05T14:25:51,nodeGcor2,3.11.9,unknown,13156899,33,0,0,0.7729940414428711,lime,attribution,5,42,0.9913138222930529,0.48,0.6570887958885416,0.9,0.42857142857142855,10,10,0.6666666666666666,2.4518600492738187,42
image,0,2026-10-05T14:25:51,nodeGcor2,3.11.9,unknown,13156899,33,0,0,0.7729940414428711,kernel_shap,attribution,5,42,0.994802399499616,0.52,0.5726978464041186,0.8333333333333334,0.6666666666666666,10,10,0.42857142857142855,0.2420587930828333,42
image,0,2026-10-05T14:25:51,nodeGcor2,3.11.9,unknown,13156899,33,0,0,0.7729940414428711,random,attribution,5,42,0.989800607325386,0.54,0.39177829068454484,0.09007936507936506,0.0,10,10,0.0,2.6487279683351517e-05,42
image,0,2026-10-05T14:25:51,nodeGcor2,3.11.9,unknown,13156899,34,0,0,0.9992978572845459,cam,attribution,5,49,0.009064723175639017,0.62,0.5320920133577519,0.9,0.6666666666666666,10,10,1.0,0.003660791087895632,49
image,0,2026-10-05T14:25:51,nodeGcor2,3.11.9,unknown,13156899,34,0,0,0.9992978572845459,grad_cam,attribution,5,49,0.009064723175639017,0.54,0.5305354685428918,0.8666666666666668,0.6666666666666666,10,10,1.0,0.0057368031702935696,49
image,0,2026-10-05T14:25:51,nodeGcor2,3.11.9,unknown,13156899,34,0,0,0.9992978572845459,lime,attribution,5,49,0.006105061891635122,0.72,0.5680597119654978,0.7333333333333334,0.6666666666666666,10,10,1.0,2.4473166028037667,49
image,0,2026-10-05T14:25:51,nodeGcor2,3.11.9,unknown,13156899,34,0,0,0.9992978572845459,kernel_shap,attribution,5,49,0.020217731341488843,0.61,0.4212940561872923,0.7,0.25,10,10,0.42857142857142855,0.24404481519013643,49
image,0,2026-10-05T14:25:51,nodeGcor2,3.11.9,unknown,13156899,34,0,0,0.9992978572845459,random,attribution,5,49,0.003165680431020209,0.53,0.38120249620503754,0.03333333333333333,0.0,10,10,0.0,2.6123132556676865e-05,49
image,0,2026-10-05T14:25:51,nodeGcor2,3.11.9,unknown,13156899,35,0,0,0.9998908042907715,cam,attribution,5,45,0.0005695249658666532,0.49,0.33215768515668764,0.9666666666666666,0.6666666666666666,10,10,1.0,0.0037216232158243656,45
image,0,2026-10-05T14:25:51,nodeGcor2,3.11.9,unknown,13156899,35,0,0,0.9998908042907715,grad_cam,attribution,5,45,0.0005695249658666532,0.53,0.3311941561529729,1.0,0.6666666666666666,10,10,1.0,0.005743570625782013,45
image,0,2026-10-05T14:25:51,nodeGcor2,3.11.9,unknown,13156899,35,0,0,0.9998908042907715,lime,attribution,5,45,0.00011355924847979635,0.5,0.4502586767087995,0.8,0.25,10,10,0.6666666666666666,2.4489557929337025,45
image,0,2026-10-05T14:25:51,nodeGcor2,3.11.9,unknown,13156899,35,0,0,0.9998908042907715,kernel_shap,attribution,5,45,0.0,0.49,0.4984701970109422,0.8666666666666666,0.25,10,10,0.42857142857142855,0.2422871831804514,45
image,0,2026-10-05T14:25:51,nodeGcor2,3.11.9,unknown,13156899,35,0,0,0.9998908042907715,random,attribution,5,45,0.00019099413760066537,0.53,0.3847743504843969,0.09166666666666667,0.0,10,10,0.0,2.4895183742046356e-05,45
image,0,2026-10-05T14:25:51,nodeGcor2,3.11.9,unknown,13156899,36,0,0,0.9997833371162415,cam,attribution,5,45,0.01267373822277566,0.58,0.6523034836706585,1.0,0.42857142857142855,10,10,1.0,0.003718801774084568,45
image,0,2026-10-05T14:25:51,nodeGcor2,3.11.9,unknown,13156899,36,0,0,0.9997833371162415,grad_cam,attribution,5,45,0.01267373822277566,0.5,0.6499372699948709,1.0,0.42857142857142855,10,10,1.0,0.005753372795879841,45
image,0,2026-10-05T14:25:51,nodeGcor2,3.11.9,unknown,13156899,36,0,0,0.9997833371162415,lime,attribution,5,45,0.032240040783176736,0.55,0.607636479698205,1.0,0.25,10,10,0.6666666666666666,2.4418877121061087,45
image,0,2026-10-05T14:25:51,nodeGcor2,3.11.9,unknown,13156899,36,0,0,0.9997833371162415,kernel_shap,attribution,5,45,0.0032417641478269727,0.51,0.4790258929158381,0.9666666666666666,0.42857142857142855,10,10,0.6666666666666666,0.24244059901684523,45
image,0,2026-10-05T14:25:51,nodeGcor2,3.11.9,unknown,13156899,36,0,0,0.9997833371162415,random,attribution,5,45,0.0008116930056029174,0.48,0.3054254348727238,0.08888888888888888,0.0,10,10,0.1111111111111111,2.6088207960128784e-05,45
image,0,2026-10-05T14:25:51,nodeGcor2,3.11.9,unknown,13156899,37,0,0,0.9998931884765625,cam,attribution,5,42,0.014352541628451045,0.66,0.40693006592615555,1.0,0.6666666666666666,10,10,1.0,0.003597178030759096,42
image,0,2026-10-05T14:25:51,nodeGcor2,3.11.9,unknown,13156899,37,0,0,0.9998931884765625,grad_cam,attribution,5,42,0.014352541628451045,0.69,0.4066604927814004,1.0,0.6666666666666666,10,10,1.0,0.00573360500857234,42
image,0,2026-10-05T14:25:51,nodeGcor2,3.11.9,unknown,13156899,37,0,0,0.9998931884765625,lime,attribution,5,42,0.03439704005132269,0.7,0.6345691794010773,0.6666666666666667,0.42857142857142855,10,10,0.6666666666666666,2.4421316040679812,42
image,0,2026-10-05T14:25:51,nodeGcor2,3.11.9,unknown,13156899,37,0,0,0.9998931884765625,kernel_shap,attribution,5,42,0.016620680750521626,0.45,0.5562218758025607,0.6761904761904762,0.42857142857142855,10,10,0.6666666666666666,0.24163359915837646,42
image,0,2026-10-05T14:25:51,nodeGcor2,3.11.9,unknown,13156899,37,0,0,0.9998931884765625,random,attribution,5,42,0.0,0.56,0.37718275467395757,0.05833333333333333,0.0,10,10,0.0,2.6172958314418793e-05,42
image,0,2026-10-05T14:25:51,nodeGcor2,3.11.9,unknown,13156899,38,0,0,0.9999881982803345,cam,attribution,5,45,1.084817466944062e-05,0.77,0.3142617748356149,1.0,0.6666666666666666,10,10,1.0,0.0036327019333839417,45
image,0,2026-10-05T14:25:51,nodeGcor2,3.11.9,unknown,13156899,38,0,0,0.9999881982803345,grad_cam,attribution,5,45,1.084817466944062e-05,0.85,0.31417972836813546,1.0,0.6666666666666666,10,10,1.0,0.005762552842497826,45
image,0,2026-10-05T14:25:51,nodeGcor2,3.11.9,unknown,13156899,38,0,0,0.9999881982803345,lime,attribution,5,45,1.931213512581737e-05,0.68,0.44717568204081826,0.6666666666666667,0.1111111111111111,10,10,0.42857142857142855,2.4459170596674085,45
image,0,2026-10-05T14:25:51,nodeGcor2,3.11.9,unknown,13156899,38,0,0,0.9999881982803345,kernel_shap,attribution,5,45,0.0,0.62,0.4576303501497484,0.6857142857142857,0.42857142857142855,10,10,0.25,0.24193257791921496,45
image,0,2026-10-05T14:25:51,nodeGcor2,3.11.9,unknown,13156899,38,0,0,0.9999881982803345,random,attribution,5,45,0.0,0.56,0.37264234637188165,0.05833333333333333,0.0,10,10,0.0,2.6079826056957245e-05,45
image,0,2026-10-05T14:25:51,nodeGcor2,3.11.9,unknown,13156899,39,0,0,0.9999802112579346,cam,attribution,5,45,0.0008907493321466212,0.52,0.3995051278392935,1.0,0.6666666666666666,10,10,1.0,0.003630407154560089,45
image,0,2026-10-05T14:25:51,nodeGcor2,3.11.9,unknown,13156899,39,0,0,0.9999802112579346,grad_cam,attribution,5,45,0.0008907493321466212,0.5,0.39950512368271107,1.0,0.6666666666666666,10,10,1.0,0.005772730335593224,45
image,0,2026-10-05T14:25:51,nodeGcor2,3.11.9,unknown,13156899,39,0,0,0.9999802112579346,lime,attribution,5,45,0.0020665932879319797,0.49,0.5324379575672104,1.0,0.42857142857142855,10,10,1.0,2.4476346829906106,45
image,0,2026-10-05T14:25:51,nodeGcor2,3.11.9,unknown,13156899,39,0,0,0.9999802112579346,kernel_shap,attribution,5,45,0.0008229179121798884,0.56,0.5760231453242479,1.0,0.6666666666666666,10,10,0.6666666666666666,0.39712981740012765,45
image,0,2026-10-05T14:25:51,nodeGcor2,3.11.9,unknown,13156899,39,0,0,0.9999802112579346,random,attribution,5,45,7.12885573639828e-05,0.53,0.3813015825211996,0.09444444444444444,0.0,10,10,0.0,2.8399750590324402e-05,45
image,0,2026-10-05T14:25:51,nodeGcor2,3.11.9,unknown,13156899,40,0,0,0.9974370002746582,cam,attribution,5,40,0.013091244429534228,0.59,0.4429524582577008,1.0,0.42857142857142855,10,10,1.0,0.0036111539229750633,40
image,0,2026-10-05T14:25:51,nodeGcor2,3.11.9,unknown,13156899,40,0,0,0.9974370002746582,grad_cam,attribution,5,40,0.013091244429534228,0.64,0.4391761682212746,1.0,0.6666666666666666,10,10,1.0,0.005670744925737381,40
image,0,2026-10-05T14:25:51,nodeGcor2,3.11.9,unknown,13156899,40,0,0,0.9974370002746582,lime,attribution,5,40,0.0,0.71,0.5296740043121095,1.0,0.42857142857142855,10,10,1.0,2.4426973070949316,40
image,0,2026-10-05T14:25:51,nodeGcor2,3.11.9,unknown,13156899,40,0,0,0.9974370002746582,kernel_shap,attribution,5,40,0.0,0.58,0.43835849224045675,0.8666666666666666,0.25,10,10,0.6666666666666666,0.24137098295614123,40
image,0,2026-10-05T14:25:51,nodeGcor2,3.11.9,unknown,13156899,40,0,0,0.9974370002746582,random,attribution,5,40,0.004858900656247389,0.49,0.3732495849260118,0.04444444444444444,0.0,10,10,0.25,2.8273090720176697e-05,40
image,0,2026-10-05T14:25:51,nodeGcor2,3.11.9,unknown,13156899,41,0,0,0.9999843835830688,cam,attribution,5,48,0.0008095033222359672,0.58,0.3411537138369225,0.8,0.1111111111111111,10,10,1.0,0.003527561202645302,48
image,0,2026-10-05T14:25:51,nodeGcor2,3.11.9,unknown,13156899,41,0,0,0.9999843835830688,grad_cam,attribution,5,48,0.0008095033222359672,0.47,0.34115371442998543,0.8666666666666666,0.25,10,10,1.0,0.005810579285025597,48
image,0,2026-10-05T14:25:51,nodeGcor2,3.11.9,unknown,13156899,41,0,0,0.9999843835830688,lime,attribution,5,48,0.0038466458214047677,0.46,0.4573200359048142,0.5714285714285714,0.1111111111111111,10,10,0.42857142857142855,2.4251950941979885,48
image,0,2026-10-05T14:25:51,nodeGcor2,3.11.9,unknown,13156899,41,0,0,0.9999843835830688,kernel_shap,attribution,5,48,2.265011872834604e-06,0.52,0.42843997217044705,0.7333333333333334,0.1111111111111111,10,10,0.6666666666666666,0.24412561068311334,48
image,0,2026-10-05T14:25:51,nodeGcor2,3.11.9,unknown,13156899,41,0,0,0.9999843835830688,random,attribution,5,48,0.00020152645110667883,0.51,0.279870704695633,0.08055555555555556,0.0,10,10,0.0,2.698507159948349e-05,48
image,0,2026-10-05T14:25:51,nodeGcor2,3.11.9,unknown,13156899,42,0,0,0.9989274144172668,cam,attribution,5,48,0.00010728422281680038,0.46,0.5298572869738336,1.0,0.6666666666666666,10,10,1.0,0.0036008362658321857,48
image,0,2026-10-05T14:25:51,nodeGcor2,3.11.9,unknown,13156899,42,0,0,0.9989274144172668,grad_cam,attribution,5,48,0.00010728422281680038,0.43,0.5388382026895295,1.0,0.6666666666666666,10,10,1.0,0.00582031300291419,48
image,0,2026-10-05T14:25:51,nodeGcor2,3.11.9,unknown,13156899,42,0,0,0.9989274144172668,lime,attribution,5,48,0.0275240120050926,0.59,0.5383731011085982,0.9666666666666666,0.0,10,10,1.0,2.4309406061656773,48
image,0,2026-10-05T14:25:51,nodeGcor2,3.11.9,unknown,13156899,42,0,0,0.9989274144172668,kernel_shap,attribution,5,48,0.0,0.52,0.4321910825539421,0.7333333333333334,0.1111111111111111,10,10,0.42857142857142855,0.24371102824807167,48
image,0,2026-10-05T14:25:51,nodeGcor2,3.11.9,unknown,13156899,42,0,0,0.9989274144172668,random,attribution,5,48,0.0,0.49,0.346919162323703,0.03333333333333333,0.0,10,10,0.0,2.6310328394174576e-05,48
image,0,2026-10-05T14:25:51,nodeGcor2,3.11.9,unknown,13156899,43,0,0,0.8486948609352112,cam,attribution,5,46,0.015066437933133227,0.45,0.37769871364179075,0.9333333333333332,0.1111111111111111,10,10,1.0,0.0036148088984191418,46
image,0,2026-10-05T14:25:51,nodeGcor2,3.11.9,unknown,13156899,43,0,0,0.8486948609352112,grad_cam,attribution,5,46,0.015066437933133227,0.48,0.37645654820129093,0.8761904761904761,0.1111111111111111,10,10,1.0,0.005836365278810263,46
image,0,2026-10-05T14:25:51,nodeGcor2,3.11.9,unknown,13156899,43,0,0,0.8486948609352112,lime,attribution,5,46,0.25723715343898845,0.55,0.5230550212861782,0.7666666666666667,0.42857142857142855,10,10,1.0,2.4372091088443995,46
image,0,2026-10-05T14:25:51,nodeGcor2,3.11.9,unknown,13156899,43,0,0,0.8486948609352112,kernel_shap,attribution,5,46,0.25723715343898845,0.54,0.5308510074417163,0.6666666666666667,0.42857142857142855,10,10,0.6666666666666666,0.24321012198925018,46
image,0,2026-10-05T14:25:51,nodeGcor2,3.11.9,unknown,13156899,43,0,0,0.8486948609352112,random,attribution,5,46,0.0,0.51,0.280965536790725,0.04722222222222222,0.0,10,10,0.1111111111111111,2.779019996523857e-05,46
image,0,2026-10-05T14:25:51,nodeGcor2,3.11.9,unknown,13156899,44,0,0,0.8307098746299744,cam,attribution,5,46,0.09803491478952783,0.45,0.35866784467397383,0.5952380952380952,0.25,10,10,1.0,0.0035178069956600666,46
image,0,2026-10-05T14:25:51,nodeGcor2,3.11.9,unknown,13156899,44,0,0,0.8307098746299744,grad_cam,attribution,5,46,0.09803491478952783,0.38,0.35660308245708605,0.7761904761904762,0.25,10,10,1.0,0.005895370151847601,46
image,0,2026-10-05T14:25:51,nodeGcor2,3.11.9,unknown,13156899,44,0,0,0.8307098746299744,lime,attribution,5,46,0.19847072182899758,0.52,0.53076985181506,0.5869047619047619,0.1111111111111111,10,10,0.6666666666666666,2.4310299050994217,46
image,0,2026-10-05T14:25:51,nodeGcor2,3.11.9,unknown,13156899,44,0,0,0.8307098746299744,kernel_shap,attribution,5,46,0.004525395959589872,0.52,0.4146420375316775,0.6761904761904762,0.1111111111111111,10,10,0.25,0.2433119360357523,46
image,0,2026-10-05T14:25:51,nodeGcor2,3.11.9,unknown,13156899,44,0,0,0.8307098746299744,random,attribution,5,46,0.12596536877420822,0.55,0.37221721615304504,0.10555555555555556,0.0,10,10,0.0,3.1540170311927795e-05,46
image,0,2026-10-05T14:25:51,nodeGcor2,3.11.9,unknown,13156899,45,0,0,0.9848434329032898,cam,attribution,5,38,0.19310207715384956,0.54,0.4300271493861565,1.0,0.1111111111111111,10,10,1.0,0.0036477819085121155,38
image,0,2026-10-05T14:25:51,nodeGcor2,3.11.9,unknown,13156899,45,0,0,0.9848434329032898,grad_cam,attribution,5,38,0.19310207715384956,0.55,0.4105207530520991,1.0,0.1111111111111111,10,10,1.0,0.005853819660842419,38
image,0,2026-10-05T14:25:51,nodeGcor2,3.11.9,unknown,13156899,45,0,0,0.9848434329032898,lime,attribution,5,38,0.10103146566411005,0.6,0.5670375101744322,0.9333333333333332,0.42857142857142855,10,10,1.0,2.4206452379003167,38
image,0,2026-10-05T14:25:51,nodeGcor2,3.11.9,unknown,13156899,45,0,0,0.9848434329032898,kernel_shap,attribution,5,38,0.05281778408275934,0.45,0.58413029908267,0.9666666666666666,0.6666666666666666,10,10,1.0,0.24168843496590853,38
image,0,2026-10-05T14:25:51,nodeGcor2,3.11.9,unknown,13156899,45,0,0,0.9848434329032898,random,attribution,5,38,0.03329698016533227,0.53,0.2656172695136728,0.11507936507936509,0.0,10,10,0.0,2.7238857001066208e-05,38
image,0,2026-10-05T14:25:51,nodeGcor2,3.11.9,unknown,13156899,46,0,0,0.7544507384300232,cam,attribution,5,44,0.39865970684174235,0.56,0.40242744871962677,1.0,0.0,10,10,1.0,0.003787569236010313,44
image,0,2026-10-05T14:25:51,nodeGcor2,3.11.9,unknown,13156899,46,0,0,0.7544507384300232,grad_cam,attribution,5,44,0.39865970684174235,0.49,0.5246808361699475,1.0,0.0,10,10,1.0,0.005836002063006163,44
image,0,2026-10-05T14:25:51,nodeGcor2,3.11.9,unknown,13156899,46,0,0,0.7544507384300232,lime,attribution,5,44,0.0,0.49,0.4555225712716998,0.6761904761904762,0.25,10,10,1.0,2.431341274175793,44
image,0,2026-10-05T14:25:51,nodeGcor2,3.11.9,unknown,13156899,46,0,0,0.7544507384300232,kernel_shap,attribution,5,44,0.0,0.44,0.4828449432753844,0.7857142857142857,0.25,10,10,0.6666666666666666,0.2438669721595943,44
image,0,2026-10-05T14:25:51,nodeGcor2,3.11.9,unknown,13156899,46,0,0,0.7544507384300232,random,attribution,5,44,0.16449738512633783,0.49,0.37122723865313556,0.1484126984126984,0.0,10,10,0.1111111111111111,2.7892179787158966e-05,44
image,0,2026-10-05T14:25:51,nodeGcor2,3.11.9,unknown,13156899,47,0,0,0.9997124075889587,cam,attribution,5,45,0.0003316759868433801,0.45,0.2296377679145578,1.0,0.25,10,10,1.0,0.0036503192968666553,45
image,0,2026-10-05T14:25:51,nodeGcor2,3.11.9,unknown,13156899,47,0,0,0.9997124075889587,grad_cam,attribution,5,45,0.0003316759868433801,0.48,0.2296377686356047,1.0,0.42857142857142855,10,10,1.0,0.0058463080786168575,45
image,0,2026-10-05T14:25:51,nodeGcor2,3.11.9,unknown,13156899,47,0,0,0.9997124075889587,lime,attribution,5,45,0.0006453461947856815,0.51,0.4377218946409456,0.9,0.25,10,10,0.6666666666666666,2.427170635201037,45
image,0,2026-10-05T14:25:51,nodeGcor2,3.11.9,unknown,13156899,47,0,0,0.9997124075889587,kernel_shap,attribution,5,45,0.00012997549008063428,0.64,0.4409228910572234,0.7666666666666667,0.25,10,10,0.1111111111111111,0.2445710552856326,45
image,0,2026-10-05T14:25:51,nodeGcor2,3.11.9,unknown,13156899,47,0,0,0.9997124075889587,random,attribution,5,45,0.0004771531408785854,0.5,0.36583009437871206,0.08333333333333334,0.0,10,10,0.1111111111111111,2.5266781449317932e-05,45
image,0,2026-10-05T14:25:51,nodeGcor2,3.11.9,unknown,13156899,48,0,0,0.9999971389770508,cam,attribution,5,47,3.516684103061971e-05,0.49,0.4007753185122116,1.0,0.42857142857142855,10,10,1.0,0.0036156591959297657,47
image,0,2026-10-05T14:25:51,nodeGcor2,3.11.9,unknown,13156899,48,0,0,0.9999971389770508,grad_cam,attribution,5,47,3.516684103061971e-05,0.53,0.400775315170841,1.0,0.42857142857142855,10,10,1.0,0.005808084271848202,47
image,0,2026-10-05T14:25:51,nodeGcor2,3.11.9,unknown,13156899,48,0,0,0.9999971389770508,lime,attribution,5,47,0.00016903925620819914,0.55,0.3982951197389838,0.6285714285714286,0.1111111111111111,10,10,0.42857142857142855,2.430490223225206,47
image,0,2026-10-05T14:25:51,nodeGcor2,3.11.9,unknown,13156899,48,0,0,0.9999971389770508,kernel_shap,attribution,5,47,7.164498799797439e-05,0.45,0.4806074940973126,0.8333333333333334,0.25,10,10,0.6666666666666666,0.2447266378439963,47
image,0,2026-10-05T14:25:51,nodeGcor2,3.11.9,unknown,13156899,48,0,0,0.9999971389770508,random,attribution,5,47,0.0,0.5,0.2982442038948552,0.08055555555555555,0.0,10,10,0.1111111111111111,3.1989067792892456e-05,47
image,0,2026-10-05T14:25:51,nodeGcor2,3.11.9,unknown,13156899,49,0,0,0.9849746823310852,cam,attribution,5,43,0.7072941704003312,0.49,0.47862741164823375,1.0,0.6666666666666666,10,10,1.0,0.003542905207723379,43
image,0,2026-10-05T14:25:51,nodeGcor2,3.11.9,unknown,13156899,49,0,0,0.9849746823310852,grad_cam,attribution,5,43,0.7072941704003312,0.36,0.5050028022278326,1.0,0.25,10,10,1.0,0.005913987290114164,43
image,0,2026-10-05T14:25:51,nodeGcor2,3.11.9,unknown,13156899,49,0,0,0.9849746823310852,lime,attribution,5,43,0.8512739238937582,0.52,0.6085876640871656,0.8,0.25,10,10,0.6666666666666666,2.4281789120286703,43
image,0,2026-10-05T14:25:51,nodeGcor2,3.11.9,unknown,13156899,49,0,0,0.9849746823310852,kernel_shap,attribution,5,43,0.7990265846591775,0.51,0.5237183212589789,0.7666666666666667,0.1111111111111111,10,10,0.42857142857142855,0.24217821983620524,43
image,0,2026-10-05T14:25:51,nodeGcor2,3.11.9,unknown,13156899,49,0,0,0.9849746823310852,random,attribution,5,43,0.0762597638048764,0.41,0.34868044774855733,0.06666666666666668,0.0,10,10,0.0,2.6361551135778427e-05,43
image,0,2026-10-05T14:25:51,nodeGcor2,3.11.9,unknown,13156899,50,0,0,0.9999942779541016,cam,attribution,5,44,9.989795626424559e-05,0.69,0.35171472141801496,1.0,1.0,10,10,1.0,0.003588832914829254,44
image,0,2026-10-05T14:25:51,nodeGcor2,3.11.9,unknown,13156899,50,0,0,0.9999942779541016,grad_cam,attribution,5,44,9.989795626424559e-05,0.72,0.3517147234434179,1.0,0.6666666666666666,10,10,1.0,0.005826251115649939,44
image,0,2026-10-05T14:25:51,nodeGcor2,3.11.9,unknown,13156899,50,0,0,0.9999942779541016,lime,attribution,5,44,0.0017961962482237715,0.65,0.5465435084766519,1.0,0.6666666666666666,10,10,0.6666666666666666,2.431146652903408,44
image,0,2026-10-05T14:25:51,nodeGcor2,3.11.9,unknown,13156899,50,0,0,0.9999942779541016,kernel_shap,attribution,5,44,1.2278627082598205e-05,0.66,0.4879265463035912,0.7095238095238096,0.25,10,10,0.1111111111111111,0.24228529399260879,44
image,0,2026-10-05T14:25:51,nodeGcor2,3.11.9,unknown,13156899,50,0,0,0.9999942779541016,random,attribution,5,44,0.0,0.48,0.23645284744440054,0.12619047619047621,0.0,10,10,0.25,2.8457026928663254e-05,44
image,0,2026-10-05T14:25:51,nodeGcor2,3.11.9,unknown,13156899,51,0,0,0.999987006187439,cam,attribution,5,45,0.0012142219960925072,0.55,0.4714975336178171,1.0,0.42857142857142855,10,10,1.0,0.0036269472911953926,45
image,0,2026-10-05T14:25:51,nodeGcor2,3.11.9,unknown,13156899,51,0,0,0.999987006187439,grad_cam,attribution,5,45,0.0012142219960925072,0.69,0.4700484783308366,1.0,0.42857142857142855,10,10,1.0,0.005797510035336018,45
image,0,2026-10-05T14:25:51,nodeGcor2,3.11.9,unknown,13156899,51,0,0,0.999987006187439,lime,attribution,5,45,0.0033848725499043392,0.6,0.4702468263837978,0.6666666666666667,0.6666666666666666,10,10,0.6666666666666666,2.4272499289363623,45
image,0,2026-10-05T14:25:51,nodeGcor2,3.11.9,unknown,13156899,51,0,0,0.999987006187439,kernel_shap,attribution,5,45,0.00036359305758992166,0.51,0.4606091656176776,0.9333333333333332,0.25,10,10,0.42857142857142855,0.24307694286108017,45
image,0,2026-10-05T14:25:51,nodeGcor2,3.11.9,unknown,13156899,51,0,0,0.999987006187439,random,attribution,5,45,0.0,0.55,0.293243836086719,0.10119047619047619,0.0,10,10,0.1111111111111111,2.7748290449380875e-05,45
image,0,2026-10-05T14:25:51,nodeGcor2,3.11.9,unknown,13156899,52,0,0,0.9999890327453613,cam,attribution,5,46,0.003959222346360191,0.54,0.46934532093353454,1.0,1.0,10,10,1.0,0.0035731210373342037,46
image,0,2026-10-05T14:25:51,nodeGcor2,3.11.9,unknown,13156899,52,0,0,0.9999890327453613,grad_cam,attribution,5,46,0.003959222346360191,0.51,0.469345317866547,1.0,0.6666666666666666,10,10,1.0,0.005779135040938854,46
image,0,2026-10-05T14:25:51,nodeGcor2,3.11.9,unknown,13156899,52,0,0,0.9999890327453613,lime,attribution,5,46,0.003930611803088889,0.51,0.5053761227053004,0.9333333333333332,0.25,10,10,0.6666666666666666,2.4325449466705322,46
image,0,2026-10-05T14:25:51,nodeGcor2,3.11.9,unknown,13156899,52,0,0,0.9999890327453613,kernel_shap,attribution,5,46,0.00369910482378528,0.57,0.4883066599622934,0.8333333333333334,0.25,10,10,0.42857142857142855,0.24368937266990542,46
image,0,2026-10-05T14:25:51,nodeGcor2,3.11.9,unknown,13156899,52,0,0,0.9999890327453613,random,attribution,5,46,7.152635817825227e-07,0.45,0.27968866689340877,0.02222222222222222,0.0,10,10,0.25,3.174133598804474e-05,46
image,0,2026-10-05T14:25:51,nodeGcor2,3.11.9,unknown,13156899,53,0,0,0.9997419714927673,cam,attribution,5,41,0.0009249450109638239,0.53,0.4236410375033568,1.0,0.6666666666666666,10,10,1.0,0.0037021199241280556,41
image,0,2026-10-05T14:25:51,nodeGcor2,3.11.9,unknown,13156899,53,0,0,0.9997419714927673,grad_cam,attribution,5,41,0.0009249450109638239,0.52,0.4246771599683593,1.0,1.0,10,10,1.0,0.005823134910315275,41
image,0,2026-10-05T14:25:51,nodeGcor2,3.11.9,unknown,13156899,53,0,0,0.9997419714927673,lime,attribution,5,41,0.0006204059419936542,0.5,0.48294479120378,0.9333333333333332,0.25,10,10,0.6666666666666666,2.4307659519836307,41
image,0,2026-10-05T14:25:51,nodeGcor2,3.11.9,unknown,13156899,53,0,0,0.9997419714927673,kernel_shap,attribution,5,41,0.0,0.64,0.45271345997362955,0.9666666666666666,0.42857142857142855,10,10,0.1111111111111111,0.2409044993110001,41
image,0,2026-10-05T14:25:51,nodeGcor2,3.11.9,unknown,13156899,53,0,0,0.9997419714927673,random,attribution,5,41,0.0001396300899624388,0.51,0.3469525519273988,0.05555555555555556,0.0,10,10,0.0,2.708379179239273e-05,41
image,0,2026-10-05T14:25:51,nodeGcor2,3.11.9,unknown,13156899,54,0,0,0.9999994039535522,cam,attribution,5,44,0.01770866972724779,0.55,0.44134119652847803,1.0,0.6666666666666666,10,10,1.0,0.0035717361606657505,44
image,0,2026-10-05T14:25:51,nodeGcor2,3.11.9,unknown,13156899,54,0,0,0.9999994039535522,grad_cam,attribution,5,44,0.01770866972724779,0.61,0.4413411975740448,1.0,0.6666666666666666,10,10,1.0,0.005791991949081421,44
image,0,2026-10-05T14:25:51,nodeGcor2,3.11.9,unknown,13156899,54,0,0,0.9999994039535522,lime,attribution,5,44,0.01878441499734819,0.59,0.5010084878510224,0.7,0.42857142857142855,10,10,0.6666666666666666,2.42559717874974,44
image,0,2026-10-05T14:25:51,nodeGcor2,3.11.9,unknown,13156899,54,0,0,0.9999994039535522,kernel_shap,attribution,5,44,0.0018396984575381622,0.55,0.3944110726910728,0.6428571428571429,0.25,10,10,0.1111111111111111,0.24083106312900782,44
image,0,2026-10-05T14:25:51,nodeGcor2,3.11.9,unknown,13156899,54,0,0,0.9999994039535522,random,attribution,5,44,3.5762808181529153e-07,0.52,0.34017117432426336,0.08055555555555556,0.0,10,10,0.0,2.7324073016643524e-05,44
image,0,2026-10-05T14:25:51,nodeGcor2,3.11.9,unknown,13156899,55,0,0,0.9986976385116577,cam,attribution,5,48,0.006595144466333961,0.48,0.3107901625258769,0.9333333333333332,0.25,10,10,1.0,0.0036148070357739925,48
image,0,2026-10-05T14:25:51,nodeGcor2,3.11.9,unknown,13156899,55,0,0,0.9986976385116577,grad_cam,attribution,5,48,0.006595144466333961,0.49,0.31059620711377234,1.0,0.25,10,10,1.0,0.0057695298455655575,48
image,0,2026-10-05T14:25:51,nodeGcor2,3.11.9,unknown,13156899,55,0,0,0.9986976385116577,lime,attribution,5,48,0.008631985579298609,0.57,0.5799600125601043,0.8666666666666666,0.25,10,10,0.6666666666666666,2.4280312811024487,48
image,0,2026-10-05T14:25:51,nodeGcor2,3.11.9,unknown,13156899,55,0,0,0.9986976385116577,kernel_shap,attribution,5,48,0.009274406985180918,0.6,0.44189321541368665,0.8333333333333333,0.42857142857142855,10,10,0.6666666666666666,0.2414991520345211,48
image,0,2026-10-05T14:25:51,nodeGcor2,3.11.9,unknown,13156899,55,0,0,0.9986976385116577,random,attribution,5,48,0.0,0.49,0.4149308718303424,0.06944444444444445,0.0,10,10,0.0,3.071501851081848e-05,48
image,0,2026-10-05T14:25:51,nodeGcor2,3.11.9,unknown,13156899,56,0,0,0.9999909400939941,cam,attribution,5,48,0.0013092278839730242,0.6,0.4899293966855459,1.0,0.6666666666666666,10,10,1.0,0.0035975216887891293,48
image,0,2026-10-05T14:25:51,nodeGcor2,3.11.9,unknown,13156899,56,0,0,0.9999909400939941,grad_cam,attribution,5,48,0.0013092278839730242,0.6,0.4898646715458761,1.0,0.6666666666666666,10,10,1.0,0.005786934867501259,48
image,0,2026-10-05T14:25:51,nodeGcor2,3.11.9,unknown,13156899,56,0,0,0.9999909400939941,lime,attribution,5,48,0.01652148433122744,0.56,0.5962553878316786,0.8666666666666666,0.25,10,10,1.0,2.4251419263891876,48
image,0,2026-10-05T14:25:51,nodeGcor2,3.11.9,unknown,13156899,56,0,0,0.9999909400939941,kernel_shap,attribution,5,48,0.0006780685822024641,0.53,0.4518624878880093,0.7761904761904761,0.25,10,10,0.25,0.2427671100012958,48
image,0,2026-10-05T14:25:51,nodeGcor2,3.11.9,unknown,13156899,56,0,0,0.9999909400939941,random,attribution,5,48,1.0609722893111692e-05,0.51,0.30153161537861317,0.07777777777777779,0.0,10,10,0.1111111111111111,2.4285167455673218e-05,48
image,0,2026-10-05T14:25:51,nodeGcor2,3.11.9,unknown,13156899,57,0,0,0.9999897480010986,cam,attribution,5,45,0.00026172667843035995,0.53,0.42601787943743696,1.0,0.6666666666666666,10,10,1.0,0.0036507328040897846,45
image,0,2026-10-05T14:25:51,nodeGcor2,3.11.9,unknown,13156899,57,0,0,0.9999897480010986,grad_cam,attribution,5,45,0.00026172667843035995,0.56,0.4218844623440665,1.0,0.6666666666666666,10,10,1.0,0.005834416951984167,45
image,0,2026-10-05T14:25:51,nodeGcor2,3.11.9,unknown,13156899,57,0,0,0.9999897480010986,lime,attribution,5,45,0.0020742032982687536,0.64,0.5848846684368065,1.0,0.6666666666666666,10,10,0.6666666666666666,2.4283094317652285,45
image,0,2026-10-05T14:25:51,nodeGcor2,3.11.9,unknown,13156899,57,0,0,0.9999897480010986,kernel_shap,attribution,5,45,4.112762653540159e-05,0.7,0.5021029308667184,0.8333333333333333,0.25,10,10,0.42857142857142855,0.24248523684218526,45
image,0,2026-10-05T14:25:51,nodeGcor2,3.11.9,unknown,13156899,57,0,0,0.9999897480010986,random,attribution,5,45,4.291578421085383e-06,0.51,0.4079839551443053,0.04444444444444444,0.0,10,10,0.1111111111111111,2.6941299438476562e-05,45
image,0,2026-10-05T14:25:51,nodeGcor2,3.11.9,unknown,13156899,58,0,0,0.999998927116394,cam,attribution,5,40,3.743175707886383e-05,0.53,0.2670528736629598,0.8666666666666666,0.0,10,10,1.0,0.0035437699407339096,40
image,0,2026-10-05T14:25:51,nodeGcor2,3.11.9,unknown,13156899,58,0,0,0.999998927116394,grad_cam,attribution,5,40,3.743175707886383e-05,0.5,0.26705287125324517,0.8,0.0,10,10,1.0,0.005811457056552172,40
image,0,2026-10-05T14:25:51,nodeGcor2,3.11.9,unknown,13156899,58,0,0,0.999998927116394,lime,attribution,5,40,4.708771989220131e-05,0.49,0.34672959774671597,0.7666666666666667,0.25,10,10,0.6666666666666666,2.4426234336569905,40
image,0,2026-10-05T14:25:51,nodeGcor2,3.11.9,unknown,13156899,58,0,0,0.999998927116394,kernel_shap,attribution,5,40,5.006795532841658e-06,0.52,0.4723846802158008,0.9333333333333332,0.25,10,10,0.0,0.24098838632926345,40
image,0,2026-10-05T14:25:51,nodeGcor2,3.11.9,unknown,13156899,58,0,0,0.999998927116394,random,attribution,5,40,2.4437930576965237e-05,0.41,0.27731831797011197,0.07777777777777779,0.0,10,10,0.1111111111111111,2.6158057153224945e-05,40
image,0,2026-10-05T14:25:51,nodeGcor2,3.11.9,unknown,13156899,59,0,0,0.9999998807907104,cam,attribution,5,38,2.503395378994391e-06,0.59,0.1715903544685925,0.9666666666666666,0.0,10,10,1.0,0.0035834391601383686,38
image,0,2026-10-05T14:25:51,nodeGcor2,3.11.9,unknown,13156899,59,0,0,0.9999998807907104,grad_cam,attribution,5,38,2.503395378994391e-06,0.63,0.17159035128924416,1.0,0.0,10,10,1.0,0.00577562628313899,38
image,0,2026-10-05T14:25:51,nodeGcor2,3.11.9,unknown,13156899,59,0,0,0.9999998807907104,lime,attribution,5,38,0.00012111665262182386,0.47,0.4845840907699728,1.0,0.1111111111111111,10,10,0.6666666666666666,2.4238018509931862,38
image,0,2026-10-05T14:25:51,nodeGcor2,3.11.9,unknown,13156899,59,0,0,0.9999998807907104,kernel_shap,attribution,5,38,8.630753592342567e-05,0.52,0.4494677364651011,0.7333333333333333,0.0,10,10,0.42857142857142855,0.23989918315783143,38
image,0,2026-10-05T14:25:51,nodeGcor2,3.11.9,unknown,13156899,59,0,0,0.9999998807907104,random,attribution,5,38,8.344651263314636e-07,0.49,0.3855657774912812,0.08055555555555556,0.0,10,10,0.0,2.6518944650888443e-05,38
image,0,2026-10-05T14:25:51,nodeGcor2,3.11.9,unknown,13156899,60,0,0,0.9999940395355225,cam,attribution,5,45,9.298380007624671e-06,0.5,0.33033785568735985,1.0,0.1111111111111111,10,10,1.0,0.003616045229136944,45
image,0,2026-10-05T14:25:51,nodeGcor2,3.11.9,unknown,13156899,60,0,0,0.9999940395355225,grad_cam,attribution,5,45,9.298380007624671e-06,0.47,0.3303214598423113,0.9666666666666666,0.25,10,10,1.0,0.0057428511790931225,45
image,0,2026-10-05T14:25:51,nodeGcor2,3.11.9,unknown,13156899,60,0,0,0.9999940395355225,lime,attribution,5,45,6.902259005659853e-05,0.53,0.4733954630996665,0.9333333333333332,0.42857142857142855,10,10,0.6666666666666666,2.4350130362436175,45
image,0,2026-10-05T14:25:51,nodeGcor2,3.11.9,unknown,13156899,60,0,0,0.9999940395355225,kernel_shap,attribution,5,45,1.89543900155426e-05,0.43,0.5175438168970514,0.8666666666666666,0.25,10,10,0.6666666666666666,0.24074341589584947,45
image,0,2026-10-05T14:25:51,nodeGcor2,3.11.9,unknown,13156899,60,0,0,0.9999940395355225,random,attribution,5,45,4.5299800037145835e-06,0.5,0.2971669791631122,0.03333333333333333,0.0,10,10,0.1111111111111111,2.6532914489507675e-05,45
image,0,2026-10-05T14:25:51,nodeGcor2,3.11.9,unknown,13156899,61,0,0,0.9999996423721313,cam,attribution,5,48,1.4543538526369998e-05,0.46,0.4361319760642566,0.8333333333333334,0.6666666666666666,10,10,1.0,0.0036485660821199417,48
image,0,2026-10-05T14:25:51,nodeGcor2,3.11.9,unknown,13156899,61,0,0,0.9999996423721313,grad_cam,attribution,5,48,1.4543538526369998e-05,0.47,0.4361319716612806,0.7666666666666667,0.42857142857142855,10,10,1.0,0.00575021468102932,48
image,0,2026-10-05T14:25:51,nodeGcor2,3.11.9,unknown,13156899,61,0,0,0.9999996423721313,lime,attribution,5,48,0.0005517603940106847,0.51,0.49390850392122043,0.8333333333333333,0.25,10,10,0.6666666666666666,2.4309741114266217,48
image,0,2026-10-05T14:25:51,nodeGcor2,3.11.9,unknown,13156899,61,0,0,0.9999996423721313,kernel_shap,attribution,5,48,5.960466609168032e-07,0.47,0.4457996990182316,0.9333333333333332,0.25,10,10,0.42857142857142855,0.24221729207783937,48
image,0,2026-10-05T14:25:51,nodeGcor2,3.11.9,unknown,13156899,61,0,0,0.9999996423721313,random,attribution,5,48,1.1920933218336064e-07,0.47,0.36130140412081735,0.09166666666666665,0.0,10,10,0.1111111111111111,2.549588680267334e-05,48
image,0,2026-10-05T14:25:51,nodeGcor2,3.11.9,unknown,13156899,62,0,0,0.9994631409645081,cam,attribution,5,48,0.011817176290457561,0.49,0.39481295327692667,0.8,0.1111111111111111,10,10,1.0,0.0036432859487831593,48
image,0,2026-10-05T14:25:51,nodeGcor2,3.11.9,unknown,13156899,62,0,0,0.9994631409645081,grad_cam,attribution,5,48,0.011817176290457561,0.49,0.39481295406030625,0.7666666666666667,0.1111111111111111,10,10,1.0,0.005758360959589481,48
image,0,2026-10-05T14:25:51,nodeGcor2,3.11.9,unknown,13156899,62,0,0,0.9994631409645081,lime,attribution,5,48,0.10571450671058148,0.47,0.5521691651560592,0.6857142857142857,0.25,10,10,0.6666666666666666,2.4315785448998213,48
image,0,2026-10-05T14:25:51,nodeGcor2,3.11.9,unknown,13156899,62,0,0,0.9994631409645081,kernel_shap,attribution,5,48,0.07460184054132404,0.52,0.4686667531862385,0.8333333333333333,0.25,10,10,0.42857142857142855,0.23963136598467827,48
image,0,2026-10-05T14:25:51,nodeGcor2,3.11.9,unknown,13156899,62,0,0,0.9994631409645081,random,attribution,5,48,0.0004235393156542147,0.54,0.31822823220126173,0.01111111111111111,0.0,10,10,0.0,2.6773661375045776e-05,48
image,0,2026-10-05T14:25:51,nodeGcor2,3.11.9,unknown,13156899,63,0,0,0.9982067346572876,cam,attribution,5,48,0.35953151375787973,0.58,0.5805901805504116,1.0,1.0,10,10,1.0,0.0035096039064228535,48
image,0,2026-10-05T14:25:51,nodeGcor2,3.11.9,unknown,13156899,63,0,0,0.9982067346572876,grad_cam,attribution,5,48,0.35953151375787973,0.56,0.5924129105501257,1.0,1.0,10,10,1.0,0.005689867306500673,48
image,0,2026-10-05T14:25:51,nodeGcor2,3.11.9,unknown,13156899,63,0,0,0.9982067346572876,lime,attribution,5,48,0.5474811206457465,0.56,0.4822344600653079,0.8666666666666666,0.25,10,10,0.6666666666666666,2.4376742909662426,48
image,0,2026-10-05T14:25:51,nodeGcor2,3.11.9,unknown,13156899,63,0,0,0.9982067346572876,kernel_shap,attribution,5,48,0.5994934654475125,0.45,0.4870650708098214,0.6666666666666667,0.25,10,10,0.42857142857142855,0.2430333192460239,48
image,0,2026-10-05T14:25:51,nodeGcor2,3.11.9,unknown,13156899,63,0,0,0.9982067346572876,random,attribution,5,48,0.004025167297321989,0.45,0.3157115293489404,0.08055555555555556,0.0,10,10,0.0,2.611568197607994e-05,48
image,0,2026-10-05T14:25:51,nodeGcor2,3.11.9,unknown,13156899,65,0,0,0.9635007977485657,cam,attribution,5,40,0.17017830817974136,0.43,0.4611623606939518,0.8999999999999998,0.42857142857142855,10,10,1.0,0.0034239841625094414,40
image,0,2026-10-05T14:25:51,nodeGcor2,3.11.9,unknown,13156899,65,0,0,0.9635007977485657,grad_cam,attribution,5,40,0.17017830817974136,0.49,0.4729185890966039,0.8,0.42857142857142855,10,10,1.0,0.006210143677890301,40
image,0,2026-10-05T14:25:51,nodeGcor2,3.11.9,unknown,13156899,65,0,0,0.9635007977485657,lime,attribution,5,40,0.3112142450553829,0.51,0.4651216393768264,1.0,0.25,10,10,0.42857142857142855,2.4380594938993454,40
image,0,2026-10-05T14:25:51,nodeGcor2,3.11.9,unknown,13156899,65,0,0,0.9635007977485657,kernel_shap,attribution,5,40,0.08393276381174002,0.47,0.5064286983022144,0.8333333333333333,0.42857142857142855,10,10,0.6666666666666666,0.24859990132972598,40
image,0,2026-10-05T14:25:51,nodeGcor2,3.11.9,unknown,13156899,65,0,0,0.9635007977485657,random,attribution,5,40,0.0033159299442288535,0.5,0.3529471459723249,0.0873015873015873,0.0,10,10,0.0,2.7231872081756592e-05,40
image,0,2026-10-05T14:25:51,nodeGcor2,3.11.9,unknown,13156899,66,0,0,0.9998756647109985,cam,attribution,5,40,0.004790007588614813,0.55,0.4611649104453812,1.0,0.42857142857142855,10,10,1.0,0.003523583058267832,40
image,0,2026-10-05T14:25:51,nodeGcor2,3.11.9,unknown,13156899,66,0,0,0.9998756647109985,grad_cam,attribution,5,40,0.004790007588614813,0.59,0.47430115139644713,1.0,0.6666666666666666,10,10,1.0,0.006539400201290846,40
image,0,2026-10-05T14:25:51,nodeGcor2,3.11.9,unknown,13156899,66,0,0,0.9998756647109985,lime,attribution,5,40,0.12204406165555796,0.52,0.5705007684014417,1.0,0.42857142857142855,10,10,1.0,2.4316392028704286,40
image,0,2026-10-05T14:25:51,nodeGcor2,3.11.9,unknown,13156899,66,0,0,0.9998756647109985,kernel_shap,attribution,5,40,0.0345240245530139,0.59,0.4519998298058354,0.7666666666666667,0.25,10,10,0.42857142857142855,0.2381439278833568,40
image,0,2026-10-05T14:25:51,nodeGcor2,3.11.9,unknown,13156899,66,0,0,0.9998756647109985,random,attribution,5,40,0.0002623526613504635,0.32,0.3346833003540044,0.04444444444444444,0.0,10,10,0.1111111111111111,2.5093089789152145e-05,40
image,0,2026-10-05T14:25:51,nodeGcor2,3.11.9,unknown,13156899,67,0,0,0.9995623230934143,cam,attribution,5,42,0.004136167280455851,0.54,0.41202528304390196,0.9,0.6666666666666666,10,10,1.0,0.003446647897362709,42
image,0,2026-10-05T14:25:51,nodeGcor2,3.11.9,unknown,13156899,67,0,0,0.9995623230934143,grad_cam,attribution,5,42,0.004136167280455851,0.46,0.41191490405897224,0.8333333333333334,0.6666666666666666,10,10,1.0,0.005685417912900448,42
image,0,2026-10-05T14:25:51,nodeGcor2,3.11.9,unknown,13156899,67,0,0,0.9995623230934143,lime,attribution,5,42,0.013842144183202818,0.6,0.5330669093656327,1.0,0.42857142857142855,10,10,0.6666666666666666,2.426892617251724,42
image,0,2026-10-05T14:25:51,nodeGcor2,3.11.9,unknown,13156899,67,0,0,0.9995623230934143,kernel_shap,attribution,5,42,0.013842144183202818,0.54,0.3846787916066624,0.9666666666666666,0.42857142857142855,10,10,1.0,0.24071663478389382,42
image,0,2026-10-05T14:25:51,nodeGcor2,3.11.9,unknown,13156899,67,0,0,0.9995623230934143,random,attribution,5,42,0.0,0.52,0.37344548716615666,0.08055555555555556,0.0,10,10,0.0,2.662697806954384e-05,42
image,0,2026-10-05T14:25:51,nodeGcor2,3.11.9,unknown,13156899,68,0,0,0.7421603202819824,cam,attribution,5,38,0.4234049389836914,0.52,0.4062209411279357,0.8333333333333333,0.42857142857142855,10,10,1.0,0.003531492780894041,38
image,0,2026-10-05T14:25:51,nodeGcor2,3.11.9,unknown,13156899,68,0,0,0.7421603202819824,grad_cam,attribution,5,38,0.4234049389836914,0.48,0.4357239657284556,0.8666666666666666,0.42857142857142855,10,10,1.0,0.005620557814836502,38
image,0,2026-10-05T14:25:51,nodeGcor2,3.11.9,unknown,13156899,68,0,0,0.7421603202819824,lime,attribution,5,38,0.005768221791276046,0.51,0.5754359231084147,1.0,0.42857142857142855,10,10,0.6666666666666666,2.4291538926772773,38
image,0,2026-10-05T14:25:51,nodeGcor2,3.11.9,unknown,13156899,68,0,0,0.7421603202819824,kernel_shap,attribution,5,38,0.005768221791276046,0.49,0.5501833161978216,0.9,0.42857142857142855,10,10,0.6666666666666666,0.23820114228874445,38
image,0,2026-10-05T14:25:51,nodeGcor2,3.11.9,unknown,13156899,68,0,0,0.7421603202819824,random,attribution,5,38,0.006781419136435584,0.41,0.39336743592925083,0.11666666666666667,0.0,10,10,0.1111111111111111,2.622278407216072e-05,38
image,0,2026-10-05T14:25:51,nodeGcor2,3.11.9,unknown,13156899,69,0,0,0.9997088313102722,cam,attribution,5,42,0.0031309888419246523,0.77,0.4171621921924258,1.0,0.6666666666666666,10,10,1.0,0.0034871259704232216,42
image,0,2026-10-05T14:25:51,nodeGcor2,3.11.9,unknown,13156899,69,0,0,0.9997088313102722,grad_cam,attribution,5,42,0.0031309888419246523,0.68,0.4172855896274804,0.9666666666666666,0.6666666666666666,10,10,1.0,0.005404284223914146,42
image,0,2026-10-05T14:25:51,nodeGcor2,3.11.9,unknown,13156899,69,0,0,0.9997088313102722,lime,attribution,5,42,0.0002926843170394203,0.47,0.45818853573072815,0.9666666666666666,0.25,10,10,0.6666666666666666,2.447255465667695,42
image,0,2026-10-05T14:25:51,nodeGcor2,3.11.9,unknown,13156899,69,0,0,0.9997088313102722,kernel_shap,attribution,5,42,0.0,0.58,0.5480220675697598,0.7428571428571429,0.25,10,10,0.42857142857142855,0.23838174855336547,42
image,0,2026-10-05T14:25:51,nodeGcor2,3.11.9,unknown,13156899,69,0,0,0.9997088313102722,random,attribution,5,42,0.00101250052392818,0.5,0.3334128519766296,0.10277777777777777,0.0,10,10,0.1111111111111111,2.7034897357225418e-05,42
image,0,2026-10-05T14:25:51,nodeGcor2,3.11.9,unknown,13156899,70,1,1,0.9999812841415405,cam,attribution,5,40,0.010177087521879784,0.97,0.5053217275865725,1.0,1.0,10,10,1.0,0.003428325057029724,40
image,0,2026-10-05T14:25:51,nodeGcor2,3.11.9,unknown,13156899,70,1,1,0.9999812841415405,grad_cam,attribution,5,40,0.010177087521879784,0.95,0.5062359294819099,1.0,0.6666666666666666,10,10,1.0,0.005468163639307022,40
image,0,2026-10-05T14:25:51,nodeGcor2,3.11.9,unknown,13156899,70,1,1,0.9999812841415405,lime,attribution,5,40,0.13381326302078894,0.65,0.6150885104749022,1.0,0.25,10,10,0.6666666666666666,2.452562749851495,40
image,0,2026-10-05T14:25:51,nodeGcor2,3.11.9,unknown,13156899,70,1,1,0.9999812841415405,kernel_shap,attribution,5,40,0.013060575784492275,0.52,0.4742269545912041,0.9666666666666666,0.42857142857142855,10,10,0.25,0.24127385718747973,40
image,0,2026-10-05T14:25:51,nodeGcor2,3.11.9,unknown,13156899,70,1,1,0.9999812841415405,random,attribution,5,40,0.0021523044004191,0.5,0.33160745263439895,0.08333333333333333,0.0,10,10,0.1111111111111111,4.6951230615377426e-05,40
image,0,2026-10-05T14:25:51,nodeGcor2,3.11.9,unknown,13156899,71,1,1,0.9999074935913086,cam,attribution,5,42,0.0,0.67,0.2860482464580034,1.0,0.6666666666666666,10,10,1.0,0.00344050582498312,42
image,0,2026-10-05T14:25:51,nodeGcor2,3.11.9,unknown,13156899,71,1,1,0.9999074935913086,grad_cam,attribution,5,42,0.0,0.65,0.2860482454927822,1.0,0.6666666666666666,10,10,1.0,0.005431729834526777,42
image,0,2026-10-05T14:25:51,nodeGcor2,3.11.9,unknown,13156899,71,1,1,0.9999074935913086,lime,attribution,5,42,0.0017427030012046021,0.95,0.5804837993816288,1.0,0.6666666666666666,10,10,0.6666666666666666,2.447842901572585,42
image,0,2026-10-05T14:25:51,nodeGcor2,3.11.9,unknown,13156899,71,1,1,0.9999074935913086,kernel_shap,attribution,5,42,0.004769170388725001,0.84,0.39366111917844804,0.8,0.42857142857142855,10,10,0.42857142857142855,0.23962304601445794,42
image,0,2026-10-05T14:25:51,nodeGcor2,3.11.9,unknown,13156899,71,1,1,0.9999074935913086,random,attribution,5,42,0.0,0.56,0.2623616013041966,0.03333333333333333,0.0,10,10,0.0,2.6333145797252655e-05,42
image,0,2026-10-05T14:25:51,nodeGcor2,3.11.9,unknown,13156899,72,1,1,0.9986953139305115,cam,attribution,5,41,0.01909155393378161,0.49,0.452694047564974,1.0,1.0,10,10,1.0,0.0034043313935399055,41
image,0,2026-10-05T14:25:51,nodeGcor2,3.11.9,unknown,13156899,72,1,1,0.9986953139305115,grad_cam,attribution,5,41,0.01909155393378161,0.53,0.4525126808785038,1.0,1.0,10,10,1.0,0.005473956000059843,41
image,0,2026-10-05T14:25:51,nodeGcor2,3.11.9,unknown,13156899,72,1,1,0.9986953139305115,lime,attribution,5,41,0.07189336637359549,0.7,0.6010081009500678,1.0,0.6666666666666666,10,10,1.0,2.447686579078436,41
image,0,2026-10-05T14:25:51,nodeGcor2,3.11.9,unknown,13156899,72,1,1,0.9986953139305115,kernel_shap,attribution,5,41,0.02342402992722011,0.52,0.4397002795245726,0.7761904761904762,0.6666666666666666,10,10,0.42857142857142855,0.23814555630087852,41
image,0,2026-10-05T14:25:51,nodeGcor2,3.11.9,unknown,13156899,72,1,1,0.9986953139305115,random,attribution,5,41,0.0,0.49,0.29566715721573267,0.14444444444444446,0.0,10,10,0.1111111111111111,2.724863588809967e-05,41
image,0,2026-10-05T14:25:51,nodeGcor2,3.11.9,unknown,13156899,73,1,1,0.9998397827148438,cam,attribution,5,40,0.0047428458195664285,0.69,0.3960856136128905,1.0,1.0,10,10,1.0,0.0034170569851994514,40
image,0,2026-10-05T14:25:51,nodeGcor2,3.11.9,unknown,13156899,73,1,1,0.9998397827148438,grad_cam,attribution,5,40,0.0047428458195664285,0.64,0.3954703477830397,1.0,1.0,10,10,1.0,0.005439099855720997,40
image,0,2026-10-05T14:25:51,nodeGcor2,3.11.9,unknown,13156899,73,1,1,0.9998397827148438,lime,attribution,5,40,0.009053906017504635,0.77,0.548788742066854,0.9333333333333332,0.42857142857142855,10,10,0.6666666666666666,2.448777550365776,40
image,0,2026-10-05T14:25:51,nodeGcor2,3.11.9,unknown,13156899,73,1,1,0.9998397827148438,kernel_shap,attribution,5,40,0.005222740097366674,0.78,0.507738595489751,0.8666666666666666,0.42857142857142855,10,10,0.42857142857142855,0.23672761907801032,40
image,0,2026-10-05T14:25:51,nodeGcor2,3.11.9,unknown,13156899,73,1,1,0.9998397827148438,random,attribution,5,40,0.0,0.47,0.30912998193999575,0.05833333333333333,0.0,10,10,0.0,2.400903031229973e-05,40
image,0,2026-10-05T14:25:51,nodeGcor2,3.11.9,unknown,13156899,74,1,1,0.9967592358589172,cam,attribution,5,39,0.016342754255620366,0.52,0.3962817652554803,0.8333333333333334,0.42857142857142855,10,10,1.0,0.0034310179762542248,39
image,0,2026-10-05T14:25:51,nodeGcor2,3.11.9,unknown,13156899,74,1,1,0.9967592358589172,grad_cam,attribution,5,39,0.016342754255620366,0.47,0.39628176271977367,0.7333333333333333,0.42857142857142855,10,10,1.0,0.005354329012334347,39
image,0,2026-10-05T14:25:51,nodeGcor2,3.11.9,unknown,13156899,74,1,1,0.9967592358589172,lime,attribution,5,39,0.31955269679842924,0.75,0.6053597087978311,1.0,0.6666666666666666,10,10,1.0,2.44760749489069,39
image,0,2026-10-05T14:25:51,nodeGcor2,3.11.9,unknown,13156899,74,1,1,0.9967592358589172,kernel_shap,attribution,5,39,0.22356399628413398,0.74,0.5071692244910833,0.9333333333333332,0.42857142857142855,10,10,0.6666666666666666,0.23892542999237776,39
image,0,2026-10-05T14:25:51,nodeGcor2,3.11.9,unknown,13156899,74,1,1,0.9967592358589172,random,attribution,5,39,0.0029930840282642616,0.45,0.2893194613231721,0.11666666666666667,0.0,10,10,0.0,2.8081238269805908e-05,39
image,0,2026-10-05T14:25:51,nodeGcor2,3.11.9,unknown,13156899,75,1,1,0.9940183162689209,cam,attribution,5,43,0.06874662295276208,0.69,0.5676517365218287,1.0,1.0,10,10,1.0,0.0034452537074685097,43
image,0,2026-10-05T14:25:51,nodeGcor2,3.11.9,unknown,13156899,75,1,1,0.9940183162689209,grad_cam,attribution,5,43,0.06874662295276208,0.68,0.6413978704533814,1.0,1.0,10,10,1.0,0.006292292848229408,43
image,0,2026-10-05T14:25:51,nodeGcor2,3.11.9,unknown,13156899,75,1,1,0.9940183162689209,lime,attribution,5,43,0.2687065556045987,0.73,0.5927594030347891,1.0,0.6666666666666666,10,10,0.6666666666666666,2.436919747851789,43
image,0,2026-10-05T14:25:51,nodeGcor2,3.11.9,unknown,13156899,75,1,1,0.9940183162689209,kernel_shap,attribution,5,43,0.14424719047358922,0.71,0.5234529424948517,0.8333333333333333,0.42857142857142855,10,10,0.6666666666666666,0.23782379878684878,43
image,0,2026-10-05T14:25:51,nodeGcor2,3.11.9,unknown,13156899,75,1,1,0.9940183162689209,random,attribution,5,43,0.0,0.51,0.30370477724827016,0.03333333333333333,0.0,10,10,0.0,2.660416066646576e-05,43
image,0,2026-10-05T14:25:51,nodeGcor2,3.11.9,unknown,13156899,76,1,1,0.9583426713943481,cam,attribution,5,44,0.10777274019813576,0.41,0.43274100507130053,1.0,0.6666666666666666,10,10,1.0,0.003390801139175892,44
image,0,2026-10-05T14:25:51,nodeGcor2,3.11.9,unknown,13156899,76,1,1,0.9583426713943481,grad_cam,attribution,5,44,0.10777274019813576,0.53,0.4654919062327919,1.0,0.42857142857142855,10,10,1.0,0.005426662974059582,44
image,0,2026-10-05T14:25:51,nodeGcor2,3.11.9,unknown,13156899,76,1,1,0.9583426713943481,lime,attribution,5,44,0.31173457240543573,0.48,0.5363581999161587,0.8333333333333333,0.25,10,10,1.0,2.4545501647517085,44
image,0,2026-10-05T14:25:51,nodeGcor2,3.11.9,unknown,13156899,76,1,1,0.9583426713943481,kernel_shap,attribution,5,44,0.22284253502927057,0.63,0.48034030584347465,0.6666666666666667,0.42857142857142855,10,10,0.6666666666666666,0.23749943170696497,44
image,0,2026-10-05T14:25:51,nodeGcor2,3.11.9,unknown,13156899,76,1,1,0.9583426713943481,random,attribution,5,44,0.0,0.47,0.2975868754264681,0.07222222222222223,0.0,10,10,0.0,2.3349188268184662e-05,44
image,0,2026-10-05T14:25:51,nodeGcor2,3.11.9,unknown,13156899,77,1,1,0.9997757077217102,cam,attribution,5,46,0.0,0.83,0.2925263537060181,0.6666666666666667,0.42857142857142855,10,10,1.0,0.003412241581827402,46
image,0,2026-10-05T14:25:51,nodeGcor2,3.11.9,unknown,13156899,77,1,1,0.9997757077217102,grad_cam,attribution,5,46,0.0,0.85,0.2925263669622611,0.7,0.42857142857142855,10,10,1.0,0.005391922779381275,46
image,0,2026-10-05T14:25:51,nodeGcor2,3.11.9,unknown,13156899,77,1,1,0.9997757077217102,lime,attribution,5,46,0.005192729249010326,0.85,0.5640225944290789,1.0,0.6666666666666666,10,10,1.0,2.461730814073235,46
image,0,2026-10-05T14:25:51,nodeGcor2,3.11.9,unknown,13156899,77,1,1,0.9997757077217102,kernel_shap,attribution,5,46,0.0,0.73,0.35374532471112163,0.7,0.42857142857142855,10,10,0.1111111111111111,0.23825870780274272,46
image,0,2026-10-05T14:25:51,nodeGcor2,3.11.9,unknown,13156899,77,1,1,0.9997757077217102,random,attribution,5,46,0.000128357589817672,0.54,0.34067615028560194,0.05555555555555556,0.0,10,10,0.1111111111111111,2.6075169444084167e-05,46
image,0,2026-10-05T14:25:51,nodeGcor2,3.11.9,unknown,13156899,78,1,1,0.9999299049377441,cam,attribution,5,45,0.0016621324221926033,1.0,0.4713306370718108,1.0,1.0,10,10,1.0,0.0034666708670556545,45
image,0,2026-10-05T14:25:51,nodeGcor2,3.11.9,unknown,13156899,78,1,1,0.9999299049377441,grad_cam,attribution,5,45,0.0016621324221926033,1.0,0.47133064242898104,1.0,0.6666666666666666,10,10,1.0,0.005407123826444149,45
image,0,2026-10-05T14:25:51,nodeGcor2,3.11.9,unknown,13156899,78,1,1,0.9999299049377441,lime,attribution,5,45,0.015249725203325695,0.99,0.5613079877248324,0.9666666666666666,0.42857142857142855,10,10,0.6666666666666666,2.449946289882064,45
image,0,2026-10-05T14:25:51,nodeGcor2,3.11.9,unknown,13156899,78,1,1,0.9999299049377441,kernel_shap,attribution,5,45,0.0018549073559672009,0.99,0.4932976839302867,1.0,0.25,10,10,0.25,0.23831965029239655,45
image,0,2026-10-05T14:25:51,nodeGcor2,3.11.9,unknown,13156899,78,1,1,0.9999299049377441,random,attribution,5,45,0.0,0.5,0.3024253856996182,0.03333333333333333,0.0,10,10,0.1111111111111111,2.401508390903473e-05,45
image,0,2026-10-05T14:25:51,nodeGcor2,3.11.9,unknown,13156899,79,1,1,0.9999432563781738,cam,attribution,5,41,0.35719154839141165,0.89,0.5917272082423932,1.0,0.6666666666666666,10,10,1.0,0.0034473808482289314,41
image,0,2026-10-05T14:25:51,nodeGcor2,3.11.9,unknown,13156899,79,1,1,0.9999432563781738,grad_cam,attribution,5,41,0.35719154839141165,0.9,0.5920266110058916,1.0,1.0,10,10,1.0,0.005403977818787098,41
image,0,2026-10-05T14:25:51,nodeGcor2,3.11.9,unknown,13156899,79,1,1,0.9999432563781738,lime,attribution,5,41,0.7285270401714041,0.93,0.6329577797884454,0.9333333333333332,0.6666666666666666,10,10,1.0,2.44991854717955,41
image,0,2026-10-05T14:25:51,nodeGcor2,3.11.9,unknown,13156899,79,1,1,0.9999432563781738,kernel_shap,attribution,5,41,0.8280717718881596,0.96,0.4970327018809022,0.6761904761904762,0.42857142857142855,10,10,0.42857142857142855,0.23765874188393354,41
image,0,2026-10-05T14:25:51,nodeGcor2,3.11.9,unknown,13156899,79,1,1,0.9999432563781738,random,attribution,5,41,5.5077823653445565e-05,0.51,0.2703389005637511,0.13055555555555556,0.0,10,10,0.25,2.54032202064991e-05,41
image,0,2026-10-05T14:25:51,nodeGcor2,3.11.9,unknown,13156899,80,1,1,0.9999315738677979,cam,attribution,5,44,0.0,0.47,0.43683121679757453,0.9666666666666666,0.6666666666666666,10,10,1.0,0.0034135328605771065,44
image,0,2026-10-05T14:25:51,nodeGcor2,3.11.9,unknown,13156899,80,1,1,0.9999315738677979,grad_cam,attribution,5,44,0.0,0.6,0.43523788962579635,1.0,0.6666666666666666,10,10,1.0,0.005393146071583033,44
image,0,2026-10-05T14:25:51,nodeGcor2,3.11.9,unknown,13156899,80,1,1,0.9999315738677979,lime,attribution,5,44,0.005382726705360672,0.72,0.5047865922112527,0.8,0.42857142857142855,10,10,0.6666666666666666,2.4484513639472425,44
image,0,2026-10-05T14:25:51,nodeGcor2,3.11.9,unknown,13156899,80,1,1,0.9999315738677979,kernel_shap,attribution,5,44,0.0059838806108939695,0.73,0.352234532873109,0.8666666666666668,0.6666666666666666,10,10,0.25,0.23845083406195045,44
image,0,2026-10-05T14:25:51,nodeGcor2,3.11.9,unknown,13156899,80,1,1,0.9999315738677979,random,attribution,5,44,0.0,0.52,0.35958185637267936,0.08055555555555556,0.0,10,10,0.0,2.542184665799141e-05,44
image,0,2026-10-05T14:25:51,nodeGcor2,3.11.9,unknown,13156899,81,1,1,0.999723494052887,cam,attribution,5,47,0.3043195319790079,0.5,0.4569416377410086,1.0,0.6666666666666666,10,10,1.0,0.0034509380348026752,47
image,0,2026-10-05T14:25:51,nodeGcor2,3.11.9,unknown,13156899,81,1,1,0.999723494052887,grad_cam,attribution,5,47,0.3043195319790079,0.58,0.46223367782045643,1.0,0.6666666666666666,10,10,1.0,0.005475739017128944,47
image,0,2026-10-05T14:25:51,nodeGcor2,3.11.9,unknown,13156899,81,1,1,0.999723494052887,lime,attribution,5,47,0.5573604921031533,0.47,0.635567215938586,1.0,0.6666666666666666,10,10,1.0,2.458067953120917,47
image,0,2026-10-05T14:25:51,nodeGcor2,3.11.9,unknown,13156899,81,1,1,0.999723494052887,kernel_shap,attribution,5,47,0.5573604921031533,0.54,0.5737975205348518,0.6666666666666667,0.6666666666666666,10,10,1.0,0.2393673611804843,47
image,0,2026-10-05T14:25:51,nodeGcor2,3.11.9,unknown,13156899,81,1,1,0.999723494052887,random,attribution,5,47,0.013260570928231023,0.47,0.32291648016252783,0.04444444444444444,0.0,10,10,0.0,2.6798341423273087e-05,47
image,0,2026-10-05T14:25:51,nodeGcor2,3.11.9,unknown,13156899,82,1,1,0.9999303817749023,cam,attribution,5,46,2.1339945934829713e-05,0.62,0.496699560281768,1.0,1.0,10,10,1.0,0.003492529969662428,46
image,0,2026-10-05T14:25:51,nodeGcor2,3.11.9,unknown,13156899,82,1,1,0.9999303817749023,grad_cam,attribution,5,46,2.1339945934829713e-05,0.6,0.49603413698351806,1.0,1.0,10,10,1.0,0.005434354301542044,46
image,0,2026-10-05T14:25:51,nodeGcor2,3.11.9,unknown,13156899,82,1,1,0.9999303817749023,lime,attribution,5,46,0.0014846760709463789,0.62,0.5588987416803403,0.9666666666666666,0.25,10,10,0.42857142857142855,2.4532657200470567,46
image,0,2026-10-05T14:25:51,nodeGcor2,3.11.9,unknown,13156899,82,1,1,0.9999303817749023,kernel_shap,attribution,5,46,0.0009802665108890353,0.62,0.4605670461480217,0.8666666666666668,0.25,10,10,0.42857142857142855,0.23869660217314959,46
image,0,2026-10-05T14:25:51,nodeGcor2,3.11.9,unknown,13156899,82,1,1,0.9999303817749023,random,attribution,5,46,0.0,0.57,0.2530279650540349,0.05833333333333333,0.0,10,10,0.1111111111111111,2.514803782105446e-05,46
image,0,2026-10-05T14:25:51,nodeGcor2,3.11.9,unknown,13156899,83,1,1,0.9999659061431885,cam,attribution,5,45,0.0011529123464740624,0.73,0.49686803867050733,1.0,0.6666666666666666,10,10,1.0,0.0034618033096194267,45
image,0,2026-10-05T14:25:51,nodeGcor2,3.11.9,unknown,13156899,83,1,1,0.9999659061431885,grad_cam,attribution,5,45,0.0011529123464740624,0.66,0.49743258977363936,1.0,0.6666666666666666,10,10,1.0,0.005473197903484106,45
image,0,2026-10-05T14:25:51,nodeGcor2,3.11.9,unknown,13156899,83,1,1,0.9999659061431885,lime,attribution,5,45,0.2665854982677108,0.78,0.5490893414262279,0.7666666666666666,0.6666666666666666,10,10,0.6666666666666666,2.451728217769414,45
image,0,2026-10-05T14:25:51,nodeGcor2,3.11.9,unknown,13156899,83,1,1,0.9999659061431885,kernel_shap,attribution,5,45,0.007139270523949843,0.82,0.5371213542735556,0.7333333333333334,0.42857142857142855,10,10,0.42857142857142855,0.23913353914394975,45
image,0,2026-10-05T14:25:51,nodeGcor2,3.11.9,unknown,13156899,83,1,1,0.9999659061431885,random,attribution,5,45,2.7657498126562144e-05,0.52,0.29687236408664786,0.02222222222222222,0.0,10,10,0.0,2.541998401284218e-05,45
image,0,2026-10-05T14:25:51,nodeGcor2,3.11.9,unknown,13156899,84,1,1,0.998969554901123,cam,attribution,5,44,0.0007311476787045691,0.45,0.4714432118198376,0.9333333333333332,0.42857142857142855,10,10,1.0,0.003406731877475977,44
image,0,2026-10-05T14:25:51,nodeGcor2,3.11.9,unknown,13156899,84,1,1,0.998969554901123,grad_cam,attribution,5,44,0.0007311476787045691,0.47,0.49098453043426593,1.0,0.6666666666666666,10,10,1.0,0.0053448863327503204,44
image,0,2026-10-05T14:25:51,nodeGcor2,3.11.9,unknown,13156899,84,1,1,0.998969554901123,lime,attribution,5,44,0.13090067322388513,0.6,0.538024172486531,1.0,0.6666666666666666,10,10,0.6666666666666666,2.458186576142907,44
image,0,2026-10-05T14:25:51,nodeGcor2,3.11.9,unknown,13156899,84,1,1,0.998969554901123,kernel_shap,attribution,5,44,0.006195602469505879,0.53,0.47360869928007887,1.0,0.42857142857142855,10,10,0.42857142857142855,0.2381120710633695,44
image,0,2026-10-05T14:25:51,nodeGcor2,3.11.9,unknown,13156899,84,1,1,0.998969554901123,random,attribution,5,44,0.0,0.53,0.2747886209816478,0.0873015873015873,0.0,10,10,0.0,2.687191590666771e-05,44
image,0,2026-10-05T14:25:51,nodeGcor2,3.11.9,unknown,13156899,85,1,1,0.9993895292282104,cam,attribution,5,45,0.022641704111294937,0.92,0.43590697835351355,1.0,1.0,10,10,1.0,0.003520652186125517,45
image,0,2026-10-05T14:25:51,nodeGcor2,3.11.9,unknown,13156899,85,1,1,0.9993895292282104,grad_cam,attribution,5,45,0.022641704111294937,0.91,0.4354047545734101,1.0,1.0,10,10,1.0,0.00538509339094162,45
image,0,2026-10-05T14:25:51,nodeGcor2,3.11.9,unknown,13156899,85,1,1,0.9993895292282104,lime,attribution,5,45,0.053396318239778424,0.98,0.6534185776675816,0.9333333333333332,0.42857142857142855,10,10,0.6666666666666666,2.453254167921841,45
image,0,2026-10-05T14:25:51,nodeGcor2,3.11.9,unknown,13156899,85,1,1,0.9993895292282104,kernel_shap,attribution,5,45,0.03748570106244535,0.98,0.5210685165739503,0.9,0.6666666666666666,10,10,0.42857142857142855,0.23787546530365944,45
image,0,2026-10-05T14:25:51,nodeGcor2,3.11.9,unknown,13156899,85,1,1,0.9993895292282104,random,attribution,5,45,0.001136221311172316,0.42,0.2627957144236436,0.02222222222222222,0.0,10,10,0.25,2.6590656489133835e-05,45
image,0,2026-10-05T14:25:51,nodeGcor2,3.11.9,unknown,13156899,86,1,1,0.9933955073356628,cam,attribution,5,47,0.0,0.52,0.5748615244090172,1.0,0.6666666666666666,10,10,1.0,0.003516162745654583,47
image,0,2026-10-05T14:25:51,nodeGcor2,3.11.9,unknown,13156899,86,1,1,0.9933955073356628,grad_cam,attribution,5,47,0.0,0.52,0.5777080747837318,1.0,0.6666666666666666,10,10,1.0,0.005398925393819809,47
image,0,2026-10-05T14:25:51,nodeGcor2,3.11.9,unknown,13156899,86,1,1,0.9933955073356628,lime,attribution,5,47,0.0752722856635418,0.68,0.624162921966906,1.0,0.6666666666666666,10,10,1.0,2.44228324200958,47
image,0,2026-10-05T14:25:51,nodeGcor2,3.11.9,unknown,13156899,86,1,1,0.9933955073356628,kernel_shap,attribution,5,47,0.19148768294380522,0.67,0.5314915020965109,0.8333333333333333,0.6666666666666666,10,10,0.6666666666666666,0.2386383293196559,47
image,0,2026-10-05T14:25:51,nodeGcor2,3.11.9,unknown,13156899,86,1,1,0.9933955073356628,random,attribution,5,47,0.005044844932774602,0.54,0.3696228346728301,0.04444444444444444,0.0,10,10,0.0,2.3799017071723938e-05,47
image,0,2026-10-05T14:25:51,nodeGcor2,3.11.9,unknown,13156899,87,1,1,0.9909345507621765,cam,attribution,5,43,0.4905833949870978,0.61,0.6061622150904478,0.9333333333333332,1.0,10,10,1.0,0.0035847919061779976,43
image,0,2026-10-05T14:25:51,nodeGcor2,3.11.9,unknown,13156899,87,1,1,0.9909345507621765,grad_cam,attribution,5,43,0.4905833949870978,0.54,0.6054417447190783,0.9666666666666666,1.0,10,10,1.0,0.005558321252465248,43
image,0,2026-10-05T14:25:51,nodeGcor2,3.11.9,unknown,13156899,87,1,1,0.9909345507621765,lime,attribution,5,43,0.45427059085358884,0.56,0.6014378115218613,1.0,0.42857142857142855,10,10,0.6666666666666666,2.4504686649888754,43
image,0,2026-10-05T14:25:51,nodeGcor2,3.11.9,unknown,13156899,87,1,1,0.9909345507621765,kernel_shap,attribution,5,43,0.32360996324834135,0.45,0.5804335035920278,0.7,0.25,10,10,0.42857142857142855,0.23826935002580285,43
image,0,2026-10-05T14:25:51,nodeGcor2,3.11.9,unknown,13156899,87,1,1,0.9909345507621765,random,attribution,5,43,0.0014926827507804464,0.5,0.325965353203991,0.05833333333333333,0.0,10,10,0.1111111111111111,2.54935584962368e-05,43
image,0,2026-10-05T14:25:51,nodeGcor2,3.11.9,unknown,13156899,88,1,1,0.9999557733535767,cam,attribution,5,41,0.0004965882580570864,0.47,0.19107085905604582,1.0,0.0,10,10,1.0,0.003440834116190672,41
image,0,2026-10-05T14:25:51,nodeGcor2,3.11.9,unknown,13156899,88,1,1,0.9999557733535767,grad_cam,attribution,5,41,0.0004965882580570864,0.49,0.19107085864612583,1.0,0.0,10,10,1.0,0.005514925811439753,41
image,0,2026-10-05T14:25:51,nodeGcor2,3.11.9,unknown,13156899,88,1,1,0.9999557733535767,lime,attribution,5,41,0.0209447467924428,0.63,0.5622448392983437,1.0,0.6666666666666666,10,10,0.6666666666666666,2.4470953210256994,41
image,0,2026-10-05T14:25:51,nodeGcor2,3.11.9,unknown,13156899,88,1,1,0.9999557733535767,kernel_shap,attribution,5,41,0.0209447467924428,0.47,0.5120302564191894,1.0,0.42857142857142855,10,10,1.0,0.2381003499031067,41
image,0,2026-10-05T14:25:51,nodeGcor2,3.11.9,unknown,13156899,88,1,1,0.9999557733535767,random,attribution,5,41,0.0029766683988542526,0.5,0.3114252386536257,0.06666666666666667,0.0,10,10,0.1111111111111111,2.491474151611328e-05,41
image,0,2026-10-05T14:25:51,nodeGcor2,3.11.9,unknown,13156899,89,1,1,0.9996460676193237,cam,attribution,5,47,0.033564009590688074,0.48,0.5977051151151382,1.0,1.0,10,10,1.0,0.0034334328956902027,47
image,0,2026-10-05T14:25:51,nodeGcor2,3.11.9,unknown,13156899,89,1,1,0.9996460676193237,grad_cam,attribution,5,47,0.033564009590688074,0.54,0.6054542071451061,1.0,1.0,10,10,1.0,0.005394774954766035,47
image,0,2026-10-05T14:25:51,nodeGcor2,3.11.9,unknown,13156899,89,1,1,0.9996460676193237,lime,attribution,5,47,0.5817158547582687,0.6,0.637880648601333,1.0,0.42857142857142855,10,10,1.0,2.4572983509860933,47
image,0,2026-10-05T14:25:51,nodeGcor2,3.11.9,unknown,13156899,89,1,1,0.9996460676193237,kernel_shap,attribution,5,47,0.5029918429542716,0.62,0.5892870528766219,1.0,0.42857142857142855,10,10,0.6666666666666666,0.24019125383347273,47
image,0,2026-10-05T14:25:51,nodeGcor2,3.11.9,unknown,13156899,89,1,1,0.9996460676193237,random,attribution,5,47,0.0002348063366466984,0.49,0.341003276602167,0.05555555555555556,0.0,10,10,0.1111111111111111,2.5791116058826447e-05,47
image,0,2026-10-05T14:25:51,nodeGcor2,3.11.9,unknown,13156899,90,1,1,0.8294927477836609,cam,attribution,5,43,0.042333871107551824,0.5,0.5552889350337844,0.7666666666666667,0.42857142857142855,10,10,1.0,0.003511067945510149,43
image,0,2026-10-05T14:25:51,nodeGcor2,3.11.9,unknown,13156899,90,1,1,0.8294927477836609,grad_cam,attribution,5,43,0.042333871107551824,0.57,0.636189931585815,0.6666666666666667,0.42857142857142855,10,10,1.0,0.005401175934821367,43
image,0,2026-10-05T14:25:51,nodeGcor2,3.11.9,unknown,13156899,90,1,1,0.8294927477836609,lime,attribution,5,43,0.7359949958678642,0.5,0.5904347031888101,0.5,0.25,10,10,1.0,2.4458776409737766,43
image,0,2026-10-05T14:25:51,nodeGcor2,3.11.9,unknown,13156899,90,1,1,0.8294927477836609,kernel_shap,attribution,5,43,0.7290468408388128,0.51,0.6211146635801112,0.7,0.42857142857142855,10,10,0.6666666666666666,0.23834752663969994,43
image,0,2026-10-05T14:25:51,nodeGcor2,3.11.9,unknown,13156899,90,1,1,0.8294927477836609,random,attribution,5,43,0.0,0.52,0.3128495886233912,0.05555555555555556,0.0,10,10,0.42857142857142855,2.4985987693071365e-05,43
image,0,2026-10-05T14:25:51,nodeGcor2,3.11.9,unknown,13156899,91,1,1,0.9716401100158691,cam,attribution,5,41,0.641040965382681,0.65,0.5593866917299912,1.0,0.6666666666666666,10,10,1.0,0.0034329178743064404,41
image,0,2026-10-05T14:25:51,nodeGcor2,3.11.9,unknown,13156899,91,1,1,0.9716401100158691,grad_cam,attribution,5,41,0.641040965382681,0.65,0.5980178192909681,1.0,0.42857142857142855,10,10,1.0,0.005431496072560549,41
image,0,2026-10-05T14:25:51,nodeGcor2,3.11.9,unknown,13156899,91,1,1,0.9716401100158691,lime,attribution,5,41,0.258254638925895,0.6,0.5234250852576745,0.9333333333333332,0.25,10,10,0.6666666666666666,2.4472255557775497,41
image,0,2026-10-05T14:25:51,nodeGcor2,3.11.9,unknown,13156899,91,1,1,0.9716401100158691,kernel_shap,attribution,5,41,0.5514095796611679,0.6,0.49371279607047935,0.6190476190476191,0.25,10,10,0.6666666666666666,0.2375775147229433,41
image,0,2026-10-05T14:25:51,nodeGcor2,3.11.9,unknown,13156899,91,1,1,0.9716401100158691,random,attribution,5,41,0.0,0.57,0.2968262501050942,0.04444444444444444,0.0,10,10,0.0,2.6069115847349167e-05,41
image,0,2026-10-05T14:25:51,nodeGcor2,3.11.9,unknown,13156899,92,1,1,0.9999157190322876,cam,attribution,5,47,0.0017506763611063124,0.42,0.46339935651655983,1.0,1.0,10,10,1.0,0.003427838906645775,47
image,0,2026-10-05T14:25:51,nodeGcor2,3.11.9,unknown,13156899,92,1,1,0.9999157190322876,grad_cam,attribution,5,47,0.0017506763611063124,0.42,0.4619901407560282,1.0,1.0,10,10,1.0,0.005311890039592981,47
image,0,2026-10-05T14:25:51,nodeGcor2,3.11.9,unknown,13156899,92,1,1,0.9999157190322876,lime,attribution,5,47,0.049229002583602265,0.53,0.5922596778972049,1.0,0.42857142857142855,10,10,0.6666666666666666,2.4551072628237307,47
image,0,2026-10-05T14:25:51,nodeGcor2,3.11.9,unknown,13156899,92,1,1,0.9999157190322876,kernel_shap,attribution,5,47,0.015476100635904023,0.55,0.4915951036528844,0.8333333333333333,0.25,10,10,0.6666666666666666,0.23905918514356017,47
image,0,2026-10-05T14:25:51,nodeGcor2,3.11.9,unknown,13156899,92,1,1,0.9999157190322876,random,attribution,5,47,0.0,0.43,0.32112585688455253,0.05833333333333333,0.0,10,10,0.0,2.443697303533554e-05,47
image,0,2026-10-05T14:25:51,nodeGcor2,3.11.9,unknown,13156899,93,1,1,0.9998511075973511,cam,attribution,5,49,0.00013001707331031456,0.82,0.5157319092106324,0.8333333333333333,0.6666666666666666,10,10,1.0,0.0034475671127438545,49
image,0,2026-10-05T14:25:51,nodeGcor2,3.11.9,unknown,13156899,93,1,1,0.9998511075973511,grad_cam,attribution,5,49,0.00013001707331031456,0.79,0.5169513193001032,0.8999999999999998,0.6666666666666666,10,10,1.0,0.0053479718044400215,49
image,0,2026-10-05T14:25:51,nodeGcor2,3.11.9,unknown,13156899,93,1,1,0.9998511075973511,lime,attribution,5,49,0.001796870528986475,0.88,0.5098371928192502,1.0,0.42857142857142855,10,10,0.6666666666666666,2.4517093868926167,49
image,0,2026-10-05T14:25:51,nodeGcor2,3.11.9,unknown,13156899,93,1,1,0.9998511075973511,kernel_shap,attribution,5,49,0.0,0.52,0.44476149528408426,1.0,0.1111111111111111,10,10,0.25,0.2399964057840407,49
image,0,2026-10-05T14:25:51,nodeGcor2,3.11.9,unknown,13156899,93,1,1,0.9998511075973511,random,attribution,5,49,0.0,0.49,0.40751579150973394,0.03333333333333333,0.0,10,10,0.0,2.422090619802475e-05,49
image,0,2026-10-05T14:25:51,nodeGcor2,3.11.9,unknown,13156899,94,1,1,0.9715686440467834,cam,attribution,5,42,0.021487522082996917,0.45,0.42168924517547557,1.0,0.1111111111111111,10,10,1.0,0.0034871171228587627,42
image,0,2026-10-05T14:25:51,nodeGcor2,3.11.9,unknown,13156899,94,1,1,0.9715686440467834,grad_cam,attribution,5,42,0.021487522082996917,0.53,0.4194257674788435,1.0,0.6666666666666666,10,10,1.0,0.005580162163823843,42
image,0,2026-10-05T14:25:51,nodeGcor2,3.11.9,unknown,13156899,94,1,1,0.9715686440467834,lime,attribution,5,42,0.25613436007881263,0.53,0.6228008932635649,0.9666666666666666,0.42857142857142855,10,10,1.0,2.458644560072571,42
image,0,2026-10-05T14:25:51,nodeGcor2,3.11.9,unknown,13156899,94,1,1,0.9715686440467834,kernel_shap,attribution,5,42,0.21918473719446907,0.55,0.47588000499499816,1.0,0.42857142857142855,10,10,1.0,0.2380706542171538,42
image,0,2026-10-05T14:25:51,nodeGcor2,3.11.9,unknown,13156899,94,1,1,0.9715686440467834,random,attribution,5,42,0.009924273809346339,0.43,0.2788325504962479,0.03333333333333333,0.0,10,10,0.0,3.084307536482811e-05,42
image,0,2026-10-05T14:25:51,nodeGcor2,3.11.9,unknown,13156899,95,1,1,0.9923751950263977,cam,attribution,5,47,0.7617649540808865,0.51,0.5860407712862671,1.0,1.0,10,10,1.0,0.003358564805239439,47
image,0,2026-10-05T14:25:51,nodeGcor2,3.11.9,unknown,13156899,95,1,1,0.9923751950263977,grad_cam,attribution,5,47,0.7617649540808865,0.42,0.5832703579026732,1.0,0.6666666666666666,10,10,1.0,0.005529995076358318,47
image,0,2026-10-05T14:25:51,nodeGcor2,3.11.9,unknown,13156899,95,1,1,0.9923751950263977,lime,attribution,5,47,0.712176065362174,0.5,0.6140635538622202,0.6190476190476191,0.42857142857142855,10,10,0.6666666666666666,2.4387617986649275,47
image,0,2026-10-05T14:25:51,nodeGcor2,3.11.9,unknown,13156899,95,1,1,0.9923751950263977,kernel_shap,attribution,5,47,0.32293991639931446,0.53,0.5515625427799847,0.9333333333333332,0.25,10,10,0.6666666666666666,0.23861099407076836,47
image,0,2026-10-05T14:25:51,nodeGcor2,3.11.9,unknown,13156899,95,1,1,0.9923751950263977,random,attribution,5,47,0.0,0.54,0.34278065303295835,0.04444444444444444,0.0,10,10,0.1111111111111111,2.566492184996605e-05,47
image,0,2026-10-05T14:25:51,nodeGcor2,3.11.9,unknown,13156899,96,1,1,0.9983713030815125,cam,attribution,5,46,0.11898006917183471,0.58,0.5689033535517858,1.0,0.6666666666666666,10,10,1.0,0.003340408205986023,46
image,0,2026-10-05T14:25:51,nodeGcor2,3.11.9,unknown,13156899,96,1,1,0.9983713030815125,grad_cam,attribution,5,46,0.11898006917183471,0.54,0.5722561253066452,1.0,0.6666666666666666,10,10,1.0,0.005430129822343588,46
image,0,2026-10-05T14:25:51,nodeGcor2,3.11.9,unknown,13156899,96,1,1,0.9983713030815125,lime,attribution,5,46,0.47863719151198747,0.43,0.6470220378636853,0.6666666666666667,0.25,10,10,0.6666666666666666,2.441524151712656,46
image,0,2026-10-05T14:25:51,nodeGcor2,3.11.9,unknown,13156899,96,1,1,0.9983713030815125,kernel_shap,attribution,5,46,0.08653965959519354,0.51,0.5166919640056407,0.9666666666666666,0.25,10,10,0.25,0.23887119814753532,46
image,0,2026-10-05T14:25:51,nodeGcor2,3.11.9,unknown,13156899,96,1,1,0.9983713030815125,random,attribution,5,46,0.0,0.54,0.3404323242057683,0.06944444444444445,0.0,10,10,0.0,2.4523120373487473e-05,46
image,0,2026-10-05T14:25:51,nodeGcor2,3.11.9,unknown,13156899,97,1,1,0.9994903802871704,cam,attribution,5,45,0.027234969611767475,0.87,0.5308377046070529,1.0,1.0,10,10,1.0,0.003333491273224354,45
image,0,2026-10-05T14:25:51,nodeGcor2,3.11.9,unknown,13156899,97,1,1,0.9994903802871704,grad_cam,attribution,5,45,0.027234969611767475,0.9,0.5390816675799273,1.0,1.0,10,10,1.0,0.005445292219519615,45
image,0,2026-10-05T14:25:51,nodeGcor2,3.11.9,unknown,13156899,97,1,1,0.9994903802871704,lime,attribution,5,45,0.9366547998880292,0.88,0.6672623515740528,0.9666666666666666,0.6666666666666666,10,10,0.6666666666666666,2.4480544151738286,45
image,0,2026-10-05T14:25:51,nodeGcor2,3.11.9,unknown,13156899,97,1,1,0.9994903802871704,kernel_shap,attribution,5,45,0.8027475298864036,0.72,0.6194263984916967,1.0,0.6666666666666666,10,10,0.42857142857142855,0.23784287879243493,45
image,0,2026-10-05T14:25:51,nodeGcor2,3.11.9,unknown,13156899,97,1,1,0.9994903802871704,random,attribution,5,45,5.39697204225358e-05,0.5,0.38059820280821777,0.08055555555555556,0.0,10,10,0.0,2.5147106498479843e-05,45
image,0,2026-10-05T14:25:51,nodeGcor2,3.11.9,unknown,13156899,98,1,1,0.9948495030403137,cam,attribution,5,42,0.22768007272953417,0.68,0.6282451868577901,1.0,0.42857142857142855,10,10,1.0,0.0035192659124732018,42
image,0,2026-10-05T14:25:51,nodeGcor2,3.11.9,unknown,13156899,98,1,1,0.9948495030403137,grad_cam,attribution,5,42,0.22768007272953417,0.71,0.6715911195201371,1.0,0.42857142857142855,10,10,1.0,0.005704785697162151,42
image,0,2026-10-05T14:25:51,nodeGcor2,3.11.9,unknown,13156899,98,1,1,0.9948495030403137,lime,attribution,5,42,0.9026822041329035,0.8,0.6798026053407247,0.9666666666666666,0.6666666666666666,10,10,0.6666666666666666,2.4823341369628906,42
image,0,2026-10-05T14:25:51,nodeGcor2,3.11.9,unknown,13156899,98,1,1,0.9948495030403137,kernel_shap,attribution,5,42,0.9026822041329035,0.83,0.5540609744464577,0.8666666666666666,0.6666666666666666,10,10,1.0,0.37194194504991174,42
image,0,2026-10-05T14:25:51,nodeGcor2,3.11.9,unknown,13156899,98,1,1,0.9948495030403137,random,attribution,5,42,0.0,0.49,0.365477201734408,0.05833333333333333,0.0,10,10,0.0,2.2857915610074997e-05,42
image,0,2026-10-05T14:25:51,nodeGcor2,3.11.9,unknown,13156899,99,1,1,0.9999744892120361,cam,attribution,5,45,9.966150850806483e-05,0.88,0.3766003300537507,1.0,0.6666666666666666,10,10,1.0,0.003416696097701788,45
image,0,2026-10-05T14:25:51,nodeGcor2,3.11.9,unknown,13156899,99,1,1,0.9999744892120361,grad_cam,attribution,5,45,9.966150850806483e-05,0.85,0.37601778358237736,0.9333333333333332,0.6666666666666666,10,10,1.0,0.005460950080305338,45
image,0,2026-10-05T14:25:51,nodeGcor2,3.11.9,unknown,13156899,99,1,1,0.9999744892120361,lime,attribution,5,45,5.829482973737285e-05,0.98,0.39148713217680653,0.7,0.25,10,10,0.6666666666666666,2.445929584093392,45
image,0,2026-10-05T14:25:51,nodeGcor2,3.11.9,unknown,13156899,99,1,1,0.9999744892120361,kernel_shap,attribution,5,45,0.0,0.76,0.43305093830628105,0.8,0.25,10,10,0.25,0.23863834561780095,45
image,0,2026-10-05T14:25:51,nodeGcor2,3.11.9,unknown,13156899,99,1,1,0.9999744892120361,random,attribution,5,45,0.0,0.43,0.33077975481940747,0.08055555555555556,0.0,10,10,0.0,2.52528116106987e-05,45
image,0,2026-10-05T14:25:51,nodeGcor2,3.11.9,unknown,13156899,100,1,1,0.9970648884773254,cam,attribution,5,45,0.03355840346686397,0.53,0.5478156196015881,1.0,0.6666666666666666,10,10,1.0,0.0033563566394150257,45
image,0,2026-10-05T14:25:51,nodeGcor2,3.11.9,unknown,13156899,100,1,1,0.9970648884773254,grad_cam,attribution,5,45,0.03355840346686397,0.58,0.5470630270466219,1.0,0.6666666666666666,10,10,1.0,0.005356022156774998,45
image,0,2026-10-05T14:25:51,nodeGcor2,3.11.9,unknown,13156899,100,1,1,0.9970648884773254,lime,attribution,5,45,0.4850478877563812,0.92,0.640315325999224,0.9666666666666666,0.25,10,10,1.0,2.447079619858414,45
image,0,2026-10-05T14:25:51,nodeGcor2,3.11.9,unknown,13156899,100,1,1,0.9970648884773254,kernel_shap,attribution,5,45,0.4850478877563812,0.89,0.5877807870397787,0.5476190476190477,0.25,10,10,0.6666666666666666,0.23836928606033325,45
image,0,2026-10-05T14:25:51,nodeGcor2,3.11.9,unknown,13156899,100,1,1,0.9970648884773254,random,attribution,5,45,0.0,0.5,0.3185177919287332,0.02222222222222222,0.0,10,10,0.0,2.541113644838333e-05,45
image,0,2026-10-05T14:25:51,nodeGcor2,3.11.9,unknown,13156899,101,1,1,0.9992000460624695,cam,attribution,5,45,0.0066478399784392446,0.93,0.527901759062165,0.9666666666666666,0.6666666666666666,10,10,1.0,0.0033276360481977463,45
image,0,2026-10-05T14:25:51,nodeGcor2,3.11.9,unknown,13156899,101,1,1,0.9992000460624695,grad_cam,attribution,5,45,0.0066478399784392446,0.87,0.5235532868418111,0.8999999999999998,0.6666666666666666,10,10,1.0,0.005434768740087748,45
image,0,2026-10-05T14:25:51,nodeGcor2,3.11.9,unknown,13156899,101,1,1,0.9992000460624695,lime,attribution,5,45,0.8104292758123745,0.95,0.662776563724489,0.7333333333333333,0.42857142857142855,10,10,0.6666666666666666,2.452116117347032,45
image,0,2026-10-05T14:25:51,nodeGcor2,3.11.9,unknown,13156899,101,1,1,0.9992000460624695,kernel_shap,attribution,5,45,0.5575741787761491,1.0,0.5131243696885648,1.0,0.6666666666666666,10,10,1.0,0.23839958477765322,45
image,0,2026-10-05T14:25:51,nodeGcor2,3.11.9,unknown,13156899,101,1,1,0.9992000460624695,random,attribution,5,45,0.0006497337028360709,0.42,0.35750762381027545,0.061111111111111116,0.0,10,10,0.0,2.6178080588579178e-05,45
image,0,2026-10-05T14:25:51,nodeGcor2,3.11.9,unknown,13156899,102,1,1,0.9999490976333618,cam,attribution,5,42,0.005197848592221771,0.79,0.5483837387706165,1.0,0.6666666666666666,10,10,1.0,0.003377871122211218,42
image,0,2026-10-05T14:25:51,nodeGcor2,3.11.9,unknown,13156899,102,1,1,0.9999490976333618,grad_cam,attribution,5,42,0.005197848592221771,0.78,0.5473039664139444,1.0,0.6666666666666666,10,10,1.0,0.005333669949322939,42
image,0,2026-10-05T14:25:51,nodeGcor2,3.11.9,unknown,13156899,102,1,1,0.9999490976333618,lime,attribution,5,42,0.015765990771301815,0.92,0.6233312553500523,1.0,0.6666666666666666,10,10,1.0,2.4520526151172817,42
image,0,2026-10-05T14:25:51,nodeGcor2,3.11.9,unknown,13156899,102,1,1,0.9999490976333618,kernel_shap,attribution,5,42,0.003149311734056319,0.78,0.40329273824175893,0.7333333333333334,0.1111111111111111,10,10,0.25,0.2373610041104257,42
image,0,2026-10-05T14:25:51,nodeGcor2,3.11.9,unknown,13156899,102,1,1,0.9999490976333618,random,attribution,5,42,0.0,0.51,0.3311083782654226,0.08055555555555556,0.0,10,10,0.1111111111111111,2.4505890905857086e-05,42
image,0,2026-10-05T14:25:51,nodeGcor2,3.11.9,unknown,13156899,103,1,1,0.9999475479125977,cam,attribution,5,46,0.00024015971067818385,0.9,0.4349289975956282,1.0,0.6666666666666666,10,10,1.0,0.003404351882636547,46
image,0,2026-10-05T14:25:51,nodeGcor2,3.11.9,unknown,13156899,103,1,1,0.9999475479125977,grad_cam,attribution,5,46,0.00024015971067818385,0.83,0.43492899851857325,1.0,0.6666666666666666,10,10,1.0,0.0053652129136025906,46
image,0,2026-10-05T14:25:51,nodeGcor2,3.11.9,unknown,13156899,103,1,1,0.9999475479125977,lime,attribution,5,46,0.0020045497419698796,1.0,0.4534329753536771,1.0,0.6666666666666666,10,10,0.6666666666666666,2.44796283217147,46
image,0,2026-10-05T14:25:51,nodeGcor2,3.11.9,unknown,13156899,103,1,1,0.9999475479125977,kernel_shap,attribution,5,46,0.0,0.76,0.4236904287083746,1.0,0.1111111111111111,10,10,0.25,0.23897783970460296,46
image,0,2026-10-05T14:25:51,nodeGcor2,3.11.9,unknown,13156899,103,1,1,0.9999475479125977,random,attribution,5,46,0.0,0.44,0.4060860661240997,0.06944444444444445,0.0,10,10,0.1111111111111111,2.5238841772079468e-05,46
image,0,2026-10-05T14:25:51,nodeGcor2,3.11.9,unknown,13156899,104,1,1,0.9999364614486694,cam,attribution,5,43,0.016662523880628152,1.0,0.4447350997983194,1.0,0.6666666666666666,10,10,1.0,0.003348484169691801,43
image,0,2026-10-05T14:25:51,nodeGcor2,3.11.9,unknown,13156899,104,1,1,0.9999364614486694,grad_cam,attribution,5,43,0.016662523880628152,1.0,0.44473509692509305,1.0,0.6666666666666666,10,10,1.0,0.005365924909710884,43
image,0,2026-10-05T14:25:51,nodeGcor2,3.11.9,unknown,13156899,104,1,1,0.9999364614486694,lime,attribution,5,43,0.040287789510704185,0.99,0.6093709868660631,0.9,0.6666666666666666,10,10,0.6666666666666666,2.4441316570155323,43
image,0,2026-10-05T14:25:51,nodeGcor2,3.11.9,unknown,13156899,104,1,1,0.9999364614486694,kernel_shap,attribution,5,43,0.0016531802588794211,0.96,0.5248874759872284,0.6666666666666667,0.42857142857142855,10,10,0.25,0.2380967871285975,43
image,0,2026-10-05T14:25:51,nodeGcor2,3.11.9,unknown,13156899,104,1,1,0.9999364614486694,random,attribution,5,43,1.5498192374293266e-05,0.43,0.35474534538259683,0.04444444444444444,0.0,10,10,0.0,2.642720937728882e-05,43
image,0,2026-10-05T14:25:51,nodeGcor2,3.11.9,unknown,13156899,105,1,1,0.9999232292175293,cam,attribution,5,44,0.007647445792566587,0.93,0.49127544037619053,1.0,1.0,10,10,1.0,0.0034052738919854164,44
image,0,2026-10-05T14:25:51,nodeGcor2,3.11.9,unknown,13156899,105,1,1,0.9999232292175293,grad_cam,attribution,5,44,0.007647445792566587,0.85,0.49103537768646766,1.0,1.0,10,10,1.0,0.0053953370079398155,44
image,0,2026-10-05T14:25:51,nodeGcor2,3.11.9,unknown,13156899,105,1,1,0.9999232292175293,lime,attribution,5,44,0.030044239579473636,0.67,0.5908652906354607,0.8666666666666666,0.25,10,10,0.6666666666666666,2.4460835228674114,44
image,0,2026-10-05T14:25:51,nodeGcor2,3.11.9,unknown,13156899,105,1,1,0.9999232292175293,kernel_shap,attribution,5,44,0.039728770891243693,0.6,0.5439075299764976,0.8666666666666666,0.25,10,10,0.6666666666666666,0.3675094428472221,44
image,0,2026-10-05T14:25:51,nodeGcor2,3.11.9,unknown,13156899,105,1,1,0.9999232292175293,random,attribution,5,44,0.0,0.46,0.32428894620085347,0.08333333333333333,0.0,10,10,0.0,2.5294721126556396e-05,44
image,0,2026-10-05T14:25:51,nodeGcor2,3.11.9,unknown,13156899,106,1,1,0.9999326467514038,cam,attribution,5,43,0.0013590772771339779,0.75,0.43060070218133695,1.0,1.0,10,10,1.0,0.00337677588686347,43
image,0,2026-10-05T14:25:51,nodeGcor2,3.11.9,unknown,13156899,106,1,1,0.9999326467514038,grad_cam,attribution,5,43,0.0013590772771339779,0.68,0.4304443288083556,1.0,1.0,10,10,1.0,0.005402928218245506,43
image,0,2026-10-05T14:25:51,nodeGcor2,3.11.9,unknown,13156899,106,1,1,0.9999326467514038,lime,attribution,5,43,0.046316280648980857,0.77,0.5359773138486505,0.8,0.6666666666666666,10,10,0.6666666666666666,2.448529197368771,43
image,0,2026-10-05T14:25:51,nodeGcor2,3.11.9,unknown,13156899,106,1,1,0.9999326467514038,kernel_shap,attribution,5,43,0.007652022330831836,0.65,0.4699965497223414,1.0,0.42857142857142855,10,10,0.42857142857142855,0.23838543985038996,43
image,0,2026-10-05T14:25:51,nodeGcor2,3.11.9,unknown,13156899,106,1,1,0.9999326467514038,random,attribution,5,43,0.0,0.49,0.2920559379494627,0.07222222222222222,0.0,10,10,0.1111111111111111,2.480577677488327e-05,43
image,0,2026-10-05T14:25:51,nodeGcor2,3.11.9,unknown,13156899,107,1,1,0.9997177720069885,cam,attribution,5,46,0.00016705932364822506,0.74,0.4581215363694249,1.0,0.6666666666666666,10,10,1.0,0.003433074802160263,46
image,0,2026-10-05T14:25:51,nodeGcor2,3.11.9,unknown,13156899,107,1,1,0.9997177720069885,grad_cam,attribution,5,46,0.00016705932364822506,0.68,0.4583156515368585,1.0,1.0,10,10,1.0,0.005357170943170786,46
image,0,2026-10-05T14:25:51,nodeGcor2,3.11.9,unknown,13156899,107,1,1,0.9997177720069885,lime,attribution,5,46,0.0018747967280936606,0.77,0.5012052103713476,1.0,0.42857142857142855,10,10,0.6666666666666666,2.4528476716950536,46
image,0,2026-10-05T14:25:51,nodeGcor2,3.11.9,unknown,13156899,107,1,1,0.9997177720069885,kernel_shap,attribution,5,46,0.00039534988405117073,0.61,0.45304352324407104,1.0,0.42857142857142855,10,10,0.25,0.2386664990335703,46
image,0,2026-10-05T14:25:51,nodeGcor2,3.11.9,unknown,13156899,107,1,1,0.9997177720069885,random,attribution,5,46,4.656435823314196e-05,0.48,0.3650934143909371,0.08055555555555556,0.0,10,10,0.0,2.5859102606773376e-05,46
image,0,2026-10-05T14:25:51,nodeGcor2,3.11.9,unknown,13156899,108,1,1,0.9978468418121338,cam,attribution,5,44,0.1944164195799484,0.55,0.4865225016904131,0.7333333333333333,0.6666666666666666,10,10,1.0,0.003449494019150734,44
image,0,2026-10-05T14:25:51,nodeGcor2,3.11.9,unknown,13156899,108,1,1,0.9978468418121338,grad_cam,attribution,5,44,0.1944164195799484,0.47,0.5148904312865294,0.8333333333333333,0.6666666666666666,10,10,1.0,0.005514444783329964,44
image,0,2026-10-05T14:25:51,nodeGcor2,3.11.9,unknown,13156899,108,1,1,0.9978468418121338,lime,attribution,5,44,0.7075094471171106,0.56,0.5431928476685894,0.8666666666666666,0.6666666666666666,10,10,0.6666666666666666,2.459053703583777,44
image,0,2026-10-05T14:25:51,nodeGcor2,3.11.9,unknown,13156899,108,1,1,0.9978468418121338,kernel_shap,attribution,5,44,0.7075094471171106,0.54,0.5072557045745465,1.0,0.6666666666666666,10,10,0.25,0.23878743406385183,44
image,0,2026-10-05T14:25:51,nodeGcor2,3.11.9,unknown,13156899,108,1,1,0.9978468418121338,random,attribution,5,44,0.029833190033191397,0.44,0.3063207430733915,0.06666666666666667,0.0,10,10,0.1111111111111111,2.3043248802423477e-05,44
image,0,2026-10-05T14:25:51,nodeGcor2,3.11.9,unknown,13156899,109,1,1,0.985785186290741,cam,attribution,5,42,0.4694312441299977,0.91,0.563524652228848,1.0,1.0,10,10,1.0,0.0033539128489792347,42
image,0,2026-10-05T14:25:51,nodeGcor2,3.11.9,unknown,13156899,109,1,1,0.985785186290741,grad_cam,attribution,5,42,0.4694312441299977,0.94,0.6321187505222061,1.0,0.6666666666666666,10,10,1.0,0.005407631862908602,42
image,0,2026-10-05T14:25:51,nodeGcor2,3.11.9,unknown,13156899,109,1,1,0.985785186290741,lime,attribution,5,42,0.988248142429406,1.0,0.6763812747500859,0.9666666666666666,0.6666666666666666,10,10,1.0,2.4571177680045366,42
image,0,2026-10-05T14:25:51,nodeGcor2,3.11.9,unknown,13156899,109,1,1,0.985785186290741,kernel_shap,attribution,5,42,0.98864730863135,0.86,0.5996208524626829,0.6047619047619047,0.42857142857142855,10,10,0.6666666666666666,0.23762123240157962,42
image,0,2026-10-05T14:25:51,nodeGcor2,3.11.9,unknown,13156899,109,1,1,0.985785186290741,random,attribution,5,42,0.08487274297599601,0.57,0.3107209264973274,0.08055555555555556,0.0,10,10,0.1111111111111111,2.5383196771144867e-05,42
image,0,2026-10-05T14:25:51,nodeGcor2,3.11.9,unknown,13156899,110,1,1,0.9998113512992859,cam,attribution,5,46,0.003459689016088004,0.99,0.5220574238257832,0.8999999999999998,0.6666666666666666,10,10,1.0,0.003363602329045534,46
image,0,2026-10-05T14:25:51,nodeGcor2,3.11.9,unknown,13156899,110,1,1,0.9998113512992859,grad_cam,attribution,5,46,0.003459689016088004,0.99,0.5284984129982421,0.9,0.6666666666666666,10,10,1.0,0.00540484394878149,46
image,0,2026-10-05T14:25:51,nodeGcor2,3.11.9,unknown,13156899,110,1,1,0.9998113512992859,lime,attribution,5,46,0.1930891947329837,0.88,0.6162340986988841,1.0,1.0,10,10,1.0,2.4740482307970524,46
image,0,2026-10-05T14:25:51,nodeGcor2,3.11.9,unknown,13156899,110,1,1,0.9998113512992859,kernel_shap,attribution,5,46,0.2587265890630713,0.91,0.5542319521975327,0.9666666666666666,0.6666666666666666,10,10,0.6666666666666666,0.23899643402546644,46
image,0,2026-10-05T14:25:51,nodeGcor2,3.11.9,unknown,13156899,110,1,1,0.9998113512992859,random,attribution,5,46,0.0,0.54,0.32808172939067526,0.061111111111111116,0.0,10,10,0.1111111111111111,2.4183187633752823e-05,46
image,0,2026-10-05T14:25:51,nodeGcor2,3.11.9,unknown,13156899,111,1,1,0.9997666478157043,cam,attribution,5,41,0.007736999143698565,1.0,0.3669429330903794,0.9,0.6666666666666666,10,10,1.0,0.0035263188183307648,41
image,0,2026-10-05T14:25:51,nodeGcor2,3.11.9,unknown,13156899,111,1,1,0.9997666478157043,grad_cam,attribution,5,41,0.007736999143698565,1.0,0.3668389409276729,0.9666666666666666,1.0,10,10,1.0,0.0054252129048109055,41
image,0,2026-10-05T14:25:51,nodeGcor2,3.11.9,unknown,13156899,111,1,1,0.9997666478157043,lime,attribution,5,41,0.027281454888510602,0.88,0.600789050240981,1.0,0.6666666666666666,10,10,0.6666666666666666,2.457063063979149,41
image,0,2026-10-05T14:25:51,nodeGcor2,3.11.9,unknown,13156899,111,1,1,0.9997666478157043,kernel_shap,attribution,5,41,0.00032277490552097115,0.62,0.5083011403289843,0.8666666666666666,0.6666666666666666,10,10,0.6666666666666666,0.23746045771986246,41
image,0,2026-10-05T14:25:51,nodeGcor2,3.11.9,unknown,13156899,111,1,1,0.9997666478157043,random,attribution,5,41,0.0,0.43,0.22312297887381805,0.03333333333333333,0.0,10,10,0.0,2.474011853337288e-05,41
image,0,2026-10-05T14:25:51,nodeGcor2,3.11.9,unknown,13156899,112,1,1,0.9999855756759644,cam,attribution,5,39,0.00306402096111015,0.7,0.550485713053686,1.0,1.0,10,10,1.0,0.003458672668784857,39
image,0,2026-10-05T14:25:51,nodeGcor2,3.11.9,unknown,13156899,112,1,1,0.9999855756759644,grad_cam,attribution,5,39,0.00306402096111015,0.62,0.5497390543514518,1.0,1.0,10,10,1.0,0.005394106265157461,39
image,0,2026-10-05T14:25:51,nodeGcor2,3.11.9,unknown,13156899,112,1,1,0.9999855756759644,lime,attribution,5,39,0.25167971292081637,0.58,0.5372188159336544,0.9666666666666666,0.42857142857142855,10,10,1.0,2.451785788871348,39
image,0,2026-10-05T14:25:51,nodeGcor2,3.11.9,unknown,13156899,112,1,1,0.9999855756759644,kernel_shap,attribution,5,39,0.010818756707854468,0.57,0.5274912489818314,1.0,0.6666666666666666,10,10,0.6666666666666666,0.23741452395915985,39
image,0,2026-10-05T14:25:51,nodeGcor2,3.11.9,unknown,13156899,112,1,1,0.9999855756759644,random,attribution,5,39,0.0,0.5,0.393735134919161,0.09444444444444444,0.0,10,10,0.25,2.663489431142807e-05,39
image,0,2026-10-05T14:25:51,nodeGcor2,3.11.9,unknown,13156899,113,1,1,0.9997472167015076,cam,attribution,5,43,0.0936574459808114,0.57,0.5644628115899483,1.0,0.42857142857142855,10,10,1.0,0.0033983890898525715,43
image,0,2026-10-05T14:25:51,nodeGcor2,3.11.9,unknown,13156899,113,1,1,0.9997472167015076,grad_cam,attribution,5,43,0.0936574459808114,0.53,0.566359182177294,1.0,0.25,10,10,1.0,0.005397459026426077,43
image,0,2026-10-05T14:25:51,nodeGcor2,3.11.9,unknown,13156899,113,1,1,0.9997472167015076,lime,attribution,5,43,0.7582648874156195,0.56,0.6733430350255198,1.0,0.6666666666666666,10,10,1.0,2.447638297919184,43
image,0,2026-10-05T14:25:51,nodeGcor2,3.11.9,unknown,13156899,113,1,1,0.9997472167015076,kernel_shap,attribution,5,43,0.6311238763546717,0.59,0.6225686798552512,1.0,0.42857142857142855,10,10,0.42857142857142855,0.24171365285292268,43
image,0,2026-10-05T14:25:51,nodeGcor2,3.11.9,unknown,13156899,113,1,1,0.9997472167015076,random,attribution,5,43,0.0005154124417403592,0.42,0.3285074117896698,0.04444444444444444,0.0,10,10,0.0,2.758670598268509e-05,43
image,0,2026-10-05T14:25:51,nodeGcor2,3.11.9,unknown,13156899,114,1,1,0.9999969005584717,cam,attribution,5,43,0.0021949478469662693,0.98,0.3711557208587968,0.8,0.6666666666666666,10,10,1.0,0.00336635485291481,43
image,0,2026-10-05T14:25:51,nodeGcor2,3.11.9,unknown,13156899,114,1,1,0.9999969005584717,grad_cam,attribution,5,43,0.0021949478469662693,0.99,0.3711557237908585,0.8,0.42857142857142855,10,10,1.0,0.005632238928228617,43
image,0,2026-10-05T14:25:51,nodeGcor2,3.11.9,unknown,13156899,114,1,1,0.9999969005584717,lime,attribution,5,43,0.004680052004021657,0.99,0.5902091347266325,1.0,0.6666666666666666,10,10,1.0,2.439864154905081,43
image,0,2026-10-05T14:25:51,nodeGcor2,3.11.9,unknown,13156899,114,1,1,0.9999969005584717,kernel_shap,attribution,5,43,4.804149259076206e-05,0.98,0.523621781020507,1.0,0.6666666666666666,10,10,0.6666666666666666,0.24133818224072456,43
image,0,2026-10-05T14:25:51,nodeGcor2,3.11.9,unknown,13156899,114,1,1,0.9999969005584717,random,attribution,5,43,1.2993852834722245e-05,0.53,0.30593746182131387,0.05555555555555556,0.0,10,10,0.1111111111111111,3.2621901482343674e-05,43
image,0,2026-10-05T14:25:51,nodeGcor2,3.11.9,unknown,13156899,115,1,1,0.9878751635551453,cam,attribution,5,47,0.6529833233064932,0.51,0.6235646950703759,1.0,1.0,10,10,1.0,0.003384112846106291,47
image,0,2026-10-05T14:25:51,nodeGcor2,3.11.9,unknown,13156899,115,1,1,0.9878751635551453,grad_cam,attribution,5,47,0.6529833233064932,0.48,0.6295575756508427,1.0,1.0,10,10,1.0,0.00569002702832222,47
image,0,2026-10-05T14:25:51,nodeGcor2,3.11.9,unknown,13156899,115,1,1,0.9878751635551453,lime,attribution,5,47,0.5228979400017462,0.53,0.6072715545858858,1.0,0.6666666666666666,10,10,1.0,2.433616053778678,47
image,0,2026-10-05T14:25:51,nodeGcor2,3.11.9,unknown,13156899,115,1,1,0.9878751635551453,kernel_shap,attribution,5,47,0.6290442250318559,0.43,0.6058836986264122,0.9,0.25,10,10,0.6666666666666666,0.2420172058045864,47
image,0,2026-10-05T14:25:51,nodeGcor2,3.11.9,unknown,13156899,115,1,1,0.9878751635551453,random,attribution,5,47,0.0,0.46,0.37254474677135263,0.02222222222222222,0.0,10,10,0.0,2.7603935450315475e-05,47
image,0,2026-10-05T14:25:51,nodeGcor2,3.11.9,unknown,13156899,116,1,1,0.9998983144760132,cam,attribution,5,41,0.0004985838882294621,0.43,0.4142862557017498,1.0,0.6666666666666666,10,10,1.0,0.003404635936021805,41
image,0,2026-10-05T14:25:51,nodeGcor2,3.11.9,unknown,13156899,116,1,1,0.9998983144760132,grad_cam,attribution,5,41,0.0004985838882294621,0.54,0.4142862524751483,1.0,0.6666666666666666,10,10,1.0,0.005629369057714939,41
image,0,2026-10-05T14:25:51,nodeGcor2,3.11.9,unknown,13156899,116,1,1,0.9998983144760132,lime,attribution,5,41,0.07622330692499878,0.49,0.6080566128445787,0.5714285714285714,0.42857142857142855,10,10,1.0,2.4321007882244885,41
image,0,2026-10-05T14:25:51,nodeGcor2,3.11.9,unknown,13156899,116,1,1,0.9998983144760132,kernel_shap,attribution,5,41,0.014327371945488162,0.54,0.5461627809050105,0.8,0.42857142857142855,10,10,0.25,0.23987315921112895,41
image,0,2026-10-05T14:25:51,nodeGcor2,3.11.9,unknown,13156899,116,1,1,0.9998983144760132,random,attribution,5,41,0.0002390389038498497,0.55,0.32404876378802105,0.08333333333333333,0.0,10,10,0.1111111111111111,2.866797149181366e-05,41
image,0,2026-10-05T14:25:51,nodeGcor2,3.11.9,unknown,13156899,117,1,1,0.998813271522522,cam,attribution,5,45,0.00837538760686826,0.99,0.3757818567511144,1.0,0.25,10,10,1.0,0.0035064583644270897,45
image,0,2026-10-05T14:25:51,nodeGcor2,3.11.9,unknown,13156899,117,1,1,0.998813271522522,grad_cam,attribution,5,45,0.00837538760686826,0.96,0.37578185784881113,1.0,0.42857142857142855,10,10,1.0,0.005656752269715071,45
image,0,2026-10-05T14:25:51,nodeGcor2,3.11.9,unknown,13156899,117,1,1,0.998813271522522,lime,attribution,5,45,0.11261446792725852,0.75,0.6556015111933395,1.0,0.42857142857142855,10,10,0.6666666666666666,2.431616532150656,45
image,0,2026-10-05T14:25:51,nodeGcor2,3.11.9,unknown,13156899,117,1,1,0.998813271522522,kernel_shap,attribution,5,45,0.0780813679328322,0.54,0.5301492394473439,0.9666666666666666,0.42857142857142855,10,10,0.42857142857142855,0.24023492820560932,45
image,0,2026-10-05T14:25:51,nodeGcor2,3.11.9,unknown,13156899,117,1,1,0.998813271522522,random,attribution,5,45,0.0,0.47,0.2904440791850281,0.06944444444444445,0.0,10,10,0.0,2.9801856726408005e-05,45
image,0,2026-10-05T14:25:51,nodeGcor2,3.11.9,unknown,13156899,119,1,1,0.9983310103416443,cam,attribution,5,43,0.015267165090085128,0.7,0.5315297790641833,1.0,0.6666666666666666,10,10,1.0,0.0034940908662974834,43
image,0,2026-10-05T14:25:51,nodeGcor2,3.11.9,unknown,13156899,119,1,1,0.9983310103416443,grad_cam,attribution,5,43,0.015267165090085128,0.63,0.5269135390370319,1.0,0.6666666666666666,10,10,1.0,0.005679071880877018,43
image,0,2026-10-05T14:25:51,nodeGcor2,3.11.9,unknown,13156899,119,1,1,0.9983310103416443,lime,attribution,5,43,0.25391276593115153,0.82,0.6195468267953871,0.9666666666666666,0.6666666666666666,10,10,1.0,2.42788995988667,43
image,0,2026-10-05T14:25:51,nodeGcor2,3.11.9,unknown,13156899,119,1,1,0.9983310103416443,kernel_shap,attribution,5,43,0.25391276593115153,0.83,0.545175163445814,0.6666666666666667,0.42857142857142855,10,10,1.0,0.24006181908771396,43
image,0,2026-10-05T14:25:51,nodeGcor2,3.11.9,unknown,13156899,119,1,1,0.9983310103416443,random,attribution,5,43,0.0,0.56,0.3085010250111374,0.09444444444444444,0.0,10,10,0.0,2.6986002922058105e-05,43
image,0,2026-10-05T14:25:51,nodeGcor2,3.11.9,unknown,13156899,120,1,1,0.9999443292617798,cam,attribution,5,45,0.003334767500927798,0.79,0.38827806144459753,1.0,0.6666666666666666,10,10,1.0,0.0034421607851982117,45
image,0,2026-10-05T14:25:51,nodeGcor2,3.11.9,unknown,13156899,120,1,1,0.9999443292617798,grad_cam,attribution,5,45,0.003334767500927798,0.79,0.38827805920648306,1.0,0.6666666666666666,10,10,1.0,0.005651670973747969,45
image,0,2026-10-05T14:25:51,nodeGcor2,3.11.9,unknown,13156899,120,1,1,0.9999443292617798,lime,attribution,5,45,0.30069058209679594,0.94,0.6417479180194168,0.7666666666666667,0.6666666666666666,10,10,0.6666666666666666,2.4254006892442703,45
image,0,2026-10-05T14:25:51,nodeGcor2,3.11.9,unknown,13156899,120,1,1,0.9999443292617798,kernel_shap,attribution,5,45,0.3973132425885545,0.94,0.6091621642750411,1.0,0.6666666666666666,10,10,0.42857142857142855,0.24045112496241927,45
image,0,2026-10-05T14:25:51,nodeGcor2,3.11.9,unknown,13156899,120,1,1,0.9999443292617798,random,attribution,5,45,0.0,0.5,0.3427277053061838,0.05555555555555556,0.0,10,10,0.25,2.8776004910469055e-05,45
image,0,2026-10-05T14:25:51,nodeGcor2,3.11.9,unknown,13156899,121,1,1,0.9997468590736389,cam,attribution,5,39,0.0011127427708236986,0.58,0.44818010695538446,0.8666666666666668,0.6666666666666666,10,10,1.0,0.0034338869154453278,39
image,0,2026-10-05T14:25:51,nodeGcor2,3.11.9,unknown,13156899,121,1,1,0.9997468590736389,grad_cam,attribution,5,39,0.0011127427708236986,0.63,0.4466145346880759,0.8666666666666666,0.6666666666666666,10,10,1.0,0.005614544730633497,39
image,0,2026-10-05T14:25:51,nodeGcor2,3.11.9,unknown,13156899,121,1,1,0.9997468590736389,lime,attribution,5,39,0.10711115008917026,1.0,0.5468133590056443,1.0,1.0,10,10,1.0,2.432674483861774,39
image,0,2026-10-05T14:25:51,nodeGcor2,3.11.9,unknown,13156899,121,1,1,0.9997468590736389,kernel_shap,attribution,5,39,0.10711115008917026,0.99,0.48312547780701387,1.0,0.6666666666666666,10,10,1.0,0.23909814283251762,39
image,0,2026-10-05T14:25:51,nodeGcor2,3.11.9,unknown,13156899,121,1,1,0.9997468590736389,random,attribution,5,39,0.0,0.56,0.3350106136328378,0.0873015873015873,0.0,10,10,0.25,2.7091708034276962e-05,39
image,0,2026-10-05T14:25:51,nodeGcor2,3.11.9,unknown,13156899,122,1,1,0.995635449886322,cam,attribution,5,44,0.4640477397481859,0.86,0.5232482795940698,0.9666666666666666,0.6666666666666666,10,10,1.0,0.0034496397711336613,44
image,0,2026-10-05T14:25:51,nodeGcor2,3.11.9,unknown,13156899,122,1,1,0.995635449886322,grad_cam,attribution,5,44,0.4640477397481859,0.85,0.6282679331317991,0.9666666666666666,0.6666666666666666,10,10,1.0,0.0056487880647182465,44
image,0,2026-10-05T14:25:51,nodeGcor2,3.11.9,unknown,13156899,122,1,1,0.995635449886322,lime,attribution,5,44,0.7831250896488209,0.91,0.6490515442217919,1.0,0.6666666666666666,10,10,0.6666666666666666,2.4321946599520743,44
image,0,2026-10-05T14:25:51,nodeGcor2,3.11.9,unknown,13156899,122,1,1,0.995635449886322,kernel_shap,attribution,5,44,0.5256745841791353,0.85,0.5750575970404193,1.0,0.6666666666666666,10,10,0.6666666666666666,0.24134929990395904,44
image,0,2026-10-05T14:25:51,nodeGcor2,3.11.9,unknown,13156899,122,1,1,0.995635449886322,random,attribution,5,44,0.0,0.44,0.2894542671259075,0.09722222222222224,0.0,10,10,0.1111111111111111,3.7555117160081863e-05,44
image,0,2026-10-05T14:25:51,nodeGcor2,3.11.9,unknown,13156899,123,1,1,0.999701201915741,cam,attribution,5,47,0.005811221601453118,0.51,0.22626051392353552,0.7,0.42857142857142855,10,10,1.0,0.0034768497571349144,47
image,0,2026-10-05T14:25:51,nodeGcor2,3.11.9,unknown,13156899,123,1,1,0.999701201915741,grad_cam,attribution,5,47,0.005811221601453118,0.51,0.22626051576174522,0.7,0.42857142857142855,10,10,1.0,0.005623244680464268,47
image,0,2026-10-05T14:25:51,nodeGcor2,3.11.9,unknown,13156899,123,1,1,0.999701201915741,lime,attribution,5,47,0.003826569017013565,0.44,0.5354340165728377,0.7,0.1111111111111111,10,10,0.42857142857142855,2.4304594048298895,47
image,0,2026-10-05T14:25:51,nodeGcor2,3.11.9,unknown,13156899,123,1,1,0.999701201915741,kernel_shap,attribution,5,47,0.0032368433369375105,0.48,0.4253977947576749,0.8,0.25,10,10,0.6666666666666666,0.2421562452800572,47
image,0,2026-10-05T14:25:51,nodeGcor2,3.11.9,unknown,13156899,123,1,1,0.999701201915741,random,attribution,5,47,0.0008459829819633137,0.55,0.3322329753647286,0.04444444444444444,0.0,10,10,0.1111111111111111,2.702837809920311e-05,47
image,0,2026-10-05T14:25:51,nodeGcor2,3.11.9,unknown,13156899,124,1,1,0.9999955892562866,cam,attribution,5,43,4.017370777454229e-05,0.7,0.45013376452878273,1.0,0.6666666666666666,10,10,1.0,0.003503406886011362,43
image,0,2026-10-05T14:25:51,nodeGcor2,3.11.9,unknown,13156899,124,1,1,0.9999955892562866,grad_cam,attribution,5,43,4.017370777454229e-05,0.71,0.4501337652081794,0.9666666666666666,0.6666666666666666,10,10,1.0,0.005677476059645414,43
image,0,2026-10-05T14:25:51,nodeGcor2,3.11.9,unknown,13156899,124,1,1,0.9999955892562866,lime,attribution,5,43,0.005130015589067554,0.62,0.5906690214337988,1.0,0.42857142857142855,10,10,0.6666666666666666,2.439083285164088,43
image,0,2026-10-05T14:25:51,nodeGcor2,3.11.9,unknown,13156899,124,1,1,0.9999955892562866,kernel_shap,attribution,5,43,9.441417376094213e-05,0.59,0.4527436695214163,0.7333333333333334,0.25,10,10,0.1111111111111111,0.24120885506272316,43
image,0,2026-10-05T14:25:51,nodeGcor2,3.11.9,unknown,13156899,124,1,1,0.9999955892562866,random,attribution,5,43,1.9073570456755982e-06,0.41,0.33720772039109903,0.0873015873015873,0.0,10,10,0.0,2.9860064387321472e-05,43
image,0,2026-10-05T14:25:51,nodeGcor2,3.11.9,unknown,13156899,125,1,1,0.9994202852249146,cam,attribution,5,45,0.011846678965073115,0.53,0.3619114171672916,1.0,0.42857142857142855,10,10,1.0,0.0034468830563127995,45
image,0,2026-10-05T14:25:51,nodeGcor2,3.11.9,unknown,13156899,125,1,1,0.9994202852249146,grad_cam,attribution,5,45,0.011846678965073115,0.49,0.3618980813009275,0.9333333333333332,0.42857142857142855,10,10,1.0,0.005624556913971901,45
image,0,2026-10-05T14:25:51,nodeGcor2,3.11.9,unknown,13156899,125,1,1,0.9994202852249146,lime,attribution,5,45,0.7719954735009736,0.49,0.6082700137312167,0.9666666666666666,0.42857142857142855,10,10,0.6666666666666666,2.4225480440072715,45
image,0,2026-10-05T14:25:51,nodeGcor2,3.11.9,unknown,13156899,125,1,1,0.9994202852249146,kernel_shap,attribution,5,45,0.5880382530855554,0.48,0.5680189997149291,0.6857142857142857,0.25,10,10,0.42857142857142855,0.2408934449777007,45
image,0,2026-10-05T14:25:51,nodeGcor2,3.11.9,unknown,13156899,125,1,1,0.9994202852249146,random,attribution,5,45,0.001137081747028952,0.52,0.3562770956295944,0.04444444444444444,0.0,10,10,0.1111111111111111,2.85981222987175e-05,45
image,0,2026-10-05T14:25:51,nodeGcor2,3.11.9,unknown,13156899,126,1,1,0.9951584935188293,cam,attribution,5,44,0.12036404540978528,0.44,0.4720268733048496,1.0,0.6666666666666666,10,10,1.0,0.0035017160698771477,44
image,0,2026-10-05T14:25:51,nodeGcor2,3.11.9,unknown,13156899,126,1,1,0.9951584935188293,grad_cam,attribution,5,44,0.12036404540978528,0.5,0.481484290735268,1.0,0.6666666666666666,10,10,1.0,0.005682260729372501,44
image,0,2026-10-05T14:25:51,nodeGcor2,3.11.9,unknown,13156899,126,1,1,0.9951584935188293,lime,attribution,5,44,0.31597044306709926,0.6,0.538766564580974,0.9666666666666666,0.1111111111111111,10,10,1.0,2.4236655849963427,44
image,0,2026-10-05T14:25:51,nodeGcor2,3.11.9,unknown,13156899,126,1,1,0.9951584935188293,kernel_shap,attribution,5,44,0.31597044306709926,0.52,0.46060672573444117,0.9333333333333332,0.42857142857142855,10,10,0.6666666666666666,0.24182974686846137,44
image,0,2026-10-05T14:25:51,nodeGcor2,3.11.9,unknown,13156899,126,1,1,0.9951584935188293,random,attribution,5,44,0.0010032313633003833,0.58,0.38345882740637627,0.09444444444444444,0.0,10,10,0.0,2.7632340788841248e-05,44
image,0,2026-10-05T14:25:51,nodeGcor2,3.11.9,unknown,13156899,127,1,1,0.9997588992118835,cam,attribution,5,44,0.1570547581080236,0.48,0.5575038782051214,0.9,0.42857142857142855,10,10,1.0,0.003462284803390503,44
image,0,2026-10-05T14:25:51,nodeGcor2,3.11.9,unknown,13156899,127,1,1,0.9997588992118835,grad_cam,attribution,5,44,0.1570547581080236,0.55,0.5683480094011092,1.0,0.42857142857142855,10,10,1.0,0.005751173943281174,44
image,0,2026-10-05T14:25:51,nodeGcor2,3.11.9,unknown,13156899,127,1,1,0.9997588992118835,lime,attribution,5,44,0.9879672903865095,0.58,0.6376912523345315,0.9666666666666666,0.6666666666666666,10,10,1.0,2.428943534847349,44
image,0,2026-10-05T14:25:51,nodeGcor2,3.11.9,unknown,13156899,127,1,1,0.9997588992118835,kernel_shap,attribution,5,44,0.9879672903865095,0.53,0.6120093576998522,1.0,0.6666666666666666,10,10,1.0,0.24219976924359798,44
image,0,2026-10-05T14:25:51,nodeGcor2,3.11.9,unknown,13156899,127,1,1,0.9997588992118835,random,attribution,5,44,0.0,0.45,0.2906082794049276,0.03333333333333333,0.0,10,10,0.1111111111111111,2.6650261133909225e-05,44
image,0,2026-10-05T14:25:51,nodeGcor2,3.11.9,unknown,13156899,128,1,1,0.9999852180480957,cam,attribution,5,42,0.0011831696883489316,0.99,0.41721844527076835,1.0,0.6666666666666666,10,10,1.0,0.003624390810728073,42
image,0,2026-10-05T14:25:51,nodeGcor2,3.11.9,unknown,13156899,128,1,1,0.9999852180480957,grad_cam,attribution,5,42,0.0011831696883489316,0.99,0.4172184480368487,1.0,0.6666666666666666,10,10,1.0,0.005640747956931591,42
image,0,2026-10-05T14:25:51,nodeGcor2,3.11.9,unknown,13156899,128,1,1,0.9999852180480957,lime,attribution,5,42,0.02763997642482241,1.0,0.5682463213535462,1.0,0.42857142857142855,10,10,0.6666666666666666,2.428686055354774,42
image,0,2026-10-05T14:25:51,nodeGcor2,3.11.9,unknown,13156899,128,1,1,0.9999852180480957,kernel_shap,attribution,5,42,0.0029479700980534745,0.58,0.43000959249712434,1.0,0.42857142857142855,10,10,0.42857142857142855,0.24117212696000934,42
image,0,2026-10-05T14:25:51,nodeGcor2,3.11.9,unknown,13156899,128,1,1,0.9999852180480957,random,attribution,5,42,0.0,0.54,0.3789070755022569,0.04722222222222222,0.0,10,10,0.1111111111111111,2.8342939913272858e-05,42
image,0,2026-10-05T14:25:51,nodeGcor2,3.11.9,unknown,13156899,129,1,1,0.9870176911354065,cam,attribution,5,42,0.06708533239545897,0.57,0.4619220022835382,0.6666666666666667,0.6666666666666666,10,10,1.0,0.0035032876767218113,42
image,0,2026-10-05T14:25:51,nodeGcor2,3.11.9,unknown,13156899,129,1,1,0.9870176911354065,grad_cam,attribution,5,42,0.06708533239545897,0.63,0.4700020859605998,0.6666666666666667,0.6666666666666666,10,10,1.0,0.005588740110397339,42
image,0,2026-10-05T14:25:51,nodeGcor2,3.11.9,unknown,13156899,129,1,1,0.9870176911354065,lime,attribution,5,42,0.037814219714782486,0.62,0.48506799140979695,0.9333333333333332,0.25,10,10,1.0,2.4303792472928762,42
image,0,2026-10-05T14:25:51,nodeGcor2,3.11.9,unknown,13156899,129,1,1,0.9870176911354065,kernel_shap,attribution,5,42,0.0,0.58,0.40766722418806667,0.6666666666666667,0.25,10,10,0.42857142857142855,0.24122588289901614,42
image,0,2026-10-05T14:25:51,nodeGcor2,3.11.9,unknown,13156899,129,1,1,0.9870176911354065,random,attribution,5,42,0.0,0.44,0.36214330808577866,0.05555555555555556,0.0,10,10,0.0,2.7307309210300446e-05,42
image,0,2026-10-05T14:25:51,nodeGcor2,3.11.9,unknown,13156899,130,1,1,0.9998055100440979,cam,attribution,5,45,0.0005473963114121042,0.71,0.4991474449677511,1.0,0.6666666666666666,10,10,1.0,0.0034285280853509903,45
image,0,2026-10-05T14:25:51,nodeGcor2,3.11.9,unknown,13156899,130,1,1,0.9998055100440979,grad_cam,attribution,5,45,0.0005473963114121042,0.63,0.49701122068993153,1.0,0.6666666666666666,10,10,1.0,0.005636340938508511,45
image,0,2026-10-05T14:25:51,nodeGcor2,3.11.9,unknown,13156899,130,1,1,0.9998055100440979,lime,attribution,5,45,0.16295401566941317,0.85,0.5783265279529383,1.0,1.0,10,10,0.6666666666666666,2.4329840443097055,45
image,0,2026-10-05T14:25:51,nodeGcor2,3.11.9,unknown,13156899,130,1,1,0.9998055100440979,kernel_shap,attribution,5,45,0.09493683450764408,0.86,0.49595603376775277,1.0,0.42857142857142855,10,10,0.6666666666666666,0.24038261594250798,45
image,0,2026-10-05T14:25:51,nodeGcor2,3.11.9,unknown,13156899,130,1,1,0.9998055100440979,random,attribution,5,45,0.0,0.48,0.37784386073479714,0.06944444444444445,0.0,10,10,0.25,2.7434900403022766e-05,45
image,0,2026-10-05T14:25:51,nodeGcor2,3.11.9,unknown,13156899,131,1,1,0.9999796152114868,cam,attribution,5,42,0.0005071862612784718,0.56,0.4359570945977971,1.0,0.6666666666666666,10,10,1.0,0.0034228735603392124,42
image,0,2026-10-05T14:25:51,nodeGcor2,3.11.9,unknown,13156899,131,1,1,0.9999796152114868,grad_cam,attribution,5,42,0.0005071862612784718,0.71,0.43588325328846966,1.0,0.6666666666666666,10,10,1.0,0.005628400947898626,42
image,0,2026-10-05T14:25:51,nodeGcor2,3.11.9,unknown,13156899,131,1,1,0.9999796152114868,lime,attribution,5,42,0.0034006931207804267,0.93,0.5971705501183735,0.9666666666666666,0.6666666666666666,10,10,0.6666666666666666,2.430775467772037,42
image,0,2026-10-05T14:25:51,nodeGcor2,3.11.9,unknown,13156899,131,1,1,0.9999796152114868,kernel_shap,attribution,5,42,0.0013144284209322904,0.63,0.4855418516417278,1.0,0.42857142857142855,10,10,0.6666666666666666,0.2397841471247375,42
image,0,2026-10-05T14:25:51,nodeGcor2,3.11.9,unknown,13156899,131,1,1,0.9999796152114868,random,attribution,5,42,0.00028038596463202857,0.55,0.351442525343148,0.05555555555555556,0.0,10,10,0.1111111111111111,2.796994522213936e-05,42
image,0,2026-10-05T14:25:51,nodeGcor2,3.11.9,unknown,13156899,132,1,1,0.8918755054473877,cam,attribution,5,43,0.04329343427923671,0.43,0.5356036510052321,0.8,0.42857142857142855,10,10,1.0,0.003409910947084427,43
image,0,2026-10-05T14:25:51,nodeGcor2,3.11.9,unknown,13156899,132,1,1,0.8918755054473877,grad_cam,attribution,5,43,0.04329343427923671,0.45,0.561641812549815,0.8333333333333333,0.42857142857142855,10,10,1.0,0.005663698073476553,43
image,0,2026-10-05T14:25:51,nodeGcor2,3.11.9,unknown,13156899,132,1,1,0.8918755054473877,lime,attribution,5,43,0.5630118954008825,0.51,0.5562452139158598,0.7,0.42857142857142855,10,10,0.42857142857142855,2.4377567223273218,43
image,0,2026-10-05T14:25:51,nodeGcor2,3.11.9,unknown,13156899,132,1,1,0.8918755054473877,kernel_shap,attribution,5,43,0.6269308456939403,0.53,0.5115712359360414,0.8666666666666666,0.25,10,10,0.42857142857142855,0.2418888290412724,43
image,0,2026-10-05T14:25:51,nodeGcor2,3.11.9,unknown,13156899,132,1,1,0.8918755054473877,random,attribution,5,43,0.0,0.39,0.3219260418096592,0.075,0.0,10,10,0.0,2.8263311833143234e-05,43
image,0,2026-10-05T14:25:51,nodeGcor2,3.11.9,unknown,13156899,133,1,1,0.9999958276748657,cam,attribution,5,35,0.07016509244182532,0.99,0.5312960098479556,1.0,1.0,10,10,1.0,0.0035827849060297012,35
image,0,2026-10-05T14:25:51,nodeGcor2,3.11.9,unknown,13156899,133,1,1,0.9999958276748657,grad_cam,attribution,5,35,0.07016509244182532,1.0,0.5277218241348476,1.0,1.0,10,10,1.0,0.0056179058738052845,35
image,0,2026-10-05T14:25:51,nodeGcor2,3.11.9,unknown,13156899,133,1,1,0.9999958276748657,lime,attribution,5,35,0.060928300916019924,0.99,0.6426675156291746,0.9333333333333332,0.42857142857142855,10,10,0.6666666666666666,2.419386033900082,35
image,0,2026-10-05T14:25:51,nodeGcor2,3.11.9,unknown,13156899,133,1,1,0.9999958276748657,kernel_shap,attribution,5,35,0.026288440238882108,1.0,0.5344801251117031,1.0,1.0,10,10,0.6666666666666666,0.24061186285689473,35
image,0,2026-10-05T14:25:51,nodeGcor2,3.11.9,unknown,13156899,133,1,1,0.9999958276748657,random,attribution,5,35,0.0,0.5,0.3308823713144965,0.10277777777777777,0.0,10,10,0.1111111111111111,2.780510112643242e-05,35
image,0,2026-10-05T14:25:51,nodeGcor2,3.11.9,unknown,13156899,134,1,1,0.9999936819076538,cam,attribution,5,47,1.335152478585406e-05,0.55,0.3910869403838708,0.9333333333333332,0.6666666666666666,10,10,1.0,0.0034569990821182728,47
image,0,2026-10-05T14:25:51,nodeGcor2,3.11.9,unknown,13156899,134,1,1,0.9999936819076538,grad_cam,attribution,5,47,1.335152478585406e-05,0.54,0.39024165729524674,0.9333333333333332,0.6666666666666666,10,10,1.0,0.005686820950359106,47
image,0,2026-10-05T14:25:51,nodeGcor2,3.11.9,unknown,13156899,134,1,1,0.9999936819076538,lime,attribution,5,47,0.007532703785097672,0.79,0.5495981372403476,1.0,0.42857142857142855,10,10,1.0,2.439790098927915,47
image,0,2026-10-05T14:25:51,nodeGcor2,3.11.9,unknown,13156899,134,1,1,0.9999936819076538,kernel_shap,attribution,5,47,0.0005651152075655462,0.78,0.5622221078664262,0.8666666666666668,0.25,10,10,0.6666666666666666,0.2408184059895575,47
image,0,2026-10-05T14:25:51,nodeGcor2,3.11.9,unknown,13156899,134,1,1,0.9999936819076538,random,attribution,5,47,7.152602563850389e-07,0.54,0.31451047944305455,0.02222222222222222,0.0,10,10,0.1111111111111111,2.9034912586212158e-05,47
image,0,2026-10-05T14:25:51,nodeGcor2,3.11.9,unknown,13156899,135,1,1,0.9819466471672058,cam,attribution,5,45,0.21118882137632555,0.53,0.5433960082417043,0.8,0.6666666666666666,10,10,1.0,0.003446826245635748,45
image,0,2026-10-05T14:25:51,nodeGcor2,3.11.9,unknown,13156899,135,1,1,0.9819466471672058,grad_cam,attribution,5,45,0.21118882137632555,0.47,0.569118627527883,0.8666666666666666,0.6666666666666666,10,10,1.0,0.005659078247845173,45
image,0,2026-10-05T14:25:51,nodeGcor2,3.11.9,unknown,13156899,135,1,1,0.9819466471672058,lime,attribution,5,45,0.21199486472869863,0.58,0.5604613542032244,0.9666666666666666,0.42857142857142855,10,10,1.0,2.4284819471649826,45
image,0,2026-10-05T14:25:51,nodeGcor2,3.11.9,unknown,13156899,135,1,1,0.9819466471672058,kernel_shap,attribution,5,45,0.4302542748402057,0.6,0.5351316259599594,0.8333333333333333,0.25,10,10,0.6666666666666666,0.23958491114899516,45
image,0,2026-10-05T14:25:51,nodeGcor2,3.11.9,unknown,13156899,135,1,1,0.9819466471672058,random,attribution,5,45,0.0,0.47,0.30873208036933575,0.08333333333333334,0.0,10,10,0.0,2.726120874285698e-05,45
image,0,2026-10-05T14:25:51,nodeGcor2,3.11.9,unknown,13156899,136,1,1,0.9949039220809937,cam,attribution,5,46,0.659478050007327,0.66,0.666790900679088,1.0,1.0,10,10,1.0,0.003484148997813463,46
image,0,2026-10-05T14:25:51,nodeGcor2,3.11.9,unknown,13156899,136,1,1,0.9949039220809937,grad_cam,attribution,5,46,0.659478050007327,0.7,0.6811167374173155,1.0,1.0,10,10,1.0,0.005631161853671074,46
image,0,2026-10-05T14:25:51,nodeGcor2,3.11.9,unknown,13156899,136,1,1,0.9949039220809937,lime,attribution,5,46,0.7409606646747002,0.85,0.6247116561957573,0.8333333333333333,0.42857142857142855,10,10,1.0,2.428939779289067,46
image,0,2026-10-05T14:25:51,nodeGcor2,3.11.9,unknown,13156899,136,1,1,0.9949039220809937,kernel_shap,attribution,5,46,0.8078653875809279,0.7,0.565246347381011,1.0,0.6666666666666666,10,10,0.42857142857142855,0.24074072623625398,46
image,0,2026-10-05T14:25:51,nodeGcor2,3.11.9,unknown,13156899,136,1,1,0.9949039220809937,random,attribution,5,46,0.031653729509144475,0.52,0.28190290090856407,0.04444444444444444,0.0,10,10,0.25,2.77077779173851e-05,46
image,0,2026-10-05T14:25:51,nodeGcor2,3.11.9,unknown,13156899,137,1,1,0.9998186230659485,cam,attribution,5,46,0.014519467402528257,0.61,0.25242694250488973,0.6666666666666667,0.6666666666666666,10,10,1.0,0.003460089210420847,46
image,0,2026-10-05T14:25:51,nodeGcor2,3.11.9,unknown,13156899,137,1,1,0.9998186230659485,grad_cam,attribution,5,46,0.014519467402528257,0.56,0.2524269382594224,0.6761904761904762,0.6666666666666666,10,10,1.0,0.005637220107018948,46
image,0,2026-10-05T14:25:51,nodeGcor2,3.11.9,unknown,13156899,137,1,1,0.9998186230659485,lime,attribution,5,46,0.12245548497812321,0.59,0.6243145697310827,1.0,0.42857142857142855,10,10,1.0,2.436365121975541,46
image,0,2026-10-05T14:25:51,nodeGcor2,3.11.9,unknown,13156899,137,1,1,0.9998186230659485,kernel_shap,attribution,5,46,0.05138305212019743,0.56,0.6129307830952326,1.0,0.25,10,10,0.42857142857142855,0.240537169855088,46
image,0,2026-10-05T14:25:51,nodeGcor2,3.11.9,unknown,13156899,137,1,1,0.9998186230659485,random,attribution,5,46,0.00034100049904111496,0.38,0.37280877448618777,0.05833333333333333,0.0,10,10,0.0,2.7169007807970047e-05,46
image,0,2026-10-05T14:25:51,nodeGcor2,3.11.9,unknown,13156899,138,1,1,0.9994613528251648,cam,attribution,5,41,0.05312879904938969,1.0,0.500036706360341,1.0,1.0,10,10,1.0,0.0034814011305570602,41
image,0,2026-10-05T14:25:51,nodeGcor2,3.11.9,unknown,13156899,138,1,1,0.9994613528251648,grad_cam,attribution,5,41,0.05312879904938969,1.0,0.4993544171040416,1.0,1.0,10,10,1.0,0.0056539191864430904,41
image,0,2026-10-05T14:25:51,nodeGcor2,3.11.9,unknown,13156899,138,1,1,0.9994613528251648,lime,attribution,5,41,0.1692975532519192,1.0,0.5539395374735789,0.9666666666666666,1.0,10,10,1.0,2.4457915439270437,41
image,0,2026-10-05T14:25:51,nodeGcor2,3.11.9,unknown,13156899,138,1,1,0.9994613528251648,kernel_shap,attribution,5,41,0.1692975532519192,1.0,0.512256442849645,0.7666666666666667,0.25,10,10,0.6666666666666666,0.23934321384876966,41
image,0,2026-10-05T14:25:51,nodeGcor2,3.11.9,unknown,13156899,138,1,1,0.9994613528251648,random,attribution,5,41,0.0,0.51,0.34599683946095894,0.06666666666666668,0.0,10,10,0.0,2.7241185307502747e-05,41
image,0,2026-10-05T14:25:51,nodeGcor2,3.11.9,unknown,13156899,139,1,1,0.9976949095726013,cam,attribution,5,48,0.641373143890722,0.73,0.4718605735880592,0.8,0.42857142857142855,10,10,1.0,0.0034148050472140312,48
image,0,2026-10-05T14:25:51,nodeGcor2,3.11.9,unknown,13156899,139,1,1,0.9976949095726013,grad_cam,attribution,5,48,0.641373143890722,0.71,0.5376725774241653,0.8333333333333334,0.42857142857142855,10,10,1.0,0.005628963932394981,48
image,0,2026-10-05T14:25:51,nodeGcor2,3.11.9,unknown,13156899,139,1,1,0.9976949095726013,lime,attribution,5,48,0.9588857508984672,0.82,0.6476613815504091,0.9333333333333332,0.42857142857142855,10,10,0.6666666666666666,2.4329939200542867,48
image,0,2026-10-05T14:25:51,nodeGcor2,3.11.9,unknown,13156899,139,1,1,0.9976949095726013,kernel_shap,attribution,5,48,0.8541356254691278,0.64,0.6506373116500328,1.0,0.6666666666666666,10,10,0.6666666666666666,0.24087976291775703,48
image,0,2026-10-05T14:25:51,nodeGcor2,3.11.9,unknown,13156899,139,1,1,0.9976949095726013,random,attribution,5,48,0.00010180118801508474,0.52,0.3181948998419958,0.01111111111111111,0.0,10,10,0.0,2.9033049941062927e-05,48
