modality,seed,date,host,python,commit,slurm_job,instance,y_true,y_pred,p_pred,method,kind,k,d,fid_del,fid_suf,sparsity,stability,robustness,n_valid_stab,n_valid_rob,consistency,time_s,n_superpixels
image,2,2026-10-05T14:25:51,nodeGcor3,3.11.9,unknown,13156898,0,0,0,0.9978356957435608,cam,attribution,5,47,0.07478842045635987,0.56,0.3322448454275456,0.7666666666666667,0.25,10,10,1.0,0.03304007975384593,47
image,2,2026-10-05T14:25:51,nodeGcor3,3.11.9,unknown,13156898,0,0,0,0.9978356957435608,grad_cam,attribution,5,47,0.07478842045635987,0.55,0.332244853388176,0.6666666666666667,0.25,10,10,1.0,0.009807332884520292,47
image,2,2026-10-05T14:25:51,nodeGcor3,3.11.9,unknown,13156898,0,0,0,0.9978356957435608,lime,attribution,5,47,0.07478842045635987,0.44,0.568358150231373,0.7666666666666666,0.1111111111111111,10,10,0.6666666666666666,2.500667819287628,47
image,2,2026-10-05T14:25:51,nodeGcor3,3.11.9,unknown,13156898,0,0,0,0.9978356957435608,kernel_shap,attribution,5,47,0.02847158393887246,0.5,0.5067688912061801,0.9,0.1111111111111111,10,10,0.6666666666666666,0.327489220071584,47
image,2,2026-10-05T14:25:51,nodeGcor3,3.11.9,unknown,13156898,0,0,0,0.9978356957435608,random,attribution,5,47,0.00024544726387229525,0.58,0.3577191158759728,0.05555555555555556,0.0,10,10,0.0,3.212597221136093e-05,47
image,2,2026-10-05T14:25:51,nodeGcor3,3.11.9,unknown,13156898,1,0,0,0.9999603033065796,cam,attribution,5,44,0.0021039489172623594,0.82,0.3520928059318855,1.0,0.6666666666666666,10,10,1.0,0.0032020430080592632,44
image,2,2026-10-05T14:25:51,nodeGcor3,3.11.9,unknown,13156898,1,0,0,0.9999603033065796,grad_cam,attribution,5,44,0.0021039489172623594,0.78,0.3520928083598315,1.0,0.6666666666666666,10,10,1.0,0.005447709932923317,44
image,2,2026-10-05T14:25:51,nodeGcor3,3.11.9,unknown,13156898,1,0,0,0.9999603033065796,lime,attribution,5,44,0.000620807093330523,0.73,0.5530361583499002,0.9333333333333332,0.42857142857142855,10,10,0.6666666666666666,2.410601965151727,44
image,2,2026-10-05T14:25:51,nodeGcor3,3.11.9,unknown,13156898,1,0,0,0.9999603033065796,kernel_shap,attribution,5,44,0.0014376616691347947,0.77,0.5845390163846809,0.9666666666666666,0.25,10,10,0.6666666666666666,0.22870589094236493,44
image,2,2026-10-05T14:25:51,nodeGcor3,3.11.9,unknown,13156898,1,0,0,0.9999603033065796,random,attribution,5,44,1.5378610665316848e-05,0.51,0.35740233413648215,0.05555555555555556,0.0,10,10,0.0,2.8108246624469757e-05,44
image,2,2026-10-05T14:25:51,nodeGcor3,3.11.9,unknown,13156898,2,0,0,0.9998310804367065,cam,attribution,5,48,7.600875239293437e-05,0.64,0.35790082639433596,0.9666666666666666,1.0,10,10,1.0,0.003264205064624548,48
image,2,2026-10-05T14:25:51,nodeGcor3,3.11.9,unknown,13156898,2,0,0,0.9998310804367065,grad_cam,attribution,5,48,7.600875239293437e-05,0.68,0.3579008270032251,1.0,1.0,10,10,1.0,0.005557294003665447,48
image,2,2026-10-05T14:25:51,nodeGcor3,3.11.9,unknown,13156898,2,0,0,0.9998310804367065,lime,attribution,5,48,0.00015332902835657036,0.6,0.5208864468856745,0.8333333333333333,0.25,10,10,0.42857142857142855,2.4588561947457492,48
image,2,2026-10-05T14:25:51,nodeGcor3,3.11.9,unknown,13156898,2,0,0,0.9998310804367065,kernel_shap,attribution,5,48,0.0,0.58,0.3990088122345259,0.8,0.42857142857142855,10,10,0.42857142857142855,0.22767263324931264,48
image,2,2026-10-05T14:25:51,nodeGcor3,3.11.9,unknown,13156898,2,0,0,0.9998310804367065,random,attribution,5,48,0.0,0.59,0.25896187475668264,0.03333333333333333,0.0,10,10,0.1111111111111111,2.7026981115341187e-05,48
image,2,2026-10-05T14:25:51,nodeGcor3,3.11.9,unknown,13156898,3,0,0,0.9388965964317322,cam,attribution,5,36,0.0,0.54,0.2679280410780154,0.5535714285714286,0.0,10,10,1.0,0.0035119219683110714,36
image,2,2026-10-05T14:25:51,nodeGcor3,3.11.9,unknown,13156898,3,0,0,0.9388965964317322,grad_cam,attribution,5,36,0.0,0.49,0.24211474103951613,0.6428571428571429,0.0,10,10,1.0,0.0056320191361010075,36
image,2,2026-10-05T14:25:51,nodeGcor3,3.11.9,unknown,13156898,3,0,0,0.9388965964317322,lime,attribution,5,36,0.0066972247225922515,0.48,0.48866993233713907,0.8,0.42857142857142855,10,10,0.6666666666666666,2.49103483883664,36
image,2,2026-10-05T14:25:51,nodeGcor3,3.11.9,unknown,13156898,3,0,0,0.9388965964317322,kernel_shap,attribution,5,36,0.0,0.54,0.4655636313332159,0.8333333333333333,0.25,10,10,1.0,0.2280655289068818,36
image,2,2026-10-05T14:25:51,nodeGcor3,3.11.9,unknown,13156898,3,0,0,0.9388965964317322,random,attribution,5,36,0.0,0.51,0.387024675624723,0.1011904761904762,0.0,10,10,0.1111111111111111,3.785872831940651e-05,36
image,2,2026-10-05T14:25:51,nodeGcor3,3.11.9,unknown,13156898,4,0,0,0.999483585357666,cam,attribution,5,48,0.0005985601399379577,0.63,0.39961526390731805,0.8666666666666666,0.1111111111111111,10,10,1.0,0.0033881040289998055,48
image,2,2026-10-05T14:25:51,nodeGcor3,3.11.9,unknown,13156898,4,0,0,0.999483585357666,grad_cam,attribution,5,48,0.0005985601399379577,0.61,0.3996152633696587,0.9,0.25,10,10,1.0,0.005407100077718496,48
image,2,2026-10-05T14:25:51,nodeGcor3,3.11.9,unknown,13156898,4,0,0,0.999483585357666,lime,attribution,5,48,0.004280089648648716,0.46,0.5602283927396934,0.6666666666666667,0.42857142857142855,10,10,0.6666666666666666,2.460873438976705,48
image,2,2026-10-05T14:25:51,nodeGcor3,3.11.9,unknown,13156898,4,0,0,0.999483585357666,kernel_shap,attribution,5,48,0.0006335660981070901,0.49,0.5410712876639239,0.9333333333333332,0.42857142857142855,10,10,1.0,0.2291326210834086,48
image,2,2026-10-05T14:25:51,nodeGcor3,3.11.9,unknown,13156898,4,0,0,0.999483585357666,random,attribution,5,48,0.0,0.55,0.2618845347313583,0.10833333333333335,0.0,10,10,0.0,3.727106377482414e-05,48
image,2,2026-10-05T14:25:51,nodeGcor3,3.11.9,unknown,13156898,6,0,0,0.9861869812011719,cam,attribution,5,41,0.003294383121502347,0.45,0.34149916397623303,0.8428571428571427,0.1111111111111111,10,10,1.0,0.0033282130025327206,41
image,2,2026-10-05T14:25:51,nodeGcor3,3.11.9,unknown,13156898,6,0,0,0.9861869812011719,grad_cam,attribution,5,41,0.003294383121502347,0.47,0.3414991718336928,0.8,0.0,10,9,1.0,0.0056276642717421055,41
image,2,2026-10-05T14:25:51,nodeGcor3,3.11.9,unknown,13156898,6,0,0,0.9861869812011719,lime,attribution,5,41,0.03036715557807092,0.57,0.6426861753665126,0.9,0.42857142857142855,10,8,1.0,2.4578399299643934,41
image,2,2026-10-05T14:25:51,nodeGcor3,3.11.9,unknown,13156898,6,0,0,0.9861869812011719,kernel_shap,attribution,5,41,0.09174574141086968,0.53,0.5870386227459743,1.0,0.6666666666666666,10,10,0.42857142857142855,0.22801146935671568,41
image,2,2026-10-05T14:25:51,nodeGcor3,3.11.9,unknown,13156898,6,0,0,0.9861869812011719,random,attribution,5,41,0.007248875813215464,0.53,0.3018900819937933,0.02222222222222222,0.0,10,10,0.1111111111111111,3.5319942981004715e-05,41
image,2,2026-10-05T14:25:51,nodeGcor3,3.11.9,unknown,13156898,7,0,0,0.9968339800834656,cam,attribution,5,48,0.07229329033430026,0.55,0.5754449918472944,1.0,0.6666666666666666,10,10,1.0,0.0031087249517440796,48
image,2,2026-10-05T14:25:51,nodeGcor3,3.11.9,unknown,13156898,7,0,0,0.9968339800834656,grad_cam,attribution,5,48,0.07229329033430026,0.55,0.5748093248078517,1.0,0.42857142857142855,10,10,1.0,0.005570386070758104,48
image,2,2026-10-05T14:25:51,nodeGcor3,3.11.9,unknown,13156898,7,0,0,0.9968339800834656,lime,attribution,5,48,0.8242001047948957,0.51,0.6911856131569221,0.7,0.6666666666666666,10,10,0.6666666666666666,2.4634929969906807,48
image,2,2026-10-05T14:25:51,nodeGcor3,3.11.9,unknown,13156898,7,0,0,0.9968339800834656,kernel_shap,attribution,5,48,0.17221414106842362,0.63,0.6168361662280953,1.0,0.42857142857142855,10,10,0.42857142857142855,0.22890686988830566,48
image,2,2026-10-05T14:25:51,nodeGcor3,3.11.9,unknown,13156898,7,0,0,0.9968339800834656,random,attribution,5,48,0.0,0.53,0.3306407045587295,0.04444444444444444,0.0,10,10,0.1111111111111111,3.282632678747177e-05,48
image,2,2026-10-05T14:25:51,nodeGcor3,3.11.9,unknown,13156898,8,0,0,0.9995585083961487,cam,attribution,5,44,0.16546835262484472,0.59,0.3993192315735391,1.0,1.0,10,10,1.0,0.0034246635623276234,44
image,2,2026-10-05T14:25:51,nodeGcor3,3.11.9,unknown,13156898,8,0,0,0.9995585083961487,grad_cam,attribution,5,44,0.16546835262484472,0.68,0.3993192300868259,1.0,1.0,10,10,1.0,0.005654437933117151,44
image,2,2026-10-05T14:25:51,nodeGcor3,3.11.9,unknown,13156898,8,0,0,0.9995585083961487,lime,attribution,5,44,0.4207344972462719,0.59,0.5918378224115366,0.7,0.1111111111111111,10,10,0.6666666666666666,2.474085939116776,44
image,2,2026-10-05T14:25:51,nodeGcor3,3.11.9,unknown,13156898,8,0,0,0.9995585083961487,kernel_shap,attribution,5,44,0.20135689066501702,0.55,0.5354175212500737,1.0,0.25,10,10,0.42857142857142855,0.22896217228844762,44
image,2,2026-10-05T14:25:51,nodeGcor3,3.11.9,unknown,13156898,8,0,0,0.9995585083961487,random,attribution,5,44,0.010881517984907522,0.52,0.35595609678378903,0.11944444444444446,0.0,10,10,0.1111111111111111,3.6865007132291794e-05,44
image,2,2026-10-05T14:25:51,nodeGcor3,3.11.9,unknown,13156898,9,0,0,0.9986013770103455,cam,attribution,5,47,0.046071288411119286,0.53,0.5599839470597292,1.0,0.6666666666666666,10,10,1.0,0.003444695845246315,47
image,2,2026-10-05T14:25:51,nodeGcor3,3.11.9,unknown,13156898,9,0,0,0.9986013770103455,grad_cam,attribution,5,47,0.046071288411119286,0.56,0.560409904075355,1.0,0.6666666666666666,10,10,1.0,0.005616168025881052,47
image,2,2026-10-05T14:25:51,nodeGcor3,3.11.9,unknown,13156898,9,0,0,0.9986013770103455,lime,attribution,5,47,0.003085692627482463,0.58,0.6050188514067139,0.7666666666666667,0.42857142857142855,10,10,1.0,2.4377420702949166,47
image,2,2026-10-05T14:25:51,nodeGcor3,3.11.9,unknown,13156898,9,0,0,0.9986013770103455,kernel_shap,attribution,5,47,0.0008916796363804576,0.54,0.5306044020556903,0.8999999999999998,0.25,10,10,0.6666666666666666,0.22963113291189075,47
image,2,2026-10-05T14:25:51,nodeGcor3,3.11.9,unknown,13156898,9,0,0,0.9986013770103455,random,attribution,5,47,0.0,0.47,0.2681749779852409,0.08333333333333334,0.0,10,10,0.1111111111111111,3.2607000321149826e-05,47
image,2,2026-10-05T14:25:51,nodeGcor3,3.11.9,unknown,13156898,10,0,0,0.9999650716781616,cam,attribution,5,47,0.00024218213073781803,0.47,0.38826019339590445,0.9,0.6666666666666666,10,10,1.0,0.0033970647491514683,47
image,2,2026-10-05T14:25:51,nodeGcor3,3.11.9,unknown,13156898,10,0,0,0.9999650716781616,grad_cam,attribution,5,47,0.00024218213073781803,0.58,0.38826019299000214,1.0,0.6666666666666666,10,10,1.0,0.005453205201774836,47
image,2,2026-10-05T14:25:51,nodeGcor3,3.11.9,unknown,13156898,10,0,0,0.9999650716781616,lime,attribution,5,47,3.934043964729508e-05,0.45,0.5387034022618771,0.8,0.42857142857142855,10,10,0.6666666666666666,2.3743022638373077,47
image,2,2026-10-05T14:25:51,nodeGcor3,3.11.9,unknown,13156898,10,0,0,0.9999650716781616,kernel_shap,attribution,5,47,5.603032313402632e-06,0.5,0.48511376574191656,0.8999999999999998,0.25,10,10,0.6666666666666666,0.22873417800292373,47
image,2,2026-10-05T14:25:51,nodeGcor3,3.11.9,unknown,13156898,10,0,0,0.9999650716781616,random,attribution,5,47,0.0,0.52,0.3480332377412555,0.09166666666666665,0.0,10,10,0.1111111111111111,3.749411553144455e-05,47
image,2,2026-10-05T14:25:51,nodeGcor3,3.11.9,unknown,13156898,11,0,0,0.9997616410255432,cam,attribution,5,37,0.0024684590916578494,0.57,0.27292391519000836,1.0,0.6666666666666666,10,10,1.0,0.0034262589178979397,37
image,2,2026-10-05T14:25:51,nodeGcor3,3.11.9,unknown,13156898,11,0,0,0.9997616410255432,grad_cam,attribution,5,37,0.0024684590916578494,0.63,0.27292391208241806,1.0,0.6666666666666666,10,10,1.0,0.005651745945215225,37
image,2,2026-10-05T14:25:51,nodeGcor3,3.11.9,unknown,13156898,11,0,0,0.9997616410255432,lime,attribution,5,37,0.005953658144409626,0.59,0.5506568563944965,1.0,0.6666666666666666,10,10,0.6666666666666666,2.467730584088713,37
image,2,2026-10-05T14:25:51,nodeGcor3,3.11.9,unknown,13156898,11,0,0,0.9997616410255432,kernel_shap,attribution,5,37,0.004173737214512875,0.57,0.502071984453359,0.7666666666666667,0.25,10,10,0.6666666666666666,0.2274406747892499,37
image,2,2026-10-05T14:25:51,nodeGcor3,3.11.9,unknown,13156898,11,0,0,0.9997616410255432,random,attribution,5,37,0.0,0.54,0.32777037879351356,0.09444444444444444,0.0,10,10,0.1111111111111111,3.581680357456207e-05,37
image,2,2026-10-05T14:25:51,nodeGcor3,3.11.9,unknown,13156898,12,0,0,0.9999467134475708,cam,attribution,5,46,0.00010645956843222251,0.59,0.3199582564270177,0.7,0.6666666666666666,10,10,1.0,0.0032909000292420387,46
image,2,2026-10-05T14:25:51,nodeGcor3,3.11.9,unknown,13156898,12,0,0,0.9999467134475708,grad_cam,attribution,5,46,0.00010645956843222251,0.56,0.3199582552849355,0.6666666666666667,0.6666666666666666,10,10,1.0,0.005318268667906523,46
image,2,2026-10-05T14:25:51,nodeGcor3,3.11.9,unknown,13156898,12,0,0,0.9999467134475708,lime,attribution,5,46,1.6690189899788524e-06,0.46,0.6215355410315779,0.7333333333333334,0.6666666666666666,10,10,0.6666666666666666,2.465513318311423,46
image,2,2026-10-05T14:25:51,nodeGcor3,3.11.9,unknown,13156898,12,0,0,0.9999467134475708,kernel_shap,attribution,5,46,0.00014204543761141446,0.55,0.5748997753643252,0.9333333333333332,0.6666666666666666,10,10,0.42857142857142855,0.2287510810419917,46
image,2,2026-10-05T14:25:51,nodeGcor3,3.11.9,unknown,13156898,12,0,0,0.9999467134475708,random,attribution,5,46,0.00012762034491231152,0.58,0.3355046238175864,0.05833333333333333,0.0,10,10,0.0,3.138231113553047e-05,46
image,2,2026-10-05T14:25:51,nodeGcor3,3.11.9,unknown,13156898,13,0,0,0.9905311465263367,cam,attribution,5,44,0.05626861559067397,0.57,0.2916921615553302,0.8666666666666666,0.25,10,10,1.0,0.003415006212890148,44
image,2,2026-10-05T14:25:51,nodeGcor3,3.11.9,unknown,13156898,13,0,0,0.9905311465263367,grad_cam,attribution,5,44,0.05626861559067397,0.52,0.2916921615126269,0.8666666666666666,0.0,10,10,1.0,0.005478383041918278,44
image,2,2026-10-05T14:25:51,nodeGcor3,3.11.9,unknown,13156898,13,0,0,0.9905311465263367,lime,attribution,5,44,0.013250109353478885,0.47,0.45030711970083737,0.6666666666666667,0.25,10,10,1.0,2.3974122093059123,44
image,2,2026-10-05T14:25:51,nodeGcor3,3.11.9,unknown,13156898,13,0,0,0.9905311465263367,kernel_shap,attribution,5,44,0.038292582551571544,0.46,0.4823285314074637,0.5476190476190477,0.1111111111111111,10,10,0.42857142857142855,0.22811657190322876,44
image,2,2026-10-05T14:25:51,nodeGcor3,3.11.9,unknown,13156898,13,0,0,0.9905311465263367,random,attribution,5,44,0.06999182278484212,0.61,0.36374015455955344,0.04444444444444444,0.0,10,10,0.1111111111111111,3.916677087545395e-05,44
image,2,2026-10-05T14:25:51,nodeGcor3,3.11.9,unknown,13156898,14,0,0,0.9996441602706909,cam,attribution,5,41,0.0010033240213670393,0.53,0.5404455831088004,0.9666666666666666,1.0,10,10,1.0,0.003486783243715763,41
image,2,2026-10-05T14:25:51,nodeGcor3,3.11.9,unknown,13156898,14,0,0,0.9996441602706909,grad_cam,attribution,5,41,0.0010033240213670393,0.59,0.5404455913520845,1.0,1.0,10,10,1.0,0.005507394205778837,41
image,2,2026-10-05T14:25:51,nodeGcor3,3.11.9,unknown,13156898,14,0,0,0.9996441602706909,lime,attribution,5,41,0.0015583809723925203,0.49,0.7345420024602387,0.6666666666666667,0.42857142857142855,10,10,1.0,2.4719134671613574,41
image,2,2026-10-05T14:25:51,nodeGcor3,3.11.9,unknown,13156898,14,0,0,0.9996441602706909,kernel_shap,attribution,5,41,0.0015583809723925203,0.58,0.6893848687218753,0.6666666666666667,0.42857142857142855,10,10,1.0,0.22749509429559112,41
image,2,2026-10-05T14:25:51,nodeGcor3,3.11.9,unknown,13156898,14,0,0,0.9996441602706909,random,attribution,5,41,1.908026902225308e-06,0.52,0.3172329208618725,0.03333333333333333,0.0,10,10,0.1111111111111111,3.636116161942482e-05,41
image,2,2026-10-05T14:25:51,nodeGcor3,3.11.9,unknown,13156898,15,0,0,0.9999676942825317,cam,attribution,5,46,0.00032020649623399727,0.83,0.39030746932274496,0.6666666666666667,0.42857142857142855,10,10,1.0,0.0034928242675960064,46
image,2,2026-10-05T14:25:51,nodeGcor3,3.11.9,unknown,13156898,15,0,0,0.9999676942825317,grad_cam,attribution,5,46,0.00032020649623399727,0.79,0.3903074682395482,0.7,0.42857142857142855,10,10,1.0,0.0052532898262143135,46
image,2,2026-10-05T14:25:51,nodeGcor3,3.11.9,unknown,13156898,15,0,0,0.9999676942825317,lime,attribution,5,46,0.004793977638237472,0.67,0.5639969378878291,0.9333333333333332,0.25,10,10,0.6666666666666666,2.390849190764129,46
image,2,2026-10-05T14:25:51,nodeGcor3,3.11.9,unknown,13156898,15,0,0,0.9999676942825317,kernel_shap,attribution,5,46,2.2054431051112992e-05,0.52,0.4426782226831242,0.8666666666666666,0.25,10,10,0.6666666666666666,0.22822251822799444,46
image,2,2026-10-05T14:25:51,nodeGcor3,3.11.9,unknown,13156898,15,0,0,0.9999676942825317,random,attribution,5,46,9.417838124529331e-06,0.5,0.3137474721304844,0.10555555555555556,0.0,10,10,0.1111111111111111,3.0973926186561584e-05,46
image,2,2026-10-05T14:25:51,nodeGcor3,3.11.9,unknown,13156898,16,0,0,0.9996654987335205,cam,attribution,5,49,5.163486968336735e-05,0.47,0.4220866840189966,1.0,0.6666666666666666,10,10,1.0,0.0032268548384308815,49
image,2,2026-10-05T14:25:51,nodeGcor3,3.11.9,unknown,13156898,16,0,0,0.9996654987335205,grad_cam,attribution,5,49,5.163486968336735e-05,0.52,0.42208668304985253,0.9666666666666666,0.6666666666666666,10,10,1.0,0.005292948801070452,49
image,2,2026-10-05T14:25:51,nodeGcor3,3.11.9,unknown,13156898,16,0,0,0.9996654987335205,lime,attribution,5,49,0.0004477804518730817,0.47,0.48677973397205576,1.0,0.42857142857142855,10,10,1.0,2.475991193205118,49
image,2,2026-10-05T14:25:51,nodeGcor3,3.11.9,unknown,13156898,16,0,0,0.9996654987335205,kernel_shap,attribution,5,49,0.0,0.56,0.447392848227264,1.0,0.25,10,10,0.42857142857142855,0.23016563383862376,49
image,2,2026-10-05T14:25:51,nodeGcor3,3.11.9,unknown,13156898,16,0,0,0.9996654987335205,random,attribution,5,49,0.00040383715053746773,0.48,0.2722277571883813,0.09444444444444444,0.0,10,10,0.1111111111111111,3.5556964576244354e-05,49
image,2,2026-10-05T14:25:51,nodeGcor3,3.11.9,unknown,13156898,17,0,0,0.9999814033508301,cam,attribution,5,45,7.271901895606008e-05,0.72,0.31093463970871604,0.9333333333333332,0.6666666666666666,10,10,1.0,0.003610993269830942,45
image,2,2026-10-05T14:25:51,nodeGcor3,3.11.9,unknown,13156898,17,0,0,0.9999814033508301,grad_cam,attribution,5,45,7.271901895606008e-05,0.59,0.3109346371910211,0.8666666666666668,0.6666666666666666,10,10,1.0,0.00545723969116807,45
image,2,2026-10-05T14:25:51,nodeGcor3,3.11.9,unknown,13156898,17,0,0,0.9999814033508301,lime,attribution,5,45,0.0023429829484629583,0.69,0.5704236479970108,1.0,0.6666666666666666,10,10,1.0,2.3479488473385572,45
image,2,2026-10-05T14:25:51,nodeGcor3,3.11.9,unknown,13156898,17,0,0,0.9999814033508301,kernel_shap,attribution,5,45,3.5048182906691245e-05,0.53,0.431278382265182,0.6428571428571429,0.25,10,10,0.6666666666666666,0.22956287814304233,45
image,2,2026-10-05T14:25:51,nodeGcor3,3.11.9,unknown,13156898,17,0,0,0.9999814033508301,random,attribution,5,45,0.0,0.48,0.34266345001093723,0.09007936507936506,0.0,10,10,0.1111111111111111,4.0073879063129425e-05,45
image,2,2026-10-05T14:25:51,nodeGcor3,3.11.9,unknown,13156898,18,0,0,0.9999830722808838,cam,attribution,5,47,0.0,0.58,0.2490205671798993,1.0,0.6666666666666666,10,10,1.0,0.0035694842226803303,47
image,2,2026-10-05T14:25:51,nodeGcor3,3.11.9,unknown,13156898,18,0,0,0.9999830722808838,grad_cam,attribution,5,47,0.0,0.57,0.2490205671822383,1.0,0.6666666666666666,10,10,1.0,0.005365317687392235,47
image,2,2026-10-05T14:25:51,nodeGcor3,3.11.9,unknown,13156898,18,0,0,0.9999830722808838,lime,attribution,5,47,0.0,0.47,0.47904131756237434,0.8,0.25,10,10,0.42857142857142855,2.457333476282656,47
image,2,2026-10-05T14:25:51,nodeGcor3,3.11.9,unknown,13156898,18,0,0,0.9999830722808838,kernel_shap,attribution,5,47,0.0,0.47,0.4049224848328006,0.6523809523809524,0.1111111111111111,10,10,0.1111111111111111,0.22987146209925413,47
image,2,2026-10-05T14:25:51,nodeGcor3,3.11.9,unknown,13156898,18,0,0,0.9999830722808838,random,attribution,5,47,1.2397975982736294e-05,0.51,0.276388494339438,0.08055555555555556,0.0,10,10,0.1111111111111111,3.52771021425724e-05,47
image,2,2026-10-05T14:25:51,nodeGcor3,3.11.9,unknown,13156898,19,0,0,0.9723628163337708,cam,attribution,5,40,0.3218918064194718,0.48,0.46248570002190037,1.0,0.0,10,10,1.0,0.0033349008299410343,40
image,2,2026-10-05T14:25:51,nodeGcor3,3.11.9,unknown,13156898,19,0,0,0.9723628163337708,grad_cam,attribution,5,40,0.3218918064194718,0.42,0.5219748195018841,1.0,0.25,10,10,1.0,0.005628380924463272,40
image,2,2026-10-05T14:25:51,nodeGcor3,3.11.9,unknown,13156898,19,0,0,0.9723628163337708,lime,attribution,5,40,0.007259297392551248,0.54,0.5436235521928909,1.0,0.25,10,10,1.0,2.432260281406343,40
image,2,2026-10-05T14:25:51,nodeGcor3,3.11.9,unknown,13156898,19,0,0,0.9723628163337708,kernel_shap,attribution,5,40,1.814487196800569e-05,0.49,0.5134394277968931,1.0,0.25,10,10,1.0,0.22820412693545222,40
image,2,2026-10-05T14:25:51,nodeGcor3,3.11.9,unknown,13156898,19,0,0,0.9723628163337708,random,attribution,5,40,0.2462812054251451,0.52,0.30119877857759736,0.01111111111111111,0.0,10,10,0.0,3.6617740988731384e-05,40
image,2,2026-10-05T14:25:51,nodeGcor3,3.11.9,unknown,13156898,20,0,0,0.9999222755432129,cam,attribution,5,45,0.00012154330309513986,0.49,0.27730129969555184,0.8,0.42857142857142855,10,10,1.0,0.0033776345662772655,45
image,2,2026-10-05T14:25:51,nodeGcor3,3.11.9,unknown,13156898,20,0,0,0.9999222755432129,grad_cam,attribution,5,45,0.00012154330309513986,0.48,0.2773012988676228,0.8666666666666666,0.6666666666666666,10,10,1.0,0.005581038072705269,45
image,2,2026-10-05T14:25:51,nodeGcor3,3.11.9,unknown,13156898,20,0,0,0.9999222755432129,lime,attribution,5,45,0.0,0.51,0.49698119331134427,0.7666666666666667,0.25,10,10,0.6666666666666666,2.3717200797982514,45
image,2,2026-10-05T14:25:51,nodeGcor3,3.11.9,unknown,13156898,20,0,0,0.9999222755432129,kernel_shap,attribution,5,45,2.4678238097787102e-05,0.48,0.5524909349150413,0.6523809523809525,0.1111111111111111,10,10,0.1111111111111111,0.2286280719563365,45
image,2,2026-10-05T14:25:51,nodeGcor3,3.11.9,unknown,13156898,20,0,0,0.9999222755432129,random,attribution,5,45,0.0,0.5,0.34993341696543145,0.07619047619047618,0.0,10,10,0.0,3.634300082921982e-05,45
image,2,2026-10-05T14:25:51,nodeGcor3,3.11.9,unknown,13156898,21,0,0,0.9998345375061035,cam,attribution,5,47,0.0026382996988275017,0.47,0.4026878533359609,0.9333333333333332,0.25,10,10,1.0,0.003261758014559746,47
image,2,2026-10-05T14:25:51,nodeGcor3,3.11.9,unknown,13156898,21,0,0,0.9998345375061035,grad_cam,attribution,5,47,0.0026382996988275017,0.49,0.40240739966755135,0.9666666666666666,0.1111111111111111,10,10,1.0,0.005496688187122345,47
image,2,2026-10-05T14:25:51,nodeGcor3,3.11.9,unknown,13156898,21,0,0,0.9998345375061035,lime,attribution,5,47,0.030490734713051523,0.44,0.5339457015750595,0.7666666666666667,0.25,10,10,0.6666666666666666,2.5155244222842157,47
image,2,2026-10-05T14:25:51,nodeGcor3,3.11.9,unknown,13156898,21,0,0,0.9998345375061035,kernel_shap,attribution,5,47,0.01426855382355536,0.52,0.4748127124509952,0.8,0.42857142857142855,10,10,0.25,0.23115499503910542,47
image,2,2026-10-05T14:25:51,nodeGcor3,3.11.9,unknown,13156898,21,0,0,0.9998345375061035,random,attribution,5,47,0.0007774328084871984,0.5,0.3361009271151195,0.09444444444444444,0.0,10,10,0.1111111111111111,3.4368131309747696e-05,47
image,2,2026-10-05T14:25:51,nodeGcor3,3.11.9,unknown,13156898,23,0,0,0.9992488026618958,cam,attribution,5,46,0.06382508000041277,0.71,0.48083455531130126,1.0,0.6666666666666666,10,10,1.0,0.0033536702394485474,46
image,2,2026-10-05T14:25:51,nodeGcor3,3.11.9,unknown,13156898,23,0,0,0.9992488026618958,grad_cam,attribution,5,46,0.06382508000041277,0.64,0.48083455105159056,1.0,0.6666666666666666,10,10,1.0,0.005332342814654112,46
image,2,2026-10-05T14:25:51,nodeGcor3,3.11.9,unknown,13156898,23,0,0,0.9992488026618958,lime,attribution,5,46,0.008899406553129418,0.56,0.6247128565311293,0.9333333333333332,0.6666666666666666,10,10,0.6666666666666666,2.464015725068748,46
image,2,2026-10-05T14:25:51,nodeGcor3,3.11.9,unknown,13156898,23,0,0,0.9992488026618958,kernel_shap,attribution,5,46,0.0014127386628527575,0.5,0.5131618829343763,0.9666666666666666,0.42857142857142855,10,10,0.6666666666666666,0.23036327492445707,46
image,2,2026-10-05T14:25:51,nodeGcor3,3.11.9,unknown,13156898,23,0,0,0.9992488026618958,random,attribution,5,46,1.89088902264957e-05,0.5,0.30839517757006096,0.10555555555555556,0.0,10,10,0.25,3.472622483968735e-05,46
image,2,2026-10-05T14:25:51,nodeGcor3,3.11.9,unknown,13156898,24,0,0,0.9999668598175049,cam,attribution,5,45,0.00046850803437633,0.66,0.4658250158349331,0.9333333333333332,0.6666666666666666,10,10,1.0,0.003352845087647438,45
image,2,2026-10-05T14:25:51,nodeGcor3,3.11.9,unknown,13156898,24,0,0,0.9999668598175049,grad_cam,attribution,5,45,0.00046850803437633,0.72,0.4658250102471275,1.0,0.6666666666666666,10,10,1.0,0.005613436922430992,45
image,2,2026-10-05T14:25:51,nodeGcor3,3.11.9,unknown,13156898,24,0,0,0.9999668598175049,lime,attribution,5,45,0.002090881021609784,0.52,0.7125214909924487,0.25,0.1111111111111111,10,10,0.6666666666666666,2.4508258677087724,45
image,2,2026-10-05T14:25:51,nodeGcor3,3.11.9,unknown,13156898,24,0,0,0.9999668598175049,kernel_shap,attribution,5,45,0.0005471887729738816,0.59,0.5991103546501804,0.3392857142857143,0.1111111111111111,10,10,0.42857142857142855,0.22905969619750977,45
image,2,2026-10-05T14:25:51,nodeGcor3,3.11.9,unknown,13156898,24,0,0,0.9999668598175049,random,attribution,5,45,0.0,0.45,0.34544899393039064,0.05833333333333333,0.0,10,10,0.1111111111111111,3.418605774641037e-05,45
image,2,2026-10-05T14:25:51,nodeGcor3,3.11.9,unknown,13156898,25,0,0,0.9985659718513489,cam,attribution,5,46,0.0,0.49,0.41929563728926333,1.0,0.42857142857142855,10,10,1.0,0.003327346872538328,46
image,2,2026-10-05T14:25:51,nodeGcor3,3.11.9,unknown,13156898,25,0,0,0.9985659718513489,grad_cam,attribution,5,46,0.0,0.44,0.423642457881659,1.0,0.25,10,10,1.0,0.005619994830340147,46
image,2,2026-10-05T14:25:51,nodeGcor3,3.11.9,unknown,13156898,25,0,0,0.9985659718513489,lime,attribution,5,46,0.0,0.58,0.5414970410648592,0.6190476190476191,0.42857142857142855,10,10,0.6666666666666666,2.459029753226787,46
image,2,2026-10-05T14:25:51,nodeGcor3,3.11.9,unknown,13156898,25,0,0,0.9985659718513489,kernel_shap,attribution,5,46,0.0001896360128637324,0.51,0.502873339279658,0.5238095238095238,0.25,10,10,1.0,0.22763205226510763,46
image,2,2026-10-05T14:25:51,nodeGcor3,3.11.9,unknown,13156898,25,0,0,0.9985659718513489,random,attribution,5,46,0.011221055960411497,0.51,0.36464001995145623,0.04722222222222222,0.0,10,10,0.6666666666666666,3.330875188112259e-05,46
image,2,2026-10-05T14:25:51,nodeGcor3,3.11.9,unknown,13156898,26,0,0,0.9591049551963806,cam,attribution,5,47,0.06220341218228849,0.51,0.6004521578971751,1.0,1.0,10,10,1.0,0.0032987850718200207,47
image,2,2026-10-05T14:25:51,nodeGcor3,3.11.9,unknown,13156898,26,0,0,0.9591049551963806,grad_cam,attribution,5,47,0.06220341218228849,0.5,0.6318274902206269,1.0,1.0,10,10,1.0,0.005410378333181143,47
image,2,2026-10-05T14:25:51,nodeGcor3,3.11.9,unknown,13156898,26,0,0,0.9591049551963806,lime,attribution,5,47,0.280441209938466,0.54,0.4909991162053968,0.7761904761904762,0.25,10,10,0.6666666666666666,2.434319958090782,47
image,2,2026-10-05T14:25:51,nodeGcor3,3.11.9,unknown,13156898,26,0,0,0.9591049551963806,kernel_shap,attribution,5,47,0.2497482122541799,0.52,0.41096151294840044,0.7428571428571429,0.25,10,10,0.42857142857142855,0.22904234612360597,47
image,2,2026-10-05T14:25:51,nodeGcor3,3.11.9,unknown,13156898,26,0,0,0.9591049551963806,random,attribution,5,47,0.0,0.5,0.3528582868955391,0.05833333333333333,0.0,10,10,0.0,3.6899931728839874e-05,47
image,2,2026-10-05T14:25:51,nodeGcor3,3.11.9,unknown,13156898,27,0,0,0.9986234903335571,cam,attribution,5,42,0.02912973800521065,0.79,0.5128433809595992,1.0,0.6666666666666666,10,10,1.0,0.003488765098154545,42
image,2,2026-10-05T14:25:51,nodeGcor3,3.11.9,unknown,13156898,27,0,0,0.9986234903335571,grad_cam,attribution,5,42,0.02912973800521065,0.81,0.5106508152573639,1.0,0.6666666666666666,10,10,1.0,0.005158380139619112,42
image,2,2026-10-05T14:25:51,nodeGcor3,3.11.9,unknown,13156898,27,0,0,0.9986234903335571,lime,attribution,5,42,0.191981926865881,0.54,0.6248211383174191,0.9333333333333332,0.25,10,10,0.6666666666666666,2.3638650849461555,42
image,2,2026-10-05T14:25:51,nodeGcor3,3.11.9,unknown,13156898,27,0,0,0.9986234903335571,kernel_shap,attribution,5,42,0.0937012620753664,0.58,0.5611270163427796,1.0,0.25,10,10,0.6666666666666666,0.2274329513311386,42
image,2,2026-10-05T14:25:51,nodeGcor3,3.11.9,unknown,13156898,27,0,0,0.9986234903335571,random,attribution,5,42,0.00028219873881993416,0.52,0.3158749964128086,0.06944444444444445,0.0,10,10,0.1111111111111111,3.4519005566835403e-05,42
image,2,2026-10-05T14:25:51,nodeGcor3,3.11.9,unknown,13156898,28,0,0,0.9997760653495789,cam,attribution,5,42,0.014134772575504263,0.59,0.49066605066462854,1.0,1.0,10,10,1.0,0.0034745358861982822,42
image,2,2026-10-05T14:25:51,nodeGcor3,3.11.9,unknown,13156898,28,0,0,0.9997760653495789,grad_cam,attribution,5,42,0.014134772575504263,0.58,0.4902713109964656,1.0,1.0,10,10,1.0,0.0056115747429430485,42
image,2,2026-10-05T14:25:51,nodeGcor3,3.11.9,unknown,13156898,28,0,0,0.9997760653495789,lime,attribution,5,42,0.0033113627083552304,0.54,0.4691792621237537,0.719047619047619,0.25,10,10,1.0,2.4738627108745277,42
image,2,2026-10-05T14:25:51,nodeGcor3,3.11.9,unknown,13156898,28,0,0,0.9997760653495789,kernel_shap,attribution,5,42,0.008853869539236902,0.44,0.43885953837362435,0.5714285714285714,0.1111111111111111,10,10,0.42857142857142855,0.2292272369377315,42
image,2,2026-10-05T14:25:51,nodeGcor3,3.11.9,unknown,13156898,28,0,0,0.9997760653495789,random,attribution,5,42,6.17642505060227e-05,0.52,0.2664363706253885,0.09722222222222222,0.0,10,10,0.0,6.895419210195541e-05,42
image,2,2026-10-05T14:25:51,nodeGcor3,3.11.9,unknown,13156898,29,0,0,0.9763007164001465,cam,attribution,5,47,0.11223090822374213,0.55,0.3305596194282766,0.6666666666666667,0.0,10,10,1.0,0.0032941577956080437,47
image,2,2026-10-05T14:25:51,nodeGcor3,3.11.9,unknown,13156898,29,0,0,0.9763007164001465,grad_cam,attribution,5,47,0.11223090822374213,0.51,0.3399023488679861,0.7095238095238096,0.0,10,10,1.0,0.005391962826251984,47
image,2,2026-10-05T14:25:51,nodeGcor3,3.11.9,unknown,13156898,29,0,0,0.9763007164001465,lime,attribution,5,47,0.0,0.57,0.6103428310215095,0.9,0.25,10,10,0.6666666666666666,2.461466887034476,47
image,2,2026-10-05T14:25:51,nodeGcor3,3.11.9,unknown,13156898,29,0,0,0.9763007164001465,kernel_shap,attribution,5,47,0.0,0.51,0.5175245461795057,0.6666666666666667,0.1111111111111111,10,10,1.0,0.22845722874626517,47
image,2,2026-10-05T14:25:51,nodeGcor3,3.11.9,unknown,13156898,29,0,0,0.9763007164001465,random,attribution,5,47,0.10318922184730583,0.51,0.3407915545841905,0.02222222222222222,0.0,10,10,0.1111111111111111,3.124726936221123e-05,47
image,2,2026-10-05T14:25:51,nodeGcor3,3.11.9,unknown,13156898,30,0,0,0.9954858422279358,cam,attribution,5,45,0.020964857033081,0.48,0.3908239307107876,0.8095238095238095,0.0,10,10,1.0,0.0033692698925733566,45
image,2,2026-10-05T14:25:51,nodeGcor3,3.11.9,unknown,13156898,30,0,0,0.9954858422279358,grad_cam,attribution,5,45,0.020964857033081,0.44,0.41084195315524696,1.0,0.0,10,10,1.0,0.005576217081397772,45
image,2,2026-10-05T14:25:51,nodeGcor3,3.11.9,unknown,13156898,30,0,0,0.9954858422279358,lime,attribution,5,45,0.5421227204396534,0.52,0.5131482387702139,0.8666666666666666,0.1111111111111111,10,10,1.0,2.447736728005111,45
image,2,2026-10-05T14:25:51,nodeGcor3,3.11.9,unknown,13156898,30,0,0,0.9954858422279358,kernel_shap,attribution,5,45,0.08782086374049405,0.47,0.5010237391766922,0.7,0.1111111111111111,10,10,0.42857142857142855,0.22848092392086983,45
image,2,2026-10-05T14:25:51,nodeGcor3,3.11.9,unknown,13156898,30,0,0,0.9954858422279358,random,attribution,5,45,0.0010986424529837733,0.49,0.3317178674106719,0.06666666666666668,0.0,10,10,0.0,3.312388435006142e-05,45
image,2,2026-10-05T14:25:51,nodeGcor3,3.11.9,unknown,13156898,31,0,0,0.9999668598175049,cam,attribution,5,47,0.0008036164528577202,0.61,0.38911836905267994,1.0,0.6666666666666666,10,10,1.0,0.0032418500632047653,47
image,2,2026-10-05T14:25:51,nodeGcor3,3.11.9,unknown,13156898,31,0,0,0.9999668598175049,grad_cam,attribution,5,47,0.0008036164528577202,0.57,0.38911837038344355,1.0,1.0,10,10,1.0,0.005506178829818964,47
image,2,2026-10-05T14:25:51,nodeGcor3,3.11.9,unknown,13156898,31,0,0,0.9999668598175049,lime,attribution,5,47,0.0009473876206587008,0.55,0.4743000693426752,0.6857142857142857,0.25,10,10,0.6666666666666666,2.505276323761791,47
image,2,2026-10-05T14:25:51,nodeGcor3,3.11.9,unknown,13156898,31,0,0,0.9999668598175049,kernel_shap,attribution,5,47,5.245382573170107e-05,0.55,0.3851896260802853,0.5238095238095238,0.0,10,10,0.25,0.22846776898950338,47
image,2,2026-10-05T14:25:51,nodeGcor3,3.11.9,unknown,13156898,31,0,0,0.9999668598175049,random,attribution,5,47,1.4067162355319831e-05,0.51,0.35393314213947025,0.04722222222222222,0.0,10,10,0.0,4.2378902435302734e-05,47
image,2,2026-10-05T14:25:51,nodeGcor3,3.11.9,unknown,13156898,32,0,0,0.9999674558639526,cam,attribution,5,45,0.0013111064353056954,0.52,0.36695040808123025,1.0,0.6666666666666666,10,10,1.0,0.0032420186325907707,45
image,2,2026-10-05T14:25:51,nodeGcor3,3.11.9,unknown,13156898,32,0,0,0.9999674558639526,grad_cam,attribution,5,45,0.0013111064353056954,0.49,0.3669504090406249,1.0,0.6666666666666666,10,10,1.0,0.0056892260909080505,45
image,2,2026-10-05T14:25:51,nodeGcor3,3.11.9,unknown,13156898,32,0,0,0.9999674558639526,lime,attribution,5,45,0.005883587148105077,0.67,0.5785938165120685,1.0,0.42857142857142855,10,10,1.0,2.4397679739631712,45
image,2,2026-10-05T14:25:51,nodeGcor3,3.11.9,unknown,13156898,32,0,0,0.9999674558639526,kernel_shap,attribution,5,45,0.0009458372847531722,0.73,0.5365775542919784,1.0,0.6666666666666666,10,10,0.6666666666666666,0.37681192392483354,45
image,2,2026-10-05T14:25:51,nodeGcor3,3.11.9,unknown,13156898,32,0,0,0.9999674558639526,random,attribution,5,45,0.0,0.5,0.32253329570442535,0.06944444444444445,0.0,10,10,0.1111111111111111,3.6475248634815216e-05,45
image,2,2026-10-05T14:25:51,nodeGcor3,3.11.9,unknown,13156898,33,0,0,0.9444676041603088,cam,attribution,5,42,0.9184678099852068,0.54,0.5365084064452263,0.9666666666666666,0.42857142857142855,10,10,1.0,0.0033751288428902626,42
image,2,2026-10-05T14:25:51,nodeGcor3,3.11.9,unknown,13156898,33,0,0,0.9444676041603088,grad_cam,attribution,5,42,0.9184678099852068,0.51,0.6968138442609078,0.9333333333333332,0.6666666666666666,10,10,1.0,0.0052947369404137135,42
image,2,2026-10-05T14:25:51,nodeGcor3,3.11.9,unknown,13156898,33,0,0,0.9444676041603088,lime,attribution,5,42,0.9752953645907912,0.64,0.6822940137407701,0.9666666666666666,0.42857142857142855,10,10,0.6666666666666666,2.4613314606249332,42
image,2,2026-10-05T14:25:51,nodeGcor3,3.11.9,unknown,13156898,33,0,0,0.9444676041603088,kernel_shap,attribution,5,42,0.9676604449736117,0.57,0.6001736748164028,1.0,0.42857142857142855,10,10,0.42857142857142855,0.22860363079234958,42
image,2,2026-10-05T14:25:51,nodeGcor3,3.11.9,unknown,13156898,33,0,0,0.9444676041603088,random,attribution,5,42,0.07011666958330633,0.46,0.328481291224622,0.08055555555555556,0.0,10,10,0.1111111111111111,3.224192187190056e-05,42
image,2,2026-10-05T14:25:51,nodeGcor3,3.11.9,unknown,13156898,34,0,0,0.9990598559379578,cam,attribution,5,49,0.10036251665057119,0.66,0.5496886765728239,1.0,0.6666666666666666,10,10,1.0,0.003386902157217264,49
image,2,2026-10-05T14:25:51,nodeGcor3,3.11.9,unknown,13156898,34,0,0,0.9990598559379578,grad_cam,attribution,5,49,0.10036251665057119,0.6,0.5659962400612029,1.0,0.6666666666666666,10,10,1.0,0.005532473791390657,49
image,2,2026-10-05T14:25:51,nodeGcor3,3.11.9,unknown,13156898,34,0,0,0.9990598559379578,lime,attribution,5,49,0.22401408662037747,0.64,0.5732562079368071,0.7,0.25,10,10,1.0,2.4688420463353395,49
image,2,2026-10-05T14:25:51,nodeGcor3,3.11.9,unknown,13156898,34,0,0,0.9990598559379578,kernel_shap,attribution,5,49,0.017776638124762215,0.47,0.48357904162362686,0.6190476190476191,0.25,10,10,0.25,0.2298568799160421,49
image,2,2026-10-05T14:25:51,nodeGcor3,3.11.9,unknown,13156898,34,0,0,0.9990598559379578,random,attribution,5,49,0.00024102945350091404,0.48,0.36828040737599943,0.025,0.0,10,10,0.25,3.438163548707962e-05,49
image,2,2026-10-05T14:25:51,nodeGcor3,3.11.9,unknown,13156898,35,0,0,0.9999794960021973,cam,attribution,5,45,0.00018686439283794977,0.52,0.34290399881435796,0.8,0.6666666666666666,10,10,1.0,0.003173855133354664,45
image,2,2026-10-05T14:25:51,nodeGcor3,3.11.9,unknown,13156898,35,0,0,0.9999794960021973,grad_cam,attribution,5,45,0.00018686439283794977,0.49,0.34290399359380885,0.7666666666666667,0.6666666666666666,10,10,1.0,0.005381480790674686,45
image,2,2026-10-05T14:25:51,nodeGcor3,3.11.9,unknown,13156898,35,0,0,0.9999794960021973,lime,attribution,5,45,0.0006634132989749221,0.59,0.48725051065613845,0.9333333333333332,0.42857142857142855,10,10,0.42857142857142855,2.428242980968207,45
image,2,2026-10-05T14:25:51,nodeGcor3,3.11.9,unknown,13156898,35,0,0,0.9999794960021973,kernel_shap,attribution,5,45,3.4571402821694056e-05,0.5,0.5004062456873228,0.9666666666666666,0.25,10,10,0.42857142857142855,0.22683873400092125,45
image,2,2026-10-05T14:25:51,nodeGcor3,3.11.9,unknown,13156898,35,0,0,0.9999794960021973,random,attribution,5,45,4.148568338603287e-05,0.55,0.33730610630724356,0.05555555555555556,0.0,10,10,0.1111111111111111,3.785686567425728e-05,45
image,2,2026-10-05T14:25:51,nodeGcor3,3.11.9,unknown,13156898,36,0,0,0.9999113082885742,cam,attribution,5,45,0.0017668383750618752,0.51,0.5879233510982407,1.0,0.42857142857142855,10,10,1.0,0.0034350669011473656,45
image,2,2026-10-05T14:25:51,nodeGcor3,3.11.9,unknown,13156898,36,0,0,0.9999113082885742,grad_cam,attribution,5,45,0.0017668383750618752,0.43,0.5879233448003808,1.0,0.6666666666666666,10,10,1.0,0.005336252972483635,45
image,2,2026-10-05T14:25:51,nodeGcor3,3.11.9,unknown,13156898,36,0,0,0.9999113082885742,lime,attribution,5,45,0.006877555477771218,0.64,0.6240097750862121,0.9666666666666666,0.42857142857142855,10,10,0.6666666666666666,2.3743937970139086,45
image,2,2026-10-05T14:25:51,nodeGcor3,3.11.9,unknown,13156898,36,0,0,0.9999113082885742,kernel_shap,attribution,5,45,4.005787409047166e-05,0.53,0.47742922613965644,0.8,0.1111111111111111,10,10,0.6666666666666666,0.2276140572503209,45
image,2,2026-10-05T14:25:51,nodeGcor3,3.11.9,unknown,13156898,36,0,0,0.9999113082885742,random,attribution,5,45,0.0,0.6,0.3264381617648756,0.09444444444444447,0.0,10,10,0.0,5.9992074966430664e-05,45
image,2,2026-10-05T14:25:51,nodeGcor3,3.11.9,unknown,13156898,37,0,0,0.9999517202377319,cam,attribution,5,42,0.0005911278017472873,0.76,0.3593767878474208,1.0,0.6666666666666666,10,10,1.0,0.0031672976911067963,42
image,2,2026-10-05T14:25:51,nodeGcor3,3.11.9,unknown,13156898,37,0,0,0.9999517202377319,grad_cam,attribution,5,42,0.0005911278017472873,0.77,0.3593767882117729,1.0,0.6666666666666666,10,10,1.0,0.005267349071800709,42
image,2,2026-10-05T14:25:51,nodeGcor3,3.11.9,unknown,13156898,37,0,0,0.9999517202377319,lime,attribution,5,42,0.002291551599311557,0.6,0.565719400267939,0.9666666666666666,0.42857142857142855,10,10,1.0,2.473699457012117,42
image,2,2026-10-05T14:25:51,nodeGcor3,3.11.9,unknown,13156898,37,0,0,0.9999517202377319,kernel_shap,attribution,5,42,0.0002854008182682274,0.6,0.4749724094558234,0.9333333333333332,0.25,10,10,0.42857142857142855,0.2260086783207953,42
image,2,2026-10-05T14:25:51,nodeGcor3,3.11.9,unknown,13156898,37,0,0,0.9999517202377319,random,attribution,5,42,1.7882256783723522e-05,0.45,0.32556112685570204,0.11666666666666665,0.0,10,10,0.1111111111111111,3.106798976659775e-05,42
image,2,2026-10-05T14:25:51,nodeGcor3,3.11.9,unknown,13156898,38,0,0,0.999995231628418,cam,attribution,5,45,0.0,0.74,0.2567113612388806,0.7333333333333334,0.42857142857142855,10,10,1.0,0.003296998795121908,45
image,2,2026-10-05T14:25:51,nodeGcor3,3.11.9,unknown,13156898,38,0,0,0.999995231628418,grad_cam,attribution,5,45,0.0,0.66,0.25671136246338466,0.8333333333333333,0.42857142857142855,10,10,1.0,0.005491231102496386,45
image,2,2026-10-05T14:25:51,nodeGcor3,3.11.9,unknown,13156898,38,0,0,0.999995231628418,lime,attribution,5,45,9.655998497002111e-06,0.77,0.4967951209040581,0.8333333333333333,0.6666666666666666,10,10,0.42857142857142855,2.488151252735406,45
image,2,2026-10-05T14:25:51,nodeGcor3,3.11.9,unknown,13156898,38,0,0,0.999995231628418,kernel_shap,attribution,5,45,0.0,0.66,0.4379664699716358,0.7,0.1111111111111111,10,10,0.42857142857142855,0.22871699929237366,45
image,2,2026-10-05T14:25:51,nodeGcor3,3.11.9,unknown,13156898,38,0,0,0.999995231628418,random,attribution,5,45,1.0728887218891235e-06,0.57,0.37625488202888757,0.04444444444444444,0.0,10,10,0.0,4.0792860090732574e-05,45
image,2,2026-10-05T14:25:51,nodeGcor3,3.11.9,unknown,13156898,39,0,0,0.9999921321868896,cam,attribution,5,45,0.0012642840674815718,0.6,0.3612923597110821,0.9333333333333332,0.6666666666666666,10,10,1.0,0.0030651134438812733,45
image,2,2026-10-05T14:25:51,nodeGcor3,3.11.9,unknown,13156898,39,0,0,0.9999921321868896,grad_cam,attribution,5,45,0.0012642840674815718,0.53,0.36129235908526003,0.9666666666666666,0.6666666666666666,10,10,1.0,0.005520628299564123,45
image,2,2026-10-05T14:25:51,nodeGcor3,3.11.9,unknown,13156898,39,0,0,0.9999921321868896,lime,attribution,5,45,0.00117010798777666,0.58,0.5302627147021279,0.7666666666666666,0.25,10,10,0.6666666666666666,2.4788888511247933,45
image,2,2026-10-05T14:25:51,nodeGcor3,3.11.9,unknown,13156898,39,0,0,0.9999921321868896,kernel_shap,attribution,5,45,0.00117010798777666,0.56,0.5192239557946472,1.0,0.42857142857142855,10,10,0.6666666666666666,0.3857557140290737,45
image,2,2026-10-05T14:25:51,nodeGcor3,3.11.9,unknown,13156898,39,0,0,0.9999921321868896,random,attribution,5,45,0.00035393516537200384,0.57,0.3189414089309117,0.03333333333333333,0.0,10,10,0.0,3.379816189408302e-05,45
image,2,2026-10-05T14:25:51,nodeGcor3,3.11.9,unknown,13156898,40,0,0,0.9993544220924377,cam,attribution,5,40,0.0011694830065614034,0.65,0.3340462705796541,1.0,0.6666666666666666,10,10,1.0,0.0033513549715280533,40
image,2,2026-10-05T14:25:51,nodeGcor3,3.11.9,unknown,13156898,40,0,0,0.9993544220924377,grad_cam,attribution,5,40,0.0011694830065614034,0.62,0.33404627753702676,1.0,0.6666666666666666,10,10,1.0,0.005157086998224258,40
image,2,2026-10-05T14:25:51,nodeGcor3,3.11.9,unknown,13156898,40,0,0,0.9993544220924377,lime,attribution,5,40,0.0016936867063098821,0.64,0.543074865427017,1.0,0.6666666666666666,10,10,1.0,2.399323580786586,40
image,2,2026-10-05T14:25:51,nodeGcor3,3.11.9,unknown,13156898,40,0,0,0.9993544220924377,kernel_shap,attribution,5,40,0.0,0.54,0.5078999383948554,0.8333333333333334,0.42857142857142855,10,10,0.6666666666666666,0.22608069283887744,40
image,2,2026-10-05T14:25:51,nodeGcor3,3.11.9,unknown,13156898,40,0,0,0.9993544220924377,random,attribution,5,40,0.0012541762883503257,0.59,0.3295328279426595,0.07777777777777777,0.0,10,10,0.0,4.329625517129898e-05,40
image,2,2026-10-05T14:25:51,nodeGcor3,3.11.9,unknown,13156898,41,0,0,0.9999914169311523,cam,attribution,5,48,0.00018364348677766894,0.5,0.31862125662104235,1.0,0.25,10,10,1.0,0.003202355932444334,48
image,2,2026-10-05T14:25:51,nodeGcor3,3.11.9,unknown,13156898,41,0,0,0.9999914169311523,grad_cam,attribution,5,48,0.00018364348677766894,0.54,0.3186212631051637,0.9666666666666666,0.25,10,10,1.0,0.00518537312746048,48
image,2,2026-10-05T14:25:51,nodeGcor3,3.11.9,unknown,13156898,41,0,0,0.9999914169311523,lime,attribution,5,48,0.0009193499318593852,0.43,0.5061740963547671,0.7428571428571429,0.25,10,10,0.42857142857142855,2.4647467471659184,48
image,2,2026-10-05T14:25:51,nodeGcor3,3.11.9,unknown,13156898,41,0,0,0.9999914169311523,kernel_shap,attribution,5,48,0.0001936571530479216,0.57,0.4719076430180552,1.0,0.25,10,10,0.25,0.22895724000409245,48
image,2,2026-10-05T14:25:51,nodeGcor3,3.11.9,unknown,13156898,41,0,0,0.9999914169311523,random,attribution,5,48,2.384206254822057e-05,0.56,0.36831292901379475,0.05833333333333333,0.0,10,10,0.0,3.728223964571953e-05,48
image,2,2026-10-05T14:25:51,nodeGcor3,3.11.9,unknown,13156898,42,0,0,0.9995703101158142,cam,attribution,5,48,0.0,0.5,0.41424091928702655,1.0,0.42857142857142855,10,10,1.0,0.003243628889322281,48
image,2,2026-10-05T14:25:51,nodeGcor3,3.11.9,unknown,13156898,42,0,0,0.9995703101158142,grad_cam,attribution,5,48,0.0,0.47,0.41424091297634236,1.0,0.6666666666666666,10,10,1.0,0.005285562016069889,48
image,2,2026-10-05T14:25:51,nodeGcor3,3.11.9,unknown,13156898,42,0,0,0.9995703101158142,lime,attribution,5,48,0.0057701207506517735,0.48,0.5650278143423677,0.9,0.42857142857142855,10,10,0.6666666666666666,2.4702019081451,48
image,2,2026-10-05T14:25:51,nodeGcor3,3.11.9,unknown,13156898,42,0,0,0.9995703101158142,kernel_shap,attribution,5,48,0.0004267736703603032,0.53,0.4704396839939613,1.0,0.42857142857142855,10,10,0.42857142857142855,0.22883170191198587,48
image,2,2026-10-05T14:25:51,nodeGcor3,3.11.9,unknown,13156898,42,0,0,0.9995703101158142,random,attribution,5,48,0.0,0.58,0.3552028420703284,0.04722222222222222,0.0,10,10,0.0,4.463689401745796e-05,48
image,2,2026-10-05T14:25:51,nodeGcor3,3.11.9,unknown,13156898,43,0,0,0.9473799467086792,cam,attribution,5,46,0.0,0.47,0.2359201466384634,0.9,0.42857142857142855,10,10,1.0,0.0034000431187450886,46
image,2,2026-10-05T14:25:51,nodeGcor3,3.11.9,unknown,13156898,43,0,0,0.9473799467086792,grad_cam,attribution,5,46,0.0,0.5,0.23592014259184946,0.9,0.25,10,10,1.0,0.005234348122030497,46
image,2,2026-10-05T14:25:51,nodeGcor3,3.11.9,unknown,13156898,43,0,0,0.9473799467086792,lime,attribution,5,46,0.005260511192034202,0.51,0.5366502889485125,0.7,0.1111111111111111,10,10,0.6666666666666666,2.395437316969037,46
image,2,2026-10-05T14:25:51,nodeGcor3,3.11.9,unknown,13156898,43,0,0,0.9473799467086792,kernel_shap,attribution,5,46,0.03307734997423347,0.48,0.5263835322671939,0.6428571428571429,0.25,10,10,0.6666666666666666,0.22808085614815354,46
image,2,2026-10-05T14:25:51,nodeGcor3,3.11.9,unknown,13156898,43,0,0,0.9473799467086792,random,attribution,5,46,0.016108687619666814,0.51,0.3653900200042396,0.04722222222222222,0.0,10,10,0.0,3.4525059163570404e-05,46
image,2,2026-10-05T14:25:51,nodeGcor3,3.11.9,unknown,13156898,44,0,0,0.9514871835708618,cam,attribution,5,46,0.0,0.47,0.17001489073445797,0.5773809523809523,0.1111111111111111,10,10,1.0,0.003354407846927643,46
image,2,2026-10-05T14:25:51,nodeGcor3,3.11.9,unknown,13156898,44,0,0,0.9514871835708618,grad_cam,attribution,5,46,0.0,0.52,0.17001489533580483,0.5714285714285714,0.1111111111111111,10,10,1.0,0.005241419188678265,46
image,2,2026-10-05T14:25:51,nodeGcor3,3.11.9,unknown,13156898,44,0,0,0.9514871835708618,lime,attribution,5,46,0.0,0.55,0.5628933035014749,0.8,0.1111111111111111,10,10,1.0,2.459862058982253,46
image,2,2026-10-05T14:25:51,nodeGcor3,3.11.9,unknown,13156898,44,0,0,0.9514871835708618,kernel_shap,attribution,5,46,0.0,0.51,0.483319410804654,0.5238095238095238,0.0,10,10,0.42857142857142855,0.22811697609722614,46
image,2,2026-10-05T14:25:51,nodeGcor3,3.11.9,unknown,13156898,44,0,0,0.9514871835708618,random,attribution,5,46,0.0148062248787175,0.49,0.31064911933974326,0.08333333333333333,0.0,10,10,0.25,3.6593060940504074e-05,46
image,2,2026-10-05T14:25:51,nodeGcor3,3.11.9,unknown,13156898,45,0,0,0.9994483590126038,cam,attribution,5,38,0.0024228348336449495,0.62,0.22300125065865795,0.7428571428571429,0.0,10,10,1.0,0.003219570964574814,38
image,2,2026-10-05T14:25:51,nodeGcor3,3.11.9,unknown,13156898,45,0,0,0.9994483590126038,grad_cam,attribution,5,38,0.0024228348336449495,0.59,0.22300125444887964,0.7428571428571429,0.1111111111111111,10,10,1.0,0.005208452697843313,38
image,2,2026-10-05T14:25:51,nodeGcor3,3.11.9,unknown,13156898,45,0,0,0.9994483590126038,lime,attribution,5,38,0.0006111655436221495,0.68,0.5531810064344302,0.7333333333333334,0.42857142857142855,10,10,0.6666666666666666,2.479647879023105,38
image,2,2026-10-05T14:25:51,nodeGcor3,3.11.9,unknown,13156898,45,0,0,0.9994483590126038,kernel_shap,attribution,5,38,0.006766177473814496,0.63,0.5086301139819103,1.0,0.42857142857142855,10,10,0.42857142857142855,0.2248582812026143,38
image,2,2026-10-05T14:25:51,nodeGcor3,3.11.9,unknown,13156898,45,0,0,0.9994483590126038,random,attribution,5,38,2.1648428213782223e-05,0.52,0.26727273240188865,0.04444444444444444,0.0,10,10,0.1111111111111111,3.829970955848694e-05,38
image,2,2026-10-05T14:25:51,nodeGcor3,3.11.9,unknown,13156898,46,0,0,0.9032776951789856,cam,attribution,5,44,0.19436521848824934,0.54,0.3901101742284916,0.4821428571428571,0.0,10,10,1.0,0.003397046122699976,44
image,2,2026-10-05T14:25:51,nodeGcor3,3.11.9,unknown,13156898,46,0,0,0.9032776951789856,grad_cam,attribution,5,44,0.19436521848824934,0.49,0.5228827453299147,0.5,0.0,10,10,1.0,0.005345683079212904,44
image,2,2026-10-05T14:25:51,nodeGcor3,3.11.9,unknown,13156898,46,0,0,0.9032776951789856,lime,attribution,5,44,0.0,0.46,0.5626916809350222,0.7666666666666667,0.25,10,10,0.6666666666666666,2.4191677370108664,44
image,2,2026-10-05T14:25:51,nodeGcor3,3.11.9,unknown,13156898,46,0,0,0.9032776951789856,kernel_shap,attribution,5,44,0.0,0.47,0.5626944832272491,0.7333333333333334,0.25,10,10,1.0,0.22586572915315628,44
image,2,2026-10-05T14:25:51,nodeGcor3,3.11.9,unknown,13156898,46,0,0,0.9032776951789856,random,attribution,5,44,0.009754419805500122,0.56,0.3055245822686443,0.04444444444444444,0.0,10,10,0.1111111111111111,3.333901986479759e-05,44
image,2,2026-10-05T14:25:51,nodeGcor3,3.11.9,unknown,13156898,47,0,0,0.999974250793457,cam,attribution,5,45,6.401703687667434e-05,0.53,0.2542501973656922,0.8666666666666668,0.25,10,10,1.0,0.0032470650039613247,45
image,2,2026-10-05T14:25:51,nodeGcor3,3.11.9,unknown,13156898,47,0,0,0.999974250793457,grad_cam,attribution,5,45,6.401703687667434e-05,0.58,0.254250199267549,0.8666666666666666,0.25,10,10,1.0,0.005321596283465624,45
image,2,2026-10-05T14:25:51,nodeGcor3,3.11.9,unknown,13156898,47,0,0,0.999974250793457,lime,attribution,5,45,0.0004502650806018603,0.5,0.4280337562929316,0.8666666666666666,0.25,10,10,0.42857142857142855,2.4504735129885375,45
image,2,2026-10-05T14:25:51,nodeGcor3,3.11.9,unknown,13156898,47,0,0,0.999974250793457,kernel_shap,attribution,5,45,2.014688870048038e-05,0.53,0.4922595242939901,0.7,0.1111111111111111,10,10,0.25,0.22637698566541076,45
image,2,2026-10-05T14:25:51,nodeGcor3,3.11.9,unknown,13156898,47,0,0,0.999974250793457,random,attribution,5,45,3.0399151589482227e-05,0.47,0.4295573432730967,0.06666666666666668,0.0,10,10,0.0,3.961939364671707e-05,45
image,2,2026-10-05T14:25:51,nodeGcor3,3.11.9,unknown,13156898,48,0,0,0.9999969005584717,cam,attribution,5,47,4.839912156786451e-05,0.47,0.356391254754005,1.0,0.6666666666666666,10,10,1.0,0.0033374489285051823,47
image,2,2026-10-05T14:25:51,nodeGcor3,3.11.9,unknown,13156898,48,0,0,0.9999969005584717,grad_cam,attribution,5,47,4.839912156786451e-05,0.46,0.3563912562653412,1.0,0.42857142857142855,10,10,1.0,0.005190213676542044,47
image,2,2026-10-05T14:25:51,nodeGcor3,3.11.9,unknown,13156898,48,0,0,0.9999969005584717,lime,attribution,5,47,1.0728869313073413e-05,0.56,0.4625413136518196,0.9,0.42857142857142855,10,10,0.6666666666666666,2.390234534163028,47
image,2,2026-10-05T14:25:51,nodeGcor3,3.11.9,unknown,13156898,48,0,0,0.9999969005584717,kernel_shap,attribution,5,47,0.0,0.57,0.4284925818311214,0.7190476190476189,0.1111111111111111,10,10,0.25,0.25688507687300444,47
image,2,2026-10-05T14:25:51,nodeGcor3,3.11.9,unknown,13156898,48,0,0,0.9999969005584717,random,attribution,5,47,5.2452249975025575e-06,0.53,0.34915862303640066,0.03333333333333333,0.0,10,10,0.0,3.35080549120903e-05,47
image,2,2026-10-05T14:25:51,nodeGcor3,3.11.9,unknown,13156898,49,0,0,0.9916747212409973,cam,attribution,5,43,0.08022614103419595,0.52,0.3732334526788841,0.8999999999999998,0.0,10,10,1.0,0.003257193136960268,43
image,2,2026-10-05T14:25:51,nodeGcor3,3.11.9,unknown,13156898,49,0,0,0.9916747212409973,grad_cam,attribution,5,43,0.08022614103419595,0.53,0.37151052949224417,0.9666666666666666,0.0,10,10,1.0,0.005327324382960796,43
image,2,2026-10-05T14:25:51,nodeGcor3,3.11.9,unknown,13156898,49,0,0,0.9916747212409973,lime,attribution,5,43,0.606357822909603,0.59,0.567767015146075,0.7428571428571429,0.0,10,10,1.0,2.4737799311988056,43
image,2,2026-10-05T14:25:51,nodeGcor3,3.11.9,unknown,13156898,49,0,0,0.9916747212409973,kernel_shap,attribution,5,43,0.40727907456744616,0.47,0.48686559683508424,0.8333333333333334,0.1111111111111111,10,10,0.42857142857142855,0.22586299711838365,43
image,2,2026-10-05T14:25:51,nodeGcor3,3.11.9,unknown,13156898,49,0,0,0.9916747212409973,random,attribution,5,43,0.0,0.48,0.3170850305583237,0.025,0.0,10,10,0.1111111111111111,3.7353020161390305e-05,43
image,2,2026-10-05T14:25:51,nodeGcor3,3.11.9,unknown,13156898,50,0,0,0.9999792575836182,cam,attribution,5,44,4.196254032635889e-05,0.74,0.29273359542386634,0.9666666666666666,0.6666666666666666,10,10,1.0,0.003388139884918928,44
image,2,2026-10-05T14:25:51,nodeGcor3,3.11.9,unknown,13156898,50,0,0,0.9999792575836182,grad_cam,attribution,5,44,4.196254032635889e-05,0.63,0.2927335955161964,0.9333333333333332,0.6666666666666666,10,10,1.0,0.005415877792984247,44
image,2,2026-10-05T14:25:51,nodeGcor3,3.11.9,unknown,13156898,50,0,0,0.9999792575836182,lime,attribution,5,44,0.0005295982539768448,0.64,0.5059363749430212,0.6428571428571429,0.25,10,10,1.0,2.3409260232001543,44
image,2,2026-10-05T14:25:51,nodeGcor3,3.11.9,unknown,13156898,50,0,0,0.9999792575836182,kernel_shap,attribution,5,44,0.00011873491524162913,0.68,0.44231281856308835,0.9666666666666666,0.42857142857142855,10,10,0.42857142857142855,0.22715673921629786,44
image,2,2026-10-05T14:25:51,nodeGcor3,3.11.9,unknown,13156898,50,0,0,0.9999792575836182,random,attribution,5,44,5.006894016213277e-06,0.53,0.2698201459598074,0.04444444444444444,0.0,10,10,0.0,3.430526703596115e-05,44
image,2,2026-10-05T14:25:51,nodeGcor3,3.11.9,unknown,13156898,51,0,0,0.9999920129776001,cam,attribution,5,45,0.00010526264340843062,0.65,0.3882262493947397,1.0,0.6666666666666666,10,10,1.0,0.003278737887740135,45
image,2,2026-10-05T14:25:51,nodeGcor3,3.11.9,unknown,13156898,51,0,0,0.9999920129776001,grad_cam,attribution,5,45,0.00010526264340843062,0.63,0.3882262458608191,1.0,0.6666666666666666,10,10,1.0,0.005506414920091629,45
image,2,2026-10-05T14:25:51,nodeGcor3,3.11.9,unknown,13156898,51,0,0,0.9999920129776001,lime,attribution,5,45,0.0007712902637061677,0.58,0.5279250506920108,0.9,0.6666666666666666,10,10,0.6666666666666666,2.4942551348358393,45
image,2,2026-10-05T14:25:51,nodeGcor3,3.11.9,unknown,13156898,51,0,0,0.9999920129776001,kernel_shap,attribution,5,45,5.0068301507973796e-05,0.56,0.45979668249479455,1.0,0.42857142857142855,10,10,0.25,0.2279186137020588,45
image,2,2026-10-05T14:25:51,nodeGcor3,3.11.9,unknown,13156898,51,0,0,0.9999920129776001,random,attribution,5,45,1.9312059153075607e-05,0.51,0.32859216415777925,0.07222222222222223,0.0,10,10,0.0,3.567896783351898e-05,45
image,2,2026-10-05T14:25:51,nodeGcor3,3.11.9,unknown,13156898,52,0,0,0.9999960660934448,cam,attribution,5,46,0.0006187582515504719,0.47,0.43936677762034315,0.9666666666666666,0.42857142857142855,10,10,1.0,0.0032624350860714912,46
image,2,2026-10-05T14:25:51,nodeGcor3,3.11.9,unknown,13156898,52,0,0,0.9999960660934448,grad_cam,attribution,5,46,0.0006187582515504719,0.48,0.4393667791680036,0.9666666666666666,0.6666666666666666,10,10,1.0,0.0051429071463644505,46
image,2,2026-10-05T14:25:51,nodeGcor3,3.11.9,unknown,13156898,52,0,0,0.9999960660934448,lime,attribution,5,46,0.004466730046521608,0.48,0.5073255735804202,0.8666666666666666,0.42857142857142855,10,10,1.0,2.462531324941665,46
image,2,2026-10-05T14:25:51,nodeGcor3,3.11.9,unknown,13156898,52,0,0,0.9999960660934448,kernel_shap,attribution,5,46,0.0014467892341667088,0.48,0.602447194238005,0.5476190476190477,0.25,10,10,0.42857142857142855,0.2276192898862064,46
image,2,2026-10-05T14:25:51,nodeGcor3,3.11.9,unknown,13156898,52,0,0,0.9999960660934448,random,attribution,5,46,1.192097585108317e-07,0.51,0.31657828842022473,0.04444444444444444,0.0,10,10,0.0,3.454694524407387e-05,46
image,2,2026-10-05T14:25:51,nodeGcor3,3.11.9,unknown,13156898,53,0,0,0.9999333620071411,cam,attribution,5,41,0.0,0.55,0.31935814510205895,1.0,0.6666666666666666,10,10,1.0,0.003257417120039463,41
image,2,2026-10-05T14:25:51,nodeGcor3,3.11.9,unknown,13156898,53,0,0,0.9999333620071411,grad_cam,attribution,5,41,0.0,0.57,0.3193581536540825,1.0,0.6666666666666666,10,10,1.0,0.005077182315289974,41
image,2,2026-10-05T14:25:51,nodeGcor3,3.11.9,unknown,13156898,53,0,0,0.9999333620071411,lime,attribution,5,41,0.0,0.73,0.4594344322068378,0.9666666666666666,0.1111111111111111,10,10,0.6666666666666666,2.455943727400154,41
image,2,2026-10-05T14:25:51,nodeGcor3,3.11.9,unknown,13156898,53,0,0,0.9999333620071411,kernel_shap,attribution,5,41,0.0,0.65,0.412257381794798,0.9,0.1111111111111111,10,10,0.42857142857142855,0.22627004887908697,41
image,2,2026-10-05T14:25:51,nodeGcor3,3.11.9,unknown,13156898,53,0,0,0.9999333620071411,random,attribution,5,41,0.0,0.51,0.28807012050432146,0.07222222222222223,0.0,10,10,0.1111111111111111,3.1297095119953156e-05,41
image,2,2026-10-05T14:25:51,nodeGcor3,3.11.9,unknown,13156898,54,0,0,0.9999902248382568,cam,attribution,5,44,0.002159914626240653,0.76,0.39964234863735537,1.0,0.42857142857142855,10,10,1.0,0.003237680997699499,44
image,2,2026-10-05T14:25:51,nodeGcor3,3.11.9,unknown,13156898,54,0,0,0.9999902248382568,grad_cam,attribution,5,44,0.002159914626240653,0.62,0.3996423504764237,1.0,0.6666666666666666,10,10,1.0,0.005262503866106272,44
image,2,2026-10-05T14:25:51,nodeGcor3,3.11.9,unknown,13156898,54,0,0,0.9999902248382568,lime,attribution,5,44,0.0021168200468115613,0.52,0.5359767721015332,0.7333333333333334,0.25,10,10,0.6666666666666666,2.4323947429656982,44
image,2,2026-10-05T14:25:51,nodeGcor3,3.11.9,unknown,13156898,54,0,0,0.9999902248382568,kernel_shap,attribution,5,44,0.003654873335315406,0.57,0.4053658079704613,1.0,0.42857142857142855,10,10,0.25,0.22572705103084445,44
image,2,2026-10-05T14:25:51,nodeGcor3,3.11.9,unknown,13156898,54,0,0,0.9999902248382568,random,attribution,5,44,5.0068391037948745e-06,0.57,0.31770349073266,0.04444444444444444,0.0,10,10,0.0,3.7890393286943436e-05,44
image,2,2026-10-05T14:25:51,nodeGcor3,3.11.9,unknown,13156898,55,0,0,0.9970512390136719,cam,attribution,5,48,0.007288225822312917,0.48,0.3173212250146902,0.9333333333333332,0.42857142857142855,10,10,1.0,0.0032927952706813812,48
image,2,2026-10-05T14:25:51,nodeGcor3,3.11.9,unknown,13156898,55,0,0,0.9970512390136719,grad_cam,attribution,5,48,0.007288225822312917,0.53,0.3160840299446752,0.8666666666666668,0.42857142857142855,10,10,1.0,0.005178079009056091,48
image,2,2026-10-05T14:25:51,nodeGcor3,3.11.9,unknown,13156898,55,0,0,0.9970512390136719,lime,attribution,5,48,0.0019266287315055628,0.56,0.5285087187659656,0.7333333333333334,0.42857142857142855,10,10,0.6666666666666666,2.463585451710969,48
image,2,2026-10-05T14:25:51,nodeGcor3,3.11.9,unknown,13156898,55,0,0,0.9970512390136719,kernel_shap,attribution,5,48,0.0021275533674305408,0.58,0.4598691439700222,0.8999999999999998,0.42857142857142855,10,10,0.6666666666666666,0.22642169799655676,48
image,2,2026-10-05T14:25:51,nodeGcor3,3.11.9,unknown,13156898,55,0,0,0.9970512390136719,random,attribution,5,48,0.0030551185715400205,0.53,0.2925871289507993,0.03333333333333333,0.0,10,10,0.0,3.6837998777627945e-05,48
image,2,2026-10-05T14:25:51,nodeGcor3,3.11.9,unknown,13156898,56,0,0,0.9999386072158813,cam,attribution,5,48,0.0017331710556857203,0.63,0.465509382784689,0.8333333333333333,0.6666666666666666,10,10,1.0,0.0033640172332525253,48
image,2,2026-10-05T14:25:51,nodeGcor3,3.11.9,unknown,13156898,56,0,0,0.9999386072158813,grad_cam,attribution,5,48,0.0017331710556857203,0.7,0.46383753902830505,0.8,0.6666666666666666,10,10,1.0,0.005190629977732897,48
image,2,2026-10-05T14:25:51,nodeGcor3,3.11.9,unknown,13156898,56,0,0,0.9999386072158813,lime,attribution,5,48,0.0013438692203341094,0.53,0.6329008724686882,0.9333333333333332,0.42857142857142855,10,10,0.6666666666666666,2.44161389535293,48
image,2,2026-10-05T14:25:51,nodeGcor3,3.11.9,unknown,13156898,56,0,0,0.9999386072158813,kernel_shap,attribution,5,48,0.0051030669307076115,0.53,0.47587581966516534,0.8333333333333333,0.25,10,10,0.42857142857142855,0.2265325621701777,48
image,2,2026-10-05T14:25:51,nodeGcor3,3.11.9,unknown,13156898,56,0,0,0.9999386072158813,random,attribution,5,48,0.0,0.5,0.2862673764650616,0.12341269841269842,0.0,10,10,0.25,4.063080996274948e-05,48
image,2,2026-10-05T14:25:51,nodeGcor3,3.11.9,unknown,13156898,57,0,0,0.999966025352478,cam,attribution,5,45,0.0,0.63,0.39126033920991177,1.0,0.6666666666666666,10,10,1.0,0.003263944759964943,45
image,2,2026-10-05T14:25:51,nodeGcor3,3.11.9,unknown,13156898,57,0,0,0.999966025352478,grad_cam,attribution,5,45,0.0,0.63,0.3899965378276644,1.0,0.42857142857142855,10,10,1.0,0.005400281865149736,45
image,2,2026-10-05T14:25:51,nodeGcor3,3.11.9,unknown,13156898,57,0,0,0.999966025352478,lime,attribution,5,45,0.0004482421575802458,0.6,0.5207012764379012,0.8666666666666668,0.6666666666666666,10,10,1.0,2.4055913081392646,45
image,2,2026-10-05T14:25:51,nodeGcor3,3.11.9,unknown,13156898,57,0,0,0.999966025352478,kernel_shap,attribution,5,45,4.720848255366418e-05,0.58,0.501320917528421,0.6761904761904762,0.25,10,10,0.42857142857142855,0.22657471802085638,45
image,2,2026-10-05T14:25:51,nodeGcor3,3.11.9,unknown,13156898,57,0,0,0.999966025352478,random,attribution,5,45,5.2453869504071316e-06,0.44,0.3444786825522125,0.03333333333333333,0.0,10,10,0.0,3.360770642757416e-05,45
image,2,2026-10-05T14:25:51,nodeGcor3,3.11.9,unknown,13156898,58,0,0,0.9999947547912598,cam,attribution,5,40,0.00011205731994176834,0.52,0.271159225098631,1.0,0.0,10,10,1.0,0.0032531367614865303,40
image,2,2026-10-05T14:25:51,nodeGcor3,3.11.9,unknown,13156898,58,0,0,0.9999947547912598,grad_cam,attribution,5,40,0.00011205731994176834,0.54,0.2695182713239691,1.0,0.0,10,10,1.0,0.005301895085722208,40
image,2,2026-10-05T14:25:51,nodeGcor3,3.11.9,unknown,13156898,58,0,0,0.9999947547912598,lime,attribution,5,40,7.987064293721787e-06,0.59,0.34761968611610883,0.7333333333333333,0.25,10,10,0.6666666666666666,2.4361722148023546,40
image,2,2026-10-05T14:25:51,nodeGcor3,3.11.9,unknown,13156898,58,0,0,0.9999947547912598,kernel_shap,attribution,5,40,0.0,0.5,0.3832267254334223,0.9,0.42857142857142855,10,10,0.42857142857142855,0.22549173515290022,40
image,2,2026-10-05T14:25:51,nodeGcor3,3.11.9,unknown,13156898,58,0,0,0.9999947547912598,random,attribution,5,40,6.318125486078428e-06,0.54,0.27607978802521393,0.03333333333333333,0.0,10,10,0.0,3.115786239504814e-05,40
image,2,2026-10-05T14:25:51,nodeGcor3,3.11.9,unknown,13156898,59,0,0,0.9999982118606567,cam,attribution,5,38,1.9788777450521202e-05,0.68,0.1399445062692135,0.9333333333333332,0.1111111111111111,10,10,1.0,0.003396654035896063,38
image,2,2026-10-05T14:25:51,nodeGcor3,3.11.9,unknown,13156898,59,0,0,0.9999982118606567,grad_cam,attribution,5,38,1.9788777450521202e-05,0.62,0.13994451071399483,1.0,0.1111111111111111,10,10,1.0,0.005391198210418224,38
image,2,2026-10-05T14:25:51,nodeGcor3,3.11.9,unknown,13156898,59,0,0,0.9999982118606567,lime,attribution,5,38,8.34466518997882e-07,0.71,0.4509909326065873,0.7333333333333334,0.1111111111111111,10,10,0.42857142857142855,2.4776233178563416,38
image,2,2026-10-05T14:25:51,nodeGcor3,3.11.9,unknown,13156898,59,0,0,0.9999982118606567,kernel_shap,attribution,5,38,3.933913589561444e-06,0.59,0.47709725979657513,0.6761904761904762,0.1111111111111111,10,10,0.6666666666666666,0.22573953215032816,38
image,2,2026-10-05T14:25:51,nodeGcor3,3.11.9,unknown,13156898,59,0,0,0.9999982118606567,random,attribution,5,38,5.960475135699157e-06,0.46,0.258857508435268,0.04444444444444444,0.0,10,10,0.25,3.691064193844795e-05,38
image,2,2026-10-05T14:25:51,nodeGcor3,3.11.9,unknown,13156898,60,0,0,0.999962568283081,cam,attribution,5,45,0.0,0.47,0.24076836443467542,1.0,0.1111111111111111,10,10,1.0,0.0035123107954859734,45
image,2,2026-10-05T14:25:51,nodeGcor3,3.11.9,unknown,13156898,60,0,0,0.999962568283081,grad_cam,attribution,5,45,0.0,0.53,0.240768364300056,1.0,0.25,10,10,1.0,0.005213495809584856,45
image,2,2026-10-05T14:25:51,nodeGcor3,3.11.9,unknown,13156898,60,0,0,0.999962568283081,lime,attribution,5,45,2.3485109129460652e-05,0.66,0.48189443834769363,1.0,0.42857142857142855,10,10,0.42857142857142855,2.426226119045168,45
image,2,2026-10-05T14:25:51,nodeGcor3,3.11.9,unknown,13156898,60,0,0,0.999962568283081,kernel_shap,attribution,5,45,0.0,0.52,0.563654014068169,0.8666666666666666,0.42857142857142855,10,10,1.0,0.22707638004794717,45
image,2,2026-10-05T14:25:51,nodeGcor3,3.11.9,unknown,13156898,60,0,0,0.999962568283081,random,attribution,5,45,0.0,0.54,0.31301596479612237,0.04444444444444444,0.0,10,10,0.1111111111111111,4.106201231479645e-05,45
image,2,2026-10-05T14:25:51,nodeGcor3,3.11.9,unknown,13156898,61,0,0,0.9999943971633911,cam,attribution,5,48,0.00012016363712441264,0.52,0.4231558003381173,1.0,0.42857142857142855,10,10,1.0,0.0033883540891110897,48
image,2,2026-10-05T14:25:51,nodeGcor3,3.11.9,unknown,13156898,61,0,0,0.9999943971633911,grad_cam,attribution,5,48,0.00012016363712441264,0.46,0.4231558040434563,1.0,0.42857142857142855,10,10,1.0,0.005385097116231918,48
image,2,2026-10-05T14:25:51,nodeGcor3,3.11.9,unknown,13156898,61,0,0,0.9999943971633911,lime,attribution,5,48,0.0010157880475566668,0.48,0.5418842711742408,1.0,0.42857142857142855,10,10,0.6666666666666666,2.391500124707818,48
image,2,2026-10-05T14:25:51,nodeGcor3,3.11.9,unknown,13156898,61,0,0,0.9999943971633911,kernel_shap,attribution,5,48,0.00027173909804077245,0.67,0.5039119443308359,0.9666666666666666,0.25,10,10,0.25,0.22683564387261868,48
image,2,2026-10-05T14:25:51,nodeGcor3,3.11.9,unknown,13156898,61,0,0,0.9999943971633911,random,attribution,5,48,5.960497873234754e-07,0.55,0.29249733187960547,0.07222222222222222,0.0,10,10,0.1111111111111111,3.253621980547905e-05,48
image,2,2026-10-05T14:25:51,nodeGcor3,3.11.9,unknown,13156898,62,0,0,0.9992901086807251,cam,attribution,5,48,0.0011660397962600596,0.47,0.40197865915554165,0.9333333333333332,0.25,10,10,1.0,0.003248854074627161,48
image,2,2026-10-05T14:25:51,nodeGcor3,3.11.9,unknown,13156898,62,0,0,0.9992901086807251,grad_cam,attribution,5,48,0.0011660397962600596,0.44,0.4004409052060838,0.9666666666666666,0.42857142857142855,10,10,1.0,0.005358351860195398,48
image,2,2026-10-05T14:25:51,nodeGcor3,3.11.9,unknown,13156898,62,0,0,0.9992901086807251,lime,attribution,5,48,0.01248877592006439,0.54,0.5977217907459882,0.9333333333333332,0.42857142857142855,10,10,1.0,2.4925401019863784,48
image,2,2026-10-05T14:25:51,nodeGcor3,3.11.9,unknown,13156898,62,0,0,0.9992901086807251,kernel_shap,attribution,5,48,0.005520988775979711,0.55,0.5158108829533691,0.9666666666666666,0.42857142857142855,10,10,0.6666666666666666,0.2281302330084145,48
image,2,2026-10-05T14:25:51,nodeGcor3,3.11.9,unknown,13156898,62,0,0,0.9992901086807251,random,attribution,5,48,0.0005170801060810506,0.51,0.3179319821051825,0.10952380952380951,0.0,10,10,0.0,3.8871075958013535e-05,48
image,2,2026-10-05T14:25:51,nodeGcor3,3.11.9,unknown,13156898,63,0,0,0.9994780421257019,cam,attribution,5,48,0.03318171726177928,0.52,0.47126644839992937,0.9666666666666666,0.6666666666666666,10,10,1.0,0.00334892887622118,48
image,2,2026-10-05T14:25:51,nodeGcor3,3.11.9,unknown,13156898,63,0,0,0.9994780421257019,grad_cam,attribution,5,48,0.03318171726177928,0.48,0.4712664524142002,0.9666666666666666,0.6666666666666666,10,10,1.0,0.005270217079669237,48
image,2,2026-10-05T14:25:51,nodeGcor3,3.11.9,unknown,13156898,63,0,0,0.9994780421257019,lime,attribution,5,48,0.01211453580297906,0.48,0.4864485641211209,0.8666666666666666,0.25,10,10,0.6666666666666666,2.4369636280462146,48
image,2,2026-10-05T14:25:51,nodeGcor3,3.11.9,unknown,13156898,63,0,0,0.9994780421257019,kernel_shap,attribution,5,48,0.05219241777311452,0.51,0.4722794144986594,0.8333333333333333,0.42857142857142855,10,10,0.42857142857142855,0.22705646930262446,48
image,2,2026-10-05T14:25:51,nodeGcor3,3.11.9,unknown,13156898,63,0,0,0.9994780421257019,random,attribution,5,48,0.0,0.51,0.34359176853588724,0.05555555555555556,0.0,10,10,0.1111111111111111,3.5942066460847855e-05,48
image,2,2026-10-05T14:25:51,nodeGcor3,3.11.9,unknown,13156898,64,0,0,0.5771868824958801,cam,attribution,5,46,0.0,0.44,0.33745478397290773,0.5357142857142858,nan,10,0,1.0,0.0034095030277967453,46
image,2,2026-10-05T14:25:51,nodeGcor3,3.11.9,unknown,13156898,64,0,0,0.5771868824958801,grad_cam,attribution,5,46,0.4704994061789587,0.55,0.4392986259557884,0.7,nan,10,0,1.0,0.0051092118956148624,46
image,2,2026-10-05T14:25:51,nodeGcor3,3.11.9,unknown,13156898,64,0,0,0.5771868824958801,lime,attribution,5,46,0.0,0.49,0.6251923589092105,0.8999999999999998,0.25,10,1,0.25,2.477374996058643,46
image,2,2026-10-05T14:25:51,nodeGcor3,3.11.9,unknown,13156898,64,0,0,0.5771868824958801,kernel_shap,attribution,5,46,0.0,0.49,0.5096134107482964,1.0,1.0,10,1,0.25,0.22574502369388938,46
image,2,2026-10-05T14:25:51,nodeGcor3,3.11.9,unknown,13156898,64,0,0,0.5771868824958801,random,attribution,5,46,0.26227452035070326,0.56,0.3310386486253306,0.06666666666666668,0.0,10,2,0.1111111111111111,3.331433981657028e-05,46
image,2,2026-10-05T14:25:51,nodeGcor3,3.11.9,unknown,13156898,65,0,0,0.9956991672515869,cam,attribution,5,40,0.05336139826275517,0.56,0.4225775745323128,0.8333333333333334,0.42857142857142855,10,10,1.0,0.0032913503237068653,40
image,2,2026-10-05T14:25:51,nodeGcor3,3.11.9,unknown,13156898,65,0,0,0.9956991672515869,grad_cam,attribution,5,40,0.05336139826275517,0.48,0.4613348326037767,0.7666666666666667,0.42857142857142855,10,10,1.0,0.005392981227487326,40
image,2,2026-10-05T14:25:51,nodeGcor3,3.11.9,unknown,13156898,65,0,0,0.9956991672515869,lime,attribution,5,40,0.0416943428917876,0.6,0.4595469769778977,0.7333333333333333,0.1111111111111111,10,10,1.0,2.4981049499474466,40
image,2,2026-10-05T14:25:51,nodeGcor3,3.11.9,unknown,13156898,65,0,0,0.9956991672515869,kernel_shap,attribution,5,40,0.0701346273754462,0.54,0.5379686880777115,1.0,0.6666666666666666,10,10,1.0,0.2248435551300645,40
image,2,2026-10-05T14:25:51,nodeGcor3,3.11.9,unknown,13156898,65,0,0,0.9956991672515869,random,attribution,5,40,0.0,0.54,0.29693000668581715,0.04722222222222222,0.0,10,10,0.1111111111111111,3.315974026918411e-05,40
image,2,2026-10-05T14:25:51,nodeGcor3,3.11.9,unknown,13156898,66,0,0,0.999713122844696,cam,attribution,5,40,0.0030559131039139833,0.54,0.4145563346325568,1.0,0.6666666666666666,10,10,1.0,0.003348809201270342,40
image,2,2026-10-05T14:25:51,nodeGcor3,3.11.9,unknown,13156898,66,0,0,0.999713122844696,grad_cam,attribution,5,40,0.0030559131039139833,0.56,0.42413640484016946,1.0,0.6666666666666666,10,10,1.0,0.005157839972525835,40
image,2,2026-10-05T14:25:51,nodeGcor3,3.11.9,unknown,13156898,66,0,0,0.999713122844696,lime,attribution,5,40,0.14598881817814874,0.62,0.5539995965522546,0.9,0.25,10,10,0.6666666666666666,2.469501798041165,40
image,2,2026-10-05T14:25:51,nodeGcor3,3.11.9,unknown,13156898,66,0,0,0.999713122844696,kernel_shap,attribution,5,40,0.004879504133009937,0.53,0.4666014994264327,0.8999999999999998,0.1111111111111111,10,10,0.42857142857142855,0.22489074198529124,40
image,2,2026-10-05T14:25:51,nodeGcor3,3.11.9,unknown,13156898,66,0,0,0.999713122844696,random,attribution,5,40,0.0,0.52,0.32100837458001075,0.13333333333333336,0.0,10,10,0.0,3.2708048820495605e-05,40
image,2,2026-10-05T14:25:51,nodeGcor3,3.11.9,unknown,13156898,67,0,0,0.9999598264694214,cam,attribution,5,42,7.844286385120367e-05,0.6,0.346550111212827,0.7,0.42857142857142855,10,10,1.0,0.003214200958609581,42
image,2,2026-10-05T14:25:51,nodeGcor3,3.11.9,unknown,13156898,67,0,0,0.9999598264694214,grad_cam,attribution,5,42,7.844286385120367e-05,0.56,0.3465501161615664,0.7333333333333334,0.42857142857142855,10,10,1.0,0.005428772885352373,42
image,2,2026-10-05T14:25:51,nodeGcor3,3.11.9,unknown,13156898,67,0,0,0.9999598264694214,lime,attribution,5,42,0.0002818220822860873,0.52,0.4843050405785756,0.8,0.42857142857142855,10,10,0.6666666666666666,2.3992038844153285,42
image,2,2026-10-05T14:25:51,nodeGcor3,3.11.9,unknown,13156898,67,0,0,0.9999598264694214,kernel_shap,attribution,5,42,6.532931518306931e-05,0.5,0.5289985361366438,0.9333333333333332,0.42857142857142855,10,10,0.6666666666666666,0.22529375972226262,42
image,2,2026-10-05T14:25:51,nodeGcor3,3.11.9,unknown,13156898,67,0,0,0.9999598264694214,random,attribution,5,42,5.257340875133862e-05,0.56,0.2514659366788644,0.13055555555555556,0.0,10,10,0.1111111111111111,3.0285678803920746e-05,42
image,2,2026-10-05T14:25:51,nodeGcor3,3.11.9,unknown,13156898,68,0,0,0.613478422164917,cam,attribution,5,38,0.0,0.59,0.39405883721956436,0.9,0.1111111111111111,10,10,1.0,0.003222213126718998,38
image,2,2026-10-05T14:25:51,nodeGcor3,3.11.9,unknown,13156898,68,0,0,0.613478422164917,grad_cam,attribution,5,38,0.5226038117768699,0.62,0.6507984404335894,0.8333333333333334,0.25,10,10,1.0,0.00534001924097538,38
image,2,2026-10-05T14:25:51,nodeGcor3,3.11.9,unknown,13156898,68,0,0,0.613478422164917,lime,attribution,5,38,0.0,0.42,0.6391108051850894,1.0,0.25,10,10,1.0,2.4367868108674884,38
image,2,2026-10-05T14:25:51,nodeGcor3,3.11.9,unknown,13156898,68,0,0,0.613478422164917,kernel_shap,attribution,5,38,0.0,0.35,0.5729991381045331,0.9,0.42857142857142855,10,10,0.6666666666666666,0.2250490728765726,38
image,2,2026-10-05T14:25:51,nodeGcor3,3.11.9,unknown,13156898,68,0,0,0.613478422164917,random,attribution,5,38,0.0,0.43,0.2739428047321719,0.10555555555555554,0.0,10,10,0.1111111111111111,3.642123192548752e-05,38
image,2,2026-10-05T14:25:51,nodeGcor3,3.11.9,unknown,13156898,69,0,0,0.9997902512550354,cam,attribution,5,42,0.002886305015084631,0.68,0.3559185830999084,1.0,0.6666666666666666,10,10,1.0,0.003480582032352686,42
image,2,2026-10-05T14:25:51,nodeGcor3,3.11.9,unknown,13156898,69,0,0,0.9997902512550354,grad_cam,attribution,5,42,0.002886305015084631,0.62,0.35591858988644665,1.0,0.6666666666666666,10,10,1.0,0.00504307821393013,42
image,2,2026-10-05T14:25:51,nodeGcor3,3.11.9,unknown,13156898,69,0,0,0.9997902512550354,lime,attribution,5,42,0.001183996728210451,0.55,0.5178353898719373,0.8666666666666666,0.25,10,10,0.6666666666666666,2.3692705179564655,42
image,2,2026-10-05T14:25:51,nodeGcor3,3.11.9,unknown,13156898,69,0,0,0.9997902512550354,kernel_shap,attribution,5,42,0.0,0.51,0.449166964727587,0.9333333333333332,0.25,10,10,0.42857142857142855,0.22510348400101066,42
image,2,2026-10-05T14:25:51,nodeGcor3,3.11.9,unknown,13156898,69,0,0,0.9997902512550354,random,attribution,5,42,0.0,0.54,0.30879635243810233,0.02222222222222222,0.0,10,10,0.0,3.765616565942764e-05,42
image,2,2026-10-05T14:25:51,nodeGcor3,3.11.9,unknown,13156898,70,1,1,0.9999585151672363,cam,attribution,5,40,0.0013674468840975363,0.9,0.5501645036684594,1.0,1.0,10,10,1.0,0.0032313428819179535,40
image,2,2026-10-05T14:25:51,nodeGcor3,3.11.9,unknown,13156898,70,1,1,0.9999585151672363,grad_cam,attribution,5,40,0.0013674468840975363,0.91,0.559106786772452,1.0,1.0,10,10,1.0,0.0054281787015497684,40
image,2,2026-10-05T14:25:51,nodeGcor3,3.11.9,unknown,13156898,70,1,1,0.9999585151672363,lime,attribution,5,40,0.2071392636851981,0.57,0.6614599066301782,0.9,0.42857142857142855,10,10,0.6666666666666666,2.377638373989612,40
image,2,2026-10-05T14:25:51,nodeGcor3,3.11.9,unknown,13156898,70,1,1,0.9999585151672363,kernel_shap,attribution,5,40,0.342583801646587,0.52,0.6262293243990225,1.0,0.6666666666666666,10,10,0.42857142857142855,0.22271438408643007,40
image,2,2026-10-05T14:25:51,nodeGcor3,3.11.9,unknown,13156898,70,1,1,0.9999585151672363,random,attribution,5,40,0.0,0.5,0.3499664206736176,0.08055555555555556,0.0,10,10,0.25,3.3882446587085724e-05,40
image,2,2026-10-05T14:25:51,nodeGcor3,3.11.9,unknown,13156898,71,1,1,0.9996758699417114,cam,attribution,5,42,0.0,0.68,0.40943482423057953,1.0,0.6666666666666666,10,10,1.0,0.003273061942309141,42
image,2,2026-10-05T14:25:51,nodeGcor3,3.11.9,unknown,13156898,71,1,1,0.9996758699417114,grad_cam,attribution,5,42,0.0,0.69,0.40886317060560673,1.0,0.6666666666666666,10,10,1.0,0.005425256676971912,42
image,2,2026-10-05T14:25:51,nodeGcor3,3.11.9,unknown,13156898,71,1,1,0.9996758699417114,lime,attribution,5,42,0.005441820181497752,0.97,0.5105176149555142,0.7,0.42857142857142855,10,10,0.6666666666666666,2.349892213009298,42
image,2,2026-10-05T14:25:51,nodeGcor3,3.11.9,unknown,13156898,71,1,1,0.9996758699417114,kernel_shap,attribution,5,42,0.0035858452216574774,0.93,0.4735043787261325,1.0,0.6666666666666666,10,10,0.42857142857142855,0.22476708237081766,42
image,2,2026-10-05T14:25:51,nodeGcor3,3.11.9,unknown,13156898,71,1,1,0.9996758699417114,random,attribution,5,42,0.0,0.55,0.32014906672208054,0.05833333333333333,0.0,10,10,0.0,3.030523657798767e-05,42
image,2,2026-10-05T14:25:51,nodeGcor3,3.11.9,unknown,13156898,72,1,1,0.9983336329460144,cam,attribution,5,41,0.24926460934604816,0.52,0.5927679464822585,1.0,0.6666666666666666,10,10,1.0,0.0032334430143237114,41
image,2,2026-10-05T14:25:51,nodeGcor3,3.11.9,unknown,13156898,72,1,1,0.9983336329460144,grad_cam,attribution,5,41,0.24926460934604816,0.6,0.6265653340660777,1.0,0.6666666666666666,10,10,1.0,0.005311230663210154,41
image,2,2026-10-05T14:25:51,nodeGcor3,3.11.9,unknown,13156898,72,1,1,0.9983336329460144,lime,attribution,5,41,0.44041835636808097,0.63,0.6438880425612965,1.0,0.6666666666666666,10,10,1.0,2.484850315377116,41
image,2,2026-10-05T14:25:51,nodeGcor3,3.11.9,unknown,13156898,72,1,1,0.9983336329460144,kernel_shap,attribution,5,41,0.24179854860462202,0.59,0.4878752798543755,0.8333333333333333,0.6666666666666666,10,10,0.6666666666666666,0.22549595776945353,41
image,2,2026-10-05T14:25:51,nodeGcor3,3.11.9,unknown,13156898,72,1,1,0.9983336329460144,random,attribution,5,41,0.01117589605893657,0.49,0.3540447304277722,0.05555555555555556,0.0,10,10,0.0,3.9795879274606705e-05,41
image,2,2026-10-05T14:25:51,nodeGcor3,3.11.9,unknown,13156898,73,1,1,0.9996742010116577,cam,attribution,5,40,0.014722433291405691,0.85,0.47691824285268025,1.0,1.0,10,10,1.0,0.0034021008759737015,40
image,2,2026-10-05T14:25:51,nodeGcor3,3.11.9,unknown,13156898,73,1,1,0.9996742010116577,grad_cam,attribution,5,40,0.014722433291405691,0.91,0.4762007749255823,1.0,0.6666666666666666,10,10,1.0,0.005302022211253643,40
image,2,2026-10-05T14:25:51,nodeGcor3,3.11.9,unknown,13156898,73,1,1,0.9996742010116577,lime,attribution,5,40,0.05351885718319708,0.9,0.5980523279381881,0.9666666666666666,0.6666666666666666,10,10,0.6666666666666666,2.463257232680917,40
image,2,2026-10-05T14:25:51,nodeGcor3,3.11.9,unknown,13156898,73,1,1,0.9996742010116577,kernel_shap,attribution,5,40,0.015417828739657014,0.8,0.5346559829244739,1.0,0.6666666666666666,10,10,0.1111111111111111,0.22590516926720738,40
image,2,2026-10-05T14:25:51,nodeGcor3,3.11.9,unknown,13156898,73,1,1,0.9996742010116577,random,attribution,5,40,0.0,0.45,0.337127933556285,0.05555555555555556,0.0,10,10,0.1111111111111111,3.226799890398979e-05,40
image,2,2026-10-05T14:25:51,nodeGcor3,3.11.9,unknown,13156898,74,1,1,0.9993407130241394,cam,attribution,5,39,0.00943377039056494,0.52,0.46802487573556684,0.8999999999999998,0.42857142857142855,10,10,1.0,0.0032484768889844418,39
image,2,2026-10-05T14:25:51,nodeGcor3,3.11.9,unknown,13156898,74,1,1,0.9993407130241394,grad_cam,attribution,5,39,0.00943377039056494,0.58,0.46786366833585824,0.9666666666666666,0.42857142857142855,10,10,1.0,0.005421904847025871,39
image,2,2026-10-05T14:25:51,nodeGcor3,3.11.9,unknown,13156898,74,1,1,0.9993407130241394,lime,attribution,5,39,0.5125708056155293,0.86,0.6087633393213576,0.9333333333333332,0.25,10,10,0.6666666666666666,2.5123469419777393,39
image,2,2026-10-05T14:25:51,nodeGcor3,3.11.9,unknown,13156898,74,1,1,0.9993407130241394,kernel_shap,attribution,5,39,0.45308615592048,0.66,0.5567278693198016,1.0,0.6666666666666666,10,10,0.42857142857142855,0.2243213108740747,39
image,2,2026-10-05T14:25:51,nodeGcor3,3.11.9,unknown,13156898,74,1,1,0.9993407130241394,random,attribution,5,39,0.0016339470679880036,0.52,0.34044800389843544,0.07619047619047618,0.0,10,10,0.1111111111111111,3.4607015550136566e-05,39
image,2,2026-10-05T14:25:51,nodeGcor3,3.11.9,unknown,13156898,75,1,1,0.9974285960197449,cam,attribution,5,43,0.0,0.74,0.584008437618148,1.0,1.0,10,10,1.0,0.003317725844681263,43
image,2,2026-10-05T14:25:51,nodeGcor3,3.11.9,unknown,13156898,75,1,1,0.9974285960197449,grad_cam,attribution,5,43,0.0,0.72,0.6491237653767418,1.0,1.0,10,10,1.0,0.005088530946522951,43
image,2,2026-10-05T14:25:51,nodeGcor3,3.11.9,unknown,13156898,75,1,1,0.9974285960197449,lime,attribution,5,43,0.07254863164841782,0.83,0.5940198286101523,1.0,0.6666666666666666,10,10,1.0,2.380700828973204,43
image,2,2026-10-05T14:25:51,nodeGcor3,3.11.9,unknown,13156898,75,1,1,0.9974285960197449,kernel_shap,attribution,5,43,0.00157026548105657,0.64,0.4957015164602645,1.0,0.6666666666666666,10,10,0.6666666666666666,0.2262663310393691,43
image,2,2026-10-05T14:25:51,nodeGcor3,3.11.9,unknown,13156898,75,1,1,0.9974285960197449,random,attribution,5,43,0.0,0.57,0.2669541971252515,0.09007936507936506,0.0,10,10,0.0,3.671180456876755e-05,43
image,2,2026-10-05T14:25:51,nodeGcor3,3.11.9,unknown,13156898,76,1,1,0.9074212908744812,cam,attribution,5,44,0.1219937173363666,0.55,0.42863624287205115,0.8,0.0,10,3,1.0,0.003352466970682144,44
image,2,2026-10-05T14:25:51,nodeGcor3,3.11.9,unknown,13156898,76,1,1,0.9074212908744812,grad_cam,attribution,5,44,0.2500831463320923,0.51,0.5985299466510612,0.8666666666666666,0.0,10,5,1.0,0.005602111108601093,44
image,2,2026-10-05T14:25:51,nodeGcor3,3.11.9,unknown,13156898,76,1,1,0.9074212908744812,lime,attribution,5,44,0.6079248258623817,0.49,0.5600257949354739,0.8666666666666666,0.6666666666666666,10,8,1.0,2.4238050123676658,44
image,2,2026-10-05T14:25:51,nodeGcor3,3.11.9,unknown,13156898,76,1,1,0.9074212908744812,kernel_shap,attribution,5,44,0.6079248258623817,0.5,0.5824061949428998,0.9333333333333332,1.0,10,1,0.6666666666666666,0.22456301096826792,44
image,2,2026-10-05T14:25:51,nodeGcor3,3.11.9,unknown,13156898,76,1,1,0.9074212908744812,random,attribution,5,44,0.1439255618461895,0.51,0.304957402477084,0.05833333333333333,0.0,10,4,0.25,3.42479906976223e-05,44
image,2,2026-10-05T14:25:51,nodeGcor3,3.11.9,unknown,13156898,77,1,1,0.9957836866378784,cam,attribution,5,46,0.0,0.86,0.37136507749277237,0.9,0.6666666666666666,10,10,1.0,0.0032395892776548862,46
image,2,2026-10-05T14:25:51,nodeGcor3,3.11.9,unknown,13156898,77,1,1,0.9957836866378784,grad_cam,attribution,5,46,0.0,0.84,0.3703357511390174,1.0,0.6666666666666666,10,10,1.0,0.005163265857845545,46
image,2,2026-10-05T14:25:51,nodeGcor3,3.11.9,unknown,13156898,77,1,1,0.9957836866378784,lime,attribution,5,46,0.014017364386409523,0.85,0.4745084083645381,0.9666666666666666,0.42857142857142855,10,10,0.6666666666666666,2.470132522750646,46
image,2,2026-10-05T14:25:51,nodeGcor3,3.11.9,unknown,13156898,77,1,1,0.9957836866378784,kernel_shap,attribution,5,46,0.0,0.79,0.41011899857523004,0.6666666666666667,0.42857142857142855,10,10,0.42857142857142855,0.22420939011499286,46
image,2,2026-10-05T14:25:51,nodeGcor3,3.11.9,unknown,13156898,77,1,1,0.9957836866378784,random,attribution,5,46,0.0,0.6,0.3235119540104521,0.05833333333333333,0.0,10,10,0.0,4.1882041841745377e-05,46
image,2,2026-10-05T14:25:51,nodeGcor3,3.11.9,unknown,13156898,78,1,1,0.9998016953468323,cam,attribution,5,45,0.0011451728511107772,1.0,0.5011412850234921,1.0,1.0,10,10,1.0,0.003303373698145151,45
image,2,2026-10-05T14:25:51,nodeGcor3,3.11.9,unknown,13156898,78,1,1,0.9998016953468323,grad_cam,attribution,5,45,0.0011451728511107772,1.0,0.5010194792994199,1.0,0.6666666666666666,10,10,1.0,0.0056608896702528,45
image,2,2026-10-05T14:25:51,nodeGcor3,3.11.9,unknown,13156898,78,1,1,0.9998016953468323,lime,attribution,5,45,0.0781154064052059,1.0,0.5442279149440414,0.7,0.25,10,10,0.42857142857142855,2.4811840900219977,45
image,2,2026-10-05T14:25:51,nodeGcor3,3.11.9,unknown,13156898,78,1,1,0.9998016953468323,kernel_shap,attribution,5,45,0.0009618521932334467,1.0,0.504236330428757,0.9666666666666666,0.42857142857142855,10,10,0.6666666666666666,0.3804830298759043,45
image,2,2026-10-05T14:25:51,nodeGcor3,3.11.9,unknown,13156898,78,1,1,0.9998016953468323,random,attribution,5,45,0.0,0.41,0.35834149988515496,0.05833333333333333,0.0,10,10,0.0,3.3863820135593414e-05,45
image,2,2026-10-05T14:25:51,nodeGcor3,3.11.9,unknown,13156898,79,1,1,0.9994100332260132,cam,attribution,5,41,0.07983401515591584,0.88,0.5572456809160301,1.0,0.6666666666666666,10,10,1.0,0.003289783839136362,41
image,2,2026-10-05T14:25:51,nodeGcor3,3.11.9,unknown,13156898,79,1,1,0.9994100332260132,grad_cam,attribution,5,41,0.07983401515591584,0.88,0.6380266061437867,1.0,0.6666666666666666,10,10,1.0,0.005403183866292238,41
image,2,2026-10-05T14:25:51,nodeGcor3,3.11.9,unknown,13156898,79,1,1,0.9994100332260132,lime,attribution,5,41,0.9443662831148746,0.92,0.6181448729558131,0.8666666666666668,0.6666666666666666,10,10,1.0,2.4807339292019606,41
image,2,2026-10-05T14:25:51,nodeGcor3,3.11.9,unknown,13156898,79,1,1,0.9994100332260132,kernel_shap,attribution,5,41,0.4360501628346675,0.81,0.5049147005934866,0.9333333333333332,0.42857142857142855,10,10,0.6666666666666666,0.22533672722056508,41
image,2,2026-10-05T14:25:51,nodeGcor3,3.11.9,unknown,13156898,79,1,1,0.9994100332260132,random,attribution,5,41,0.0,0.53,0.3273209842310405,0.05555555555555556,0.0,10,10,0.1111111111111111,3.688409924507141e-05,41
image,2,2026-10-05T14:25:51,nodeGcor3,3.11.9,unknown,13156898,80,1,1,0.999951958656311,cam,attribution,5,44,6.449533177781561e-05,0.87,0.46104502265673897,0.8666666666666666,0.6666666666666666,10,10,1.0,0.0033182697370648384,44
image,2,2026-10-05T14:25:51,nodeGcor3,3.11.9,unknown,13156898,80,1,1,0.999951958656311,grad_cam,attribution,5,44,6.449533177781561e-05,0.85,0.45915474820041036,0.8999999999999998,0.6666666666666666,10,10,1.0,0.005195152945816517,44
image,2,2026-10-05T14:25:51,nodeGcor3,3.11.9,unknown,13156898,80,1,1,0.999951958656311,lime,attribution,5,44,0.049804046253524595,0.74,0.5471824413986837,0.9666666666666666,0.42857142857142855,10,10,0.6666666666666666,2.478847362101078,44
image,2,2026-10-05T14:25:51,nodeGcor3,3.11.9,unknown,13156898,80,1,1,0.999951958656311,kernel_shap,attribution,5,44,0.011679436980788736,0.75,0.42016445132132374,0.9666666666666666,0.6666666666666666,10,10,0.42857142857142855,0.22626110492274165,44
image,2,2026-10-05T14:25:51,nodeGcor3,3.11.9,unknown,13156898,80,1,1,0.999951958656311,random,attribution,5,44,0.0,0.58,0.2557928177161721,0.06944444444444445,0.0,10,10,0.0,4.002777859568596e-05,44
image,2,2026-10-05T14:25:51,nodeGcor3,3.11.9,unknown,13156898,81,1,1,0.9996485710144043,cam,attribution,5,47,0.6017514666112069,0.6,0.49940974538539795,0.7666666666666667,0.42857142857142855,10,10,1.0,0.0035047237761318684,47
image,2,2026-10-05T14:25:51,nodeGcor3,3.11.9,unknown,13156898,81,1,1,0.9996485710144043,grad_cam,attribution,5,47,0.6017514666112069,0.6,0.5218359298959176,0.7,0.25,10,10,1.0,0.005248745903372765,47
image,2,2026-10-05T14:25:51,nodeGcor3,3.11.9,unknown,13156898,81,1,1,0.9996485710144043,lime,attribution,5,47,0.8597587541728985,0.62,0.6546068203975516,0.9333333333333332,0.42857142857142855,10,10,1.0,2.3969238460995257,47
image,2,2026-10-05T14:25:51,nodeGcor3,3.11.9,unknown,13156898,81,1,1,0.9996485710144043,kernel_shap,attribution,5,47,0.6766492265723214,0.44,0.6061428262356937,0.7,0.42857142857142855,10,10,0.6666666666666666,0.22686974797397852,47
image,2,2026-10-05T14:25:51,nodeGcor3,3.11.9,unknown,13156898,81,1,1,0.9996485710144043,random,attribution,5,47,0.002629906919647808,0.44,0.3981843946935133,0.05833333333333333,0.0,10,10,0.0,4.0261074900627136e-05,47
image,2,2026-10-05T14:25:51,nodeGcor3,3.11.9,unknown,13156898,82,1,1,0.9997349381446838,cam,attribution,5,46,0.0,0.62,0.5448289053455064,1.0,0.42857142857142855,10,10,1.0,0.0033908658660948277,46
image,2,2026-10-05T14:25:51,nodeGcor3,3.11.9,unknown,13156898,82,1,1,0.9997349381446838,grad_cam,attribution,5,46,0.0,0.7,0.5501909057414944,1.0,0.6666666666666666,10,10,1.0,0.00522235780954361,46
image,2,2026-10-05T14:25:51,nodeGcor3,3.11.9,unknown,13156898,82,1,1,0.9997349381446838,lime,attribution,5,46,0.009616836717081512,0.93,0.5529182649759621,0.9666666666666666,0.42857142857142855,10,10,1.0,2.3519777171313763,46
image,2,2026-10-05T14:25:51,nodeGcor3,3.11.9,unknown,13156898,82,1,1,0.9997349381446838,kernel_shap,attribution,5,46,0.0004994404323531276,0.85,0.4813780362160214,1.0,0.25,10,10,0.42857142857142855,0.22387338243424892,46
image,2,2026-10-05T14:25:51,nodeGcor3,3.11.9,unknown,13156898,82,1,1,0.9997349381446838,random,attribution,5,46,0.0,0.5,0.31252925840329604,0.04444444444444444,0.0,10,10,0.1111111111111111,3.955001011490822e-05,46
image,2,2026-10-05T14:25:51,nodeGcor3,3.11.9,unknown,13156898,83,1,1,0.9999148845672607,cam,attribution,5,45,1.907510991435991e-05,0.79,0.49543873747477707,1.0,0.42857142857142855,10,10,1.0,0.0032238708809018135,45
image,2,2026-10-05T14:25:51,nodeGcor3,3.11.9,unknown,13156898,83,1,1,0.9999148845672607,grad_cam,attribution,5,45,1.907510991435991e-05,0.81,0.4955838137758156,0.9666666666666666,0.6666666666666666,10,10,1.0,0.0053606959991157055,45
image,2,2026-10-05T14:25:51,nodeGcor3,3.11.9,unknown,13156898,83,1,1,0.9999148845672607,lime,attribution,5,45,0.1959398866986159,0.77,0.6158736413324368,1.0,0.6666666666666666,10,10,0.6666666666666666,2.4715139400213957,45
image,2,2026-10-05T14:25:51,nodeGcor3,3.11.9,unknown,13156898,83,1,1,0.9999148845672607,kernel_shap,attribution,5,45,0.39133666925213884,0.83,0.6082648339948848,0.9,0.42857142857142855,10,10,0.42857142857142855,0.22636576183140278,45
image,2,2026-10-05T14:25:51,nodeGcor3,3.11.9,unknown,13156898,83,1,1,0.9999148845672607,random,attribution,5,45,0.0,0.63,0.32495755750101474,0.05555555555555556,0.0,10,10,0.1111111111111111,4.217121750116348e-05,45
image,2,2026-10-05T14:25:51,nodeGcor3,3.11.9,unknown,13156898,84,1,1,0.9971791505813599,cam,attribution,5,44,0.042863021143283275,0.5,0.4831533567961118,1.0,0.42857142857142855,10,10,1.0,0.0033870572224259377,44
image,2,2026-10-05T14:25:51,nodeGcor3,3.11.9,unknown,13156898,84,1,1,0.9971791505813599,grad_cam,attribution,5,44,0.042863021143283275,0.41,0.5495272255642245,1.0,0.42857142857142855,10,10,1.0,0.005444203037768602,44
image,2,2026-10-05T14:25:51,nodeGcor3,3.11.9,unknown,13156898,84,1,1,0.9971791505813599,lime,attribution,5,44,0.842432557084187,0.52,0.5748463173549758,1.0,0.42857142857142855,10,10,1.0,2.3838453269563615,44
image,2,2026-10-05T14:25:51,nodeGcor3,3.11.9,unknown,13156898,84,1,1,0.9971791505813599,kernel_shap,attribution,5,44,0.842432557084187,0.51,0.5419077014379101,1.0,0.42857142857142855,10,10,1.0,0.2259083278477192,44
image,2,2026-10-05T14:25:51,nodeGcor3,3.11.9,unknown,13156898,84,1,1,0.9971791505813599,random,attribution,5,44,0.0,0.43,0.30826360246159057,0.06666666666666668,0.0,10,10,0.0,3.798212856054306e-05,44
image,2,2026-10-05T14:25:51,nodeGcor3,3.11.9,unknown,13156898,85,1,1,0.9999854564666748,cam,attribution,5,45,0.0068059957422590914,0.92,0.5444197005856439,1.0,1.0,10,10,1.0,0.0034047882072627544,45
image,2,2026-10-05T14:25:51,nodeGcor3,3.11.9,unknown,13156898,85,1,1,0.9999854564666748,grad_cam,attribution,5,45,0.0068059957422590914,0.94,0.5421748803247122,1.0,1.0,10,10,1.0,0.00540000619366765,45
image,2,2026-10-05T14:25:51,nodeGcor3,3.11.9,unknown,13156898,85,1,1,0.9999854564666748,lime,attribution,5,45,0.04115957277630314,0.92,0.6332762998377025,0.9666666666666666,0.42857142857142855,10,10,0.6666666666666666,2.4694840000011027,45
image,2,2026-10-05T14:25:51,nodeGcor3,3.11.9,unknown,13156898,85,1,1,0.9999854564666748,kernel_shap,attribution,5,45,0.023935904524368282,0.99,0.5237408118198572,1.0,0.25,10,10,0.42857142857142855,0.3721071151085198,45
image,2,2026-10-05T14:25:51,nodeGcor3,3.11.9,unknown,13156898,85,1,1,0.9999854564666748,random,attribution,5,45,0.0,0.46,0.35452704525932754,0.06944444444444445,0.0,10,10,0.0,3.421679139137268e-05,45
image,2,2026-10-05T14:25:51,nodeGcor3,3.11.9,unknown,13156898,86,1,1,0.9655682444572449,cam,attribution,5,47,0.0,0.51,0.5842485849634458,1.0,1.0,10,10,1.0,0.003431140910834074,47
image,2,2026-10-05T14:25:51,nodeGcor3,3.11.9,unknown,13156898,86,1,1,0.9655682444572449,grad_cam,attribution,5,47,0.0,0.46,0.7102589334109244,1.0,1.0,10,10,1.0,0.005183687899261713,47
image,2,2026-10-05T14:25:51,nodeGcor3,3.11.9,unknown,13156898,86,1,1,0.9655682444572449,lime,attribution,5,47,0.6166121776917723,0.65,0.7226804819360599,1.0,0.42857142857142855,10,10,1.0,2.466176060028374,47
image,2,2026-10-05T14:25:51,nodeGcor3,3.11.9,unknown,13156898,86,1,1,0.9655682444572449,kernel_shap,attribution,5,47,0.6166121776917723,0.69,0.5568998798219079,1.0,0.6666666666666666,10,10,0.42857142857142855,0.2261870731599629,47
image,2,2026-10-05T14:25:51,nodeGcor3,3.11.9,unknown,13156898,86,1,1,0.9655682444572449,random,attribution,5,47,0.0,0.5,0.4176060261483725,0.06944444444444445,0.0,10,10,0.0,3.700191155076027e-05,47
image,2,2026-10-05T14:25:51,nodeGcor3,3.11.9,unknown,13156898,87,1,1,0.982146680355072,cam,attribution,5,43,0.8527564948629294,0.56,0.5668948454627468,1.0,1.0,10,10,1.0,0.0032122707925736904,43
image,2,2026-10-05T14:25:51,nodeGcor3,3.11.9,unknown,13156898,87,1,1,0.982146680355072,grad_cam,attribution,5,43,0.8527564948629294,0.67,0.69554321272003,1.0,1.0,10,10,1.0,0.005244373809546232,43
image,2,2026-10-05T14:25:51,nodeGcor3,3.11.9,unknown,13156898,87,1,1,0.982146680355072,lime,attribution,5,43,0.7732707402416534,0.67,0.6674084793707604,0.7095238095238096,0.1111111111111111,10,10,0.42857142857142855,2.466830254998058,43
image,2,2026-10-05T14:25:51,nodeGcor3,3.11.9,unknown,13156898,87,1,1,0.982146680355072,kernel_shap,attribution,5,43,0.8662950302364123,0.55,0.5906595479394727,0.9333333333333332,0.1111111111111111,10,10,0.42857142857142855,0.22339586820453405,43
image,2,2026-10-05T14:25:51,nodeGcor3,3.11.9,unknown,13156898,87,1,1,0.982146680355072,random,attribution,5,43,0.0,0.45,0.34747310862666714,0.05555555555555556,0.0,10,10,0.0,3.668200224637985e-05,43
image,2,2026-10-05T14:25:51,nodeGcor3,3.11.9,unknown,13156898,88,1,1,0.9996671676635742,cam,attribution,5,41,0.01412086790361248,0.64,0.25121616820214066,0.9,0.25,10,10,1.0,0.0033404817804694176,41
image,2,2026-10-05T14:25:51,nodeGcor3,3.11.9,unknown,13156898,88,1,1,0.9996671676635742,grad_cam,attribution,5,41,0.01412086790361248,0.57,0.248151377851901,0.8333333333333333,0.1111111111111111,10,10,1.0,0.005205248016864061,41
image,2,2026-10-05T14:25:51,nodeGcor3,3.11.9,unknown,13156898,88,1,1,0.9996671676635742,lime,attribution,5,41,0.5164770488644158,0.46,0.5723738527125822,0.9666666666666666,0.6666666666666666,10,10,0.6666666666666666,2.428273946978152,41
image,2,2026-10-05T14:25:51,nodeGcor3,3.11.9,unknown,13156898,88,1,1,0.9996671676635742,kernel_shap,attribution,5,41,0.5164770488644158,0.53,0.5982432420324373,1.0,0.6666666666666666,10,10,1.0,0.22370418393984437,41
image,2,2026-10-05T14:25:51,nodeGcor3,3.11.9,unknown,13156898,88,1,1,0.9996671676635742,random,attribution,5,41,0.00959238790834428,0.53,0.28710681619178346,0.04722222222222222,0.0,10,10,0.0,3.498699516057968e-05,41
image,2,2026-10-05T14:25:51,nodeGcor3,3.11.9,unknown,13156898,89,1,1,0.9980521202087402,cam,attribution,5,47,0.8770575490854999,0.65,0.5529606261503321,1.0,1.0,10,10,1.0,0.00340599799528718,47
image,2,2026-10-05T14:25:51,nodeGcor3,3.11.9,unknown,13156898,89,1,1,0.9980521202087402,grad_cam,attribution,5,47,0.8770575490854999,0.61,0.7058034742697451,1.0,1.0,10,10,1.0,0.005279702600091696,47
image,2,2026-10-05T14:25:51,nodeGcor3,3.11.9,unknown,13156898,89,1,1,0.9980521202087402,lime,attribution,5,47,0.9918924283862852,0.6,0.7129079802959744,0.8666666666666666,0.42857142857142855,10,10,1.0,2.437364506069571,47
image,2,2026-10-05T14:25:51,nodeGcor3,3.11.9,unknown,13156898,89,1,1,0.9980521202087402,kernel_shap,attribution,5,47,0.9918924283862852,0.57,0.6616649407752162,0.8,0.6666666666666666,10,10,1.0,0.2242137840948999,47
image,2,2026-10-05T14:25:51,nodeGcor3,3.11.9,unknown,13156898,89,1,1,0.9980521202087402,random,attribution,5,47,0.03998212434153234,0.43,0.3345280364898956,0.06666666666666667,0.0,10,10,0.25,4.25153411924839e-05,47
image,2,2026-10-05T14:25:51,nodeGcor3,3.11.9,unknown,13156898,91,1,1,0.9008287191390991,cam,attribution,5,41,0.8825922997197448,0.6,0.46483897812863484,1.0,0.42857142857142855,10,10,1.0,0.003496055956929922,41
image,2,2026-10-05T14:25:51,nodeGcor3,3.11.9,unknown,13156898,91,1,1,0.9008287191390991,grad_cam,attribution,5,41,0.8825922997197448,0.66,0.7121507393600683,1.0,1.0,10,10,1.0,0.005203534848988056,41
image,2,2026-10-05T14:25:51,nodeGcor3,3.11.9,unknown,13156898,91,1,1,0.9008287191390991,lime,attribution,5,41,0.9583814915691878,0.5,0.6080262241346008,0.7,0.25,10,10,0.6666666666666666,2.4504588614217937,41
image,2,2026-10-05T14:25:51,nodeGcor3,3.11.9,unknown,13156898,91,1,1,0.9008287191390991,kernel_shap,attribution,5,41,0.9402901450450634,0.54,0.624417495141711,0.8,0.25,10,10,0.42857142857142855,0.2239549271762371,41
image,2,2026-10-05T14:25:51,nodeGcor3,3.11.9,unknown,13156898,91,1,1,0.9008287191390991,random,attribution,5,41,0.0,0.56,0.3667229721399893,0.06944444444444445,0.0,10,10,0.1111111111111111,3.9489008486270905e-05,41
image,2,2026-10-05T14:25:51,nodeGcor3,3.11.9,unknown,13156898,92,1,1,0.9998303651809692,cam,attribution,5,47,0.0015131417752201723,0.41,0.4942433123035833,1.0,0.6666666666666666,10,10,1.0,0.003414489794522524,47
image,2,2026-10-05T14:25:51,nodeGcor3,3.11.9,unknown,13156898,92,1,1,0.9998303651809692,grad_cam,attribution,5,47,0.0015131417752201723,0.46,0.49848831831331675,1.0,1.0,10,10,1.0,0.005120868794620037,47
image,2,2026-10-05T14:25:51,nodeGcor3,3.11.9,unknown,13156898,92,1,1,0.9998303651809692,lime,attribution,5,47,0.388281944418777,0.64,0.575553113775878,0.8666666666666666,0.42857142857142855,10,10,1.0,2.4383345250971615,47
image,2,2026-10-05T14:25:51,nodeGcor3,3.11.9,unknown,13156898,92,1,1,0.9998303651809692,kernel_shap,attribution,5,47,0.44604655793332326,0.5,0.5326666424162261,1.0,0.42857142857142855,10,10,0.6666666666666666,0.2257154700346291,47
image,2,2026-10-05T14:25:51,nodeGcor3,3.11.9,unknown,13156898,92,1,1,0.9998303651809692,random,attribution,5,47,0.0023097737798796615,0.53,0.285117140503916,0.053968253968253964,0.0,10,10,0.0,3.5596080124378204e-05,47
image,2,2026-10-05T14:25:51,nodeGcor3,3.11.9,unknown,13156898,93,1,1,0.9989105463027954,cam,attribution,5,49,0.0,0.86,0.5318042379131243,1.0,0.42857142857142855,10,10,1.0,0.003221713937819004,49
image,2,2026-10-05T14:25:51,nodeGcor3,3.11.9,unknown,13156898,93,1,1,0.9989105463027954,grad_cam,attribution,5,49,0.0,0.87,0.5574871364543721,0.9666666666666666,0.42857142857142855,10,10,1.0,0.005328042898327112,49
image,2,2026-10-05T14:25:51,nodeGcor3,3.11.9,unknown,13156898,93,1,1,0.9989105463027954,lime,attribution,5,49,0.001720812891507458,0.89,0.5373034663718526,0.9,0.42857142857142855,10,10,0.6666666666666666,2.4076256272383034,49
image,2,2026-10-05T14:25:51,nodeGcor3,3.11.9,unknown,13156898,93,1,1,0.9989105463027954,kernel_shap,attribution,5,49,0.0,0.58,0.4174473890446765,1.0,0.42857142857142855,10,10,0.25,0.22440923284739256,49
image,2,2026-10-05T14:25:51,nodeGcor3,3.11.9,unknown,13156898,93,1,1,0.9989105463027954,random,attribution,5,49,0.0,0.5,0.2804287366406478,0.01111111111111111,0.0,10,10,0.0,4.039891064167023e-05,49
image,2,2026-10-05T14:25:51,nodeGcor3,3.11.9,unknown,13156898,94,1,1,0.7115307450294495,cam,attribution,5,42,0.6011826136723852,0.45,0.3976608550201558,0.7761904761904762,0.25,10,10,1.0,0.0034055840224027634,42
image,2,2026-10-05T14:25:51,nodeGcor3,3.11.9,unknown,13156898,94,1,1,0.7115307450294495,grad_cam,attribution,5,42,0.26569301167903464,0.51,0.6029556855745662,0.8666666666666668,0.42857142857142855,10,10,1.0,0.005340836010873318,42
image,2,2026-10-05T14:25:51,nodeGcor3,3.11.9,unknown,13156898,94,1,1,0.7115307450294495,lime,attribution,5,42,0.9368482606769645,0.5,0.6102425676074249,1.0,0.42857142857142855,10,10,1.0,2.358722415752709,42
image,2,2026-10-05T14:25:51,nodeGcor3,3.11.9,unknown,13156898,94,1,1,0.7115307450294495,kernel_shap,attribution,5,42,0.9437820906222586,0.53,0.5714835995131087,0.9,0.42857142857142855,10,10,0.6666666666666666,0.22539290692657232,42
image,2,2026-10-05T14:25:51,nodeGcor3,3.11.9,unknown,13156898,94,1,1,0.7115307450294495,random,attribution,5,42,0.0,0.48,0.3133119061538734,0.09444444444444444,0.0,10,10,0.0,3.987038508057594e-05,42
image,2,2026-10-05T14:25:51,nodeGcor3,3.11.9,unknown,13156898,95,1,1,0.9912611842155457,cam,attribution,5,47,0.3620353929673343,0.42,0.573293543189909,1.0,0.6666666666666666,10,10,1.0,0.0033650468103587627,47
image,2,2026-10-05T14:25:51,nodeGcor3,3.11.9,unknown,13156898,95,1,1,0.9912611842155457,grad_cam,attribution,5,47,0.3620353929673343,0.55,0.5985290414298969,1.0,0.6666666666666666,10,10,1.0,0.005419773980975151,47
image,2,2026-10-05T14:25:51,nodeGcor3,3.11.9,unknown,13156898,95,1,1,0.9912611842155457,lime,attribution,5,47,0.12204873954622714,0.68,0.6060028409831646,0.8333333333333333,0.1111111111111111,10,10,0.6666666666666666,2.3333576009608805,47
image,2,2026-10-05T14:25:51,nodeGcor3,3.11.9,unknown,13156898,95,1,1,0.9912611842155457,kernel_shap,attribution,5,47,0.42998899791160555,0.55,0.5295162522710402,0.8666666666666666,0.1111111111111111,10,10,0.6666666666666666,0.22536237584427,47
image,2,2026-10-05T14:25:51,nodeGcor3,3.11.9,unknown,13156898,95,1,1,0.9912611842155457,random,attribution,5,47,0.0,0.5,0.3236548730178218,0.04444444444444444,0.0,10,10,0.1111111111111111,3.1060073524713516e-05,47
image,2,2026-10-05T14:25:51,nodeGcor3,3.11.9,unknown,13156898,96,1,1,0.9691908955574036,cam,attribution,5,46,0.5255888752566701,0.52,0.6094628142669059,1.0,0.6666666666666666,10,10,1.0,0.0033788802102208138,46
image,2,2026-10-05T14:25:51,nodeGcor3,3.11.9,unknown,13156898,96,1,1,0.9691908955574036,grad_cam,attribution,5,46,0.5255888752566701,0.6,0.73232117859272,1.0,1.0,10,10,1.0,0.005219224840402603,46
image,2,2026-10-05T14:25:51,nodeGcor3,3.11.9,unknown,13156898,96,1,1,0.9691908955574036,lime,attribution,5,46,0.8849582737867645,0.59,0.696142321068803,0.9666666666666666,0.42857142857142855,10,10,1.0,2.339083740953356,46
image,2,2026-10-05T14:25:51,nodeGcor3,3.11.9,unknown,13156898,96,1,1,0.9691908955574036,kernel_shap,attribution,5,46,0.8638416259406779,0.44,0.6571587811623405,1.0,0.25,10,10,0.6666666666666666,0.22523011593148112,46
image,2,2026-10-05T14:25:51,nodeGcor3,3.11.9,unknown,13156898,96,1,1,0.9691908955574036,random,attribution,5,46,0.18426373995114173,0.5,0.3196613719983138,0.10119047619047619,0.0,10,10,0.25,3.131106495857239e-05,46
image,2,2026-10-05T14:25:51,nodeGcor3,3.11.9,unknown,13156898,97,1,1,0.9996545314788818,cam,attribution,5,45,0.016198393743259366,0.95,0.543825098643177,1.0,1.0,10,10,1.0,0.0031303376890718937,45
image,2,2026-10-05T14:25:51,nodeGcor3,3.11.9,unknown,13156898,97,1,1,0.9996545314788818,grad_cam,attribution,5,45,0.016198393743259366,0.93,0.5472315266452161,1.0,1.0,10,10,1.0,0.005121881607919931,45
image,2,2026-10-05T14:25:51,nodeGcor3,3.11.9,unknown,13156898,97,1,1,0.9996545314788818,lime,attribution,5,45,0.7578947120505508,0.82,0.6788908707087891,1.0,0.6666666666666666,10,10,0.42857142857142855,2.4857463631778955,45
image,2,2026-10-05T14:25:51,nodeGcor3,3.11.9,unknown,13156898,97,1,1,0.9996545314788818,kernel_shap,attribution,5,45,0.9367468733707398,0.8,0.62208390826346,1.0,0.6666666666666666,10,10,0.6666666666666666,0.2255118009634316,45
image,2,2026-10-05T14:25:51,nodeGcor3,3.11.9,unknown,13156898,97,1,1,0.9996545314788818,random,attribution,5,45,0.0,0.55,0.36334263362643615,0.08333333333333333,0.0,10,10,0.1111111111111111,3.3727847039699554e-05,45
image,2,2026-10-05T14:25:51,nodeGcor3,3.11.9,unknown,13156898,98,1,1,0.9868040680885315,cam,attribution,5,42,0.9777193613425572,0.92,0.5788159750047712,1.0,0.6666666666666666,10,10,1.0,0.0031767701730132103,42
image,2,2026-10-05T14:25:51,nodeGcor3,3.11.9,unknown,13156898,98,1,1,0.9868040680885315,grad_cam,attribution,5,42,0.9777193613425572,0.91,0.7167489211309139,1.0,0.6666666666666666,10,10,1.0,0.00532349431887269,42
image,2,2026-10-05T14:25:51,nodeGcor3,3.11.9,unknown,13156898,98,1,1,0.9868040680885315,lime,attribution,5,42,0.8673093484209475,0.78,0.6657531563988053,0.7761904761904761,0.42857142857142855,10,10,0.42857142857142855,2.4249606328085065,42
image,2,2026-10-05T14:25:51,nodeGcor3,3.11.9,unknown,13156898,98,1,1,0.9868040680885315,kernel_shap,attribution,5,42,0.9520277276106324,0.79,0.6694036659037351,1.0,0.6666666666666666,10,10,0.42857142857142855,0.22259297175332904,42
image,2,2026-10-05T14:25:51,nodeGcor3,3.11.9,unknown,13156898,98,1,1,0.9868040680885315,random,attribution,5,42,0.0010727134709773893,0.43,0.35291855363805313,0.10833333333333335,0.0,10,10,0.1111111111111111,3.849668428301811e-05,42
image,2,2026-10-05T14:25:51,nodeGcor3,3.11.9,unknown,13156898,99,1,1,0.9997416138648987,cam,attribution,5,45,0.00014773848332913113,0.9,0.4390533857494795,1.0,1.0,10,10,1.0,0.0033550262451171875,45
image,2,2026-10-05T14:25:51,nodeGcor3,3.11.9,unknown,13156898,99,1,1,0.9997416138648987,grad_cam,attribution,5,45,0.00014773848332913113,0.91,0.4342459562688251,1.0,1.0,10,10,1.0,0.00520982826128602,45
image,2,2026-10-05T14:25:51,nodeGcor3,3.11.9,unknown,13156898,99,1,1,0.9997416138648987,lime,attribution,5,45,0.0029246615414489615,0.94,0.5125573801818781,1.0,0.42857142857142855,10,10,0.6666666666666666,2.358057669829577,45
image,2,2026-10-05T14:25:51,nodeGcor3,3.11.9,unknown,13156898,99,1,1,0.9997416138648987,kernel_shap,attribution,5,45,0.0,0.94,0.5139667816701987,0.7333333333333334,0.6666666666666666,10,10,0.42857142857142855,0.2271249028854072,45
image,2,2026-10-05T14:25:51,nodeGcor3,3.11.9,unknown,13156898,99,1,1,0.9997416138648987,random,attribution,5,45,1.8243735229505293e-05,0.47,0.28699555687541334,0.04722222222222222,0.0,10,10,0.1111111111111111,3.85502353310585e-05,45
image,2,2026-10-05T14:25:51,nodeGcor3,3.11.9,unknown,13156898,100,1,1,0.9059605002403259,cam,attribution,5,45,0.5215510035493929,0.55,0.6142897367204587,1.0,0.6666666666666666,10,10,1.0,0.0033130082301795483,45
image,2,2026-10-05T14:25:51,nodeGcor3,3.11.9,unknown,13156898,100,1,1,0.9059605002403259,grad_cam,attribution,5,45,0.5215510035493929,0.59,0.6932372862362768,1.0,0.6666666666666666,10,10,1.0,0.0051926979795098305,45
image,2,2026-10-05T14:25:51,nodeGcor3,3.11.9,unknown,13156898,100,1,1,0.9059605002403259,lime,attribution,5,45,0.7700791295714248,0.67,0.7429267371523011,0.6190476190476191,0.42857142857142855,10,10,0.6666666666666666,2.3449459192343056,45
image,2,2026-10-05T14:25:51,nodeGcor3,3.11.9,unknown,13156898,100,1,1,0.9059605002403259,kernel_shap,attribution,5,45,0.6728185681885215,0.66,0.7301472988902475,0.8,0.25,10,10,0.25,0.2258894918486476,45
image,2,2026-10-05T14:25:51,nodeGcor3,3.11.9,unknown,13156898,100,1,1,0.9059605002403259,random,attribution,5,45,0.01041626300758163,0.46,0.37560054339485516,0.08055555555555556,0.0,10,10,0.0,3.466196358203888e-05,45
image,2,2026-10-05T14:25:51,nodeGcor3,3.11.9,unknown,13156898,101,1,1,0.9981585144996643,cam,attribution,5,45,0.3124824177737013,0.95,0.549369834752004,0.8666666666666666,0.6666666666666666,10,10,1.0,0.0031862473115324974,45
image,2,2026-10-05T14:25:51,nodeGcor3,3.11.9,unknown,13156898,101,1,1,0.9981585144996643,grad_cam,attribution,5,45,0.3124824177737013,0.95,0.5887364837532094,0.9,0.6666666666666666,10,10,1.0,0.00521039916202426,45
image,2,2026-10-05T14:25:51,nodeGcor3,3.11.9,unknown,13156898,101,1,1,0.9981585144996643,lime,attribution,5,45,0.5405823310979162,0.98,0.6476468970065752,1.0,0.6666666666666666,10,10,0.6666666666666666,2.4503929503262043,45
image,2,2026-10-05T14:25:51,nodeGcor3,3.11.9,unknown,13156898,101,1,1,0.9981585144996643,kernel_shap,attribution,5,45,0.37918139005506585,0.92,0.6009828955473628,0.7666666666666667,0.42857142857142855,10,10,0.6666666666666666,0.22293611709028482,45
image,2,2026-10-05T14:25:51,nodeGcor3,3.11.9,unknown,13156898,101,1,1,0.9981585144996643,random,attribution,5,45,0.0,0.56,0.3772713941264142,0.04444444444444444,0.0,10,10,0.1111111111111111,4.021916538476944e-05,45
image,2,2026-10-05T14:25:51,nodeGcor3,3.11.9,unknown,13156898,102,1,1,0.9999053478240967,cam,attribution,5,42,4.43500535419598e-05,0.51,0.6150506405298057,1.0,1.0,10,10,1.0,0.003442624118179083,42
image,2,2026-10-05T14:25:51,nodeGcor3,3.11.9,unknown,13156898,102,1,1,0.9999053478240967,grad_cam,attribution,5,42,4.43500535419598e-05,0.49,0.6695327659926464,1.0,1.0,10,10,1.0,0.0051492610946297646,42
image,2,2026-10-05T14:25:51,nodeGcor3,3.11.9,unknown,13156898,102,1,1,0.9999053478240967,lime,attribution,5,42,0.015834220930507042,0.93,0.6016018058313308,1.0,0.42857142857142855,10,10,1.0,2.3885620390065014,42
image,2,2026-10-05T14:25:51,nodeGcor3,3.11.9,unknown,13156898,102,1,1,0.9999053478240967,kernel_shap,attribution,5,42,0.0003630266479442677,0.6,0.41286427978847584,0.8,0.25,10,10,0.6666666666666666,0.2238894416950643,42
image,2,2026-10-05T14:25:51,nodeGcor3,3.11.9,unknown,13156898,102,1,1,0.9999053478240967,random,attribution,5,42,0.0,0.46,0.3209881765477668,0.09166666666666667,0.0,10,10,0.0,3.640400245785713e-05,42
image,2,2026-10-05T14:25:51,nodeGcor3,3.11.9,unknown,13156898,103,1,1,0.9999538660049438,cam,attribution,5,46,0.00037570540881075976,0.94,0.48967881427117266,1.0,0.25,10,10,1.0,0.0032236240804195404,46
image,2,2026-10-05T14:25:51,nodeGcor3,3.11.9,unknown,13156898,103,1,1,0.9999538660049438,grad_cam,attribution,5,46,0.00037570540881075976,0.98,0.49126218512895103,1.0,0.1111111111111111,10,10,1.0,0.005154422949999571,46
image,2,2026-10-05T14:25:51,nodeGcor3,3.11.9,unknown,13156898,103,1,1,0.9999538660049438,lime,attribution,5,46,0.023120814294234737,0.93,0.42049315220011907,1.0,0.6666666666666666,10,10,0.6666666666666666,2.461556466296315,46
image,2,2026-10-05T14:25:51,nodeGcor3,3.11.9,unknown,13156898,103,1,1,0.9999538660049438,kernel_shap,attribution,5,46,0.0,0.8,0.4563525949322731,1.0,0.25,10,10,0.42857142857142855,0.22525272564962506,46
image,2,2026-10-05T14:25:51,nodeGcor3,3.11.9,unknown,13156898,103,1,1,0.9999538660049438,random,attribution,5,46,0.0,0.49,0.2924225059520009,0.09166666666666665,0.0,10,10,0.25,3.817211836576462e-05,46
image,2,2026-10-05T14:25:51,nodeGcor3,3.11.9,unknown,13156898,104,1,1,0.9993320107460022,cam,attribution,5,43,0.2942169270137326,0.99,0.5961371470291665,0.7666666666666667,1.0,10,10,1.0,0.003463934175670147,43
image,2,2026-10-05T14:25:51,nodeGcor3,3.11.9,unknown,13156898,104,1,1,0.9993320107460022,grad_cam,attribution,5,43,0.2942169270137326,1.0,0.6433298994138079,0.9333333333333332,1.0,10,10,1.0,0.005199118051677942,43
image,2,2026-10-05T14:25:51,nodeGcor3,3.11.9,unknown,13156898,104,1,1,0.9993320107460022,lime,attribution,5,43,0.41598019374547934,0.98,0.6989123702734342,1.0,0.42857142857142855,10,10,0.6666666666666666,2.3633874128572643,43
image,2,2026-10-05T14:25:51,nodeGcor3,3.11.9,unknown,13156898,104,1,1,0.9993320107460022,kernel_shap,attribution,5,43,0.3844208794491858,1.0,0.5546692488460594,1.0,0.6666666666666666,10,10,0.42857142857142855,0.22623443277552724,43
image,2,2026-10-05T14:25:51,nodeGcor3,3.11.9,unknown,13156898,104,1,1,0.9993320107460022,random,attribution,5,43,0.0,0.45,0.3149973835135075,0.04444444444444444,0.0,10,10,0.1111111111111111,3.374088555574417e-05,43
image,2,2026-10-05T14:25:51,nodeGcor3,3.11.9,unknown,13156898,105,1,1,0.9999370574951172,cam,attribution,5,44,0.00807699735815586,0.9,0.5640126558476208,1.0,1.0,10,10,1.0,0.0032557169906795025,44
image,2,2026-10-05T14:25:51,nodeGcor3,3.11.9,unknown,13156898,105,1,1,0.9999370574951172,grad_cam,attribution,5,44,0.00807699735815586,0.89,0.5704027210153086,1.0,1.0,10,10,1.0,0.005322592332959175,44
image,2,2026-10-05T14:25:51,nodeGcor3,3.11.9,unknown,13156898,105,1,1,0.9999370574951172,lime,attribution,5,44,0.04583957234551888,0.56,0.6348093884374879,1.0,0.25,10,10,1.0,2.502390742767602,44
image,2,2026-10-05T14:25:51,nodeGcor3,3.11.9,unknown,13156898,105,1,1,0.9999370574951172,kernel_shap,attribution,5,44,0.016323997863635063,0.61,0.5474984126655191,0.9666666666666666,0.25,10,10,0.6666666666666666,0.22482450492680073,44
image,2,2026-10-05T14:25:51,nodeGcor3,3.11.9,unknown,13156898,105,1,1,0.9999370574951172,random,attribution,5,44,1.1206378575311633e-05,0.51,0.3511175042724157,0.08055555555555556,0.0,10,10,0.1111111111111111,3.120815381407738e-05,44
image,2,2026-10-05T14:25:51,nodeGcor3,3.11.9,unknown,13156898,106,1,1,0.9995911717414856,cam,attribution,5,43,0.0005267626618174766,0.8,0.510182278884941,1.0,0.42857142857142855,10,10,1.0,0.003197221551090479,43
image,2,2026-10-05T14:25:51,nodeGcor3,3.11.9,unknown,13156898,106,1,1,0.9995911717414856,grad_cam,attribution,5,43,0.0005267626618174766,0.82,0.5169863391904382,1.0,0.6666666666666666,10,10,1.0,0.005279429256916046,43
image,2,2026-10-05T14:25:51,nodeGcor3,3.11.9,unknown,13156898,106,1,1,0.9995911717414856,lime,attribution,5,43,0.16804647198709677,0.96,0.5287476555242916,1.0,0.6666666666666666,10,10,0.6666666666666666,2.3654936691746116,43
image,2,2026-10-05T14:25:51,nodeGcor3,3.11.9,unknown,13156898,106,1,1,0.9995911717414856,kernel_shap,attribution,5,43,0.013647768226336928,0.78,0.4382356481637043,1.0,0.42857142857142855,10,10,0.42857142857142855,0.22460944578051567,43
image,2,2026-10-05T14:25:51,nodeGcor3,3.11.9,unknown,13156898,106,1,1,0.9995911717414856,random,attribution,5,43,0.0,0.49,0.32338380557842794,0.1623015873015873,0.0,10,10,0.0,3.393087536096573e-05,43
image,2,2026-10-05T14:25:51,nodeGcor3,3.11.9,unknown,13156898,107,1,1,0.9994301199913025,cam,attribution,5,46,0.0012079205570676265,0.87,0.5027814897374714,1.0,1.0,10,10,1.0,0.0032956614159047604,46
image,2,2026-10-05T14:25:51,nodeGcor3,3.11.9,unknown,13156898,107,1,1,0.9994301199913025,grad_cam,attribution,5,46,0.0012079205570676265,0.8,0.5038529089738462,1.0,1.0,10,10,1.0,0.005369197577238083,46
image,2,2026-10-05T14:25:51,nodeGcor3,3.11.9,unknown,13156898,107,1,1,0.9994301199913025,lime,attribution,5,46,0.03545867673000745,0.82,0.4989909521266569,0.8333333333333333,0.6666666666666666,10,10,1.0,2.4699168293736875,46
image,2,2026-10-05T14:25:51,nodeGcor3,3.11.9,unknown,13156898,107,1,1,0.9994301199913025,kernel_shap,attribution,5,46,0.0006037813626815765,0.52,0.49689873382413074,0.8666666666666668,0.25,10,10,0.25,0.22464947309345007,46
image,2,2026-10-05T14:25:51,nodeGcor3,3.11.9,unknown,13156898,107,1,1,0.9994301199913025,random,attribution,5,46,0.0,0.42,0.34928865308061363,0.06944444444444445,0.0,10,10,0.1111111111111111,3.591179847717285e-05,46
image,2,2026-10-05T14:25:51,nodeGcor3,3.11.9,unknown,13156898,108,1,1,0.9671036601066589,cam,attribution,5,44,0.9007221875032742,0.49,0.4123590122276607,1.0,0.6666666666666666,10,10,1.0,0.003374840132892132,44
image,2,2026-10-05T14:25:51,nodeGcor3,3.11.9,unknown,13156898,108,1,1,0.9671036601066589,grad_cam,attribution,5,44,0.9007221875032742,0.51,0.6071035384384804,0.8666666666666666,0.6666666666666666,10,10,1.0,0.005087756086140871,44
image,2,2026-10-05T14:25:51,nodeGcor3,3.11.9,unknown,13156898,108,1,1,0.9671036601066589,lime,attribution,5,44,0.9575669908779559,0.51,0.5627692550462011,1.0,0.6666666666666666,10,10,1.0,2.4431778858415782,44
image,2,2026-10-05T14:25:51,nodeGcor3,3.11.9,unknown,13156898,108,1,1,0.9671036601066589,kernel_shap,attribution,5,44,0.9519572511652932,0.46,0.48959740328699985,0.9666666666666666,0.6666666666666666,10,10,0.42857142857142855,0.22541369311511517,44
image,2,2026-10-05T14:25:51,nodeGcor3,3.11.9,unknown,13156898,108,1,1,0.9671036601066589,random,attribution,5,44,0.2107191567856335,0.5,0.3125263875009221,0.06666666666666668,0.0,10,10,0.1111111111111111,3.429083153605461e-05,44
image,2,2026-10-05T14:25:51,nodeGcor3,3.11.9,unknown,13156898,109,1,1,0.9967272281646729,cam,attribution,5,42,0.027752548743729653,0.96,0.558017277134856,0.8,0.6666666666666666,10,10,1.0,0.003224724903702736,42
image,2,2026-10-05T14:25:51,nodeGcor3,3.11.9,unknown,13156898,109,1,1,0.9967272281646729,grad_cam,attribution,5,42,0.027752548743729653,0.95,0.6170659216368986,0.9333333333333332,0.6666666666666666,10,10,1.0,0.0053366972133517265,42
image,2,2026-10-05T14:25:51,nodeGcor3,3.11.9,unknown,13156898,109,1,1,0.9967272281646729,lime,attribution,5,42,0.9561593548779849,1.0,0.6709850648120483,0.9333333333333332,0.42857142857142855,10,10,0.42857142857142855,2.493951661977917,42
image,2,2026-10-05T14:25:51,nodeGcor3,3.11.9,unknown,13156898,109,1,1,0.9967272281646729,kernel_shap,attribution,5,42,0.6859865619413915,0.97,0.635057828183814,1.0,0.6666666666666666,10,10,0.25,0.2258624699898064,42
image,2,2026-10-05T14:25:51,nodeGcor3,3.11.9,unknown,13156898,109,1,1,0.9967272281646729,random,attribution,5,42,0.0,0.54,0.33538320464440263,0.08888888888888888,0.0,10,10,0.0,3.867270424962044e-05,42
image,2,2026-10-05T14:25:51,nodeGcor3,3.11.9,unknown,13156898,110,1,1,0.9959845542907715,cam,attribution,5,46,0.6024262849269265,0.95,0.43548317826556304,1.0,0.6666666666666666,10,10,1.0,0.0033012479543685913,46
image,2,2026-10-05T14:25:51,nodeGcor3,3.11.9,unknown,13156898,110,1,1,0.9959845542907715,grad_cam,attribution,5,46,0.6024262849269265,0.95,0.5997215102406609,1.0,0.6666666666666666,10,10,1.0,0.00565051194280386,46
image,2,2026-10-05T14:25:51,nodeGcor3,3.11.9,unknown,13156898,110,1,1,0.9959845542907715,lime,attribution,5,46,0.9298931659276168,0.93,0.688306693614084,1.0,1.0,10,10,1.0,2.3576739113777876,46
image,2,2026-10-05T14:25:51,nodeGcor3,3.11.9,unknown,13156898,110,1,1,0.9959845542907715,kernel_shap,attribution,5,46,0.058564930737418835,0.77,0.6062266110957328,0.8666666666666666,0.42857142857142855,10,10,0.6666666666666666,0.22714077401906252,46
image,2,2026-10-05T14:25:51,nodeGcor3,3.11.9,unknown,13156898,110,1,1,0.9959845542907715,random,attribution,5,46,0.0,0.45,0.34934175812596013,0.04444444444444444,0.0,10,10,0.1111111111111111,3.5227276384830475e-05,46
image,2,2026-10-05T14:25:51,nodeGcor3,3.11.9,unknown,13156898,111,1,1,0.9996069073677063,cam,attribution,5,41,0.04426062031461093,0.99,0.475091247037951,0.9333333333333332,1.0,10,10,1.0,0.00337414862588048,41
image,2,2026-10-05T14:25:51,nodeGcor3,3.11.9,unknown,13156898,111,1,1,0.9996069073677063,grad_cam,attribution,5,41,0.04426062031461093,0.99,0.48323529759204764,0.8333333333333333,1.0,10,10,1.0,0.0054601640440523624,41
image,2,2026-10-05T14:25:51,nodeGcor3,3.11.9,unknown,13156898,111,1,1,0.9996069073677063,lime,attribution,5,41,0.0703253111885733,1.0,0.5964736492918148,1.0,0.6666666666666666,10,10,1.0,2.35495450720191,41
image,2,2026-10-05T14:25:51,nodeGcor3,3.11.9,unknown,13156898,111,1,1,0.9996069073677063,kernel_shap,attribution,5,41,0.05254546656864603,1.0,0.5577159240908619,1.0,0.6666666666666666,10,10,0.42857142857142855,0.22736872266978025,41
image,2,2026-10-05T14:25:51,nodeGcor3,3.11.9,unknown,13156898,111,1,1,0.9996069073677063,random,attribution,5,41,0.0,0.45,0.37346172603847283,0.04444444444444444,0.0,10,10,0.0,3.0381139367818832e-05,41
image,2,2026-10-05T14:25:51,nodeGcor3,3.11.9,unknown,13156898,112,1,1,0.9999562501907349,cam,attribution,5,39,0.0009292769569595155,0.54,0.6106987341134102,1.0,1.0,10,10,1.0,0.0031805410981178284,39
image,2,2026-10-05T14:25:51,nodeGcor3,3.11.9,unknown,13156898,112,1,1,0.9999562501907349,grad_cam,attribution,5,39,0.0009292769569595155,0.43,0.6151247829449256,1.0,0.6666666666666666,10,10,1.0,0.005234144628047943,39
image,2,2026-10-05T14:25:51,nodeGcor3,3.11.9,unknown,13156898,112,1,1,0.9999562501907349,lime,attribution,5,39,0.1883188992401507,0.59,0.664126974181993,0.8,0.6666666666666666,10,10,1.0,2.4619207149371505,39
image,2,2026-10-05T14:25:51,nodeGcor3,3.11.9,unknown,13156898,112,1,1,0.9999562501907349,kernel_shap,attribution,5,39,0.10828699267379267,0.57,0.5774041913663859,1.0,0.6666666666666666,10,10,0.42857142857142855,0.22454530000686646,39
image,2,2026-10-05T14:25:51,nodeGcor3,3.11.9,unknown,13156898,112,1,1,0.9999562501907349,random,attribution,5,39,0.0015078248815425211,0.52,0.37005915076432294,0.09444444444444444,0.0,10,10,0.0,3.519514575600624e-05,39
image,2,2026-10-05T14:25:51,nodeGcor3,3.11.9,unknown,13156898,113,1,1,0.9985331296920776,cam,attribution,5,43,0.5499933681864682,0.6,0.5192166506414209,1.0,0.25,10,10,1.0,0.0031833932735025883,43
image,2,2026-10-05T14:25:51,nodeGcor3,3.11.9,unknown,13156898,113,1,1,0.9985331296920776,grad_cam,attribution,5,43,0.5499933681864682,0.5,0.5992388040171791,1.0,0.25,10,10,1.0,0.0053483471274375916,43
image,2,2026-10-05T14:25:51,nodeGcor3,3.11.9,unknown,13156898,113,1,1,0.9985331296920776,lime,attribution,5,43,0.9812258623028975,0.64,0.6581566803423695,1.0,0.6666666666666666,10,10,1.0,2.410380186047405,43
image,2,2026-10-05T14:25:51,nodeGcor3,3.11.9,unknown,13156898,113,1,1,0.9985331296920776,kernel_shap,attribution,5,43,0.9812258623028975,0.55,0.6498313820628466,1.0,0.6666666666666666,10,10,0.6666666666666666,0.22521319100633264,43
image,2,2026-10-05T14:25:51,nodeGcor3,3.11.9,unknown,13156898,113,1,1,0.9985331296920776,random,attribution,5,43,0.010266954670032356,0.44,0.2903585407886683,0.04722222222222222,0.0,10,10,0.1111111111111111,3.783218562602997e-05,43
image,2,2026-10-05T14:25:51,nodeGcor3,3.11.9,unknown,13156898,114,1,1,0.999998927116394,cam,attribution,5,43,0.0031032595550222392,1.0,0.4465518141000152,1.0,0.6666666666666666,10,10,1.0,0.0033001545816659927,43
image,2,2026-10-05T14:25:51,nodeGcor3,3.11.9,unknown,13156898,114,1,1,0.999998927116394,grad_cam,attribution,5,43,0.0031032595550222392,0.99,0.4465518130077498,1.0,0.42857142857142855,10,10,1.0,0.0051504778675735,43
image,2,2026-10-05T14:25:51,nodeGcor3,3.11.9,unknown,13156898,114,1,1,0.999998927116394,lime,attribution,5,43,0.08178499174892018,1.0,0.5609686772762219,1.0,1.0,10,10,1.0,2.463489475660026,43
image,2,2026-10-05T14:25:51,nodeGcor3,3.11.9,unknown,13156898,114,1,1,0.999998927116394,kernel_shap,attribution,5,43,0.017229754336808803,0.99,0.41711512608305135,0.9,0.6666666666666666,10,10,0.42857142857142855,0.22554016392678022,43
image,2,2026-10-05T14:25:51,nodeGcor3,3.11.9,unknown,13156898,114,1,1,0.999998927116394,random,attribution,5,43,0.0,0.52,0.3369647876874897,0.09722222222222222,0.0,10,10,0.0,3.60771082341671e-05,43
image,2,2026-10-05T14:25:51,nodeGcor3,3.11.9,unknown,13156898,115,1,1,0.9981811046600342,cam,attribution,5,47,0.6007500167794332,0.45,0.6811551335698374,1.0,0.6666666666666666,10,10,1.0,0.0032349289394915104,47
image,2,2026-10-05T14:25:51,nodeGcor3,3.11.9,unknown,13156898,115,1,1,0.9981811046600342,grad_cam,attribution,5,47,0.6007500167794332,0.51,0.7252865648041217,1.0,0.6666666666666666,10,10,1.0,0.005348007660359144,47
image,2,2026-10-05T14:25:51,nodeGcor3,3.11.9,unknown,13156898,115,1,1,0.9981811046600342,lime,attribution,5,47,0.7366427053175636,0.69,0.6456290710956314,1.0,0.6666666666666666,10,10,0.6666666666666666,2.4859218900091946,47
image,2,2026-10-05T14:25:51,nodeGcor3,3.11.9,unknown,13156898,115,1,1,0.9981811046600342,kernel_shap,attribution,5,47,0.8510365061947757,0.56,0.5785778989882049,0.7666666666666667,0.42857142857142855,10,10,0.6666666666666666,0.22646894212812185,47
image,2,2026-10-05T14:25:51,nodeGcor3,3.11.9,unknown,13156898,115,1,1,0.9981811046600342,random,attribution,5,47,0.0,0.48,0.3694480825625859,0.06944444444444445,0.0,10,10,0.1111111111111111,3.374321386218071e-05,47
image,2,2026-10-05T14:25:51,nodeGcor3,3.11.9,unknown,13156898,116,1,1,0.9994778037071228,cam,attribution,5,41,0.001759017154532126,0.47,0.5378859306625274,1.0,1.0,10,10,1.0,0.003274819813668728,41
image,2,2026-10-05T14:25:51,nodeGcor3,3.11.9,unknown,13156898,116,1,1,0.9994778037071228,grad_cam,attribution,5,41,0.001759017154532126,0.5,0.5528182031586676,1.0,1.0,10,10,1.0,0.005343659780919552,41
image,2,2026-10-05T14:25:51,nodeGcor3,3.11.9,unknown,13156898,116,1,1,0.9994778037071228,lime,attribution,5,41,0.7375143983151697,0.66,0.627920383610245,0.8666666666666666,0.42857142857142855,10,10,0.6666666666666666,2.4654625789262354,41
image,2,2026-10-05T14:25:51,nodeGcor3,3.11.9,unknown,13156898,116,1,1,0.9994778037071228,kernel_shap,attribution,5,41,0.3664796190227424,0.49,0.5843333963946522,1.0,0.6666666666666666,10,10,0.6666666666666666,0.22591580729931593,41
image,2,2026-10-05T14:25:51,nodeGcor3,3.11.9,unknown,13156898,116,1,1,0.9994778037071228,random,attribution,5,41,0.00010758295859696078,0.52,0.39767288757293806,0.09444444444444444,0.0,10,10,0.1111111111111111,3.870530053973198e-05,41
image,2,2026-10-05T14:25:51,nodeGcor3,3.11.9,unknown,13156898,117,1,1,0.9993927478790283,cam,attribution,5,45,0.029778756153448854,0.95,0.5024764778642088,1.0,0.42857142857142855,10,10,1.0,0.003178552258759737,45
image,2,2026-10-05T14:25:51,nodeGcor3,3.11.9,unknown,13156898,117,1,1,0.9993927478790283,grad_cam,attribution,5,45,0.029778756153448854,0.96,0.49678158023485763,0.9666666666666666,0.42857142857142855,10,10,1.0,0.005207001231610775,45
image,2,2026-10-05T14:25:51,nodeGcor3,3.11.9,unknown,13156898,117,1,1,0.9993927478790283,lime,attribution,5,45,0.6044832057217084,0.85,0.5964111108941315,0.9,0.6666666666666666,10,10,1.0,2.4698374290019274,45
image,2,2026-10-05T14:25:51,nodeGcor3,3.11.9,unknown,13156898,117,1,1,0.9993927478790283,kernel_shap,attribution,5,45,0.34586181682851214,0.89,0.5679511480735701,0.9666666666666666,0.6666666666666666,10,10,0.6666666666666666,0.22810617508366704,45
image,2,2026-10-05T14:25:51,nodeGcor3,3.11.9,unknown,13156898,117,1,1,0.9993927478790283,random,attribution,5,45,7.013768695928078e-05,0.38,0.3531730217627599,0.04444444444444444,0.0,10,10,0.0,3.230106085538864e-05,45
image,2,2026-10-05T14:25:51,nodeGcor3,3.11.9,unknown,13156898,119,1,1,0.995032787322998,cam,attribution,5,43,0.3230025230102863,0.74,0.5787791157441714,1.0,0.6666666666666666,10,10,1.0,0.00329526886343956,43
image,2,2026-10-05T14:25:51,nodeGcor3,3.11.9,unknown,13156898,119,1,1,0.995032787322998,grad_cam,attribution,5,43,0.3230025230102863,0.68,0.6616936586368999,1.0,1.0,10,10,1.0,0.0053129349835217,43
image,2,2026-10-05T14:25:51,nodeGcor3,3.11.9,unknown,13156898,119,1,1,0.995032787322998,lime,attribution,5,43,0.48709505307522544,0.78,0.6417477226471157,1.0,0.6666666666666666,10,10,1.0,2.4599340413697064,43
image,2,2026-10-05T14:25:51,nodeGcor3,3.11.9,unknown,13156898,119,1,1,0.995032787322998,kernel_shap,attribution,5,43,0.7367592876627679,0.57,0.5234825703311974,1.0,0.42857142857142855,10,10,0.6666666666666666,0.22447190480306745,43
image,2,2026-10-05T14:25:51,nodeGcor3,3.11.9,unknown,13156898,119,1,1,0.995032787322998,random,attribution,5,43,0.005578848429313931,0.6,0.3143467675799213,0.06944444444444445,0.0,10,10,0.25,3.61311249434948e-05,43
image,2,2026-10-05T14:25:51,nodeGcor3,3.11.9,unknown,13156898,120,1,1,0.9999532699584961,cam,attribution,5,45,0.0023012640590084946,0.74,0.42655271013639384,0.7333333333333334,0.6666666666666666,10,10,1.0,0.0032622390426695347,45
image,2,2026-10-05T14:25:51,nodeGcor3,3.11.9,unknown,13156898,120,1,1,0.9999532699584961,grad_cam,attribution,5,45,0.0023012640590084946,0.75,0.4264851096350438,0.7666666666666667,0.6666666666666666,10,10,1.0,0.0050873346626758575,45
image,2,2026-10-05T14:25:51,nodeGcor3,3.11.9,unknown,13156898,120,1,1,0.9999532699584961,lime,attribution,5,45,0.7060662243318484,0.85,0.6279277326315627,0.9333333333333332,1.0,10,10,0.6666666666666666,2.34198279120028,45
image,2,2026-10-05T14:25:51,nodeGcor3,3.11.9,unknown,13156898,120,1,1,0.9999532699584961,kernel_shap,attribution,5,45,0.6727195031696848,0.86,0.6129703760799583,1.0,0.6666666666666666,10,10,0.6666666666666666,0.22547250986099243,45
image,2,2026-10-05T14:25:51,nodeGcor3,3.11.9,unknown,13156898,120,1,1,0.9999532699584961,random,attribution,5,45,0.0010573165974743616,0.57,0.33448205015308863,0.1261904761904762,0.0,10,10,0.0,3.60351987183094e-05,45
image,2,2026-10-05T14:25:51,nodeGcor3,3.11.9,unknown,13156898,121,1,1,0.9988100528717041,cam,attribution,5,39,0.0,0.63,0.4532551440222584,0.7666666666666667,0.6666666666666666,10,10,1.0,0.0033113379031419754,39
image,2,2026-10-05T14:25:51,nodeGcor3,3.11.9,unknown,13156898,121,1,1,0.9988100528717041,grad_cam,attribution,5,39,0.0,0.59,0.46934604516104916,0.7333333333333334,0.6666666666666666,10,10,1.0,0.005436982959508896,39
image,2,2026-10-05T14:25:51,nodeGcor3,3.11.9,unknown,13156898,121,1,1,0.9988100528717041,lime,attribution,5,39,0.12359603800630414,0.98,0.5787343297206995,1.0,0.6666666666666666,10,10,1.0,2.4622442461550236,39
image,2,2026-10-05T14:25:51,nodeGcor3,3.11.9,unknown,13156898,121,1,1,0.9988100528717041,kernel_shap,attribution,5,39,0.12359603800630414,0.97,0.5298126377126902,1.0,0.6666666666666666,10,10,1.0,0.22474653599783778,39
image,2,2026-10-05T14:25:51,nodeGcor3,3.11.9,unknown,13156898,121,1,1,0.9988100528717041,random,attribution,5,39,0.0,0.54,0.3503251171301094,0.08055555555555556,0.0,10,10,0.1111111111111111,3.567524254322052e-05,39
image,2,2026-10-05T14:25:51,nodeGcor3,3.11.9,unknown,13156898,122,1,1,0.9323332905769348,cam,attribution,5,44,0.9728008434558068,0.91,0.4664906208704509,1.0,1.0,10,10,1.0,0.0033548902720212936,44
image,2,2026-10-05T14:25:51,nodeGcor3,3.11.9,unknown,13156898,122,1,1,0.9323332905769348,grad_cam,attribution,5,44,0.9728008434558068,0.86,0.6801853492045264,1.0,1.0,10,10,1.0,0.005200799088925123,44
image,2,2026-10-05T14:25:51,nodeGcor3,3.11.9,unknown,13156898,122,1,1,0.9323332905769348,lime,attribution,5,44,0.9256343524311805,0.82,0.6641483415176954,0.9666666666666666,0.42857142857142855,10,10,0.6666666666666666,2.3925071582198143,44
image,2,2026-10-05T14:25:51,nodeGcor3,3.11.9,unknown,13156898,122,1,1,0.9323332905769348,kernel_shap,attribution,5,44,0.9904534479224627,0.95,0.6446236507641026,1.0,0.6666666666666666,10,10,0.42857142857142855,0.2252749647013843,44
image,2,2026-10-05T14:25:51,nodeGcor3,3.11.9,unknown,13156898,122,1,1,0.9323332905769348,random,attribution,5,44,0.0,0.55,0.3383201896810155,0.08055555555555556,0.0,10,10,0.1111111111111111,3.71299684047699e-05,44
image,2,2026-10-05T14:25:51,nodeGcor3,3.11.9,unknown,13156898,123,1,1,0.9981887936592102,cam,attribution,5,47,0.15033699812663043,0.6,0.3547474288068818,0.9,0.0,10,10,1.0,0.0032495418563485146,47
image,2,2026-10-05T14:25:51,nodeGcor3,3.11.9,unknown,13156898,123,1,1,0.9981887936592102,grad_cam,attribution,5,47,0.15033699812663043,0.56,0.3795024981194375,0.9333333333333332,0.0,10,10,1.0,0.005448775365948677,47
image,2,2026-10-05T14:25:51,nodeGcor3,3.11.9,unknown,13156898,123,1,1,0.9981887936592102,lime,attribution,5,47,0.7374179314782517,0.48,0.6119353710426929,0.7333333333333333,0.25,10,10,1.0,2.4602347668260336,47
image,2,2026-10-05T14:25:51,nodeGcor3,3.11.9,unknown,13156898,123,1,1,0.9981887936592102,kernel_shap,attribution,5,47,0.7374179314782517,0.47,0.50387625684625,1.0,0.25,10,10,0.6666666666666666,0.22595600690692663,47
image,2,2026-10-05T14:25:51,nodeGcor3,3.11.9,unknown,13156898,123,1,1,0.9981887936592102,random,attribution,5,47,0.0,0.5,0.39178912267095123,0.05555555555555556,0.0,10,10,0.0,3.894791007041931e-05,47
image,2,2026-10-05T14:25:51,nodeGcor3,3.11.9,unknown,13156898,124,1,1,0.9999598264694214,cam,attribution,5,43,0.0,0.65,0.5863956407668179,0.9333333333333332,0.42857142857142855,10,10,1.0,0.0032436558976769447,43
image,2,2026-10-05T14:25:51,nodeGcor3,3.11.9,unknown,13156898,124,1,1,0.9999598264694214,grad_cam,attribution,5,43,0.0,0.71,0.5990592807528862,0.8666666666666666,0.42857142857142855,10,10,1.0,0.005412071943283081,43
image,2,2026-10-05T14:25:51,nodeGcor3,3.11.9,unknown,13156898,124,1,1,0.9999598264694214,lime,attribution,5,43,0.05050122963361579,0.83,0.5474760903493994,1.0,0.6666666666666666,10,10,1.0,2.409914274699986,43
image,2,2026-10-05T14:25:51,nodeGcor3,3.11.9,unknown,13156898,124,1,1,0.9999598264694214,kernel_shap,attribution,5,43,0.017288783349989525,0.67,0.4200681586084417,1.0,0.6666666666666666,10,10,0.25,0.22341937385499477,43
image,2,2026-10-05T14:25:51,nodeGcor3,3.11.9,unknown,13156898,124,1,1,0.9999598264694214,random,attribution,5,43,0.0,0.58,0.38345779795748247,0.06944444444444445,0.0,10,10,0.25,3.802403807640076e-05,43
image,2,2026-10-05T14:25:51,nodeGcor3,3.11.9,unknown,13156898,125,1,1,0.9982554316520691,cam,attribution,5,45,0.5880106102379541,0.52,0.5183112152841953,0.9666666666666666,0.6666666666666666,10,10,1.0,0.0031857159920036793,45
image,2,2026-10-05T14:25:51,nodeGcor3,3.11.9,unknown,13156898,125,1,1,0.9982554316520691,grad_cam,attribution,5,45,0.5880106102379541,0.54,0.5282700074648448,0.9666666666666666,0.42857142857142855,10,10,1.0,0.0053660450503230095,45
image,2,2026-10-05T14:25:51,nodeGcor3,3.11.9,unknown,13156898,125,1,1,0.9982554316520691,lime,attribution,5,45,0.9764495558418257,0.49,0.665054723633772,1.0,0.6666666666666666,10,10,1.0,2.368405287154019,45
image,2,2026-10-05T14:25:51,nodeGcor3,3.11.9,unknown,13156898,125,1,1,0.9982554316520691,kernel_shap,attribution,5,45,0.9764495558418257,0.51,0.6036742896831959,1.0,0.6666666666666666,10,10,1.0,0.22531777573749423,45
image,2,2026-10-05T14:25:51,nodeGcor3,3.11.9,unknown,13156898,125,1,1,0.9982554316520691,random,attribution,5,45,0.2369426154505246,0.54,0.27021915888610815,0.06666666666666668,0.0,10,10,0.0,3.8368627429008484e-05,45
image,2,2026-10-05T14:25:51,nodeGcor3,3.11.9,unknown,13156898,126,1,1,0.9976338148117065,cam,attribution,5,44,0.12396216740753681,0.48,0.46432773227936563,0.8333333333333333,0.42857142857142855,10,10,1.0,0.003135558683425188,44
image,2,2026-10-05T14:25:51,nodeGcor3,3.11.9,unknown,13156898,126,1,1,0.9976338148117065,grad_cam,attribution,5,44,0.12396216740753681,0.53,0.48308576427639827,0.8666666666666666,0.6666666666666666,10,10,1.0,0.005338798277080059,44
image,2,2026-10-05T14:25:51,nodeGcor3,3.11.9,unknown,13156898,126,1,1,0.9976338148117065,lime,attribution,5,44,0.38791085373071266,0.61,0.6111213767359447,1.0,0.42857142857142855,10,10,0.6666666666666666,2.467663859948516,44
image,2,2026-10-05T14:25:51,nodeGcor3,3.11.9,unknown,13156898,126,1,1,0.9976338148117065,kernel_shap,attribution,5,44,0.37896287659239486,0.63,0.5523125319498323,0.7,0.42857142857142855,10,10,1.0,0.22584982309490442,44
image,2,2026-10-05T14:25:51,nodeGcor3,3.11.9,unknown,13156898,126,1,1,0.9976338148117065,random,attribution,5,44,0.0,0.53,0.3271961389744066,0.04444444444444444,0.0,10,10,0.0,3.825221210718155e-05,44
image,2,2026-10-05T14:25:51,nodeGcor3,3.11.9,unknown,13156898,127,1,1,0.9991231560707092,cam,attribution,5,44,0.4166218792186778,0.66,0.5687816733178432,1.0,1.0,10,10,1.0,0.0032922448590397835,44
image,2,2026-10-05T14:25:51,nodeGcor3,3.11.9,unknown,13156898,127,1,1,0.9991231560707092,grad_cam,attribution,5,44,0.4166218792186778,0.59,0.5842763814380267,1.0,1.0,10,10,1.0,0.005396731197834015,44
image,2,2026-10-05T14:25:51,nodeGcor3,3.11.9,unknown,13156898,127,1,1,0.9991231560707092,lime,attribution,5,44,0.9698813920099909,0.63,0.6712713100749509,0.9666666666666666,0.42857142857142855,10,10,0.6666666666666666,2.3304584338329732,44
image,2,2026-10-05T14:25:51,nodeGcor3,3.11.9,unknown,13156898,127,1,1,0.9991231560707092,kernel_shap,attribution,5,44,0.8969600031236374,0.61,0.6156108897135175,0.9333333333333332,0.42857142857142855,10,10,0.6666666666666666,0.22574884304776788,44
image,2,2026-10-05T14:25:51,nodeGcor3,3.11.9,unknown,13156898,127,1,1,0.9991231560707092,random,attribution,5,44,0.0,0.5,0.36072031709773833,0.04444444444444444,0.0,10,10,0.0,3.5239383578300476e-05,44
image,2,2026-10-05T14:25:51,nodeGcor3,3.11.9,unknown,13156898,128,1,1,0.9998564720153809,cam,attribution,5,42,0.1408506900169218,0.98,0.5041938644480413,1.0,0.6666666666666666,10,10,1.0,0.0033299471251666546,42
image,2,2026-10-05T14:25:51,nodeGcor3,3.11.9,unknown,13156898,128,1,1,0.9998564720153809,grad_cam,attribution,5,42,0.1408506900169218,0.96,0.5050954575422626,1.0,0.6666666666666666,10,10,1.0,0.005139126908034086,42
image,2,2026-10-05T14:25:51,nodeGcor3,3.11.9,unknown,13156898,128,1,1,0.9998564720153809,lime,attribution,5,42,0.1562940876931751,0.96,0.5725065736647597,0.9333333333333332,0.42857142857142855,10,10,0.6666666666666666,2.3178503680974245,42
image,2,2026-10-05T14:25:51,nodeGcor3,3.11.9,unknown,13156898,128,1,1,0.9998564720153809,kernel_shap,attribution,5,42,0.1718535522854929,0.92,0.46772152328429073,1.0,1.0,10,10,0.6666666666666666,0.2253961069509387,42
image,2,2026-10-05T14:25:51,nodeGcor3,3.11.9,unknown,13156898,128,1,1,0.9998564720153809,random,attribution,5,42,0.00011749763305757456,0.44,0.3643640652302095,0.09444444444444444,0.0,10,10,0.0,3.1976960599422455e-05,42
image,2,2026-10-05T14:25:51,nodeGcor3,3.11.9,unknown,13156898,129,1,1,0.7835615873336792,cam,attribution,5,42,0.1591199945775787,0.47,0.4600457725088106,0.5773809523809523,0.25,10,10,1.0,0.0032435799948871136,42
image,2,2026-10-05T14:25:51,nodeGcor3,3.11.9,unknown,13156898,129,1,1,0.7835615873336792,grad_cam,attribution,5,42,0.3959951752013382,0.45,0.6191769277687029,0.5,0.25,10,10,1.0,0.005398306995630264,42
image,2,2026-10-05T14:25:51,nodeGcor3,3.11.9,unknown,13156898,129,1,1,0.7835615873336792,lime,attribution,5,42,0.5053178601610189,0.49,0.4584130709683113,0.8666666666666666,0.25,10,10,0.6666666666666666,2.4247814319096506,42
image,2,2026-10-05T14:25:51,nodeGcor3,3.11.9,unknown,13156898,129,1,1,0.7835615873336792,kernel_shap,attribution,5,42,0.6587891568918419,0.56,0.4903406218199161,0.6285714285714286,0.25,10,10,1.0,0.2251561200246215,42
image,2,2026-10-05T14:25:51,nodeGcor3,3.11.9,unknown,13156898,129,1,1,0.7835615873336792,random,attribution,5,42,0.3273021575044508,0.58,0.31333346737414247,0.05833333333333333,0.0,10,10,0.0,3.3457763493061066e-05,42
image,2,2026-10-05T14:25:51,nodeGcor3,3.11.9,unknown,13156898,130,1,1,0.9989109039306641,cam,attribution,5,45,0.0,0.79,0.47167761625273896,1.0,0.6666666666666666,10,10,1.0,0.0031883972696959972,45
image,2,2026-10-05T14:25:51,nodeGcor3,3.11.9,unknown,13156898,130,1,1,0.9989109039306641,grad_cam,attribution,5,45,0.0,0.77,0.4811423392099702,1.0,0.6666666666666666,10,10,1.0,0.0053576258942484856,45
image,2,2026-10-05T14:25:51,nodeGcor3,3.11.9,unknown,13156898,130,1,1,0.9989109039306641,lime,attribution,5,45,0.14942766042609398,0.93,0.5953686504862181,1.0,1.0,10,10,0.6666666666666666,2.4431599671952426,45
image,2,2026-10-05T14:25:51,nodeGcor3,3.11.9,unknown,13156898,130,1,1,0.9989109039306641,kernel_shap,attribution,5,45,0.056351502589783165,0.87,0.47020955550434085,1.0,0.6666666666666666,10,10,0.42857142857142855,0.22704372461885214,45
image,2,2026-10-05T14:25:51,nodeGcor3,3.11.9,unknown,13156898,130,1,1,0.9989109039306641,random,attribution,5,45,0.00047765573605764377,0.48,0.2996239165305489,0.08055555555555555,0.0,10,10,0.0,3.592390567064285e-05,45
image,2,2026-10-05T14:25:51,nodeGcor3,3.11.9,unknown,13156898,131,1,1,0.9998587369918823,cam,attribution,5,42,0.0032043211360246004,0.64,0.5885936920515049,1.0,0.6666666666666666,10,10,1.0,0.003262958023697138,42
image,2,2026-10-05T14:25:51,nodeGcor3,3.11.9,unknown,13156898,131,1,1,0.9998587369918823,grad_cam,attribution,5,42,0.0032043211360246004,0.71,0.6030546518142006,1.0,0.6666666666666666,10,10,1.0,0.005346365738660097,42
image,2,2026-10-05T14:25:51,nodeGcor3,3.11.9,unknown,13156898,131,1,1,0.9998587369918823,lime,attribution,5,42,0.04132681261851076,0.91,0.6389055849237939,1.0,1.0,10,10,1.0,2.440302207134664,42
image,2,2026-10-05T14:25:51,nodeGcor3,3.11.9,unknown,13156898,131,1,1,0.9998587369918823,kernel_shap,attribution,5,42,0.042201455417062494,0.81,0.47475393849008707,0.9666666666666666,0.6666666666666666,10,10,0.6666666666666666,0.22513506887480617,42
image,2,2026-10-05T14:25:51,nodeGcor3,3.11.9,unknown,13156898,131,1,1,0.9998587369918823,random,attribution,5,42,0.0,0.41,0.3329963208399105,0.05555555555555556,0.0,10,10,0.0,3.745686262845993e-05,42
image,2,2026-10-05T14:25:51,nodeGcor3,3.11.9,unknown,13156898,133,1,1,0.9999630451202393,cam,attribution,5,35,0.4817766369292078,0.99,0.5761570568490746,1.0,1.0,10,10,1.0,0.0033683469519019127,35
image,2,2026-10-05T14:25:51,nodeGcor3,3.11.9,unknown,13156898,133,1,1,0.9999630451202393,grad_cam,attribution,5,35,0.4817766369292078,1.0,0.5856981016159224,1.0,1.0,10,10,1.0,0.005329590756446123,35
image,2,2026-10-05T14:25:51,nodeGcor3,3.11.9,unknown,13156898,133,1,1,0.9999630451202393,lime,attribution,5,35,0.20798945149540468,1.0,0.6562224143590106,1.0,0.42857142857142855,10,10,0.6666666666666666,2.4415745357982814,35
image,2,2026-10-05T14:25:51,nodeGcor3,3.11.9,unknown,13156898,133,1,1,0.9999630451202393,kernel_shap,attribution,5,35,0.29838633534478626,1.0,0.5998031527510784,1.0,0.42857142857142855,10,10,0.42857142857142855,0.2253542230464518,35
image,2,2026-10-05T14:25:51,nodeGcor3,3.11.9,unknown,13156898,133,1,1,0.9999630451202393,random,attribution,5,35,0.0,0.46,0.3472134559638328,0.03611111111111111,0.0,10,10,0.25,3.093993291258812e-05,35
image,2,2026-10-05T14:25:51,nodeGcor3,3.11.9,unknown,13156898,134,1,1,0.999947190284729,cam,attribution,5,47,0.0005275289649166415,0.52,0.43445705212508967,0.8,0.6666666666666666,10,10,1.0,0.0032493378967046738,47
image,2,2026-10-05T14:25:51,nodeGcor3,3.11.9,unknown,13156898,134,1,1,0.999947190284729,grad_cam,attribution,5,47,0.0005275289649166415,0.52,0.4433550684462204,0.8,0.6666666666666666,10,10,1.0,0.005278495140373707,47
image,2,2026-10-05T14:25:51,nodeGcor3,3.11.9,unknown,13156898,134,1,1,0.999947190284729,lime,attribution,5,47,0.6749721184549898,0.76,0.6640976106589546,1.0,0.42857142857142855,10,10,1.0,2.4807059238664806,47
image,2,2026-10-05T14:25:51,nodeGcor3,3.11.9,unknown,13156898,134,1,1,0.999947190284729,kernel_shap,attribution,5,47,0.01890532673117422,0.64,0.5452031140397968,1.0,0.42857142857142855,10,10,0.6666666666666666,0.2264827210456133,47
image,2,2026-10-05T14:25:51,nodeGcor3,3.11.9,unknown,13156898,134,1,1,0.999947190284729,random,attribution,5,47,0.0,0.55,0.20943297192902632,0.08055555555555556,0.0,10,10,0.0,3.7292949855327606e-05,47
image,2,2026-10-05T14:25:51,nodeGcor3,3.11.9,unknown,13156898,135,1,1,0.968441903591156,cam,attribution,5,45,0.6905630499024659,0.56,0.5813573419434447,1.0,0.42857142857142855,10,10,1.0,0.0032746330834925175,45
image,2,2026-10-05T14:25:51,nodeGcor3,3.11.9,unknown,13156898,135,1,1,0.968441903591156,grad_cam,attribution,5,45,0.6905630499024659,0.55,0.6728509952133668,1.0,0.42857142857142855,10,10,1.0,0.005406994838267565,45
image,2,2026-10-05T14:25:51,nodeGcor3,3.11.9,unknown,13156898,135,1,1,0.968441903591156,lime,attribution,5,45,0.7245294305257854,0.56,0.6785241396326831,1.0,0.42857142857142855,10,10,0.6666666666666666,2.4220064929686487,45
image,2,2026-10-05T14:25:51,nodeGcor3,3.11.9,unknown,13156898,135,1,1,0.968441903591156,kernel_shap,attribution,5,45,0.8880050698396211,0.54,0.6183485719026216,0.9,0.42857142857142855,10,10,0.6666666666666666,0.22611806681379676,45
image,2,2026-10-05T14:25:51,nodeGcor3,3.11.9,unknown,13156898,135,1,1,0.968441903591156,random,attribution,5,45,0.12348016519800335,0.52,0.4369100692419442,0.03333333333333333,0.0,10,10,0.0,4.134839400649071e-05,45
image,2,2026-10-05T14:25:51,nodeGcor3,3.11.9,unknown,13156898,136,1,1,0.9995399713516235,cam,attribution,5,46,0.6949798640460846,0.81,0.6435564476930795,1.0,1.0,10,10,1.0,0.0033407029695808887,46
image,2,2026-10-05T14:25:51,nodeGcor3,3.11.9,unknown,13156898,136,1,1,0.9995399713516235,grad_cam,attribution,5,46,0.6949798640460846,0.8,0.701976253895265,1.0,1.0,10,10,1.0,0.005199566017836332,46
image,2,2026-10-05T14:25:51,nodeGcor3,3.11.9,unknown,13156898,136,1,1,0.9995399713516235,lime,attribution,5,46,0.6953918022391358,0.79,0.6699940846494359,1.0,0.6666666666666666,10,10,0.42857142857142855,2.469070018734783,46
image,2,2026-10-05T14:25:51,nodeGcor3,3.11.9,unknown,13156898,136,1,1,0.9995399713516235,kernel_shap,attribution,5,46,0.786486703901713,0.81,0.6001146955811052,1.0,0.42857142857142855,10,10,0.42857142857142855,0.22684207279235125,46
image,2,2026-10-05T14:25:51,nodeGcor3,3.11.9,unknown,13156898,136,1,1,0.9995399713516235,random,attribution,5,46,0.0,0.49,0.2869146312459999,0.04444444444444444,0.0,10,10,0.0,3.5886187106370926e-05,46
image,2,2026-10-05T14:25:51,nodeGcor3,3.11.9,unknown,13156898,137,1,1,0.9891653656959534,cam,attribution,5,46,0.015686701277606335,0.5,0.3039851434023092,0.8666666666666668,0.25,10,10,1.0,0.003290989901870489,46
image,2,2026-10-05T14:25:51,nodeGcor3,3.11.9,unknown,13156898,137,1,1,0.9891653656959534,grad_cam,attribution,5,46,0.015686701277606335,0.5,0.309453120999877,0.9333333333333332,0.25,10,10,1.0,0.005478886887431145,46
image,2,2026-10-05T14:25:51,nodeGcor3,3.11.9,unknown,13156898,137,1,1,0.9891653656959534,lime,attribution,5,46,0.27198644004147915,0.52,0.6198914980277177,0.42857142857142855,0.1111111111111111,10,10,0.42857142857142855,2.4578804271295667,46
image,2,2026-10-05T14:25:51,nodeGcor3,3.11.9,unknown,13156898,137,1,1,0.9891653656959534,kernel_shap,attribution,5,46,0.4435995883420463,0.61,0.6364232842097598,0.5476190476190477,0.1111111111111111,10,10,0.42857142857142855,0.2267305669374764,46
image,2,2026-10-05T14:25:51,nodeGcor3,3.11.9,unknown,13156898,137,1,1,0.9891653656959534,random,attribution,5,46,0.026738243425213994,0.44,0.3616527582496536,0.03333333333333333,0.0,10,10,0.1111111111111111,4.0011946111917496e-05,46
image,2,2026-10-05T14:25:51,nodeGcor3,3.11.9,unknown,13156898,138,1,1,0.9997079968452454,cam,attribution,5,41,0.03841949803357521,0.99,0.539477482936511,1.0,1.0,10,10,1.0,0.00322555098682642,41
image,2,2026-10-05T14:25:51,nodeGcor3,3.11.9,unknown,13156898,138,1,1,0.9997079968452454,grad_cam,attribution,5,41,0.03841949803357521,1.0,0.5376232246407382,1.0,1.0,10,10,1.0,0.005487896967679262,41
image,2,2026-10-05T14:25:51,nodeGcor3,3.11.9,unknown,13156898,138,1,1,0.9997079968452454,lime,attribution,5,41,0.4777147963516311,0.93,0.5641636077689609,1.0,0.6666666666666666,10,10,1.0,2.49107549386099,41
image,2,2026-10-05T14:25:51,nodeGcor3,3.11.9,unknown,13156898,138,1,1,0.9997079968452454,kernel_shap,attribution,5,41,0.16374589151874486,0.88,0.48431582131816175,0.9666666666666666,0.42857142857142855,10,10,0.42857142857142855,0.2258548066020012,41
image,2,2026-10-05T14:25:51,nodeGcor3,3.11.9,unknown,13156898,138,1,1,0.9997079968452454,random,attribution,5,41,0.0,0.47,0.2855293699321524,0.05833333333333333,0.0,10,10,0.0,3.812834620475769e-05,41
image,2,2026-10-05T14:25:51,nodeGcor3,3.11.9,unknown,13156898,139,1,1,0.9958124756813049,cam,attribution,5,48,0.7571428716791637,0.74,0.5075432960612838,1.0,0.6666666666666666,10,10,1.0,0.003234707750380039,48
image,2,2026-10-05T14:25:51,nodeGcor3,3.11.9,unknown,13156898,139,1,1,0.9958124756813049,grad_cam,attribution,5,48,0.7571428716791637,0.68,0.5656751551620472,1.0,0.6666666666666666,10,10,1.0,0.005454934202134609,48
image,2,2026-10-05T14:25:51,nodeGcor3,3.11.9,unknown,13156898,139,1,1,0.9958124756813049,lime,attribution,5,48,0.7978669009087004,0.8,0.6493038957546191,0.9333333333333332,0.42857142857142855,10,10,0.42857142857142855,2.4761355179362,48
image,2,2026-10-05T14:25:51,nodeGcor3,3.11.9,unknown,13156898,139,1,1,0.9958124756813049,kernel_shap,attribution,5,48,0.9350997244497734,0.64,0.5604003382080212,1.0,0.42857142857142855,10,10,0.42857142857142855,0.2272777329199016,48
image,2,2026-10-05T14:25:51,nodeGcor3,3.11.9,unknown,13156898,139,1,1,0.9958124756813049,random,attribution,5,48,0.0007372387133104478,0.42,0.3566100409339734,0.11944444444444444,0.0,10,10,0.0,4.4452957808971405e-05,48
