modality,seed,date,host,python,commit,slurm_job,instance,y_true,y_pred,p_pred,method,kind,k,d,fid_del,fid_suf,sparsity,stability,robustness,n_valid_stab,n_valid_rob,consistency,time_s,n_superpixels
image,1,2026-10-05T14:25:51,nodeGcor3,3.11.9,unknown,13156900,0,0,0,0.9743666648864746,cam,attribution,5,47,0.18749751485246513,0.62,0.5367642257077903,0.8333333333333334,0.42857142857142855,10,10,1.0,0.03275012830272317,47
image,1,2026-10-05T14:25:51,nodeGcor3,3.11.9,unknown,13156900,0,0,0,0.9743666648864746,grad_cam,attribution,5,47,0.18749751485246513,0.56,0.5555119533849073,0.9333333333333332,0.42857142857142855,10,10,1.0,0.009892241097986698,47
image,1,2026-10-05T14:25:51,nodeGcor3,3.11.9,unknown,13156900,0,0,0,0.9743666648864746,lime,attribution,5,47,0.4583978044325611,0.54,0.5566588548932587,0.6666666666666667,0.42857142857142855,10,10,0.6666666666666666,2.4968804121017456,47
image,1,2026-10-05T14:25:51,nodeGcor3,3.11.9,unknown,13156900,0,0,0,0.9743666648864746,kernel_shap,attribution,5,47,0.4583978044325611,0.49,0.5384329819983201,0.9,0.42857142857142855,10,10,0.6666666666666666,0.33094519609585404,47
image,1,2026-10-05T14:25:51,nodeGcor3,3.11.9,unknown,13156900,0,0,0,0.9743666648864746,random,attribution,5,47,0.03508361535042446,0.48,0.3178955881656018,0.10555555555555556,0.0,10,10,0.1111111111111111,3.2652635127305984e-05,47
image,1,2026-10-05T14:25:51,nodeGcor3,3.11.9,unknown,13156900,1,0,0,0.9999186992645264,cam,attribution,5,44,0.019179057991100302,0.68,0.436788127623023,0.7333333333333333,1.0,10,10,1.0,0.0035198708064854145,44
image,1,2026-10-05T14:25:51,nodeGcor3,3.11.9,unknown,13156900,1,0,0,0.9999186992645264,grad_cam,attribution,5,44,0.019179057991100302,0.76,0.433092985792109,0.7333333333333334,1.0,10,10,1.0,0.00588213698938489,44
image,1,2026-10-05T14:25:51,nodeGcor3,3.11.9,unknown,13156900,1,0,0,0.9999186992645264,lime,attribution,5,44,0.08473412673575408,0.58,0.621788892344375,0.8,0.6666666666666666,10,10,0.6666666666666666,2.4263609466142952,44
image,1,2026-10-05T14:25:51,nodeGcor3,3.11.9,unknown,13156900,1,0,0,0.9999186992645264,kernel_shap,attribution,5,44,0.036475946077247946,0.47,0.5785123468478597,1.0,0.42857142857142855,10,10,0.6666666666666666,0.22856232384219766,44
image,1,2026-10-05T14:25:51,nodeGcor3,3.11.9,unknown,13156900,1,0,0,0.9999186992645264,random,attribution,5,44,2.5632084216299026e-05,0.51,0.3237096392723534,0.05555555555555556,0.0,10,10,0.0,2.691708505153656e-05,44
image,1,2026-10-05T14:25:51,nodeGcor3,3.11.9,unknown,13156900,2,0,0,0.99997878074646,cam,attribution,5,48,3.5644333921842345e-05,0.56,0.44020523196957884,1.0,0.6666666666666666,10,10,1.0,0.0034779319539666176,48
image,1,2026-10-05T14:25:51,nodeGcor3,3.11.9,unknown,13156900,2,0,0,0.99997878074646,grad_cam,attribution,5,48,3.5644333921842345e-05,0.61,0.43948393957140985,1.0,0.6666666666666666,10,10,1.0,0.005561940837651491,48
image,1,2026-10-05T14:25:51,nodeGcor3,3.11.9,unknown,13156900,2,0,0,0.99997878074646,lime,attribution,5,48,0.0005465265848317265,0.67,0.5044610922209893,0.8,0.42857142857142855,10,10,0.6666666666666666,2.4135793559253216,48
image,1,2026-10-05T14:25:51,nodeGcor3,3.11.9,unknown,13156900,2,0,0,0.99997878074646,kernel_shap,attribution,5,48,0.0,0.53,0.48384562237481354,0.9,0.25,10,10,0.42857142857142855,0.22995454026386142,48
image,1,2026-10-05T14:25:51,nodeGcor3,3.11.9,unknown,13156900,2,0,0,0.99997878074646,random,attribution,5,48,0.0,0.42,0.3258667057200555,0.01111111111111111,0.0,10,10,0.0,3.1686387956142426e-05,48
image,1,2026-10-05T14:25:51,nodeGcor3,3.11.9,unknown,13156900,3,0,0,0.5141934156417847,cam,attribution,5,36,0.7705149849311114,0.45,0.42860323747832463,nan,0.42857142857142855,0,10,1.0,0.0032883393578231335,36
image,1,2026-10-05T14:25:51,nodeGcor3,3.11.9,unknown,13156900,3,0,0,0.5141934156417847,grad_cam,attribution,5,36,0.03923363342093727,0.52,0.7622103002161951,nan,0.42857142857142855,0,10,1.0,0.005596699193120003,36
image,1,2026-10-05T14:25:51,nodeGcor3,3.11.9,unknown,13156900,3,0,0,0.5141934156417847,lime,attribution,5,36,0.47043532383422243,0.5,0.4554358912126514,1.0,0.1111111111111111,2,10,1.0,2.4832927850075066,36
image,1,2026-10-05T14:25:51,nodeGcor3,3.11.9,unknown,13156900,3,0,0,0.5141934156417847,kernel_shap,attribution,5,36,0.8011923438434491,0.49,0.4316805876487646,1.0,0.42857142857142855,2,10,0.42857142857142855,0.22491783695295453,36
image,1,2026-10-05T14:25:51,nodeGcor3,3.11.9,unknown,13156900,3,0,0,0.5141934156417847,random,attribution,5,36,0.29372199751801087,0.48,0.24749327225105522,0.1111111111111111,0.0,1,10,0.1111111111111111,3.055296838283539e-05,36
image,1,2026-10-05T14:25:51,nodeGcor3,3.11.9,unknown,13156900,4,0,0,0.9997376799583435,cam,attribution,5,48,0.016781200200300283,0.48,0.5200757206920856,0.9,0.42857142857142855,10,10,1.0,0.0034608207643032074,48
image,1,2026-10-05T14:25:51,nodeGcor3,3.11.9,unknown,13156900,4,0,0,0.9997376799583435,grad_cam,attribution,5,48,0.016781200200300283,0.6,0.5208854801786486,0.9666666666666666,0.42857142857142855,10,10,1.0,0.005180718842893839,48
image,1,2026-10-05T14:25:51,nodeGcor3,3.11.9,unknown,13156900,4,0,0,0.9997376799583435,lime,attribution,5,48,0.02277929819421508,0.54,0.5372787476809846,0.8,0.42857142857142855,10,10,1.0,2.443231896031648,48
image,1,2026-10-05T14:25:51,nodeGcor3,3.11.9,unknown,13156900,4,0,0,0.9997376799583435,kernel_shap,attribution,5,48,0.05599351617560724,0.59,0.49417434946338024,0.8666666666666666,0.25,10,10,0.42857142857142855,0.22920514782890677,48
image,1,2026-10-05T14:25:51,nodeGcor3,3.11.9,unknown,13156900,4,0,0,0.9997376799583435,random,attribution,5,48,0.0003893204105189963,0.46,0.29241395515339386,0.05833333333333333,0.0,10,10,0.0,5.926983430981636e-05,48
image,1,2026-10-05T14:25:51,nodeGcor3,3.11.9,unknown,13156900,6,0,0,0.9660753607749939,cam,attribution,5,41,0.4723195295420745,0.43,0.44606862557400584,0.7428571428571428,0.1111111111111111,10,10,1.0,0.0032845591194927692,41
image,1,2026-10-05T14:25:51,nodeGcor3,3.11.9,unknown,13156900,6,0,0,0.9660753607749939,grad_cam,attribution,5,41,0.4723195295420745,0.46,0.5273062212322948,0.7095238095238096,0.0,10,10,1.0,0.005553747061640024,41
image,1,2026-10-05T14:25:51,nodeGcor3,3.11.9,unknown,13156900,6,0,0,0.9660753607749939,lime,attribution,5,41,0.716354523650985,0.51,0.5481641015650361,0.7333333333333333,0.25,10,10,0.6666666666666666,2.364819686859846,41
image,1,2026-10-05T14:25:51,nodeGcor3,3.11.9,unknown,13156900,6,0,0,0.9660753607749939,kernel_shap,attribution,5,41,0.5996722325576115,0.39,0.4608264513680713,0.6666666666666667,0.1111111111111111,10,10,0.42857142857142855,0.22755867522209883,41
image,1,2026-10-05T14:25:51,nodeGcor3,3.11.9,unknown,13156900,6,0,0,0.9660753607749939,random,attribution,5,41,0.21617750714359402,0.52,0.327997320460543,0.04444444444444444,0.0,10,10,0.1111111111111111,3.182794898748398e-05,41
image,1,2026-10-05T14:25:51,nodeGcor3,3.11.9,unknown,13156900,7,0,0,0.9826971888542175,cam,attribution,5,48,0.8456242012093581,0.48,0.5861241748291859,1.0,0.42857142857142855,10,10,1.0,0.0033524460159242153,48
image,1,2026-10-05T14:25:51,nodeGcor3,3.11.9,unknown,13156900,7,0,0,0.9826971888542175,grad_cam,attribution,5,48,0.8456242012093581,0.57,0.6559681013885014,1.0,0.42857142857142855,10,10,1.0,0.005518259946256876,48
image,1,2026-10-05T14:25:51,nodeGcor3,3.11.9,unknown,13156900,7,0,0,0.9826971888542175,lime,attribution,5,48,0.8644687914861655,0.6,0.7245425149004298,0.9666666666666666,0.6666666666666666,10,10,1.0,2.4419348812662065,48
image,1,2026-10-05T14:25:51,nodeGcor3,3.11.9,unknown,13156900,7,0,0,0.9826971888542175,kernel_shap,attribution,5,48,0.8644687914861655,0.6,0.6641111522939857,0.8333333333333333,0.42857142857142855,10,10,0.6666666666666666,0.2271941569633782,48
image,1,2026-10-05T14:25:51,nodeGcor3,3.11.9,unknown,13156900,7,0,0,0.9826971888542175,random,attribution,5,48,0.017921720215359295,0.44,0.4025549062712407,0.09722222222222224,0.0,10,10,0.0,3.0071940273046494e-05,48
image,1,2026-10-05T14:25:51,nodeGcor3,3.11.9,unknown,13156900,8,0,0,0.9946995973587036,cam,attribution,5,44,0.32219452220343864,0.63,0.5625624362836066,1.0,1.0,10,10,1.0,0.0033009257167577744,44
image,1,2026-10-05T14:25:51,nodeGcor3,3.11.9,unknown,13156900,8,0,0,0.9946995973587036,grad_cam,attribution,5,44,0.32219452220343864,0.57,0.6182485244312189,1.0,0.6666666666666666,10,10,1.0,0.005179909989237785,44
image,1,2026-10-05T14:25:51,nodeGcor3,3.11.9,unknown,13156900,8,0,0,0.9946995973587036,lime,attribution,5,44,0.8969557503585143,0.46,0.5913426777531754,0.9,0.1111111111111111,10,10,0.6666666666666666,2.4560307948850095,44
image,1,2026-10-05T14:25:51,nodeGcor3,3.11.9,unknown,13156900,8,0,0,0.9946995973587036,kernel_shap,attribution,5,44,0.9494715681618205,0.52,0.6007131107856392,0.8666666666666666,0.42857142857142855,10,10,0.6666666666666666,0.22482174821197987,44
image,1,2026-10-05T14:25:51,nodeGcor3,3.11.9,unknown,13156900,8,0,0,0.9946995973587036,random,attribution,5,44,0.000175032639602462,0.52,0.3856559820014842,0.1123015873015873,0.0,10,10,0.1111111111111111,3.6907847970724106e-05,44
image,1,2026-10-05T14:25:51,nodeGcor3,3.11.9,unknown,13156900,9,0,0,0.9996211528778076,cam,attribution,5,47,0.2765897705351572,0.57,0.5844793623661563,1.0,1.0,10,10,1.0,0.0032868869602680206,47
image,1,2026-10-05T14:25:51,nodeGcor3,3.11.9,unknown,13156900,9,0,0,0.9996211528778076,grad_cam,attribution,5,47,0.2765897705351572,0.54,0.6121374567545422,1.0,1.0,10,10,1.0,0.005181295331567526,47
image,1,2026-10-05T14:25:51,nodeGcor3,3.11.9,unknown,13156900,9,0,0,0.9996211528778076,lime,attribution,5,47,0.2213905939640023,0.47,0.6177427228480641,0.8333333333333333,0.25,10,10,1.0,2.4512870819307864,47
image,1,2026-10-05T14:25:51,nodeGcor3,3.11.9,unknown,13156900,9,0,0,0.9996211528778076,kernel_shap,attribution,5,47,0.12245558483387363,0.61,0.5537214019221022,1.0,0.25,10,10,0.6666666666666666,0.2278056018985808,47
image,1,2026-10-05T14:25:51,nodeGcor3,3.11.9,unknown,13156900,9,0,0,0.9996211528778076,random,attribution,5,47,0.00010065084365441748,0.47,0.33584420309490026,0.08333333333333333,0.0,10,10,0.0,3.1431205570697784e-05,47
image,1,2026-10-05T14:25:51,nodeGcor3,3.11.9,unknown,13156900,10,0,0,0.9998995065689087,cam,attribution,5,47,0.0024638863868980594,0.45,0.480108021272193,0.9,0.42857142857142855,10,10,1.0,0.0032977545633912086,47
image,1,2026-10-05T14:25:51,nodeGcor3,3.11.9,unknown,13156900,10,0,0,0.9998995065689087,grad_cam,attribution,5,47,0.0024638863868980594,0.54,0.4801080211949422,0.9666666666666666,0.6666666666666666,10,10,1.0,0.005495117045938969,47
image,1,2026-10-05T14:25:51,nodeGcor3,3.11.9,unknown,13156900,10,0,0,0.9998995065689087,lime,attribution,5,47,0.0024638863868980594,0.57,0.5633939968227233,0.9333333333333332,0.42857142857142855,10,10,1.0,2.389022132847458,47
image,1,2026-10-05T14:25:51,nodeGcor3,3.11.9,unknown,13156900,10,0,0,0.9998995065689087,kernel_shap,attribution,5,47,0.0018346365211710151,0.57,0.4490912326652621,0.8333333333333333,0.42857142857142855,10,10,0.25,0.22618389269337058,47
image,1,2026-10-05T14:25:51,nodeGcor3,3.11.9,unknown,13156900,10,0,0,0.9998995065689087,random,attribution,5,47,0.0001490861987668944,0.53,0.3325233655107065,0.03333333333333333,0.0,10,10,0.42857142857142855,3.140699118375778e-05,47
image,1,2026-10-05T14:25:51,nodeGcor3,3.11.9,unknown,13156900,11,0,0,0.8572728037834167,cam,attribution,5,37,0.17053004086329135,0.61,0.30156303839801835,0.5595238095238095,0.0,10,10,1.0,0.003567588049918413,37
image,1,2026-10-05T14:25:51,nodeGcor3,3.11.9,unknown,13156900,11,0,0,0.8572728037834167,grad_cam,attribution,5,37,0.17053004086329135,0.55,0.6492078290426109,1.0,0.42857142857142855,10,10,1.0,0.005133781116455793,37
image,1,2026-10-05T14:25:51,nodeGcor3,3.11.9,unknown,13156900,11,0,0,0.8572728037834167,lime,attribution,5,37,0.5465716376428955,0.65,0.6577822910772428,0.8333333333333333,0.6666666666666666,10,10,1.0,2.438078342936933,37
image,1,2026-10-05T14:25:51,nodeGcor3,3.11.9,unknown,13156900,11,0,0,0.8572728037834167,kernel_shap,attribution,5,37,0.46869590306831,0.49,0.56468012017948,1.0,0.6666666666666666,10,10,1.0,0.2246811119839549,37
image,1,2026-10-05T14:25:51,nodeGcor3,3.11.9,unknown,13156900,11,0,0,0.8572728037834167,random,attribution,5,37,0.11913969822693987,0.59,0.3366664706774749,0.03333333333333333,0.0,10,10,0.1111111111111111,6.286101415753365e-05,37
image,1,2026-10-05T14:25:51,nodeGcor3,3.11.9,unknown,13156900,12,0,0,0.9996833801269531,cam,attribution,5,46,0.004081707121624354,0.59,0.47330428205909636,1.0,0.6666666666666666,10,10,1.0,0.003223435953259468,46
image,1,2026-10-05T14:25:51,nodeGcor3,3.11.9,unknown,13156900,12,0,0,0.9996833801269531,grad_cam,attribution,5,46,0.004081707121624354,0.64,0.4733042838898559,1.0,0.6666666666666666,10,10,1.0,0.005264019127935171,46
image,1,2026-10-05T14:25:51,nodeGcor3,3.11.9,unknown,13156900,12,0,0,0.9996833801269531,lime,attribution,5,46,0.01197937932389787,0.52,0.5840542251788167,1.0,0.42857142857142855,10,10,1.0,2.456468326970935,46
image,1,2026-10-05T14:25:51,nodeGcor3,3.11.9,unknown,13156900,12,0,0,0.9996833801269531,kernel_shap,attribution,5,46,0.016331061756613918,0.44,0.5141429160653809,0.7666666666666667,0.42857142857142855,10,10,0.6666666666666666,0.22493228316307068,46
image,1,2026-10-05T14:25:51,nodeGcor3,3.11.9,unknown,13156900,12,0,0,0.9996833801269531,random,attribution,5,46,8.257857903312587e-05,0.51,0.3251647497556128,0.053968253968253964,0.0,10,10,0.0,3.0171126127243042e-05,46
image,1,2026-10-05T14:25:51,nodeGcor3,3.11.9,unknown,13156900,13,0,0,0.9530236124992371,cam,attribution,5,44,0.22383032762602603,0.47,0.3779728000952498,0.6234126984126985,0.0,10,10,1.0,0.0031347847543656826,44
image,1,2026-10-05T14:25:51,nodeGcor3,3.11.9,unknown,13156900,13,0,0,0.9530236124992371,grad_cam,attribution,5,44,0.22383032762602603,0.51,0.3757085541304396,0.7440476190476191,0.0,10,10,1.0,0.005408883094787598,44
image,1,2026-10-05T14:25:51,nodeGcor3,3.11.9,unknown,13156900,13,0,0,0.9530236124992371,lime,attribution,5,44,0.19026641014751186,0.48,0.42394256064411806,0.5535714285714286,0.0,10,10,0.6666666666666666,2.3808002159930766,44
image,1,2026-10-05T14:25:51,nodeGcor3,3.11.9,unknown,13156900,13,0,0,0.9530236124992371,kernel_shap,attribution,5,44,0.36277843940785626,0.49,0.4798137628111271,0.9333333333333332,0.0,10,10,0.6666666666666666,0.2269092882052064,44
image,1,2026-10-05T14:25:51,nodeGcor3,3.11.9,unknown,13156900,13,0,0,0.9530236124992371,random,attribution,5,44,0.08854651312957518,0.45,0.34788794804545364,0.04444444444444444,0.0,10,10,0.0,3.28519381582737e-05,44
image,1,2026-10-05T14:25:51,nodeGcor3,3.11.9,unknown,13156900,14,0,0,0.989766538143158,cam,attribution,5,41,0.006045112090091694,0.47,0.5738532140316407,1.0,0.6666666666666666,10,10,1.0,0.003493234980851412,41
image,1,2026-10-05T14:25:51,nodeGcor3,3.11.9,unknown,13156900,14,0,0,0.989766538143158,grad_cam,attribution,5,41,0.006045112090091694,0.56,0.5737982262727768,1.0,0.6666666666666666,10,10,1.0,0.005362612195312977,41
image,1,2026-10-05T14:25:51,nodeGcor3,3.11.9,unknown,13156900,14,0,0,0.989766538143158,lime,attribution,5,41,0.028908405067675842,0.52,0.7769394356782061,0.5476190476190477,0.42857142857142855,10,10,1.0,2.4153556213714182,41
image,1,2026-10-05T14:25:51,nodeGcor3,3.11.9,unknown,13156900,14,0,0,0.989766538143158,kernel_shap,attribution,5,41,0.027732106782567347,0.42,0.6558194187535464,0.5714285714285714,0.42857142857142855,10,10,0.6666666666666666,0.22554964618757367,41
image,1,2026-10-05T14:25:51,nodeGcor3,3.11.9,unknown,13156900,14,0,0,0.989766538143158,random,attribution,5,41,0.0,0.49,0.3446969986077356,0.10277777777777777,0.0,10,10,0.1111111111111111,2.926122397184372e-05,41
image,1,2026-10-05T14:25:51,nodeGcor3,3.11.9,unknown,13156900,15,0,0,0.9993348717689514,cam,attribution,5,46,0.036558391344893,0.78,0.5151890723663913,0.8,0.25,10,10,1.0,0.003380924928933382,46
image,1,2026-10-05T14:25:51,nodeGcor3,3.11.9,unknown,13156900,15,0,0,0.9993348717689514,grad_cam,attribution,5,46,0.036558391344893,0.78,0.5158252633402447,0.7,0.42857142857142855,10,10,1.0,0.0055048298090696335,46
image,1,2026-10-05T14:25:51,nodeGcor3,3.11.9,unknown,13156900,15,0,0,0.9993348717689514,lime,attribution,5,46,0.38941307302165,0.64,0.6501185140466768,1.0,0.6666666666666666,10,10,1.0,2.4308539018966258,46
image,1,2026-10-05T14:25:51,nodeGcor3,3.11.9,unknown,13156900,15,0,0,0.9993348717689514,kernel_shap,attribution,5,46,0.2333019305972693,0.57,0.549189108375978,0.9,0.42857142857142855,10,10,0.42857142857142855,0.22552377171814442,46
image,1,2026-10-05T14:25:51,nodeGcor3,3.11.9,unknown,13156900,15,0,0,0.9993348717689514,random,attribution,5,46,0.0001296667582207025,0.58,0.3243242161884575,0.08055555555555556,0.0,10,10,0.1111111111111111,6.888806819915771e-05,46
image,1,2026-10-05T14:25:51,nodeGcor3,3.11.9,unknown,13156900,16,0,0,0.9999634027481079,cam,attribution,5,49,0.0016797205631653613,0.49,0.5242279840289259,1.0,0.6666666666666666,10,10,1.0,0.0033581661991775036,49
image,1,2026-10-05T14:25:51,nodeGcor3,3.11.9,unknown,13156900,16,0,0,0.9999634027481079,grad_cam,attribution,5,49,0.0016797205631653613,0.55,0.5242279811217916,1.0,0.6666666666666666,10,10,1.0,0.005211093928664923,49
image,1,2026-10-05T14:25:51,nodeGcor3,3.11.9,unknown,13156900,16,0,0,0.9999634027481079,lime,attribution,5,49,0.0030323188250301015,0.59,0.5138756528214281,0.8666666666666666,0.6666666666666666,10,10,1.0,2.4526451197452843,49
image,1,2026-10-05T14:25:51,nodeGcor3,3.11.9,unknown,13156900,16,0,0,0.9999634027481079,kernel_shap,attribution,5,49,0.003653243207801342,0.47,0.48653730431857445,0.9333333333333332,0.42857142857142855,10,10,0.42857142857142855,0.22726048296317458,49
image,1,2026-10-05T14:25:51,nodeGcor3,3.11.9,unknown,13156900,16,0,0,0.9999634027481079,random,attribution,5,49,3.945972366272069e-05,0.46,0.35663051347845387,0.03333333333333333,0.0,10,10,0.1111111111111111,3.328407183289528e-05,49
image,1,2026-10-05T14:25:51,nodeGcor3,3.11.9,unknown,13156900,17,0,0,0.9999923706054688,cam,attribution,5,45,0.00033879538570698325,0.66,0.42775468379024917,1.0,0.6666666666666666,10,10,1.0,0.00350739574059844,45
image,1,2026-10-05T14:25:51,nodeGcor3,3.11.9,unknown,13156900,17,0,0,0.9999923706054688,grad_cam,attribution,5,45,0.00033879538570698325,0.66,0.42726930477952985,1.0,0.6666666666666666,10,10,1.0,0.005429134238511324,45
image,1,2026-10-05T14:25:51,nodeGcor3,3.11.9,unknown,13156900,17,0,0,0.9999923706054688,lime,attribution,5,45,0.0032541404086334886,0.58,0.5348445389874004,1.0,0.42857142857142855,10,10,1.0,2.430921392980963,45
image,1,2026-10-05T14:25:51,nodeGcor3,3.11.9,unknown,13156900,17,0,0,0.9999923706054688,kernel_shap,attribution,5,45,0.00042540159531856777,0.49,0.5457154025365791,0.6428571428571429,0.25,10,10,0.42857142857142855,0.22390087693929672,45
image,1,2026-10-05T14:25:51,nodeGcor3,3.11.9,unknown,13156900,17,0,0,0.9999923706054688,random,attribution,5,45,4.887618161149301e-06,0.5,0.30514568600987146,0.09444444444444444,0.0,10,10,0.0,3.955606371164322e-05,45
image,1,2026-10-05T14:25:51,nodeGcor3,3.11.9,unknown,13156900,18,0,0,0.9997379183769226,cam,attribution,5,47,0.0014150278292582373,0.57,0.43917457757864553,0.8,0.25,10,10,1.0,0.0033450210466980934,47
image,1,2026-10-05T14:25:51,nodeGcor3,3.11.9,unknown,13156900,18,0,0,0.9997379183769226,grad_cam,attribution,5,47,0.0014150278292582373,0.53,0.43742514614960926,0.8,0.25,10,10,1.0,0.005144272930920124,47
image,1,2026-10-05T14:25:51,nodeGcor3,3.11.9,unknown,13156900,18,0,0,0.9997379183769226,lime,attribution,5,47,0.0003732229801616485,0.57,0.5131275407954382,0.7095238095238096,0.42857142857142855,10,10,0.6666666666666666,2.458884560968727,47
image,1,2026-10-05T14:25:51,nodeGcor3,3.11.9,unknown,13156900,18,0,0,0.9997379183769226,kernel_shap,attribution,5,47,0.0012959065010852383,0.5,0.415902824346952,0.8666666666666666,0.25,10,10,0.1111111111111111,0.22566655138507485,47
image,1,2026-10-05T14:25:51,nodeGcor3,3.11.9,unknown,13156900,18,0,0,0.9997379183769226,random,attribution,5,47,0.00020551112022639014,0.45,0.37511443432842195,0.04444444444444444,0.0,10,10,0.0,2.9336195439100266e-05,47
image,1,2026-10-05T14:25:51,nodeGcor3,3.11.9,unknown,13156900,19,0,0,0.992885172367096,cam,attribution,5,40,0.31611177449493666,0.46,0.55574510417262,1.0,0.6666666666666666,10,10,1.0,0.0031578969210386276,40
image,1,2026-10-05T14:25:51,nodeGcor3,3.11.9,unknown,13156900,19,0,0,0.992885172367096,grad_cam,attribution,5,40,0.31611177449493666,0.48,0.6352128557958704,1.0,0.42857142857142855,10,10,1.0,0.005467862822115421,40
image,1,2026-10-05T14:25:51,nodeGcor3,3.11.9,unknown,13156900,19,0,0,0.992885172367096,lime,attribution,5,40,0.34764571513713555,0.49,0.4624261020892382,0.7,0.1111111111111111,10,10,1.0,2.35887681087479,40
image,1,2026-10-05T14:25:51,nodeGcor3,3.11.9,unknown,13156900,19,0,0,0.992885172367096,kernel_shap,attribution,5,40,0.415866238768591,0.46,0.46142466177413866,0.8333333333333333,0.1111111111111111,10,10,0.6666666666666666,0.2235468728467822,40
image,1,2026-10-05T14:25:51,nodeGcor3,3.11.9,unknown,13156900,19,0,0,0.992885172367096,random,attribution,5,40,0.09585570440286421,0.51,0.3666005648420676,0.04722222222222222,0.0,10,10,0.0,3.2895710319280624e-05,40
image,1,2026-10-05T14:25:51,nodeGcor3,3.11.9,unknown,13156900,20,0,0,0.9999691247940063,cam,attribution,5,45,0.00011003357156455936,0.56,0.3869269547801576,1.0,0.42857142857142855,10,10,1.0,0.003300002310425043,45
image,1,2026-10-05T14:25:51,nodeGcor3,3.11.9,unknown,13156900,20,0,0,0.9999691247940063,grad_cam,attribution,5,45,0.00011003357156455936,0.61,0.3866452763267585,1.0,0.6666666666666666,10,10,1.0,0.005357405170798302,45
image,1,2026-10-05T14:25:51,nodeGcor3,3.11.9,unknown,13156900,20,0,0,0.9999691247940063,lime,attribution,5,45,0.0041683411121783325,0.42,0.49642730876202534,0.7666666666666666,0.42857142857142855,10,10,0.6666666666666666,2.433181829750538,45
image,1,2026-10-05T14:25:51,nodeGcor3,3.11.9,unknown,13156900,20,0,0,0.9999691247940063,kernel_shap,attribution,5,45,0.00025994388168637235,0.42,0.47589363972342813,0.8333333333333333,0.42857142857142855,10,10,0.42857142857142855,0.2250935100018978,45
image,1,2026-10-05T14:25:51,nodeGcor3,3.11.9,unknown,13156900,20,0,0,0.9999691247940063,random,attribution,5,45,5.364583662410803e-06,0.49,0.29818285621754126,0.03333333333333333,0.0,10,10,0.0,2.9349233955144882e-05,45
image,1,2026-10-05T14:25:51,nodeGcor3,3.11.9,unknown,13156900,21,0,0,0.9999074935913086,cam,attribution,5,47,0.0062884537639221,0.49,0.42758759179383443,1.0,0.1111111111111111,10,10,1.0,0.0034118839539587498,47
image,1,2026-10-05T14:25:51,nodeGcor3,3.11.9,unknown,13156900,21,0,0,0.9999074935913086,grad_cam,attribution,5,47,0.0062884537639221,0.47,0.42760247837976506,1.0,0.25,10,10,1.0,0.005156868137419224,47
image,1,2026-10-05T14:25:51,nodeGcor3,3.11.9,unknown,13156900,21,0,0,0.9999074935913086,lime,attribution,5,47,0.09407113851694472,0.52,0.49868994392253096,1.0,0.25,10,10,1.0,2.452110922895372,47
image,1,2026-10-05T14:25:51,nodeGcor3,3.11.9,unknown,13156900,21,0,0,0.9999074935913086,kernel_shap,attribution,5,47,0.051376559356868454,0.53,0.45430094239793906,0.8999999999999998,0.25,10,10,0.42857142857142855,0.22361862799152732,47
image,1,2026-10-05T14:25:51,nodeGcor3,3.11.9,unknown,13156900,21,0,0,0.9999074935913086,random,attribution,5,47,0.0016008902418538852,0.49,0.2907390141341981,0.06666666666666668,0.0,10,10,0.1111111111111111,3.087380900979042e-05,47
image,1,2026-10-05T14:25:51,nodeGcor3,3.11.9,unknown,13156900,22,0,0,0.55064457654953,cam,attribution,5,44,0.0,0.46,0.4219255292025308,0.7,0.0,10,10,1.0,0.0033131581731140614,44
image,1,2026-10-05T14:25:51,nodeGcor3,3.11.9,unknown,13156900,22,0,0,0.55064457654953,grad_cam,attribution,5,44,0.9639527285796933,0.58,0.7619415626917725,1.0,0.25,10,10,1.0,0.005084394942969084,44
image,1,2026-10-05T14:25:51,nodeGcor3,3.11.9,unknown,13156900,22,0,0,0.55064457654953,lime,attribution,5,44,0.8450465913202878,0.46,0.6643813538527176,0.5,0.25,10,10,0.6666666666666666,2.4414260489866138,44
image,1,2026-10-05T14:25:51,nodeGcor3,3.11.9,unknown,13156900,22,0,0,0.55064457654953,kernel_shap,attribution,5,44,0.8450465913202878,0.6,0.5384942337646017,0.7333333333333333,0.1111111111111111,10,10,0.6666666666666666,0.2244848539121449,44
image,1,2026-10-05T14:25:51,nodeGcor3,3.11.9,unknown,13156900,22,0,0,0.55064457654953,random,attribution,5,44,0.8259195028092383,0.52,0.2897732031672907,0.05833333333333333,0.0,10,10,0.1111111111111111,2.8982292860746384e-05,44
image,1,2026-10-05T14:25:51,nodeGcor3,3.11.9,unknown,13156900,23,0,0,0.9940044283866882,cam,attribution,5,46,0.5081795337101522,0.54,0.6447835175247139,0.9666666666666666,0.6666666666666666,10,10,1.0,0.0032762358896434307,46
image,1,2026-10-05T14:25:51,nodeGcor3,3.11.9,unknown,13156900,23,0,0,0.9940044283866882,grad_cam,attribution,5,46,0.5081795337101522,0.64,0.6906997226147322,0.9666666666666666,0.6666666666666666,10,10,1.0,0.00538331363350153,46
image,1,2026-10-05T14:25:51,nodeGcor3,3.11.9,unknown,13156900,23,0,0,0.9940044283866882,lime,attribution,5,46,0.34795054130563485,0.5,0.687711716204781,0.7333333333333333,0.6666666666666666,10,10,0.6666666666666666,2.4669513390399516,46
image,1,2026-10-05T14:25:51,nodeGcor3,3.11.9,unknown,13156900,23,0,0,0.9940044283866882,kernel_shap,attribution,5,46,0.2808485267071157,0.54,0.6458615695934924,1.0,0.42857142857142855,10,10,1.0,0.22421529097482562,46
image,1,2026-10-05T14:25:51,nodeGcor3,3.11.9,unknown,13156900,23,0,0,0.9940044283866882,random,attribution,5,46,0.02276480076332001,0.49,0.34785424599796233,0.04722222222222222,0.0,10,10,0.0,2.9935035854578018e-05,46
image,1,2026-10-05T14:25:51,nodeGcor3,3.11.9,unknown,13156900,24,0,0,0.9931007623672485,cam,attribution,5,45,0.06546135943041788,0.55,0.5625768938235749,0.9333333333333332,0.1111111111111111,10,10,1.0,0.003337903879582882,45
image,1,2026-10-05T14:25:51,nodeGcor3,3.11.9,unknown,13156900,24,0,0,0.9931007623672485,grad_cam,attribution,5,45,0.06546135943041788,0.57,0.5602020581294831,1.0,0.25,10,10,1.0,0.005170769989490509,45
image,1,2026-10-05T14:25:51,nodeGcor3,3.11.9,unknown,13156900,24,0,0,0.9931007623672485,lime,attribution,5,45,0.25327458944518605,0.46,0.6957940789647992,0.6666666666666667,0.1111111111111111,10,10,1.0,2.4485464436002076,45
image,1,2026-10-05T14:25:51,nodeGcor3,3.11.9,unknown,13156900,24,0,0,0.9931007623672485,kernel_shap,attribution,5,45,0.23609556127013462,0.49,0.6387779983321178,0.6666666666666667,0.42857142857142855,10,10,0.6666666666666666,0.22459127102047205,45
image,1,2026-10-05T14:25:51,nodeGcor3,3.11.9,unknown,13156900,24,0,0,0.9931007623672485,random,attribution,5,45,0.008265773300543925,0.57,0.29183528088123,0.04722222222222222,0.0,10,10,0.1111111111111111,2.7729198336601257e-05,45
image,1,2026-10-05T14:25:51,nodeGcor3,3.11.9,unknown,13156900,25,0,0,0.9988206028938293,cam,attribution,5,46,0.0021577282781694743,0.45,0.5189673117308689,0.9333333333333332,0.6666666666666666,10,10,1.0,0.003208886831998825,46
image,1,2026-10-05T14:25:51,nodeGcor3,3.11.9,unknown,13156900,25,0,0,0.9988206028938293,grad_cam,attribution,5,46,0.0021577282781694743,0.46,0.5154715282032163,0.9333333333333332,0.42857142857142855,10,10,1.0,0.005377863999456167,46
image,1,2026-10-05T14:25:51,nodeGcor3,3.11.9,unknown,13156900,25,0,0,0.9988206028938293,lime,attribution,5,46,0.06948657250072639,0.56,0.6521608800318202,1.0,0.6666666666666666,10,10,1.0,2.4040869288146496,46
image,1,2026-10-05T14:25:51,nodeGcor3,3.11.9,unknown,13156900,25,0,0,0.9988206028938293,kernel_shap,attribution,5,46,0.06948657250072639,0.59,0.559368165489132,0.8,0.42857142857142855,10,10,1.0,0.22427192004397511,46
image,1,2026-10-05T14:25:51,nodeGcor3,3.11.9,unknown,13156900,25,0,0,0.9988206028938293,random,attribution,5,46,0.0009662574334896878,0.56,0.31734760532219297,0.05833333333333333,0.0,10,10,0.0,3.1348783522844315e-05,46
image,1,2026-10-05T14:25:51,nodeGcor3,3.11.9,unknown,13156900,26,0,0,0.9887762665748596,cam,attribution,5,47,0.3422632957062385,0.5,0.5845916546764551,0.8333333333333333,0.42857142857142855,10,10,1.0,0.0033099809661507607,47
image,1,2026-10-05T14:25:51,nodeGcor3,3.11.9,unknown,13156900,26,0,0,0.9887762665748596,grad_cam,attribution,5,47,0.3422632957062385,0.48,0.6343114393460415,0.9,0.42857142857142855,10,10,1.0,0.004941653925925493,47
image,1,2026-10-05T14:25:51,nodeGcor3,3.11.9,unknown,13156900,26,0,0,0.9887762665748596,lime,attribution,5,47,0.7953064107881954,0.42,0.49571766155270613,1.0,0.25,10,10,1.0,2.449808099772781,47
image,1,2026-10-05T14:25:51,nodeGcor3,3.11.9,unknown,13156900,26,0,0,0.9887762665748596,kernel_shap,attribution,5,47,0.7953064107881954,0.49,0.5044974197482397,0.8666666666666666,0.25,10,10,1.0,0.22422245191410184,47
image,1,2026-10-05T14:25:51,nodeGcor3,3.11.9,unknown,13156900,26,0,0,0.9887762665748596,random,attribution,5,47,0.0288510093513053,0.49,0.3290795620659016,0.05555555555555556,0.0,10,10,0.1111111111111111,3.53250652551651e-05,47
image,1,2026-10-05T14:25:51,nodeGcor3,3.11.9,unknown,13156900,27,0,0,0.982990026473999,cam,attribution,5,42,0.03918789609147602,0.62,0.442979607202334,1.0,0.6666666666666666,10,10,1.0,0.0033193579874932766,42
image,1,2026-10-05T14:25:51,nodeGcor3,3.11.9,unknown,13156900,27,0,0,0.982990026473999,grad_cam,attribution,5,42,0.03918789609147602,0.67,0.5273839723009712,1.0,0.6666666666666666,10,10,1.0,0.005098692141473293,42
image,1,2026-10-05T14:25:51,nodeGcor3,3.11.9,unknown,13156900,27,0,0,0.982990026473999,lime,attribution,5,42,0.028088769967418607,0.61,0.4190563290160886,0.9666666666666666,0.25,10,10,0.6666666666666666,2.4484151592478156,42
image,1,2026-10-05T14:25:51,nodeGcor3,3.11.9,unknown,13156900,27,0,0,0.982990026473999,kernel_shap,attribution,5,42,0.09720791303430909,0.52,0.45715100420365595,0.6428571428571429,0.0,10,10,0.42857142857142855,0.22232391498982906,42
image,1,2026-10-05T14:25:51,nodeGcor3,3.11.9,unknown,13156900,27,0,0,0.982990026473999,random,attribution,5,42,0.03329840917942346,0.45,0.3185594665193564,0.09444444444444444,0.0,10,10,0.1111111111111111,2.9779039323329926e-05,42
image,1,2026-10-05T14:25:51,nodeGcor3,3.11.9,unknown,13156900,28,0,0,0.999125063419342,cam,attribution,5,42,0.2563914140153212,0.47,0.5742019175199291,1.0,1.0,10,10,1.0,0.003456240054219961,42
image,1,2026-10-05T14:25:51,nodeGcor3,3.11.9,unknown,13156900,28,0,0,0.999125063419342,grad_cam,attribution,5,42,0.2563914140153212,0.49,0.6584535878392884,1.0,1.0,10,10,1.0,0.005021490156650543,42
image,1,2026-10-05T14:25:51,nodeGcor3,3.11.9,unknown,13156900,28,0,0,0.999125063419342,lime,attribution,5,42,0.2563914140153212,0.57,0.5600322626337492,1.0,0.42857142857142855,10,10,0.6666666666666666,2.437299605924636,42
image,1,2026-10-05T14:25:51,nodeGcor3,3.11.9,unknown,13156900,28,0,0,0.999125063419342,kernel_shap,attribution,5,42,0.13225839994172717,0.47,0.5425057581608594,1.0,0.42857142857142855,10,10,0.42857142857142855,0.2243119408376515,42
image,1,2026-10-05T14:25:51,nodeGcor3,3.11.9,unknown,13156900,28,0,0,0.999125063419342,random,attribution,5,42,0.0025352382728451384,0.43,0.31009880408532975,0.061111111111111116,0.0,10,10,0.25,3.342004492878914e-05,42
image,1,2026-10-05T14:25:51,nodeGcor3,3.11.9,unknown,13156900,29,0,0,0.8388767242431641,cam,attribution,5,47,0.0,0.62,0.45645204174916465,0.7428571428571429,0.0,10,10,1.0,0.003071095794439316,47
image,1,2026-10-05T14:25:51,nodeGcor3,3.11.9,unknown,13156900,29,0,0,0.8388767242431641,grad_cam,attribution,5,47,0.23355617896213818,0.42,0.5555113671878285,0.5095238095238096,0.0,10,10,1.0,0.005315383896231651,47
image,1,2026-10-05T14:25:51,nodeGcor3,3.11.9,unknown,13156900,29,0,0,0.8388767242431641,lime,attribution,5,47,0.0,0.5,0.5415157944354337,0.5714285714285714,0.0,10,10,0.6666666666666666,2.3564554317854345,47
image,1,2026-10-05T14:25:51,nodeGcor3,3.11.9,unknown,13156900,29,0,0,0.8388767242431641,kernel_shap,attribution,5,47,0.0,0.5,0.5086933450652955,0.8,0.1111111111111111,10,10,1.0,0.22544384188950062,47
image,1,2026-10-05T14:25:51,nodeGcor3,3.11.9,unknown,13156900,29,0,0,0.8388767242431641,random,attribution,5,47,0.21951169600262735,0.47,0.36182647407018365,0.09166666666666665,0.0,10,10,0.0,3.406405448913574e-05,47
image,1,2026-10-05T14:25:51,nodeGcor3,3.11.9,unknown,13156900,30,0,0,0.977556049823761,cam,attribution,5,45,0.29428864448138065,0.46,0.5436142536342035,1.0,0.6666666666666666,10,10,1.0,0.0031641959212720394,45
image,1,2026-10-05T14:25:51,nodeGcor3,3.11.9,unknown,13156900,30,0,0,0.977556049823761,grad_cam,attribution,5,45,0.29428864448138065,0.55,0.5482216449421604,1.0,0.42857142857142855,10,10,1.0,0.005342754069715738,45
image,1,2026-10-05T14:25:51,nodeGcor3,3.11.9,unknown,13156900,30,0,0,0.977556049823761,lime,attribution,5,45,0.45210211052482036,0.56,0.5484337567333601,1.0,0.25,10,10,0.6666666666666666,2.4865404278971255,45
image,1,2026-10-05T14:25:51,nodeGcor3,3.11.9,unknown,13156900,30,0,0,0.977556049823761,kernel_shap,attribution,5,45,0.3438995138000544,0.51,0.4681799223131268,1.0,0.25,10,10,0.25,0.2242574100382626,45
image,1,2026-10-05T14:25:51,nodeGcor3,3.11.9,unknown,13156900,30,0,0,0.977556049823761,random,attribution,5,45,0.011195464084981946,0.49,0.2739692881634559,0.04444444444444444,0.0,10,10,0.0,2.798577770590782e-05,45
image,1,2026-10-05T14:25:51,nodeGcor3,3.11.9,unknown,13156900,31,0,0,0.9994305968284607,cam,attribution,5,47,0.140359020470275,0.61,0.5639324922300594,0.7333333333333333,0.6666666666666666,10,10,1.0,0.003285468090325594,47
image,1,2026-10-05T14:25:51,nodeGcor3,3.11.9,unknown,13156900,31,0,0,0.9994305968284607,grad_cam,attribution,5,47,0.140359020470275,0.62,0.5631787398400674,0.7333333333333334,0.6666666666666666,10,10,1.0,0.0053353384137153625,47
image,1,2026-10-05T14:25:51,nodeGcor3,3.11.9,unknown,13156900,31,0,0,0.9994305968284607,lime,attribution,5,47,0.20590267740693272,0.63,0.5570724280757335,0.6666666666666667,0.1111111111111111,10,10,1.0,2.413821996655315,47
image,1,2026-10-05T14:25:51,nodeGcor3,3.11.9,unknown,13156900,31,0,0,0.9994305968284607,kernel_shap,attribution,5,47,0.19292467371304042,0.5,0.4258609975263534,0.7333333333333334,0.1111111111111111,10,10,0.42857142857142855,0.2250118087977171,47
image,1,2026-10-05T14:25:51,nodeGcor3,3.11.9,unknown,13156900,31,0,0,0.9994305968284607,random,attribution,5,47,0.053545395281004604,0.57,0.2893993921035969,0.03333333333333333,0.0,10,10,0.0,3.213901072740555e-05,47
image,1,2026-10-05T14:25:51,nodeGcor3,3.11.9,unknown,13156900,32,0,0,0.9994221925735474,cam,attribution,5,45,0.004601271265790927,0.45,0.35550079419901015,0.7666666666666667,0.25,10,10,1.0,0.0033491472713649273,45
image,1,2026-10-05T14:25:51,nodeGcor3,3.11.9,unknown,13156900,32,0,0,0.9994221925735474,grad_cam,attribution,5,45,0.004601271265790927,0.52,0.35550079243002575,0.8333333333333333,0.25,10,10,1.0,0.005006552208214998,45
image,1,2026-10-05T14:25:51,nodeGcor3,3.11.9,unknown,13156900,32,0,0,0.9994221925735474,lime,attribution,5,45,0.02890919001833304,0.5,0.4645333982628004,0.7333333333333333,0.6666666666666666,10,10,0.6666666666666666,2.4554918482899666,45
image,1,2026-10-05T14:25:51,nodeGcor3,3.11.9,unknown,13156900,32,0,0,0.9994221925735474,kernel_shap,attribution,5,45,0.01493146877836582,0.54,0.46057795815039027,0.8999999999999998,0.25,10,10,0.42857142857142855,0.223735555075109,45
image,1,2026-10-05T14:25:51,nodeGcor3,3.11.9,unknown,13156900,32,0,0,0.9994221925735474,random,attribution,5,45,0.0,0.54,0.40424432752774775,0.03333333333333333,0.0,10,10,0.0,3.181165084242821e-05,45
image,1,2026-10-05T14:25:51,nodeGcor3,3.11.9,unknown,13156900,33,0,0,0.6164897680282593,cam,attribution,5,42,0.9895965696161145,0.48,0.4253222161865643,0.9333333333333332,0.42857142857142855,10,10,1.0,0.003233755938708782,42
image,1,2026-10-05T14:25:51,nodeGcor3,3.11.9,unknown,13156900,33,0,0,0.6164897680282593,grad_cam,attribution,5,42,0.9194591971752646,0.43,0.7689477815189474,1.0,0.6666666666666666,10,10,1.0,0.005348959006369114,42
image,1,2026-10-05T14:25:51,nodeGcor3,3.11.9,unknown,13156900,33,0,0,0.6164897680282593,lime,attribution,5,42,0.9844107805035767,0.58,0.5882358290995787,0.7190476190476189,0.42857142857142855,10,10,0.6666666666666666,2.379246144089848,42
image,1,2026-10-05T14:25:51,nodeGcor3,3.11.9,unknown,13156900,33,0,0,0.6164897680282593,kernel_shap,attribution,5,42,0.9852721556650084,0.53,0.5655722781436994,0.9333333333333332,0.6666666666666666,10,10,0.42857142857142855,0.22471611993387341,42
image,1,2026-10-05T14:25:51,nodeGcor3,3.11.9,unknown,13156900,33,0,0,0.6164897680282593,random,attribution,5,42,0.0,0.54,0.3178893910933719,0.04444444444444444,0.0,10,10,0.1111111111111111,3.431318327784538e-05,42
image,1,2026-10-05T14:25:51,nodeGcor3,3.11.9,unknown,13156900,34,0,0,0.9985284805297852,cam,attribution,5,49,0.16283391774173658,0.52,0.5597904335839341,1.0,0.6666666666666666,10,10,1.0,0.003295517060905695,49
image,1,2026-10-05T14:25:51,nodeGcor3,3.11.9,unknown,13156900,34,0,0,0.9985284805297852,grad_cam,attribution,5,49,0.16283391774173658,0.53,0.5714187806461926,1.0,0.6666666666666666,10,10,1.0,0.005288324318826199,49
image,1,2026-10-05T14:25:51,nodeGcor3,3.11.9,unknown,13156900,34,0,0,0.9985284805297852,lime,attribution,5,49,0.5044023735127193,0.56,0.585949063079967,1.0,0.6666666666666666,10,10,1.0,2.467286361847073,49
image,1,2026-10-05T14:25:51,nodeGcor3,3.11.9,unknown,13156900,34,0,0,0.9985284805297852,kernel_shap,attribution,5,49,0.41244361904459464,0.53,0.5152354365430992,0.6666666666666667,0.42857142857142855,10,10,0.6666666666666666,0.22530157212167978,49
image,1,2026-10-05T14:25:51,nodeGcor3,3.11.9,unknown,13156900,34,0,0,0.9985284805297852,random,attribution,5,49,0.0012568232879595553,0.51,0.31967354203292897,0.10555555555555556,0.0,10,10,0.0,3.174366429448128e-05,49
image,1,2026-10-05T14:25:51,nodeGcor3,3.11.9,unknown,13156900,35,0,0,0.999941349029541,cam,attribution,5,45,0.0020381215519670926,0.53,0.43419181392800243,1.0,1.0,10,10,1.0,0.0032683159224689007,45
image,1,2026-10-05T14:25:51,nodeGcor3,3.11.9,unknown,13156900,35,0,0,0.999941349029541,grad_cam,attribution,5,45,0.0020381215519670926,0.64,0.4326265441413706,1.0,1.0,10,10,1.0,0.0051045180298388,45
image,1,2026-10-05T14:25:51,nodeGcor3,3.11.9,unknown,13156900,35,0,0,0.999941349029541,lime,attribution,5,45,0.04354613121706948,0.43,0.4791126756567856,0.8333333333333333,0.25,10,10,0.6666666666666666,2.4410203779116273,45
image,1,2026-10-05T14:25:51,nodeGcor3,3.11.9,unknown,13156900,35,0,0,0.999941349029541,kernel_shap,attribution,5,45,0.0014520543111230222,0.41,0.43474444548033897,0.8333333333333333,0.25,10,10,0.6666666666666666,0.22367771808058023,45
image,1,2026-10-05T14:25:51,nodeGcor3,3.11.9,unknown,13156900,35,0,0,0.999941349029541,random,attribution,5,45,0.00016374356291686952,0.54,0.3171111525605814,0.05555555555555556,0.0,10,10,0.1111111111111111,2.99098901450634e-05,45
image,1,2026-10-05T14:25:51,nodeGcor3,3.11.9,unknown,13156900,36,0,0,0.9998632669448853,cam,attribution,5,45,0.024203814289882074,0.51,0.6754960135611348,0.7666666666666667,0.6666666666666666,10,10,1.0,0.003274646122008562,45
image,1,2026-10-05T14:25:51,nodeGcor3,3.11.9,unknown,13156900,36,0,0,0.9998632669448853,grad_cam,attribution,5,45,0.024203814289882074,0.48,0.6754960196468944,0.9333333333333332,0.6666666666666666,10,10,1.0,0.005349207669496536,45
image,1,2026-10-05T14:25:51,nodeGcor3,3.11.9,unknown,13156900,36,0,0,0.9998632669448853,lime,attribution,5,45,0.13999967093728863,0.49,0.6536322555881642,0.9666666666666666,0.42857142857142855,10,10,1.0,2.3897438650019467,45
image,1,2026-10-05T14:25:51,nodeGcor3,3.11.9,unknown,13156900,36,0,0,0.9998632669448853,kernel_shap,attribution,5,45,0.06070265142279682,0.53,0.5759605216921961,0.6666666666666667,0.42857142857142855,10,10,0.6666666666666666,0.22465147683396935,45
image,1,2026-10-05T14:25:51,nodeGcor3,3.11.9,unknown,13156900,36,0,0,0.9998632669448853,random,attribution,5,45,5.245927282625167e-06,0.51,0.3720076297466116,0.06944444444444445,0.0,10,10,0.0,3.6143697798252106e-05,45
image,1,2026-10-05T14:25:51,nodeGcor3,3.11.9,unknown,13156900,37,0,0,0.9998325109481812,cam,attribution,5,42,0.0567406678960793,0.62,0.4822864674625429,1.0,1.0,10,10,1.0,0.0032286038622260094,42
image,1,2026-10-05T14:25:51,nodeGcor3,3.11.9,unknown,13156900,37,0,0,0.9998325109481812,grad_cam,attribution,5,42,0.0567406678960793,0.65,0.48098591450617456,1.0,1.0,10,10,1.0,0.005197462160140276,42
image,1,2026-10-05T14:25:51,nodeGcor3,3.11.9,unknown,13156900,37,0,0,0.9998325109481812,lime,attribution,5,42,0.017831629924779453,0.47,0.6746949467966961,0.8999999999999998,0.25,10,10,0.6666666666666666,2.4639015779830515,42
image,1,2026-10-05T14:25:51,nodeGcor3,3.11.9,unknown,13156900,37,0,0,0.9998325109481812,kernel_shap,attribution,5,42,0.02909503919244592,0.45,0.6220150751642566,1.0,0.6666666666666666,10,10,0.6666666666666666,0.36607469292357564,42
image,1,2026-10-05T14:25:51,nodeGcor3,3.11.9,unknown,13156900,37,0,0,0.9998325109481812,random,attribution,5,42,0.0027166386696494647,0.48,0.28393488980386905,0.03611111111111111,0.0,10,10,0.1111111111111111,2.8159935027360916e-05,42
image,1,2026-10-05T14:25:51,nodeGcor3,3.11.9,unknown,13156900,38,0,0,0.9999879598617554,cam,attribution,5,45,0.0,0.74,0.3048581344592768,1.0,1.0,10,10,1.0,0.003201838117092848,45
image,1,2026-10-05T14:25:51,nodeGcor3,3.11.9,unknown,13156900,38,0,0,0.9999879598617554,grad_cam,attribution,5,45,0.0,0.77,0.3048581338130705,0.9333333333333332,0.6666666666666666,10,10,1.0,0.005207241978496313,45
image,1,2026-10-05T14:25:51,nodeGcor3,3.11.9,unknown,13156900,38,0,0,0.9999879598617554,lime,attribution,5,45,2.491504149665727e-05,0.51,0.4675872073099212,0.8666666666666666,0.1111111111111111,10,10,0.6666666666666666,2.4948183316737413,45
image,1,2026-10-05T14:25:51,nodeGcor3,3.11.9,unknown,13156900,38,0,0,0.9999879598617554,kernel_shap,attribution,5,45,0.0,0.49,0.4481342852439214,0.9666666666666666,0.1111111111111111,10,10,0.25,0.2249983549118042,45
image,1,2026-10-05T14:25:51,nodeGcor3,3.11.9,unknown,13156900,38,0,0,0.9999879598617554,random,attribution,5,45,1.7047133655607606e-05,0.49,0.3530518639149248,0.04444444444444444,0.0,10,10,0.1111111111111111,2.8687063604593277e-05,45
image,1,2026-10-05T14:25:51,nodeGcor3,3.11.9,unknown,13156900,39,0,0,0.9998138546943665,cam,attribution,5,45,0.007141253052997757,0.53,0.4725713463153933,0.9666666666666666,0.6666666666666666,10,10,1.0,0.0032660281285643578,45
image,1,2026-10-05T14:25:51,nodeGcor3,3.11.9,unknown,13156900,39,0,0,0.9998138546943665,grad_cam,attribution,5,45,0.007141253052997757,0.48,0.4720111962804713,0.8666666666666668,0.6666666666666666,10,10,1.0,0.005165027920156717,45
image,1,2026-10-05T14:25:51,nodeGcor3,3.11.9,unknown,13156900,39,0,0,0.9998138546943665,lime,attribution,5,45,0.01676943728740646,0.43,0.5356184300234057,0.9666666666666666,0.42857142857142855,10,10,1.0,2.4712852658703923,45
image,1,2026-10-05T14:25:51,nodeGcor3,3.11.9,unknown,13156900,39,0,0,0.9998138546943665,kernel_shap,attribution,5,45,0.020726672038841817,0.39,0.5579657537808189,0.9666666666666666,0.42857142857142855,10,10,1.0,0.22600288689136505,45
image,1,2026-10-05T14:25:51,nodeGcor3,3.11.9,unknown,13156900,39,0,0,0.9998138546943665,random,attribution,5,45,0.000991171680461655,0.51,0.33789595823969343,0.08055555555555556,0.0,10,10,0.0,3.120535984635353e-05,45
image,1,2026-10-05T14:25:51,nodeGcor3,3.11.9,unknown,13156900,40,0,0,0.9956257343292236,cam,attribution,5,40,0.04405380837540143,0.53,0.42875721049879445,1.0,0.6666666666666666,10,10,1.0,0.0033351569436490536,40
image,1,2026-10-05T14:25:51,nodeGcor3,3.11.9,unknown,13156900,40,0,0,0.9956257343292236,grad_cam,attribution,5,40,0.04405380837540143,0.47,0.5203530734047743,1.0,0.6666666666666666,10,10,1.0,0.005170125048607588,40
image,1,2026-10-05T14:25:51,nodeGcor3,3.11.9,unknown,13156900,40,0,0,0.9956257343292236,lime,attribution,5,40,0.014213893452702093,0.52,0.4704041920882265,1.0,0.6666666666666666,10,10,0.6666666666666666,2.447932647075504,40
image,1,2026-10-05T14:25:51,nodeGcor3,3.11.9,unknown,13156900,40,0,0,0.9956257343292236,kernel_shap,attribution,5,40,0.0006722395076397873,0.44,0.40105434898640424,1.0,0.6666666666666666,10,10,0.42857142857142855,0.222465465310961,40
image,1,2026-10-05T14:25:51,nodeGcor3,3.11.9,unknown,13156900,40,0,0,0.9956257343292236,random,attribution,5,40,0.0,0.54,0.366352409802174,0.07222222222222223,0.0,10,10,0.0,3.358209505677223e-05,40
image,1,2026-10-05T14:25:51,nodeGcor3,3.11.9,unknown,13156900,41,0,0,0.9999784231185913,cam,attribution,5,48,0.006005237214886985,0.52,0.3840382963522555,0.9666666666666666,0.6666666666666666,10,10,1.0,0.0030912128277122974,48
image,1,2026-10-05T14:25:51,nodeGcor3,3.11.9,unknown,13156900,41,0,0,0.9999784231185913,grad_cam,attribution,5,48,0.006005237214886985,0.53,0.38402798475849653,1.0,0.6666666666666666,10,10,1.0,0.005369239021092653,48
image,1,2026-10-05T14:25:51,nodeGcor3,3.11.9,unknown,13156900,41,0,0,0.9999784231185913,lime,attribution,5,48,0.01037757014782746,0.42,0.46424019082993917,0.5952380952380952,0.0,10,10,0.42857142857142855,2.3553385231643915,48
image,1,2026-10-05T14:25:51,nodeGcor3,3.11.9,unknown,13156900,41,0,0,0.9999784231185913,kernel_shap,attribution,5,48,0.002289821167923239,0.43,0.402393832211416,0.6857142857142857,0.1111111111111111,10,10,0.0,0.22597484989091754,48
image,1,2026-10-05T14:25:51,nodeGcor3,3.11.9,unknown,13156900,41,0,0,0.9999784231185913,random,attribution,5,48,5.3883755096902545e-05,0.52,0.35937335208374555,0.03333333333333333,0.0,10,10,0.0,3.5235192626714706e-05,48
image,1,2026-10-05T14:25:51,nodeGcor3,3.11.9,unknown,13156900,42,0,0,0.9992018342018127,cam,attribution,5,48,0.0004334333522848577,0.51,0.5034566206735578,0.9666666666666666,0.6666666666666666,10,10,1.0,0.0032657799310982227,48
image,1,2026-10-05T14:25:51,nodeGcor3,3.11.9,unknown,13156900,42,0,0,0.9992018342018127,grad_cam,attribution,5,48,0.0004334333522848577,0.58,0.5034566254834925,0.9666666666666666,0.6666666666666666,10,10,1.0,0.005067843943834305,48
image,1,2026-10-05T14:25:51,nodeGcor3,3.11.9,unknown,13156900,42,0,0,0.9992018342018127,lime,attribution,5,48,0.03784101037096371,0.51,0.5467095272233717,1.0,0.6666666666666666,10,10,0.42857142857142855,2.4725179569795728,48
image,1,2026-10-05T14:25:51,nodeGcor3,3.11.9,unknown,13156900,42,0,0,0.9992018342018127,kernel_shap,attribution,5,48,0.00823135629623386,0.53,0.44608453761354816,0.8,0.42857142857142855,10,10,0.6666666666666666,0.2257784279063344,48
image,1,2026-10-05T14:25:51,nodeGcor3,3.11.9,unknown,13156900,42,0,0,0.9992018342018127,random,attribution,5,48,0.00012437497103136915,0.57,0.33835581931178704,0.061111111111111116,0.0,10,10,0.0,3.090919926762581e-05,48
image,1,2026-10-05T14:25:51,nodeGcor3,3.11.9,unknown,13156900,43,0,0,0.6308070421218872,cam,attribution,5,46,0.017262293278990076,0.54,0.4090805037748464,0.5535714285714286,0.0,10,10,1.0,0.003351605962961912,46
image,1,2026-10-05T14:25:51,nodeGcor3,3.11.9,unknown,13156900,43,0,0,0.6308070421218872,grad_cam,attribution,5,46,0.03786362432097697,0.47,0.6108939417748598,0.36706349206349204,0.0,10,10,1.0,0.005108217243105173,46
image,1,2026-10-05T14:25:51,nodeGcor3,3.11.9,unknown,13156900,43,0,0,0.6308070421218872,lime,attribution,5,46,0.5346757640225602,0.36,0.6965477801114736,0.9666666666666666,0.25,10,10,1.0,2.450405409093946,46
image,1,2026-10-05T14:25:51,nodeGcor3,3.11.9,unknown,13156900,43,0,0,0.6308070421218872,kernel_shap,attribution,5,46,0.5346757640225602,0.44,0.6591574320461642,1.0,0.42857142857142855,10,10,1.0,0.22665062826126814,46
image,1,2026-10-05T14:25:51,nodeGcor3,3.11.9,unknown,13156900,43,0,0,0.6308070421218872,random,attribution,5,46,0.23419453780702726,0.48,0.32578869793276777,0.03333333333333333,0.0,10,10,0.0,6.48978166282177e-05,46
image,1,2026-10-05T14:25:51,nodeGcor3,3.11.9,unknown,13156900,44,0,0,0.7002468109130859,cam,attribution,5,46,0.18210905668815383,0.51,0.35986258474786526,0.11111111111111112,0.0,10,10,1.0,0.003275766968727112,46
image,1,2026-10-05T14:25:51,nodeGcor3,3.11.9,unknown,13156900,44,0,0,0.7002468109130859,grad_cam,attribution,5,46,0.2007932751215776,0.51,0.4018110181539891,0.16626984126984126,0.0,10,10,1.0,0.0053307791240513325,46
image,1,2026-10-05T14:25:51,nodeGcor3,3.11.9,unknown,13156900,44,0,0,0.7002468109130859,lime,attribution,5,46,0.45495761626597037,0.44,0.629863060151038,1.0,0.1111111111111111,10,10,1.0,2.4768628352321684,46
image,1,2026-10-05T14:25:51,nodeGcor3,3.11.9,unknown,13156900,44,0,0,0.7002468109130859,kernel_shap,attribution,5,46,0.45495761626597037,0.37,0.6046752621845657,0.6666666666666667,0.0,10,10,1.0,0.35677694296464324,46
image,1,2026-10-05T14:25:51,nodeGcor3,3.11.9,unknown,13156900,44,0,0,0.7002468109130859,random,attribution,5,46,0.04464040921134088,0.57,0.3727131263330088,0.04444444444444444,0.0,10,10,0.0,3.150897100567818e-05,46
image,1,2026-10-05T14:25:51,nodeGcor3,3.11.9,unknown,13156900,45,0,0,0.9828502535820007,cam,attribution,5,38,0.07267261709149067,0.62,0.6023212814001286,1.0,0.42857142857142855,10,10,1.0,0.003356513101607561,38
image,1,2026-10-05T14:25:51,nodeGcor3,3.11.9,unknown,13156900,45,0,0,0.9828502535820007,grad_cam,attribution,5,38,0.07267261709149067,0.51,0.5847604292730065,1.0,0.42857142857142855,10,10,1.0,0.0050876508466899395,38
image,1,2026-10-05T14:25:51,nodeGcor3,3.11.9,unknown,13156900,45,0,0,0.9828502535820007,lime,attribution,5,38,0.07265933606639445,0.51,0.5617966068524374,1.0,0.42857142857142855,10,10,1.0,2.468284504953772,38
image,1,2026-10-05T14:25:51,nodeGcor3,3.11.9,unknown,13156900,45,0,0,0.9828502535820007,kernel_shap,attribution,5,38,0.17843202762259158,0.5,0.5211640508180222,0.7428571428571429,0.25,10,10,0.6666666666666666,0.22349885618314147,38
image,1,2026-10-05T14:25:51,nodeGcor3,3.11.9,unknown,13156900,45,0,0,0.9828502535820007,random,attribution,5,38,0.2428818102170623,0.51,0.347262055443722,0.09444444444444444,0.0,10,10,0.25,3.237510100007057e-05,38
image,1,2026-10-05T14:25:51,nodeGcor3,3.11.9,unknown,13156900,46,0,0,0.7124621272087097,cam,attribution,5,44,0.5137175020868704,0.5,0.4305769617725952,0.6857142857142857,0.0,10,10,1.0,0.0033875820226967335,44
image,1,2026-10-05T14:25:51,nodeGcor3,3.11.9,unknown,13156900,46,0,0,0.7124621272087097,grad_cam,attribution,5,44,0.0,0.44,0.6627934994997642,0.6761904761904762,0.1111111111111111,10,10,1.0,0.00514029897749424,44
image,1,2026-10-05T14:25:51,nodeGcor3,3.11.9,unknown,13156900,46,0,0,0.7124621272087097,lime,attribution,5,44,0.0,0.46,0.433742978327849,0.6761904761904762,0.25,10,10,1.0,2.4389934008941054,44
image,1,2026-10-05T14:25:51,nodeGcor3,3.11.9,unknown,13156900,46,0,0,0.7124621272087097,kernel_shap,attribution,5,44,0.0,0.5,0.4169782357085957,0.7666666666666667,0.25,10,10,0.42857142857142855,0.22377990884706378,44
image,1,2026-10-05T14:25:51,nodeGcor3,3.11.9,unknown,13156900,46,0,0,0.7124621272087097,random,attribution,5,44,0.0,0.45,0.3395147077390839,0.08055555555555556,0.0,10,10,0.1111111111111111,3.0511990189552307e-05,44
image,1,2026-10-05T14:25:51,nodeGcor3,3.11.9,unknown,13156900,47,0,0,0.9996498823165894,cam,attribution,5,45,0.0021912980347781434,0.55,0.35546547505484594,0.5238095238095238,0.25,10,10,1.0,0.003229188732802868,45
image,1,2026-10-05T14:25:51,nodeGcor3,3.11.9,unknown,13156900,47,0,0,0.9996498823165894,grad_cam,attribution,5,45,0.0021912980347781434,0.6,0.3552702721306431,0.6428571428571429,0.25,10,10,1.0,0.005246449261903763,45
image,1,2026-10-05T14:25:51,nodeGcor3,3.11.9,unknown,13156900,47,0,0,0.9996498823165894,lime,attribution,5,45,0.0007425764122099262,0.46,0.4231438136053062,0.8666666666666666,0.1111111111111111,10,10,0.6666666666666666,2.4707998470403254,45
image,1,2026-10-05T14:25:51,nodeGcor3,3.11.9,unknown,13156900,47,0,0,0.9996498823165894,kernel_shap,attribution,5,45,9.063081311699759e-06,0.52,0.4603944095453346,0.6666666666666667,0.42857142857142855,10,10,0.42857142857142855,0.22388624912127852,45
image,1,2026-10-05T14:25:51,nodeGcor3,3.11.9,unknown,13156900,47,0,0,0.9996498823165894,random,attribution,5,45,0.0003265094293609729,0.48,0.3483373688951994,0.08055555555555555,0.0,10,10,0.0,3.188988193869591e-05,45
image,1,2026-10-05T14:25:51,nodeGcor3,3.11.9,unknown,13156900,48,0,0,0.9999949932098389,cam,attribution,5,47,0.00022286288264287363,0.53,0.4402809728989605,1.0,0.42857142857142855,10,10,1.0,0.003469998948276043,47
image,1,2026-10-05T14:25:51,nodeGcor3,3.11.9,unknown,13156900,48,0,0,0.9999949932098389,grad_cam,attribution,5,47,0.00022286288264287363,0.61,0.4373036923428849,1.0,0.6666666666666666,10,10,1.0,0.005045551341027021,47
image,1,2026-10-05T14:25:51,nodeGcor3,3.11.9,unknown,13156900,48,0,0,0.9999949932098389,lime,attribution,5,47,0.0007602014456344505,0.51,0.4635697525838879,0.7428571428571429,0.25,10,10,0.6666666666666666,2.4483764437027276,47
image,1,2026-10-05T14:25:51,nodeGcor3,3.11.9,unknown,13156900,48,0,0,0.9999949932098389,kernel_shap,attribution,5,47,2.7060644214994553e-05,0.5,0.398323281279387,0.6761904761904762,0.25,10,10,0.42857142857142855,0.22458025394007564,47
image,1,2026-10-05T14:25:51,nodeGcor3,3.11.9,unknown,13156900,48,0,0,0.9999949932098389,random,attribution,5,47,2.8610372738320233e-06,0.63,0.3304347399853832,0.05833333333333333,0.0,10,10,0.0,3.094179555773735e-05,47
image,1,2026-10-05T14:25:51,nodeGcor3,3.11.9,unknown,13156900,49,0,0,0.9910104274749756,cam,attribution,5,43,0.3337262630286898,0.51,0.5328511555088696,0.8666666666666666,0.0,10,10,1.0,0.0033331820741295815,43
image,1,2026-10-05T14:25:51,nodeGcor3,3.11.9,unknown,13156900,49,0,0,0.9910104274749756,grad_cam,attribution,5,43,0.3337262630286898,0.49,0.5914707394112166,0.7666666666666667,0.6666666666666666,10,10,1.0,0.004978142213076353,43
image,1,2026-10-05T14:25:51,nodeGcor3,3.11.9,unknown,13156900,49,0,0,0.9910104274749756,lime,attribution,5,43,0.7572285711673686,0.58,0.5436879326778099,0.7095238095238094,0.25,10,10,0.6666666666666666,2.472533236257732,43
image,1,2026-10-05T14:25:51,nodeGcor3,3.11.9,unknown,13156900,49,0,0,0.9910104274749756,kernel_shap,attribution,5,43,0.33819127478350075,0.45,0.485445270196855,1.0,0.25,10,10,0.25,0.22471338603645563,43
image,1,2026-10-05T14:25:51,nodeGcor3,3.11.9,unknown,13156900,49,0,0,0.9910104274749756,random,attribution,5,43,0.014907811584286758,0.42,0.36770003514007676,0.03333333333333333,0.0,10,10,0.0,5.408097058534622e-05,43
image,1,2026-10-05T14:25:51,nodeGcor3,3.11.9,unknown,13156900,50,0,0,0.9999817609786987,cam,attribution,5,44,0.0003525082986080273,0.67,0.36976601165482637,1.0,1.0,10,10,1.0,0.0031929761171340942,44
image,1,2026-10-05T14:25:51,nodeGcor3,3.11.9,unknown,13156900,50,0,0,0.9999817609786987,grad_cam,attribution,5,44,0.0003525082986080273,0.65,0.3697660036030752,1.0,1.0,10,10,1.0,0.005232272204011679,44
image,1,2026-10-05T14:25:51,nodeGcor3,3.11.9,unknown,13156900,50,0,0,0.9999817609786987,lime,attribution,5,44,0.0005630357437692639,0.66,0.5071365044008991,0.9666666666666666,0.42857142857142855,10,10,0.6666666666666666,2.5010055978782475,44
image,1,2026-10-05T14:25:51,nodeGcor3,3.11.9,unknown,13156900,50,0,0,0.9999817609786987,kernel_shap,attribution,5,44,0.0003830860390858627,0.52,0.4801422428681429,0.6666666666666667,0.42857142857142855,10,10,0.6666666666666666,0.2242239061743021,44
image,1,2026-10-05T14:25:51,nodeGcor3,3.11.9,unknown,13156900,50,0,0,0.9999817609786987,random,attribution,5,44,1.5497490300657272e-06,0.5,0.27516211119480527,0.05833333333333333,0.0,10,10,0.1111111111111111,2.7692876756191254e-05,44
image,1,2026-10-05T14:25:51,nodeGcor3,3.11.9,unknown,13156900,51,0,0,0.9997760653495789,cam,attribution,5,45,0.25100261097072724,0.62,0.5515231391684348,1.0,0.42857142857142855,10,10,1.0,0.003248254768550396,45
image,1,2026-10-05T14:25:51,nodeGcor3,3.11.9,unknown,13156900,51,0,0,0.9997760653495789,grad_cam,attribution,5,45,0.25100261097072724,0.68,0.5510244234462554,1.0,0.42857142857142855,10,10,1.0,0.005406239069998264,45
image,1,2026-10-05T14:25:51,nodeGcor3,3.11.9,unknown,13156900,51,0,0,0.9997760653495789,lime,attribution,5,45,0.25100261097072724,0.54,0.5984827178232461,1.0,0.42857142857142855,10,10,1.0,2.4249246190302074,45
image,1,2026-10-05T14:25:51,nodeGcor3,3.11.9,unknown,13156900,51,0,0,0.9997760653495789,kernel_shap,attribution,5,45,0.005496363152373796,0.58,0.4834583968158416,0.9333333333333332,0.42857142857142855,10,10,0.42857142857142855,0.2247564820572734,45
image,1,2026-10-05T14:25:51,nodeGcor3,3.11.9,unknown,13156900,51,0,0,0.9997760653495789,random,attribution,5,45,0.00030166712820942375,0.52,0.3159432220061291,0.09722222222222222,0.0,10,10,0.1111111111111111,3.1346920877695084e-05,45
image,1,2026-10-05T14:25:51,nodeGcor3,3.11.9,unknown,13156900,52,0,0,0.999764621257782,cam,attribution,5,46,0.051596686560823245,0.54,0.6115350320910555,1.0,0.42857142857142855,10,10,1.0,0.003072868101298809,46
image,1,2026-10-05T14:25:51,nodeGcor3,3.11.9,unknown,13156900,52,0,0,0.999764621257782,grad_cam,attribution,5,46,0.051596686560823245,0.5,0.6115350365029927,0.9333333333333332,0.42857142857142855,10,10,1.0,0.005389895755797625,46
image,1,2026-10-05T14:25:51,nodeGcor3,3.11.9,unknown,13156900,52,0,0,0.999764621257782,lime,attribution,5,46,0.18148199751425886,0.48,0.6010574660067762,1.0,0.25,10,10,1.0,2.3321624472737312,46
image,1,2026-10-05T14:25:51,nodeGcor3,3.11.9,unknown,13156900,52,0,0,0.999764621257782,kernel_shap,attribution,5,46,0.09023525351382053,0.48,0.49355881149906555,0.7333333333333334,0.25,10,10,0.6666666666666666,0.2227584170177579,46
image,1,2026-10-05T14:25:51,nodeGcor3,3.11.9,unknown,13156900,52,0,0,0.999764621257782,random,attribution,5,46,0.0013475609730650565,0.49,0.36429208477887,0.03333333333333333,0.0,10,10,0.0,3.057112917304039e-05,46
image,1,2026-10-05T14:25:51,nodeGcor3,3.11.9,unknown,13156900,53,0,0,0.9996212720870972,cam,attribution,5,41,0.00450698252552969,0.49,0.5456228409632851,1.0,0.6666666666666666,10,10,1.0,0.003220644313842058,41
image,1,2026-10-05T14:25:51,nodeGcor3,3.11.9,unknown,13156900,53,0,0,0.9996212720870972,grad_cam,attribution,5,41,0.00450698252552969,0.52,0.5494847105220255,1.0,0.6666666666666666,10,10,1.0,0.005363930016756058,41
image,1,2026-10-05T14:25:51,nodeGcor3,3.11.9,unknown,13156900,53,0,0,0.9996212720870972,lime,attribution,5,41,0.0031851664666571185,0.47,0.5083737351897789,0.9,0.42857142857142855,10,10,0.6666666666666666,2.4406260470859706,41
image,1,2026-10-05T14:25:51,nodeGcor3,3.11.9,unknown,13156900,53,0,0,0.9996212720870972,kernel_shap,attribution,5,41,0.0007608432385065863,0.48,0.4052963457715769,1.0,0.25,10,10,0.42857142857142855,0.22437199670821428,41
image,1,2026-10-05T14:25:51,nodeGcor3,3.11.9,unknown,13156900,53,0,0,0.9996212720870972,random,attribution,5,41,0.00023516972826567216,0.53,0.3338170865153456,0.09007936507936506,0.0,10,10,0.0,2.7785077691078186e-05,41
image,1,2026-10-05T14:25:51,nodeGcor3,3.11.9,unknown,13156900,54,0,0,0.9999672174453735,cam,attribution,5,44,0.07380149309761547,0.62,0.4811659345528322,1.0,1.0,10,10,1.0,0.0032036183401942253,44
image,1,2026-10-05T14:25:51,nodeGcor3,3.11.9,unknown,13156900,54,0,0,0.9999672174453735,grad_cam,attribution,5,44,0.07380149309761547,0.48,0.481308439236419,1.0,0.6666666666666666,10,10,1.0,0.005151669029146433,44
image,1,2026-10-05T14:25:51,nodeGcor3,3.11.9,unknown,13156900,54,0,0,0.9999672174453735,lime,attribution,5,44,0.11455512078502368,0.51,0.5990499494421873,0.8333333333333334,0.6666666666666666,10,10,0.6666666666666666,2.472745532169938,44
image,1,2026-10-05T14:25:51,nodeGcor3,3.11.9,unknown,13156900,54,0,0,0.9999672174453735,kernel_shap,attribution,5,44,0.05366095981168129,0.46,0.46649290001316557,1.0,0.6666666666666666,10,10,0.25,0.22433421993628144,44
image,1,2026-10-05T14:25:51,nodeGcor3,3.11.9,unknown,13156900,54,0,0,0.9999672174453735,random,attribution,5,44,7.748857848156482e-05,0.51,0.33856089366284947,0.09444444444444444,0.0,10,10,0.0,2.887565642595291e-05,44
image,1,2026-10-05T14:25:51,nodeGcor3,3.11.9,unknown,13156900,55,0,0,0.9956910014152527,cam,attribution,5,48,0.01781951392237448,0.51,0.37050198876587803,0.8,0.25,10,10,1.0,0.003163915127515793,48
image,1,2026-10-05T14:25:51,nodeGcor3,3.11.9,unknown,13156900,55,0,0,0.9956910014152527,grad_cam,attribution,5,48,0.01781951392237448,0.59,0.37510435816058796,0.8,0.25,10,10,1.0,0.00506034167483449,48
image,1,2026-10-05T14:25:51,nodeGcor3,3.11.9,unknown,13156900,55,0,0,0.9956910014152527,lime,attribution,5,48,0.01885010695934647,0.47,0.5075881316063026,0.9666666666666666,0.25,10,10,1.0,2.469352113083005,48
image,1,2026-10-05T14:25:51,nodeGcor3,3.11.9,unknown,13156900,55,0,0,0.9956910014152527,kernel_shap,attribution,5,48,0.011930179955695754,0.46,0.5488937068094486,0.6428571428571429,0.25,10,10,0.42857142857142855,0.2247090982273221,48
image,1,2026-10-05T14:25:51,nodeGcor3,3.11.9,unknown,13156900,55,0,0,0.9956910014152527,random,attribution,5,48,0.010794288757011772,0.44,0.31157842055887075,0.02222222222222222,0.0,10,10,0.1111111111111111,3.257114440202713e-05,48
image,1,2026-10-05T14:25:51,nodeGcor3,3.11.9,unknown,13156900,56,0,0,0.999974250793457,cam,attribution,5,48,0.011267238258207087,0.53,0.5287081057281011,1.0,0.6666666666666666,10,10,1.0,0.003261764068156481,48
image,1,2026-10-05T14:25:51,nodeGcor3,3.11.9,unknown,13156900,56,0,0,0.999974250793457,grad_cam,attribution,5,48,0.011267238258207087,0.62,0.5284423596219618,1.0,0.42857142857142855,10,10,1.0,0.005270123947411776,48
image,1,2026-10-05T14:25:51,nodeGcor3,3.11.9,unknown,13156900,56,0,0,0.999974250793457,lime,attribution,5,48,0.026332403913932958,0.58,0.6151969433898488,0.8,0.42857142857142855,10,10,1.0,2.473970278631896,48
image,1,2026-10-05T14:25:51,nodeGcor3,3.11.9,unknown,13156900,56,0,0,0.999974250793457,kernel_shap,attribution,5,48,0.04859555306852053,0.61,0.49981819151224993,0.7523809523809525,0.1111111111111111,10,10,0.42857142857142855,0.22604697197675705,48
image,1,2026-10-05T14:25:51,nodeGcor3,3.11.9,unknown,13156900,56,0,0,0.999974250793457,random,attribution,5,48,1.0133051737812413e-05,0.56,0.38941917409210836,0.05555555555555556,0.0,10,10,0.0,3.664800897240639e-05,48
image,1,2026-10-05T14:25:51,nodeGcor3,3.11.9,unknown,13156900,57,0,0,0.9999924898147583,cam,attribution,5,45,0.0009269187922339333,0.59,0.4278449120653931,0.9333333333333332,0.42857142857142855,10,10,1.0,0.0033688251860439777,45
image,1,2026-10-05T14:25:51,nodeGcor3,3.11.9,unknown,13156900,57,0,0,0.9999924898147583,grad_cam,attribution,5,45,0.0009269187922339333,0.57,0.4271856755078799,0.9666666666666666,0.42857142857142855,10,10,1.0,0.005082631018012762,45
image,1,2026-10-05T14:25:51,nodeGcor3,3.11.9,unknown,13156900,57,0,0,0.9999924898147583,lime,attribution,5,45,0.0031901837565394236,0.69,0.5098210343131249,1.0,0.6666666666666666,10,10,1.0,2.458581665996462,45
image,1,2026-10-05T14:25:51,nodeGcor3,3.11.9,unknown,13156900,57,0,0,0.9999924898147583,kernel_shap,attribution,5,45,0.0002892635135175409,0.62,0.3889855380019944,0.7333333333333334,0.25,10,10,0.42857142857142855,0.22420901525765657,45
image,1,2026-10-05T14:25:51,nodeGcor3,3.11.9,unknown,13156900,57,0,0,0.9999924898147583,random,attribution,5,45,1.192101848413521e-05,0.57,0.30622604829344224,0.09444444444444444,0.0,10,10,0.25,3.210967406630516e-05,45
image,1,2026-10-05T14:25:51,nodeGcor3,3.11.9,unknown,13156900,58,0,0,0.9999821186065674,cam,attribution,5,40,0.00027901433135863585,0.45,0.2788166338704918,0.6761904761904762,0.25,10,10,1.0,0.0033348719589412212,40
image,1,2026-10-05T14:25:51,nodeGcor3,3.11.9,unknown,13156900,58,0,0,0.9999821186065674,grad_cam,attribution,5,40,0.00027901433135863585,0.55,0.2788166340338579,0.7,0.25,10,10,1.0,0.005110651720315218,40
image,1,2026-10-05T14:25:51,nodeGcor3,3.11.9,unknown,13156900,58,0,0,0.9999821186065674,lime,attribution,5,40,7.629530957894765e-06,0.56,0.4022395111758572,0.7428571428571429,0.42857142857142855,10,10,0.6666666666666666,2.4633503649383783,40
image,1,2026-10-05T14:25:51,nodeGcor3,3.11.9,unknown,13156900,58,0,0,0.9999821186065674,kernel_shap,attribution,5,40,0.0,0.54,0.41563075329756405,1.0,0.1111111111111111,10,10,0.42857142857142855,0.22364081582054496,40
image,1,2026-10-05T14:25:51,nodeGcor3,3.11.9,unknown,13156900,58,0,0,0.9999821186065674,random,attribution,5,40,5.44796194962173e-05,0.58,0.2815443108982013,0.06944444444444445,0.0,10,10,0.0,3.102188929915428e-05,40
image,1,2026-10-05T14:25:51,nodeGcor3,3.11.9,unknown,13156900,59,0,0,0.9999921321868896,cam,attribution,5,38,0.00019520674748961143,0.63,0.22833791625967137,0.8,0.0,10,10,1.0,0.0032675121910870075,38
image,1,2026-10-05T14:25:51,nodeGcor3,3.11.9,unknown,13156900,59,0,0,0.9999921321868896,grad_cam,attribution,5,38,0.00019520674748961143,0.6,0.22833791841182638,0.8333333333333333,0.1111111111111111,10,10,1.0,0.005114882253110409,38
image,1,2026-10-05T14:25:51,nodeGcor3,3.11.9,unknown,13156900,59,0,0,0.9999921321868896,lime,attribution,5,38,0.005605860946991742,0.46,0.46815355312523677,1.0,0.1111111111111111,10,10,1.0,2.450295314658433,38
image,1,2026-10-05T14:25:51,nodeGcor3,3.11.9,unknown,13156900,59,0,0,0.9999921321868896,kernel_shap,attribution,5,38,0.008708545537472424,0.49,0.45084761848546473,1.0,0.0,10,10,0.42857142857142855,0.2229375122115016,38
image,1,2026-10-05T14:25:51,nodeGcor3,3.11.9,unknown,13156900,59,0,0,0.9999921321868896,random,attribution,5,38,9.524897175218292e-05,0.48,0.25727287936565313,0.04444444444444444,0.0,10,10,0.0,3.0806753784418106e-05,38
image,1,2026-10-05T14:25:51,nodeGcor3,3.11.9,unknown,13156900,60,0,0,0.9999603033065796,cam,attribution,5,45,0.0002550583999690044,0.51,0.35090904831788494,0.7,0.25,10,10,1.0,0.003153597004711628,45
image,1,2026-10-05T14:25:51,nodeGcor3,3.11.9,unknown,13156900,60,0,0,0.9999603033065796,grad_cam,attribution,5,45,0.0002550583999690044,0.54,0.3509090544358926,0.8,0.25,10,10,1.0,0.005122108850628138,45
image,1,2026-10-05T14:25:51,nodeGcor3,3.11.9,unknown,13156900,60,0,0,0.9999603033065796,lime,attribution,5,45,0.002427555129034277,0.61,0.444630253215478,0.8333333333333333,0.25,10,10,0.42857142857142855,2.4724647398106754,45
image,1,2026-10-05T14:25:51,nodeGcor3,3.11.9,unknown,13156900,60,0,0,0.9999603033065796,kernel_shap,attribution,5,45,0.00021857890925130614,0.69,0.42190133795377827,1.0,0.25,10,10,0.25,0.22525036102160811,45
image,1,2026-10-05T14:25:51,nodeGcor3,3.11.9,unknown,13156900,60,0,0,0.9999603033065796,random,attribution,5,45,0.0001325659924120275,0.52,0.29229858604958747,0.08333333333333334,0.0,10,10,0.0,3.1570903956890106e-05,45
image,1,2026-10-05T14:25:51,nodeGcor3,3.11.9,unknown,13156900,61,0,0,0.9999971389770508,cam,attribution,5,48,0.00010407000752451188,0.55,0.44956414382346377,1.0,1.0,10,10,1.0,0.0032448316924273968,48
image,1,2026-10-05T14:25:51,nodeGcor3,3.11.9,unknown,13156900,61,0,0,0.9999971389770508,grad_cam,attribution,5,48,0.00010407000752451188,0.5,0.44956414530470723,1.0,0.6666666666666666,10,10,1.0,0.005334378685802221,48
image,1,2026-10-05T14:25:51,nodeGcor3,3.11.9,unknown,13156900,61,0,0,0.9999971389770508,lime,attribution,5,48,0.005599097535412413,0.51,0.49869827227854724,0.8428571428571429,0.42857142857142855,10,10,0.6666666666666666,2.41096880659461,48
image,1,2026-10-05T14:25:51,nodeGcor3,3.11.9,unknown,13156900,61,0,0,0.9999971389770508,kernel_shap,attribution,5,48,0.0006338972107807468,0.53,0.42771035029312676,0.8333333333333334,0.1111111111111111,10,10,0.42857142857142855,0.22527790069580078,48
image,1,2026-10-05T14:25:51,nodeGcor3,3.11.9,unknown,13156900,61,0,0,0.9999971389770508,random,attribution,5,48,1.0848076385716588e-05,0.45,0.3120286558994526,0.03611111111111111,0.0,10,10,0.0,3.154296427965164e-05,48
image,1,2026-10-05T14:25:51,nodeGcor3,3.11.9,unknown,13156900,62,0,0,0.9977899789810181,cam,attribution,5,48,0.007776792524243449,0.52,0.4217465904992215,0.9666666666666666,0.0,10,10,1.0,0.0033546872437000275,48
image,1,2026-10-05T14:25:51,nodeGcor3,3.11.9,unknown,13156900,62,0,0,0.9977899789810181,grad_cam,attribution,5,48,0.007776792524243449,0.58,0.42155550964605604,0.9095238095238095,0.0,10,10,1.0,0.005099589936435223,48
image,1,2026-10-05T14:25:51,nodeGcor3,3.11.9,unknown,13156900,62,0,0,0.9977899789810181,lime,attribution,5,48,0.1614678015640442,0.4,0.4678545418773685,0.7428571428571429,0.1111111111111111,10,10,0.6666666666666666,2.4508206360042095,48
image,1,2026-10-05T14:25:51,nodeGcor3,3.11.9,unknown,13156900,62,0,0,0.9977899789810181,kernel_shap,attribution,5,48,0.07906259378626004,0.48,0.4478719915673145,0.8095238095238095,0.25,10,10,0.25,0.2257442711852491,48
image,1,2026-10-05T14:25:51,nodeGcor3,3.11.9,unknown,13156900,62,0,0,0.9977899789810181,random,attribution,5,48,0.025058971844528426,0.52,0.31820329706056216,0.09444444444444444,0.0,10,10,0.0,2.915225923061371e-05,48
image,1,2026-10-05T14:25:51,nodeGcor3,3.11.9,unknown,13156900,63,0,0,0.9727718830108643,cam,attribution,5,48,0.4258167142617662,0.52,0.4875636714543974,1.0,0.0,10,10,1.0,0.0032297582365572453,48
image,1,2026-10-05T14:25:51,nodeGcor3,3.11.9,unknown,13156900,63,0,0,0.9727718830108643,grad_cam,attribution,5,48,0.4258167142617662,0.5,0.6715303860937839,1.0,0.6666666666666666,10,10,1.0,0.0052312142215669155,48
image,1,2026-10-05T14:25:51,nodeGcor3,3.11.9,unknown,13156900,63,0,0,0.9727718830108643,lime,attribution,5,48,0.5164815800592708,0.49,0.46616509782104454,0.719047619047619,0.25,10,10,0.6666666666666666,2.4393344181589782,48
image,1,2026-10-05T14:25:51,nodeGcor3,3.11.9,unknown,13156900,63,0,0,0.9727718830108643,kernel_shap,attribution,5,48,0.6071794401424225,0.49,0.44803767883751444,0.7,0.1111111111111111,10,10,0.25,0.22484826296567917,48
image,1,2026-10-05T14:25:51,nodeGcor3,3.11.9,unknown,13156900,63,0,0,0.9727718830108643,random,attribution,5,48,0.012358611673984842,0.47,0.32141499334183543,0.02222222222222222,0.0,10,10,0.0,3.344099968671799e-05,48
image,1,2026-10-05T14:25:51,nodeGcor3,3.11.9,unknown,13156900,64,0,0,0.7155850529670715,cam,attribution,5,46,0.35721896943210485,0.51,0.47175246515490454,0.5357142857142857,0.0,10,10,1.0,0.003075507003813982,46
image,1,2026-10-05T14:25:51,nodeGcor3,3.11.9,unknown,13156900,64,0,0,0.7155850529670715,grad_cam,attribution,5,46,0.35721896943210485,0.49,0.6597740841936408,0.7,0.0,10,10,1.0,0.005364839918911457,46
image,1,2026-10-05T14:25:51,nodeGcor3,3.11.9,unknown,13156900,64,0,0,0.7155850529670715,lime,attribution,5,46,0.8479526002490917,0.47,0.49490793496553354,0.6666666666666667,0.25,10,10,0.6666666666666666,2.3755238777957857,46
image,1,2026-10-05T14:25:51,nodeGcor3,3.11.9,unknown,13156900,64,0,0,0.7155850529670715,kernel_shap,attribution,5,46,0.6196903867054202,0.46,0.43543633695004025,0.9333333333333332,0.25,10,10,0.25,0.2254761620424688,46
image,1,2026-10-05T14:25:51,nodeGcor3,3.11.9,unknown,13156900,64,0,0,0.7155850529670715,random,attribution,5,46,0.04955555755522161,0.49,0.3330994351053471,0.02222222222222222,0.0,10,10,0.0,3.063073381781578e-05,46
image,1,2026-10-05T14:25:51,nodeGcor3,3.11.9,unknown,13156900,65,0,0,0.8582015633583069,cam,attribution,5,40,0.2081002429378178,0.43,0.454854231371697,0.7,0.0,10,10,1.0,0.0032405960373580456,40
image,1,2026-10-05T14:25:51,nodeGcor3,3.11.9,unknown,13156900,65,0,0,0.8582015633583069,grad_cam,attribution,5,40,0.2081002429378178,0.53,0.4502175110559612,0.6761904761904762,0.25,10,10,1.0,0.005302804987877607,40
image,1,2026-10-05T14:25:51,nodeGcor3,3.11.9,unknown,13156900,65,0,0,0.8582015633583069,lime,attribution,5,40,0.39631737668839007,0.6,0.4680375497411109,0.8333333333333333,0.25,10,10,0.6666666666666666,2.4258577437140048,40
image,1,2026-10-05T14:25:51,nodeGcor3,3.11.9,unknown,13156900,65,0,0,0.8582015633583069,kernel_shap,attribution,5,40,0.340816818494119,0.59,0.4763372238297603,0.8,0.42857142857142855,10,10,0.6666666666666666,0.22425312921404839,40
image,1,2026-10-05T14:25:51,nodeGcor3,3.11.9,unknown,13156900,65,0,0,0.8582015633583069,random,attribution,5,40,0.13751475376581407,0.51,0.2895964571196419,0.06944444444444445,0.0,10,10,0.0,2.918113023042679e-05,40
image,1,2026-10-05T14:25:51,nodeGcor3,3.11.9,unknown,13156900,66,0,0,0.9985312223434448,cam,attribution,5,40,0.12867397667555924,0.54,0.515656212484319,1.0,0.6666666666666666,10,10,1.0,0.0031779599376022816,40
image,1,2026-10-05T14:25:51,nodeGcor3,3.11.9,unknown,13156900,66,0,0,0.9985312223434448,grad_cam,attribution,5,40,0.12867397667555924,0.58,0.5339926485958195,1.0,0.42857142857142855,10,10,1.0,0.00509011372923851,40
image,1,2026-10-05T14:25:51,nodeGcor3,3.11.9,unknown,13156900,66,0,0,0.9985312223434448,lime,attribution,5,40,0.7572820529595603,0.48,0.5789728733913793,0.7,0.25,10,10,0.6666666666666666,2.46930814627558,40
image,1,2026-10-05T14:25:51,nodeGcor3,3.11.9,unknown,13156900,66,0,0,0.9985312223434448,kernel_shap,attribution,5,40,0.7572820529595603,0.6,0.5662612690559133,1.0,0.42857142857142855,10,10,0.6666666666666666,0.22414134116843343,40
image,1,2026-10-05T14:25:51,nodeGcor3,3.11.9,unknown,13156900,66,0,0,0.9985312223434448,random,attribution,5,40,0.10966063924812429,0.49,0.3401402758547275,0.05833333333333333,0.0,10,10,0.25,2.823770046234131e-05,40
image,1,2026-10-05T14:25:51,nodeGcor3,3.11.9,unknown,13156900,67,0,0,0.9979491829872131,cam,attribution,5,42,0.027260718317935778,0.47,0.4936311536347435,1.0,0.6666666666666666,10,10,1.0,0.0032700677402317524,42
image,1,2026-10-05T14:25:51,nodeGcor3,3.11.9,unknown,13156900,67,0,0,0.9979491829872131,grad_cam,attribution,5,42,0.027260718317935778,0.5,0.5005406027761071,1.0,0.6666666666666666,10,10,1.0,0.005228498950600624,42
image,1,2026-10-05T14:25:51,nodeGcor3,3.11.9,unknown,13156900,67,0,0,0.9979491829872131,lime,attribution,5,42,0.09689604653556043,0.48,0.5224437106847943,0.7,0.42857142857142855,10,10,1.0,2.479915843345225,42
image,1,2026-10-05T14:25:51,nodeGcor3,3.11.9,unknown,13156900,67,0,0,0.9979491829872131,kernel_shap,attribution,5,42,0.033835779886158886,0.45,0.5513337794400996,0.8999999999999998,0.25,10,10,0.42857142857142855,0.22490618703886867,42
image,1,2026-10-05T14:25:51,nodeGcor3,3.11.9,unknown,13156900,67,0,0,0.9979491829872131,random,attribution,5,42,0.00045105931746578485,0.4,0.27444460034704243,0.08055555555555556,0.0,10,10,0.0,3.057485446333885e-05,42
image,1,2026-10-05T14:25:51,nodeGcor3,3.11.9,unknown,13156900,69,0,0,0.9995403289794922,cam,attribution,5,42,0.021241905092664097,0.65,0.4301231742345345,1.0,0.42857142857142855,10,10,1.0,0.0031956871971488,42
image,1,2026-10-05T14:25:51,nodeGcor3,3.11.9,unknown,13156900,69,0,0,0.9995403289794922,grad_cam,attribution,5,42,0.021241905092664097,0.61,0.4305997067585028,1.0,0.6666666666666666,10,10,1.0,0.005307269748300314,42
image,1,2026-10-05T14:25:51,nodeGcor3,3.11.9,unknown,13156900,69,0,0,0.9995403289794922,lime,attribution,5,42,0.005378397225342637,0.64,0.5896982681653775,0.9666666666666666,0.42857142857142855,10,10,0.6666666666666666,2.4580605449154973,42
image,1,2026-10-05T14:25:51,nodeGcor3,3.11.9,unknown,13156900,69,0,0,0.9995403289794922,kernel_shap,attribution,5,42,0.002098334034407955,0.59,0.5554328337352232,0.8333333333333333,0.6666666666666666,10,10,0.6666666666666666,0.22449606796726584,42
image,1,2026-10-05T14:25:51,nodeGcor3,3.11.9,unknown,13156900,69,0,0,0.9995403289794922,random,attribution,5,42,0.0,0.47,0.40056750359349136,0.05833333333333333,0.0,10,10,0.1111111111111111,3.115413710474968e-05,42
image,1,2026-10-05T14:25:51,nodeGcor3,3.11.9,unknown,13156900,70,1,1,0.9999402761459351,cam,attribution,5,40,0.004121311280363972,0.9,0.4582530960685136,1.0,1.0,10,10,1.0,0.003125800285488367,40
image,1,2026-10-05T14:25:51,nodeGcor3,3.11.9,unknown,13156900,70,1,1,0.9999402761459351,grad_cam,attribution,5,40,0.004121311280363972,0.91,0.45685664679394156,1.0,1.0,10,10,1.0,0.005268245004117489,40
image,1,2026-10-05T14:25:51,nodeGcor3,3.11.9,unknown,13156900,70,1,1,0.9999402761459351,lime,attribution,5,40,0.08343265053724279,0.7,0.5539781542524251,0.8333333333333333,0.42857142857142855,10,10,0.42857142857142855,2.470742241013795,40
image,1,2026-10-05T14:25:51,nodeGcor3,3.11.9,unknown,13156900,70,1,1,0.9999402761459351,kernel_shap,attribution,5,40,0.026826612965237567,0.68,0.4750656044497873,0.8666666666666666,0.42857142857142855,10,10,0.42857142857142855,0.22426876472309232,40
image,1,2026-10-05T14:25:51,nodeGcor3,3.11.9,unknown,13156900,70,1,1,0.9999402761459351,random,attribution,5,40,1.0371827636438114e-05,0.6,0.31931851498016806,0.07777777777777777,0.0,10,10,0.0,2.9691960662603378e-05,40
image,1,2026-10-05T14:25:51,nodeGcor3,3.11.9,unknown,13156900,71,1,1,0.9999706745147705,cam,attribution,5,42,0.0006924474647136116,0.93,0.3358186871813499,1.0,1.0,10,10,1.0,0.003273008856922388,42
image,1,2026-10-05T14:25:51,nodeGcor3,3.11.9,unknown,13156900,71,1,1,0.9999706745147705,grad_cam,attribution,5,42,0.0006924474647136116,0.98,0.33581869095792516,1.0,1.0,10,10,1.0,0.005353895016014576,42
image,1,2026-10-05T14:25:51,nodeGcor3,3.11.9,unknown,13156900,71,1,1,0.9999706745147705,lime,attribution,5,42,0.002896989901008087,0.98,0.5434550863941745,1.0,0.42857142857142855,10,10,0.6666666666666666,2.472401107195765,42
image,1,2026-10-05T14:25:51,nodeGcor3,3.11.9,unknown,13156900,71,1,1,0.9999706745147705,kernel_shap,attribution,5,42,0.0017364534339362084,0.98,0.40059193735683307,0.8999999999999998,0.42857142857142855,10,10,0.25,0.22481956239789724,42
image,1,2026-10-05T14:25:51,nodeGcor3,3.11.9,unknown,13156900,71,1,1,0.9999706745147705,random,attribution,5,42,2.6226812815183703e-06,0.45,0.3377052679004161,0.06944444444444445,0.0,10,10,0.0,3.0815135687589645e-05,42
image,1,2026-10-05T14:25:51,nodeGcor3,3.11.9,unknown,13156900,72,1,1,0.9999115467071533,cam,attribution,5,41,0.006024118649487247,0.69,0.43849779828483204,0.9666666666666666,0.42857142857142855,10,10,1.0,0.0032095201313495636,41
image,1,2026-10-05T14:25:51,nodeGcor3,3.11.9,unknown,13156900,72,1,1,0.9999115467071533,grad_cam,attribution,5,41,0.006024118649487247,0.63,0.437332326571084,1.0,0.42857142857142855,10,10,1.0,0.0053045921958982944,41
image,1,2026-10-05T14:25:51,nodeGcor3,3.11.9,unknown,13156900,72,1,1,0.9999115467071533,lime,attribution,5,41,0.0217182177206932,0.82,0.5455604292122168,0.9666666666666666,0.42857142857142855,10,10,1.0,2.3158247843384743,41
image,1,2026-10-05T14:25:51,nodeGcor3,3.11.9,unknown,13156900,72,1,1,0.9999115467071533,kernel_shap,attribution,5,41,0.005871398040931984,0.8,0.38139104639606425,1.0,0.6666666666666666,10,10,0.42857142857142855,0.2245041560381651,41
image,1,2026-10-05T14:25:51,nodeGcor3,3.11.9,unknown,13156900,72,1,1,0.9999115467071533,random,attribution,5,41,0.0,0.53,0.3866414059063096,0.04444444444444444,0.0,10,10,0.0,3.532879054546356e-05,41
image,1,2026-10-05T14:25:51,nodeGcor3,3.11.9,unknown,13156900,73,1,1,0.9999536275863647,cam,attribution,5,40,0.0020526409780957052,0.94,0.35306690890253556,1.0,0.6666666666666666,10,10,1.0,0.0031774151138961315,40
image,1,2026-10-05T14:25:51,nodeGcor3,3.11.9,unknown,13156900,73,1,1,0.9999536275863647,grad_cam,attribution,5,40,0.0020526409780957052,0.92,0.35306690666918217,1.0,0.6666666666666666,10,10,1.0,0.005383369978517294,40
image,1,2026-10-05T14:25:51,nodeGcor3,3.11.9,unknown,13156900,73,1,1,0.9999536275863647,lime,attribution,5,40,0.004037865968671773,0.97,0.6005023202826156,1.0,0.6666666666666666,10,10,1.0,2.4736674926243722,40
image,1,2026-10-05T14:25:51,nodeGcor3,3.11.9,unknown,13156900,73,1,1,0.9999536275863647,kernel_shap,attribution,5,40,0.0002550005257374093,0.88,0.4995327487455218,1.0,0.6666666666666666,10,10,0.1111111111111111,0.22399744857102633,40
image,1,2026-10-05T14:25:51,nodeGcor3,3.11.9,unknown,13156900,73,1,1,0.9999536275863647,random,attribution,5,40,1.716693581401914e-05,0.56,0.3641293414497814,0.10833333333333335,0.0,10,10,0.1111111111111111,2.9389280825853348e-05,40
image,1,2026-10-05T14:25:51,nodeGcor3,3.11.9,unknown,13156900,74,1,1,0.9999572038650513,cam,attribution,5,39,0.0090947467105471,0.83,0.35477099431277925,0.7666666666666667,0.42857142857142855,10,10,1.0,0.003184136003255844,39
image,1,2026-10-05T14:25:51,nodeGcor3,3.11.9,unknown,13156900,74,1,1,0.9999572038650513,grad_cam,attribution,5,39,0.0090947467105471,0.77,0.35477099711342364,0.8333333333333333,0.42857142857142855,10,10,1.0,0.005141824018210173,39
image,1,2026-10-05T14:25:51,nodeGcor3,3.11.9,unknown,13156900,74,1,1,0.9999572038650513,lime,attribution,5,39,0.1502849998849581,0.92,0.5454541542453278,0.9666666666666666,0.42857142857142855,10,10,1.0,2.4483568761497736,39
image,1,2026-10-05T14:25:51,nodeGcor3,3.11.9,unknown,13156900,74,1,1,0.9999572038650513,kernel_shap,attribution,5,39,0.09401127696614633,0.86,0.4978550554661437,1.0,0.25,10,10,0.42857142857142855,0.2240084777586162,39
image,1,2026-10-05T14:25:51,nodeGcor3,3.11.9,unknown,13156900,74,1,1,0.9999572038650513,random,attribution,5,39,0.0,0.46,0.3388057958949823,0.09444444444444444,0.0,10,10,0.1111111111111111,3.1789764761924744e-05,39
image,1,2026-10-05T14:25:51,nodeGcor3,3.11.9,unknown,13156900,75,1,1,0.998815655708313,cam,attribution,5,43,0.014748746759333633,0.81,0.5957390725608565,1.0,1.0,10,10,1.0,0.003205582033842802,43
image,1,2026-10-05T14:25:51,nodeGcor3,3.11.9,unknown,13156900,75,1,1,0.998815655708313,grad_cam,attribution,5,43,0.014748746759333633,0.8,0.5979770075832879,1.0,1.0,10,10,1.0,0.005103215109556913,43
image,1,2026-10-05T14:25:51,nodeGcor3,3.11.9,unknown,13156900,75,1,1,0.998815655708313,lime,attribution,5,43,0.08421907370112565,0.89,0.6023438349689421,0.8666666666666666,0.6666666666666666,10,10,0.6666666666666666,2.440376679878682,43
image,1,2026-10-05T14:25:51,nodeGcor3,3.11.9,unknown,13156900,75,1,1,0.998815655708313,kernel_shap,attribution,5,43,0.05916816471524505,0.85,0.5241968174072489,0.8666666666666666,0.6666666666666666,10,10,0.6666666666666666,0.22507104696705937,43
image,1,2026-10-05T14:25:51,nodeGcor3,3.11.9,unknown,13156900,75,1,1,0.998815655708313,random,attribution,5,43,0.0,0.49,0.2991107103507116,0.03333333333333333,0.0,10,10,0.0,3.303214907646179e-05,43
image,1,2026-10-05T14:25:51,nodeGcor3,3.11.9,unknown,13156900,76,1,1,0.9432728886604309,cam,attribution,5,44,0.05574393766203568,0.65,0.38662938050098794,0.9333333333333332,0.42857142857142855,10,10,1.0,0.003334463108330965,44
image,1,2026-10-05T14:25:51,nodeGcor3,3.11.9,unknown,13156900,76,1,1,0.9432728886604309,grad_cam,attribution,5,44,0.05574393766203568,0.76,0.4171852407205693,0.9666666666666666,0.42857142857142855,10,10,1.0,0.005137532949447632,44
image,1,2026-10-05T14:25:51,nodeGcor3,3.11.9,unknown,13156900,76,1,1,0.9432728886604309,lime,attribution,5,44,0.0,0.58,0.4817279982741385,0.7333333333333333,0.1111111111111111,10,10,0.6666666666666666,2.442388828843832,44
image,1,2026-10-05T14:25:51,nodeGcor3,3.11.9,unknown,13156900,76,1,1,0.9432728886604309,kernel_shap,attribution,5,44,0.018037481383471114,0.56,0.42634486943774996,0.6761904761904762,0.25,10,10,0.6666666666666666,0.2253440571948886,44
image,1,2026-10-05T14:25:51,nodeGcor3,3.11.9,unknown,13156900,76,1,1,0.9432728886604309,random,attribution,5,44,0.010113490530450228,0.45,0.2606753217770029,0.11944444444444444,0.0,10,10,0.1111111111111111,3.299303352832794e-05,44
image,1,2026-10-05T14:25:51,nodeGcor3,3.11.9,unknown,13156900,77,1,1,0.9998501539230347,cam,attribution,5,46,8.17302149391387e-05,0.85,0.22995395794335394,1.0,0.6666666666666666,10,10,1.0,0.003424139227718115,46
image,1,2026-10-05T14:25:51,nodeGcor3,3.11.9,unknown,13156900,77,1,1,0.9998501539230347,grad_cam,attribution,5,46,8.17302149391387e-05,0.78,0.2299539586352699,1.0,0.6666666666666666,10,10,1.0,0.005117547232657671,46
image,1,2026-10-05T14:25:51,nodeGcor3,3.11.9,unknown,13156900,77,1,1,0.9998501539230347,lime,attribution,5,46,0.004587264799100455,0.83,0.5801539420266721,0.8666666666666666,0.42857142857142855,10,10,0.6666666666666666,2.4342496399767697,46
image,1,2026-10-05T14:25:51,nodeGcor3,3.11.9,unknown,13156900,77,1,1,0.9998501539230347,kernel_shap,attribution,5,46,0.00010915246065176001,0.73,0.46422934547677175,1.0,0.42857142857142855,10,10,0.1111111111111111,0.22536162286996841,46
image,1,2026-10-05T14:25:51,nodeGcor3,3.11.9,unknown,13156900,77,1,1,0.9998501539230347,random,attribution,5,46,7.815340028097072e-05,0.64,0.33953314188515815,0.03333333333333333,0.0,10,10,0.0,2.9958784580230713e-05,46
image,1,2026-10-05T14:25:51,nodeGcor3,3.11.9,unknown,13156900,78,1,1,0.9999603033065796,cam,attribution,5,45,0.000844690952549839,0.99,0.4210295065560996,0.7666666666666667,0.6666666666666666,10,10,1.0,0.0032769199460744858,45
image,1,2026-10-05T14:25:51,nodeGcor3,3.11.9,unknown,13156900,78,1,1,0.9999603033065796,grad_cam,attribution,5,45,0.000844690952549839,1.0,0.42102950553167817,0.8,0.6666666666666666,10,10,1.0,0.005387328565120697,45
image,1,2026-10-05T14:25:51,nodeGcor3,3.11.9,unknown,13156900,78,1,1,0.9999603033065796,lime,attribution,5,45,0.028957026325436397,1.0,0.670200541059297,1.0,0.25,10,10,1.0,2.4038695860654116,45
image,1,2026-10-05T14:25:51,nodeGcor3,3.11.9,unknown,13156900,78,1,1,0.9999603033065796,kernel_shap,attribution,5,45,0.006682482393579133,0.98,0.39680299569252053,0.6666666666666667,0.6666666666666666,10,10,0.42857142857142855,0.2250112066976726,45
image,1,2026-10-05T14:25:51,nodeGcor3,3.11.9,unknown,13156900,78,1,1,0.9999603033065796,random,attribution,5,45,0.0,0.58,0.33933205841485437,0.04722222222222222,0.0,10,10,0.1111111111111111,3.0118972063064575e-05,45
image,1,2026-10-05T14:25:51,nodeGcor3,3.11.9,unknown,13156900,79,1,1,0.9999599456787109,cam,attribution,5,41,0.13924429250744372,0.85,0.5913275460182731,1.0,1.0,10,10,1.0,0.0033287210389971733,41
image,1,2026-10-05T14:25:51,nodeGcor3,3.11.9,unknown,13156900,79,1,1,0.9999599456787109,grad_cam,attribution,5,41,0.13924429250744372,0.88,0.6015637543974709,1.0,1.0,10,10,1.0,0.005283018108457327,41
image,1,2026-10-05T14:25:51,nodeGcor3,3.11.9,unknown,13156900,79,1,1,0.9999599456787109,lime,attribution,5,41,0.5386259529972324,0.97,0.552322051311918,1.0,0.6666666666666666,10,10,1.0,2.427951612044126,41
image,1,2026-10-05T14:25:51,nodeGcor3,3.11.9,unknown,13156900,79,1,1,0.9999599456787109,kernel_shap,attribution,5,41,0.49791345583452706,0.94,0.5017370304105409,0.8333333333333333,0.42857142857142855,10,10,0.6666666666666666,0.22420893423259258,41
image,1,2026-10-05T14:25:51,nodeGcor3,3.11.9,unknown,13156900,79,1,1,0.9999599456787109,random,attribution,5,41,0.0,0.54,0.3290433749684083,0.09444444444444444,0.0,10,10,0.0,3.572460263967514e-05,41
image,1,2026-10-05T14:25:51,nodeGcor3,3.11.9,unknown,13156900,80,1,1,0.999743640422821,cam,attribution,5,44,0.0,0.57,0.4190213253604126,1.0,0.6666666666666666,10,10,1.0,0.0033373539336025715,44
image,1,2026-10-05T14:25:51,nodeGcor3,3.11.9,unknown,13156900,80,1,1,0.999743640422821,grad_cam,attribution,5,44,0.0,0.65,0.4190213317541389,1.0,0.6666666666666666,10,10,1.0,0.005183576140552759,44
image,1,2026-10-05T14:25:51,nodeGcor3,3.11.9,unknown,13156900,80,1,1,0.999743640422821,lime,attribution,5,44,0.030689119929362307,0.88,0.5744228036315051,1.0,0.25,10,10,1.0,2.450764067005366,44
image,1,2026-10-05T14:25:51,nodeGcor3,3.11.9,unknown,13156900,80,1,1,0.999743640422821,kernel_shap,attribution,5,44,0.0010702373439560149,0.69,0.36637494663105286,1.0,0.1111111111111111,10,10,0.25,0.22559530194848776,44
image,1,2026-10-05T14:25:51,nodeGcor3,3.11.9,unknown,13156900,80,1,1,0.999743640422821,random,attribution,5,44,0.0,0.48,0.3667205710160958,0.05555555555555556,0.0,10,10,0.1111111111111111,3.209803253412247e-05,44
image,1,2026-10-05T14:25:51,nodeGcor3,3.11.9,unknown,13156900,81,1,1,0.9996470212936401,cam,attribution,5,47,0.32179348052923745,0.51,0.505031550684573,1.0,0.42857142857142855,10,10,1.0,0.0033073429949581623,47
image,1,2026-10-05T14:25:51,nodeGcor3,3.11.9,unknown,13156900,81,1,1,0.9996470212936401,grad_cam,attribution,5,47,0.32179348052923745,0.57,0.5194712509614424,1.0,0.42857142857142855,10,10,1.0,0.005129821132868528,47
image,1,2026-10-05T14:25:51,nodeGcor3,3.11.9,unknown,13156900,81,1,1,0.9996470212936401,lime,attribution,5,47,0.5279494135815351,0.5,0.6431073513703879,1.0,0.42857142857142855,10,10,0.6666666666666666,2.4484269181266427,47
image,1,2026-10-05T14:25:51,nodeGcor3,3.11.9,unknown,13156900,81,1,1,0.9996470212936401,kernel_shap,attribution,5,47,0.5279494135815351,0.54,0.5671401481080491,1.0,0.42857142857142855,10,10,1.0,0.22667418094351888,47
image,1,2026-10-05T14:25:51,nodeGcor3,3.11.9,unknown,13156900,81,1,1,0.9996470212936401,random,attribution,5,47,0.0001205631048278905,0.51,0.37503064592903324,0.05833333333333333,0.0,10,10,0.1111111111111111,4.084082320332527e-05,47
image,1,2026-10-05T14:25:51,nodeGcor3,3.11.9,unknown,13156900,82,1,1,0.9986101388931274,cam,attribution,5,46,0.0,0.55,0.5570698156108456,1.0,0.42857142857142855,10,10,1.0,0.003222087398171425,46
image,1,2026-10-05T14:25:51,nodeGcor3,3.11.9,unknown,13156900,82,1,1,0.9986101388931274,grad_cam,attribution,5,46,0.0,0.52,0.5880852411607953,1.0,0.6666666666666666,10,10,1.0,0.005388776771724224,46
image,1,2026-10-05T14:25:51,nodeGcor3,3.11.9,unknown,13156900,82,1,1,0.9986101388931274,lime,attribution,5,46,0.07935861889655835,0.69,0.5480971425816485,0.9,0.42857142857142855,10,10,0.6666666666666666,2.437016809359193,46
image,1,2026-10-05T14:25:51,nodeGcor3,3.11.9,unknown,13156900,82,1,1,0.9986101388931274,kernel_shap,attribution,5,46,0.0565721143986227,0.56,0.4836514882461421,0.7333333333333333,0.42857142857142855,10,10,1.0,0.22624313412234187,46
image,1,2026-10-05T14:25:51,nodeGcor3,3.11.9,unknown,13156900,82,1,1,0.9986101388931274,random,attribution,5,46,0.0024843158981176215,0.55,0.3116205309628879,0.08333333333333333,0.0,10,10,0.1111111111111111,3.304099664092064e-05,46
image,1,2026-10-05T14:25:51,nodeGcor3,3.11.9,unknown,13156900,83,1,1,0.9999608993530273,cam,attribution,5,45,0.0025079637909039506,0.95,0.4818665499144561,1.0,0.6666666666666666,10,10,1.0,0.00314682861790061,45
image,1,2026-10-05T14:25:51,nodeGcor3,3.11.9,unknown,13156900,83,1,1,0.9999608993530273,grad_cam,attribution,5,45,0.0025079637909039506,0.94,0.4807067539310421,1.0,0.6666666666666666,10,10,1.0,0.005271201021969318,45
image,1,2026-10-05T14:25:51,nodeGcor3,3.11.9,unknown,13156900,83,1,1,0.9999608993530273,lime,attribution,5,45,0.16139979368831198,0.89,0.621607248632166,1.0,0.42857142857142855,10,10,0.6666666666666666,2.46480683516711,45
image,1,2026-10-05T14:25:51,nodeGcor3,3.11.9,unknown,13156900,83,1,1,0.9999608993530273,kernel_shap,attribution,5,45,0.14338829216338655,0.92,0.5011982837384577,1.0,0.42857142857142855,10,10,0.6666666666666666,0.22481471486389637,45
image,1,2026-10-05T14:25:51,nodeGcor3,3.11.9,unknown,13156900,83,1,1,0.9999608993530273,random,attribution,5,45,0.00036080106539136333,0.9,0.334693196406195,0.05833333333333333,0.0,10,10,0.0,3.035925328731537e-05,45
image,1,2026-10-05T14:25:51,nodeGcor3,3.11.9,unknown,13156900,84,1,1,0.9601771831512451,cam,attribution,5,44,0.00675462475862262,0.58,0.4204473781939273,0.9666666666666666,0.6666666666666666,10,10,1.0,0.003293978050351143,44
image,1,2026-10-05T14:25:51,nodeGcor3,3.11.9,unknown,13156900,84,1,1,0.9601771831512451,grad_cam,attribution,5,44,0.12247553573875057,0.47,0.56685854106799,0.9666666666666666,0.6666666666666666,10,10,1.0,0.0053594717755913734,44
image,1,2026-10-05T14:25:51,nodeGcor3,3.11.9,unknown,13156900,84,1,1,0.9601771831512451,lime,attribution,5,44,0.050395145951877794,0.52,0.5548696123839088,0.9666666666666666,0.42857142857142855,10,10,1.0,2.3787880279123783,44
image,1,2026-10-05T14:25:51,nodeGcor3,3.11.9,unknown,13156900,84,1,1,0.9601771831512451,kernel_shap,attribution,5,44,0.035850457545422584,0.62,0.5312529470907047,1.0,0.6666666666666666,10,10,0.6666666666666666,0.22472951607778668,44
image,1,2026-10-05T14:25:51,nodeGcor3,3.11.9,unknown,13156900,84,1,1,0.9601771831512451,random,attribution,5,44,0.0,0.47,0.3907000354955833,0.09166666666666667,0.0,10,10,0.0,3.2427720725536346e-05,44
image,1,2026-10-05T14:25:51,nodeGcor3,3.11.9,unknown,13156900,85,1,1,0.9999909400939941,cam,attribution,5,45,0.0017597240804140797,0.91,0.4324658549524002,1.0,1.0,10,10,1.0,0.0032312460243701935,45
image,1,2026-10-05T14:25:51,nodeGcor3,3.11.9,unknown,13156900,85,1,1,0.9999909400939941,grad_cam,attribution,5,45,0.0017597240804140797,0.93,0.4325191367950264,1.0,1.0,10,10,1.0,0.0053413729183375835,45
image,1,2026-10-05T14:25:51,nodeGcor3,3.11.9,unknown,13156900,85,1,1,0.9999909400939941,lime,attribution,5,45,0.009293879941553533,1.0,0.5727296697499094,0.8,0.42857142857142855,10,10,1.0,2.3103944859467447,45
image,1,2026-10-05T14:25:51,nodeGcor3,3.11.9,unknown,13156900,85,1,1,0.9999909400939941,kernel_shap,attribution,5,45,0.009170079957980724,0.98,0.5273745698651328,1.0,0.42857142857142855,10,10,0.6666666666666666,0.22565605398267508,45
image,1,2026-10-05T14:25:51,nodeGcor3,3.11.9,unknown,13156900,85,1,1,0.9999909400939941,random,attribution,5,45,0.0,0.51,0.3270677642297348,0.10555555555555556,0.0,10,10,0.1111111111111111,3.846362233161926e-05,45
image,1,2026-10-05T14:25:51,nodeGcor3,3.11.9,unknown,13156900,86,1,1,0.9953328967094421,cam,attribution,5,47,0.042975627087449494,0.62,0.6119280438509569,1.0,0.6666666666666666,10,10,1.0,0.0033383541740477085,47
image,1,2026-10-05T14:25:51,nodeGcor3,3.11.9,unknown,13156900,86,1,1,0.9953328967094421,grad_cam,attribution,5,47,0.042975627087449494,0.56,0.6518734616223446,1.0,0.6666666666666666,10,10,1.0,0.0052515617571771145,47
image,1,2026-10-05T14:25:51,nodeGcor3,3.11.9,unknown,13156900,86,1,1,0.9953328967094421,lime,attribution,5,47,0.27057106192638836,0.9,0.6114139563631185,0.9666666666666666,0.6666666666666666,10,10,0.6666666666666666,2.4344967207871377,47
image,1,2026-10-05T14:25:51,nodeGcor3,3.11.9,unknown,13156900,86,1,1,0.9953328967094421,kernel_shap,attribution,5,47,0.3374681348905051,0.96,0.5554880804833735,0.7666666666666667,0.42857142857142855,10,10,0.6666666666666666,0.22713913535699248,47
image,1,2026-10-05T14:25:51,nodeGcor3,3.11.9,unknown,13156900,86,1,1,0.9953328967094421,random,attribution,5,47,0.0,0.44,0.33844343579105796,0.061111111111111116,0.0,10,10,0.0,3.2668933272361755e-05,47
image,1,2026-10-05T14:25:51,nodeGcor3,3.11.9,unknown,13156900,87,1,1,0.9768750667572021,cam,attribution,5,43,0.653639948672358,0.73,0.5925439868190667,0.9333333333333332,1.0,10,10,1.0,0.0032742833718657494,43
image,1,2026-10-05T14:25:51,nodeGcor3,3.11.9,unknown,13156900,87,1,1,0.9768750667572021,grad_cam,attribution,5,43,0.653639948672358,0.73,0.6772434865698348,0.9666666666666666,1.0,10,10,1.0,0.005400945898145437,43
image,1,2026-10-05T14:25:51,nodeGcor3,3.11.9,unknown,13156900,87,1,1,0.9768750667572021,lime,attribution,5,43,0.5804304212076152,0.82,0.6162463586406084,0.9666666666666666,0.25,10,10,0.6666666666666666,2.4224243671633303,43
image,1,2026-10-05T14:25:51,nodeGcor3,3.11.9,unknown,13156900,87,1,1,0.9768750667572021,kernel_shap,attribution,5,43,0.3362877032710694,0.79,0.6476047195909073,1.0,0.25,10,10,0.42857142857142855,0.225230997428298,43
image,1,2026-10-05T14:25:51,nodeGcor3,3.11.9,unknown,13156900,87,1,1,0.9768750667572021,random,attribution,5,43,0.0016574703624358785,0.55,0.40235606851320327,0.02222222222222222,0.0,10,10,0.0,2.95247882604599e-05,43
image,1,2026-10-05T14:25:51,nodeGcor3,3.11.9,unknown,13156900,88,1,1,0.9999189376831055,cam,attribution,5,41,0.003892856031566314,0.62,0.21221507782927274,0.7333333333333334,0.1111111111111111,10,10,1.0,0.0032055857591331005,41
image,1,2026-10-05T14:25:51,nodeGcor3,3.11.9,unknown,13156900,88,1,1,0.9999189376831055,grad_cam,attribution,5,41,0.003892856031566314,0.61,0.21221507837154407,0.7666666666666667,0.1111111111111111,10,10,1.0,0.005153504200279713,41
image,1,2026-10-05T14:25:51,nodeGcor3,3.11.9,unknown,13156900,88,1,1,0.9999189376831055,lime,attribution,5,41,0.6737870575680839,0.52,0.587106185771902,0.8333333333333333,0.42857142857142855,10,10,1.0,2.4507914767600596,41
image,1,2026-10-05T14:25:51,nodeGcor3,3.11.9,unknown,13156900,88,1,1,0.9999189376831055,kernel_shap,attribution,5,41,0.6737870575680839,0.63,0.5232574888343062,1.0,0.42857142857142855,10,10,1.0,0.22496928786858916,41
image,1,2026-10-05T14:25:51,nodeGcor3,3.11.9,unknown,13156900,88,1,1,0.9999189376831055,random,attribution,5,41,0.00011772870275845205,0.47,0.31472107483434786,0.03333333333333333,0.0,10,10,0.1111111111111111,3.063911572098732e-05,41
image,1,2026-10-05T14:25:51,nodeGcor3,3.11.9,unknown,13156900,89,1,1,0.9851593375205994,cam,attribution,5,47,0.7257001311041335,0.66,0.6029038734087246,1.0,0.6666666666666666,10,10,1.0,0.0034429188817739487,47
image,1,2026-10-05T14:25:51,nodeGcor3,3.11.9,unknown,13156900,89,1,1,0.9851593375205994,grad_cam,attribution,5,47,0.7257001311041335,0.56,0.6724454302460257,1.0,1.0,10,10,1.0,0.005418283864855766,47
image,1,2026-10-05T14:25:51,nodeGcor3,3.11.9,unknown,13156900,89,1,1,0.9851593375205994,lime,attribution,5,47,0.7836881778727757,0.64,0.6938816479053983,0.8666666666666666,0.42857142857142855,10,10,1.0,2.424368013627827,47
image,1,2026-10-05T14:25:51,nodeGcor3,3.11.9,unknown,13156900,89,1,1,0.9851593375205994,kernel_shap,attribution,5,47,0.9662004926705656,0.62,0.6663985788542139,0.9333333333333332,0.25,10,10,1.0,0.2262395452708006,47
image,1,2026-10-05T14:25:51,nodeGcor3,3.11.9,unknown,13156900,89,1,1,0.9851593375205994,random,attribution,5,47,0.01288080414407406,0.52,0.37283542020012395,0.09166666666666667,0.0,10,10,0.0,4.007294774055481e-05,47
image,1,2026-10-05T14:25:51,nodeGcor3,3.11.9,unknown,13156900,90,1,1,0.9572126865386963,cam,attribution,5,43,0.16172496500368722,0.47,0.5499212764484258,1.0,0.6666666666666666,10,10,1.0,0.003417633008211851,43
image,1,2026-10-05T14:25:51,nodeGcor3,3.11.9,unknown,13156900,90,1,1,0.9572126865386963,grad_cam,attribution,5,43,0.16172496500368722,0.59,0.5431511203095678,1.0,0.42857142857142855,10,10,1.0,0.005202155094593763,43
image,1,2026-10-05T14:25:51,nodeGcor3,3.11.9,unknown,13156900,90,1,1,0.9572126865386963,lime,attribution,5,43,0.20766429991278088,0.46,0.6133724773786526,0.6190476190476191,0.25,10,10,1.0,2.4385221572592854,43
image,1,2026-10-05T14:25:51,nodeGcor3,3.11.9,unknown,13156900,90,1,1,0.9572126865386963,kernel_shap,attribution,5,43,0.0508564094794941,0.52,0.516022212818144,0.6666666666666667,0.42857142857142855,10,10,0.42857142857142855,0.22444595396518707,43
image,1,2026-10-05T14:25:51,nodeGcor3,3.11.9,unknown,13156900,90,1,1,0.9572126865386963,random,attribution,5,43,0.0,0.43,0.2710557132759768,0.14285714285714285,0.0,10,10,0.0,2.730218693614006e-05,43
image,1,2026-10-05T14:25:51,nodeGcor3,3.11.9,unknown,13156900,92,1,1,0.9989400506019592,cam,attribution,5,47,0.004496750636283383,0.5,0.48009246790837,1.0,1.0,10,10,1.0,0.0032031890004873276,47
image,1,2026-10-05T14:25:51,nodeGcor3,3.11.9,unknown,13156900,92,1,1,0.9989400506019592,grad_cam,attribution,5,47,0.004496750636283383,0.56,0.48645086951996197,1.0,1.0,10,10,1.0,0.005247605033218861,47
image,1,2026-10-05T14:25:51,nodeGcor3,3.11.9,unknown,13156900,92,1,1,0.9989400506019592,lime,attribution,5,47,0.11199536261216443,0.49,0.5018768795995798,1.0,0.6666666666666666,10,10,1.0,2.41499947803095,47
image,1,2026-10-05T14:25:51,nodeGcor3,3.11.9,unknown,13156900,92,1,1,0.9989400506019592,kernel_shap,attribution,5,47,0.0015619858306679193,0.57,0.4373368618723621,1.0,0.42857142857142855,10,10,0.6666666666666666,0.22643989138305187,47
image,1,2026-10-05T14:25:51,nodeGcor3,3.11.9,unknown,13156900,92,1,1,0.9989400506019592,random,attribution,5,47,0.0,0.51,0.3530860165747206,0.08333333333333333,0.0,10,10,0.0,3.9478763937950134e-05,47
image,1,2026-10-05T14:25:51,nodeGcor3,3.11.9,unknown,13156900,93,1,1,0.9976765513420105,cam,attribution,5,49,0.0,0.85,0.5527969228699463,0.6428571428571429,0.42857142857142855,10,10,1.0,0.0032213530503213406,49
image,1,2026-10-05T14:25:51,nodeGcor3,3.11.9,unknown,13156900,93,1,1,0.9976765513420105,grad_cam,attribution,5,49,0.0,0.87,0.5458358265631801,0.6666666666666667,0.42857142857142855,10,10,1.0,0.0054181646555662155,49
image,1,2026-10-05T14:25:51,nodeGcor3,3.11.9,unknown,13156900,93,1,1,0.9976765513420105,lime,attribution,5,49,0.014812012183599482,0.9,0.6092581521248267,1.0,0.42857142857142855,10,10,1.0,2.3299061497673392,49
image,1,2026-10-05T14:25:51,nodeGcor3,3.11.9,unknown,13156900,93,1,1,0.9976765513420105,kernel_shap,attribution,5,49,0.0027709605532577233,0.8,0.47327518537860647,1.0,0.42857142857142855,10,10,0.1111111111111111,0.22667945781722665,49
image,1,2026-10-05T14:25:51,nodeGcor3,3.11.9,unknown,13156900,93,1,1,0.9976765513420105,random,attribution,5,49,0.0,0.42,0.30796581902450837,0.10277777777777777,0.0,10,10,0.1111111111111111,3.073597326874733e-05,49
image,1,2026-10-05T14:25:51,nodeGcor3,3.11.9,unknown,13156900,94,1,1,0.9614730477333069,cam,attribution,5,42,0.0892362126873386,0.5,0.4531890692298539,1.0,0.1111111111111111,10,10,1.0,0.003352683037519455,42
image,1,2026-10-05T14:25:51,nodeGcor3,3.11.9,unknown,13156900,94,1,1,0.9614730477333069,grad_cam,attribution,5,42,0.0892362126873386,0.5,0.4723775813841684,1.0,0.25,10,10,1.0,0.005193223245441914,42
image,1,2026-10-05T14:25:51,nodeGcor3,3.11.9,unknown,13156900,94,1,1,0.9614730477333069,lime,attribution,5,42,0.07960974643288053,0.56,0.5665893890446938,1.0,0.42857142857142855,10,10,0.6666666666666666,2.4464341583661735,42
image,1,2026-10-05T14:25:51,nodeGcor3,3.11.9,unknown,13156900,94,1,1,0.9614730477333069,kernel_shap,attribution,5,42,0.04813580281583096,0.54,0.49250346990842286,1.0,0.42857142857142855,10,10,1.0,0.22490233415737748,42
image,1,2026-10-05T14:25:51,nodeGcor3,3.11.9,unknown,13156900,94,1,1,0.9614730477333069,random,attribution,5,42,0.0,0.46,0.3332708395830324,0.10833333333333332,0.0,10,10,0.1111111111111111,3.102701157331467e-05,42
image,1,2026-10-05T14:25:51,nodeGcor3,3.11.9,unknown,13156900,95,1,1,0.9822078347206116,cam,attribution,5,47,0.2822433425141751,0.56,0.6105330442815637,0.9,1.0,10,10,1.0,0.0033640586771070957,47
image,1,2026-10-05T14:25:51,nodeGcor3,3.11.9,unknown,13156900,95,1,1,0.9822078347206116,grad_cam,attribution,5,47,0.2822433425141751,0.53,0.6605652243931524,0.9333333333333332,1.0,10,10,1.0,0.005118972156196833,47
image,1,2026-10-05T14:25:51,nodeGcor3,3.11.9,unknown,13156900,95,1,1,0.9822078347206116,lime,attribution,5,47,0.3707108855298759,0.52,0.566008720254025,0.6190476190476191,0.1111111111111111,10,10,0.6666666666666666,2.3259895592927933,47
image,1,2026-10-05T14:25:51,nodeGcor3,3.11.9,unknown,13156900,95,1,1,0.9822078347206116,kernel_shap,attribution,5,47,0.13081358408565624,0.47,0.4958807421080521,0.5476190476190477,0.25,10,10,0.6666666666666666,0.22558772703632712,47
image,1,2026-10-05T14:25:51,nodeGcor3,3.11.9,unknown,13156900,95,1,1,0.9822078347206116,random,attribution,5,47,0.08122581169010466,0.44,0.34014742290121247,0.04444444444444444,0.0,10,10,0.1111111111111111,3.150012344121933e-05,47
image,1,2026-10-05T14:25:51,nodeGcor3,3.11.9,unknown,13156900,96,1,1,0.9498327970504761,cam,attribution,5,46,0.2534114470805739,0.5,0.5950276710650847,1.0,0.25,10,10,1.0,0.0031732385978102684,46
image,1,2026-10-05T14:25:51,nodeGcor3,3.11.9,unknown,13156900,96,1,1,0.9498327970504761,grad_cam,attribution,5,46,0.2534114470805739,0.46,0.6438203050162168,1.0,0.25,10,10,1.0,0.005354116205126047,46
image,1,2026-10-05T14:25:51,nodeGcor3,3.11.9,unknown,13156900,96,1,1,0.9498327970504761,lime,attribution,5,46,0.15982191411018615,0.64,0.6013935207616434,0.8666666666666666,0.25,10,10,1.0,2.3129701470024884,46
image,1,2026-10-05T14:25:51,nodeGcor3,3.11.9,unknown,13156900,96,1,1,0.9498327970504761,kernel_shap,attribution,5,46,0.09791875027375287,0.55,0.5549273542453651,0.7,0.1111111111111111,10,10,0.42857142857142855,0.22641763603314757,46
image,1,2026-10-05T14:25:51,nodeGcor3,3.11.9,unknown,13156900,96,1,1,0.9498327970504761,random,attribution,5,46,0.004850681222642754,0.57,0.3030123237541936,0.08055555555555556,0.0,10,10,0.0,2.9738061130046844e-05,46
image,1,2026-10-05T14:25:51,nodeGcor3,3.11.9,unknown,13156900,97,1,1,0.9982383251190186,cam,attribution,5,45,0.10234864023891593,0.87,0.551209070330427,1.0,1.0,10,10,1.0,0.0031553437002003193,45
image,1,2026-10-05T14:25:51,nodeGcor3,3.11.9,unknown,13156900,97,1,1,0.9982383251190186,grad_cam,attribution,5,45,0.10234864023891593,0.93,0.5546583383855495,1.0,1.0,10,10,1.0,0.005352761130779982,45
image,1,2026-10-05T14:25:51,nodeGcor3,3.11.9,unknown,13156900,97,1,1,0.9982383251190186,lime,attribution,5,45,0.9740860477841425,0.87,0.6302269686482325,0.8,0.42857142857142855,10,10,0.42857142857142855,2.4314426770433784,45
image,1,2026-10-05T14:25:51,nodeGcor3,3.11.9,unknown,13156900,97,1,1,0.9982383251190186,kernel_shap,attribution,5,45,0.9638609366222648,0.87,0.6294042061107079,1.0,0.42857142857142855,10,10,0.6666666666666666,0.2264013858512044,45
image,1,2026-10-05T14:25:51,nodeGcor3,3.11.9,unknown,13156900,97,1,1,0.9982383251190186,random,attribution,5,45,0.00021435845797571098,0.5,0.3260508305003711,0.1123015873015873,0.0,10,10,0.1111111111111111,3.5606324672698975e-05,45
image,1,2026-10-05T14:25:51,nodeGcor3,3.11.9,unknown,13156900,98,1,1,0.9957129955291748,cam,attribution,5,42,0.11310185422414375,0.93,0.6297543650383235,1.0,1.0,10,10,1.0,0.003236728720366955,42
image,1,2026-10-05T14:25:51,nodeGcor3,3.11.9,unknown,13156900,98,1,1,0.9957129955291748,grad_cam,attribution,5,42,0.11310185422414375,0.96,0.7412906638769403,1.0,0.6666666666666666,10,10,1.0,0.005441015120595694,42
image,1,2026-10-05T14:25:51,nodeGcor3,3.11.9,unknown,13156900,98,1,1,0.9957129955291748,lime,attribution,5,42,0.18380878585887706,0.86,0.6557828920258393,0.7333333333333333,0.6666666666666666,10,10,0.6666666666666666,2.3259890121407807,42
image,1,2026-10-05T14:25:51,nodeGcor3,3.11.9,unknown,13156900,98,1,1,0.9957129955291748,kernel_shap,attribution,5,42,0.18380878585887706,0.91,0.6208728150968625,1.0,0.6666666666666666,10,10,0.6666666666666666,0.22767484094947577,42
image,1,2026-10-05T14:25:51,nodeGcor3,3.11.9,unknown,13156900,98,1,1,0.9957129955291748,random,attribution,5,42,0.0,0.61,0.36169693159666194,0.05833333333333333,0.0,10,10,0.0,3.187498077750206e-05,42
image,1,2026-10-05T14:25:51,nodeGcor3,3.11.9,unknown,13156900,99,1,1,0.9997182488441467,cam,attribution,5,45,0.0005758833823928262,0.83,0.4023622963247955,1.0,0.6666666666666666,10,10,1.0,0.0033287853002548218,45
image,1,2026-10-05T14:25:51,nodeGcor3,3.11.9,unknown,13156900,99,1,1,0.9997182488441467,grad_cam,attribution,5,45,0.0005758833823928262,0.86,0.39909439395622925,1.0,0.6666666666666666,10,10,1.0,0.00512220524251461,45
image,1,2026-10-05T14:25:51,nodeGcor3,3.11.9,unknown,13156900,99,1,1,0.9997182488441467,lime,attribution,5,45,0.00054255500360024,0.99,0.49115813937751485,0.6666666666666667,0.25,10,10,0.6666666666666666,2.4492400218732655,45
image,1,2026-10-05T14:25:51,nodeGcor3,3.11.9,unknown,13156900,99,1,1,0.9997182488441467,kernel_shap,attribution,5,45,0.0,0.6,0.35582375229294716,0.7333333333333334,0.1111111111111111,10,10,0.1111111111111111,0.2262676409445703,45
image,1,2026-10-05T14:25:51,nodeGcor3,3.11.9,unknown,13156900,99,1,1,0.9997182488441467,random,attribution,5,45,0.0,0.52,0.2964386066645055,0.08055555555555556,0.0,10,10,0.0,3.0948780477046967e-05,45
image,1,2026-10-05T14:25:51,nodeGcor3,3.11.9,unknown,13156900,100,1,1,0.9823392033576965,cam,attribution,5,45,0.6725688381388685,0.87,0.593872188143419,0.9,0.42857142857142855,10,10,1.0,0.0031609507277607918,45
image,1,2026-10-05T14:25:51,nodeGcor3,3.11.9,unknown,13156900,100,1,1,0.9823392033576965,grad_cam,attribution,5,45,0.6725688381388685,0.9,0.6001558520032405,0.9333333333333332,0.42857142857142855,10,10,1.0,0.005133590195327997,45
image,1,2026-10-05T14:25:51,nodeGcor3,3.11.9,unknown,13156900,100,1,1,0.9823392033576965,lime,attribution,5,45,0.6408816363896382,0.79,0.6928685424811128,0.9666666666666666,0.42857142857142855,10,10,0.6666666666666666,2.3515501799993217,45
image,1,2026-10-05T14:25:51,nodeGcor3,3.11.9,unknown,13156900,100,1,1,0.9823392033576965,kernel_shap,attribution,5,45,0.5137553411267687,0.84,0.5900692680526779,1.0,0.42857142857142855,10,10,0.6666666666666666,0.2263345760293305,45
image,1,2026-10-05T14:25:51,nodeGcor3,3.11.9,unknown,13156900,100,1,1,0.9823392033576965,random,attribution,5,45,0.0,0.49,0.27821674721936585,0.07222222222222222,0.0,10,10,0.0,3.48738394677639e-05,45
image,1,2026-10-05T14:25:51,nodeGcor3,3.11.9,unknown,13156900,101,1,1,0.9975674152374268,cam,attribution,5,45,0.6211519928720731,0.93,0.5725309037202925,0.8,0.6666666666666666,10,10,1.0,0.00312140304595232,45
image,1,2026-10-05T14:25:51,nodeGcor3,3.11.9,unknown,13156900,101,1,1,0.9975674152374268,grad_cam,attribution,5,45,0.6211519928720731,0.83,0.6053988818885248,0.9666666666666666,0.6666666666666666,10,10,1.0,0.005416217725723982,45
image,1,2026-10-05T14:25:51,nodeGcor3,3.11.9,unknown,13156900,101,1,1,0.9975674152374268,lime,attribution,5,45,0.8626698936803879,1.0,0.5647262106603502,1.0,0.6666666666666666,10,10,0.6666666666666666,2.333498287014663,45
image,1,2026-10-05T14:25:51,nodeGcor3,3.11.9,unknown,13156900,101,1,1,0.9975674152374268,kernel_shap,attribution,5,45,0.587370252293456,0.95,0.5214257682323401,0.6666666666666667,0.42857142857142855,10,10,0.42857142857142855,0.2257186551578343,45
image,1,2026-10-05T14:25:51,nodeGcor3,3.11.9,unknown,13156900,101,1,1,0.9975674152374268,random,attribution,5,45,0.0020162014308553267,0.6,0.26716254156627306,0.08055555555555556,0.0,10,10,0.0,3.129802644252777e-05,45
image,1,2026-10-05T14:25:51,nodeGcor3,3.11.9,unknown,13156900,102,1,1,0.9999411106109619,cam,attribution,5,42,0.005591900634636105,0.78,0.5715379055519264,0.9,0.6666666666666666,10,10,1.0,0.0033464920707046986,42
image,1,2026-10-05T14:25:51,nodeGcor3,3.11.9,unknown,13156900,102,1,1,0.9999411106109619,grad_cam,attribution,5,42,0.005591900634636105,0.84,0.5778194854558507,0.9333333333333332,0.6666666666666666,10,10,1.0,0.005013673100620508,42
image,1,2026-10-05T14:25:51,nodeGcor3,3.11.9,unknown,13156900,102,1,1,0.9999411106109619,lime,attribution,5,42,0.006173855052518361,0.98,0.5402954495234383,0.7,0.25,10,10,0.6666666666666666,2.449324788991362,42
image,1,2026-10-05T14:25:51,nodeGcor3,3.11.9,unknown,13156900,102,1,1,0.9999411106109619,kernel_shap,attribution,5,42,0.011320482768832183,0.98,0.4909482890167056,0.8333333333333334,0.42857142857142855,10,10,1.0,0.22500167414546013,42
image,1,2026-10-05T14:25:51,nodeGcor3,3.11.9,unknown,13156900,102,1,1,0.9999411106109619,random,attribution,5,42,0.0,0.43,0.3366906846409623,0.08333333333333333,0.0,10,10,0.0,2.807285636663437e-05,42
image,1,2026-10-05T14:25:51,nodeGcor3,3.11.9,unknown,13156900,103,1,1,0.999998927116394,cam,attribution,5,46,2.384188064754548e-07,0.95,0.3897321991741015,0.9666666666666666,0.42857142857142855,10,10,1.0,0.0031932713463902473,46
image,1,2026-10-05T14:25:51,nodeGcor3,3.11.9,unknown,13156900,103,1,1,0.999998927116394,grad_cam,attribution,5,46,2.384188064754548e-07,0.92,0.3897322037546679,1.0,0.6666666666666666,10,10,1.0,0.005266174208372831,46
image,1,2026-10-05T14:25:51,nodeGcor3,3.11.9,unknown,13156900,103,1,1,0.999998927116394,lime,attribution,5,46,0.00016379372004863744,0.99,0.46099894263942187,1.0,0.6666666666666666,10,10,0.6666666666666666,2.4140239199623466,46
image,1,2026-10-05T14:25:51,nodeGcor3,3.11.9,unknown,13156900,103,1,1,0.999998927116394,kernel_shap,attribution,5,46,7.188327015234962e-05,1.0,0.4624487066935008,1.0,0.42857142857142855,10,10,0.25,0.22710695443674922,46
image,1,2026-10-05T14:25:51,nodeGcor3,3.11.9,unknown,13156900,103,1,1,0.999998927116394,random,attribution,5,46,7.152564194263644e-07,0.44,0.2935489643840308,0.11666666666666667,0.0,10,10,0.0,3.928784281015396e-05,46
image,1,2026-10-05T14:25:51,nodeGcor3,3.11.9,unknown,13156900,104,1,1,0.9985696077346802,cam,attribution,5,43,0.13057449619529812,0.99,0.5467450443025907,0.8666666666666666,0.6666666666666666,10,10,1.0,0.0032241246663033962,43
image,1,2026-10-05T14:25:51,nodeGcor3,3.11.9,unknown,13156900,104,1,1,0.9985696077346802,grad_cam,attribution,5,43,0.13057449619529812,1.0,0.5463891788744748,0.9333333333333332,0.6666666666666666,10,10,1.0,0.005290724337100983,43
image,1,2026-10-05T14:25:51,nodeGcor3,3.11.9,unknown,13156900,104,1,1,0.9985696077346802,lime,attribution,5,43,0.5433017405969408,0.99,0.6740650876379556,0.9333333333333332,0.6666666666666666,10,10,1.0,2.459902704693377,43
image,1,2026-10-05T14:25:51,nodeGcor3,3.11.9,unknown,13156900,104,1,1,0.9985696077346802,kernel_shap,attribution,5,43,0.3717775892368857,0.99,0.5289138026244701,1.0,0.42857142857142855,10,10,0.42857142857142855,0.371939062140882,43
image,1,2026-10-05T14:25:51,nodeGcor3,3.11.9,unknown,13156900,104,1,1,0.9985696077346802,random,attribution,5,43,0.0,0.48,0.2744090261836496,0.05833333333333333,0.0,10,10,0.0,2.9684975743293762e-05,43
image,1,2026-10-05T14:25:51,nodeGcor3,3.11.9,unknown,13156900,105,1,1,0.9999583959579468,cam,attribution,5,44,0.013421974691053292,0.88,0.5071303758690897,1.0,1.0,10,10,1.0,0.003210681024938822,44
image,1,2026-10-05T14:25:51,nodeGcor3,3.11.9,unknown,13156900,105,1,1,0.9999583959579468,grad_cam,attribution,5,44,0.013421974691053292,0.89,0.5136630832076619,1.0,1.0,10,10,1.0,0.005367528181523085,44
image,1,2026-10-05T14:25:51,nodeGcor3,3.11.9,unknown,13156900,105,1,1,0.9999583959579468,lime,attribution,5,44,0.005878633456596893,0.66,0.5821988728199867,1.0,0.25,10,10,1.0,2.4443691577762365,44
image,1,2026-10-05T14:25:51,nodeGcor3,3.11.9,unknown,13156900,105,1,1,0.9999583959579468,kernel_shap,attribution,5,44,0.00480034057126753,0.63,0.5007493596409163,1.0,0.1111111111111111,10,10,0.42857142857142855,0.22508265171200037,44
image,1,2026-10-05T14:25:51,nodeGcor3,3.11.9,unknown,13156900,105,1,1,0.9999583959579468,random,attribution,5,44,5.722283968580369e-06,0.61,0.3380307472739763,0.02222222222222222,0.0,10,10,0.0,3.198813647031784e-05,44
image,1,2026-10-05T14:25:51,nodeGcor3,3.11.9,unknown,13156900,106,1,1,0.9999644756317139,cam,attribution,5,43,0.00042976475595203324,0.78,0.44431374308958893,1.0,0.42857142857142855,10,10,1.0,0.003159396816045046,43
image,1,2026-10-05T14:25:51,nodeGcor3,3.11.9,unknown,13156900,106,1,1,0.9999644756317139,grad_cam,attribution,5,43,0.00042976475595203324,0.67,0.4429069542990858,1.0,0.42857142857142855,10,10,1.0,0.005306031089276075,43
image,1,2026-10-05T14:25:51,nodeGcor3,3.11.9,unknown,13156900,106,1,1,0.9999644756317139,lime,attribution,5,43,0.010544436245203145,0.94,0.509896874952757,0.9666666666666666,0.42857142857142855,10,10,0.6666666666666666,2.451663319952786,43
image,1,2026-10-05T14:25:51,nodeGcor3,3.11.9,unknown,13156900,106,1,1,0.9999644756317139,kernel_shap,attribution,5,43,0.001313196579525554,0.85,0.5079242261009462,0.7,0.42857142857142855,10,10,0.42857142857142855,0.22537052584812045,43
image,1,2026-10-05T14:25:51,nodeGcor3,3.11.9,unknown,13156900,106,1,1,0.9999644756317139,random,attribution,5,43,0.0009062016067598837,0.71,0.3759987401872825,0.06944444444444445,0.0,10,10,0.0,3.314577043056488e-05,43
image,1,2026-10-05T14:25:51,nodeGcor3,3.11.9,unknown,13156900,107,1,1,0.9999388456344604,cam,attribution,5,46,0.00038429464616220965,0.92,0.4288705104899667,1.0,1.0,10,10,1.0,0.003223736770451069,46
image,1,2026-10-05T14:25:51,nodeGcor3,3.11.9,unknown,13156900,107,1,1,0.9999388456344604,grad_cam,attribution,5,46,0.00038429464616220965,0.94,0.4288705015543044,1.0,1.0,10,10,1.0,0.005371443927288055,46
image,1,2026-10-05T14:25:51,nodeGcor3,3.11.9,unknown,13156900,107,1,1,0.9999388456344604,lime,attribution,5,46,0.002684459343867708,0.96,0.5322341386744717,1.0,1.0,10,10,1.0,2.479753527790308,46
image,1,2026-10-05T14:25:51,nodeGcor3,3.11.9,unknown,13156900,107,1,1,0.9999388456344604,kernel_shap,attribution,5,46,0.0001310786298915308,0.64,0.42855310781983713,1.0,0.6666666666666666,10,10,0.1111111111111111,0.22533512907102704,46
image,1,2026-10-05T14:25:51,nodeGcor3,3.11.9,unknown,13156900,107,1,1,0.9999388456344604,random,attribution,5,46,7.987510871061903e-06,0.45,0.3249073648460147,0.06507936507936507,0.0,10,10,0.1111111111111111,3.7453602999448776e-05,46
image,1,2026-10-05T14:25:51,nodeGcor3,3.11.9,unknown,13156900,108,1,1,0.9597591757774353,cam,attribution,5,44,0.9261196614312927,0.5,0.3158952176145352,1.0,0.25,10,10,1.0,0.0031871041283011436,44
image,1,2026-10-05T14:25:51,nodeGcor3,3.11.9,unknown,13156900,108,1,1,0.9597591757774353,grad_cam,attribution,5,44,0.9261196614312927,0.53,0.6270672896555786,1.0,0.42857142857142855,10,10,1.0,0.005205195862799883,44
image,1,2026-10-05T14:25:51,nodeGcor3,3.11.9,unknown,13156900,108,1,1,0.9597591757774353,lime,attribution,5,44,0.6421105527076454,0.42,0.5257777179204689,0.8,0.6666666666666666,10,10,0.6666666666666666,2.469585266895592,44
image,1,2026-10-05T14:25:51,nodeGcor3,3.11.9,unknown,13156900,108,1,1,0.9597591757774353,kernel_shap,attribution,5,44,0.16593115896306704,0.45,0.49342099212315216,1.0,0.6666666666666666,10,10,0.1111111111111111,0.22554061096161604,44
image,1,2026-10-05T14:25:51,nodeGcor3,3.11.9,unknown,13156900,108,1,1,0.9597591757774353,random,attribution,5,44,0.36342398232893575,0.46,0.29733012929085567,0.03333333333333333,0.0,10,10,0.0,3.1881965696811676e-05,44
image,1,2026-10-05T14:25:51,nodeGcor3,3.11.9,unknown,13156900,109,1,1,0.9169725775718689,cam,attribution,5,42,0.7773997648683585,0.9,0.5313189964232771,1.0,0.6666666666666666,10,10,1.0,0.0033529559150338173,42
image,1,2026-10-05T14:25:51,nodeGcor3,3.11.9,unknown,13156900,109,1,1,0.9169725775718689,grad_cam,attribution,5,42,0.7773997648683585,0.94,0.6774405039552533,1.0,0.6666666666666666,10,10,1.0,0.005368852987885475,42
image,1,2026-10-05T14:25:51,nodeGcor3,3.11.9,unknown,13156900,109,1,1,0.9169725775718689,lime,attribution,5,42,0.9787905219576659,0.88,0.7163151745047337,1.0,0.6666666666666666,10,10,1.0,2.3714725309982896,42
image,1,2026-10-05T14:25:51,nodeGcor3,3.11.9,unknown,13156900,109,1,1,0.9169725775718689,kernel_shap,attribution,5,42,0.9787905219576659,0.88,0.6644697033386365,0.9333333333333332,0.42857142857142855,10,10,0.6666666666666666,0.22149382112547755,42
image,1,2026-10-05T14:25:51,nodeGcor3,3.11.9,unknown,13156900,109,1,1,0.9169725775718689,random,attribution,5,42,0.0,0.63,0.2797145526428523,0.07777777777777779,0.0,10,10,0.0,3.352668136358261e-05,42
image,1,2026-10-05T14:25:51,nodeGcor3,3.11.9,unknown,13156900,110,1,1,0.9989578723907471,cam,attribution,5,46,0.3450662080439644,0.91,0.5098120405857395,1.0,0.6666666666666666,10,10,1.0,0.003057293128222227,46
image,1,2026-10-05T14:25:51,nodeGcor3,3.11.9,unknown,13156900,110,1,1,0.9989578723907471,grad_cam,attribution,5,46,0.3450662080439644,0.97,0.586822757665278,1.0,0.6666666666666666,10,10,1.0,0.005329696927219629,46
image,1,2026-10-05T14:25:51,nodeGcor3,3.11.9,unknown,13156900,110,1,1,0.9989578723907471,lime,attribution,5,46,0.6346619453540644,0.88,0.5487862868574788,1.0,0.42857142857142855,10,10,1.0,2.3157226988114417,46
image,1,2026-10-05T14:25:51,nodeGcor3,3.11.9,unknown,13156900,110,1,1,0.9989578723907471,kernel_shap,attribution,5,46,0.38413911523480126,0.86,0.5426999599642421,1.0,0.42857142857142855,10,10,0.6666666666666666,0.22477447614073753,46
image,1,2026-10-05T14:25:51,nodeGcor3,3.11.9,unknown,13156900,110,1,1,0.9989578723907471,random,attribution,5,46,0.0,0.65,0.3766573804927329,0.06666666666666668,0.0,10,10,0.0,4.043988883495331e-05,46
image,1,2026-10-05T14:25:51,nodeGcor3,3.11.9,unknown,13156900,111,1,1,0.9999476671218872,cam,attribution,5,41,0.00321500437103735,0.99,0.3402715296094623,0.8333333333333334,0.6666666666666666,10,10,1.0,0.003223136067390442,41
image,1,2026-10-05T14:25:51,nodeGcor3,3.11.9,unknown,13156900,111,1,1,0.9999476671218872,grad_cam,attribution,5,41,0.00321500437103735,1.0,0.340271532945828,0.9333333333333332,0.6666666666666666,10,10,1.0,0.005396660882979631,41
image,1,2026-10-05T14:25:51,nodeGcor3,3.11.9,unknown,13156900,111,1,1,0.9999476671218872,lime,attribution,5,41,0.008062546188566302,1.0,0.5477267559678773,1.0,0.6666666666666666,10,10,1.0,2.3894582483917475,41
image,1,2026-10-05T14:25:51,nodeGcor3,3.11.9,unknown,13156900,111,1,1,0.9999476671218872,kernel_shap,attribution,5,41,7.272147234992524e-06,0.54,0.3920688552063012,1.0,0.42857142857142855,10,10,0.25,0.36520093586295843,41
image,1,2026-10-05T14:25:51,nodeGcor3,3.11.9,unknown,13156900,111,1,1,0.9999476671218872,random,attribution,5,41,0.0,0.56,0.4101279851728893,0.04444444444444444,0.0,10,10,0.1111111111111111,3.2159965485334396e-05,41
image,1,2026-10-05T14:25:51,nodeGcor3,3.11.9,unknown,13156900,112,1,1,0.9999858140945435,cam,attribution,5,39,0.006292015165067272,0.66,0.5542968085100433,1.0,1.0,10,10,1.0,0.0032922523096203804,39
image,1,2026-10-05T14:25:51,nodeGcor3,3.11.9,unknown,13156900,112,1,1,0.9999858140945435,grad_cam,attribution,5,39,0.006292015165067272,0.61,0.5561716809706021,1.0,1.0,10,10,1.0,0.0051198783330619335,39
image,1,2026-10-05T14:25:51,nodeGcor3,3.11.9,unknown,13156900,112,1,1,0.9999858140945435,lime,attribution,5,39,0.11463941837439377,0.61,0.5980785397097249,1.0,0.6666666666666666,10,10,1.0,2.443973104003817,39
image,1,2026-10-05T14:25:51,nodeGcor3,3.11.9,unknown,13156900,112,1,1,0.9999858140945435,kernel_shap,attribution,5,39,0.010077619461621754,0.58,0.4194298249205579,1.0,0.6666666666666666,10,10,0.42857142857142855,0.22339925589039922,39
image,1,2026-10-05T14:25:51,nodeGcor3,3.11.9,unknown,13156900,112,1,1,0.9999858140945435,random,attribution,5,39,0.0,0.56,0.2916964114296897,0.1373015873015873,0.0,10,10,0.25,2.8308946639299393e-05,39
image,1,2026-10-05T14:25:51,nodeGcor3,3.11.9,unknown,13156900,113,1,1,0.9980524778366089,cam,attribution,5,43,0.42361801386530906,0.58,0.5837243753846231,1.0,0.42857142857142855,10,10,1.0,0.003160460852086544,43
image,1,2026-10-05T14:25:51,nodeGcor3,3.11.9,unknown,13156900,113,1,1,0.9980524778366089,grad_cam,attribution,5,43,0.42361801386530906,0.53,0.6291377259885047,1.0,0.42857142857142855,10,10,1.0,0.005254504736512899,43
image,1,2026-10-05T14:25:51,nodeGcor3,3.11.9,unknown,13156900,113,1,1,0.9980524778366089,lime,attribution,5,43,0.9776498536178156,0.55,0.6421470579398153,0.9333333333333332,0.6666666666666666,10,10,1.0,2.4481182042509317,43
image,1,2026-10-05T14:25:51,nodeGcor3,3.11.9,unknown,13156900,113,1,1,0.9980524778366089,kernel_shap,attribution,5,43,0.9747444037525342,0.58,0.6255047336021651,0.8333333333333333,0.6666666666666666,10,10,1.0,0.22571943374350667,43
image,1,2026-10-05T14:25:51,nodeGcor3,3.11.9,unknown,13156900,113,1,1,0.9980524778366089,random,attribution,5,43,0.006084138312919495,0.56,0.33497953925512536,0.10833333333333332,0.0,10,10,0.0,3.1371135264635086e-05,43
image,1,2026-10-05T14:25:51,nodeGcor3,3.11.9,unknown,13156900,114,1,1,0.9999994039535522,cam,attribution,5,43,0.002612532742341007,1.0,0.3820253598262985,1.0,0.42857142857142855,10,10,1.0,0.0032094409689307213,43
image,1,2026-10-05T14:25:51,nodeGcor3,3.11.9,unknown,13156900,114,1,1,0.9999994039535522,grad_cam,attribution,5,43,0.002612532742341007,1.0,0.38202536102965523,1.0,0.42857142857142855,10,10,1.0,0.005069124978035688,43
image,1,2026-10-05T14:25:51,nodeGcor3,3.11.9,unknown,13156900,114,1,1,0.9999994039535522,lime,attribution,5,43,0.003513576694474634,0.99,0.5263974802960503,0.8666666666666668,0.42857142857142855,10,10,0.42857142857142855,2.4623265811242163,43
image,1,2026-10-05T14:25:51,nodeGcor3,3.11.9,unknown,13156900,114,1,1,0.9999994039535522,kernel_shap,attribution,5,43,2.5630012530095895e-05,0.98,0.4320928392690111,1.0,0.1111111111111111,10,10,0.42857142857142855,0.22478305688127875,43
image,1,2026-10-05T14:25:51,nodeGcor3,3.11.9,unknown,13156900,114,1,1,0.9999994039535522,random,attribution,5,43,0.0,0.53,0.2849361224269571,0.09166666666666665,0.0,10,10,0.1111111111111111,3.190012648701668e-05,43
image,1,2026-10-05T14:25:51,nodeGcor3,3.11.9,unknown,13156900,115,1,1,0.9891102910041809,cam,attribution,5,47,0.728176213479785,0.52,0.5900023418812872,1.0,1.0,10,10,1.0,0.003222872968763113,47
image,1,2026-10-05T14:25:51,nodeGcor3,3.11.9,unknown,13156900,115,1,1,0.9891102910041809,grad_cam,attribution,5,47,0.728176213479785,0.49,0.7245128048235536,1.0,1.0,10,10,1.0,0.005186588037759066,47
image,1,2026-10-05T14:25:51,nodeGcor3,3.11.9,unknown,13156900,115,1,1,0.9891102910041809,lime,attribution,5,47,0.45641335073025363,0.55,0.6310684921639255,1.0,0.6666666666666666,10,10,1.0,2.404445101041347,47
image,1,2026-10-05T14:25:51,nodeGcor3,3.11.9,unknown,13156900,115,1,1,0.9891102910041809,kernel_shap,attribution,5,47,0.45641335073025363,0.48,0.5900207389297878,1.0,0.6666666666666666,10,10,0.6666666666666666,0.22356565110385418,47
image,1,2026-10-05T14:25:51,nodeGcor3,3.11.9,unknown,13156900,115,1,1,0.9891102910041809,random,attribution,5,47,0.0096648240490167,0.51,0.3294950954322198,0.07222222222222223,0.0,10,10,0.0,3.0413269996643066e-05,47
image,1,2026-10-05T14:25:51,nodeGcor3,3.11.9,unknown,13156900,116,1,1,0.9976578950881958,cam,attribution,5,41,0.021092232296251828,0.51,0.4901388368947692,0.9666666666666666,0.6666666666666666,10,10,1.0,0.0031358939595520496,41
image,1,2026-10-05T14:25:51,nodeGcor3,3.11.9,unknown,13156900,116,1,1,0.9976578950881958,grad_cam,attribution,5,41,0.021092232296251828,0.46,0.5326893149544372,1.0,0.6666666666666666,10,10,1.0,0.005157641135156155,41
image,1,2026-10-05T14:25:51,nodeGcor3,3.11.9,unknown,13156900,116,1,1,0.9976578950881958,lime,attribution,5,41,0.21581864548101348,0.52,0.6266854186079192,0.8,0.42857142857142855,10,10,1.0,2.4233308928087354,41
image,1,2026-10-05T14:25:51,nodeGcor3,3.11.9,unknown,13156900,116,1,1,0.9976578950881958,kernel_shap,attribution,5,41,0.15379103240627778,0.58,0.5685775838806095,0.9333333333333332,0.42857142857142855,10,10,0.6666666666666666,0.2220243881456554,41
image,1,2026-10-05T14:25:51,nodeGcor3,3.11.9,unknown,13156900,116,1,1,0.9976578950881958,random,attribution,5,41,0.0,0.48,0.3490183976670813,0.05833333333333333,0.0,10,10,0.1111111111111111,2.8491951525211334e-05,41
image,1,2026-10-05T14:25:51,nodeGcor3,3.11.9,unknown,13156900,117,1,1,0.9989967942237854,cam,attribution,5,45,0.013312870810876377,0.84,0.4200171757744978,1.0,0.42857142857142855,10,10,1.0,0.003011911641806364,45
image,1,2026-10-05T14:25:51,nodeGcor3,3.11.9,unknown,13156900,117,1,1,0.9989967942237854,grad_cam,attribution,5,45,0.013312870810876377,0.76,0.4198854326552981,0.9666666666666666,0.42857142857142855,10,10,1.0,0.00536730419844389,45
image,1,2026-10-05T14:25:51,nodeGcor3,3.11.9,unknown,13156900,117,1,1,0.9989967942237854,lime,attribution,5,45,0.4132483258003972,0.66,0.5706174994574702,0.6666666666666667,0.42857142857142855,10,10,1.0,2.315763656049967,45
image,1,2026-10-05T14:25:51,nodeGcor3,3.11.9,unknown,13156900,117,1,1,0.9989967942237854,kernel_shap,attribution,5,45,0.24585324560032795,0.63,0.5207166691985686,0.8333333333333333,0.42857142857142855,10,10,0.6666666666666666,0.22477693017572165,45
image,1,2026-10-05T14:25:51,nodeGcor3,3.11.9,unknown,13156900,117,1,1,0.9989967942237854,random,attribution,5,45,0.0,0.5,0.2933329033921549,0.05833333333333333,0.0,10,10,0.1111111111111111,3.454787656664848e-05,45
image,1,2026-10-05T14:25:51,nodeGcor3,3.11.9,unknown,13156900,118,1,1,0.9136597514152527,cam,attribution,5,43,0.15023489002887783,0.36,0.6310925843617862,1.0,1.0,10,10,1.0,0.0032938062213361263,43
image,1,2026-10-05T14:25:51,nodeGcor3,3.11.9,unknown,13156900,118,1,1,0.9136597514152527,grad_cam,attribution,5,43,0.15023489002887783,0.53,0.640322051281867,1.0,1.0,10,10,1.0,0.005115786101669073,43
image,1,2026-10-05T14:25:51,nodeGcor3,3.11.9,unknown,13156900,118,1,1,0.9136597514152527,lime,attribution,5,43,0.02739048425289522,0.57,0.5521739784763,0.6761904761904762,0.1111111111111111,10,10,1.0,2.4376551122404635,43
image,1,2026-10-05T14:25:51,nodeGcor3,3.11.9,unknown,13156900,118,1,1,0.9136597514152527,kernel_shap,attribution,5,43,0.07520408370968104,0.56,0.5799563092122884,0.6761904761904762,0.1111111111111111,10,10,0.25,0.22352382307872176,43
image,1,2026-10-05T14:25:51,nodeGcor3,3.11.9,unknown,13156900,118,1,1,0.9136597514152527,random,attribution,5,43,0.0,0.52,0.2894172569188719,0.09166666666666667,0.0,10,10,0.0,3.549223765730858e-05,43
image,1,2026-10-05T14:25:51,nodeGcor3,3.11.9,unknown,13156900,119,1,1,0.9991616010665894,cam,attribution,5,43,0.04295128470453711,0.77,0.492264981546532,1.0,1.0,10,10,1.0,0.0032276581041514874,43
image,1,2026-10-05T14:25:51,nodeGcor3,3.11.9,unknown,13156900,119,1,1,0.9991616010665894,grad_cam,attribution,5,43,0.04295128470453711,0.77,0.5153641602191871,1.0,0.6666666666666666,10,10,1.0,0.0054173716343939304,43
image,1,2026-10-05T14:25:51,nodeGcor3,3.11.9,unknown,13156900,119,1,1,0.9991616010665894,lime,attribution,5,43,0.08189664069184116,0.8,0.5814604505607188,0.9666666666666666,0.42857142857142855,10,10,1.0,2.3274318613111973,43
image,1,2026-10-05T14:25:51,nodeGcor3,3.11.9,unknown,13156900,119,1,1,0.9991616010665894,kernel_shap,attribution,5,43,0.10248357797106677,0.79,0.533952988018457,0.9666666666666666,0.42857142857142855,10,10,0.6666666666666666,0.22396265668794513,43
image,1,2026-10-05T14:25:51,nodeGcor3,3.11.9,unknown,13156900,119,1,1,0.9991616010665894,random,attribution,5,43,0.0,0.58,0.352175581334944,0.05555555555555556,0.0,10,10,0.1111111111111111,3.154994919896126e-05,43
image,1,2026-10-05T14:25:51,nodeGcor3,3.11.9,unknown,13156900,120,1,1,0.9998836517333984,cam,attribution,5,45,0.03270697053792662,0.86,0.4121184031512497,0.8666666666666666,0.6666666666666666,10,10,1.0,0.0032236468978226185,45
image,1,2026-10-05T14:25:51,nodeGcor3,3.11.9,unknown,13156900,120,1,1,0.9998836517333984,grad_cam,attribution,5,45,0.03270697053792662,0.81,0.40962920187875485,0.8999999999999998,0.6666666666666666,10,10,1.0,0.005369066260755062,45
image,1,2026-10-05T14:25:51,nodeGcor3,3.11.9,unknown,13156900,120,1,1,0.9998836517333984,lime,attribution,5,45,0.964435745474497,0.98,0.6865973470697353,0.9666666666666666,0.42857142857142855,10,10,0.6666666666666666,2.4518453050404787,45
image,1,2026-10-05T14:25:51,nodeGcor3,3.11.9,unknown,13156900,120,1,1,0.9998836517333984,kernel_shap,attribution,5,45,0.6928554677715317,0.99,0.5604311859895945,1.0,0.6666666666666666,10,10,0.6666666666666666,0.22510133916512132,45
image,1,2026-10-05T14:25:51,nodeGcor3,3.11.9,unknown,13156900,120,1,1,0.9998836517333984,random,attribution,5,45,0.0,0.49,0.35613893688246234,0.06944444444444445,0.0,10,10,0.0,3.03550623357296e-05,45
image,1,2026-10-05T14:25:51,nodeGcor3,3.11.9,unknown,13156900,121,1,1,0.9997603297233582,cam,attribution,5,39,0.003942362547472333,0.98,0.4270017368220753,0.9333333333333332,1.0,10,10,1.0,0.003337455913424492,39
image,1,2026-10-05T14:25:51,nodeGcor3,3.11.9,unknown,13156900,121,1,1,0.9997603297233582,grad_cam,attribution,5,39,0.003942362547472333,0.99,0.4374753069984513,0.9333333333333332,1.0,10,10,1.0,0.00512773497030139,39
image,1,2026-10-05T14:25:51,nodeGcor3,3.11.9,unknown,13156900,121,1,1,0.9997603297233582,lime,attribution,5,39,0.01610200468116055,1.0,0.5262074493695676,1.0,0.6666666666666666,10,10,1.0,2.456599013879895,39
image,1,2026-10-05T14:25:51,nodeGcor3,3.11.9,unknown,13156900,121,1,1,0.9997603297233582,kernel_shap,attribution,5,39,0.01928351021579615,1.0,0.5101492358881352,0.7428571428571428,0.42857142857142855,10,10,0.25,0.22503465320914984,39
image,1,2026-10-05T14:25:51,nodeGcor3,3.11.9,unknown,13156900,121,1,1,0.9997603297233582,random,attribution,5,39,0.0,0.56,0.3540797662924544,0.1734126984126984,0.0,10,10,0.0,3.22987325489521e-05,39
image,1,2026-10-05T14:25:51,nodeGcor3,3.11.9,unknown,13156900,122,1,1,0.9943450689315796,cam,attribution,5,44,0.6931209233660555,0.92,0.49271117391554664,1.0,0.6666666666666666,10,10,1.0,0.003150991164147854,44
image,1,2026-10-05T14:25:51,nodeGcor3,3.11.9,unknown,13156900,122,1,1,0.9943450689315796,grad_cam,attribution,5,44,0.6931209233660555,0.93,0.6601063949629273,1.0,1.0,10,10,1.0,0.005393011029809713,44
image,1,2026-10-05T14:25:51,nodeGcor3,3.11.9,unknown,13156900,122,1,1,0.9943450689315796,lime,attribution,5,44,0.5703017419453997,0.9,0.639778378379364,1.0,0.42857142857142855,10,10,0.6666666666666666,2.3476377511397004,44
image,1,2026-10-05T14:25:51,nodeGcor3,3.11.9,unknown,13156900,122,1,1,0.9943450689315796,kernel_shap,attribution,5,44,0.5124231009836312,0.98,0.5444307628761642,1.0,0.42857142857142855,10,10,0.6666666666666666,0.22810765681788325,44
image,1,2026-10-05T14:25:51,nodeGcor3,3.11.9,unknown,13156900,122,1,1,0.9943450689315796,random,attribution,5,44,0.0,0.49,0.31246630012071686,0.03333333333333333,0.0,10,10,0.1111111111111111,2.8925016522407532e-05,44
image,1,2026-10-05T14:25:51,nodeGcor3,3.11.9,unknown,13156900,123,1,1,0.9776148200035095,cam,attribution,5,47,0.35032429599196724,0.53,0.39695457309141924,0.9333333333333332,0.1111111111111111,10,10,1.0,0.003330135252326727,47
image,1,2026-10-05T14:25:51,nodeGcor3,3.11.9,unknown,13156900,123,1,1,0.9776148200035095,grad_cam,attribution,5,47,0.35032429599196724,0.5,0.484146880409554,0.9333333333333332,0.1111111111111111,10,10,1.0,0.005193863995373249,47
image,1,2026-10-05T14:25:51,nodeGcor3,3.11.9,unknown,13156900,123,1,1,0.9776148200035095,lime,attribution,5,47,0.2821640649154116,0.44,0.4241896600003102,0.5714285714285714,0.1111111111111111,10,10,0.6666666666666666,2.457741783000529,47
image,1,2026-10-05T14:25:51,nodeGcor3,3.11.9,unknown,13156900,123,1,1,0.9776148200035095,kernel_shap,attribution,5,47,0.6377328344379962,0.49,0.4865306062539003,0.7333333333333333,0.42857142857142855,10,10,0.25,0.2266981340944767,47
image,1,2026-10-05T14:25:51,nodeGcor3,3.11.9,unknown,13156900,123,1,1,0.9776148200035095,random,attribution,5,47,0.03758713124633539,0.45,0.30623677711687025,0.04722222222222222,0.0,10,10,0.0,3.0566006898880005e-05,47
image,1,2026-10-05T14:25:51,nodeGcor3,3.11.9,unknown,13156900,124,1,1,0.9999957084655762,cam,attribution,5,43,6.139304758902945e-05,0.84,0.4708437602616894,1.0,0.6666666666666666,10,10,1.0,0.0033891908824443817,43
image,1,2026-10-05T14:25:51,nodeGcor3,3.11.9,unknown,13156900,124,1,1,0.9999957084655762,grad_cam,attribution,5,43,6.139304758902945e-05,0.85,0.4706107299281649,1.0,0.6666666666666666,10,10,1.0,0.0050586918368935585,43
image,1,2026-10-05T14:25:51,nodeGcor3,3.11.9,unknown,13156900,124,1,1,0.9999957084655762,lime,attribution,5,43,0.0026654119437730284,0.81,0.534791044144298,1.0,0.6666666666666666,10,10,1.0,2.3951552561484277,43
image,1,2026-10-05T14:25:51,nodeGcor3,3.11.9,unknown,13156900,124,1,1,0.9999957084655762,kernel_shap,attribution,5,43,0.00010561988381335942,0.67,0.4029283282274353,0.9333333333333332,0.42857142857142855,10,10,0.1111111111111111,0.22580531425774097,43
image,1,2026-10-05T14:25:51,nodeGcor3,3.11.9,unknown,13156900,124,1,1,0.9999957084655762,random,attribution,5,43,1.192098011437465e-07,0.51,0.34082921841003666,0.06944444444444445,0.0,10,10,0.0,3.2514333724975586e-05,43
image,1,2026-10-05T14:25:51,nodeGcor3,3.11.9,unknown,13156900,125,1,1,0.9157599806785583,cam,attribution,5,45,0.0,0.43,0.41592574287172646,0.7011904761904761,0.0,10,10,1.0,0.0032111881300807,45
image,1,2026-10-05T14:25:51,nodeGcor3,3.11.9,unknown,13156900,125,1,1,0.9157599806785583,grad_cam,attribution,5,45,0.15080306635097218,0.53,0.648610974851378,0.8999999999999998,0.25,10,10,1.0,0.005259775090962648,45
image,1,2026-10-05T14:25:51,nodeGcor3,3.11.9,unknown,13156900,125,1,1,0.9157599806785583,lime,attribution,5,45,0.07939488143524918,0.58,0.5981583062544854,0.7,0.25,10,10,1.0,2.4439707049168646,45
image,1,2026-10-05T14:25:51,nodeGcor3,3.11.9,unknown,13156900,125,1,1,0.9157599806785583,kernel_shap,attribution,5,45,0.07939488143524918,0.57,0.5062523895612705,0.7333333333333333,0.1111111111111111,10,10,0.6666666666666666,0.22632497595623136,45
image,1,2026-10-05T14:25:51,nodeGcor3,3.11.9,unknown,13156900,125,1,1,0.9157599806785583,random,attribution,5,45,0.13983663806067756,0.5,0.2724953285762922,0.04444444444444444,0.0,10,10,0.0,3.393879160284996e-05,45
image,1,2026-10-05T14:25:51,nodeGcor3,3.11.9,unknown,13156900,126,1,1,0.9863337874412537,cam,attribution,5,44,0.13485030830298447,0.48,0.48255035656496925,1.0,0.42857142857142855,10,10,1.0,0.0033207801170647144,44
image,1,2026-10-05T14:25:51,nodeGcor3,3.11.9,unknown,13156900,126,1,1,0.9863337874412537,grad_cam,attribution,5,44,0.13485030830298447,0.55,0.5222349614724945,1.0,0.42857142857142855,10,10,1.0,0.00507423235103488,44
image,1,2026-10-05T14:25:51,nodeGcor3,3.11.9,unknown,13156900,126,1,1,0.9863337874412537,lime,attribution,5,44,0.3313617573768669,0.58,0.4831442066662227,0.9333333333333332,0.42857142857142855,10,10,0.6666666666666666,2.452699358575046,44
image,1,2026-10-05T14:25:51,nodeGcor3,3.11.9,unknown,13156900,126,1,1,0.9863337874412537,kernel_shap,attribution,5,44,0.15521815680531212,0.56,0.4948473193386347,0.6666666666666667,0.25,10,10,0.6666666666666666,0.22520004026591778,44
image,1,2026-10-05T14:25:51,nodeGcor3,3.11.9,unknown,13156900,126,1,1,0.9863337874412537,random,attribution,5,44,0.09626057048515985,0.53,0.2940296354707109,0.03333333333333333,0.0,10,10,0.0,3.0642375349998474e-05,44
image,1,2026-10-05T14:25:51,nodeGcor3,3.11.9,unknown,13156900,127,1,1,0.9993181228637695,cam,attribution,5,44,0.13163084824158944,0.47,0.5755361830976451,1.0,0.6666666666666666,10,10,1.0,0.0031722853891551495,44
image,1,2026-10-05T14:25:51,nodeGcor3,3.11.9,unknown,13156900,127,1,1,0.9993181228637695,grad_cam,attribution,5,44,0.13163084824158944,0.56,0.5929606008714736,1.0,0.6666666666666666,10,10,1.0,0.005104003008455038,44
image,1,2026-10-05T14:25:51,nodeGcor3,3.11.9,unknown,13156900,127,1,1,0.9993181228637695,lime,attribution,5,44,0.91713114986813,0.52,0.5741802045510156,1.0,0.42857142857142855,10,10,1.0,2.42434264626354,44
image,1,2026-10-05T14:25:51,nodeGcor3,3.11.9,unknown,13156900,127,1,1,0.9993181228637695,kernel_shap,attribution,5,44,0.8989480781850349,0.6,0.5424362057485084,1.0,0.42857142857142855,10,10,1.0,0.2255141669884324,44
image,1,2026-10-05T14:25:51,nodeGcor3,3.11.9,unknown,13156900,127,1,1,0.9993181228637695,random,attribution,5,44,0.0,0.5,0.3485903390629911,0.10555555555555556,0.0,10,10,0.6666666666666666,3.059394657611847e-05,44
image,1,2026-10-05T14:25:51,nodeGcor3,3.11.9,unknown,13156900,128,1,1,0.9999401569366455,cam,attribution,5,42,0.03381067192045499,0.97,0.4727454386993428,1.0,0.42857142857142855,10,10,1.0,0.0031111440621316433,42
image,1,2026-10-05T14:25:51,nodeGcor3,3.11.9,unknown,13156900,128,1,1,0.9999401569366455,grad_cam,attribution,5,42,0.03381067192045499,1.0,0.47274543675233427,1.0,0.42857142857142855,10,10,1.0,0.005389073863625526,42
image,1,2026-10-05T14:25:51,nodeGcor3,3.11.9,unknown,13156900,128,1,1,0.9999401569366455,lime,attribution,5,42,0.04271822506773281,1.0,0.5260656879682497,1.0,0.6666666666666666,10,10,1.0,2.3372690808027983,42
image,1,2026-10-05T14:25:51,nodeGcor3,3.11.9,unknown,13156900,128,1,1,0.9999401569366455,kernel_shap,attribution,5,42,0.0065911780323233875,0.86,0.4243286412270425,0.8666666666666668,0.42857142857142855,10,10,0.6666666666666666,0.22524561639875174,42
image,1,2026-10-05T14:25:51,nodeGcor3,3.11.9,unknown,13156900,128,1,1,0.9999401569366455,random,attribution,5,42,0.0,0.49,0.3209312366969499,0.06785714285714287,0.0,10,10,0.1111111111111111,3.194296732544899e-05,42
image,1,2026-10-05T14:25:51,nodeGcor3,3.11.9,unknown,13156900,129,1,1,0.9218218922615051,cam,attribution,5,42,0.039479780017348,0.58,0.42175730061674177,0.7,0.42857142857142855,10,10,1.0,0.003358486108481884,42
image,1,2026-10-05T14:25:51,nodeGcor3,3.11.9,unknown,13156900,129,1,1,0.9218218922615051,grad_cam,attribution,5,42,0.039479780017348,0.56,0.4759682250834082,0.7,0.6666666666666666,10,10,1.0,0.005093926098197699,42
image,1,2026-10-05T14:25:51,nodeGcor3,3.11.9,unknown,13156900,129,1,1,0.9218218922615051,lime,attribution,5,42,0.0,0.61,0.5144804479591791,0.7,0.42857142857142855,10,10,1.0,2.4603796508163214,42
image,1,2026-10-05T14:25:51,nodeGcor3,3.11.9,unknown,13156900,129,1,1,0.9218218922615051,kernel_shap,attribution,5,42,0.0,0.65,0.43760753701721244,0.6285714285714286,0.42857142857142855,10,10,0.42857142857142855,0.22451472841203213,42
image,1,2026-10-05T14:25:51,nodeGcor3,3.11.9,unknown,13156900,129,1,1,0.9218218922615051,random,attribution,5,42,0.0,0.52,0.3712586585494272,0.11944444444444444,0.0,10,10,0.1111111111111111,3.055110573768616e-05,42
image,1,2026-10-05T14:25:51,nodeGcor3,3.11.9,unknown,13156900,130,1,1,0.9999364614486694,cam,attribution,5,45,0.0023737269874196405,0.93,0.500079380998769,0.6666666666666667,0.42857142857142855,10,10,1.0,0.0032303789630532265,45
image,1,2026-10-05T14:25:51,nodeGcor3,3.11.9,unknown,13156900,130,1,1,0.9999364614486694,grad_cam,attribution,5,45,0.0023737269874196405,0.9,0.5119102356510609,0.7,0.42857142857142855,10,10,1.0,0.00541138369590044,45
image,1,2026-10-05T14:25:51,nodeGcor3,3.11.9,unknown,13156900,130,1,1,0.9999364614486694,lime,attribution,5,45,0.2517472125606888,0.74,0.5663519676109554,0.7666666666666667,0.6666666666666666,10,10,0.6666666666666666,2.4627110939472914,45
image,1,2026-10-05T14:25:51,nodeGcor3,3.11.9,unknown,13156900,130,1,1,0.9999364614486694,kernel_shap,attribution,5,45,0.07669650068698718,0.78,0.5153480273156477,1.0,0.6666666666666666,10,10,0.6666666666666666,0.22595125623047352,45
image,1,2026-10-05T14:25:51,nodeGcor3,3.11.9,unknown,13156900,130,1,1,0.9999364614486694,random,attribution,5,45,0.0,0.56,0.2949859952777032,0.08055555555555556,0.0,10,10,0.25,3.0636321753263474e-05,45
image,1,2026-10-05T14:25:51,nodeGcor3,3.11.9,unknown,13156900,131,1,1,0.9999836683273315,cam,attribution,5,42,0.0010823188159081673,0.63,0.41069885655606153,1.0,0.6666666666666666,10,10,1.0,0.0031573274172842503,42
image,1,2026-10-05T14:25:51,nodeGcor3,3.11.9,unknown,13156900,131,1,1,0.9999836683273315,grad_cam,attribution,5,42,0.0010823188159081673,0.65,0.41069885416980456,1.0,0.42857142857142855,10,10,1.0,0.005387857090681791,42
image,1,2026-10-05T14:25:51,nodeGcor3,3.11.9,unknown,13156900,131,1,1,0.9999836683273315,lime,attribution,5,42,0.004407835468466184,0.87,0.5527253041210346,1.0,0.42857142857142855,10,10,0.6666666666666666,2.3163004708476365,42
image,1,2026-10-05T14:25:51,nodeGcor3,3.11.9,unknown,13156900,131,1,1,0.9999836683273315,kernel_shap,attribution,5,42,0.00014162294892597233,0.77,0.5308194349408689,1.0,0.25,10,10,0.42857142857142855,0.22621481772512197,42
image,1,2026-10-05T14:25:51,nodeGcor3,3.11.9,unknown,13156900,131,1,1,0.9999836683273315,random,attribution,5,42,0.00019711577950260543,0.49,0.33908658823556836,0.06944444444444445,0.0,10,10,0.0,3.119092434644699e-05,42
image,1,2026-10-05T14:25:51,nodeGcor3,3.11.9,unknown,13156900,132,1,1,0.9036569595336914,cam,attribution,5,43,0.0,0.47,0.5086711929443183,0.9,0.25,10,10,1.0,0.0032168631441891193,43
image,1,2026-10-05T14:25:51,nodeGcor3,3.11.9,unknown,13156900,132,1,1,0.9036569595336914,grad_cam,attribution,5,43,0.0,0.57,0.5969337171696454,0.8666666666666666,0.42857142857142855,10,10,1.0,0.005427198950201273,43
image,1,2026-10-05T14:25:51,nodeGcor3,3.11.9,unknown,13156900,132,1,1,0.9036569595336914,lime,attribution,5,43,0.382301155098423,0.47,0.6355541437612542,0.7,0.42857142857142855,10,10,0.6666666666666666,2.3376395949162543,43
image,1,2026-10-05T14:25:51,nodeGcor3,3.11.9,unknown,13156900,132,1,1,0.9036569595336914,kernel_shap,attribution,5,43,0.47146549657781595,0.56,0.6564153918023692,1.0,0.42857142857142855,10,10,1.0,0.22513522394001484,43
image,1,2026-10-05T14:25:51,nodeGcor3,3.11.9,unknown,13156900,132,1,1,0.9036569595336914,random,attribution,5,43,0.21581084252491922,0.48,0.33060384683718325,0.11111111111111112,0.0,10,10,0.1111111111111111,3.307219594717026e-05,43
image,1,2026-10-05T14:25:51,nodeGcor3,3.11.9,unknown,13156900,133,1,1,0.9999843835830688,cam,attribution,5,35,0.1696601778844956,1.0,0.5248737987593165,1.0,1.0,10,10,1.0,0.0030843932181596756,35
image,1,2026-10-05T14:25:51,nodeGcor3,3.11.9,unknown,13156900,133,1,1,0.9999843835830688,grad_cam,attribution,5,35,0.1696601778844956,1.0,0.5242458494702261,1.0,1.0,10,10,1.0,0.005360664799809456,35
image,1,2026-10-05T14:25:51,nodeGcor3,3.11.9,unknown,13156900,133,1,1,0.9999843835830688,lime,attribution,5,35,0.056969817047838364,1.0,0.6560019266728863,0.8666666666666668,0.6666666666666666,10,10,0.6666666666666666,2.3353183306753635,35
image,1,2026-10-05T14:25:51,nodeGcor3,3.11.9,unknown,13156900,133,1,1,0.9999843835830688,kernel_shap,attribution,5,35,0.19824635628136072,1.0,0.587543587683897,0.9666666666666666,0.42857142857142855,10,10,0.42857142857142855,0.22639347100630403,35
image,1,2026-10-05T14:25:51,nodeGcor3,3.11.9,unknown,13156900,133,1,1,0.9999843835830688,random,attribution,5,35,0.0,0.49,0.3289065013283199,0.10277777777777779,0.0,10,10,0.0,3.0238181352615356e-05,35
image,1,2026-10-05T14:25:51,nodeGcor3,3.11.9,unknown,13156900,134,1,1,0.9999344348907471,cam,attribution,5,47,0.04064570130535578,0.71,0.3966605259597109,1.0,0.6666666666666666,10,10,1.0,0.003339324612170458,47
image,1,2026-10-05T14:25:51,nodeGcor3,3.11.9,unknown,13156900,134,1,1,0.9999344348907471,grad_cam,attribution,5,47,0.04064570130535578,0.67,0.403918102452132,1.0,0.6666666666666666,10,10,1.0,0.005015622824430466,47
image,1,2026-10-05T14:25:51,nodeGcor3,3.11.9,unknown,13156900,134,1,1,0.9999344348907471,lime,attribution,5,47,0.06315925569422624,0.78,0.6178209617224231,1.0,0.6666666666666666,10,10,0.6666666666666666,2.448633852414787,47
image,1,2026-10-05T14:25:51,nodeGcor3,3.11.9,unknown,13156900,134,1,1,0.9999344348907471,kernel_shap,attribution,5,47,0.012377000731277728,0.72,0.5053066920254614,0.8666666666666666,0.42857142857142855,10,10,0.6666666666666666,0.22787743201479316,47
image,1,2026-10-05T14:25:51,nodeGcor3,3.11.9,unknown,13156900,134,1,1,0.9999344348907471,random,attribution,5,47,0.00015337280691192167,0.51,0.30228567116952765,0.02222222222222222,0.0,10,10,0.25,3.735208883881569e-05,47
image,1,2026-10-05T14:25:51,nodeGcor3,3.11.9,unknown,13156900,135,1,1,0.988990306854248,cam,attribution,5,45,0.24218208489187,0.52,0.5588103544743739,1.0,0.0,10,10,1.0,0.003273816779255867,45
image,1,2026-10-05T14:25:51,nodeGcor3,3.11.9,unknown,13156900,135,1,1,0.988990306854248,grad_cam,attribution,5,45,0.24218208489187,0.54,0.5563380158756001,1.0,0.6666666666666666,10,10,1.0,0.005502218380570412,45
image,1,2026-10-05T14:25:51,nodeGcor3,3.11.9,unknown,13156900,135,1,1,0.988990306854248,lime,attribution,5,45,0.27463070478651674,0.62,0.6796360050406636,1.0,0.6666666666666666,10,10,1.0,2.4425594471395016,45
image,1,2026-10-05T14:25:51,nodeGcor3,3.11.9,unknown,13156900,135,1,1,0.988990306854248,kernel_shap,attribution,5,45,0.5138395944495052,0.59,0.5897841988673139,0.6666666666666667,0.42857142857142855,10,10,0.6666666666666666,0.22689387667924166,45
image,1,2026-10-05T14:25:51,nodeGcor3,3.11.9,unknown,13156900,135,1,1,0.988990306854248,random,attribution,5,45,0.006229767148372889,0.47,0.2734104675190714,0.09444444444444444,0.0,10,10,0.1111111111111111,2.925889566540718e-05,45
image,1,2026-10-05T14:25:51,nodeGcor3,3.11.9,unknown,13156900,136,1,1,0.9998231530189514,cam,attribution,5,46,0.053748224883060323,0.87,0.5655487162503207,1.0,1.0,10,10,1.0,0.003132792189717293,46
image,1,2026-10-05T14:25:51,nodeGcor3,3.11.9,unknown,13156900,136,1,1,0.9998231530189514,grad_cam,attribution,5,46,0.053748224883060323,0.81,0.5655487208474368,1.0,1.0,10,10,1.0,0.005349860060960054,46
image,1,2026-10-05T14:25:51,nodeGcor3,3.11.9,unknown,13156900,136,1,1,0.9998231530189514,lime,attribution,5,46,0.10382135186157686,0.99,0.5595388909513065,1.0,0.6666666666666666,10,10,0.42857142857142855,2.413836012594402,46
image,1,2026-10-05T14:25:51,nodeGcor3,3.11.9,unknown,13156900,136,1,1,0.9998231530189514,kernel_shap,attribution,5,46,0.10454406686631,0.99,0.4781888294586364,1.0,0.6666666666666666,10,10,0.6666666666666666,0.22659260500222445,46
image,1,2026-10-05T14:25:51,nodeGcor3,3.11.9,unknown,13156900,136,1,1,0.9998231530189514,random,attribution,5,46,0.0,0.53,0.2953461655065729,0.06944444444444445,0.0,10,10,0.25,2.99159437417984e-05,46
image,1,2026-10-05T14:25:51,nodeGcor3,3.11.9,unknown,13156900,137,1,1,0.985639214515686,cam,attribution,5,46,0.35339024018265536,0.56,0.3950982298191499,0.8,0.42857142857142855,10,10,1.0,0.0032566706649959087,46
image,1,2026-10-05T14:25:51,nodeGcor3,3.11.9,unknown,13156900,137,1,1,0.985639214515686,grad_cam,attribution,5,46,0.35339024018265536,0.67,0.4543419467366303,0.9,0.42857142857142855,10,10,1.0,0.005129658151417971,46
image,1,2026-10-05T14:25:51,nodeGcor3,3.11.9,unknown,13156900,137,1,1,0.985639214515686,lime,attribution,5,46,0.17710805516379585,0.68,0.5878807552388265,0.8666666666666666,0.25,10,10,0.42857142857142855,2.4730340321548283,46
image,1,2026-10-05T14:25:51,nodeGcor3,3.11.9,unknown,13156900,137,1,1,0.985639214515686,kernel_shap,attribution,5,46,0.6180076035445957,0.81,0.5865249679610849,0.9333333333333332,0.25,10,10,0.42857142857142855,0.22528783977031708,46
image,1,2026-10-05T14:25:51,nodeGcor3,3.11.9,unknown,13156900,137,1,1,0.985639214515686,random,attribution,5,46,0.0035677445127741073,0.44,0.266063482864895,0.061111111111111116,0.0,10,10,0.25,3.390386700630188e-05,46
image,1,2026-10-05T14:25:51,nodeGcor3,3.11.9,unknown,13156900,138,1,1,0.9984365105628967,cam,attribution,5,41,0.14622131457334622,1.0,0.49965137059115905,1.0,1.0,10,10,1.0,0.0031986520625650883,41
image,1,2026-10-05T14:25:51,nodeGcor3,3.11.9,unknown,13156900,138,1,1,0.9984365105628967,grad_cam,attribution,5,41,0.14622131457334622,1.0,0.49922401777309344,1.0,1.0,10,10,1.0,0.005319739691913128,41
image,1,2026-10-05T14:25:51,nodeGcor3,3.11.9,unknown,13156900,138,1,1,0.9984365105628967,lime,attribution,5,41,0.5382885863750824,0.91,0.6104490422087211,0.9333333333333332,0.42857142857142855,10,10,0.6666666666666666,2.3403275990858674,41
image,1,2026-10-05T14:25:51,nodeGcor3,3.11.9,unknown,13156900,138,1,1,0.9984365105628967,kernel_shap,attribution,5,41,0.25298581198666037,0.96,0.4727002079449878,0.8,0.42857142857142855,10,10,1.0,0.2272131098434329,41
image,1,2026-10-05T14:25:51,nodeGcor3,3.11.9,unknown,13156900,138,1,1,0.9984365105628967,random,attribution,5,41,0.0,0.52,0.3842575142834933,0.08055555555555555,0.0,10,10,0.1111111111111111,3.2078009098768234e-05,41
image,1,2026-10-05T14:25:51,nodeGcor3,3.11.9,unknown,13156900,139,1,1,0.9871664643287659,cam,attribution,5,48,0.6920892218384991,0.71,0.4213772604805399,1.0,1.0,10,10,1.0,0.0032983883284032345,48
image,1,2026-10-05T14:25:51,nodeGcor3,3.11.9,unknown,13156900,139,1,1,0.9871664643287659,grad_cam,attribution,5,48,0.6920892218384991,0.75,0.6107319299962369,1.0,0.6666666666666666,10,10,1.0,0.005513017997145653,48
image,1,2026-10-05T14:25:51,nodeGcor3,3.11.9,unknown,13156900,139,1,1,0.9871664643287659,lime,attribution,5,48,0.8787442264668655,0.72,0.5556099115312162,0.9666666666666666,0.6666666666666666,10,10,0.6666666666666666,2.3822279339656234,48
image,1,2026-10-05T14:25:51,nodeGcor3,3.11.9,unknown,13156900,139,1,1,0.9871664643287659,kernel_shap,attribution,5,48,0.9372748158299007,0.81,0.566604772477343,0.8333333333333333,0.42857142857142855,10,10,1.0,0.22861678898334503,48
image,1,2026-10-05T14:25:51,nodeGcor3,3.11.9,unknown,13156900,139,1,1,0.9871664643287659,random,attribution,5,48,0.0,0.51,0.322017697368123,0.09166666666666667,0.0,10,10,0.1111111111111111,2.7406029403209686e-05,48
