modality,seed,date,host,python,commit,slurm_job,instance,y_true,y_pred,p_pred,method,kind,k,d,fid_del,fid_suf,sparsity,stability,robustness,n_valid_stab,n_valid_rob,consistency,time_s,size_abductive,formally_sufficient,sufficient_at_size_E,k_min_sufficient,jaccard_abductive,anchor_precision
tabular,0,2026-10-02T18:05:27,nodeGcal1,3.11.9,unknown,13153034,36,0,0,0.5439098477363586,pyxai,set,26,30,0.15819141368940154,1.0,0.13333333333333341,0.9640211640211641,0.9259259259259259,10,10,1.0,0.06011644098907709,26,True,nan,26,1.0,nan
tabular,0,2026-10-02T18:05:27,nodeGcal1,3.11.9,unknown,13153034,36,0,0,0.5439098477363586,anchors,set,5,30,0.09007666931900159,0.85,0.8333333333333333,0.46428571428571425,0.25,10,10,0.42857142857142855,1.5972485160455108,26,False,nan,nan,0.19230769230769232,0.9883720930232558
tabular,0,2026-10-02T18:05:27,nodeGcal1,3.11.9,unknown,13153034,36,0,0,0.5439098477363586,lime,attribution,5,30,0.054963385833200096,0.74,0.5675547090725979,0.8666666666666666,0.6666666666666666,10,10,1.0,0.05941906105726957,26,False,False,28,0.8571428571428571,nan
tabular,0,2026-10-02T18:05:27,nodeGcal1,3.11.9,unknown,13153034,36,0,0,0.5439098477363586,treeshap,attribution,5,30,0.0,0.54,0.5792534091693969,0.7095238095238094,0.42857142857142855,10,10,1.0,0.00126359099522233,26,False,False,29,0.8571428571428571,nan
tabular,0,2026-10-02T18:05:27,nodeGcal1,3.11.9,unknown,13153034,36,0,0,0.5439098477363586,random,attribution,5,30,0.07488033534923208,0.46,0.34164857759497846,0.15555555555555556,0.0,10,10,0.0,3.71420755982399e-05,26,False,False,30,0.7333333333333333,nan
tabular,0,2026-10-02T18:05:27,nodeGcal1,3.11.9,unknown,13153034,92,0,0,0.6786414384841919,pyxai,set,27,30,0.3253167961183638,1.0,0.10000000000000009,1.0,0.8620689655172413,10,10,1.0,0.06418028008192778,27,True,nan,27,1.0,nan
tabular,0,2026-10-02T18:05:27,nodeGcal1,3.11.9,unknown,13153034,92,0,0,0.6786414384841919,anchors,set,4,30,0.22276038200151524,0.82,0.8666666666666667,0.36952380952380953,0.0,10,10,0.6,1.0333992629311979,27,False,nan,nan,0.14814814814814814,0.975
tabular,0,2026-10-02T18:05:27,nodeGcal1,3.11.9,unknown,13153034,92,0,0,0.6786414384841919,lime,attribution,5,30,0.22276038200151524,0.96,0.5790712157207862,1.0,1.0,10,10,1.0,0.048484181985259056,27,False,True,24,0.8,nan
tabular,0,2026-10-02T18:05:27,nodeGcal1,3.11.9,unknown,13153034,92,0,0,0.6786414384841919,treeshap,attribution,5,30,0.2351648741572114,0.84,0.6628921155111642,0.7666666666666667,0.6666666666666666,10,10,1.0,0.0009489469230175018,27,False,True,20,0.8620689655172413,nan
tabular,0,2026-10-02T18:05:27,nodeGcal1,3.11.9,unknown,13153034,92,0,0,0.6786414384841919,random,attribution,5,30,0.007035395408667388,0.51,0.4249636308533944,0.06944444444444445,0.0,10,10,0.0,3.4967903047800064e-05,27,False,True,25,0.8,nan
tabular,0,2026-10-02T18:05:27,nodeGcal1,3.11.9,unknown,13153034,136,0,0,0.6313100457191467,pyxai,set,24,30,0.2747335748763764,1.0,0.20000000000000018,0.8854700854700855,0.7777777777777778,10,10,1.0,0.06129325181245804,24,True,nan,24,1.0,nan
tabular,0,2026-10-02T18:05:27,nodeGcal1,3.11.9,unknown,13153034,136,0,0,0.6313100457191467,anchors,set,4,30,0.17510070456610766,0.93,0.8666666666666667,0.6799999999999999,0.3333333333333333,10,10,0.6,1.3217815677635372,24,False,nan,nan,0.16666666666666666,0.9619883040935673
tabular,0,2026-10-02T18:05:27,nodeGcal1,3.11.9,unknown,13153034,136,0,0,0.6313100457191467,lime,attribution,5,30,0.1412963544309773,0.95,0.5324219563412571,1.0,0.6666666666666666,10,10,0.6666666666666666,0.057353942189365625,24,False,True,19,0.7777777777777778,nan
tabular,0,2026-10-02T18:05:27,nodeGcal1,3.11.9,unknown,13153034,136,0,0,0.6313100457191467,treeshap,attribution,5,30,0.14185358715022484,0.83,0.5813288456053364,0.8999999999999998,0.42857142857142855,10,10,1.0,0.0010064863599836826,24,False,True,21,0.92,nan
tabular,0,2026-10-02T18:05:27,nodeGcal1,3.11.9,unknown,13153034,136,0,0,0.6313100457191467,random,attribution,5,30,0.03924902930381315,0.76,0.34789770442443557,0.10952380952380954,0.0,10,10,0.0,3.7309713661670685e-05,24,False,False,26,0.7142857142857143,nan
tabular,0,2026-10-02T18:05:27,nodeGcal1,3.11.9,unknown,13153034,202,1,1,0.8511988520622253,pyxai,set,26,30,0.3630959220830675,1.0,0.13333333333333341,0.8398832329866813,0.7333333333333333,10,10,1.0,0.0684133879840374,26,True,nan,26,1.0,nan
tabular,0,2026-10-02T18:05:27,nodeGcal1,3.11.9,unknown,13153034,202,1,1,0.8511988520622253,anchors,set,2,30,0.2784032235848727,1.0,0.9333333333333333,1.0,0.3333333333333333,10,10,0.3333333333333333,0.3075842731632292,26,False,nan,nan,0.07692307692307693,0.9772727272727273
tabular,0,2026-10-02T18:05:27,nodeGcal1,3.11.9,unknown,13153034,202,1,1,0.8511988520622253,lime,attribution,5,30,0.39235664632949524,1.0,0.5431642944989904,0.6428571428571429,0.6666666666666666,10,10,0.6666666666666666,0.047914163675159216,26,False,True,24,0.7333333333333333,nan
tabular,0,2026-10-02T18:05:27,nodeGcal1,3.11.9,unknown,13153034,202,1,1,0.8511988520622253,treeshap,attribution,5,30,0.3630959220830675,1.0,0.7910361056571961,0.5571428571428572,0.42857142857142855,10,10,1.0,0.0008433307521045208,26,False,True,20,0.9259259259259259,nan
tabular,0,2026-10-02T18:05:27,nodeGcal1,3.11.9,unknown,13153034,202,1,1,0.8511988520622253,random,attribution,5,30,0.2784032235848727,1.0,0.2953078527279077,0.14444444444444446,0.0,10,10,0.1111111111111111,2.4005770683288574e-05,26,False,False,28,0.7333333333333333,nan
tabular,0,2026-10-02T18:05:27,nodeGcal1,3.11.9,unknown,13153034,238,0,0,0.7112733125686646,pyxai,set,25,30,0.3562699852327786,1.0,0.16666666666666652,0.9319088319088319,0.8518518518518519,10,10,1.0,0.06525343423709273,25,True,nan,25,1.0,nan
tabular,0,2026-10-02T18:05:27,nodeGcal1,3.11.9,unknown,13153034,238,0,0,0.7112733125686646,anchors,set,4,30,0.2524144013174688,0.92,0.8666666666666667,0.5571428571428572,0.0,10,10,0.6,1.0270330412313342,25,False,nan,nan,0.16,0.9597197898423818
tabular,0,2026-10-02T18:05:27,nodeGcal1,3.11.9,unknown,13153034,238,0,0,0.7112733125686646,lime,attribution,5,30,0.2293379152893452,0.92,0.580196685269126,0.9666666666666666,1.0,10,10,1.0,0.04328554077073932,25,False,False,26,0.7857142857142857,nan
tabular,0,2026-10-02T18:05:27,nodeGcal1,3.11.9,unknown,13153034,238,0,0,0.7112733125686646,treeshap,attribution,5,30,0.24167041391963553,0.87,0.6357804115671843,0.7428571428571428,0.42857142857142855,10,10,1.0,0.0009169490076601505,25,False,True,21,0.8518518518518519,nan
tabular,0,2026-10-02T18:05:27,nodeGcal1,3.11.9,unknown,13153034,238,0,0,0.7112733125686646,random,attribution,5,30,0.03065861874607502,0.55,0.31590332767687634,0.08055555555555556,0.0,10,10,0.25,2.7910340577363968e-05,25,False,False,26,0.6666666666666666,nan
tabular,0,2026-10-02T18:05:27,nodeGcal1,3.11.9,unknown,13153034,304,0,0,0.6035586595535278,pyxai,set,27,30,0.24138611424769066,1.0,0.10000000000000009,0.819064039408867,0.8,10,10,1.0,0.061174517031759024,27,True,nan,27,1.0,nan
tabular,0,2026-10-02T18:05:27,nodeGcal1,3.11.9,unknown,13153034,304,0,0,0.6035586595535278,anchors,set,4,30,0.24325525669773576,0.88,0.8666666666666667,0.5095238095238095,0.14285714285714285,10,10,1.0,1.0182851683348417,27,False,nan,nan,0.14814814814814814,0.9822485207100592
tabular,0,2026-10-02T18:05:27,nodeGcal1,3.11.9,unknown,13153034,304,0,0,0.6035586595535278,lime,attribution,5,30,0.07432880434728938,0.56,0.5853838589413525,0.9666666666666666,0.6666666666666666,10,10,1.0,0.059248296078294516,27,False,True,25,0.8620689655172413,nan
tabular,0,2026-10-02T18:05:27,nodeGcal1,3.11.9,unknown,13153034,304,0,0,0.6035586595535278,treeshap,attribution,5,30,0.1256316145096886,0.53,0.6626566658368183,1.0,0.6666666666666666,10,10,1.0,0.0009529148228466511,27,False,True,21,0.8620689655172413,nan
tabular,0,2026-10-02T18:05:27,nodeGcal1,3.11.9,unknown,13153034,304,0,0,0.6035586595535278,random,attribution,5,30,0.02235248271929563,0.5,0.28509939642838145,0.11944444444444444,0.0,10,10,0.1111111111111111,3.7041958421468735e-05,27,False,False,28,0.8,nan
tabular,0,2026-10-02T18:05:27,nodeGcal1,3.11.9,unknown,13153034,361,1,1,0.534228503704071,pyxai,set,27,30,0.0,1.0,0.10000000000000009,0.9157635467980295,0.8620689655172413,10,10,1.0,0.05711963400244713,27,True,nan,27,1.0,nan
tabular,0,2026-10-02T18:05:27,nodeGcal1,3.11.9,unknown,13153034,361,1,1,0.534228503704071,anchors,set,2,30,0.18787900121690973,0.97,0.9333333333333333,0.7333333333333333,0.3333333333333333,10,10,1.0,0.3114497479982674,27,False,nan,nan,0.07407407407407407,0.9669811320754716
tabular,0,2026-10-02T18:05:27,nodeGcal1,3.11.9,unknown,13153034,361,1,1,0.534228503704071,lime,attribution,5,30,0.23047993460128327,0.92,0.5161092111832862,0.8333333333333333,0.6666666666666666,10,10,0.6666666666666666,0.02576816687360406,27,False,True,27,0.9285714285714286,nan
tabular,0,2026-10-02T18:05:27,nodeGcal1,3.11.9,unknown,13153034,361,1,1,0.534228503704071,treeshap,attribution,5,30,0.0392088826041935,0.93,0.6404316332366979,0.5476190476190477,0.42857142857142855,10,10,1.0,0.0008591869845986366,27,False,True,21,0.8620689655172413,nan
tabular,0,2026-10-02T18:05:27,nodeGcal1,3.11.9,unknown,13153034,361,1,1,0.534228503704071,random,attribution,5,30,0.017048227983300433,0.65,0.26733125281983516,0.1595238095238095,0.0,10,10,0.1111111111111111,2.3859087377786636e-05,27,False,False,30,0.8,nan
tabular,0,2026-10-02T18:05:27,nodeGcal1,3.11.9,unknown,13153034,389,1,1,0.5908883810043335,pyxai,set,27,30,0.1072151181897908,1.0,0.10000000000000009,0.8710344827586207,0.8,10,10,1.0,0.05997773399576545,27,True,nan,27,1.0,nan
tabular,0,2026-10-02T18:05:27,nodeGcal1,3.11.9,unknown,13153034,389,1,1,0.5908883810043335,anchors,set,2,30,0.46163560217409416,0.93,0.9333333333333333,0.7333333333333333,0.3333333333333333,10,10,0.3333333333333333,0.3007763437926769,27,False,nan,nan,0.07407407407407407,0.9775784753363229
tabular,0,2026-10-02T18:05:27,nodeGcal1,3.11.9,unknown,13153034,389,1,1,0.5908883810043335,lime,attribution,5,30,0.22415468985506778,0.66,0.59152689296661,0.9666666666666666,1.0,10,10,1.0,0.0510784387588501,27,False,True,27,0.8620689655172413,nan
tabular,0,2026-10-02T18:05:27,nodeGcal1,3.11.9,unknown,13153034,389,1,1,0.5908883810043335,treeshap,attribution,5,30,0.2082582754642122,0.81,0.7367231102016463,0.7,0.6666666666666666,10,10,1.0,0.000993151217699051,27,False,True,21,0.8,nan
tabular,0,2026-10-02T18:05:27,nodeGcal1,3.11.9,unknown,13153034,389,1,1,0.5908883810043335,random,attribution,5,30,0.3057222088509544,0.85,0.2914776986557921,0.09444444444444444,0.0,10,10,0.25,3.292271867394447e-05,27,False,True,27,0.8,nan
tabular,0,2026-10-02T18:05:27,nodeGcal1,3.11.9,unknown,13153034,390,0,0,0.664304256439209,pyxai,set,25,30,0.31075561301140514,1.0,0.16666666666666652,0.9703703703703702,0.8518518518518519,10,10,1.0,0.0641829501837492,25,True,nan,25,1.0,nan
tabular,0,2026-10-02T18:05:27,nodeGcal1,3.11.9,unknown,13153034,390,0,0,0.664304256439209,anchors,set,5,30,0.08056866935075767,0.73,0.8333333333333333,0.48571428571428577,0.25,10,10,0.6666666666666666,1.5185635541565716,25,False,nan,nan,0.2,0.9619047619047619
tabular,0,2026-10-02T18:05:27,nodeGcal1,3.11.9,unknown,13153034,390,0,0,0.664304256439209,lime,attribution,5,30,0.0,0.59,0.5460682239338885,0.7333333333333334,0.6666666666666666,10,10,0.6666666666666666,0.07141969073563814,25,False,True,22,0.8518518518518519,nan
tabular,0,2026-10-02T18:05:27,nodeGcal1,3.11.9,unknown,13153034,390,0,0,0.664304256439209,treeshap,attribution,5,30,0.1815171873463461,0.89,0.5422263246449475,0.8333333333333333,0.6666666666666666,10,10,1.0,0.0009234682656824589,25,False,True,20,0.9230769230769231,nan
tabular,0,2026-10-02T18:05:27,nodeGcal1,3.11.9,unknown,13153034,390,0,0,0.664304256439209,random,attribution,5,30,0.016853569652018056,0.52,0.32024318460923107,0.1873015873015873,0.0,10,10,0.1111111111111111,2.3640226572752e-05,25,False,True,25,0.7241379310344828,nan
tabular,0,2026-10-02T18:05:27,nodeGcal1,3.11.9,unknown,13153034,462,0,0,0.6190857887268066,pyxai,set,24,30,0.2604127112253787,1.0,0.20000000000000018,0.8173968253968255,0.7777777777777778,10,10,1.0,0.06207203818485141,24,True,nan,24,1.0,nan
tabular,0,2026-10-02T18:05:27,nodeGcal1,3.11.9,unknown,13153034,462,0,0,0.6190857887268066,anchors,set,5,30,0.13392318671017941,0.9,0.8333333333333333,0.3214285714285714,0.25,10,10,0.6666666666666666,1.5722376969642937,24,False,nan,nan,0.20833333333333334,0.9672897196261683
tabular,0,2026-10-02T18:05:27,nodeGcal1,3.11.9,unknown,13153034,462,0,0,0.6190857887268066,lime,attribution,5,30,0.05951271915872626,0.75,0.5713036275521322,0.6666666666666667,0.6666666666666666,10,10,0.6666666666666666,0.05028956988826394,24,False,False,26,0.7142857142857143,nan
tabular,0,2026-10-02T18:05:27,nodeGcal1,3.11.9,unknown,13153034,462,0,0,0.6190857887268066,treeshap,attribution,5,30,0.1243451137125987,0.82,0.5615006151852682,0.7666666666666667,0.6666666666666666,10,10,1.0,0.000873073935508728,24,False,True,24,0.7777777777777778,nan
tabular,0,2026-10-02T18:05:27,nodeGcal1,3.11.9,unknown,13153034,462,0,0,0.6190857887268066,random,attribution,5,30,0.13603303353495333,0.48,0.3724531173467419,0.12777777777777777,0.0,10,10,0.1111111111111111,2.3106113076210022e-05,24,False,False,30,0.6,nan
tabular,0,2026-10-02T18:05:27,nodeGcal1,3.11.9,unknown,13153034,536,1,1,0.6544856429100037,pyxai,set,25,30,0.20418649623280363,1.0,0.16666666666666652,0.8523606023606025,0.7857142857142857,10,10,1.0,0.059740202967077494,25,True,nan,25,1.0,nan
tabular,0,2026-10-02T18:05:27,nodeGcal1,3.11.9,unknown,13153034,536,1,1,0.6544856429100037,anchors,set,2,30,0.26193692296861865,0.97,0.9333333333333333,0.5333333333333332,0.3333333333333333,10,10,0.3333333333333333,0.30961477803066373,25,False,nan,nan,0.08,0.9727626459143969
tabular,0,2026-10-02T18:05:27,nodeGcal1,3.11.9,unknown,13153034,536,1,1,0.6544856429100037,lime,attribution,5,30,0.21709589782638175,0.98,0.5477815092163345,0.6428571428571429,0.6666666666666666,10,10,1.0,0.0586487976834178,25,False,False,28,0.7241379310344828,nan
tabular,0,2026-10-02T18:05:27,nodeGcal1,3.11.9,unknown,13153034,536,1,1,0.6544856429100037,treeshap,attribution,5,30,0.19619866112918719,0.96,0.6732085491542745,0.661904761904762,0.6666666666666666,10,10,1.0,0.000896308571100235,25,False,True,21,0.7857142857142857,nan
tabular,0,2026-10-02T18:05:27,nodeGcal1,3.11.9,unknown,13153034,536,1,1,0.6544856429100037,random,attribution,5,30,0.0,0.67,0.3191911138295769,0.1484126984126984,0.0,10,10,0.0,2.3935921490192413e-05,25,False,True,25,0.7241379310344828,nan
tabular,0,2026-10-02T18:05:27,nodeGcal1,3.11.9,unknown,13153034,551,1,1,0.6053402423858643,pyxai,set,25,30,0.11542475111078027,1.0,0.16666666666666652,0.8742979242979244,0.7857142857142857,10,10,1.0,0.05933047691360116,25,True,nan,25,1.0,nan
tabular,0,2026-10-02T18:05:27,nodeGcal1,3.11.9,unknown,13153034,551,1,1,0.6053402423858643,anchors,set,4,30,0.34753721079440925,0.86,0.8666666666666667,0.2457142857142857,0.14285714285714285,10,10,0.6,0.5491396258585155,25,False,nan,nan,0.16,0.9581056466302368
tabular,0,2026-10-02T18:05:27,nodeGcal1,3.11.9,unknown,13153034,551,1,1,0.6053402423858643,lime,attribution,5,30,0.17697670837237459,0.6,0.6029103768011647,0.9666666666666666,0.6666666666666666,10,10,0.6666666666666666,0.055784056428819895,25,False,False,28,0.7857142857142857,nan
tabular,0,2026-10-02T18:05:27,nodeGcal1,3.11.9,unknown,13153034,551,1,1,0.6053402423858643,treeshap,attribution,5,30,0.18338351094395744,0.87,0.678826040781694,0.6761904761904762,0.42857142857142855,10,10,1.0,0.0009279781952500343,25,False,True,21,0.8518518518518519,nan
tabular,0,2026-10-02T18:05:27,nodeGcal1,3.11.9,unknown,13153034,551,1,1,0.6053402423858643,random,attribution,5,30,0.0,0.6,0.3541245503170277,0.12777777777777777,0.0,10,10,0.0,2.847006544470787e-05,25,False,False,29,0.7241379310344828,nan
tabular,0,2026-10-02T18:05:27,nodeGcal1,3.11.9,unknown,13153034,573,1,1,0.5790998935699463,pyxai,set,24,30,0.16714710976602368,1.0,0.20000000000000018,0.8836239316239318,0.8461538461538461,10,10,1.0,0.05689816875383258,24,True,nan,24,1.0,nan
tabular,0,2026-10-02T18:05:27,nodeGcal1,3.11.9,unknown,13153034,573,1,1,0.5790998935699463,anchors,set,3,30,0.225749880296642,0.93,0.9,0.26000000000000006,0.2,10,10,1.0,0.520393680781126,24,False,nan,nan,0.125,0.9565217391304348
tabular,0,2026-10-02T18:05:27,nodeGcal1,3.11.9,unknown,13153034,573,1,1,0.5790998935699463,lime,attribution,5,30,0.08377207410203955,0.79,0.5388465062482423,0.9,0.6666666666666666,10,10,1.0,0.05801612185314298,24,False,False,26,0.7777777777777778,nan
tabular,0,2026-10-02T18:05:27,nodeGcal1,3.11.9,unknown,13153034,573,1,1,0.5790998935699463,treeshap,attribution,5,30,0.11449631338359707,0.91,0.6578924202662335,0.6523809523809524,0.42857142857142855,10,10,1.0,0.0008522230200469494,24,False,True,24,0.8461538461538461,nan
tabular,0,2026-10-02T18:05:27,nodeGcal1,3.11.9,unknown,13153034,573,1,1,0.5790998935699463,random,attribution,5,30,0.005464772217787239,0.61,0.3483023479338271,0.05833333333333333,0.0,10,10,0.1111111111111111,2.2274907678365707e-05,24,False,False,26,0.6551724137931034,nan
tabular,0,2026-10-02T18:05:27,nodeGcal1,3.11.9,unknown,13153034,585,0,0,0.5307465195655823,pyxai,set,27,30,0.13731326890636356,1.0,0.10000000000000009,0.9362068965517242,0.8620689655172413,10,10,1.0,0.05922277132049203,27,True,nan,27,1.0,nan
tabular,0,2026-10-02T18:05:27,nodeGcal1,3.11.9,unknown,13153034,585,0,0,0.5307465195655823,anchors,set,9,30,0.11868696198945045,0.87,0.7,0.34616383616383617,0.2,10,10,0.5,2.161831115372479,27,False,nan,nan,0.3333333333333333,0.9537953795379538
tabular,0,2026-10-02T18:05:27,nodeGcal1,3.11.9,unknown,13153034,585,0,0,0.5307465195655823,lime,attribution,5,30,0.05157219722410673,0.69,0.603806643882262,0.8,0.6666666666666666,10,10,0.6666666666666666,0.04456936102360487,27,False,True,27,0.8,nan
tabular,0,2026-10-02T18:05:27,nodeGcal1,3.11.9,unknown,13153034,585,0,0,0.5307465195655823,treeshap,attribution,5,30,0.02028929583402634,0.47,0.5903307390028008,1.0,0.6666666666666666,10,10,1.0,0.0008398140780627728,27,False,True,23,0.8,nan
tabular,0,2026-10-02T18:05:27,nodeGcal1,3.11.9,unknown,13153034,585,0,0,0.5307465195655823,random,attribution,5,30,0.10218015735729409,0.66,0.35556198268966444,0.06944444444444445,0.0,10,10,0.1111111111111111,2.6262830942869186e-05,27,False,False,30,0.8,nan
tabular,0,2026-10-02T18:05:27,nodeGcal1,3.11.9,unknown,13153034,717,0,0,0.6030539274215698,pyxai,set,28,30,0.24075118462286285,1.0,0.06666666666666687,0.9383908045977012,0.9310344827586207,10,10,1.0,0.06075019994750619,28,True,nan,28,1.0,nan
tabular,0,2026-10-02T18:05:27,nodeGcal1,3.11.9,unknown,13153034,717,0,0,0.6030539274215698,anchors,set,4,30,0.17852791867134843,0.71,0.8666666666666667,0.6342857142857142,0.14285714285714285,10,10,1.0,0.9982478022575378,28,False,nan,nan,0.14285714285714285,0.9527027027027027
tabular,0,2026-10-02T18:05:27,nodeGcal1,3.11.9,unknown,13153034,717,0,0,0.6030539274215698,lime,attribution,5,30,0.11076478275506184,0.84,0.5885382492563402,0.8,0.6666666666666666,10,10,1.0,0.025739421136677265,28,False,True,25,0.8666666666666667,nan
tabular,0,2026-10-02T18:05:27,nodeGcal1,3.11.9,unknown,13153034,717,0,0,0.6030539274215698,treeshap,attribution,5,30,0.2104252149182916,0.81,0.58154042721883,0.6428571428571429,0.42857142857142855,10,10,1.0,0.0009006266482174397,28,False,True,22,0.8666666666666667,nan
tabular,0,2026-10-02T18:05:27,nodeGcal1,3.11.9,unknown,13153034,717,0,0,0.6030539274215698,random,attribution,5,30,0.033676874457750014,0.36,0.2578545808418401,0.10119047619047619,0.0,10,10,0.1111111111111111,2.1674204617738724e-05,28,False,True,27,0.9310344827586207,nan
tabular,0,2026-10-02T18:05:27,nodeGcal1,3.11.9,unknown,13153034,871,1,1,0.5025434494018555,pyxai,set,25,30,0.0,1.0,0.16666666666666652,0.939031339031339,0.8518518518518519,10,10,1.0,0.0562639026902616,25,True,nan,25,1.0,nan
tabular,0,2026-10-02T18:05:27,nodeGcal1,3.11.9,unknown,13153034,871,1,1,0.5025434494018555,anchors,set,7,30,0.02732372783254737,0.86,0.7666666666666666,0.16258741258741258,0.07692307692307693,10,10,0.5555555555555556,1.4165427559055388,25,False,nan,nan,0.28,0.9633204633204633
tabular,0,2026-10-02T18:05:27,nodeGcal1,3.11.9,unknown,13153034,871,1,1,0.5025434494018555,lime,attribution,5,30,0.0,0.3,0.5300074481396471,0.9666666666666666,0.6666666666666666,10,10,0.6666666666666666,0.061493849847465754,25,False,False,28,0.7857142857142857,nan
tabular,0,2026-10-02T18:05:27,nodeGcal1,3.11.9,unknown,13153034,871,1,1,0.5025434494018555,treeshap,attribution,5,30,0.007202820923987817,0.57,0.5223972879699637,1.0,0.6666666666666666,10,10,1.0,0.0009162910282611847,25,False,False,30,0.7857142857142857,nan
tabular,0,2026-10-02T18:05:27,nodeGcal1,3.11.9,unknown,13153034,871,1,1,0.5025434494018555,random,attribution,5,30,0.00593403374102153,0.77,0.3124510344132264,0.11944444444444444,0.0,10,10,0.1111111111111111,2.2501684725284576e-05,25,False,False,29,0.6666666666666666,nan
tabular,0,2026-10-02T18:05:27,nodeGcal1,3.11.9,unknown,13153034,952,1,1,0.5186968445777893,pyxai,set,28,30,0.0,1.0,0.06666666666666687,0.9724137931034482,0.9310344827586207,10,10,1.0,0.05803465889766812,28,True,nan,28,1.0,nan
tabular,0,2026-10-02T18:05:27,nodeGcal1,3.11.9,unknown,13153034,952,1,1,0.5186968445777893,anchors,set,8,30,0.04236517541534187,0.97,0.7333333333333334,0.3146853146853147,0.23076923076923078,10,10,0.6,2.1474082418717444,28,False,nan,nan,0.2857142857142857,0.966542750929368
tabular,0,2026-10-02T18:05:27,nodeGcal1,3.11.9,unknown,13153034,952,1,1,0.5186968445777893,lime,attribution,5,30,0.0,0.14,0.5896678899111002,0.8333333333333333,0.6666666666666666,10,10,1.0,0.0493322997353971,28,False,False,30,0.8666666666666667,nan
tabular,0,2026-10-02T18:05:27,nodeGcal1,3.11.9,unknown,13153034,952,1,1,0.5186968445777893,treeshap,attribution,5,30,0.0,0.35,0.569396575779394,0.7666666666666667,0.6666666666666666,10,10,1.0,0.0008915429934859276,28,False,True,24,0.8666666666666667,nan
tabular,0,2026-10-02T18:05:27,nodeGcal1,3.11.9,unknown,13153034,952,1,1,0.5186968445777893,random,attribution,5,30,0.0,0.55,0.30530550085151575,0.08055555555555556,0.0,10,10,0.0,2.5550369173288345e-05,28,False,True,28,0.8666666666666667,nan
tabular,0,2026-10-02T18:05:27,nodeGcal1,3.11.9,unknown,13153034,957,1,1,0.5868042707443237,pyxai,set,26,30,0.07757232089330744,1.0,0.13333333333333341,0.9481481481481481,0.9259259259259259,10,10,1.0,0.0591494869440794,26,True,nan,26,1.0,nan
tabular,0,2026-10-02T18:05:27,nodeGcal1,3.11.9,unknown,13153034,957,1,1,0.5868042707443237,anchors,set,6,30,0.07671837985434551,0.94,0.8,0.2666666666666667,0.2,10,10,0.5,1.385658132378012,26,False,nan,nan,0.23076923076923078,0.9554140127388535
tabular,0,2026-10-02T18:05:27,nodeGcal1,3.11.9,unknown,13153034,957,1,1,0.5868042707443237,lime,attribution,5,30,0.0059847990978514655,0.54,0.5277903047518613,0.7666666666666667,0.42857142857142855,10,10,1.0,0.026937808841466904,26,False,False,27,0.7931034482758621,nan
tabular,0,2026-10-02T18:05:27,nodeGcal1,3.11.9,unknown,13153034,957,1,1,0.5868042707443237,treeshap,attribution,5,30,0.07671837985434551,0.84,0.4917342434000649,0.6428571428571429,0.42857142857142855,10,10,1.0,0.0008602212183177471,26,False,True,25,0.8571428571428571,nan
tabular,0,2026-10-02T18:05:27,nodeGcal1,3.11.9,unknown,13153034,957,1,1,0.5868042707443237,random,attribution,5,30,0.02102409541874396,0.46,0.3392742030261424,0.09166666666666667,0.0,10,10,0.1111111111111111,2.4507753551006317e-05,26,False,False,29,0.7333333333333333,nan
tabular,0,2026-10-02T18:05:27,nodeGcal1,3.11.9,unknown,13153034,1029,0,0,0.7742925882339478,pyxai,set,23,30,0.40866284017042026,1.0,0.23333333333333328,1.0,1.0,10,10,1.0,0.06495153391733766,23,True,nan,23,1.0,nan
tabular,0,2026-10-02T18:05:27,nodeGcal1,3.11.9,unknown,13153034,1029,0,0,0.7742925882339478,anchors,set,4,30,0.10212945270511299,0.86,0.8666666666666667,0.5352380952380952,0.14285714285714285,10,10,0.6,0.8749268110841513,23,False,nan,nan,0.17391304347826086,0.9787234042553191
tabular,0,2026-10-02T18:05:27,nodeGcal1,3.11.9,unknown,13153034,1029,0,0,0.7742925882339478,lime,attribution,5,30,0.03687802308060507,0.96,0.5641929298361051,0.7666666666666666,0.6666666666666666,10,10,0.6666666666666666,0.024453273974359035,23,False,True,21,0.7037037037037037,nan
tabular,0,2026-10-02T18:05:27,nodeGcal1,3.11.9,unknown,13153034,1029,0,0,0.7742925882339478,treeshap,attribution,5,30,0.2121905636391713,0.95,0.5995484300903713,0.8999999999999998,0.6666666666666666,10,10,1.0,0.000882257241755724,23,False,True,15,0.84,nan
tabular,0,2026-10-02T18:05:27,nodeGcal1,3.11.9,unknown,13153034,1029,0,0,0.7742925882339478,random,attribution,5,30,0.09271078176208197,0.7,0.3026196036058695,0.08333333333333333,0.0,10,10,0.1111111111111111,2.3851171135902405e-05,23,False,False,25,0.5862068965517241,nan
tabular,0,2026-10-02T18:05:27,nodeGcal1,3.11.9,unknown,13153034,1039,0,0,0.6586369872093201,pyxai,set,25,30,0.30482498114269607,1.0,0.16666666666666652,0.8641923848820401,0.7857142857142857,10,10,1.0,0.062422933988273144,25,True,nan,25,1.0,nan
tabular,0,2026-10-02T18:05:27,nodeGcal1,3.11.9,unknown,13153034,1039,0,0,0.6586369872093201,anchors,set,5,30,0.2737172847835245,0.95,0.8333333333333333,0.48809523809523814,0.25,10,10,0.6666666666666666,1.3152119601145387,25,False,nan,nan,0.2,0.9645833333333333
tabular,0,2026-10-02T18:05:27,nodeGcal1,3.11.9,unknown,13153034,1039,0,0,0.6586369872093201,lime,attribution,5,30,0.22082362187836393,0.93,0.5761584155337267,0.7666666666666667,0.6666666666666666,10,10,1.0,0.025825955905020237,25,False,False,29,0.7241379310344828,nan
tabular,0,2026-10-02T18:05:27,nodeGcal1,3.11.9,unknown,13153034,1039,0,0,0.6586369872093201,treeshap,attribution,5,30,0.2694515296022342,0.84,0.6141141753304329,1.0,0.6666666666666666,10,10,1.0,0.0008641760796308517,25,False,True,19,0.7241379310344828,nan
tabular,0,2026-10-02T18:05:27,nodeGcal1,3.11.9,unknown,13153034,1039,0,0,0.6586369872093201,random,attribution,5,30,0.07069016148729942,0.67,0.2388796394582512,0.10277777777777777,0.0,10,10,0.1111111111111111,2.38688662648201e-05,25,False,False,28,0.6666666666666666,nan
tabular,0,2026-10-02T18:05:27,nodeGcal1,3.11.9,unknown,13153034,1149,0,0,0.6666655540466309,pyxai,set,25,30,0.2913031373314765,1.0,0.16666666666666652,0.8901302401302402,0.7857142857142857,10,10,1.0,0.061362982261925936,25,True,nan,25,1.0,nan
tabular,0,2026-10-02T18:05:27,nodeGcal1,3.11.9,unknown,13153034,1149,0,0,0.6666655540466309,anchors,set,4,30,0.12883440300007368,0.89,0.8666666666666667,0.26095238095238094,0.0,10,10,0.3333333333333333,1.1970124640502036,25,False,nan,nan,0.16,0.9626865671641791
tabular,0,2026-10-02T18:05:27,nodeGcal1,3.11.9,unknown,13153034,1149,0,0,0.6666655540466309,lime,attribution,5,30,0.0970850419033273,0.8,0.5674729442580171,0.6761904761904762,0.6666666666666666,10,10,1.0,0.04874222120270133,25,False,True,21,0.7241379310344828,nan
tabular,0,2026-10-02T18:05:27,nodeGcal1,3.11.9,unknown,13153034,1149,0,0,0.6666655540466309,treeshap,attribution,5,30,0.2817921871054911,0.93,0.615370082349931,1.0,1.0,10,10,1.0,0.000909432303160429,25,False,True,20,0.7857142857142857,nan
tabular,0,2026-10-02T18:05:27,nodeGcal1,3.11.9,unknown,13153034,1149,0,0,0.6666655540466309,random,attribution,5,30,0.06289370423696748,0.52,0.3565511047393475,0.03333333333333333,0.0,10,10,0.0,2.8318725526332855e-05,25,False,False,29,0.7241379310344828,nan
tabular,0,2026-10-02T18:05:27,nodeGcal1,3.11.9,unknown,13153034,1188,1,1,0.528873085975647,pyxai,set,26,30,0.0,1.0,0.13333333333333341,1.0,0.9259259259259259,10,10,1.0,0.05858894903212786,26,True,nan,26,1.0,nan
tabular,0,2026-10-02T18:05:27,nodeGcal1,3.11.9,unknown,13153034,1188,1,1,0.528873085975647,anchors,set,7,30,0.13742736687787627,0.82,0.7666666666666666,0.3618181818181818,0.2727272727272727,10,10,0.5555555555555556,1.5805692076683044,26,False,nan,nan,0.2692307692307692,0.9555555555555556
tabular,0,2026-10-02T18:05:27,nodeGcal1,3.11.9,unknown,13153034,1188,1,1,0.528873085975647,lime,attribution,5,30,0.0003164650404180404,0.53,0.48713438095867934,0.9666666666666666,0.6666666666666666,10,10,1.0,0.053307684138417244,26,False,True,25,0.7931034482758621,nan
tabular,0,2026-10-02T18:05:27,nodeGcal1,3.11.9,unknown,13153034,1188,1,1,0.528873085975647,treeshap,attribution,5,30,0.0,0.43,0.5405117632373153,1.0,0.25,10,10,1.0,0.0008526789024472237,26,False,True,25,0.9259259259259259,nan
tabular,0,2026-10-02T18:05:27,nodeGcal1,3.11.9,unknown,13153034,1188,1,1,0.528873085975647,random,attribution,5,30,0.0,0.39,0.3374146984186238,0.12341269841269842,0.0,10,10,0.25,2.2578053176403046e-05,26,False,False,29,0.7333333333333333,nan
tabular,0,2026-10-02T18:05:27,nodeGcal1,3.11.9,unknown,13153034,1219,0,0,0.6094437837600708,pyxai,set,25,30,0.24871170696260161,1.0,0.16666666666666652,0.9253561253561253,0.8518518518518519,10,10,1.0,0.06142802583053708,25,True,nan,25,1.0,nan
tabular,0,2026-10-02T18:05:27,nodeGcal1,3.11.9,unknown,13153034,1219,0,0,0.6094437837600708,anchors,set,5,30,0.18727756223367373,0.94,0.8333333333333333,0.5238095238095238,0.42857142857142855,10,10,0.6666666666666666,1.5777249657548964,25,False,nan,nan,0.2,0.9668367346938775
tabular,0,2026-10-02T18:05:27,nodeGcal1,3.11.9,unknown,13153034,1219,0,0,0.6094437837600708,lime,attribution,5,30,0.0,0.52,0.540985378214367,0.7,0.6666666666666666,10,10,1.0,0.04550291411578655,25,False,True,21,0.8518518518518519,nan
tabular,0,2026-10-02T18:05:27,nodeGcal1,3.11.9,unknown,13153034,1219,0,0,0.6094437837600708,treeshap,attribution,5,30,0.1472098638893589,0.57,0.6147238668552454,1.0,0.6666666666666666,10,10,1.0,0.0009004920721054077,25,False,True,19,0.8518518518518519,nan
tabular,0,2026-10-02T18:05:27,nodeGcal1,3.11.9,unknown,13153034,1219,0,0,0.6094437837600708,random,attribution,5,30,0.0,0.44,0.26221664338809003,0.10277777777777779,0.0,10,10,0.25,2.4070963263511658e-05,25,False,False,28,0.7857142857142857,nan
tabular,0,2026-10-02T18:05:27,nodeGcal1,3.11.9,unknown,13153034,1276,0,0,0.5282161831855774,pyxai,set,27,30,0.13318070407832455,1.0,0.10000000000000009,0.9647783251231529,0.8620689655172413,10,10,1.0,0.05943152494728565,27,True,nan,27,1.0,nan
tabular,0,2026-10-02T18:05:27,nodeGcal1,3.11.9,unknown,13153034,1276,0,0,0.5282161831855774,anchors,set,6,30,0.05039349482966424,0.62,0.8,0.6785714285714286,0.5,10,10,1.0,1.9120561112649739,27,False,nan,nan,0.2222222222222222,0.9629629629629629
tabular,0,2026-10-02T18:05:27,nodeGcal1,3.11.9,unknown,13153034,1276,0,0,0.5282161831855774,lime,attribution,5,30,0.0,0.41,0.6038317049373219,0.9666666666666666,1.0,10,10,1.0,0.09355693636462092,27,False,True,27,0.9285714285714286,nan
tabular,0,2026-10-02T18:05:27,nodeGcal1,3.11.9,unknown,13153034,1276,0,0,0.5282161831855774,treeshap,attribution,5,30,0.08695241038786179,0.6,0.5776133456961131,0.5464285714285715,0.25,10,10,1.0,0.0008388659916818142,27,False,False,29,0.9285714285714286,nan
tabular,0,2026-10-02T18:05:27,nodeGcal1,3.11.9,unknown,13153034,1276,0,0,0.5282161831855774,random,attribution,5,30,0.02489540450081398,0.67,0.2880664099063608,0.08055555555555556,0.0,10,10,0.1111111111111111,2.3772940039634705e-05,27,False,False,29,0.8620689655172413,nan
tabular,0,2026-10-02T18:05:27,nodeGcal1,3.11.9,unknown,13153034,1280,1,1,0.794631838798523,pyxai,set,28,30,0.3361249982185331,1.0,0.06666666666666687,0.8859770114942529,0.8666666666666667,10,10,1.0,0.06602923199534416,28,True,nan,28,1.0,nan
tabular,0,2026-10-02T18:05:27,nodeGcal1,3.11.9,unknown,13153034,1280,1,1,0.794631838798523,anchors,set,2,30,0.2070654102136935,0.97,0.9333333333333333,0.5999999999999999,0.3333333333333333,10,10,1.0,0.31189268827438354,28,False,nan,nan,0.07142857142857142,0.985981308411215
tabular,0,2026-10-02T18:05:27,nodeGcal1,3.11.9,unknown,13153034,1280,1,1,0.794631838798523,lime,attribution,5,30,0.3602056300354568,0.98,0.5372424908144272,0.8666666666666666,0.6666666666666666,10,10,1.0,0.04121586587280035,28,False,True,22,0.8666666666666667,nan
tabular,0,2026-10-02T18:05:27,nodeGcal1,3.11.9,unknown,13153034,1280,1,1,0.794631838798523,treeshap,attribution,5,30,0.3381741727055269,1.0,0.7379807361223758,0.9,0.6666666666666666,10,10,1.0,0.0009023100137710571,28,False,True,18,0.9310344827586207,nan
tabular,0,2026-10-02T18:05:27,nodeGcal1,3.11.9,unknown,13153034,1280,1,1,0.794631838798523,random,attribution,5,30,0.21319103100802522,0.95,0.28428667590999546,0.09444444444444444,0.0,10,10,0.1111111111111111,2.2938009351491928e-05,28,False,True,27,0.8666666666666667,nan
tabular,0,2026-10-02T18:05:27,nodeGcal1,3.11.9,unknown,13153034,1708,1,1,0.56731778383255,pyxai,set,27,30,0.04929947038315665,1.0,0.10000000000000009,0.8638423645320197,0.8620689655172413,10,10,1.0,0.05874709179624915,27,True,nan,27,1.0,nan
tabular,0,2026-10-02T18:05:27,nodeGcal1,3.11.9,unknown,13153034,1708,1,1,0.56731778383255,anchors,set,3,30,0.19708204853260863,0.95,0.9,0.41,0.0,10,10,1.0,0.5764114051125944,27,False,nan,nan,0.1111111111111111,0.9664268585131894
tabular,0,2026-10-02T18:05:27,nodeGcal1,3.11.9,unknown,13153034,1708,1,1,0.56731778383255,lime,attribution,5,30,0.13993666535231672,0.79,0.5675616788461403,0.6761904761904762,0.42857142857142855,10,10,0.6666666666666666,0.02568562002852559,27,False,False,30,0.8,nan
tabular,0,2026-10-02T18:05:27,nodeGcal1,3.11.9,unknown,13153034,1708,1,1,0.56731778383255,treeshap,attribution,5,30,0.14546639093684785,0.9,0.6067714627812633,0.7,0.6666666666666666,10,10,1.0,0.0008513899520039558,27,False,True,25,0.8620689655172413,nan
tabular,0,2026-10-02T18:05:27,nodeGcal1,3.11.9,unknown,13153034,1708,1,1,0.56731778383255,random,attribution,5,30,0.11525136601515464,0.76,0.3922140828508466,0.06666666666666668,0.0,10,10,0.0,2.911500632762909e-05,27,False,False,29,0.8,nan
tabular,0,2026-10-02T18:05:27,nodeGcal1,3.11.9,unknown,13153034,1714,1,1,0.6839425563812256,pyxai,set,29,30,0.22868344939785537,1.0,0.033333333333333326,0.9333333333333333,0.9333333333333333,10,10,1.0,0.06071334471926093,29,True,nan,29,1.0,nan
tabular,0,2026-10-02T18:05:27,nodeGcal1,3.11.9,unknown,13153034,1714,1,1,0.6839425563812256,anchors,set,2,30,0.31334209525482776,0.98,0.9333333333333333,0.4666666666666666,0.3333333333333333,10,10,1.0,0.3149350699968636,29,False,nan,nan,0.06896551724137931,0.963265306122449
tabular,0,2026-10-02T18:05:27,nodeGcal1,3.11.9,unknown,13153034,1714,1,1,0.6839425563812256,lime,attribution,5,30,0.21296576140174012,0.98,0.49793656424483734,0.8,0.6666666666666666,10,10,1.0,0.065613629296422,29,False,True,29,0.9333333333333333,nan
tabular,0,2026-10-02T18:05:27,nodeGcal1,3.11.9,unknown,13153034,1714,1,1,0.6839425563812256,treeshap,attribution,5,30,0.27322741465274936,0.99,0.7247536246762696,0.8333333333333333,0.6666666666666666,10,10,1.0,0.000839713029563427,29,False,True,26,0.9333333333333333,nan
tabular,0,2026-10-02T18:05:27,nodeGcal1,3.11.9,unknown,13153034,1714,1,1,0.6839425563812256,random,attribution,5,30,0.022024284483747308,0.58,0.30311903950160834,0.08055555555555556,0.0,10,10,0.0,2.46511772274971e-05,29,False,True,26,0.9333333333333333,nan
tabular,0,2026-10-02T18:05:27,nodeGcal1,3.11.9,unknown,13153034,1770,0,0,0.6265504360198975,pyxai,set,28,30,0.26922406612319977,1.0,0.06666666666666687,0.9190804597701149,0.8666666666666667,10,10,1.0,0.06318526761606336,28,True,nan,28,1.0,nan
tabular,0,2026-10-02T18:05:27,nodeGcal1,3.11.9,unknown,13153034,1770,0,0,0.6265504360198975,anchors,set,5,30,0.12224275792892007,0.84,0.8333333333333333,0.48730158730158735,0.1111111111111111,10,10,0.6666666666666666,1.0298455962911248,28,False,nan,nan,0.17857142857142858,0.9529085872576177
tabular,0,2026-10-02T18:05:27,nodeGcal1,3.11.9,unknown,13153034,1770,0,0,0.6265504360198975,lime,attribution,5,30,0.08464738390444541,0.91,0.588348927237054,0.7,0.42857142857142855,10,10,0.6666666666666666,0.06918170116841793,28,False,True,23,0.8666666666666667,nan
tabular,0,2026-10-02T18:05:27,nodeGcal1,3.11.9,unknown,13153034,1770,0,0,0.6265504360198975,treeshap,attribution,5,30,0.11566974626161983,0.86,0.5633421425983205,0.6857142857142857,0.42857142857142855,10,10,1.0,0.0008592968806624413,28,False,True,19,0.9310344827586207,nan
tabular,0,2026-10-02T18:05:27,nodeGcal1,3.11.9,unknown,13153034,1770,0,0,0.6265504360198975,random,attribution,5,30,0.01212488246510674,0.54,0.3197743493715304,0.13333333333333336,0.0,10,10,0.25,2.5733839720487595e-05,28,False,True,25,0.8666666666666667,nan
tabular,0,2026-10-02T18:05:27,nodeGcal1,3.11.9,unknown,13153034,1882,1,1,0.5208576321601868,pyxai,set,25,30,0.0,1.0,0.16666666666666652,0.9242165242165242,0.7857142857142857,10,10,1.0,0.05424099834635854,25,True,nan,25,1.0,nan
tabular,0,2026-10-02T18:05:27,nodeGcal1,3.11.9,unknown,13153034,1882,1,1,0.5208576321601868,anchors,set,13,30,0.1943582458444722,1.0,0.5666666666666667,0.5825396825396826,0.4444444444444444,10,10,0.8571428571428571,4.101131514646113,25,False,nan,nan,0.46153846153846156,0.9418886198547215
tabular,0,2026-10-02T18:05:27,nodeGcal1,3.11.9,unknown,13153034,1882,1,1,0.5208576321601868,lime,attribution,5,30,0.0,0.22,0.5397485396652532,0.8,0.6666666666666666,10,10,0.6666666666666666,0.07187935197725892,25,False,False,26,0.8518518518518519,nan
tabular,0,2026-10-02T18:05:27,nodeGcal1,3.11.9,unknown,13153034,1882,1,1,0.5208576321601868,treeshap,attribution,5,30,0.01622101446912019,0.71,0.6873619918557599,0.8,0.6666666666666666,10,10,1.0,0.0008934498764574528,25,False,False,26,0.8518518518518519,nan
tabular,0,2026-10-02T18:05:27,nodeGcal1,3.11.9,unknown,13153034,1882,1,1,0.5208576321601868,random,attribution,5,30,0.2246960905716412,0.6,0.3138037680709469,0.09722222222222224,0.0,10,10,0.1111111111111111,2.700183540582657e-05,25,False,False,30,0.6666666666666666,nan
tabular,0,2026-10-02T18:05:27,nodeGcal1,3.11.9,unknown,13153034,1907,1,1,0.6701929569244385,pyxai,set,28,30,0.20102264573408757,1.0,0.06666666666666687,0.9250574712643678,0.8666666666666667,10,10,1.0,0.060682176146656275,28,True,nan,28,1.0,nan
tabular,0,2026-10-02T18:05:27,nodeGcal1,3.11.9,unknown,13153034,1907,1,1,0.6701929569244385,anchors,set,3,30,0.21775321034239503,0.96,0.9,0.36,0.2,10,10,0.2,0.47741111600771546,28,False,nan,nan,0.10714285714285714,1.0
tabular,0,2026-10-02T18:05:27,nodeGcal1,3.11.9,unknown,13153034,1907,1,1,0.6701929569244385,lime,attribution,5,30,0.24972260692218018,0.93,0.5377733190160437,0.7428571428571429,0.6666666666666666,10,10,1.0,0.043239901307970285,28,False,False,29,0.8666666666666667,nan
tabular,0,2026-10-02T18:05:27,nodeGcal1,3.11.9,unknown,13153034,1907,1,1,0.6701929569244385,treeshap,attribution,5,30,0.24151020653555522,0.96,0.65357468951375,0.8428571428571429,0.6666666666666666,10,10,1.0,0.000840919092297554,28,False,True,24,0.8666666666666667,nan
tabular,0,2026-10-02T18:05:27,nodeGcal1,3.11.9,unknown,13153034,1907,1,1,0.6701929569244385,random,attribution,5,30,0.0,0.37,0.37623394392290144,0.13333333333333336,0.0,10,10,0.0,2.2526364773511887e-05,28,False,True,26,0.8666666666666667,nan
tabular,0,2026-10-02T18:05:27,nodeGcal1,3.11.9,unknown,13153034,1960,0,0,0.5720990896224976,pyxai,set,26,30,0.19967014751678175,1.0,0.13333333333333341,0.8812625433315089,0.7931034482758621,10,10,1.0,0.059866480994969606,26,True,nan,26,1.0,nan
tabular,0,2026-10-02T18:05:27,nodeGcal1,3.11.9,unknown,13153034,1960,0,0,0.5720990896224976,anchors,set,6,30,0.1820082452702217,0.9,0.8,0.4461904761904762,0.09090909090909091,10,10,0.7142857142857143,1.0657206079922616,26,False,nan,nan,0.23076923076923078,0.9593023255813954
tabular,0,2026-10-02T18:05:27,nodeGcal1,3.11.9,unknown,13153034,1960,0,0,0.5720990896224976,lime,attribution,5,30,0.1820082452702217,0.9,0.5567233103867639,0.8,0.6666666666666666,10,10,1.0,0.024656430818140507,26,False,False,29,0.8571428571428571,nan
tabular,0,2026-10-02T18:05:27,nodeGcal1,3.11.9,unknown,13153034,1960,0,0,0.5720990896224976,treeshap,attribution,5,30,0.1541003914263359,0.65,0.6024596455684323,0.7,0.42857142857142855,10,10,1.0,0.0008996422402560711,26,False,True,23,0.8571428571428571,nan
tabular,0,2026-10-02T18:05:27,nodeGcal1,3.11.9,unknown,13153034,1960,0,0,0.5720990896224976,random,attribution,5,30,0.034551787152422894,0.65,0.31407196402988424,0.08333333333333333,0.0,10,10,0.25,2.466375008225441e-05,26,False,False,30,0.7333333333333333,nan
tabular,0,2026-10-02T18:05:27,nodeGcal1,3.11.9,unknown,13153034,2009,1,1,0.5005534887313843,pyxai,set,27,30,0.0,1.0,0.10000000000000009,1.0,0.9285714285714286,7,10,1.0,0.0575523697771132,27,True,nan,27,1.0,nan
tabular,0,2026-10-02T18:05:27,nodeGcal1,3.11.9,unknown,13153034,2009,1,1,0.5005534887313843,anchors,set,8,30,0.03386200159230397,0.79,0.7333333333333334,0.305982905982906,0.23076923076923078,9,8,0.3333333333333333,1.9417091440409422,27,False,nan,nan,0.2962962962962963,0.9596412556053812
tabular,0,2026-10-02T18:05:27,nodeGcal1,3.11.9,unknown,13153034,2009,1,1,0.5005534887313843,lime,attribution,5,30,0.0,0.12,0.5107330854521763,0.5476190476190477,0.42857142857142855,10,10,0.6666666666666666,0.04344250401481986,27,False,False,30,0.8620689655172413,nan
tabular,0,2026-10-02T18:05:27,nodeGcal1,3.11.9,unknown,13153034,2009,1,1,0.5005534887313843,treeshap,attribution,5,30,0.0,0.63,0.49586864344074943,1.0,0.6666666666666666,10,10,1.0,0.0009076222777366638,27,False,True,25,0.8620689655172413,nan
tabular,0,2026-10-02T18:05:27,nodeGcal1,3.11.9,unknown,13153034,2009,1,1,0.5005534887313843,random,attribution,5,30,0.012394952829840433,0.58,0.3288067573443697,0.07222222222222222,0.0,5,9,0.25,2.401880919933319e-05,27,False,False,28,0.8620689655172413,nan
tabular,0,2026-10-02T18:05:27,nodeGcal1,3.11.9,unknown,13153034,2010,1,1,0.7963702082633972,pyxai,set,29,30,0.31924623200202085,1.0,0.033333333333333326,0.9866666666666667,1.0,10,10,1.0,0.06315501499921083,29,True,nan,29,1.0,nan
tabular,0,2026-10-02T18:05:27,nodeGcal1,3.11.9,unknown,13153034,2010,1,1,0.7963702082633972,anchors,set,2,30,0.24513589117479206,1.0,0.9333333333333333,1.0,1.0,10,10,0.3333333333333333,0.2912466833367944,29,False,nan,nan,0.06896551724137931,0.9933774834437086
tabular,0,2026-10-02T18:05:27,nodeGcal1,3.11.9,unknown,13153034,2010,1,1,0.7963702082633972,lime,attribution,5,30,0.3499417515694144,1.0,0.48666811237750995,0.8,0.6666666666666666,10,10,1.0,0.04828358115628362,29,False,True,23,0.9333333333333333,nan
tabular,0,2026-10-02T18:05:27,nodeGcal1,3.11.9,unknown,13153034,2010,1,1,0.7963702082633972,treeshap,attribution,5,30,0.3021481751756528,1.0,0.7489652828723794,0.7666666666666667,0.42857142857142855,10,10,1.0,0.0008613732643425465,29,False,True,17,0.9333333333333333,nan
tabular,0,2026-10-02T18:05:27,nodeGcal1,3.11.9,unknown,13153034,2010,1,1,0.7963702082633972,random,attribution,5,30,0.0,0.62,0.3518595695173834,0.07222222222222222,0.0,10,10,0.25,2.719089388847351e-05,29,False,True,25,0.9333333333333333,nan
tabular,0,2026-10-02T18:05:27,nodeGcal1,3.11.9,unknown,13153034,2024,1,1,0.5389411449432373,pyxai,set,27,30,0.0,1.0,0.10000000000000009,0.9310344827586207,0.8620689655172413,10,10,1.0,0.056914453860372305,27,True,nan,27,1.0,nan
tabular,0,2026-10-02T18:05:27,nodeGcal1,3.11.9,unknown,13153034,2024,1,1,0.5389411449432373,anchors,set,5,30,0.042158467902656205,0.83,0.8333333333333333,0.2111111111111111,0.0,10,10,0.6666666666666666,1.2873949338681996,27,False,nan,nan,0.18518518518518517,0.9512195121951219
tabular,0,2026-10-02T18:05:27,nodeGcal1,3.11.9,unknown,13153034,2024,1,1,0.5389411449432373,lime,attribution,5,30,0.0,0.45,0.5300179808906229,0.9,0.6666666666666666,10,10,1.0,0.049152262043207884,27,False,False,30,0.8,nan
tabular,0,2026-10-02T18:05:27,nodeGcal1,3.11.9,unknown,13153034,2024,1,1,0.5389411449432373,treeshap,attribution,5,30,0.0,0.54,0.5202231091137074,1.0,0.6666666666666666,10,10,1.0,0.0009016441181302071,27,False,True,23,0.8620689655172413,nan
tabular,0,2026-10-02T18:05:27,nodeGcal1,3.11.9,unknown,13153034,2024,1,1,0.5389411449432373,random,attribution,5,30,0.0,0.73,0.21159063649473764,0.07777777777777777,0.0,10,10,0.0,2.494826912879944e-05,27,False,False,28,0.8620689655172413,nan
tabular,0,2026-10-02T18:05:27,nodeGcal1,3.11.9,unknown,13153034,2477,0,0,0.6289348602294922,pyxai,set,28,30,0.2719945912422705,1.0,0.06666666666666687,0.8997701149425288,0.8666666666666667,10,10,1.0,0.06339392205700278,28,True,nan,28,1.0,nan
tabular,0,2026-10-02T18:05:27,nodeGcal1,3.11.9,unknown,13153034,2477,0,0,0.6289348602294922,anchors,set,6,30,0.20137576840145205,0.83,0.8,0.5261904761904762,0.3333333333333333,10,10,0.5,1.4214899549260736,28,False,nan,nan,0.21428571428571427,0.9649122807017544
tabular,0,2026-10-02T18:05:27,nodeGcal1,3.11.9,unknown,13153034,2477,0,0,0.6289348602294922,lime,attribution,5,30,0.10698824539110761,0.77,0.5983764367290584,0.9666666666666666,0.6666666666666666,10,10,1.0,0.06537953577935696,28,False,True,22,0.9310344827586207,nan
tabular,0,2026-10-02T18:05:27,nodeGcal1,3.11.9,unknown,13153034,2477,0,0,0.6289348602294922,treeshap,attribution,5,30,0.22665748401027466,0.9,0.575507846138388,0.9,0.6666666666666666,10,10,1.0,0.0008675400167703629,28,False,True,16,0.8666666666666667,nan
tabular,0,2026-10-02T18:05:27,nodeGcal1,3.11.9,unknown,13153034,2477,0,0,0.6289348602294922,random,attribution,5,30,0.07102368359601265,0.51,0.29313370170362996,0.1623015873015873,0.0,10,10,0.0,2.5408342480659485e-05,28,False,True,27,0.8666666666666667,nan
tabular,0,2026-10-02T18:05:27,nodeGcal1,3.11.9,unknown,13153034,2488,1,1,0.5439239740371704,pyxai,set,24,30,0.014745116174074273,1.0,0.20000000000000018,0.968,0.8461538461538461,10,10,1.0,0.05825258931145072,24,True,nan,24,1.0,nan
tabular,0,2026-10-02T18:05:27,nodeGcal1,3.11.9,unknown,13153034,2488,1,1,0.5439239740371704,anchors,set,6,30,0.14245758876470738,0.92,0.8,0.25333333333333335,0.09090909090909091,10,10,0.7142857142857143,1.6836582459509373,24,False,nan,nan,0.25,0.9613445378151261
tabular,0,2026-10-02T18:05:27,nodeGcal1,3.11.9,unknown,13153034,2488,1,1,0.5439239740371704,lime,attribution,5,30,0.0,0.38,0.5070050011877678,0.7666666666666667,0.6666666666666666,10,10,1.0,0.02492799423635006,24,False,True,24,0.8461538461538461,nan
tabular,0,2026-10-02T18:05:27,nodeGcal1,3.11.9,unknown,13153034,2488,1,1,0.5439239740371704,treeshap,attribution,5,30,0.02095549518767677,0.75,0.506791759261864,0.7095238095238096,0.42857142857142855,10,10,1.0,0.0008537317626178265,24,False,False,25,0.7777777777777778,nan
tabular,0,2026-10-02T18:05:27,nodeGcal1,3.11.9,unknown,13153034,2488,1,1,0.5439239740371704,random,attribution,5,30,0.0,0.43,0.26422501106319496,0.10833333333333332,0.0,10,10,0.1111111111111111,2.7653295546770096e-05,24,False,False,29,0.6551724137931034,nan
tabular,0,2026-10-02T18:05:27,nodeGcal1,3.11.9,unknown,13153034,2494,0,0,0.5241817235946655,pyxai,set,27,30,0.14531043367813962,1.0,0.10000000000000009,0.9357142857142857,0.8620689655172413,10,10,1.0,0.058720223139971495,27,True,nan,27,1.0,nan
tabular,0,2026-10-02T18:05:27,nodeGcal1,3.11.9,unknown,13153034,2494,0,0,0.5241817235946655,anchors,set,6,30,0.08489398258646784,0.78,0.8,0.3566666666666667,0.2,10,10,0.7142857142857143,2.9500886723399162,27,False,nan,nan,0.2222222222222222,0.9525691699604744
tabular,0,2026-10-02T18:05:27,nodeGcal1,3.11.9,unknown,13153034,2494,0,0,0.5241817235946655,lime,attribution,5,30,0.0,0.46,0.5798490872582349,0.9333333333333332,0.6666666666666666,10,10,1.0,0.04473701072856784,27,False,False,30,0.8620689655172413,nan
tabular,0,2026-10-02T18:05:27,nodeGcal1,3.11.9,unknown,13153034,2494,0,0,0.5241817235946655,treeshap,attribution,5,30,0.09010325994876232,0.55,0.5395339653067721,0.8095238095238095,0.42857142857142855,10,10,1.0,0.0008577420376241207,27,False,False,30,0.8620689655172413,nan
tabular,0,2026-10-02T18:05:27,nodeGcal1,3.11.9,unknown,13153034,2494,0,0,0.5241817235946655,random,attribution,5,30,0.0,0.53,0.28121558231577837,0.11666666666666667,0.0,10,10,0.1111111111111111,2.2323336452245712e-05,27,False,False,30,0.8,nan
tabular,0,2026-10-02T18:05:27,nodeGcal1,3.11.9,unknown,13153034,2855,1,1,0.6136564612388611,pyxai,set,25,30,0.12741243775039587,1.0,0.16666666666666652,0.904945054945055,0.7857142857142857,10,10,1.0,0.061758656054735184,25,True,nan,25,1.0,nan
tabular,0,2026-10-02T18:05:27,nodeGcal1,3.11.9,unknown,13153034,2855,1,1,0.6136564612388611,anchors,set,3,30,0.16330995633312473,0.93,0.9,0.37000000000000005,0.2,10,10,1.0,0.43179418705403805,25,False,nan,nan,0.12,0.9652173913043478
tabular,0,2026-10-02T18:05:27,nodeGcal1,3.11.9,unknown,13153034,2855,1,1,0.6136564612388611,lime,attribution,5,30,0.16656731854381845,0.81,0.5370202849282715,0.8,0.6666666666666666,10,10,0.6666666666666666,0.056402505841106176,25,False,True,21,0.8518518518518519,nan
tabular,0,2026-10-02T18:05:27,nodeGcal1,3.11.9,unknown,13153034,2855,1,1,0.6136564612388611,treeshap,attribution,5,30,0.23106228413394775,0.98,0.6139614660094227,0.8666666666666666,0.6666666666666666,10,10,1.0,0.0009153489954769611,25,False,True,22,0.8518518518518519,nan
tabular,0,2026-10-02T18:05:27,nodeGcal1,3.11.9,unknown,13153034,2855,1,1,0.6136564612388611,random,attribution,5,30,0.007589471345926019,0.47,0.29268448962563276,0.05833333333333333,0.0,10,10,0.25,2.4594832211732864e-05,25,False,False,28,0.6666666666666666,nan
tabular,0,2026-10-02T18:05:27,nodeGcal1,3.11.9,unknown,13153034,2962,1,1,0.535281777381897,pyxai,set,27,30,0.0,1.0,0.10000000000000009,0.8962561576354681,0.8,10,10,1.0,0.05527901276946068,27,True,nan,27,1.0,nan
tabular,0,2026-10-02T18:05:27,nodeGcal1,3.11.9,unknown,13153034,2962,1,1,0.535281777381897,anchors,set,7,30,0.1054061015052773,0.94,0.7666666666666666,0.2642424242424242,0.16666666666666666,10,10,0.75,1.926276383921504,27,False,nan,nan,0.25925925925925924,0.9595141700404858
tabular,0,2026-10-02T18:05:27,nodeGcal1,3.11.9,unknown,13153034,2962,1,1,0.535281777381897,lime,attribution,5,30,0.0,0.28,0.5985545823751597,0.8666666666666666,0.6666666666666666,10,10,1.0,0.046660722233355045,27,False,False,30,0.8,nan
tabular,0,2026-10-02T18:05:27,nodeGcal1,3.11.9,unknown,13153034,2962,1,1,0.535281777381897,treeshap,attribution,5,30,0.002227817531644541,0.47,0.4829257589651009,0.9333333333333332,0.6666666666666666,10,10,1.0,0.0008437167853116989,27,False,True,25,0.9285714285714286,nan
tabular,0,2026-10-02T18:05:27,nodeGcal1,3.11.9,unknown,13153034,2962,1,1,0.535281777381897,random,attribution,5,30,0.0,0.44,0.3392172207860431,0.08055555555555556,0.0,10,10,0.1111111111111111,2.2303778678178787e-05,27,False,False,30,0.8,nan
tabular,0,2026-10-02T18:05:27,nodeGcal1,3.11.9,unknown,13153034,3061,1,1,0.5726636648178101,pyxai,set,25,30,0.036105512015256094,1.0,0.16666666666666652,0.8632275132275133,0.7241379310344828,10,10,1.0,0.0586894447915256,25,True,nan,25,1.0,nan
tabular,0,2026-10-02T18:05:27,nodeGcal1,3.11.9,unknown,13153034,3061,1,1,0.5726636648178101,anchors,set,3,30,0.1606672438424922,0.94,0.9,0.5900000000000001,0.2,10,10,1.0,0.5139912310987711,25,False,nan,nan,0.12,0.9551020408163265
tabular,0,2026-10-02T18:05:27,nodeGcal1,3.11.9,unknown,13153034,3061,1,1,0.5726636648178101,lime,attribution,5,30,0.11537347848632275,0.9,0.5442719383383023,0.8666666666666668,0.6666666666666666,10,10,0.6666666666666666,0.048579571302980185,25,False,False,27,0.7857142857142857,nan
tabular,0,2026-10-02T18:05:27,nodeGcal1,3.11.9,unknown,13153034,3061,1,1,0.5726636648178101,treeshap,attribution,5,30,0.03792738367613817,0.69,0.6483880646124454,0.7095238095238096,0.6666666666666666,10,10,1.0,0.0008743847720324993,25,False,True,23,0.9230769230769231,nan
tabular,0,2026-10-02T18:05:27,nodeGcal1,3.11.9,unknown,13153034,3061,1,1,0.5726636648178101,random,attribution,5,30,0.015414612151792385,0.56,0.3337448054664591,0.06666666666666668,0.0,10,10,0.1111111111111111,2.2448599338531494e-05,25,False,False,28,0.7241379310344828,nan
tabular,0,2026-10-02T18:05:27,nodeGcal1,3.11.9,unknown,13153034,3064,1,1,0.5213980078697205,pyxai,set,24,30,0.0,1.0,0.20000000000000018,0.9359999999999999,0.92,10,10,1.0,0.05824294500052929,24,True,nan,24,1.0,nan
tabular,0,2026-10-02T18:05:27,nodeGcal1,3.11.9,unknown,13153034,3064,1,1,0.5213980078697205,anchors,set,7,30,0.04540401735011644,0.91,0.7666666666666666,0.3236363636363636,0.2727272727272727,10,10,0.75,2.1125279902480543,24,False,nan,nan,0.2916666666666667,0.952513966480447
tabular,0,2026-10-02T18:05:27,nodeGcal1,3.11.9,unknown,13153034,3064,1,1,0.5213980078697205,lime,attribution,5,30,0.008579146273946693,0.53,0.597819917389165,0.5476190476190477,0.42857142857142855,10,10,1.0,0.059721619822084904,24,False,False,30,0.7777777777777778,nan
tabular,0,2026-10-02T18:05:27,nodeGcal1,3.11.9,unknown,13153034,3064,1,1,0.5213980078697205,treeshap,attribution,5,30,0.0,0.61,0.5342454445901574,0.9666666666666666,0.6666666666666666,10,10,1.0,0.0008475249633193016,24,False,True,22,0.8461538461538461,nan
tabular,0,2026-10-02T18:05:27,nodeGcal1,3.11.9,unknown,13153034,3064,1,1,0.5213980078697205,random,attribution,5,30,0.0,0.52,0.39617350229948767,0.06666666666666668,0.0,10,10,0.0,2.4734996259212494e-05,24,False,False,27,0.7142857142857143,nan
tabular,0,2026-10-02T18:05:27,nodeGcal1,3.11.9,unknown,13153034,3113,1,1,0.5732656717300415,pyxai,set,26,30,0.06593221611341137,1.0,0.13333333333333341,0.9126984126984127,0.8571428571428571,10,10,1.0,0.059873002115637064,26,True,nan,26,1.0,nan
tabular,0,2026-10-02T18:05:27,nodeGcal1,3.11.9,unknown,13153034,3113,1,1,0.5732656717300415,anchors,set,7,30,0.12907502150699296,0.92,0.7666666666666666,0.3109090909090909,0.2727272727272727,10,10,0.75,2.083870890084654,26,False,nan,nan,0.2222222222222222,0.9652509652509652
tabular,0,2026-10-02T18:05:27,nodeGcal1,3.11.9,unknown,13153034,3113,1,1,0.5732656717300415,lime,attribution,5,30,0.0012984255654254475,0.5,0.5299753447832057,0.7428571428571429,0.6666666666666666,10,10,1.0,0.0655262628570199,26,False,False,30,0.8571428571428571,nan
tabular,0,2026-10-02T18:05:27,nodeGcal1,3.11.9,unknown,13153034,3113,1,1,0.5732656717300415,treeshap,attribution,5,30,0.15035732696514234,0.81,0.5697173688930188,0.8,0.6666666666666666,10,10,1.0,0.0008533191867172718,26,False,True,21,0.8571428571428571,nan
tabular,0,2026-10-02T18:05:27,nodeGcal1,3.11.9,unknown,13153034,3113,1,1,0.5732656717300415,random,attribution,5,30,0.0,0.39,0.3186087489580459,0.13452380952380955,0.0,10,10,0.1111111111111111,2.298690378665924e-05,26,False,False,30,0.7333333333333333,nan
tabular,0,2026-10-02T18:05:27,nodeGcal1,3.11.9,unknown,13153034,3169,0,0,0.6711289882659912,pyxai,set,25,30,0.30783647771037104,1.0,0.16666666666666652,0.9341269841269841,0.7857142857142857,10,10,1.0,0.06290082912892103,25,True,nan,25,1.0,nan
tabular,0,2026-10-02T18:05:27,nodeGcal1,3.11.9,unknown,13153034,3169,0,0,0.6711289882659912,anchors,set,4,30,0.2998873146971547,0.98,0.8666666666666667,0.38857142857142857,0.14285714285714285,10,10,1.0,0.8321556588634849,25,False,nan,nan,0.16,0.9697247706422019
tabular,0,2026-10-02T18:05:27,nodeGcal1,3.11.9,unknown,13153034,3169,0,0,0.6711289882659912,lime,attribution,5,30,0.2998873146971547,1.0,0.5474262792750859,0.9,0.6666666666666666,10,10,1.0,0.04102485487237573,25,False,True,21,0.9230769230769231,nan
tabular,0,2026-10-02T18:05:27,nodeGcal1,3.11.9,unknown,13153034,3169,0,0,0.6711289882659912,treeshap,attribution,5,30,0.2848316416919989,0.96,0.685790544268234,0.719047619047619,0.42857142857142855,10,10,1.0,0.0009048809297382832,25,False,True,19,0.7857142857142857,nan
tabular,0,2026-10-02T18:05:27,nodeGcal1,3.11.9,unknown,13153034,3169,0,0,0.6711289882659912,random,attribution,5,30,0.004710526306440789,0.61,0.31590363239392616,0.1261904761904762,0.0,10,10,0.0,2.7129892259836197e-05,25,False,True,23,0.6666666666666666,nan
tabular,0,2026-10-02T18:05:27,nodeGcal1,3.11.9,unknown,13153034,3187,1,1,0.5148147940635681,pyxai,set,25,30,0.0,1.0,0.16666666666666652,0.8666666666666666,0.8518518518518519,10,10,1.0,0.05799688817933202,25,True,nan,25,1.0,nan
tabular,0,2026-10-02T18:05:27,nodeGcal1,3.11.9,unknown,13153034,3187,1,1,0.5148147940635681,anchors,set,9,30,0.1540623485106619,0.95,0.7,0.4106893106893107,0.2857142857142857,10,10,0.6363636363636364,1.850863897241652,25,False,nan,nan,0.36,0.9591194968553459
tabular,0,2026-10-02T18:05:27,nodeGcal1,3.11.9,unknown,13153034,3187,1,1,0.5148147940635681,lime,attribution,5,30,0.0,0.31,0.5533965036793889,0.9666666666666666,0.6666666666666666,10,10,0.6666666666666666,0.043873134069144726,25,False,False,27,0.7857142857142857,nan
tabular,0,2026-10-02T18:05:27,nodeGcal1,3.11.9,unknown,13153034,3187,1,1,0.5148147940635681,treeshap,attribution,5,30,0.0,0.49,0.5557781338849461,0.9333333333333332,0.6666666666666666,10,10,1.0,0.0009117512963712215,25,False,True,25,0.7857142857142857,nan
tabular,0,2026-10-02T18:05:27,nodeGcal1,3.11.9,unknown,13153034,3187,1,1,0.5148147940635681,random,attribution,5,30,0.0,0.36,0.26188060580073014,0.20833333333333331,0.0,10,10,0.0,2.4415086954832077e-05,25,False,False,29,0.7241379310344828,nan
tabular,0,2026-10-02T18:05:27,nodeGcal1,3.11.9,unknown,13153034,3305,1,1,0.813840389251709,pyxai,set,27,30,0.3420466683111205,1.0,0.10000000000000009,0.9224137931034484,0.9285714285714286,10,10,1.0,0.06340190581977367,27,True,nan,27,1.0,nan
tabular,0,2026-10-02T18:05:27,nodeGcal1,3.11.9,unknown,13153034,3305,1,1,0.813840389251709,anchors,set,2,30,0.3603310127394394,1.0,0.9333333333333333,1.0,1.0,10,10,1.0,0.2997724087908864,27,False,nan,nan,0.07407407407407407,0.9846153846153847
tabular,0,2026-10-02T18:05:27,nodeGcal1,3.11.9,unknown,13153034,3305,1,1,0.813840389251709,lime,attribution,5,30,0.372086050246463,1.0,0.5276855296810599,0.8,0.6666666666666666,10,10,0.6666666666666666,0.050386650022119284,27,False,True,17,0.8620689655172413,nan
tabular,0,2026-10-02T18:05:27,nodeGcal1,3.11.9,unknown,13153034,3305,1,1,0.813840389251709,treeshap,attribution,5,30,0.4248233261871853,1.0,0.7678318143733593,0.8,0.6666666666666666,10,10,1.0,0.0008541732095181942,27,False,True,19,0.8620689655172413,nan
tabular,0,2026-10-02T18:05:27,nodeGcal1,3.11.9,unknown,13153034,3305,1,1,0.813840389251709,random,attribution,5,30,0.003035233107191634,0.29,0.3294556690426359,0.09444444444444444,0.0,10,10,0.25,2.2625084966421127e-05,27,False,True,20,0.8,nan
tabular,0,2026-10-02T18:05:27,nodeGcal1,3.11.9,unknown,13153034,3529,0,0,0.5504670143127441,pyxai,set,24,30,0.1682190429248458,1.0,0.20000000000000018,0.792,0.7142857142857143,10,10,1.0,0.058253755792975426,24,True,nan,24,1.0,nan
tabular,0,2026-10-02T18:05:27,nodeGcal1,3.11.9,unknown,13153034,3529,0,0,0.5504670143127441,anchors,set,4,30,0.16712075747587735,0.89,0.8666666666666667,0.6209523809523809,0.14285714285714285,10,10,1.0,0.7967489729635417,24,False,nan,nan,0.16666666666666666,0.9686800894854586
tabular,0,2026-10-02T18:05:27,nodeGcal1,3.11.9,unknown,13153034,3529,0,0,0.5504670143127441,lime,attribution,5,30,0.10292395355908154,0.9,0.5821316267068921,0.8,0.6666666666666666,10,10,0.6666666666666666,0.061703057028353214,24,False,False,29,0.7142857142857143,nan
tabular,0,2026-10-02T18:05:27,nodeGcal1,3.11.9,unknown,13153034,3529,0,0,0.5504670143127441,treeshap,attribution,5,30,0.0386395510099072,0.69,0.5934211546229604,0.8666666666666666,0.6666666666666666,10,10,1.0,0.0009296750649809837,24,False,True,23,0.92,nan
tabular,0,2026-10-02T18:05:27,nodeGcal1,3.11.9,unknown,13153034,3529,0,0,0.5504670143127441,random,attribution,5,30,0.0,0.45,0.3647507856176532,0.10555555555555556,0.0,10,10,0.25,2.1758954972028732e-05,24,False,False,30,0.6551724137931034,nan
tabular,0,2026-10-02T18:05:27,nodeGcal1,3.11.9,unknown,13153034,3538,1,1,0.6688911318778992,pyxai,set,27,30,0.19946764121716276,1.0,0.10000000000000009,0.8953201970443351,0.8,10,10,1.0,0.05896694818511605,27,True,nan,27,1.0,nan
tabular,0,2026-10-02T18:05:27,nodeGcal1,3.11.9,unknown,13153034,3538,1,1,0.6688911318778992,anchors,set,3,30,0.24507537828599577,0.95,0.9,0.31000000000000005,0.2,10,10,0.5,0.48965149791911244,27,False,nan,nan,0.1111111111111111,1.0
tabular,0,2026-10-02T18:05:27,nodeGcal1,3.11.9,unknown,13153034,3538,1,1,0.6688911318778992,lime,attribution,5,30,0.2585479085924055,0.97,0.5547590619995263,0.6666666666666667,0.6666666666666666,10,10,0.6666666666666666,0.04310976667329669,27,False,True,26,0.8,nan
tabular,0,2026-10-02T18:05:27,nodeGcal1,3.11.9,unknown,13153034,3538,1,1,0.6688911318778992,treeshap,attribution,5,30,0.19134413953998577,0.93,0.635768021243839,0.5007936507936508,0.1111111111111111,10,10,1.0,0.0008719689212739468,27,False,True,21,0.8620689655172413,nan
tabular,0,2026-10-02T18:05:27,nodeGcal1,3.11.9,unknown,13153034,3538,1,1,0.6688911318778992,random,attribution,5,30,0.0,0.61,0.28572322407750816,0.11388888888888889,0.0,10,10,0.1111111111111111,2.787495031952858e-05,27,False,True,24,0.8620689655172413,nan
tabular,0,2026-10-02T18:05:27,nodeGcal1,3.11.9,unknown,13153034,3547,0,0,0.6270788311958313,pyxai,set,25,30,0.2599076462765515,1.0,0.16666666666666652,0.904945054945055,0.7857142857142857,10,10,1.0,0.06087851012125611,25,True,nan,25,1.0,nan
tabular,0,2026-10-02T18:05:27,nodeGcal1,3.11.9,unknown,13153034,3547,0,0,0.6270788311958313,anchors,set,6,30,0.19693303741969237,0.96,0.8,0.4499999999999999,0.3333333333333333,10,10,0.5,2.2913254434242845,25,False,nan,nan,0.24,0.9732988802756245
tabular,0,2026-10-02T18:05:27,nodeGcal1,3.11.9,unknown,13153034,3547,0,0,0.6270788311958313,lime,attribution,5,30,0.1902324925762575,0.93,0.5582891100771881,0.9,0.6666666666666666,10,10,1.0,0.05858526425436139,25,False,False,26,0.7241379310344828,nan
tabular,0,2026-10-02T18:05:27,nodeGcal1,3.11.9,unknown,13153034,3547,0,0,0.6270788311958313,treeshap,attribution,5,30,0.25492391762970246,0.86,0.5824684817832303,1.0,0.6666666666666666,10,10,1.0,0.0008508870378136635,25,False,True,21,0.8518518518518519,nan
tabular,0,2026-10-02T18:05:27,nodeGcal1,3.11.9,unknown,13153034,3547,0,0,0.6270788311958313,random,attribution,5,30,0.0,0.54,0.33527434284165736,0.12341269841269842,0.0,10,10,0.1111111111111111,2.691289409995079e-05,25,False,False,29,0.7241379310344828,nan
tabular,0,2026-10-02T18:05:27,nodeGcal1,3.11.9,unknown,13153034,3593,1,1,0.887066662311554,pyxai,set,28,30,0.4053026273997214,1.0,0.06666666666666687,0.8988505747126437,0.8666666666666667,10,10,1.0,0.06629744218662381,28,True,nan,28,1.0,nan
tabular,0,2026-10-02T18:05:27,nodeGcal1,3.11.9,unknown,13153034,3593,1,1,0.887066662311554,anchors,set,2,30,0.1687155707414657,0.97,0.9333333333333333,1.0,1.0,10,10,0.3333333333333333,0.3088353700004518,28,False,nan,nan,0.07142857142857142,0.9859154929577465
tabular,0,2026-10-02T18:05:27,nodeGcal1,3.11.9,unknown,13153034,3593,1,1,0.887066662311554,lime,attribution,5,30,0.47182098126061944,0.99,0.5505179405528979,1.0,1.0,10,10,1.0,0.05632565915584564,28,False,True,18,0.8666666666666667,nan
tabular,0,2026-10-02T18:05:27,nodeGcal1,3.11.9,unknown,13153034,3593,1,1,0.887066662311554,treeshap,attribution,5,30,0.6014691810366115,1.0,0.7231182584944749,0.48571428571428565,0.25,10,10,1.0,0.0008521191775798798,28,False,True,19,0.9310344827586207,nan
tabular,0,2026-10-02T18:05:27,nodeGcal1,3.11.9,unknown,13153034,3593,1,1,0.887066662311554,random,attribution,5,30,0.12725186324429572,0.92,0.35083352373014065,0.07777777777777777,0.0,10,10,0.25,2.344604581594467e-05,28,False,True,24,0.8666666666666667,nan
tabular,0,2026-10-02T18:05:27,nodeGcal1,3.11.9,unknown,13153034,3646,1,1,0.7142439484596252,pyxai,set,25,30,0.22717252112884684,1.0,0.16666666666666652,0.911050061050061,0.7241379310344828,10,10,1.0,0.06328113190829754,25,True,nan,25,1.0,nan
tabular,0,2026-10-02T18:05:27,nodeGcal1,3.11.9,unknown,13153034,3646,1,1,0.7142439484596252,anchors,set,3,30,0.2466284598421517,0.96,0.9,0.25,0.0,10,10,1.0,0.5147229498252273,25,False,nan,nan,0.12,0.9605263157894737
tabular,0,2026-10-02T18:05:27,nodeGcal1,3.11.9,unknown,13153034,3646,1,1,0.7142439484596252,lime,attribution,5,30,0.2466284598421517,0.91,0.5454995579923649,0.6428571428571429,0.6666666666666666,10,10,0.6666666666666666,0.04278715280815959,25,False,True,21,0.7857142857142857,nan
tabular,0,2026-10-02T18:05:27,nodeGcal1,3.11.9,unknown,13153034,3646,1,1,0.7142439484596252,treeshap,attribution,5,30,0.2555526672104915,0.89,0.6318518549443829,0.6190476190476191,0.42857142857142855,10,10,1.0,0.0008445968851447105,25,False,True,21,0.7857142857142857,nan
tabular,0,2026-10-02T18:05:27,nodeGcal1,3.11.9,unknown,13153034,3646,1,1,0.7142439484596252,random,attribution,5,30,0.0,0.38,0.3792772440563963,0.09166666666666667,0.0,10,10,0.1111111111111111,2.283463254570961e-05,25,False,False,26,0.6666666666666666,nan
tabular,0,2026-10-02T18:05:27,nodeGcal1,3.11.9,unknown,13153034,3682,0,0,0.5693153142929077,pyxai,set,29,30,0.1957567827381719,1.0,0.033333333333333326,0.9333333333333333,0.9333333333333333,10,10,1.0,0.06073296582326293,29,True,nan,29,1.0,nan
tabular,0,2026-10-02T18:05:27,nodeGcal1,3.11.9,unknown,13153034,3682,0,0,0.5693153142929077,anchors,set,6,30,0.2029082054532438,0.88,0.8,0.35051948051948056,0.2,10,10,0.5,1.1316714379936457,29,False,nan,nan,0.20689655172413793,0.967032967032967
tabular,0,2026-10-02T18:05:27,nodeGcal1,3.11.9,unknown,13153034,3682,0,0,0.5693153142929077,lime,attribution,5,30,0.11368884930010137,0.88,0.5696188712962622,0.7666666666666667,0.6666666666666666,10,10,1.0,0.0514069888740778,29,False,False,30,0.9333333333333333,nan
tabular,0,2026-10-02T18:05:27,nodeGcal1,3.11.9,unknown,13153034,3682,0,0,0.5693153142929077,treeshap,attribution,5,30,0.07473894747289596,0.56,0.6100372863146944,0.7,0.6666666666666666,10,10,1.0,0.000837177038192749,29,False,True,24,0.9333333333333333,nan
tabular,0,2026-10-02T18:05:27,nodeGcal1,3.11.9,unknown,13153034,3682,0,0,0.5693153142929077,random,attribution,5,30,0.12152801552338338,0.73,0.30637283732238074,0.06944444444444445,0.0,10,10,0.1111111111111111,2.1554995328187943e-05,29,False,True,27,0.9333333333333333,nan
tabular,0,2026-10-02T18:05:27,nodeGcal1,3.11.9,unknown,13153034,3696,0,0,0.7237136363983154,pyxai,set,25,30,0.3673354252629325,1.0,0.16666666666666652,0.8961741961741962,0.8518518518518519,10,10,1.0,0.06397160515189171,25,True,nan,25,1.0,nan
tabular,0,2026-10-02T18:05:27,nodeGcal1,3.11.9,unknown,13153034,3696,0,0,0.7237136363983154,anchors,set,4,30,0.2590625849331653,0.96,0.8666666666666667,0.7619047619047619,0.14285714285714285,10,10,1.0,0.7557858237996697,25,False,nan,nan,0.16,0.9820143884892086
tabular,0,2026-10-02T18:05:27,nodeGcal1,3.11.9,unknown,13153034,3696,0,0,0.7237136363983154,lime,attribution,5,30,0.1444467505085695,1.0,0.5375322992844449,1.0,0.6666666666666666,10,10,1.0,0.0410933680832386,25,False,True,19,0.9230769230769231,nan
tabular,0,2026-10-02T18:05:27,nodeGcal1,3.11.9,unknown,13153034,3696,0,0,0.7237136363983154,treeshap,attribution,5,30,0.3352369892685659,0.96,0.6963587840347953,0.8666666666666666,0.6666666666666666,10,10,1.0,0.0008492632769048214,25,False,True,20,0.9230769230769231,nan
tabular,0,2026-10-02T18:05:27,nodeGcal1,3.11.9,unknown,13153034,3696,0,0,0.7237136363983154,random,attribution,5,30,0.0,0.58,0.30967796154399163,0.06666666666666667,0.0,10,10,0.0,2.4168752133846283e-05,25,False,False,26,0.6666666666666666,nan
tabular,0,2026-10-02T18:05:27,nodeGcal1,3.11.9,unknown,13153034,3738,1,1,0.5304969549179077,pyxai,set,26,30,0.0,1.0,0.13333333333333341,0.9777777777777776,0.9259259259259259,10,10,1.0,0.05686785001307726,26,True,nan,26,1.0,nan
tabular,0,2026-10-02T18:05:27,nodeGcal1,3.11.9,unknown,13153034,3738,1,1,0.5304969549179077,anchors,set,6,30,0.1050328068993924,0.88,0.8,0.2712121212121212,0.09090909090909091,10,10,0.7142857142857143,1.3480560486204922,26,False,nan,nan,0.23076923076923078,0.9659090909090909
tabular,0,2026-10-02T18:05:27,nodeGcal1,3.11.9,unknown,13153034,3738,1,1,0.5304969549179077,lime,attribution,5,30,0.0,0.19,0.5334897805958628,0.8666666666666666,0.6666666666666666,10,10,1.0,0.058822182938456535,26,False,False,30,0.7931034482758621,nan
tabular,0,2026-10-02T18:05:27,nodeGcal1,3.11.9,unknown,13153034,3738,1,1,0.5304969549179077,treeshap,attribution,5,30,0.018255417649502902,0.65,0.5860073185605008,0.7,0.6666666666666666,10,10,1.0,0.0008473098278045654,26,False,True,25,0.8571428571428571,nan
tabular,0,2026-10-02T18:05:27,nodeGcal1,3.11.9,unknown,13153034,3738,1,1,0.5304969549179077,random,attribution,5,30,0.0,0.48,0.3653114873929961,0.10555555555555556,0.0,10,10,0.0,2.2682826966047287e-05,26,False,False,30,0.7333333333333333,nan
tabular,0,2026-10-02T18:05:27,nodeGcal1,3.11.9,unknown,13153034,3821,0,0,0.6055808067321777,pyxai,set,27,30,0.24391926739869055,1.0,0.10000000000000009,1.0,0.8620689655172413,10,10,1.0,0.059230078011751175,27,True,nan,27,1.0,nan
tabular,0,2026-10-02T18:05:27,nodeGcal1,3.11.9,unknown,13153034,3821,0,0,0.6055808067321777,anchors,set,6,30,0.21528509954763603,0.87,0.8,0.5142857142857142,0.3333333333333333,10,10,0.5,1.4060533600859344,27,False,nan,nan,0.2222222222222222,0.9798387096774194
tabular,0,2026-10-02T18:05:27,nodeGcal1,3.11.9,unknown,13153034,3821,0,0,0.6055808067321777,lime,attribution,5,30,0.058158004559073065,0.69,0.5440118916016343,0.7857142857142857,0.6666666666666666,10,10,0.6666666666666666,0.050672200974076986,27,False,True,26,0.8620689655172413,nan
tabular,0,2026-10-02T18:05:27,nodeGcal1,3.11.9,unknown,13153034,3821,0,0,0.6055808067321777,treeshap,attribution,5,30,0.3007736250930122,0.85,0.5752559065874703,0.9333333333333332,0.6666666666666666,10,10,1.0,0.0008538779802620411,27,False,True,24,0.9285714285714286,nan
tabular,0,2026-10-02T18:05:27,nodeGcal1,3.11.9,unknown,13153034,3821,0,0,0.6055808067321777,random,attribution,5,30,0.17361446304906714,0.75,0.28565538031632154,0.05833333333333333,0.0,10,10,0.0,2.308795228600502e-05,27,False,True,22,0.8620689655172413,nan
tabular,0,2026-10-02T18:05:27,nodeGcal1,3.11.9,unknown,13153034,3972,1,1,0.5085383057594299,pyxai,set,25,30,0.0,1.0,0.16666666666666652,0.9407407407407407,0.8518518518518519,10,10,1.0,0.056835029274225235,25,True,nan,25,1.0,nan
tabular,0,2026-10-02T18:05:27,nodeGcal1,3.11.9,unknown,13153034,3972,1,1,0.5085383057594299,anchors,set,18,30,0.013353599339510731,0.97,0.4,0.30476190476190473,0.2857142857142857,10,10,0.6363636363636364,3.4537382242269814,25,False,nan,nan,0.5925925925925926,0.9624277456647399
tabular,0,2026-10-02T18:05:27,nodeGcal1,3.11.9,unknown,13153034,3972,1,1,0.5085383057594299,lime,attribution,5,30,0.03477209006198768,0.57,0.5784679363681426,0.6666666666666667,0.6666666666666666,10,10,0.6666666666666666,0.02560379495844245,25,False,False,30,0.7241379310344828,nan
tabular,0,2026-10-02T18:05:27,nodeGcal1,3.11.9,unknown,13153034,3972,1,1,0.5085383057594299,treeshap,attribution,5,30,0.0,0.62,0.5069273561911047,1.0,0.6666666666666666,10,10,1.0,0.0008486881852149963,25,False,False,30,0.7857142857142857,nan
tabular,0,2026-10-02T18:05:27,nodeGcal1,3.11.9,unknown,13153034,3972,1,1,0.5085383057594299,random,attribution,5,30,0.0,0.4,0.33779788838787217,0.04444444444444444,0.0,10,10,0.1111111111111111,2.215523272752762e-05,25,False,False,30,0.7857142857142857,nan
tabular,0,2026-10-02T18:05:27,nodeGcal1,3.11.9,unknown,13153034,3986,1,1,0.5689329504966736,pyxai,set,26,30,0.029784881495877838,1.0,0.13333333333333341,0.8915343915343914,0.8571428571428571,10,10,1.0,0.055974085349589586,26,True,nan,26,1.0,nan
tabular,0,2026-10-02T18:05:27,nodeGcal1,3.11.9,unknown,13153034,3986,1,1,0.5689329504966736,anchors,set,6,30,0.0,0.91,0.8,0.2772727272727272,0.09090909090909091,10,10,0.5,1.2333886069245636,26,False,nan,nan,0.23076923076923078,0.9673590504451038
tabular,0,2026-10-02T18:05:27,nodeGcal1,3.11.9,unknown,13153034,3986,1,1,0.5689329504966736,lime,attribution,5,30,0.0,0.58,0.5186182344321568,0.8333333333333334,0.6666666666666666,10,10,1.0,0.041337689850479364,26,False,False,27,0.9259259259259259,nan
tabular,0,2026-10-02T18:05:27,nodeGcal1,3.11.9,unknown,13153034,3986,1,1,0.5689329504966736,treeshap,attribution,5,30,0.0,0.57,0.539616614544256,0.7,0.42857142857142855,10,10,1.0,0.0008064741268754005,26,False,True,23,0.8571428571428571,nan
tabular,0,2026-10-02T18:05:27,nodeGcal1,3.11.9,unknown,13153034,3986,1,1,0.5689329504966736,random,attribution,5,30,0.0,0.51,0.283817605165695,0.03333333333333333,0.0,10,10,0.1111111111111111,2.5348737835884094e-05,26,False,False,29,0.7333333333333333,nan
tabular,0,2026-10-02T18:05:27,nodeGcal1,3.11.9,unknown,13153034,4122,0,0,0.5173876285552979,pyxai,set,27,30,0.1150387934828239,1.0,0.10000000000000009,0.958128078817734,0.8620689655172413,10,10,1.0,0.05545751331374049,27,True,nan,27,1.0,nan
tabular,0,2026-10-02T18:05:27,nodeGcal1,3.11.9,unknown,13153034,4122,0,0,0.5173876285552979,anchors,set,6,30,0.03599347213306785,0.66,0.8,0.34,0.2,10,10,0.7142857142857143,1.6649466431699693,27,False,nan,nan,0.2222222222222222,0.9506641366223909
tabular,0,2026-10-02T18:05:27,nodeGcal1,3.11.9,unknown,13153034,4122,0,0,0.5173876285552979,lime,attribution,5,30,0.0,0.44,0.5691783615664796,0.8,0.6666666666666666,10,10,0.6666666666666666,0.05161292618140578,27,False,False,28,0.8620689655172413,nan
tabular,0,2026-10-02T18:05:27,nodeGcal1,3.11.9,unknown,13153034,4122,0,0,0.5173876285552979,treeshap,attribution,5,30,0.0,0.43,0.5242454256373137,0.7285714285714285,0.42857142857142855,10,10,1.0,0.0008548060432076454,27,False,False,28,0.8620689655172413,nan
tabular,0,2026-10-02T18:05:27,nodeGcal1,3.11.9,unknown,13153034,4122,0,0,0.5173876285552979,random,attribution,5,30,0.02500816789788031,0.61,0.30000092650449117,0.04444444444444444,0.0,10,10,0.25,2.6374123990535736e-05,27,False,False,29,0.8,nan
tabular,0,2026-10-02T18:05:27,nodeGcal1,3.11.9,unknown,13153034,4205,0,0,0.5402865409851074,pyxai,set,26,30,0.15254601906513582,1.0,0.13333333333333341,0.8994161649334064,0.7931034482758621,10,10,1.0,0.06037507904693484,26,True,nan,26,1.0,nan
tabular,0,2026-10-02T18:05:27,nodeGcal1,3.11.9,unknown,13153034,4205,0,0,0.5402865409851074,anchors,set,5,30,0.09084060197888379,0.86,0.8333333333333333,0.21785714285714283,0.0,10,10,0.1111111111111111,1.0487570390105247,26,False,nan,nan,0.19230769230769232,0.9616613418530351
tabular,0,2026-10-02T18:05:27,nodeGcal1,3.11.9,unknown,13153034,4205,0,0,0.5402865409851074,lime,attribution,5,30,0.0,0.13,0.5599442873431553,0.7,0.6666666666666666,10,10,0.6666666666666666,0.04496444296091795,26,False,True,26,0.8571428571428571,nan
tabular,0,2026-10-02T18:05:27,nodeGcal1,3.11.9,unknown,13153034,4205,0,0,0.5402865409851074,treeshap,attribution,5,30,0.10524778851661382,0.39,0.6819810805225512,0.725,0.42857142857142855,10,10,1.0,0.0009051831439137459,26,False,True,24,0.8571428571428571,nan
tabular,0,2026-10-02T18:05:27,nodeGcal1,3.11.9,unknown,13153034,4205,0,0,0.5402865409851074,random,attribution,5,30,0.0,0.1,0.3591000181228339,0.05833333333333333,0.0,10,10,0.25,2.560112625360489e-05,26,False,True,26,0.8571428571428571,nan
tabular,0,2026-10-02T18:05:27,nodeGcal1,3.11.9,unknown,13153034,4251,1,1,0.5008274912834167,pyxai,set,25,30,0.0,1.0,0.16666666666666652,0.9692307692307693,0.9230769230769231,10,9,1.0,0.05380197614431381,25,True,nan,25,1.0,nan
tabular,0,2026-10-02T18:05:27,nodeGcal1,3.11.9,unknown,13153034,4251,1,1,0.5008274912834167,anchors,set,4,30,0.13583852693207288,0.95,0.8666666666666667,0.21904761904761902,0.14285714285714285,10,10,0.6,0.6204319489188492,25,False,nan,nan,0.11538461538461539,0.9618055555555556
tabular,0,2026-10-02T18:05:27,nodeGcal1,3.11.9,unknown,13153034,4251,1,1,0.5008274912834167,lime,attribution,5,30,0.03459884693717613,0.5,0.49613149535074075,0.9666666666666666,0.6666666666666666,10,10,1.0,0.04542107507586479,25,False,False,29,0.7857142857142857,nan
tabular,0,2026-10-02T18:05:27,nodeGcal1,3.11.9,unknown,13153034,4251,1,1,0.5008274912834167,treeshap,attribution,5,30,0.0,0.62,0.6264904564039573,0.8333333333333334,0.6666666666666666,10,10,1.0,0.0008557001128792763,25,False,False,30,0.8518518518518519,nan
tabular,0,2026-10-02T18:05:27,nodeGcal1,3.11.9,unknown,13153034,4251,1,1,0.5008274912834167,random,attribution,5,30,0.0,0.44,0.30194187835250796,0.1261904761904762,0.0,10,10,0.0,2.5908928364515305e-05,25,False,False,30,0.7241379310344828,nan
tabular,0,2026-10-02T18:05:27,nodeGcal1,3.11.9,unknown,13153034,4296,0,0,0.6781121492385864,pyxai,set,24,30,0.3393236642109747,1.0,0.20000000000000018,0.913846153846154,0.8461538461538461,10,10,1.0,0.05925981095060706,24,True,nan,24,1.0,nan
tabular,0,2026-10-02T18:05:27,nodeGcal1,3.11.9,unknown,13153034,4296,0,0,0.6781121492385864,anchors,set,5,30,0.23083328806590656,0.92,0.8333333333333333,0.4202380952380952,0.25,10,10,0.42857142857142855,1.1843084902502596,24,False,nan,nan,0.20833333333333334,0.957983193277311
tabular,0,2026-10-02T18:05:27,nodeGcal1,3.11.9,unknown,13153034,4296,0,0,0.6781121492385864,lime,attribution,5,30,0.15255122822395054,0.81,0.5463871854474767,1.0,0.6666666666666666,10,10,1.0,0.05830978788435459,24,False,False,27,0.6551724137931034,nan
tabular,0,2026-10-02T18:05:27,nodeGcal1,3.11.9,unknown,13153034,4296,0,0,0.6781121492385864,treeshap,attribution,5,30,0.35586719468702804,0.88,0.6647980779853232,0.7666666666666666,0.42857142857142855,10,10,1.0,0.0008329926058650017,24,False,True,19,0.8461538461538461,nan
tabular,0,2026-10-02T18:05:27,nodeGcal1,3.11.9,unknown,13153034,4296,0,0,0.6781121492385864,random,attribution,5,30,0.0,0.27,0.3833583516096484,0.10277777777777777,0.0,10,10,0.0,2.5433022528886795e-05,24,False,False,26,0.6551724137931034,nan
tabular,0,2026-10-02T18:05:27,nodeGcal1,3.11.9,unknown,13153034,4450,0,0,0.5177628397941589,pyxai,set,28,30,0.11568010522851296,1.0,0.06666666666666687,0.9866666666666667,0.8666666666666667,10,10,1.0,0.056815276853740215,28,True,nan,28,1.0,nan
tabular,0,2026-10-02T18:05:27,nodeGcal1,3.11.9,unknown,13153034,4450,0,0,0.5177628397941589,anchors,set,6,30,0.28524596278483033,0.86,0.8,0.30242424242424243,0.09090909090909091,10,10,0.7142857142857143,0.9609258607961237,28,False,nan,nan,0.21428571428571427,0.9803921568627451
tabular,0,2026-10-02T18:05:27,nodeGcal1,3.11.9,unknown,13153034,4450,0,0,0.5177628397941589,lime,attribution,5,30,0.15900052713259324,0.78,0.5465043927238076,0.9,0.6666666666666666,10,10,1.0,0.05076589062809944,28,False,False,30,0.8666666666666667,nan
tabular,0,2026-10-02T18:05:27,nodeGcal1,3.11.9,unknown,13153034,4450,0,0,0.5177628397941589,treeshap,attribution,5,30,0.2239721806608532,0.67,0.5834560698901925,1.0,0.6666666666666666,10,10,1.0,0.0009249476715922356,28,False,True,28,0.8666666666666667,nan
tabular,0,2026-10-02T18:05:27,nodeGcal1,3.11.9,unknown,13153034,4450,0,0,0.5177628397941589,random,attribution,5,30,0.008320843817370142,0.52,0.35840861805267754,0.07777777777777777,0.0,10,10,0.0,2.376595512032509e-05,28,False,False,30,0.8666666666666667,nan
tabular,0,2026-10-02T18:05:27,nodeGcal1,3.11.9,unknown,13153034,4468,1,1,0.6804989576339722,pyxai,set,27,30,0.2033315938034899,1.0,0.10000000000000009,0.9124137931034483,0.8,10,10,1.0,0.06113435700535774,27,True,nan,27,1.0,nan
tabular,0,2026-10-02T18:05:27,nodeGcal1,3.11.9,unknown,13153034,4468,1,1,0.6804989576339722,anchors,set,2,30,0.14505471635941103,0.9,0.9333333333333333,0.4666666666666666,0.3333333333333333,10,10,0.3333333333333333,0.2943186010234058,27,False,nan,nan,0.07407407407407407,0.9805194805194806
tabular,0,2026-10-02T18:05:27,nodeGcal1,3.11.9,unknown,13153034,4468,1,1,0.6804989576339722,lime,attribution,5,30,0.15283214903408796,0.99,0.4961682440777605,0.6190476190476191,0.42857142857142855,10,10,0.6666666666666666,0.04740211786702275,27,False,True,27,0.8620689655172413,nan
tabular,0,2026-10-02T18:05:27,nodeGcal1,3.11.9,unknown,13153034,4468,1,1,0.6804989576339722,treeshap,attribution,5,30,0.19444229849876649,0.97,0.6360870889731154,0.8666666666666668,0.6666666666666666,10,10,1.0,0.0008621360175311565,27,False,True,19,0.8620689655172413,nan
tabular,0,2026-10-02T18:05:27,nodeGcal1,3.11.9,unknown,13153034,4468,1,1,0.6804989576339722,random,attribution,5,30,0.0,0.37,0.34302176705654863,0.09444444444444444,0.0,10,10,0.1111111111111111,2.292729914188385e-05,27,False,True,27,0.8,nan
tabular,0,2026-10-02T18:05:27,nodeGcal1,3.11.9,unknown,13153034,4542,0,0,0.5118773579597473,pyxai,set,25,30,0.1055123402442769,1.0,0.16666666666666652,0.9774928774928775,0.7857142857142857,10,10,1.0,0.056443256326019764,25,True,nan,25,1.0,nan
tabular,0,2026-10-02T18:05:27,nodeGcal1,3.11.9,unknown,13153034,4542,0,0,0.5118773579597473,anchors,set,5,30,0.20963388273958744,0.86,0.8333333333333333,0.488095238095238,0.1111111111111111,10,10,0.42857142857142855,1.2332870601676404,25,False,nan,nan,0.2,0.9690721649484536
tabular,0,2026-10-02T18:05:27,nodeGcal1,3.11.9,unknown,13153034,4542,0,0,0.5118773579597473,lime,attribution,5,30,0.08493076926928507,0.83,0.5414372466597852,0.8999999999999998,0.6666666666666666,10,10,0.6666666666666666,0.052749793976545334,25,False,False,29,0.7857142857142857,nan
tabular,0,2026-10-02T18:05:27,nodeGcal1,3.11.9,unknown,13153034,4542,0,0,0.5118773579597473,treeshap,attribution,5,30,0.002625328704637945,0.51,0.5402356566198094,0.7666666666666667,0.42857142857142855,10,10,1.0,0.0009089987725019455,25,False,True,23,0.8518518518518519,nan
tabular,0,2026-10-02T18:05:27,nodeGcal1,3.11.9,unknown,13153034,4542,0,0,0.5118773579597473,random,attribution,5,30,0.07738047482515178,0.57,0.36943806542981805,0.12341269841269842,0.0,10,10,0.0,2.347305417060852e-05,25,False,False,30,0.7241379310344828,nan
tabular,0,2026-10-02T18:05:27,nodeGcal1,3.11.9,unknown,13153034,4667,0,0,0.5201669931411743,pyxai,set,27,30,0.11976733233611636,1.0,0.10000000000000009,1.0,0.9285714285714286,10,10,1.0,0.05662597296759486,27,True,nan,27,1.0,nan
tabular,0,2026-10-02T18:05:27,nodeGcal1,3.11.9,unknown,13153034,4667,0,0,0.5201669931411743,anchors,set,5,30,0.0,0.63,0.8333333333333333,0.2123015873015873,0.1111111111111111,10,10,1.0,1.4368451149202883,27,False,nan,nan,0.18518518518518517,0.9642105263157895
tabular,0,2026-10-02T18:05:27,nodeGcal1,3.11.9,unknown,13153034,4667,0,0,0.5201669931411743,lime,attribution,5,30,0.0,0.48,0.5357938954117192,0.6190476190476191,0.42857142857142855,10,10,1.0,0.053116461262106895,27,False,False,29,0.8620689655172413,nan
tabular,0,2026-10-02T18:05:27,nodeGcal1,3.11.9,unknown,13153034,4667,0,0,0.5201669931411743,treeshap,attribution,5,30,0.02253867729794382,0.41,0.538704746368167,0.8999999999999998,0.6666666666666666,10,10,1.0,0.0008426979184150696,27,False,True,25,0.9285714285714286,nan
tabular,0,2026-10-02T18:05:27,nodeGcal1,3.11.9,unknown,13153034,4667,0,0,0.5201669931411743,random,attribution,5,30,0.09722899880072704,0.46,0.3462472793335045,0.12896825396825398,0.0,10,10,0.1111111111111111,2.4422071874141693e-05,27,False,False,30,0.8,nan
tabular,0,2026-10-02T18:05:27,nodeGcal1,3.11.9,unknown,13153034,4740,1,1,0.5508310794830322,pyxai,set,27,30,0.04229039891306653,1.0,0.10000000000000009,0.9433497536945813,0.8620689655172413,10,10,1.0,0.05827857134863734,27,True,nan,27,1.0,nan
tabular,0,2026-10-02T18:05:27,nodeGcal1,3.11.9,unknown,13153034,4740,1,1,0.5508310794830322,anchors,set,12,30,0.24241582346940058,0.96,0.6,0.2868421052631579,0.2631578947368421,10,10,0.5,2.8127242610789835,27,False,nan,nan,0.39285714285714285,0.9732142857142857
tabular,0,2026-10-02T18:05:27,nodeGcal1,3.11.9,unknown,13153034,4740,1,1,0.5508310794830322,lime,attribution,5,30,0.08751043671681341,0.47,0.5642960484932867,0.7095238095238094,0.42857142857142855,10,10,0.6666666666666666,0.0440895976498723,27,False,False,28,0.8,nan
tabular,0,2026-10-02T18:05:27,nodeGcal1,3.11.9,unknown,13153034,4740,1,1,0.5508310794830322,treeshap,attribution,5,30,0.18444584009456563,0.67,0.5744048765122969,0.8666666666666668,0.6666666666666666,10,10,1.0,0.0009127692319452763,27,False,True,24,0.8,nan
tabular,0,2026-10-02T18:05:27,nodeGcal1,3.11.9,unknown,13153034,4740,1,1,0.5508310794830322,random,attribution,5,30,0.0,0.39,0.3227065173457002,0.05833333333333333,0.0,10,10,0.0,2.2895168513059616e-05,27,False,False,29,0.8,nan
tabular,0,2026-10-02T18:05:27,nodeGcal1,3.11.9,unknown,13153034,4907,0,0,0.6251661777496338,pyxai,set,28,30,0.2676059641429872,1.0,0.06666666666666687,0.912183908045977,0.8666666666666667,10,10,1.0,0.06205407716333866,28,True,nan,28,1.0,nan
tabular,0,2026-10-02T18:05:27,nodeGcal1,3.11.9,unknown,13153034,4907,0,0,0.6251661777496338,anchors,set,5,30,0.14466473338349597,0.78,0.8333333333333333,0.5468253968253968,0.1111111111111111,10,10,0.42857142857142855,0.941088296007365,28,False,nan,nan,0.17857142857142858,0.989010989010989
tabular,0,2026-10-02T18:05:27,nodeGcal1,3.11.9,unknown,13153034,4907,0,0,0.6251661777496338,lime,attribution,5,30,0.11279559382290094,0.8,0.5868707894687349,0.9,0.6666666666666666,10,10,1.0,0.04246886679902673,28,False,True,25,0.9310344827586207,nan
tabular,0,2026-10-02T18:05:27,nodeGcal1,3.11.9,unknown,13153034,4907,0,0,0.6251661777496338,treeshap,attribution,5,30,0.20141176834009816,0.71,0.6291485403075459,0.8666666666666666,0.6666666666666666,10,10,1.0,0.0008626650087535381,28,False,True,20,0.8666666666666667,nan
tabular,0,2026-10-02T18:05:27,nodeGcal1,3.11.9,unknown,13153034,4907,0,0,0.6251661777496338,random,attribution,5,30,0.0,0.44,0.31245421770512316,0.05833333333333333,0.0,10,10,0.1111111111111111,2.3159664124250412e-05,28,False,False,30,0.8666666666666667,nan
tabular,0,2026-10-02T18:05:27,nodeGcal1,3.11.9,unknown,13153034,5134,0,0,0.6240427494049072,pyxai,set,25,30,0.24289836384996705,1.0,0.16666666666666652,1.0,0.7857142857142857,10,10,1.0,0.06104352371767163,25,True,nan,25,1.0,nan
tabular,0,2026-10-02T18:05:27,nodeGcal1,3.11.9,unknown,13153034,5134,0,0,0.6240427494049072,anchors,set,5,30,0.2287733172870283,0.92,0.8333333333333333,0.6285714285714287,0.25,10,10,1.0,1.346548748202622,25,False,nan,nan,0.2,0.9592298980747452
tabular,0,2026-10-02T18:05:27,nodeGcal1,3.11.9,unknown,13153034,5134,0,0,0.6240427494049072,lime,attribution,5,30,0.13738349713936407,0.82,0.5299708624877992,0.9666666666666666,0.6666666666666666,10,10,1.0,0.0492368801496923,25,False,False,29,0.7241379310344828,nan
tabular,0,2026-10-02T18:05:27,nodeGcal1,3.11.9,unknown,13153034,5134,0,0,0.6240427494049072,treeshap,attribution,5,30,0.2944794024661643,0.74,0.5867473535004837,0.8999999999999998,0.42857142857142855,10,10,1.0,0.0008402969688177109,25,False,True,22,0.8518518518518519,nan
tabular,0,2026-10-02T18:05:27,nodeGcal1,3.11.9,unknown,13153034,5134,0,0,0.6240427494049072,random,attribution,5,30,0.07700048711997479,0.62,0.3303949998357518,0.03333333333333333,0.0,10,10,0.25,2.4108681827783585e-05,25,False,False,27,0.7241379310344828,nan
tabular,0,2026-10-02T18:05:27,nodeGcal1,3.11.9,unknown,13153034,5159,1,1,0.5401350259780884,pyxai,set,27,30,0.008638636975083321,1.0,0.10000000000000009,0.9857142857142858,0.8620689655172413,10,10,1.0,0.05694072786718607,27,True,nan,27,1.0,nan
tabular,0,2026-10-02T18:05:27,nodeGcal1,3.11.9,unknown,13153034,5159,1,1,0.5401350259780884,anchors,set,3,30,0.2040905159390428,0.98,0.9,0.34,0.2,10,10,0.5,0.5105709820054471,27,False,nan,nan,0.1111111111111111,0.9808612440191388
tabular,0,2026-10-02T18:05:27,nodeGcal1,3.11.9,unknown,13153034,5159,1,1,0.5401350259780884,lime,attribution,5,30,0.23102756334665717,0.91,0.496900264921887,0.7666666666666667,0.6666666666666666,10,10,0.6666666666666666,0.053316684905439615,27,False,True,26,0.8620689655172413,nan
tabular,0,2026-10-02T18:05:27,nodeGcal1,3.11.9,unknown,13153034,5159,1,1,0.5401350259780884,treeshap,attribution,5,30,0.03278760162534339,0.8,0.6335732456761799,0.8285714285714286,0.42857142857142855,10,10,1.0,0.0008380049839615822,27,False,True,27,0.8620689655172413,nan
tabular,0,2026-10-02T18:05:27,nodeGcal1,3.11.9,unknown,13153034,5159,1,1,0.5401350259780884,random,attribution,5,30,0.0,0.35,0.37970216562939074,0.05833333333333333,0.0,10,10,0.1111111111111111,2.3199710994958878e-05,27,False,False,30,0.8620689655172413,nan
tabular,0,2026-10-02T18:05:27,nodeGcal1,3.11.9,unknown,13153034,5169,0,0,0.5623624920845032,pyxai,set,27,30,0.1858134451567307,1.0,0.10000000000000009,0.9433497536945813,0.8620689655172413,10,10,1.0,0.05711051821708679,27,True,nan,27,1.0,nan
tabular,0,2026-10-02T18:05:27,nodeGcal1,3.11.9,unknown,13153034,5169,0,0,0.5623624920845032,anchors,set,5,30,0.15090668378612673,0.91,0.8333333333333333,0.615079365079365,0.1111111111111111,10,10,0.6666666666666666,1.3259305702522397,27,False,nan,nan,0.18518518518518517,0.9631849315068494
tabular,0,2026-10-02T18:05:27,nodeGcal1,3.11.9,unknown,13153034,5169,0,0,0.5623624920845032,lime,attribution,5,30,0.13269330379187774,0.79,0.5486975365906588,1.0,0.6666666666666666,10,10,0.6666666666666666,0.06003422010689974,27,False,False,29,0.8,nan
tabular,0,2026-10-02T18:05:27,nodeGcal1,3.11.9,unknown,13153034,5169,0,0,0.5623624920845032,treeshap,attribution,5,30,0.10591457631085174,0.68,0.6221979122656318,0.7666666666666667,0.6666666666666666,10,10,1.0,0.0008456148207187653,27,False,True,21,0.8,nan
tabular,0,2026-10-02T18:05:27,nodeGcal1,3.11.9,unknown,13153034,5169,0,0,0.5623624920845032,random,attribution,5,30,0.04172529223221458,0.62,0.30393850587939386,0.05555555555555556,0.0,10,10,0.0,2.446630969643593e-05,27,False,False,28,0.8,nan
tabular,0,2026-10-02T18:05:27,nodeGcal1,3.11.9,unknown,13153034,5185,0,0,0.5698462724685669,pyxai,set,26,30,0.19650614187598597,1.0,0.13333333333333341,0.9333333333333332,0.9259259259259259,10,10,1.0,0.05902966158464551,26,True,nan,26,1.0,nan
tabular,0,2026-10-02T18:05:27,nodeGcal1,3.11.9,unknown,13153034,5185,0,0,0.5698462724685669,anchors,set,4,30,0.1563499104747755,0.79,0.8666666666666667,0.26095238095238094,0.0,10,10,0.6,0.9726670091040432,26,False,nan,nan,0.15384615384615385,0.9576547231270358
tabular,0,2026-10-02T18:05:27,nodeGcal1,3.11.9,unknown,13153034,5185,0,0,0.5698462724685669,lime,attribution,5,30,0.20526013777198818,0.9,0.5068885650882506,0.8333333333333333,0.6666666666666666,10,10,1.0,0.04019011789932847,26,False,False,28,0.7931034482758621,nan
tabular,0,2026-10-02T18:05:27,nodeGcal1,3.11.9,unknown,13153034,5185,0,0,0.5698462724685669,treeshap,attribution,5,30,0.2907152541401363,0.82,0.5963665904668465,0.8333333333333333,0.6666666666666666,10,10,1.0,0.0009005963802337646,26,False,True,21,0.7931034482758621,nan
tabular,0,2026-10-02T18:05:27,nodeGcal1,3.11.9,unknown,13153034,5185,0,0,0.5698462724685669,random,attribution,5,30,0.10954900164574119,0.78,0.35805250835227453,0.12341269841269842,0.0,10,10,0.0,3.0137132853269577e-05,26,False,False,28,0.7931034482758621,nan
tabular,0,2026-10-02T18:05:27,nodeGcal1,3.11.9,unknown,13153034,5223,0,0,0.5894854068756104,pyxai,set,25,30,0.22327512324664983,1.0,0.16666666666666652,0.9703703703703704,0.8518518518518519,10,10,1.0,0.059470866806805134,25,True,nan,25,1.0,nan
tabular,0,2026-10-02T18:05:27,nodeGcal1,3.11.9,unknown,13153034,5223,0,0,0.5894854068756104,anchors,set,5,30,0.17663816223461373,0.94,0.8333333333333333,0.5,0.25,10,10,0.42857142857142855,0.94539500400424,25,False,nan,nan,0.2,0.9791154791154791
tabular,0,2026-10-02T18:05:27,nodeGcal1,3.11.9,unknown,13153034,5223,0,0,0.5894854068756104,lime,attribution,5,30,0.2071723705864676,0.98,0.5412413879642347,0.8333333333333333,0.6666666666666666,10,10,0.6666666666666666,0.044746097177267075,25,False,True,25,0.7241379310344828,nan
tabular,0,2026-10-02T18:05:27,nodeGcal1,3.11.9,unknown,13153034,5223,0,0,0.5894854068756104,treeshap,attribution,5,30,0.1671779277575844,0.78,0.6271743701400248,0.7666666666666667,0.6666666666666666,10,10,1.0,0.0008409987203776836,25,False,True,22,0.9230769230769231,nan
tabular,0,2026-10-02T18:05:27,nodeGcal1,3.11.9,unknown,13153034,5223,0,0,0.5894854068756104,random,attribution,5,30,0.15787896853403524,0.71,0.40013214750209836,0.08333333333333334,0.0,10,10,0.1111111111111111,2.2602267563343048e-05,25,False,False,29,0.6666666666666666,nan
tabular,0,2026-10-02T18:05:27,nodeGcal1,3.11.9,unknown,13153034,5314,0,0,0.651290774345398,pyxai,set,28,30,0.29698377738644804,1.0,0.06666666666666687,0.9517241379310345,0.9310344827586207,10,10,1.0,0.06790098128840327,28,True,nan,28,1.0,nan
tabular,0,2026-10-02T18:05:27,nodeGcal1,3.11.9,unknown,13153034,5314,0,0,0.651290774345398,anchors,set,4,30,0.17881115923112673,0.87,0.8666666666666667,0.4314285714285714,0.14285714285714285,10,10,1.0,1.0923591703176498,28,False,nan,nan,0.14285714285714285,0.9635258358662614
tabular,0,2026-10-02T18:05:27,nodeGcal1,3.11.9,unknown,13153034,5314,0,0,0.651290774345398,lime,attribution,5,30,0.18448553223867162,0.91,0.5702312753655525,0.7666666666666667,0.42857142857142855,10,10,1.0,0.05359899392351508,28,False,True,26,0.8666666666666667,nan
tabular,0,2026-10-02T18:05:27,nodeGcal1,3.11.9,unknown,13153034,5314,0,0,0.651290774345398,treeshap,attribution,5,30,0.1815059899260958,0.81,0.6160847765575849,0.6761904761904762,0.42857142857142855,10,10,1.0,0.0008946983143687248,28,False,True,20,0.9310344827586207,nan
tabular,0,2026-10-02T18:05:27,nodeGcal1,3.11.9,unknown,13153034,5314,0,0,0.651290774345398,random,attribution,5,30,0.10385741686118757,0.57,0.3743698640921018,0.08888888888888888,0.0,10,10,0.1111111111111111,2.6354100555181503e-05,28,False,True,28,0.8666666666666667,nan
tabular,0,2026-10-02T18:05:27,nodeGcal1,3.11.9,unknown,13153034,5342,0,0,0.7292178869247437,pyxai,set,24,30,0.38562580808004027,1.0,0.20000000000000018,0.9155555555555555,0.8461538461538461,10,10,1.0,0.06557207321748137,24,True,nan,24,1.0,nan
tabular,0,2026-10-02T18:05:27,nodeGcal1,3.11.9,unknown,13153034,5342,0,0,0.7292178869247437,anchors,set,4,30,0.1876485890507678,0.87,0.8666666666666667,0.7409523809523809,0.14285714285714285,10,10,1.0,1.2304399469867349,24,False,nan,nan,0.16666666666666666,0.9641943734015346
tabular,0,2026-10-02T18:05:27,nodeGcal1,3.11.9,unknown,13153034,5342,0,0,0.7292178869247437,lime,attribution,5,30,0.19610566928276577,0.95,0.5720505923116637,0.8333333333333333,0.6666666666666666,10,10,1.0,0.045534880831837654,24,False,False,25,0.6551724137931034,nan
tabular,0,2026-10-02T18:05:27,nodeGcal1,3.11.9,unknown,13153034,5342,0,0,0.7292178869247437,treeshap,attribution,5,30,0.2804579865404047,0.98,0.637746159574514,0.8333333333333333,0.6666666666666666,10,10,1.0,0.0008536232635378838,24,False,True,18,0.7777777777777778,nan
tabular,0,2026-10-02T18:05:27,nodeGcal1,3.11.9,unknown,13153034,5342,0,0,0.7292178869247437,random,attribution,5,30,0.05888487120497659,0.53,0.2644293104746245,0.05555555555555556,0.0,10,10,0.0,2.301204949617386e-05,24,False,False,28,0.6551724137931034,nan
tabular,0,2026-10-02T18:05:27,nodeGcal1,3.11.9,unknown,13153034,5369,0,0,0.5511902570724487,pyxai,set,25,30,0.16931046198958025,1.0,0.16666666666666652,0.9028490028490028,0.8518518518518519,10,10,1.0,0.05945395119488239,25,True,nan,25,1.0,nan
tabular,0,2026-10-02T18:05:27,nodeGcal1,3.11.9,unknown,13153034,5369,0,0,0.5511902570724487,anchors,set,5,30,0.19771811392517583,0.96,0.8333333333333333,0.28730158730158734,0.1111111111111111,10,10,0.6666666666666666,1.4445346710272133,25,False,nan,nan,0.2,0.954233409610984
tabular,0,2026-10-02T18:05:27,nodeGcal1,3.11.9,unknown,13153034,5369,0,0,0.5511902570724487,lime,attribution,5,30,0.15746036902329055,0.97,0.5229534269011609,0.7666666666666667,0.6666666666666666,10,10,0.6666666666666666,0.04891965305432677,25,False,True,25,0.7241379310344828,nan
tabular,0,2026-10-02T18:05:27,nodeGcal1,3.11.9,unknown,13153034,5369,0,0,0.5511902570724487,treeshap,attribution,5,30,0.11571507697591485,0.76,0.5149621522512275,1.0,1.0,10,10,1.0,0.0008360720239579678,25,False,True,22,0.9230769230769231,nan
tabular,0,2026-10-02T18:05:27,nodeGcal1,3.11.9,unknown,13153034,5369,0,0,0.5511902570724487,random,attribution,5,30,0.0,0.32,0.2975902843378071,0.17222222222222222,0.0,10,10,0.1111111111111111,2.522626891732216e-05,25,False,False,29,0.6666666666666666,nan
tabular,0,2026-10-02T18:05:27,nodeGcal1,3.11.9,unknown,13153034,5448,0,0,0.6184879541397095,pyxai,set,26,30,0.25969782121265095,1.0,0.13333333333333341,0.9423280423280425,0.7931034482758621,10,10,1.0,0.061048722360283136,26,True,nan,26,1.0,nan
tabular,0,2026-10-02T18:05:27,nodeGcal1,3.11.9,unknown,13153034,5448,0,0,0.6184879541397095,anchors,set,4,30,0.16577834581312823,0.71,0.8666666666666667,0.4276190476190476,0.0,10,10,0.6,1.271774049848318,26,False,nan,nan,0.15384615384615385,0.952755905511811
tabular,0,2026-10-02T18:05:27,nodeGcal1,3.11.9,unknown,13153034,5448,0,0,0.6184879541397095,lime,attribution,5,30,0.1566015574028483,0.76,0.5663579608410361,1.0,1.0,10,10,1.0,0.04139556270092726,26,False,True,23,0.7931034482758621,nan
tabular,0,2026-10-02T18:05:27,nodeGcal1,3.11.9,unknown,13153034,5448,0,0,0.6184879541397095,treeshap,attribution,5,30,0.17348623900954716,0.84,0.6464593475356755,0.7047619047619047,0.42857142857142855,10,10,1.0,0.000848009716719389,26,False,True,24,0.7931034482758621,nan
tabular,0,2026-10-02T18:05:27,nodeGcal1,3.11.9,unknown,13153034,5448,0,0,0.6184879541397095,random,attribution,5,30,0.08473873575556165,0.55,0.2678188152239904,0.14444444444444443,0.0,10,10,0.1111111111111111,2.3078639060258865e-05,26,False,False,27,0.7333333333333333,nan
tabular,0,2026-10-02T18:05:27,nodeGcal1,3.11.9,unknown,13153034,5691,1,1,0.5816240906715393,pyxai,set,26,30,0.06789964739820002,1.0,0.13333333333333341,0.8379310344827585,0.7931034482758621,10,10,1.0,0.05964003223925829,26,True,nan,26,1.0,nan
tabular,0,2026-10-02T18:05:27,nodeGcal1,3.11.9,unknown,13153034,5691,1,1,0.5816240906715393,anchors,set,6,30,0.06575228839664715,0.97,0.8,0.2666666666666667,0.2,10,10,0.5,1.2253896770998836,26,False,nan,nan,0.23076923076923078,0.9604743083003953
tabular,0,2026-10-02T18:05:27,nodeGcal1,3.11.9,unknown,13153034,5691,1,1,0.5816240906715393,lime,attribution,5,30,0.00028110173433518827,0.55,0.48633392736176106,0.9,0.6666666666666666,10,10,1.0,0.053691690787672997,26,False,False,27,0.7931034482758621,nan
tabular,0,2026-10-02T18:05:27,nodeGcal1,3.11.9,unknown,13153034,5691,1,1,0.5816240906715393,treeshap,attribution,5,30,0.0,0.67,0.5129448262522186,1.0,0.6666666666666666,10,10,1.0,0.0008626547642052174,26,False,True,25,0.9259259259259259,nan
tabular,0,2026-10-02T18:05:27,nodeGcal1,3.11.9,unknown,13153034,5691,1,1,0.5816240906715393,random,attribution,5,30,0.001657096261100982,0.59,0.2250267206856419,0.11944444444444444,0.0,10,10,0.0,2.3328233510255814e-05,26,False,False,30,0.7333333333333333,nan
tabular,0,2026-10-02T18:05:27,nodeGcal1,3.11.9,unknown,13153034,5717,0,0,0.5177582502365112,pyxai,set,27,30,0.11567226636330084,1.0,0.10000000000000009,0.9219211822660099,0.8620689655172413,10,10,1.0,0.05817746417596936,27,True,nan,27,1.0,nan
tabular,0,2026-10-02T18:05:27,nodeGcal1,3.11.9,unknown,13153034,5717,0,0,0.5177582502365112,anchors,set,7,30,0.09913496072430203,0.9,0.7666666666666666,0.5977777777777777,0.4,10,10,0.75,2.066559760365635,27,False,nan,nan,0.25925925925925924,0.9534883720930233
tabular,0,2026-10-02T18:05:27,nodeGcal1,3.11.9,unknown,13153034,5717,0,0,0.5177582502365112,lime,attribution,5,30,0.07438679281122454,0.75,0.5786664645018631,0.9666666666666666,0.6666666666666666,10,10,1.0,0.06995769031345844,27,False,False,29,0.8620689655172413,nan
tabular,0,2026-10-02T18:05:27,nodeGcal1,3.11.9,unknown,13153034,5717,0,0,0.5177582502365112,treeshap,attribution,5,30,0.0,0.29,0.5683156846872712,0.9666666666666666,0.6666666666666666,10,10,1.0,0.0008518719114363194,27,False,True,25,0.8620689655172413,nan
tabular,0,2026-10-02T18:05:27,nodeGcal1,3.11.9,unknown,13153034,5717,0,0,0.5177582502365112,random,attribution,5,30,0.03605496870906743,0.43,0.34202934347463754,0.08888888888888888,0.0,10,10,0.0,2.2256281226873398e-05,27,False,False,30,0.8620689655172413,nan
tabular,0,2026-10-02T18:05:27,nodeGcal1,3.11.9,unknown,13153034,5744,0,0,0.7399829030036926,pyxai,set,24,30,0.38124519074047836,1.0,0.20000000000000018,0.8417582417582418,0.6551724137931034,10,10,1.0,0.06438695173710585,24,True,nan,24,1.0,nan
tabular,0,2026-10-02T18:05:27,nodeGcal1,3.11.9,unknown,13153034,5744,0,0,0.7399829030036926,anchors,set,5,30,0.14553430475576312,0.76,0.8333333333333333,0.47579365079365077,0.1111111111111111,10,10,0.42857142857142855,1.8555963011458516,24,False,nan,nan,0.20833333333333334,0.9819819819819819
tabular,0,2026-10-02T18:05:27,nodeGcal1,3.11.9,unknown,13153034,5744,0,0,0.7399829030036926,lime,attribution,5,30,0.191531949673508,0.92,0.5984602695590016,0.7666666666666667,0.6666666666666666,10,10,0.6666666666666666,0.07253395114094019,24,False,True,18,0.7777777777777778,nan
tabular,0,2026-10-02T18:05:27,nodeGcal1,3.11.9,unknown,13153034,5744,0,0,0.7399829030036926,treeshap,attribution,5,30,0.20081357386994433,0.94,0.60272548765529,0.6666666666666667,0.42857142857142855,10,10,1.0,0.000893403310328722,24,False,True,14,0.7777777777777778,nan
tabular,0,2026-10-02T18:05:27,nodeGcal1,3.11.9,unknown,13153034,5744,0,0,0.7399829030036926,random,attribution,5,30,0.03675782548532794,0.53,0.3427350323296512,0.05833333333333333,0.0,10,10,0.0,2.2784806787967682e-05,24,False,False,29,0.6,nan
tabular,0,2026-10-02T18:05:27,nodeGcal1,3.11.9,unknown,13153034,5770,1,1,0.730083703994751,pyxai,set,26,30,0.2774305048702025,1.0,0.13333333333333341,0.8379310344827585,0.8571428571428571,10,10,1.0,0.06213664496317506,26,True,nan,26,1.0,nan
tabular,0,2026-10-02T18:05:27,nodeGcal1,3.11.9,unknown,13153034,5770,1,1,0.730083703994751,anchors,set,3,30,0.2394669441148876,0.99,0.9,0.5,0.0,10,10,0.5,0.5497033940628171,26,False,nan,nan,0.11538461538461539,0.9773371104815864
tabular,0,2026-10-02T18:05:27,nodeGcal1,3.11.9,unknown,13153034,5770,1,1,0.730083703994751,lime,attribution,5,30,0.2394669441148876,0.98,0.5405807980667332,0.5714285714285714,0.42857142857142855,10,10,1.0,0.045837739016860723,26,False,True,24,0.7931034482758621,nan
tabular,0,2026-10-02T18:05:27,nodeGcal1,3.11.9,unknown,13153034,5770,1,1,0.730083703994751,treeshap,attribution,5,30,0.2394669441148876,0.98,0.6753489227174744,0.8999999999999998,0.6666666666666666,10,10,1.0,0.0008885478600859642,26,False,True,22,0.8571428571428571,nan
tabular,0,2026-10-02T18:05:27,nodeGcal1,3.11.9,unknown,13153034,5770,1,1,0.730083703994751,random,attribution,5,30,0.0,0.45,0.2956573266124921,0.05833333333333333,0.0,10,10,0.0,2.144230529665947e-05,26,False,True,26,0.7333333333333333,nan
tabular,0,2026-10-02T18:05:27,nodeGcal1,3.11.9,unknown,13153034,5845,1,1,0.5564491152763367,pyxai,set,26,30,0.025729388162624052,1.0,0.13333333333333341,0.9793103448275862,0.7931034482758621,10,10,1.0,0.057972864247858524,26,True,nan,26,1.0,nan
tabular,0,2026-10-02T18:05:27,nodeGcal1,3.11.9,unknown,13153034,5845,1,1,0.5564491152763367,anchors,set,7,30,0.05498493037508729,0.9,0.7666666666666666,0.3991919191919192,0.2727272727272727,10,10,0.75,1.6988638727925718,26,False,nan,nan,0.2692307692307692,0.9587458745874587
tabular,0,2026-10-02T18:05:27,nodeGcal1,3.11.9,unknown,13153034,5845,1,1,0.5564491152763367,lime,attribution,5,30,0.0,0.42,0.5331700423293458,0.8999999999999998,0.6666666666666666,10,10,1.0,0.025715095922350883,26,False,False,27,0.8571428571428571,nan
tabular,0,2026-10-02T18:05:27,nodeGcal1,3.11.9,unknown,13153034,5845,1,1,0.5564491152763367,treeshap,attribution,5,30,0.10658509991840968,0.58,0.5205005037779962,0.9333333333333332,0.6666666666666666,10,10,1.0,0.0009001349098980427,26,False,True,24,0.9259259259259259,nan
tabular,0,2026-10-02T18:05:27,nodeGcal1,3.11.9,unknown,13153034,5845,1,1,0.5564491152763367,random,attribution,5,30,0.0,0.48,0.2980275965841397,0.09444444444444444,0.0,10,10,0.0,2.201506868004799e-05,26,False,False,30,0.7931034482758621,nan
tabular,0,2026-10-02T18:05:27,nodeGcal1,3.11.9,unknown,13153034,5848,1,1,0.5473911166191101,pyxai,set,27,30,0.009607566624298118,1.0,0.10000000000000009,0.9167487684729064,0.8620689655172413,10,10,1.0,0.06010631890967488,27,True,nan,27,1.0,nan
tabular,0,2026-10-02T18:05:27,nodeGcal1,3.11.9,unknown,13153034,5848,1,1,0.5473911166191101,anchors,set,7,30,0.13194220542289115,0.95,0.7666666666666666,0.2925252525252525,0.16666666666666666,10,10,0.5555555555555556,2.328518697991967,27,False,nan,nan,0.25925925925925924,0.9652996845425867
tabular,0,2026-10-02T18:05:27,nodeGcal1,3.11.9,unknown,13153034,5848,1,1,0.5473911166191101,lime,attribution,5,30,0.007086251411332188,0.6,0.5025748291415795,0.9333333333333332,0.6666666666666666,10,10,1.0,0.04120761901140213,27,False,True,27,0.8620689655172413,nan
tabular,0,2026-10-02T18:05:27,nodeGcal1,3.11.9,unknown,13153034,5848,1,1,0.5473911166191101,treeshap,attribution,5,30,0.0219547700768503,0.61,0.535910360790103,0.7333333333333334,0.6666666666666666,10,10,1.0,0.0009054937399923801,27,False,True,23,0.8620689655172413,nan
tabular,0,2026-10-02T18:05:27,nodeGcal1,3.11.9,unknown,13153034,5848,1,1,0.5473911166191101,random,attribution,5,30,0.0,0.45,0.3678071560449945,0.08055555555555556,0.0,10,10,0.0,2.1905172616243362e-05,27,False,False,30,0.8,nan
tabular,0,2026-10-02T18:05:27,nodeGcal1,3.11.9,unknown,13153034,5983,1,1,0.5006327629089355,pyxai,set,27,30,0.0,1.0,0.10000000000000009,0.9857142857142858,0.9285714285714286,10,10,1.0,0.058122490998357534,27,True,nan,27,1.0,nan
tabular,0,2026-10-02T18:05:27,nodeGcal1,3.11.9,unknown,13153034,5983,1,1,0.5006327629089355,anchors,set,8,30,0.038689526556262815,0.89,0.7333333333333334,0.27179487179487183,0.23076923076923078,10,10,0.45454545454545453,1.8874786691740155,27,False,nan,nan,0.2962962962962963,0.9551282051282052
tabular,0,2026-10-02T18:05:27,nodeGcal1,3.11.9,unknown,13153034,5983,1,1,0.5006327629089355,lime,attribution,5,30,0.00033538812633167065,0.5,0.5353576714282964,0.8666666666666668,0.6666666666666666,10,10,1.0,0.04709938168525696,27,False,False,30,0.8,nan
tabular,0,2026-10-02T18:05:27,nodeGcal1,3.11.9,unknown,13153034,5983,1,1,0.5006327629089355,treeshap,attribution,5,30,0.038689526556262815,0.6,0.525336956328815,1.0,0.42857142857142855,10,10,1.0,0.0008838362991809845,27,False,False,29,0.8,nan
tabular,0,2026-10-02T18:05:27,nodeGcal1,3.11.9,unknown,13153034,5983,1,1,0.5006327629089355,random,attribution,5,30,0.0,0.55,0.31069763071965806,0.08333333333333334,0.0,10,10,0.0,2.2680964320898056e-05,27,False,False,30,0.9285714285714286,nan
tabular,0,2026-10-02T18:05:27,nodeGcal1,3.11.9,unknown,13153034,6092,1,1,0.8624860048294067,pyxai,set,26,30,0.37915630795997873,1.0,0.13333333333333341,0.8684546615581098,0.7931034482758621,10,10,1.0,0.06705254688858986,26,True,nan,26,1.0,nan
tabular,0,2026-10-02T18:05:27,nodeGcal1,3.11.9,unknown,13153034,6092,1,1,0.8624860048294067,anchors,set,2,30,0.21173599599837292,0.99,0.9333333333333333,1.0,1.0,10,10,0.3333333333333333,0.3279246208257973,26,False,nan,nan,0.07692307692307693,0.9661016949152542
tabular,0,2026-10-02T18:05:27,nodeGcal1,3.11.9,unknown,13153034,6092,1,1,0.8624860048294067,lime,attribution,5,30,0.3554640274430457,1.0,0.5384995018673381,0.9,0.6666666666666666,10,10,0.6666666666666666,0.056005436927080154,26,False,True,23,0.7333333333333333,nan
tabular,0,2026-10-02T18:05:27,nodeGcal1,3.11.9,unknown,13153034,6092,1,1,0.8624860048294067,treeshap,attribution,5,30,0.49646212186027006,1.0,0.7186617606839997,0.8333333333333333,0.6666666666666666,10,10,1.0,0.0009078448638319969,26,False,True,18,0.7333333333333333,nan
tabular,0,2026-10-02T18:05:27,nodeGcal1,3.11.9,unknown,13153034,6092,1,1,0.8624860048294067,random,attribution,5,30,0.0037294799474281957,0.36,0.32956426542406236,0.07777777777777777,0.0,10,10,0.0,2.3174099624156952e-05,26,False,True,25,0.7333333333333333,nan
tabular,0,2026-10-02T18:05:27,nodeGcal1,3.11.9,unknown,13153034,6285,1,1,0.5453737378120422,pyxai,set,26,30,0.03270697354372797,1.0,0.13333333333333341,0.9417989417989417,0.8571428571428571,10,10,1.0,0.058826053980737925,26,True,nan,26,1.0,nan
tabular,0,2026-10-02T18:05:27,nodeGcal1,3.11.9,unknown,13153034,6285,1,1,0.5453737378120422,anchors,set,5,30,0.09560465069766695,0.89,0.8333333333333333,0.18452380952380953,0.1111111111111111,10,10,0.42857142857142855,1.4801957099698484,26,False,nan,nan,0.19230769230769232,0.9521531100478469
tabular,0,2026-10-02T18:05:27,nodeGcal1,3.11.9,unknown,13153034,6285,1,1,0.5453737378120422,lime,attribution,5,30,0.030631748947223522,0.53,0.5298482994770063,0.9333333333333332,0.6666666666666666,10,10,1.0,0.06974113965407014,26,False,False,27,0.7333333333333333,nan
tabular,0,2026-10-02T18:05:27,nodeGcal1,3.11.9,unknown,13153034,6285,1,1,0.5453737378120422,treeshap,attribution,5,30,0.0021641877743828236,0.73,0.5560570110155727,0.7,0.6666666666666666,10,10,1.0,0.0009006061591207981,26,False,True,23,0.8571428571428571,nan
tabular,0,2026-10-02T18:05:27,nodeGcal1,3.11.9,unknown,13153034,6285,1,1,0.5453737378120422,random,attribution,5,30,0.0,0.3,0.36777404845033046,0.1123015873015873,0.0,10,10,0.1111111111111111,2.416316419839859e-05,26,False,False,29,0.7931034482758621,nan
tabular,0,2026-10-02T18:05:27,nodeGcal1,3.11.9,unknown,13153034,6292,0,0,0.7115303874015808,pyxai,set,26,30,0.3565025638955027,1.0,0.13333333333333341,0.9428571428571428,0.8571428571428571,10,10,1.0,0.06372785521671176,26,True,nan,26,1.0,nan
tabular,0,2026-10-02T18:05:27,nodeGcal1,3.11.9,unknown,13153034,6292,0,0,0.7115303874015808,anchors,set,5,30,0.3140009477697129,0.93,0.8333333333333333,0.5428571428571429,0.25,10,10,0.6666666666666666,1.0465675871819258,26,False,nan,nan,0.19230769230769232,0.9616306954436451
tabular,0,2026-10-02T18:05:27,nodeGcal1,3.11.9,unknown,13153034,6292,0,0,0.7115303874015808,lime,attribution,5,30,0.185153690902927,0.89,0.5370611673859054,0.9666666666666666,0.6666666666666666,10,10,1.0,0.05718952510505915,26,False,True,20,0.7931034482758621,nan
tabular,0,2026-10-02T18:05:27,nodeGcal1,3.11.9,unknown,13153034,6292,0,0,0.7115303874015808,treeshap,attribution,5,30,0.34547537972568626,0.91,0.6432719174306551,0.7,0.6666666666666666,10,10,1.0,0.0008493182249367237,26,False,True,18,0.8571428571428571,nan
tabular,0,2026-10-02T18:05:27,nodeGcal1,3.11.9,unknown,13153034,6292,0,0,0.7115303874015808,random,attribution,5,30,0.23984513003938263,0.68,0.3499740642543857,0.11666666666666665,0.0,10,10,0.1111111111111111,2.1934043616056442e-05,26,False,False,28,0.7333333333333333,nan
tabular,0,2026-10-02T18:05:27,nodeGcal1,3.11.9,unknown,13153034,6302,1,1,0.574370265007019,pyxai,set,25,30,0.0651708419405139,1.0,0.16666666666666652,0.9851851851851852,1.0,10,10,1.0,0.06142250308766961,25,True,nan,25,1.0,nan
tabular,0,2026-10-02T18:05:27,nodeGcal1,3.11.9,unknown,13153034,6302,1,1,0.574370265007019,anchors,set,7,30,0.067850803012847,0.91,0.7666666666666666,0.1217948717948718,0.07692307692307693,10,10,0.4,1.924415531102568,25,False,nan,nan,0.23076923076923078,0.9661538461538461
tabular,0,2026-10-02T18:05:27,nodeGcal1,3.11.9,unknown,13153034,6302,1,1,0.574370265007019,lime,attribution,5,30,0.026782799350873476,0.53,0.5036651773808463,0.9333333333333332,0.6666666666666666,10,10,0.6666666666666666,0.024708854034543037,25,False,False,26,0.7241379310344828,nan
tabular,0,2026-10-02T18:05:27,nodeGcal1,3.11.9,unknown,13153034,6302,1,1,0.574370265007019,treeshap,attribution,5,30,0.06604991068180077,0.87,0.5052288859866256,0.8428571428571429,0.42857142857142855,10,10,1.0,0.0008825859986245632,25,False,True,22,0.7857142857142857,nan
tabular,0,2026-10-02T18:05:27,nodeGcal1,3.11.9,unknown,13153034,6302,1,1,0.574370265007019,random,attribution,5,30,0.010289493909198248,0.48,0.31251822099508697,0.14126984126984127,0.0,10,10,0.25,2.147536724805832e-05,25,False,True,25,0.7241379310344828,nan
tabular,0,2026-10-02T18:05:27,nodeGcal1,3.11.9,unknown,13153034,6553,0,0,0.6877706050872803,pyxai,set,29,30,0.3342722462742472,1.0,0.033333333333333326,0.9733333333333334,0.9333333333333333,10,10,1.0,0.06285745883360505,29,True,nan,29,1.0,nan
tabular,0,2026-10-02T18:05:27,nodeGcal1,3.11.9,unknown,13153034,6553,0,0,0.6877706050872803,anchors,set,5,30,0.12997505129615744,0.87,0.8333333333333333,0.3214285714285714,0.1111111111111111,10,10,0.6666666666666666,1.258159913122654,29,False,nan,nan,0.1724137931034483,0.9622266401590457
tabular,0,2026-10-02T18:05:27,nodeGcal1,3.11.9,unknown,13153034,6553,0,0,0.6877706050872803,lime,attribution,5,30,0.12939293220587517,0.85,0.555408144889834,0.7666666666666667,0.6666666666666666,10,10,0.6666666666666666,0.025634849909693003,29,False,True,27,0.9333333333333333,nan
tabular,0,2026-10-02T18:05:27,nodeGcal1,3.11.9,unknown,13153034,6553,0,0,0.6877706050872803,treeshap,attribution,5,30,0.2134096943237799,0.82,0.6131039741796906,0.7095238095238096,0.42857142857142855,10,10,1.0,0.0008500018157064915,29,False,True,19,0.9333333333333333,nan
tabular,0,2026-10-02T18:05:27,nodeGcal1,3.11.9,unknown,13153034,6553,0,0,0.6877706050872803,random,attribution,5,30,0.010087810979162962,0.52,0.3560215346691974,0.05555555555555556,0.0,10,10,0.0,2.4013686925172806e-05,29,False,True,25,0.9333333333333333,nan
tabular,0,2026-10-02T18:05:27,nodeGcal1,3.11.9,unknown,13153034,6565,1,1,0.5801557898521423,pyxai,set,25,30,0.09069904562630177,1.0,0.16666666666666652,0.8600529100529102,0.7857142857142857,10,10,1.0,0.061028103809803724,25,True,nan,25,1.0,nan
tabular,0,2026-10-02T18:05:27,nodeGcal1,3.11.9,unknown,13153034,6565,1,1,0.5801557898521423,anchors,set,6,30,0.13197291100467576,0.98,0.8,0.3357575757575758,0.09090909090909091,10,10,0.5,1.3179663880728185,25,False,nan,nan,0.24,0.966796875
tabular,0,2026-10-02T18:05:27,nodeGcal1,3.11.9,unknown,13153034,6565,1,1,0.5801557898521423,lime,attribution,5,30,0.0424281384129018,0.49,0.5764411382618431,0.9,0.6666666666666666,10,10,0.6666666666666666,0.024293083231896162,25,False,False,26,0.7241379310344828,nan
tabular,0,2026-10-02T18:05:27,nodeGcal1,3.11.9,unknown,13153034,6565,1,1,0.5801557898521423,treeshap,attribution,5,30,0.1252885040467364,0.83,0.5290821404626717,0.8333333333333334,0.42857142857142855,10,10,1.0,0.0008381740190088749,25,False,True,22,0.8518518518518519,nan
tabular,0,2026-10-02T18:05:27,nodeGcal1,3.11.9,unknown,13153034,6565,1,1,0.5801557898521423,random,attribution,5,30,0.011055439112277222,0.52,0.3518392961577792,0.06944444444444445,0.0,10,10,0.1111111111111111,2.216501161456108e-05,25,False,False,29,0.6666666666666666,nan
tabular,0,2026-10-02T18:05:27,nodeGcal1,3.11.9,unknown,13153034,6644,0,0,0.7519327402114868,pyxai,set,26,30,0.3910785426438832,1.0,0.13333333333333341,0.9014230979748221,0.7931034482758621,10,10,1.0,0.06533306930214167,26,True,nan,26,1.0,nan
tabular,0,2026-10-02T18:05:27,nodeGcal1,3.11.9,unknown,13153034,6644,0,0,0.7519327402114868,anchors,set,5,30,0.18652516484298717,0.95,0.8333333333333333,0.4226190476190476,0.25,10,10,0.42857142857142855,1.5518160723149776,26,False,nan,nan,0.19230769230769232,0.9727272727272728
tabular,0,2026-10-02T18:05:27,nodeGcal1,3.11.9,unknown,13153034,6644,0,0,0.7519327402114868,lime,attribution,5,30,0.1685543423410455,0.97,0.6082941899225593,0.8,0.42857142857142855,10,10,0.6666666666666666,0.05576342483982444,26,False,True,21,0.9259259259259259,nan
tabular,0,2026-10-02T18:05:27,nodeGcal1,3.11.9,unknown,13153034,6644,0,0,0.7519327402114868,treeshap,attribution,5,30,0.22097616409485024,0.95,0.611249381350365,0.8666666666666666,0.6666666666666666,10,10,1.0,0.0008350932039320469,26,False,True,15,0.8571428571428571,nan
tabular,0,2026-10-02T18:05:27,nodeGcal1,3.11.9,unknown,13153034,6644,0,0,0.7519327402114868,random,attribution,5,30,0.0668181859257358,0.77,0.3039663668587045,0.02222222222222222,0.0,10,10,0.0,2.395501360297203e-05,26,False,True,26,0.7931034482758621,nan
tabular,0,2026-10-02T18:05:27,nodeGcal1,3.11.9,unknown,13153034,6793,0,0,0.6249027848243713,pyxai,set,27,30,0.2672972642744094,1.0,0.10000000000000009,0.8924137931034484,0.8,10,10,1.0,0.060671962797641754,27,True,nan,27,1.0,nan
tabular,0,2026-10-02T18:05:27,nodeGcal1,3.11.9,unknown,13153034,6793,0,0,0.6249027848243713,anchors,set,6,30,0.26035257673765744,0.94,0.8,0.440952380952381,0.2,10,10,0.3333333333333333,2.433694466948509,27,False,nan,nan,0.2222222222222222,0.9593437945791726
tabular,0,2026-10-02T18:05:27,nodeGcal1,3.11.9,unknown,13153034,6793,0,0,0.6249027848243713,lime,attribution,5,30,0.24400863438441095,0.91,0.497821664973893,0.9666666666666666,1.0,10,10,0.6666666666666666,0.042946584057062864,27,False,True,26,0.9285714285714286,nan
tabular,0,2026-10-02T18:05:27,nodeGcal1,3.11.9,unknown,13153034,6793,0,0,0.6249027848243713,treeshap,attribution,5,30,0.2627033681100261,0.88,0.556319766970359,0.7333333333333334,0.6666666666666666,10,10,1.0,0.0008635981939733028,27,False,True,18,0.8,nan
tabular,0,2026-10-02T18:05:27,nodeGcal1,3.11.9,unknown,13153034,6793,0,0,0.6249027848243713,random,attribution,5,30,0.15362888037718728,0.77,0.24269607107754265,0.12341269841269842,0.0,10,10,0.0,2.31047160923481e-05,27,False,True,23,0.8620689655172413,nan
tabular,0,2026-10-02T18:05:27,nodeGcal1,3.11.9,unknown,13153034,6854,1,1,0.6331809759140015,pyxai,set,26,30,0.14379610155837128,1.0,0.13333333333333341,0.9407407407407407,0.9259259259259259,10,10,1.0,0.06100135901942849,26,True,nan,26,1.0,nan
tabular,0,2026-10-02T18:05:27,nodeGcal1,3.11.9,unknown,13153034,6854,1,1,0.6331809759140015,anchors,set,4,30,0.3966999855219997,0.97,0.8666666666666667,0.4095238095238095,0.14285714285714285,10,10,1.0,0.5971495672129095,26,False,nan,nan,0.15384615384615385,1.0
tabular,0,2026-10-02T18:05:27,nodeGcal1,3.11.9,unknown,13153034,6854,1,1,0.6331809759140015,lime,attribution,5,30,0.10475633374859526,0.74,0.4663784160552362,0.8333333333333333,0.6666666666666666,10,10,1.0,0.041704431641846895,26,False,False,27,0.7931034482758621,nan
tabular,0,2026-10-02T18:05:27,nodeGcal1,3.11.9,unknown,13153034,6854,1,1,0.6331809759140015,treeshap,attribution,5,30,0.21562905781730118,0.97,0.5908347120663309,0.5904761904761905,0.42857142857142855,10,10,1.0,0.0008692126721143723,26,False,True,22,0.9259259259259259,nan
tabular,0,2026-10-02T18:05:27,nodeGcal1,3.11.9,unknown,13153034,6854,1,1,0.6331809759140015,random,attribution,5,30,0.0,0.47,0.3356951101119906,0.1373015873015873,0.0,10,10,0.0,2.513360232114792e-05,26,False,False,27,0.7333333333333333,nan
tabular,0,2026-10-02T18:05:27,nodeGcal1,3.11.9,unknown,13153034,6881,1,1,0.6045033931732178,pyxai,set,25,30,0.1031778710937731,1.0,0.16666666666666652,0.939031339031339,0.9230769230769231,10,10,1.0,0.060174879152327776,25,True,nan,25,1.0,nan
tabular,0,2026-10-02T18:05:27,nodeGcal1,3.11.9,unknown,13153034,6881,1,1,0.6045033931732178,anchors,set,5,30,0.04481691961769628,0.95,0.8333333333333333,0.20833333333333331,0.1111111111111111,10,10,1.0,1.7887279242277145,25,False,nan,nan,0.2,0.9761092150170648
tabular,0,2026-10-02T18:05:27,nodeGcal1,3.11.9,unknown,13153034,6881,1,1,0.6045033931732178,lime,attribution,5,30,0.0002656311194251482,0.47,0.5384608307418217,0.8333333333333333,0.6666666666666666,10,10,1.0,0.07298144325613976,25,False,False,27,0.7857142857142857,nan
tabular,0,2026-10-02T18:05:27,nodeGcal1,3.11.9,unknown,13153034,6881,1,1,0.6045033931732178,treeshap,attribution,5,30,0.07077738219052791,0.83,0.5267761861944673,0.9333333333333332,0.6666666666666666,10,10,1.0,0.0008915388025343418,25,False,True,20,0.7857142857142857,nan
tabular,0,2026-10-02T18:05:27,nodeGcal1,3.11.9,unknown,13153034,6881,1,1,0.6045033931732178,random,attribution,5,30,0.0,0.51,0.3136785683931411,0.1623015873015873,0.0,10,10,0.1111111111111111,2.3206230252981186e-05,25,False,False,27,0.7241379310344828,nan
tabular,0,2026-10-02T18:05:27,nodeGcal1,3.11.9,unknown,13153034,6898,0,0,0.5635932087898254,pyxai,set,25,30,0.20507798350699724,1.0,0.16666666666666652,0.9384615384615385,0.8518518518518519,10,10,1.0,0.05885234195739031,25,True,nan,25,1.0,nan
tabular,0,2026-10-02T18:05:27,nodeGcal1,3.11.9,unknown,13153034,6898,0,0,0.5635932087898254,anchors,set,7,30,0.21236832433947347,0.98,0.7666666666666666,0.3084343434343434,0.2727272727272727,10,10,0.75,1.321211132220924,25,False,nan,nan,0.28,0.992
tabular,0,2026-10-02T18:05:27,nodeGcal1,3.11.9,unknown,13153034,6898,0,0,0.5635932087898254,lime,attribution,5,30,0.09254769037150237,0.69,0.5690360608205363,0.9333333333333332,0.6666666666666666,10,10,1.0,0.050785134080797434,25,False,False,29,0.7857142857142857,nan
tabular,0,2026-10-02T18:05:27,nodeGcal1,3.11.9,unknown,13153034,6898,0,0,0.5635932087898254,treeshap,attribution,5,30,0.059271061099198614,0.58,0.573109497495946,0.6714285714285715,0.42857142857142855,10,10,1.0,0.000906060915440321,25,False,False,28,0.8518518518518519,nan
tabular,0,2026-10-02T18:05:27,nodeGcal1,3.11.9,unknown,13153034,6898,0,0,0.5635932087898254,random,attribution,5,30,0.0,0.45,0.3932531662593789,0.07619047619047618,0.0,10,10,0.1111111111111111,2.4184584617614746e-05,25,False,False,29,0.6666666666666666,nan
tabular,0,2026-10-02T18:05:27,nodeGcal1,3.11.9,unknown,13153034,6909,1,1,0.6867391467094421,pyxai,set,26,30,0.2105706765162494,1.0,0.13333333333333341,0.8554971720488963,0.7333333333333333,10,10,1.0,0.06135269021615386,26,True,nan,26,1.0,nan
tabular,0,2026-10-02T18:05:27,nodeGcal1,3.11.9,unknown,13153034,6909,1,1,0.6867391467094421,anchors,set,3,30,0.26955915994442076,0.89,0.9,0.2,0.0,10,10,0.5,0.4573639458976686,26,False,nan,nan,0.11538461538461539,0.9689119170984456
tabular,0,2026-10-02T18:05:27,nodeGcal1,3.11.9,unknown,13153034,6909,1,1,0.6867391467094421,lime,attribution,5,30,0.26955915994442076,0.96,0.6437602391929806,0.9333333333333332,0.6666666666666666,10,10,1.0,0.04299479862675071,26,False,True,25,0.7931034482758621,nan
tabular,0,2026-10-02T18:05:27,nodeGcal1,3.11.9,unknown,13153034,6909,1,1,0.6867391467094421,treeshap,attribution,5,30,0.2736571254041658,0.97,0.6696951487990519,0.7,0.42857142857142855,10,10,1.0,0.0009047621861100197,26,False,True,19,0.9259259259259259,nan
tabular,0,2026-10-02T18:05:27,nodeGcal1,3.11.9,unknown,13153034,6909,1,1,0.6867391467094421,random,attribution,5,30,0.2456458411791239,0.97,0.2970512403196067,0.04722222222222222,0.0,10,10,0.0,2.1405983716249466e-05,26,False,False,28,0.7333333333333333,nan
tabular,0,2026-10-02T18:05:27,nodeGcal1,3.11.9,unknown,13153034,6923,0,0,0.5460419058799744,pyxai,set,28,30,0.16147831316081987,1.0,0.06666666666666687,0.9379310344827587,0.9310344827586207,10,10,1.0,0.058700036723166704,28,True,nan,28,1.0,nan
tabular,0,2026-10-02T18:05:27,nodeGcal1,3.11.9,unknown,13153034,6923,0,0,0.5460419058799744,anchors,set,5,30,0.1179395884516895,0.87,0.8333333333333333,0.6714285714285715,0.42857142857142855,10,10,0.6666666666666666,1.4046651581302285,28,False,nan,nan,0.17857142857142858,0.9744680851063829
tabular,0,2026-10-02T18:05:27,nodeGcal1,3.11.9,unknown,13153034,6923,0,0,0.5460419058799744,lime,attribution,5,30,0.07968223774904724,0.8,0.549358597699527,0.9333333333333332,0.6666666666666666,10,10,1.0,0.04942793911322951,28,False,True,24,0.8666666666666667,nan
tabular,0,2026-10-02T18:05:27,nodeGcal1,3.11.9,unknown,13153034,6923,0,0,0.5460419058799744,treeshap,attribution,5,30,0.11279171423665572,0.69,0.5578646778996197,0.8333333333333333,0.6666666666666666,10,10,1.0,0.0009077549912035465,28,False,True,21,0.8666666666666667,nan
tabular,0,2026-10-02T18:05:27,nodeGcal1,3.11.9,unknown,13153034,6923,0,0,0.5460419058799744,random,attribution,5,30,0.07968223774904724,0.59,0.3627118948314525,0.09444444444444444,0.0,10,10,0.0,2.2351276129484177e-05,28,False,True,28,0.8666666666666667,nan
tabular,0,2026-10-02T18:05:27,nodeGcal1,3.11.9,unknown,13153034,7078,1,1,0.5015615820884705,pyxai,set,25,30,0.0,1.0,0.16666666666666652,1.0,0.7857142857142857,10,10,1.0,0.057773368898779154,25,True,nan,25,1.0,nan
tabular,0,2026-10-02T18:05:27,nodeGcal1,3.11.9,unknown,13153034,7078,1,1,0.5015615820884705,anchors,set,7,30,0.1204655080027385,0.82,0.7666666666666666,0.28898989898989896,0.16666666666666666,10,10,0.4,1.698072378989309,25,False,nan,nan,0.23076923076923078,0.9683544303797469
tabular,0,2026-10-02T18:05:27,nodeGcal1,3.11.9,unknown,13153034,7078,1,1,0.5015615820884705,lime,attribution,5,30,0.0,0.56,0.4750078084883983,0.9666666666666666,0.6666666666666666,10,10,1.0,0.05942077189683914,25,False,False,27,0.8518518518518519,nan
tabular,0,2026-10-02T18:05:27,nodeGcal1,3.11.9,unknown,13153034,7078,1,1,0.5015615820884705,treeshap,attribution,5,30,0.0,0.68,0.5164967657861618,1.0,1.0,10,10,1.0,0.0008183298632502556,25,False,True,24,0.8518518518518519,nan
tabular,0,2026-10-02T18:05:27,nodeGcal1,3.11.9,unknown,13153034,7078,1,1,0.5015615820884705,random,attribution,5,30,0.060957547808286036,0.51,0.39373042727091556,0.08055555555555556,0.0,10,10,0.0,2.4449080228805542e-05,25,False,False,29,0.6666666666666666,nan
tabular,0,2026-10-02T18:05:27,nodeGcal1,3.11.9,unknown,13153034,7140,0,0,0.5810737609863281,pyxai,set,26,30,0.21203122435581814,1.0,0.13333333333333341,0.8684546615581098,0.7931034482758621,10,10,1.0,0.05927746603265405,26,True,nan,26,1.0,nan
tabular,0,2026-10-02T18:05:27,nodeGcal1,3.11.9,unknown,13153034,7140,0,0,0.5810737609863281,anchors,set,5,30,0.176268053504021,0.89,0.8333333333333333,0.4619047619047619,0.0,10,10,0.6666666666666666,1.801446973811835,26,False,nan,nan,0.19230769230769232,0.9574468085106383
tabular,0,2026-10-02T18:05:27,nodeGcal1,3.11.9,unknown,13153034,7140,0,0,0.5810737609863281,lime,attribution,5,30,0.1226971524700476,0.81,0.549575806954798,1.0,1.0,10,10,1.0,0.07432532077655196,26,False,True,25,0.8571428571428571,nan
tabular,0,2026-10-02T18:05:27,nodeGcal1,3.11.9,unknown,13153034,7140,0,0,0.5810737609863281,treeshap,attribution,5,30,0.06621850894469063,0.64,0.5989324519388819,0.8333333333333333,0.6666666666666666,10,10,1.0,0.0008569164201617241,26,False,True,22,0.8571428571428571,nan
tabular,0,2026-10-02T18:05:27,nodeGcal1,3.11.9,unknown,13153034,7140,0,0,0.5810737609863281,random,attribution,5,30,0.0,0.5,0.2844729408719735,0.06507936507936507,0.0,10,10,0.0,2.3428350687026978e-05,26,False,False,28,0.7333333333333333,nan
tabular,0,2026-10-02T18:05:27,nodeGcal1,3.11.9,unknown,13153034,7171,0,0,0.6057407259941101,pyxai,set,27,30,0.24411887734322657,1.0,0.10000000000000009,0.8957635467980296,0.8620689655172413,10,10,1.0,0.06288079731166363,27,True,nan,27,1.0,nan
tabular,0,2026-10-02T18:05:27,nodeGcal1,3.11.9,unknown,13153034,7171,0,0,0.6057407259941101,anchors,set,5,30,0.2715722671749859,0.88,0.8333333333333333,0.244047619047619,0.1111111111111111,10,10,0.42857142857142855,1.1061430065892637,27,False,nan,nan,0.18518518518518517,0.9652509652509652
tabular,0,2026-10-02T18:05:27,nodeGcal1,3.11.9,unknown,13153034,7171,0,0,0.6057407259941101,lime,attribution,5,30,0.19926450235435803,0.93,0.5268088728188187,0.8333333333333333,0.6666666666666666,10,10,0.6666666666666666,0.040946665685623884,27,False,True,26,0.8620689655172413,nan
tabular,0,2026-10-02T18:05:27,nodeGcal1,3.11.9,unknown,13153034,7171,0,0,0.6057407259941101,treeshap,attribution,5,30,0.08441711472104255,0.67,0.5870414490951714,0.8333333333333333,0.6666666666666666,10,10,1.0,0.0008681989274919033,27,False,True,17,0.8,nan
tabular,0,2026-10-02T18:05:27,nodeGcal1,3.11.9,unknown,13153034,7171,0,0,0.6057407259941101,random,attribution,5,30,0.16932603063986407,0.7,0.2687383584702855,0.11388888888888889,0.0,10,10,0.1111111111111111,2.2121239453554153e-05,27,False,True,27,0.8,nan
tabular,0,2026-10-02T18:05:27,nodeGcal1,3.11.9,unknown,13153034,7293,0,0,0.5405681133270264,pyxai,set,23,30,0.17297062109365868,1.0,0.23333333333333328,0.8872564102564102,0.7692307692307693,10,10,1.0,0.058990541845560074,23,True,nan,23,1.0,nan
tabular,0,2026-10-02T18:05:27,nodeGcal1,3.11.9,unknown,13153034,7293,0,0,0.5405681133270264,anchors,set,6,30,0.019541685356239805,0.9,0.8,0.49285714285714277,0.3333333333333333,10,10,0.5,1.4732081112451851,23,False,nan,nan,0.2608695652173913,0.9561551433389545
tabular,0,2026-10-02T18:05:27,nodeGcal1,3.11.9,unknown,13153034,7293,0,0,0.5405681133270264,lime,attribution,5,30,0.04895058322494483,0.7,0.5511457859925987,0.9,0.6666666666666666,10,10,1.0,0.049677091650664806,23,False,False,26,0.5862068965517241,nan
tabular,0,2026-10-02T18:05:27,nodeGcal1,3.11.9,unknown,13153034,7293,0,0,0.5405681133270264,treeshap,attribution,5,30,0.0761800232610758,0.7,0.5508309226010988,0.6761904761904762,0.6666666666666666,10,10,1.0,0.000901081133633852,23,False,True,23,0.7692307692307693,nan
tabular,0,2026-10-02T18:05:27,nodeGcal1,3.11.9,unknown,13153034,7293,0,0,0.5405681133270264,random,attribution,5,30,0.054390737557816385,0.67,0.3004140710036799,0.10555555555555556,0.0,10,10,0.0,2.235686406493187e-05,23,False,False,26,0.6428571428571429,nan
tabular,0,2026-10-02T18:05:27,nodeGcal1,3.11.9,unknown,13153034,7380,0,0,0.6490640640258789,pyxai,set,26,30,0.2945719762031052,1.0,0.13333333333333341,0.8408866995073894,0.7931034482758621,10,10,1.0,0.060589345172047615,26,True,nan,26,1.0,nan
tabular,0,2026-10-02T18:05:27,nodeGcal1,3.11.9,unknown,13153034,7380,0,0,0.6490640640258789,anchors,set,4,30,0.2507139913281506,0.92,0.8666666666666667,0.64,0.6,10,10,0.6,1.1501872627995908,26,False,nan,nan,0.15384615384615385,0.9563182527301092
tabular,0,2026-10-02T18:05:27,nodeGcal1,3.11.9,unknown,13153034,7380,0,0,0.6490640640258789,lime,attribution,5,30,0.19469400214224947,0.92,0.5129886875636818,1.0,1.0,10,10,0.6666666666666666,0.048322686925530434,26,False,True,23,0.7931034482758621,nan
tabular,0,2026-10-02T18:05:27,nodeGcal1,3.11.9,unknown,13153034,7380,0,0,0.6490640640258789,treeshap,attribution,5,30,0.2463808215776536,0.87,0.5659142184150209,0.9333333333333332,0.6666666666666666,10,10,1.0,0.0009078881703317165,26,False,True,21,0.8571428571428571,nan
tabular,0,2026-10-02T18:05:27,nodeGcal1,3.11.9,unknown,13153034,7380,0,0,0.6490640640258789,random,attribution,5,30,0.05736670080356395,0.51,0.3794701152727201,0.11944444444444446,0.0,10,10,0.0,2.266187220811844e-05,26,False,False,27,0.7333333333333333,nan
tabular,0,2026-10-02T18:05:27,nodeGcal1,3.11.9,unknown,13153034,7382,0,0,0.5879964828491211,pyxai,set,26,30,0.2213083013953247,1.0,0.13333333333333341,0.8994708994708993,0.7931034482758621,10,10,1.0,0.061762415803968906,26,True,nan,26,1.0,nan
tabular,0,2026-10-02T18:05:27,nodeGcal1,3.11.9,unknown,13153034,7382,0,0,0.5879964828491211,anchors,set,6,30,0.18080518247239924,0.97,0.8,0.18969696969696967,0.09090909090909091,10,10,0.7142857142857143,1.698335146997124,26,False,nan,nan,0.23076923076923078,0.9525222551928784
tabular,0,2026-10-02T18:05:27,nodeGcal1,3.11.9,unknown,13153034,7382,0,0,0.5879964828491211,lime,attribution,5,30,0.07001539998605162,0.86,0.5596892010116513,1.0,1.0,10,10,1.0,0.051481411792337894,26,False,False,27,0.7333333333333333,nan
tabular,0,2026-10-02T18:05:27,nodeGcal1,3.11.9,unknown,13153034,7382,0,0,0.5879964828491211,treeshap,attribution,5,30,0.07001539998605162,0.59,0.5879018738848907,0.8333333333333334,0.6666666666666666,10,10,1.0,0.0008428390137851238,26,False,True,21,0.7931034482758621,nan
tabular,0,2026-10-02T18:05:27,nodeGcal1,3.11.9,unknown,13153034,7382,0,0,0.5879964828491211,random,attribution,5,30,0.0,0.52,0.25379913487916983,0.08055555555555556,0.0,10,10,0.1111111111111111,2.356618642807007e-05,26,False,False,28,0.7931034482758621,nan
tabular,0,2026-10-02T18:05:27,nodeGcal1,3.11.9,unknown,13153034,7390,1,1,0.5388100147247314,pyxai,set,27,30,0.0,1.0,0.10000000000000009,0.9371921182266011,0.8620689655172413,10,10,1.0,0.06012137094512582,27,True,nan,27,1.0,nan
tabular,0,2026-10-02T18:05:27,nodeGcal1,3.11.9,unknown,13153034,7390,1,1,0.5388100147247314,anchors,set,8,30,0.13202282988035485,0.97,0.7333333333333334,0.43272727272727274,0.3333333333333333,10,10,0.7777777777777778,2.5048313327133656,27,False,nan,nan,0.2962962962962963,0.9771428571428571
tabular,0,2026-10-02T18:05:27,nodeGcal1,3.11.9,unknown,13153034,7390,1,1,0.5388100147247314,lime,attribution,5,30,0.0,0.16,0.5448377427811064,1.0,0.6666666666666666,10,10,1.0,0.06172738317400217,27,False,False,29,0.8620689655172413,nan
tabular,0,2026-10-02T18:05:27,nodeGcal1,3.11.9,unknown,13153034,7390,1,1,0.5388100147247314,treeshap,attribution,5,30,0.0,0.52,0.590240296705596,0.8,0.42857142857142855,10,10,1.0,0.0008580130524933338,27,False,True,22,0.9285714285714286,nan
tabular,0,2026-10-02T18:05:27,nodeGcal1,3.11.9,unknown,13153034,7390,1,1,0.5388100147247314,random,attribution,5,30,0.05764418679668822,0.49,0.3014396789631454,0.10555555555555556,0.0,10,10,0.1111111111111111,2.3141037672758102e-05,27,False,False,30,0.8620689655172413,nan
tabular,0,2026-10-02T18:05:27,nodeGcal1,3.11.9,unknown,13153034,7546,0,0,0.6290067434310913,pyxai,set,29,30,0.27207778806028476,1.0,0.033333333333333326,0.9333333333333333,0.9333333333333333,10,10,1.0,0.06013224087655544,29,True,nan,29,1.0,nan
tabular,0,2026-10-02T18:05:27,nodeGcal1,3.11.9,unknown,13153034,7546,0,0,0.6290067434310913,anchors,set,5,30,0.1399836558045868,0.88,0.8333333333333333,0.4261904761904762,0.1111111111111111,10,10,1.0,1.1677678497508168,29,False,nan,nan,0.1724137931034483,0.9597826086956521
tabular,0,2026-10-02T18:05:27,nodeGcal1,3.11.9,unknown,13153034,7546,0,0,0.6290067434310913,lime,attribution,5,30,0.050967394808405814,0.75,0.5402025578487255,0.8428571428571427,0.42857142857142855,10,10,0.42857142857142855,0.05208734609186649,29,False,True,21,0.9333333333333333,nan
tabular,0,2026-10-02T18:05:27,nodeGcal1,3.11.9,unknown,13153034,7546,0,0,0.6290067434310913,treeshap,attribution,5,30,0.21544848650362522,0.92,0.567410108297594,0.7666666666666667,0.6666666666666666,10,10,1.0,0.0008534742519259453,29,False,True,18,0.9333333333333333,nan
tabular,0,2026-10-02T18:05:27,nodeGcal1,3.11.9,unknown,13153034,7546,0,0,0.6290067434310913,random,attribution,5,30,0.14142467029698336,0.56,0.34158671674876895,0.11944444444444446,0.0,10,10,0.25,2.3758970201015472e-05,29,False,True,27,0.9333333333333333,nan
tabular,0,2026-10-02T18:05:27,nodeGcal1,3.11.9,unknown,13153034,7621,0,0,0.5671999454498291,pyxai,set,27,30,0.19275736241434985,1.0,0.10000000000000009,0.8958128078817735,0.8620689655172413,10,10,1.0,0.057448649778962135,27,True,nan,27,1.0,nan
tabular,0,2026-10-02T18:05:27,nodeGcal1,3.11.9,unknown,13153034,7621,0,0,0.5671999454498291,anchors,set,6,30,0.08354949476862004,0.79,0.8,0.41666666666666663,0.3333333333333333,10,10,0.5,1.3362041339278221,27,False,nan,nan,0.2222222222222222,0.9618573797678275
tabular,0,2026-10-02T18:05:27,nodeGcal1,3.11.9,unknown,13153034,7621,0,0,0.5671999454498291,lime,attribution,5,30,0.08354949476862004,0.85,0.558884393871077,0.719047619047619,0.42857142857142855,10,10,0.6666666666666666,0.04881086712703109,27,False,False,30,0.8620689655172413,nan
tabular,0,2026-10-02T18:05:27,nodeGcal1,3.11.9,unknown,13153034,7621,0,0,0.5671999454498291,treeshap,attribution,5,30,0.0,0.45,0.5512813463539654,0.8,0.6666666666666666,10,10,1.0,0.0008545988239347935,27,False,False,28,0.8,nan
tabular,0,2026-10-02T18:05:27,nodeGcal1,3.11.9,unknown,13153034,7621,0,0,0.5671999454498291,random,attribution,5,30,0.011299452839396573,0.58,0.2808327367222183,0.10833333333333332,0.0,10,10,0.0,2.3317057639360428e-05,27,False,False,29,0.8,nan
tabular,0,2026-10-02T18:05:27,nodeGcal1,3.11.9,unknown,13153034,7676,1,1,0.6735841035842896,pyxai,set,25,30,0.20439964512454178,1.0,0.16666666666666652,0.8626577126577126,0.7857142857142857,10,10,1.0,0.061945237684994936,25,True,nan,25,1.0,nan
tabular,0,2026-10-02T18:05:27,nodeGcal1,3.11.9,unknown,13153034,7676,1,1,0.6735841035842896,anchors,set,2,30,0.2149496330635192,0.96,0.9333333333333333,0.6666666666666666,0.3333333333333333,10,10,1.0,0.28945217141881585,25,False,nan,nan,0.08,0.9774774774774775
tabular,0,2026-10-02T18:05:27,nodeGcal1,3.11.9,unknown,13153034,7676,1,1,0.6735841035842896,lime,attribution,5,30,0.2238339079500633,0.95,0.5042273041093032,0.8999999999999998,0.6666666666666666,10,10,1.0,0.04940706072375178,25,False,False,27,0.7857142857142857,nan
tabular,0,2026-10-02T18:05:27,nodeGcal1,3.11.9,unknown,13153034,7676,1,1,0.6735841035842896,treeshap,attribution,5,30,0.2318788666284513,0.94,0.6277125842980809,0.8,0.6666666666666666,10,10,1.0,0.0008598733693361282,25,False,True,22,0.8518518518518519,nan
tabular,0,2026-10-02T18:05:27,nodeGcal1,3.11.9,unknown,13153034,7676,1,1,0.6735841035842896,random,attribution,5,30,0.0013585684495329828,0.56,0.33371663513979977,0.11944444444444446,0.0,10,10,0.1111111111111111,2.2463034838438034e-05,25,False,False,28,0.6666666666666666,nan
tabular,0,2026-10-02T18:05:27,nodeGcal1,3.11.9,unknown,13153034,7689,1,1,0.6848559975624084,pyxai,set,28,30,0.22971220917152402,1.0,0.06666666666666687,0.9383908045977012,0.8666666666666667,10,10,1.0,0.06343806395307183,28,True,nan,28,1.0,nan
tabular,0,2026-10-02T18:05:27,nodeGcal1,3.11.9,unknown,13153034,7689,1,1,0.6848559975624084,anchors,set,2,30,0.36245250969605947,0.97,0.9333333333333333,0.9333333333333332,0.3333333333333333,10,10,0.3333333333333333,0.29017538856714964,28,False,nan,nan,0.07142857142857142,0.9893617021276596
tabular,0,2026-10-02T18:05:27,nodeGcal1,3.11.9,unknown,13153034,7689,1,1,0.6848559975624084,lime,attribution,5,30,0.2027468810424947,0.87,0.5574249308625525,1.0,1.0,10,10,1.0,0.025134047027677298,28,False,True,21,0.8666666666666667,nan
tabular,0,2026-10-02T18:05:27,nodeGcal1,3.11.9,unknown,13153034,7689,1,1,0.6848559975624084,treeshap,attribution,5,30,0.21297066129897388,0.92,0.6914016686964,1.0,1.0,10,10,1.0,0.0008599129505455494,28,False,True,22,0.9310344827586207,nan
tabular,0,2026-10-02T18:05:27,nodeGcal1,3.11.9,unknown,13153034,7689,1,1,0.6848559975624084,random,attribution,5,30,0.0,0.31,0.3343374585623673,0.13055555555555556,0.0,10,10,0.0,2.5884713977575302e-05,28,False,False,29,0.8666666666666667,nan
tabular,0,2026-10-02T18:05:27,nodeGcal1,3.11.9,unknown,13153034,7739,1,1,0.5419387221336365,pyxai,set,26,30,0.011938114584299131,1.0,0.13333333333333341,0.9566137566137567,0.9259259259259259,10,10,1.0,0.056823284830898046,26,True,nan,26,1.0,nan
tabular,0,2026-10-02T18:05:27,nodeGcal1,3.11.9,unknown,13153034,7739,1,1,0.5419387221336365,anchors,set,8,30,0.1664494480612717,0.98,0.7333333333333334,0.3062937062937063,0.23076923076923078,10,10,0.6,1.940521796233952,26,False,nan,nan,0.3076923076923077,0.9701492537313433
tabular,0,2026-10-02T18:05:27,nodeGcal1,3.11.9,unknown,13153034,7739,1,1,0.5419387221336365,lime,attribution,5,30,0.0,0.36,0.5173978726815711,0.8333333333333333,0.6666666666666666,10,10,1.0,0.024680706206709146,26,False,False,28,0.7931034482758621,nan
tabular,0,2026-10-02T18:05:27,nodeGcal1,3.11.9,unknown,13153034,7739,1,1,0.5419387221336365,treeshap,attribution,5,30,0.0,0.67,0.5603781109740316,0.7666666666666667,0.42857142857142855,10,10,1.0,0.0008287150412797928,26,False,False,28,0.8571428571428571,nan
tabular,0,2026-10-02T18:05:27,nodeGcal1,3.11.9,unknown,13153034,7739,1,1,0.5419387221336365,random,attribution,5,30,0.0,0.57,0.3305738663757115,0.07777777777777777,0.0,10,10,0.1111111111111111,2.322159707546234e-05,26,False,False,30,0.7333333333333333,nan
tabular,0,2026-10-02T18:05:27,nodeGcal1,3.11.9,unknown,13153034,7752,1,1,0.6366993188858032,pyxai,set,26,30,0.1469061814211178,1.0,0.13333333333333341,0.9221127531472358,0.7931034482758621,10,10,1.0,0.06080984603613615,26,True,nan,26,1.0,nan
tabular,0,2026-10-02T18:05:27,nodeGcal1,3.11.9,unknown,13153034,7752,1,1,0.6366993188858032,anchors,set,2,30,0.26861811627402327,0.92,0.9333333333333333,0.8666666666666666,0.3333333333333333,10,10,0.3333333333333333,0.2887718863785267,26,False,nan,nan,0.07692307692307693,0.9774774774774775
tabular,0,2026-10-02T18:05:27,nodeGcal1,3.11.9,unknown,13153034,7752,1,1,0.6366993188858032,lime,attribution,5,30,0.224582200669123,0.93,0.5247976410330494,0.7333333333333334,0.6666666666666666,10,10,1.0,0.04587689787149429,26,False,True,26,0.7931034482758621,nan
tabular,0,2026-10-02T18:05:27,nodeGcal1,3.11.9,unknown,13153034,7752,1,1,0.6366993188858032,treeshap,attribution,5,30,0.1622990248493687,0.85,0.6242169833731922,0.5952380952380952,0.42857142857142855,10,10,1.0,0.0008563059382140636,26,False,True,20,0.7931034482758621,nan
tabular,0,2026-10-02T18:05:27,nodeGcal1,3.11.9,unknown,13153034,7752,1,1,0.6366993188858032,random,attribution,5,30,0.26861811627402327,0.96,0.37851917149493064,0.14166666666666666,0.0,10,10,0.0,2.2313091903924942e-05,26,False,False,28,0.7333333333333333,nan
tabular,0,2026-10-02T18:05:27,nodeGcal1,3.11.9,unknown,13153034,7906,0,0,0.6911821365356445,pyxai,set,22,30,0.30588485175031077,1.0,0.2666666666666667,0.8562430323299888,0.6923076923076923,10,10,1.0,0.06402856390923262,22,True,nan,22,1.0,nan
tabular,0,2026-10-02T18:05:27,nodeGcal1,3.11.9,unknown,13153034,7906,0,0,0.6911821365356445,anchors,set,4,30,0.19617135467473926,0.83,0.8666666666666667,0.5466666666666666,0.14285714285714285,10,10,0.6,1.3023095689713955,22,False,nan,nan,0.18181818181818182,0.9609120521172638
tabular,0,2026-10-02T18:05:27,nodeGcal1,3.11.9,unknown,13153034,7906,0,0,0.6911821365356445,lime,attribution,5,30,0.17125860805759724,0.9,0.6086311259019195,0.7333333333333334,0.6666666666666666,10,10,1.0,0.02393152890726924,22,False,False,24,0.6923076923076923,nan
tabular,0,2026-10-02T18:05:27,nodeGcal1,3.11.9,unknown,13153034,7906,0,0,0.6911821365356445,treeshap,attribution,5,30,0.2632340908745966,0.95,0.6184789219566003,0.9,0.6666666666666666,10,10,1.0,0.0008753412403166294,22,False,True,21,0.76,nan
tabular,0,2026-10-02T18:05:27,nodeGcal1,3.11.9,unknown,13153034,7906,0,0,0.6911821365356445,random,attribution,5,30,0.00483774216737472,0.43,0.40075890801814684,0.09444444444444444,0.0,10,10,0.1111111111111111,2.356385812163353e-05,22,False,False,25,0.5172413793103449,nan
tabular,0,2026-10-02T18:05:27,nodeGcal1,3.11.9,unknown,13153034,7993,0,0,0.5615586042404175,pyxai,set,26,30,0.18464791288758878,1.0,0.13333333333333341,0.9201058201058201,0.8571428571428571,10,10,1.0,0.05852228309959173,26,True,nan,26,1.0,nan
tabular,0,2026-10-02T18:05:27,nodeGcal1,3.11.9,unknown,13153034,7993,0,0,0.5615586042404175,anchors,set,5,30,0.31801485768023613,0.97,0.8333333333333333,0.45634920634920634,0.0,10,10,0.25,1.2791375247761607,26,False,nan,nan,0.19230769230769232,0.9665391969407265
tabular,0,2026-10-02T18:05:27,nodeGcal1,3.11.9,unknown,13153034,7993,0,0,0.5615586042404175,lime,attribution,5,30,0.22263604415059773,0.95,0.5792948761771407,1.0,0.6666666666666666,10,10,1.0,0.04730422189459205,26,False,False,30,0.7931034482758621,nan
tabular,0,2026-10-02T18:05:27,nodeGcal1,3.11.9,unknown,13153034,7993,0,0,0.5615586042404175,treeshap,attribution,5,30,0.03197744706460512,0.7,0.6411517482674245,0.9666666666666666,0.6666666666666666,10,10,1.0,0.0008720527403056622,26,False,True,24,0.8571428571428571,nan
tabular,0,2026-10-02T18:05:27,nodeGcal1,3.11.9,unknown,13153034,7993,0,0,0.5615586042404175,random,attribution,5,30,0.19888540862866308,0.77,0.4009540766013987,0.09444444444444444,0.0,10,10,0.25,2.1262094378471375e-05,26,False,False,27,0.7931034482758621,nan
tabular,0,2026-10-02T18:05:27,nodeGcal1,3.11.9,unknown,13153034,8082,1,1,0.6852670311927795,pyxai,set,27,30,0.23993350191830423,1.0,0.10000000000000009,0.9186206896551724,0.8,10,10,1.0,0.06234210776165128,27,True,nan,27,1.0,nan
tabular,0,2026-10-02T18:05:27,nodeGcal1,3.11.9,unknown,13153034,8082,1,1,0.6852670311927795,anchors,set,2,30,0.24965127474227122,0.97,0.9333333333333333,0.33333333333333337,0.3333333333333333,10,10,0.3333333333333333,0.31945782294496894,27,False,nan,nan,0.07407407407407407,0.9858490566037735
tabular,0,2026-10-02T18:05:27,nodeGcal1,3.11.9,unknown,13153034,8082,1,1,0.6852670311927795,lime,attribution,5,30,0.2197461866370099,0.91,0.5337162929484349,0.9666666666666666,0.6666666666666666,10,10,1.0,0.042635596822947264,27,False,False,28,0.8620689655172413,nan
tabular,0,2026-10-02T18:05:27,nodeGcal1,3.11.9,unknown,13153034,8082,1,1,0.6852670311927795,treeshap,attribution,5,30,0.3184682478444356,1.0,0.7244330078720571,0.9666666666666666,0.6666666666666666,10,10,1.0,0.0008612438105046749,27,False,True,19,0.8,nan
tabular,0,2026-10-02T18:05:27,nodeGcal1,3.11.9,unknown,13153034,8082,1,1,0.6852670311927795,random,attribution,5,30,0.0,0.55,0.2901133460487585,0.08333333333333333,0.0,10,10,0.25,2.8614886105060577e-05,27,False,True,25,0.8620689655172413,nan
tabular,0,2026-10-02T18:05:27,nodeGcal1,3.11.9,unknown,13153034,8247,1,1,0.6006589531898499,pyxai,set,25,30,0.1085307349079151,1.0,0.16666666666666652,0.8259055759055759,0.7857142857142857,10,10,1.0,0.05915177008137107,25,True,nan,25,1.0,nan
tabular,0,2026-10-02T18:05:27,nodeGcal1,3.11.9,unknown,13153034,8247,1,1,0.6006589531898499,anchors,set,5,30,0.08796170832016441,0.89,0.8333333333333333,0.28968253968253965,0.1111111111111111,10,10,0.42857142857142855,1.4628960937261581,25,False,nan,nan,0.15384615384615385,0.963855421686747
tabular,0,2026-10-02T18:05:27,nodeGcal1,3.11.9,unknown,13153034,8247,1,1,0.6006589531898499,lime,attribution,5,30,0.0002682243458992586,0.56,0.5055298218714197,0.9,0.6666666666666666,10,10,1.0,0.02488462207838893,25,False,False,26,0.7241379310344828,nan
tabular,0,2026-10-02T18:05:27,nodeGcal1,3.11.9,unknown,13153034,8247,1,1,0.6006589531898499,treeshap,attribution,5,30,0.07413718936013658,0.83,0.546563444569012,0.719047619047619,0.42857142857142855,10,10,1.0,0.0008613779209554195,25,False,True,22,0.8518518518518519,nan
tabular,0,2026-10-02T18:05:27,nodeGcal1,3.11.9,unknown,13153034,8247,1,1,0.6006589531898499,random,attribution,5,30,0.0,0.49,0.31478602154294577,0.11944444444444444,0.0,10,10,0.0,2.2483989596366882e-05,25,False,False,27,0.7241379310344828,nan
tabular,0,2026-10-02T18:05:27,nodeGcal1,3.11.9,unknown,13153034,8248,0,0,0.5936291217803955,pyxai,set,25,30,0.22869690316045754,1.0,0.16666666666666652,0.9324175824175824,0.8518518518518519,10,10,1.0,0.06102187419310212,25,True,nan,25,1.0,nan
tabular,0,2026-10-02T18:05:27,nodeGcal1,3.11.9,unknown,13153034,8248,0,0,0.5936291217803955,anchors,set,5,30,0.19092270612696854,0.81,0.8333333333333333,0.3273809523809524,0.1111111111111111,10,10,0.6666666666666666,1.332116728182882,25,False,nan,nan,0.2,0.9730392156862745
tabular,0,2026-10-02T18:05:27,nodeGcal1,3.11.9,unknown,13153034,8248,0,0,0.5936291217803955,lime,attribution,5,30,0.0798858851960009,0.63,0.581684378305533,0.8666666666666668,0.6666666666666666,10,10,1.0,0.050588144920766354,25,False,False,28,0.6666666666666666,nan
tabular,0,2026-10-02T18:05:27,nodeGcal1,3.11.9,unknown,13153034,8248,0,0,0.5936291217803955,treeshap,attribution,5,30,0.1670604302810478,0.74,0.509689329740493,0.5714285714285714,0.42857142857142855,10,10,1.0,0.0008390750735998154,25,False,True,23,0.8518518518518519,nan
tabular,0,2026-10-02T18:05:27,nodeGcal1,3.11.9,unknown,13153034,8248,0,0,0.5936291217803955,random,attribution,5,30,0.027228929647076683,0.56,0.29406991050265363,0.04444444444444444,0.0,10,10,0.1111111111111111,2.2224150598049164e-05,25,False,False,28,0.7241379310344828,nan
tabular,0,2026-10-02T18:05:27,nodeGcal1,3.11.9,unknown,13153034,8261,1,1,0.6660218238830566,pyxai,set,28,30,0.17121732322700786,1.0,0.06666666666666687,0.8859770114942529,0.8666666666666667,10,10,1.0,0.06060929084196687,28,True,nan,28,1.0,nan
tabular,0,2026-10-02T18:05:27,nodeGcal1,3.11.9,unknown,13153034,8261,1,1,0.6660218238830566,anchors,set,2,30,0.23837228449778736,0.98,0.9333333333333333,0.5999999999999999,0.3333333333333333,10,10,0.3333333333333333,0.3554912987165153,28,False,nan,nan,0.07142857142857142,0.9872340425531915
tabular,0,2026-10-02T18:05:27,nodeGcal1,3.11.9,unknown,13153034,8261,1,1,0.6660218238830566,lime,attribution,5,30,0.26897522389491596,1.0,0.5294259070543702,0.7095238095238096,0.42857142857142855,10,10,0.6666666666666666,0.058137787971645594,28,False,True,22,0.8666666666666667,nan
tabular,0,2026-10-02T18:05:27,nodeGcal1,3.11.9,unknown,13153034,8261,1,1,0.6660218238830566,treeshap,attribution,5,30,0.34383235642194837,0.99,0.6878072129366986,0.7714285714285716,0.42857142857142855,10,10,1.0,0.0008588121272623539,28,False,True,23,0.8666666666666667,nan
tabular,0,2026-10-02T18:05:27,nodeGcal1,3.11.9,unknown,13153034,8261,1,1,0.6660218238830566,random,attribution,5,30,0.0,0.41,0.35338112666426447,0.05555555555555556,0.0,10,10,0.1111111111111111,2.2748950868844986e-05,28,False,False,30,0.8666666666666667,nan
tabular,0,2026-10-02T18:05:27,nodeGcal1,3.11.9,unknown,13153034,8299,0,0,0.5299292802810669,pyxai,set,24,30,0.1359828621650981,1.0,0.20000000000000018,0.7936507936507937,0.7142857142857143,10,10,1.0,0.057082670740783215,24,True,nan,24,1.0,nan
tabular,0,2026-10-02T18:05:27,nodeGcal1,3.11.9,unknown,13153034,8299,0,0,0.5299292802810669,anchors,set,5,30,0.1274339655493166,0.77,0.8333333333333333,0.5452380952380953,0.25,10,10,1.0,1.2945071198046207,24,False,nan,nan,0.20833333333333334,0.9813333333333333
tabular,0,2026-10-02T18:05:27,nodeGcal1,3.11.9,unknown,13153034,8299,0,0,0.5299292802810669,lime,attribution,5,30,0.0487275634486136,0.17,0.5487353900893466,0.7666666666666667,0.6666666666666666,10,10,1.0,0.043751600198447704,24,False,False,27,0.6551724137931034,nan
tabular,0,2026-10-02T18:05:27,nodeGcal1,3.11.9,unknown,13153034,8299,0,0,0.5299292802810669,treeshap,attribution,5,30,0.10900073762155628,0.47,0.6086958988625542,0.7095238095238094,0.42857142857142855,10,10,1.0,0.0008527101017534733,24,False,False,25,0.8461538461538461,nan
tabular,0,2026-10-02T18:05:27,nodeGcal1,3.11.9,unknown,13153034,8299,0,0,0.5299292802810669,random,attribution,5,30,0.0,0.49,0.31703959972956186,0.0873015873015873,0.0,10,10,0.0,2.5528017431497574e-05,24,False,False,29,0.7142857142857143,nan
tabular,0,2026-10-02T18:05:27,nodeGcal1,3.11.9,unknown,13153034,8399,1,1,0.5085911154747009,pyxai,set,26,30,0.0,1.0,0.13333333333333341,1.0,0.8571428571428571,10,9,1.0,0.057630933821201324,26,True,nan,26,1.0,nan
tabular,0,2026-10-02T18:05:27,nodeGcal1,3.11.9,unknown,13153034,8399,1,1,0.5085911154747009,anchors,set,10,30,0.1988314308775033,0.89,0.6666666666666666,0.3857142857142857,0.3333333333333333,10,10,0.6666666666666666,4.302575604990125,26,False,nan,nan,0.38461538461538464,0.9704433497536946
tabular,0,2026-10-02T18:05:27,nodeGcal1,3.11.9,unknown,13153034,8399,1,1,0.5085911154747009,lime,attribution,5,30,0.0,0.14,0.5571619955270496,0.9047619047619049,0.6666666666666666,7,8,1.0,0.04269997030496597,26,False,True,26,0.9259259259259259,nan
tabular,0,2026-10-02T18:05:27,nodeGcal1,3.11.9,unknown,13153034,8399,1,1,0.5085911154747009,treeshap,attribution,5,30,0.03824309486410173,0.39,0.5889805162217225,1.0,1.0,8,8,1.0,0.0008354531601071358,26,False,False,30,0.7931034482758621,nan
tabular,0,2026-10-02T18:05:27,nodeGcal1,3.11.9,unknown,13153034,8399,1,1,0.5085911154747009,random,attribution,5,30,0.0,0.43,0.3109836352504157,0.12037037037037039,0.0,6,6,0.1111111111111111,2.6960857212543488e-05,26,False,False,30,0.7333333333333333,nan
tabular,0,2026-10-02T18:05:27,nodeGcal1,3.11.9,unknown,13153034,8483,0,0,0.7030103206634521,pyxai,set,25,30,0.34870375790322244,1.0,0.16666666666666652,0.8962962962962961,0.7857142857142857,10,10,1.0,0.06255353195592761,25,True,nan,25,1.0,nan
tabular,0,2026-10-02T18:05:27,nodeGcal1,3.11.9,unknown,13153034,8483,0,0,0.7030103206634521,anchors,set,4,30,0.20085817558541416,0.99,0.8666666666666667,0.4066666666666666,0.3333333333333333,10,10,1.0,0.8006440699100494,25,False,nan,nan,0.16,0.9705882352941176
tabular,0,2026-10-02T18:05:27,nodeGcal1,3.11.9,unknown,13153034,8483,0,0,0.7030103206634521,lime,attribution,5,30,0.17347766206714352,0.95,0.5137784379285986,0.6761904761904762,0.6666666666666666,10,10,1.0,0.025580421090126038,25,False,True,20,0.7241379310344828,nan
tabular,0,2026-10-02T18:05:27,nodeGcal1,3.11.9,unknown,13153034,8483,0,0,0.7030103206634521,treeshap,attribution,5,30,0.3015009636649315,0.96,0.6554815483650795,0.8666666666666668,0.6666666666666666,10,10,1.0,0.0009171729907393456,25,False,True,16,0.7857142857142857,nan
tabular,0,2026-10-02T18:05:27,nodeGcal1,3.11.9,unknown,13153034,8483,0,0,0.7030103206634521,random,attribution,5,30,0.03483183258445676,0.79,0.29926269732245026,0.09444444444444444,0.0,10,10,0.1111111111111111,2.222880721092224e-05,25,False,False,27,0.7857142857142857,nan
tabular,0,2026-10-02T18:05:27,nodeGcal1,3.11.9,unknown,13153034,8585,1,1,0.6007311344146729,pyxai,set,25,30,0.10863784995449763,1.0,0.16666666666666652,0.917094017094017,0.7857142857142857,10,10,1.0,0.05986999114975333,25,True,nan,25,1.0,nan
tabular,0,2026-10-02T18:05:27,nodeGcal1,3.11.9,unknown,13153034,8585,1,1,0.6007311344146729,anchors,set,3,30,0.14401668645116839,0.85,0.9,0.2800000000000001,0.0,10,10,0.5,0.5618766462430358,25,False,nan,nan,0.07692307692307693,0.9663461538461539
tabular,0,2026-10-02T18:05:27,nodeGcal1,3.11.9,unknown,13153034,8585,1,1,0.6007311344146729,lime,attribution,5,30,0.15669712328979155,0.88,0.5117288833995799,0.9666666666666666,0.6666666666666666,10,10,1.0,0.04748514899984002,25,False,False,30,0.7857142857142857,nan
tabular,0,2026-10-02T18:05:27,nodeGcal1,3.11.9,unknown,13153034,8585,1,1,0.6007311344146729,treeshap,attribution,5,30,0.11877606761894216,0.94,0.6423300761109666,0.5785714285714285,0.25,10,10,1.0,0.0008434941992163658,25,False,False,30,0.7857142857142857,nan
tabular,0,2026-10-02T18:05:27,nodeGcal1,3.11.9,unknown,13153034,8585,1,1,0.6007311344146729,random,attribution,5,30,0.11698990613375117,0.74,0.2983700919184791,0.09166666666666665,0.0,10,10,0.25,2.547306939959526e-05,25,False,False,26,0.7857142857142857,nan
tabular,0,2026-10-02T18:05:27,nodeGcal1,3.11.9,unknown,13153034,8654,0,0,0.6473054885864258,pyxai,set,27,30,0.2926554956250396,1.0,0.10000000000000009,0.9172413793103449,0.8620689655172413,10,10,1.0,0.06200544210150838,27,True,nan,27,1.0,nan
tabular,0,2026-10-02T18:05:27,nodeGcal1,3.11.9,unknown,13153034,8654,0,0,0.6473054885864258,anchors,set,5,30,0.2555445753879564,0.9,0.8333333333333333,0.47619047619047616,0.25,10,10,0.6666666666666666,1.2802106607705355,27,False,nan,nan,0.18518518518518517,0.9748743718592965
tabular,0,2026-10-02T18:05:27,nodeGcal1,3.11.9,unknown,13153034,8654,0,0,0.6473054885864258,lime,attribution,5,30,0.18571077084459792,0.97,0.5825143318358581,0.8666666666666666,0.6666666666666666,10,10,1.0,0.055286329705268145,27,False,True,24,0.8,nan
tabular,0,2026-10-02T18:05:27,nodeGcal1,3.11.9,unknown,13153034,8654,0,0,0.6473054885864258,treeshap,attribution,5,30,0.26855186895302974,0.98,0.607437752048158,1.0,0.6666666666666666,10,10,1.0,0.0008886028081178665,27,False,True,20,0.8,nan
tabular,0,2026-10-02T18:05:27,nodeGcal1,3.11.9,unknown,13153034,8654,0,0,0.6473054885864258,random,attribution,5,30,0.0,0.62,0.3913927068740367,0.13055555555555554,0.0,10,10,0.1111111111111111,2.1979212760925293e-05,27,False,True,24,0.8,nan
tabular,0,2026-10-02T18:05:27,nodeGcal1,3.11.9,unknown,13153034,8663,0,0,0.5190978646278381,pyxai,set,25,30,0.11795441437305726,1.0,0.16666666666666652,0.906084656084656,0.7857142857142857,10,10,1.0,0.056825597770512104,25,True,nan,25,1.0,nan
tabular,0,2026-10-02T18:05:27,nodeGcal1,3.11.9,unknown,13153034,8663,0,0,0.5190978646278381,anchors,set,6,30,0.09914494368308156,0.7,0.8,0.5162337662337663,0.2,10,10,0.7142857142857143,1.028080154210329,25,False,nan,nan,0.24,0.9680511182108626
tabular,0,2026-10-02T18:05:27,nodeGcal1,3.11.9,unknown,13153034,8663,0,0,0.5190978646278381,lime,attribution,5,30,0.0,0.53,0.5520040799730342,0.7333333333333334,0.6666666666666666,10,10,0.6666666666666666,0.04642396979033947,25,False,False,28,0.7241379310344828,nan
tabular,0,2026-10-02T18:05:27,nodeGcal1,3.11.9,unknown,13153034,8663,0,0,0.5190978646278381,treeshap,attribution,5,30,0.07591671941850613,0.67,0.5872043355108683,0.6535714285714286,0.25,10,10,1.0,0.0008796071633696556,25,False,True,23,0.9230769230769231,nan
tabular,0,2026-10-02T18:05:27,nodeGcal1,3.11.9,unknown,13153034,8663,0,0,0.5190978646278381,random,attribution,5,30,0.0,0.32,0.37236627558651303,0.11944444444444446,0.0,10,10,0.25,2.602115273475647e-05,25,False,False,30,0.6666666666666666,nan
tabular,0,2026-10-02T18:05:27,nodeGcal1,3.11.9,unknown,13153034,8691,0,0,0.5211418867111206,pyxai,set,27,30,0.12141397251155454,1.0,0.10000000000000009,0.9714285714285715,0.8620689655172413,10,10,1.0,0.056117596104741096,27,True,nan,27,1.0,nan
tabular,0,2026-10-02T18:05:27,nodeGcal1,3.11.9,unknown,13153034,8691,0,0,0.5211418867111206,anchors,set,13,30,0.06992237493580807,0.74,0.5666666666666667,0.42253181974544207,0.18181818181818182,10,10,0.3684210526315789,2.846752650104463,27,False,nan,nan,0.3793103448275862,0.9565217391304348
tabular,0,2026-10-02T18:05:27,nodeGcal1,3.11.9,unknown,13153034,8691,0,0,0.5211418867111206,lime,attribution,5,30,0.0,0.46,0.540994738661975,0.9,0.6666666666666666,10,10,1.0,0.04874623101204634,27,False,False,30,0.8620689655172413,nan
tabular,0,2026-10-02T18:05:27,nodeGcal1,3.11.9,unknown,13153034,8691,0,0,0.5211418867111206,treeshap,attribution,5,30,0.0,0.41,0.5592480406481746,1.0,0.6666666666666666,10,10,1.0,0.0008737384341657162,27,False,True,27,0.8620689655172413,nan
tabular,0,2026-10-02T18:05:27,nodeGcal1,3.11.9,unknown,13153034,8691,0,0,0.5211418867111206,random,attribution,5,30,0.08534582440746125,0.59,0.27627362386513754,0.09166666666666665,0.0,10,10,0.1111111111111111,2.3338012397289276e-05,27,False,False,28,0.8,nan
tabular,0,2026-10-02T18:05:27,nodeGcal1,3.11.9,unknown,13153034,8720,1,1,0.7307683229446411,pyxai,set,28,30,0.2581342089212152,1.0,0.06666666666666687,0.9117241379310345,0.8666666666666667,10,10,1.0,0.06185041693970561,28,True,nan,28,1.0,nan
tabular,0,2026-10-02T18:05:27,nodeGcal1,3.11.9,unknown,13153034,8720,1,1,0.7307683229446411,anchors,set,2,30,0.0829630991452219,0.94,0.9333333333333333,1.0,1.0,10,10,0.3333333333333333,0.34686034824699163,28,False,nan,nan,0.07142857142857142,0.9774011299435028
tabular,0,2026-10-02T18:05:27,nodeGcal1,3.11.9,unknown,13153034,8720,1,1,0.7307683229446411,lime,attribution,5,30,0.27499209233606664,0.99,0.5307801221577905,0.8999999999999998,0.6666666666666666,10,10,1.0,0.04664176609367132,28,False,True,24,0.8666666666666667,nan
tabular,0,2026-10-02T18:05:27,nodeGcal1,3.11.9,unknown,13153034,8720,1,1,0.7307683229446411,treeshap,attribution,5,30,0.2796149966827778,1.0,0.7092891627398523,0.7428571428571428,0.6666666666666666,10,10,1.0,0.0008653700351715088,28,False,True,22,0.9310344827586207,nan
tabular,0,2026-10-02T18:05:27,nodeGcal1,3.11.9,unknown,13153034,8720,1,1,0.7307683229446411,random,attribution,5,30,0.0,0.61,0.34489632510069734,0.15793650793650793,0.0,10,10,0.1111111111111111,2.3763161152601242e-05,28,False,True,24,0.8666666666666667,nan
tabular,0,2026-10-02T18:05:27,nodeGcal1,3.11.9,unknown,13153034,8856,1,1,0.6193913817405701,pyxai,set,27,30,0.12473431827032883,1.0,0.10000000000000009,0.8558620689655172,0.8,10,10,1.0,0.05912942159920931,27,True,nan,27,1.0,nan
tabular,0,2026-10-02T18:05:27,nodeGcal1,3.11.9,unknown,13153034,8856,1,1,0.6193913817405701,anchors,set,4,30,0.12842419928359877,0.93,0.8666666666666667,0.5028571428571429,0.14285714285714285,10,10,0.6,0.5192439211532474,27,False,nan,nan,0.14814814814814814,0.9728260869565217
tabular,0,2026-10-02T18:05:27,nodeGcal1,3.11.9,unknown,13153034,8856,1,1,0.6193913817405701,lime,attribution,5,30,0.13974866198028169,0.84,0.5917606814214555,0.8,0.6666666666666666,10,10,1.0,0.04040917009115219,27,False,True,26,0.9285714285714286,nan
tabular,0,2026-10-02T18:05:27,nodeGcal1,3.11.9,unknown,13153034,8856,1,1,0.6193913817405701,treeshap,attribution,5,30,0.09706511845120458,0.81,0.6480431477267754,0.6047619047619047,0.42857142857142855,10,10,1.0,0.000899722333997488,27,False,False,29,0.8,nan
tabular,0,2026-10-02T18:05:27,nodeGcal1,3.11.9,unknown,13153034,8856,1,1,0.6193913817405701,random,attribution,5,30,0.03950676614513,0.54,0.3166498394797662,0.1277777777777778,0.0,10,10,0.1111111111111111,2.4106819182634354e-05,27,False,False,28,0.8,nan
tabular,0,2026-10-02T18:05:27,nodeGcal1,3.11.9,unknown,13153034,8916,0,0,0.533387303352356,pyxai,set,27,30,0.1415844038175594,1.0,0.10000000000000009,0.9428571428571428,0.9285714285714286,10,10,1.0,0.05617180000990629,27,True,nan,27,1.0,nan
tabular,0,2026-10-02T18:05:27,nodeGcal1,3.11.9,unknown,13153034,8916,0,0,0.533387303352356,anchors,set,6,30,0.20193191141470646,0.95,0.8,0.39,0.2,10,10,0.7142857142857143,0.9546484248712659,27,False,nan,nan,0.2222222222222222,0.9689119170984456
tabular,0,2026-10-02T18:05:27,nodeGcal1,3.11.9,unknown,13153034,8916,0,0,0.533387303352356,lime,attribution,5,30,0.06789112763631674,0.84,0.546228179425208,0.7666666666666667,0.6666666666666666,10,10,1.0,0.024835444055497646,27,False,False,30,0.8,nan
tabular,0,2026-10-02T18:05:27,nodeGcal1,3.11.9,unknown,13153034,8916,0,0,0.533387303352356,treeshap,attribution,5,30,0.06789112763631674,0.68,0.5517362042308437,0.6523809523809525,0.42857142857142855,10,10,1.0,0.0008526616729795933,27,False,True,20,0.8620689655172413,nan
tabular,0,2026-10-02T18:05:27,nodeGcal1,3.11.9,unknown,13153034,8916,0,0,0.533387303352356,random,attribution,5,30,0.0,0.58,0.30640294926851175,0.11944444444444444,0.0,10,10,0.0,2.5636982172727585e-05,27,False,False,29,0.8620689655172413,nan
tabular,0,2026-10-02T18:05:27,nodeGcal1,3.11.9,unknown,13153034,8919,1,1,0.6871079802513123,pyxai,set,26,30,0.2109944352584054,1.0,0.13333333333333341,0.8590950556467798,0.7931034482758621,10,10,1.0,0.061408557929098606,26,True,nan,26,1.0,nan
tabular,0,2026-10-02T18:05:27,nodeGcal1,3.11.9,unknown,13153034,8919,1,1,0.6871079802513123,anchors,set,4,30,0.18644170128816884,0.95,0.8666666666666667,0.52,0.3333333333333333,10,10,0.6,0.5673863743431866,26,False,nan,nan,0.15384615384615385,0.9766536964980544
tabular,0,2026-10-02T18:05:27,nodeGcal1,3.11.9,unknown,13153034,8919,1,1,0.6871079802513123,lime,attribution,5,30,0.1938974435534261,0.97,0.5556191211956932,0.7333333333333334,0.6666666666666666,10,10,0.6666666666666666,0.041051138658076525,26,False,True,21,0.7333333333333333,nan
tabular,0,2026-10-02T18:05:27,nodeGcal1,3.11.9,unknown,13153034,8919,1,1,0.6871079802513123,treeshap,attribution,5,30,0.145473547807514,0.9,0.610434900766162,0.5476190476190477,0.42857142857142855,10,10,1.0,0.0008593415841460228,26,False,True,19,0.7931034482758621,nan
tabular,0,2026-10-02T18:05:27,nodeGcal1,3.11.9,unknown,13153034,8919,1,1,0.6871079802513123,random,attribution,5,30,0.16939059881456578,0.77,0.350028775482356,0.10555555555555554,0.0,10,10,0.1111111111111111,2.2076070308685303e-05,26,False,False,27,0.7333333333333333,nan
tabular,0,2026-10-02T18:05:27,nodeGcal1,3.11.9,unknown,13153034,8929,1,1,0.5135083198547363,pyxai,set,27,30,0.0,1.0,0.10000000000000009,0.9571428571428571,0.9285714285714286,10,10,1.0,0.059025999158620834,27,True,nan,27,1.0,nan
tabular,0,2026-10-02T18:05:27,nodeGcal1,3.11.9,unknown,13153034,8929,1,1,0.5135083198547363,anchors,set,6,30,0.07154501789851472,0.82,0.8,0.2081818181818182,0.09090909090909091,10,10,0.2,1.3433733051642776,27,False,nan,nan,0.17857142857142858,0.9556135770234987
tabular,0,2026-10-02T18:05:27,nodeGcal1,3.11.9,unknown,13153034,8929,1,1,0.5135083198547363,lime,attribution,5,30,0.0,0.22,0.5665116716102165,0.8,0.6666666666666666,10,10,1.0,0.02459762431681156,27,False,False,30,0.8620689655172413,nan
tabular,0,2026-10-02T18:05:27,nodeGcal1,3.11.9,unknown,13153034,8929,1,1,0.5135083198547363,treeshap,attribution,5,30,0.0017825388497592638,0.48,0.5479991234240666,1.0,1.0,10,10,1.0,0.0008937460370361805,27,False,True,24,0.8,nan
tabular,0,2026-10-02T18:05:27,nodeGcal1,3.11.9,unknown,13153034,8929,1,1,0.5135083198547363,random,attribution,5,30,0.0,0.55,0.3782642209627274,0.04722222222222222,0.0,10,10,0.0,2.6304274797439575e-05,27,False,False,29,0.8,nan
tabular,0,2026-10-02T18:05:27,nodeGcal1,3.11.9,unknown,13153034,8959,0,0,0.5023900270462036,pyxai,set,26,30,0.08862048338143483,1.0,0.13333333333333341,0.9777777777777779,0.9259259259259259,10,10,1.0,0.053481834940612316,26,True,nan,26,1.0,nan
tabular,0,2026-10-02T18:05:27,nodeGcal1,3.11.9,unknown,13153034,8959,0,0,0.5023900270462036,anchors,set,6,30,0.11020434216118109,0.85,0.8,0.4757142857142857,0.2,10,10,0.7142857142857143,1.230037319008261,26,False,nan,nan,0.23076923076923078,0.9858156028368794
tabular,0,2026-10-02T18:05:27,nodeGcal1,3.11.9,unknown,13153034,8959,0,0,0.5023900270462036,lime,attribution,5,30,0.0,0.38,0.5371952493415462,0.6666666666666667,0.6666666666666666,10,10,1.0,0.04828487290069461,26,False,False,30,0.8571428571428571,nan
tabular,0,2026-10-02T18:05:27,nodeGcal1,3.11.9,unknown,13153034,8959,0,0,0.5023900270462036,treeshap,attribution,5,30,0.040710994071925154,0.65,0.536294650732847,0.8,0.6666666666666666,10,10,1.0,0.0008897199295461178,26,False,False,29,0.9259259259259259,nan
tabular,0,2026-10-02T18:05:27,nodeGcal1,3.11.9,unknown,13153034,8959,0,0,0.5023900270462036,random,attribution,5,30,0.0,0.26,0.2939294565991144,0.1734126984126984,0.0,10,10,0.25,2.3447908461093903e-05,26,False,False,30,0.7931034482758621,nan
tabular,0,2026-10-02T18:05:27,nodeGcal1,3.11.9,unknown,13153034,9032,0,0,0.5114040374755859,pyxai,set,25,30,0.10468446384681657,1.0,0.16666666666666652,0.9396011396011396,0.8518518518518519,10,10,1.0,0.057134203147143126,25,True,nan,25,1.0,nan
tabular,0,2026-10-02T18:05:27,nodeGcal1,3.11.9,unknown,13153034,9032,0,0,0.5114040374755859,anchors,set,8,30,0.042399267313882064,0.84,0.7333333333333334,0.46989898989898987,0.3333333333333333,10,10,0.45454545454545453,2.23406944796443,25,False,nan,nan,0.32,0.9652509652509652
tabular,0,2026-10-02T18:05:27,nodeGcal1,3.11.9,unknown,13153034,9032,0,0,0.5114040374755859,lime,attribution,5,30,0.0,0.44,0.5037675921098619,0.8666666666666666,0.6666666666666666,10,10,1.0,0.043314277194440365,25,False,False,27,0.7241379310344828,nan
tabular,0,2026-10-02T18:05:27,nodeGcal1,3.11.9,unknown,13153034,9032,0,0,0.5114040374755859,treeshap,attribution,5,30,0.04207117628849446,0.5,0.5492268519924268,0.47619047619047616,0.42857142857142855,10,10,1.0,0.0009151967242360115,25,False,False,30,0.7857142857142857,nan
tabular,0,2026-10-02T18:05:27,nodeGcal1,3.11.9,unknown,13153034,9032,0,0,0.5114040374755859,random,attribution,5,30,0.0,0.5,0.28983908451478246,0.14444444444444443,0.0,10,10,0.1111111111111111,2.246210351586342e-05,25,False,False,30,0.7857142857142857,nan
tabular,0,2026-10-02T18:05:27,nodeGcal1,3.11.9,unknown,13153034,9248,0,0,0.5379830002784729,pyxai,set,26,30,0.14891738258206394,1.0,0.13333333333333341,0.8187192118226602,0.7931034482758621,10,10,1.0,0.059649163857102394,26,True,nan,26,1.0,nan
tabular,0,2026-10-02T18:05:27,nodeGcal1,3.11.9,unknown,13153034,9248,0,0,0.5379830002784729,anchors,set,6,30,0.19632983327788153,0.81,0.8,0.3015151515151515,0.2,10,10,0.7142857142857143,1.0322731691412628,26,False,nan,nan,0.23076923076923078,0.9628647214854111
tabular,0,2026-10-02T18:05:27,nodeGcal1,3.11.9,unknown,13153034,9248,0,0,0.5379830002784729,lime,attribution,5,30,0.1596406856434796,0.83,0.5618495106707588,0.8666666666666666,0.6666666666666666,10,10,1.0,0.048078603111207485,26,False,False,28,0.7931034482758621,nan
tabular,0,2026-10-02T18:05:27,nodeGcal1,3.11.9,unknown,13153034,9248,0,0,0.5379830002784729,treeshap,attribution,5,30,0.1300841571055247,0.57,0.5969542797353857,0.5869047619047619,0.25,10,10,1.0,0.0008357670158147812,26,False,True,25,0.8571428571428571,nan
tabular,0,2026-10-02T18:05:27,nodeGcal1,3.11.9,unknown,13153034,9248,0,0,0.5379830002784729,random,attribution,5,30,0.18520003142083905,0.65,0.29327945074714934,0.14563492063492062,0.0,10,10,0.25,2.1923799067735672e-05,26,False,False,29,0.7333333333333333,nan
tabular,0,2026-10-02T18:05:27,nodeGcal1,3.11.9,unknown,13153034,9284,0,0,0.7040702104568481,pyxai,set,25,30,0.24393164164452458,1.0,0.16666666666666652,0.9489417989417991,0.8518518518518519,10,10,1.0,0.062412627041339874,25,True,nan,25,1.0,nan
tabular,0,2026-10-02T18:05:27,nodeGcal1,3.11.9,unknown,13153034,9284,0,0,0.7040702104568481,anchors,set,4,30,0.2610649983093948,0.95,0.8666666666666667,0.4247619047619048,0.14285714285714285,10,10,1.0,1.0759272007271647,25,False,nan,nan,0.11538461538461539,0.9585714285714285
tabular,0,2026-10-02T18:05:27,nodeGcal1,3.11.9,unknown,13153034,9284,0,0,0.7040702104568481,lime,attribution,5,30,0.0697796659729852,0.66,0.5572380372649954,0.9,0.6666666666666666,10,10,0.6666666666666666,0.04169562365859747,25,False,True,22,0.8518518518518519,nan
tabular,0,2026-10-02T18:05:27,nodeGcal1,3.11.9,unknown,13153034,9284,0,0,0.7040702104568481,treeshap,attribution,5,30,0.14751161031795737,0.68,0.6129180445150981,0.8,0.42857142857142855,10,10,1.0,0.0008423360995948315,25,False,True,19,0.7857142857142857,nan
tabular,0,2026-10-02T18:05:27,nodeGcal1,3.11.9,unknown,13153034,9284,0,0,0.7040702104568481,random,attribution,5,30,0.05646062616901074,0.59,0.31536185778952375,0.12063492063492062,0.0,10,10,0.0,2.3012980818748474e-05,25,False,False,27,0.6666666666666666,nan
tabular,0,2026-10-02T18:05:27,nodeGcal1,3.11.9,unknown,13153034,9365,0,0,0.567962646484375,pyxai,set,25,30,0.19551493824216862,1.0,0.16666666666666652,0.8698412698412697,0.7857142857142857,10,10,1.0,0.058908820617944,25,True,nan,25,1.0,nan
tabular,0,2026-10-02T18:05:27,nodeGcal1,3.11.9,unknown,13153034,9365,0,0,0.567962646484375,anchors,set,5,30,0.21672750658212886,0.91,0.8333333333333333,0.2650793650793651,0.0,10,10,0.42857142857142855,0.8361926190555096,25,False,nan,nan,0.2,0.9648760330578512
tabular,0,2026-10-02T18:05:27,nodeGcal1,3.11.9,unknown,13153034,9365,0,0,0.567962646484375,lime,attribution,5,30,0.20685011552307775,0.87,0.5299913020987685,0.8666666666666666,0.6666666666666666,10,10,1.0,0.056671639904379845,25,False,False,30,0.7241379310344828,nan
tabular,0,2026-10-02T18:05:27,nodeGcal1,3.11.9,unknown,13153034,9365,0,0,0.567962646484375,treeshap,attribution,5,30,0.1895058072175058,0.74,0.6323950591868085,0.9666666666666666,0.6666666666666666,10,10,1.0,0.000900935847312212,25,False,True,23,0.7857142857142857,nan
tabular,0,2026-10-02T18:05:27,nodeGcal1,3.11.9,unknown,13153034,9365,0,0,0.567962646484375,random,attribution,5,30,0.0,0.14,0.35598313215651334,0.0873015873015873,0.0,10,10,0.0,2.3168977349996567e-05,25,False,True,25,0.7241379310344828,nan
tabular,0,2026-10-02T18:05:27,nodeGcal1,3.11.9,unknown,13153034,9397,1,1,0.5862027406692505,pyxai,set,25,30,0.1114874146529942,1.0,0.16666666666666652,0.8803418803418804,0.8518518518518519,10,10,1.0,0.05873550707474351,25,True,nan,25,1.0,nan
tabular,0,2026-10-02T18:05:27,nodeGcal1,3.11.9,unknown,13153034,9397,1,1,0.5862027406692505,anchors,set,3,30,0.20431994387306365,0.96,0.9,0.35,0.0,10,10,0.5,0.4108646218664944,25,False,nan,nan,0.12,0.95703125
tabular,0,2026-10-02T18:05:27,nodeGcal1,3.11.9,unknown,13153034,9397,1,1,0.5862027406692505,lime,attribution,5,30,0.20431994387306365,0.62,0.5638789083146618,0.6666666666666667,0.6666666666666666,10,10,0.6666666666666666,0.0428936998359859,25,False,False,30,0.8518518518518519,nan
tabular,0,2026-10-02T18:05:27,nodeGcal1,3.11.9,unknown,13153034,9397,1,1,0.5862027406692505,treeshap,attribution,5,30,0.16425954640894372,0.91,0.6770176680524678,0.8,0.6666666666666666,10,10,1.0,0.0008557322435081005,25,False,False,30,0.7857142857142857,nan
tabular,0,2026-10-02T18:05:27,nodeGcal1,3.11.9,unknown,13153034,9397,1,1,0.5862027406692505,random,attribution,5,30,0.20431994387306365,0.76,0.3408227201232207,0.08333333333333333,0.0,10,10,0.0,2.3884698748588562e-05,25,False,False,30,0.7241379310344828,nan
tabular,0,2026-10-02T18:05:27,nodeGcal1,3.11.9,unknown,13153034,9520,0,0,0.5860342979431152,pyxai,set,27,30,0.2187010528045904,1.0,0.10000000000000009,0.9224137931034484,0.8620689655172413,10,10,1.0,0.058531594928354025,27,True,nan,27,1.0,nan
tabular,0,2026-10-02T18:05:27,nodeGcal1,3.11.9,unknown,13153034,9520,0,0,0.5860342979431152,anchors,set,6,30,0.40435061997407656,0.96,0.8,0.4,0.3333333333333333,10,10,0.5,2.258774065412581,27,False,nan,nan,0.2222222222222222,0.9827586206896551
tabular,0,2026-10-02T18:05:27,nodeGcal1,3.11.9,unknown,13153034,9520,0,0,0.5860342979431152,lime,attribution,5,30,0.018242734151177824,0.45,0.5679403281968833,1.0,1.0,10,10,0.6666666666666666,0.07014172524213791,27,False,False,28,0.8620689655172413,nan
tabular,0,2026-10-02T18:05:27,nodeGcal1,3.11.9,unknown,13153034,9520,0,0,0.5860342979431152,treeshap,attribution,5,30,0.04340632203501538,0.42,0.6593307921852449,0.6523809523809524,0.42857142857142855,10,10,1.0,0.0008718250319361687,27,False,True,19,0.9285714285714286,nan
tabular,0,2026-10-02T18:05:27,nodeGcal1,3.11.9,unknown,13153034,9520,0,0,0.5860342979431152,random,attribution,5,30,0.0888272852059759,0.51,0.28827358784246093,0.09444444444444447,0.1111111111111111,10,10,0.25,2.3548956960439682e-05,27,False,False,28,0.9285714285714286,nan
tabular,0,2026-10-02T18:05:27,nodeGcal1,3.11.9,unknown,13153034,9562,0,0,0.7035897970199585,pyxai,set,25,30,0.3492401653027826,1.0,0.16666666666666652,0.8835164835164834,0.7857142857142857,10,10,1.0,0.06536950496956706,25,True,nan,25,1.0,nan
tabular,0,2026-10-02T18:05:27,nodeGcal1,3.11.9,unknown,13153034,9562,0,0,0.7035897970199585,anchors,set,4,30,0.1528342521245264,0.87,0.8666666666666667,0.38761904761904764,0.0,10,10,0.6,1.0192152289673686,25,False,nan,nan,0.16,0.9791666666666666
tabular,0,2026-10-02T18:05:27,nodeGcal1,3.11.9,unknown,13153034,9562,0,0,0.7035897970199585,lime,attribution,5,30,0.08222671475544714,0.82,0.621342964245351,0.7761904761904762,0.42857142857142855,10,10,0.6666666666666666,0.026743602007627487,25,False,True,24,0.7241379310344828,nan
tabular,0,2026-10-02T18:05:27,nodeGcal1,3.11.9,unknown,13153034,9562,0,0,0.7035897970199585,treeshap,attribution,5,30,0.2239708349803351,0.96,0.6379855510578911,0.7666666666666667,0.6666666666666666,10,10,1.0,0.0008551059290766716,25,False,True,19,0.8518518518518519,nan
tabular,0,2026-10-02T18:05:27,nodeGcal1,3.11.9,unknown,13153034,9562,0,0,0.7035897970199585,random,attribution,5,30,0.0,0.5,0.338273372133731,0.17619047619047618,0.0,10,10,0.0,2.3822765797376633e-05,25,False,False,28,0.6666666666666666,nan
tabular,0,2026-10-02T18:05:27,nodeGcal1,3.11.9,unknown,13153034,9768,0,0,0.5394590497016907,pyxai,set,29,30,0.15124608576582757,1.0,0.033333333333333326,0.9466666666666667,0.9333333333333333,10,10,1.0,0.05770551227033138,29,True,nan,29,1.0,nan
tabular,0,2026-10-02T18:05:27,nodeGcal1,3.11.9,unknown,13153034,9768,0,0,0.5394590497016907,anchors,set,6,30,0.17602593236419908,0.86,0.8,0.4147619047619048,0.2,10,10,0.5,1.6963433641940355,29,False,nan,nan,0.20689655172413793,0.963302752293578
tabular,0,2026-10-02T18:05:27,nodeGcal1,3.11.9,unknown,13153034,9768,0,0,0.5394590497016907,lime,attribution,5,30,0.0,0.42,0.5426032126961373,0.9333333333333332,0.6666666666666666,10,10,1.0,0.04083135863766074,29,False,True,27,0.9333333333333333,nan
tabular,0,2026-10-02T18:05:27,nodeGcal1,3.11.9,unknown,13153034,9768,0,0,0.5394590497016907,treeshap,attribution,5,30,0.1719542780545114,0.56,0.5726472037028854,0.8333333333333333,0.6666666666666666,10,10,1.0,0.0008652852848172188,29,False,True,24,0.9333333333333333,nan
tabular,0,2026-10-02T18:05:27,nodeGcal1,3.11.9,unknown,13153034,9768,0,0,0.5394590497016907,random,attribution,5,30,0.0,0.43,0.32365068874798664,0.06944444444444445,0.0,10,10,0.1111111111111111,2.2734049707651138e-05,29,False,True,29,0.9333333333333333,nan
tabular,0,2026-10-02T18:05:27,nodeGcal1,3.11.9,unknown,13153034,9811,1,1,0.5444507002830505,pyxai,set,26,30,0.004258751591653806,1.0,0.13333333333333341,0.9126984126984127,0.8571428571428571,10,10,1.0,0.05776355369016528,26,True,nan,26,1.0,nan
tabular,0,2026-10-02T18:05:27,nodeGcal1,3.11.9,unknown,13153034,9811,1,1,0.5444507002830505,anchors,set,8,30,0.13253299325503343,0.93,0.7333333333333334,0.2923076923076923,0.23076923076923078,10,10,0.7777777777777778,2.4376333141699433,26,False,nan,nan,0.3076923076923077,0.9638157894736842
tabular,0,2026-10-02T18:05:27,nodeGcal1,3.11.9,unknown,13153034,9811,1,1,0.5444507002830505,lime,attribution,5,30,0.0,0.2,0.5305328994075258,0.7333333333333333,0.6666666666666666,10,10,0.6666666666666666,0.02506580390036106,26,False,True,26,0.8571428571428571,nan
tabular,0,2026-10-02T18:05:27,nodeGcal1,3.11.9,unknown,13153034,9811,1,1,0.5444507002830505,treeshap,attribution,5,30,0.0,0.51,0.5499621806941795,0.7857142857142858,0.42857142857142855,10,10,1.0,0.0008142809383571148,26,False,True,23,0.9259259259259259,nan
tabular,0,2026-10-02T18:05:27,nodeGcal1,3.11.9,unknown,13153034,9811,1,1,0.5444507002830505,random,attribution,5,30,0.0,0.54,0.29870463867232644,0.05833333333333333,0.0,10,10,0.25,2.337666228413582e-05,26,False,False,28,0.7333333333333333,nan
tabular,0,2026-10-02T18:05:27,nodeGcal1,3.11.9,unknown,13153034,9837,1,1,0.5195720791816711,pyxai,set,24,30,0.0,1.0,0.20000000000000018,0.8415726495726495,0.7777777777777778,10,10,1.0,0.05809724098071456,24,True,nan,24,1.0,nan
tabular,0,2026-10-02T18:05:27,nodeGcal1,3.11.9,unknown,13153034,9837,1,1,0.5195720791816711,anchors,set,10,30,0.07414563518781118,0.92,0.6666666666666666,0.22549019607843132,0.17647058823529413,10,10,0.5384615384615384,3.1534773320890963,24,False,nan,nan,0.36,0.9543726235741445
tabular,0,2026-10-02T18:05:27,nodeGcal1,3.11.9,unknown,13153034,9837,1,1,0.5195720791816711,lime,attribution,5,30,0.0,0.33,0.56374174595526,0.8,0.6666666666666666,10,10,1.0,0.04079930391162634,24,False,False,30,0.7777777777777778,nan
tabular,0,2026-10-02T18:05:27,nodeGcal1,3.11.9,unknown,13153034,9837,1,1,0.5195720791816711,treeshap,attribution,5,30,0.030240543362931145,0.54,0.53651438055099,0.8,0.6666666666666666,10,10,1.0,0.0008972152136266232,24,False,True,23,0.92,nan
tabular,0,2026-10-02T18:05:27,nodeGcal1,3.11.9,unknown,13153034,9837,1,1,0.5195720791816711,random,attribution,5,30,0.0,0.32,0.37333355435244386,0.1261904761904762,0.0,10,10,0.1111111111111111,2.4931039661169052e-05,24,False,False,29,0.6551724137931034,nan
tabular,0,2026-10-02T18:05:27,nodeGcal1,3.11.9,unknown,13153034,9959,0,0,0.5155761241912842,pyxai,set,25,30,0.08361973250194336,1.0,0.16666666666666652,0.9088319088319089,0.8518518518518519,10,10,1.0,0.06003409205004573,25,True,nan,25,1.0,nan
tabular,0,2026-10-02T18:05:27,nodeGcal1,3.11.9,unknown,13153034,9959,0,0,0.5155761241912842,anchors,set,5,30,0.06579739586392125,0.74,0.8333333333333333,0.4976190476190476,0.25,10,10,1.0,1.7793634971603751,25,False,nan,nan,0.2,0.9516728624535316
tabular,0,2026-10-02T18:05:27,nodeGcal1,3.11.9,unknown,13153034,9959,0,0,0.5155761241912842,lime,attribution,5,30,0.0,0.46,0.5397721676796035,0.9333333333333332,0.6666666666666666,10,10,1.0,0.041854440700262785,25,False,False,29,0.7857142857142857,nan
tabular,0,2026-10-02T18:05:27,nodeGcal1,3.11.9,unknown,13153034,9959,0,0,0.5155761241912842,treeshap,attribution,5,30,0.04822511899515511,0.53,0.5418342474388356,0.5035714285714286,0.1111111111111111,10,10,1.0,0.0008652722463011742,25,False,False,30,0.8518518518518519,nan
tabular,0,2026-10-02T18:05:27,nodeGcal1,3.11.9,unknown,13153034,9959,0,0,0.5155761241912842,random,attribution,5,30,0.011251186714531397,0.58,0.32581322610332986,0.12777777777777777,0.0,10,10,0.0,2.3541972041130066e-05,25,False,False,30,0.6666666666666666,nan
tabular,0,2026-10-02T18:05:27,nodeGcal1,3.11.9,unknown,13153034,9970,1,1,0.5542518496513367,pyxai,set,26,30,0.04820125773177472,1.0,0.13333333333333341,0.8984126984126984,0.8571428571428571,10,10,1.0,0.06144068809226155,26,True,nan,26,1.0,nan
tabular,0,2026-10-02T18:05:27,nodeGcal1,3.11.9,unknown,13153034,9970,1,1,0.5542518496513367,anchors,set,7,30,0.04432817858384568,0.95,0.7666666666666666,0.16307692307692306,0.07692307692307693,10,10,0.4,2.4623715388588607,26,False,nan,nan,0.2692307692307692,0.9630872483221476
tabular,0,2026-10-02T18:05:27,nodeGcal1,3.11.9,unknown,13153034,9970,1,1,0.5542518496513367,lime,attribution,5,30,0.034730706737200474,0.4,0.5470804673082479,0.9,0.6666666666666666,10,10,1.0,0.04298206325620413,26,False,True,25,0.9259259259259259,nan
tabular,0,2026-10-02T18:05:27,nodeGcal1,3.11.9,unknown,13153034,9970,1,1,0.5542518496513367,treeshap,attribution,5,30,0.05606259214223594,0.83,0.5745743192406938,0.8333333333333333,0.6666666666666666,10,10,1.0,0.000851185992360115,26,False,True,21,0.7931034482758621,nan
tabular,0,2026-10-02T18:05:27,nodeGcal1,3.11.9,unknown,13153034,9970,1,1,0.5542518496513367,random,attribution,5,30,0.021204127025811818,0.52,0.4095940895960789,0.09166666666666665,0.1111111111111111,10,10,0.0,2.3068860173225403e-05,26,False,False,30,0.7333333333333333,nan
tabular,0,2026-10-02T18:05:27,nodeGcal1,3.11.9,unknown,13153034,9983,0,0,0.5505394339561462,pyxai,set,26,30,0.18622968241607038,1.0,0.13333333333333341,0.9407407407407407,0.8571428571428571,10,10,1.0,0.057015176862478256,26,True,nan,26,1.0,nan
tabular,0,2026-10-02T18:05:27,nodeGcal1,3.11.9,unknown,13153034,9983,0,0,0.5505394339561462,anchors,set,5,30,0.19252545250001651,0.97,0.8333333333333333,0.5333333333333333,0.42857142857142855,10,10,0.42857142857142855,1.3207378261722624,26,False,nan,nan,0.19230769230769232,0.97
tabular,0,2026-10-02T18:05:27,nodeGcal1,3.11.9,unknown,13153034,9983,0,0,0.5505394339561462,lime,attribution,5,30,0.0,0.44,0.5676620836893729,0.9,1.0,10,10,0.6666666666666666,0.025788835249841213,26,False,True,25,0.7931034482758621,nan
tabular,0,2026-10-02T18:05:27,nodeGcal1,3.11.9,unknown,13153034,9983,0,0,0.5505394339561462,treeshap,attribution,5,30,0.00841973042008575,0.71,0.6673251924732827,0.9666666666666666,1.0,10,10,1.0,0.0008843732066452503,26,False,True,20,0.8571428571428571,nan
tabular,0,2026-10-02T18:05:27,nodeGcal1,3.11.9,unknown,13153034,9983,0,0,0.5505394339561462,random,attribution,5,30,0.0,0.51,0.31267867277298733,0.07222222222222223,0.0,10,10,0.1111111111111111,2.361508086323738e-05,26,False,True,26,0.7333333333333333,nan
tabular,0,2026-10-02T18:05:27,nodeGcal1,3.11.9,unknown,13153034,10005,0,0,0.5080565214157104,pyxai,set,27,30,0.09878535024509097,1.0,0.10000000000000009,0.9305418719211824,0.8620689655172413,10,10,1.0,0.059419332072138786,27,True,nan,27,1.0,nan
tabular,0,2026-10-02T18:05:27,nodeGcal1,3.11.9,unknown,13153034,10005,0,0,0.5080565214157104,anchors,set,6,30,0.13979547087944846,0.86,0.8,0.3247619047619048,0.3333333333333333,10,10,0.7142857142857143,1.1187254949472845,27,False,nan,nan,0.2222222222222222,0.9637795275590552
tabular,0,2026-10-02T18:05:27,nodeGcal1,3.11.9,unknown,13153034,10005,0,0,0.5080565214157104,lime,attribution,5,30,0.031517259842881805,0.66,0.5801044869689539,0.6428571428571429,0.42857142857142855,10,10,1.0,0.04270142829045653,27,False,False,30,0.8,nan
tabular,0,2026-10-02T18:05:27,nodeGcal1,3.11.9,unknown,13153034,10005,0,0,0.5080565214157104,treeshap,attribution,5,30,0.07248033558843771,0.61,0.5634520846796884,0.7666666666666667,0.6666666666666666,10,10,1.0,0.0008992566727101803,27,False,False,30,0.8620689655172413,nan
tabular,0,2026-10-02T18:05:27,nodeGcal1,3.11.9,unknown,13153034,10005,0,0,0.5080565214157104,random,attribution,5,30,0.0,0.31,0.371177048409815,0.08333333333333333,0.0,10,10,0.0,2.2795982658863068e-05,27,False,False,29,0.8,nan
tabular,0,2026-10-02T18:05:27,nodeGcal1,3.11.9,unknown,13153034,10009,0,0,0.7032985687255859,pyxai,set,26,30,0.33949673000100344,1.0,0.13333333333333341,0.9063492063492063,0.8571428571428571,10,10,1.0,0.06474278075620532,26,True,nan,26,1.0,nan
tabular,0,2026-10-02T18:05:27,nodeGcal1,3.11.9,unknown,13153034,10009,0,0,0.7032985687255859,anchors,set,5,30,0.15927218961790574,0.89,0.8333333333333333,0.45357142857142846,0.1111111111111111,10,10,0.6666666666666666,2.2518430300988257,26,False,nan,nan,0.19230769230769232,0.9655172413793104
tabular,0,2026-10-02T18:05:27,nodeGcal1,3.11.9,unknown,13153034,10009,0,0,0.7032985687255859,lime,attribution,5,30,0.1335302700342526,0.79,0.551552175476852,0.9,0.6666666666666666,10,10,0.6666666666666666,0.04335795808583498,26,False,True,22,0.8571428571428571,nan
tabular,0,2026-10-02T18:05:27,nodeGcal1,3.11.9,unknown,13153034,10009,0,0,0.7032985687255859,treeshap,attribution,5,30,0.12949802837298735,0.94,0.5908333263848544,0.7666666666666667,0.6666666666666666,10,10,1.0,0.002838056068867445,26,False,True,15,0.7931034482758621,nan
tabular,0,2026-10-02T18:05:27,nodeGcal1,3.11.9,unknown,13153034,10009,0,0,0.7032985687255859,random,attribution,5,30,0.02966093507190879,0.64,0.27677366713417106,0.08055555555555556,0.0,10,10,0.0,3.2837968319654465e-05,26,False,False,27,0.7333333333333333,nan
tabular,0,2026-10-02T18:05:27,nodeGcal1,3.11.9,unknown,13153034,10055,0,0,0.7301483154296875,pyxai,set,23,30,0.25199855410545235,1.0,0.23333333333333328,0.7768319088319088,0.7692307692307693,10,10,1.0,0.06414214475080371,23,True,nan,23,1.0,nan
tabular,0,2026-10-02T18:05:27,nodeGcal1,3.11.9,unknown,13153034,10055,0,0,0.7301483154296875,anchors,set,4,30,0.18114572122317193,0.91,0.8666666666666667,0.3295238095238095,0.0,10,10,0.6,0.8853072817437351,23,False,nan,nan,0.125,0.9619450317124736
tabular,0,2026-10-02T18:05:27,nodeGcal1,3.11.9,unknown,13153034,10055,0,0,0.7301483154296875,lime,attribution,5,30,0.15396083023343296,0.96,0.5560229146724593,0.8333333333333333,0.6666666666666666,10,10,0.6666666666666666,0.07543037086725235,23,False,False,24,0.7692307692307693,nan
tabular,0,2026-10-02T18:05:27,nodeGcal1,3.11.9,unknown,13153034,10055,0,0,0.7301483154296875,treeshap,attribution,5,30,0.17527455016614074,0.87,0.6182951964136058,1.0,0.6666666666666666,10,10,1.0,0.000890824943780899,23,False,True,18,0.84,nan
tabular,0,2026-10-02T18:05:27,nodeGcal1,3.11.9,unknown,13153034,10055,0,0,0.7301483154296875,random,attribution,5,30,0.01655831709368665,0.53,0.3535020249555795,0.08055555555555556,0.0,10,10,0.1111111111111111,2.247001975774765e-05,23,False,False,28,0.5333333333333333,nan
tabular,0,2026-10-02T18:05:27,nodeGcal1,3.11.9,unknown,13153034,10374,1,1,0.5233352184295654,pyxai,set,26,30,0.0,1.0,0.13333333333333341,0.919047619047619,0.9259259259259259,10,10,1.0,0.057663772720843554,26,True,nan,26,1.0,nan
tabular,0,2026-10-02T18:05:27,nodeGcal1,3.11.9,unknown,13153034,10374,1,1,0.5233352184295654,anchors,set,6,30,0.013354847115775796,0.83,0.8,0.16454545454545452,0.09090909090909091,10,10,0.5,1.4024928268045187,26,False,nan,nan,0.23076923076923078,0.9724770642201835
tabular,0,2026-10-02T18:05:27,nodeGcal1,3.11.9,unknown,13153034,10374,1,1,0.5233352184295654,lime,attribution,5,30,0.0,0.36,0.5795223592015264,0.7666666666666667,0.42857142857142855,10,10,0.6666666666666666,0.06303893495351076,26,False,False,27,0.7931034482758621,nan
tabular,0,2026-10-02T18:05:27,nodeGcal1,3.11.9,unknown,13153034,10374,1,1,0.5233352184295654,treeshap,attribution,5,30,0.0,0.44,0.5351738379133413,0.7333333333333333,0.6666666666666666,10,10,1.0,0.0008885269053280354,26,False,True,26,0.7931034482758621,nan
tabular,0,2026-10-02T18:05:27,nodeGcal1,3.11.9,unknown,13153034,10374,1,1,0.5233352184295654,random,attribution,5,30,0.0,0.52,0.29197569454700756,0.08055555555555556,0.0,10,10,0.25,2.2306106984615326e-05,26,False,False,30,0.7333333333333333,nan
tabular,0,2026-10-02T18:05:27,nodeGcal1,3.11.9,unknown,13153034,10501,1,1,0.5082268118858337,pyxai,set,24,30,0.0,1.0,0.20000000000000018,0.888888888888889,0.7777777777777778,10,10,1.0,0.059304657857865095,24,True,nan,24,1.0,nan
tabular,0,2026-10-02T18:05:27,nodeGcal1,3.11.9,unknown,13153034,10501,1,1,0.5082268118858337,anchors,set,6,30,0.0,0.88,0.8,0.2647619047619048,0.09090909090909091,10,10,0.7142857142857143,1.05668914783746,24,False,nan,nan,0.25,0.9810126582278481
tabular,0,2026-10-02T18:05:27,nodeGcal1,3.11.9,unknown,13153034,10501,1,1,0.5082268118858337,lime,attribution,5,30,0.07881970030132651,0.7,0.5286482517683704,0.9,0.6666666666666666,10,10,0.6666666666666666,0.04304824583232403,24,False,False,25,0.7777777777777778,nan
tabular,0,2026-10-02T18:05:27,nodeGcal1,3.11.9,unknown,13153034,10501,1,1,0.5082268118858337,treeshap,attribution,5,30,0.10272427644634792,0.7,0.5839565765256722,1.0,1.0,10,10,1.0,0.0008518719114363194,24,False,False,28,0.92,nan
tabular,0,2026-10-02T18:05:27,nodeGcal1,3.11.9,unknown,13153034,10501,1,1,0.5082268118858337,random,attribution,5,30,0.07881970030132651,0.68,0.36927316467207416,0.14444444444444443,0.0,10,10,0.1111111111111111,2.495013177394867e-05,24,False,False,29,0.6551724137931034,nan
tabular,0,2026-10-02T18:05:27,nodeGcal1,3.11.9,unknown,13153034,10521,0,0,0.5447744131088257,pyxai,set,26,30,0.15952737686325233,1.0,0.13333333333333341,0.9068235723408137,0.7931034482758621,10,10,1.0,0.060066654812544584,26,True,nan,26,1.0,nan
tabular,0,2026-10-02T18:05:27,nodeGcal1,3.11.9,unknown,13153034,10521,0,0,0.5447744131088257,anchors,set,5,30,0.20079229322136002,0.84,0.8333333333333333,0.4817460317460317,0.1111111111111111,10,10,0.25,1.3081976962275803,26,False,nan,nan,0.19230769230769232,0.9623733719247467
tabular,0,2026-10-02T18:05:27,nodeGcal1,3.11.9,unknown,13153034,10521,0,0,0.5447744131088257,lime,attribution,5,30,0.09682456877055708,0.72,0.5736080318467189,0.8333333333333334,0.6666666666666666,10,10,0.6666666666666666,0.05255098408088088,26,False,False,29,0.7333333333333333,nan
tabular,0,2026-10-02T18:05:27,nodeGcal1,3.11.9,unknown,13153034,10521,0,0,0.5447744131088257,treeshap,attribution,5,30,0.04503513097335412,0.63,0.5902315131090394,0.8,0.6666666666666666,10,10,1.0,0.0008945460431277752,26,False,True,22,0.8571428571428571,nan
tabular,0,2026-10-02T18:05:27,nodeGcal1,3.11.9,unknown,13153034,10521,0,0,0.5447744131088257,random,attribution,5,30,0.0,0.37,0.3594870777101745,0.09722222222222224,0.0,10,10,0.1111111111111111,2.6570167392492294e-05,26,False,False,28,0.7333333333333333,nan
tabular,0,2026-10-02T18:05:27,nodeGcal1,3.11.9,unknown,13153034,10547,0,0,0.7032859921455383,pyxai,set,26,30,0.3504267796213991,1.0,0.13333333333333341,0.9172413793103449,0.7931034482758621,10,10,1.0,0.06390567310154438,26,True,nan,26,1.0,nan
tabular,0,2026-10-02T18:05:27,nodeGcal1,3.11.9,unknown,13153034,10547,0,0,0.7032859921455383,anchors,set,4,30,0.24272506710423375,0.97,0.8666666666666667,0.5009523809523808,0.14285714285714285,10,10,0.6,1.3384027322754264,26,False,nan,nan,0.15384615384615385,0.9586206896551724
tabular,0,2026-10-02T18:05:27,nodeGcal1,3.11.9,unknown,13153034,10547,0,0,0.7032859921455383,lime,attribution,5,30,0.22510740364098153,0.92,0.5517940153141668,1.0,0.6666666666666666,10,10,0.6666666666666666,0.041407537180930376,26,False,True,21,0.8571428571428571,nan
tabular,0,2026-10-02T18:05:27,nodeGcal1,3.11.9,unknown,13153034,10547,0,0,0.7032859921455383,treeshap,attribution,5,30,0.2988604039551559,0.98,0.6363730670057605,0.5904761904761905,0.42857142857142855,10,10,1.0,0.0008606440387666225,26,False,True,21,0.7931034482758621,nan
tabular,0,2026-10-02T18:05:27,nodeGcal1,3.11.9,unknown,13153034,10547,0,0,0.7032859921455383,random,attribution,5,30,0.06486840061187298,0.46,0.3448841756208343,0.10555555555555556,0.0,10,10,0.0,2.4213921278715134e-05,26,False,True,26,0.7333333333333333,nan
tabular,0,2026-10-02T18:05:27,nodeGcal1,3.11.9,unknown,13153034,10580,0,0,0.660742461681366,pyxai,set,29,30,0.3070401759283975,1.0,0.033333333333333326,0.96,0.9333333333333333,10,10,1.0,0.06174441706389189,29,True,nan,29,1.0,nan
tabular,0,2026-10-02T18:05:27,nodeGcal1,3.11.9,unknown,13153034,10580,0,0,0.660742461681366,anchors,set,4,30,0.1970885358505619,0.93,0.8666666666666667,0.46190476190476176,0.0,10,10,0.6,0.9982889583334327,29,False,nan,nan,0.13793103448275862,0.963963963963964
tabular,0,2026-10-02T18:05:27,nodeGcal1,3.11.9,unknown,13153034,10580,0,0,0.660742461681366,lime,attribution,5,30,0.1431032963210502,0.85,0.5677965499139132,0.8666666666666668,0.6666666666666666,10,10,1.0,0.05656299088150263,29,False,True,19,0.9333333333333333,nan
tabular,0,2026-10-02T18:05:27,nodeGcal1,3.11.9,unknown,13153034,10580,0,0,0.660742461681366,treeshap,attribution,5,30,0.17186152368259602,0.91,0.5882237713171496,0.7,0.6666666666666666,10,10,1.0,0.0008997498080134392,29,False,True,22,0.9333333333333333,nan
tabular,0,2026-10-02T18:05:27,nodeGcal1,3.11.9,unknown,13153034,10580,0,0,0.660742461681366,random,attribution,5,30,0.13879006287448403,0.73,0.3284514759107212,0.10277777777777777,0.0,10,10,0.25,2.3338012397289276e-05,29,False,True,28,0.9333333333333333,nan
tabular,0,2026-10-02T18:05:27,nodeGcal1,3.11.9,unknown,13153034,10588,1,1,0.7176268100738525,pyxai,set,24,30,0.2538336248668996,1.0,0.20000000000000018,0.792,0.7777777777777778,10,10,1.0,0.06182480836287141,24,True,nan,24,1.0,nan
tabular,0,2026-10-02T18:05:27,nodeGcal1,3.11.9,unknown,13153034,10588,1,1,0.7176268100738525,anchors,set,2,30,0.3647745639870496,0.99,0.9333333333333333,0.5333333333333332,0.3333333333333333,10,10,0.3333333333333333,0.36290333280339837,24,False,nan,nan,0.08333333333333333,0.9510086455331412
tabular,0,2026-10-02T18:05:27,nodeGcal1,3.11.9,unknown,13153034,10588,1,1,0.7176268100738525,lime,attribution,5,30,0.39150146431247085,0.98,0.5780878525643498,0.8333333333333334,0.6666666666666666,10,10,1.0,0.0460034660063684,24,False,False,26,0.8461538461538461,nan
tabular,0,2026-10-02T18:05:27,nodeGcal1,3.11.9,unknown,13153034,10588,1,1,0.7176268100738525,treeshap,attribution,5,30,0.3632186385465515,1.0,0.7727730356294868,0.5952380952380952,0.42857142857142855,10,10,1.0,0.0008574719540774822,24,False,True,23,0.7777777777777778,nan
tabular,0,2026-10-02T18:05:27,nodeGcal1,3.11.9,unknown,13153034,10588,1,1,0.7176268100738525,random,attribution,5,30,0.0,0.43,0.3175322609357565,0.10277777777777777,0.0,10,10,0.0,2.187909558415413e-05,24,False,False,26,0.6551724137931034,nan
tabular,0,2026-10-02T18:05:27,nodeGcal1,3.11.9,unknown,13153034,10753,1,1,0.6521777510643005,pyxai,set,26,30,0.1789523719610259,1.0,0.13333333333333341,0.8846560846560847,0.8571428571428571,10,10,1.0,0.06072500068694353,26,True,nan,26,1.0,nan
tabular,0,2026-10-02T18:05:27,nodeGcal1,3.11.9,unknown,13153034,10753,1,1,0.6521777510643005,anchors,set,4,30,0.463848714192924,1.0,0.8666666666666667,0.38476190476190475,0.14285714285714285,10,10,1.0,0.5577808488160372,26,False,nan,nan,0.15384615384615385,0.9820359281437125
tabular,0,2026-10-02T18:05:27,nodeGcal1,3.11.9,unknown,13153034,10753,1,1,0.6521777510643005,lime,attribution,5,30,0.12677952941066797,0.43,0.4970904269393255,0.9666666666666666,0.6666666666666666,10,10,1.0,0.0533737582154572,26,False,False,27,0.7931034482758621,nan
tabular,0,2026-10-02T18:05:27,nodeGcal1,3.11.9,unknown,13153034,10753,1,1,0.6521777510643005,treeshap,attribution,5,30,0.21027137672142615,0.78,0.6492733799095103,0.7285714285714285,0.42857142857142855,10,10,1.0,0.0008317301981151104,26,False,True,20,0.7333333333333333,nan
tabular,0,2026-10-02T18:05:27,nodeGcal1,3.11.9,unknown,13153034,10753,1,1,0.6521777510643005,random,attribution,5,30,0.2143328013941492,0.76,0.23186293435784144,0.15555555555555556,0.0,10,10,0.1111111111111111,2.405839040875435e-05,26,False,False,27,0.7931034482758621,nan
tabular,0,2026-10-02T18:05:27,nodeGcal1,3.11.9,unknown,13153034,10914,1,1,0.516608476638794,pyxai,set,26,30,0.0,1.0,0.13333333333333341,0.8600985221674877,0.7931034482758621,10,10,1.0,0.05681734485551715,26,True,nan,26,1.0,nan
tabular,0,2026-10-02T18:05:27,nodeGcal1,3.11.9,unknown,13153034,10914,1,1,0.516608476638794,anchors,set,9,30,0.11799651146637942,0.96,0.7,0.29560439560439555,0.2857142857142857,10,10,0.6363636363636364,2.1213422371074557,26,False,nan,nan,0.2962962962962963,0.9608695652173913
tabular,0,2026-10-02T18:05:27,nodeGcal1,3.11.9,unknown,13153034,10914,1,1,0.516608476638794,lime,attribution,5,30,0.0,0.43,0.5799604151939218,0.6428571428571429,0.42857142857142855,10,10,1.0,0.0247108256444335,26,False,False,27,0.7931034482758621,nan
tabular,0,2026-10-02T18:05:27,nodeGcal1,3.11.9,unknown,13153034,10914,1,1,0.516608476638794,treeshap,attribution,5,30,0.11799651146637942,0.73,0.5344647272733123,1.0,1.0,10,10,1.0,0.0008988566696643829,26,False,True,25,0.9259259259259259,nan
tabular,0,2026-10-02T18:05:27,nodeGcal1,3.11.9,unknown,13153034,10914,1,1,0.516608476638794,random,attribution,5,30,0.0,0.48,0.25769530446690225,0.11944444444444444,0.0,10,10,0.1111111111111111,2.1830666810274124e-05,26,False,False,29,0.7333333333333333,nan
tabular,0,2026-10-02T18:05:27,nodeGcal1,3.11.9,unknown,13153034,11068,1,1,0.7902022004127502,pyxai,set,26,30,0.2960363323317035,1.0,0.13333333333333341,0.9014778325123153,0.7931034482758621,10,10,1.0,0.06503908708691597,26,True,nan,26,1.0,nan
tabular,0,2026-10-02T18:05:27,nodeGcal1,3.11.9,unknown,13153034,11068,1,1,0.7902022004127502,anchors,set,2,30,0.18578977028138186,0.93,0.9333333333333333,0.6666666666666666,0.3333333333333333,10,10,0.3333333333333333,0.34984558215364814,26,False,nan,nan,0.07692307692307693,0.9788135593220338
tabular,0,2026-10-02T18:05:27,nodeGcal1,3.11.9,unknown,13153034,11068,1,1,0.7902022004127502,lime,attribution,5,30,0.28654623122358974,0.99,0.5242805181302677,0.6666666666666667,0.6666666666666666,10,10,1.0,0.05701194005087018,26,False,True,17,0.8571428571428571,nan
tabular,0,2026-10-02T18:05:27,nodeGcal1,3.11.9,unknown,13153034,11068,1,1,0.7902022004127502,treeshap,attribution,5,30,0.3795122087728711,0.99,0.7104741532873863,0.8666666666666666,0.6666666666666666,10,10,1.0,0.0008730343542993069,26,False,True,18,0.7333333333333333,nan
tabular,0,2026-10-02T18:05:27,nodeGcal1,3.11.9,unknown,13153034,11068,1,1,0.7902022004127502,random,attribution,5,30,0.0,0.55,0.2936229716226221,0.03333333333333333,0.0,10,10,0.25,2.2612977772951126e-05,26,False,False,28,0.7931034482758621,nan
tabular,0,2026-10-02T18:05:27,nodeGcal1,3.11.9,unknown,13153034,11106,1,1,0.5688685178756714,pyxai,set,26,30,0.04699943315350014,1.0,0.13333333333333341,0.8187192118226602,0.7931034482758621,10,10,1.0,0.05956685310229659,26,True,nan,26,1.0,nan
tabular,0,2026-10-02T18:05:27,nodeGcal1,3.11.9,unknown,13153034,11106,1,1,0.5688685178756714,anchors,set,6,30,0.15202173505322175,0.92,0.8,0.3595238095238096,0.2,10,10,0.5,1.1882622949779034,26,False,nan,nan,0.23076923076923078,0.9665551839464883
tabular,0,2026-10-02T18:05:27,nodeGcal1,3.11.9,unknown,13153034,11106,1,1,0.5688685178756714,lime,attribution,5,30,0.01673905048496285,0.52,0.5447594224153405,0.8333333333333333,0.6666666666666666,10,10,1.0,0.024970316793769598,26,False,False,27,0.7931034482758621,nan
tabular,0,2026-10-02T18:05:27,nodeGcal1,3.11.9,unknown,13153034,11106,1,1,0.5688685178756714,treeshap,attribution,5,30,0.06707512444952499,0.8,0.5342689731737038,0.6666666666666667,0.6666666666666666,10,10,1.0,0.0008242749609053135,26,False,True,24,0.7931034482758621,nan
tabular,0,2026-10-02T18:05:27,nodeGcal1,3.11.9,unknown,13153034,11106,1,1,0.5688685178756714,random,attribution,5,30,0.11761362862438614,0.6,0.30528866753697137,0.09444444444444444,0.0,10,10,0.0,2.489471808075905e-05,26,False,False,29,0.7931034482758621,nan
tabular,0,2026-10-02T18:05:27,nodeGcal1,3.11.9,unknown,13153034,11145,1,1,0.6292515397071838,pyxai,set,24,30,0.1616449382969112,1.0,0.20000000000000018,0.860923076923077,0.8461538461538461,10,10,1.0,0.06091115204617381,24,True,nan,24,1.0,nan
tabular,0,2026-10-02T18:05:27,nodeGcal1,3.11.9,unknown,13153034,11145,1,1,0.6292515397071838,anchors,set,3,30,0.3010133759410383,0.94,0.9,0.7,0.0,10,10,0.5,0.4407695238478482,24,False,nan,nan,0.125,0.973404255319149
tabular,0,2026-10-02T18:05:27,nodeGcal1,3.11.9,unknown,13153034,11145,1,1,0.6292515397071838,lime,attribution,5,30,0.28266485202502317,0.93,0.5682639813209245,0.8333333333333334,0.6666666666666666,10,10,1.0,0.061319373082369566,24,False,False,28,0.7142857142857143,nan
tabular,0,2026-10-02T18:05:27,nodeGcal1,3.11.9,unknown,13153034,11145,1,1,0.6292515397071838,treeshap,attribution,5,30,0.22993469127711247,0.99,0.6736785288055095,0.3988095238095238,0.25,10,10,1.0,0.0008424017578363419,24,False,True,22,0.8461538461538461,nan
tabular,0,2026-10-02T18:05:27,nodeGcal1,3.11.9,unknown,13153034,11145,1,1,0.6292515397071838,random,attribution,5,30,0.07154386971635836,0.67,0.4596345442999443,0.09444444444444444,0.0,10,10,0.0,2.2502616047859192e-05,24,False,False,30,0.6551724137931034,nan
tabular,0,2026-10-02T18:05:27,nodeGcal1,3.11.9,unknown,13153034,11162,0,0,0.5753529071807861,pyxai,set,29,30,0.20419628668099063,1.0,0.033333333333333326,0.9466666666666667,0.9333333333333333,10,10,1.0,0.056775336153805256,29,True,nan,29,1.0,nan
tabular,0,2026-10-02T18:05:27,nodeGcal1,3.11.9,unknown,13153034,11162,0,0,0.5753529071807861,anchors,set,18,30,0.01818463412764353,0.71,0.4,0.74,0.6363636363636364,10,10,0.8,7.228289221879095,29,False,nan,nan,0.5666666666666667,0.8674948240165632
tabular,0,2026-10-02T18:05:27,nodeGcal1,3.11.9,unknown,13153034,11162,0,0,0.5753529071807861,lime,attribution,5,30,0.05283171135481652,0.13,0.5203985116968708,1.0,1.0,10,10,1.0,0.07264102669432759,29,False,True,25,0.9333333333333333,nan
tabular,0,2026-10-02T18:05:27,nodeGcal1,3.11.9,unknown,13153034,11162,0,0,0.5753529071807861,treeshap,attribution,5,30,0.15917110233071785,0.37,0.6162102766748544,0.5845238095238096,0.25,10,10,1.0,0.0008834740146994591,29,False,True,24,0.9333333333333333,nan
tabular,0,2026-10-02T18:05:27,nodeGcal1,3.11.9,unknown,13153034,11162,0,0,0.5753529071807861,random,attribution,5,30,0.2966046191682845,0.54,0.327018511137132,0.02222222222222222,0.0,10,10,0.1111111111111111,2.3939181119203568e-05,29,False,True,27,0.9333333333333333,nan
tabular,0,2026-10-02T18:05:27,nodeGcal1,3.11.9,unknown,13153034,11178,0,0,0.5349962711334229,pyxai,set,28,30,0.14416603496443972,1.0,0.06666666666666687,0.9862068965517242,0.9310344827586207,10,10,1.0,0.05831338698044419,28,True,nan,28,1.0,nan
tabular,0,2026-10-02T18:05:27,nodeGcal1,3.11.9,unknown,13153034,11178,0,0,0.5349962711334229,anchors,set,6,30,0.10909686858410017,0.82,0.8,0.7500000000000001,0.5,10,10,0.5,1.6592420772649348,28,False,nan,nan,0.21428571428571427,0.9705882352941176
tabular,0,2026-10-02T18:05:27,nodeGcal1,3.11.9,unknown,13153034,11178,0,0,0.5349962711334229,lime,attribution,5,30,0.01960505130045986,0.72,0.5978195257839374,0.8,0.6666666666666666,10,10,1.0,0.04663832997903228,28,False,False,29,0.8666666666666667,nan
tabular,0,2026-10-02T18:05:27,nodeGcal1,3.11.9,unknown,13153034,11178,0,0,0.5349962711334229,treeshap,attribution,5,30,0.030167513615578335,0.63,0.46724758266370425,1.0,0.6666666666666666,10,10,1.0,0.0009058280847966671,28,False,True,22,0.8666666666666667,nan
tabular,0,2026-10-02T18:05:27,nodeGcal1,3.11.9,unknown,13153034,11178,0,0,0.5349962711334229,random,attribution,5,30,0.01678656753732391,0.5,0.3735462894780771,0.08055555555555556,0.0,10,10,0.25,2.4273060262203217e-05,28,False,False,30,0.8666666666666667,nan
tabular,0,2026-10-02T18:05:27,nodeGcal1,3.11.9,unknown,13153034,11201,1,1,0.5210664868354797,pyxai,set,26,30,0.0,1.0,0.13333333333333341,0.9703703703703704,0.9259259259259259,10,10,1.0,0.05868898471817374,26,True,nan,26,1.0,nan
tabular,0,2026-10-02T18:05:27,nodeGcal1,3.11.9,unknown,13153034,11201,1,1,0.5210664868354797,anchors,set,10,30,0.023350257291057185,0.9,0.6666666666666666,0.14285714285714285,0.1111111111111111,10,10,0.5384615384615384,2.762089926749468,26,False,nan,nan,0.3333333333333333,0.9912280701754386
tabular,0,2026-10-02T18:05:27,nodeGcal1,3.11.9,unknown,13153034,11201,1,1,0.5210664868354797,lime,attribution,5,30,0.0,0.32,0.5717362535048656,0.8,0.6666666666666666,10,10,1.0,0.05676877126097679,26,False,False,28,0.8571428571428571,nan
tabular,0,2026-10-02T18:05:27,nodeGcal1,3.11.9,unknown,13153034,11201,1,1,0.5210664868354797,treeshap,attribution,5,30,0.0,0.51,0.49329028328048974,0.7428571428571429,0.42857142857142855,10,10,1.0,0.0009034238755702972,26,False,True,25,0.8571428571428571,nan
tabular,0,2026-10-02T18:05:27,nodeGcal1,3.11.9,unknown,13153034,11201,1,1,0.5210664868354797,random,attribution,5,30,0.0,0.62,0.4040709023981419,0.09444444444444444,0.0,10,10,0.1111111111111111,2.5044195353984833e-05,26,False,True,25,0.7333333333333333,nan
tabular,0,2026-10-02T18:05:27,nodeGcal1,3.11.9,unknown,13153034,11236,1,1,0.7548604607582092,pyxai,set,25,30,0.3100068956766168,1.0,0.16666666666666652,0.897883597883598,0.8518518518518519,10,10,1.0,0.060088965110480785,25,True,nan,25,1.0,nan
tabular,0,2026-10-02T18:05:27,nodeGcal1,3.11.9,unknown,13153034,11236,1,1,0.7548604607582092,anchors,set,3,30,0.13390735978652696,0.95,0.9,0.55,0.2,10,10,0.5,0.4922359720803797,25,False,nan,nan,0.12,0.9556354916067147
tabular,0,2026-10-02T18:05:27,nodeGcal1,3.11.9,unknown,13153034,11236,1,1,0.7548604607582092,lime,attribution,5,30,0.27419549057650083,0.93,0.559890477060329,0.9333333333333332,1.0,10,10,1.0,0.046216108836233616,25,False,True,22,0.8518518518518519,nan
tabular,0,2026-10-02T18:05:27,nodeGcal1,3.11.9,unknown,13153034,11236,1,1,0.7548604607582092,treeshap,attribution,5,30,0.3089163633308558,1.0,0.6870687830059883,0.5630952380952381,0.42857142857142855,10,10,1.0,0.0008826721459627151,25,False,True,18,0.8518518518518519,nan
tabular,0,2026-10-02T18:05:27,nodeGcal1,3.11.9,unknown,13153034,11236,1,1,0.7548604607582092,random,attribution,5,30,0.03192754336012985,0.57,0.3347326427786316,0.10555555555555556,0.0,10,10,0.1111111111111111,2.3334752768278122e-05,25,False,False,26,0.6666666666666666,nan
tabular,0,2026-10-02T18:05:27,nodeGcal1,3.11.9,unknown,13153034,11250,0,0,0.5105215311050415,pyxai,set,26,30,0.12244122389269048,1.0,0.13333333333333341,0.962962962962963,0.9259259259259259,10,10,1.0,0.058187670074403286,26,True,nan,26,1.0,nan
tabular,0,2026-10-02T18:05:27,nodeGcal1,3.11.9,unknown,13153034,11250,0,0,0.5105215311050415,anchors,set,7,30,0.23557634268248118,0.92,0.7666666666666666,0.5322222222222223,0.2727272727272727,10,10,0.75,1.9750651880167425,26,False,nan,nan,0.2692307692307692,0.967032967032967
tabular,0,2026-10-02T18:05:27,nodeGcal1,3.11.9,unknown,13153034,11250,0,0,0.5105215311050415,lime,attribution,5,30,0.10221269262696538,0.75,0.5596884906113978,0.7666666666666667,0.6666666666666666,10,10,1.0,0.025119892321527004,26,False,False,28,0.7931034482758621,nan
tabular,0,2026-10-02T18:05:27,nodeGcal1,3.11.9,unknown,13153034,11250,0,0,0.5105215311050415,treeshap,attribution,5,30,0.14504928705110137,0.62,0.6027800772769281,0.7714285714285716,0.42857142857142855,10,10,1.0,0.0008953087963163853,26,False,False,30,0.8571428571428571,nan
tabular,0,2026-10-02T18:05:27,nodeGcal1,3.11.9,unknown,13153034,11250,0,0,0.5105215311050415,random,attribution,5,30,0.17560865976348286,0.75,0.31699570071163585,0.08055555555555556,0.0,10,10,0.25,2.721790224313736e-05,26,False,False,30,0.7333333333333333,nan
tabular,0,2026-10-02T18:05:27,nodeGcal1,3.11.9,unknown,13153034,11367,1,1,0.6051526069641113,pyxai,set,25,30,0.10413999087540196,1.0,0.16666666666666652,0.8671754171754171,0.7857142857142857,10,10,1.0,0.06066557206213474,25,True,nan,25,1.0,nan
tabular,0,2026-10-02T18:05:27,nodeGcal1,3.11.9,unknown,13153034,11367,1,1,0.6051526069641113,anchors,set,3,30,0.21337139714300798,0.97,0.9,0.35,0.2,10,10,1.0,0.4637075122445822,25,False,nan,nan,0.12,0.9582664526484751
tabular,0,2026-10-02T18:05:27,nodeGcal1,3.11.9,unknown,13153034,11367,1,1,0.6051526069641113,lime,attribution,5,30,0.19595478123421614,0.94,0.49987750374672724,0.8666666666666666,0.6666666666666666,10,10,0.6666666666666666,0.025236394722014666,25,False,False,28,0.7857142857142857,nan
tabular,0,2026-10-02T18:05:27,nodeGcal1,3.11.9,unknown,13153034,11367,1,1,0.6051526069641113,treeshap,attribution,5,30,0.19804445601872828,0.91,0.668512487044768,0.6952380952380952,0.42857142857142855,10,10,1.0,0.0008260058239102364,25,False,True,20,0.8518518518518519,nan
tabular,0,2026-10-02T18:05:27,nodeGcal1,3.11.9,unknown,13153034,11367,1,1,0.6051526069641113,random,attribution,5,30,0.0,0.22,0.34917351968194277,0.03333333333333333,0.0,10,10,0.0,2.4145003408193588e-05,25,False,False,30,0.7857142857142857,nan
tabular,0,2026-10-02T18:05:27,nodeGcal1,3.11.9,unknown,13153034,11447,1,1,0.7954323887825012,pyxai,set,25,30,0.3184436192918456,1.0,0.16666666666666652,0.8803418803418804,0.8518518518518519,10,10,1.0,0.06591645581647754,25,True,nan,25,1.0,nan
tabular,0,2026-10-02T18:05:27,nodeGcal1,3.11.9,unknown,13153034,11447,1,1,0.7954323887825012,anchors,set,3,30,0.1950691266581597,0.99,0.9,0.37000000000000005,0.2,10,10,1.0,0.521171054802835,25,False,nan,nan,0.12,0.9709141274238227
tabular,0,2026-10-02T18:05:27,nodeGcal1,3.11.9,unknown,13153034,11447,1,1,0.7954323887825012,lime,attribution,5,30,0.36436984817170537,0.97,0.5225411877342281,0.6666666666666667,0.6666666666666666,10,10,0.6666666666666666,0.02553631318733096,25,False,True,22,0.7241379310344828,nan
tabular,0,2026-10-02T18:05:27,nodeGcal1,3.11.9,unknown,13153034,11447,1,1,0.7954323887825012,treeshap,attribution,5,30,0.38328489747691685,0.99,0.6901835196196436,0.5238095238095238,0.25,10,10,1.0,0.0009197997860610485,25,False,True,16,0.9230769230769231,nan
tabular,0,2026-10-02T18:05:27,nodeGcal1,3.11.9,unknown,13153034,11447,1,1,0.7954323887825012,random,attribution,5,30,0.0,0.45,0.2633442667522844,0.12341269841269842,0.0,10,10,0.0,2.1992716938257217e-05,25,False,True,21,0.7241379310344828,nan
tabular,0,2026-10-02T18:05:27,nodeGcal1,3.11.9,unknown,13153034,11486,1,1,0.6093785166740417,pyxai,set,26,30,0.14527916820517084,1.0,0.13333333333333341,0.8999452654625069,0.9259259259259259,10,10,1.0,0.058931910898536444,26,True,nan,26,1.0,nan
tabular,0,2026-10-02T18:05:27,nodeGcal1,3.11.9,unknown,13153034,11486,1,1,0.6093785166740417,anchors,set,2,30,0.39848699220192346,1.0,0.9333333333333333,0.8666666666666666,0.3333333333333333,10,10,1.0,0.30089730489999056,26,False,nan,nan,0.07692307692307693,0.9859154929577465
tabular,0,2026-10-02T18:05:27,nodeGcal1,3.11.9,unknown,13153034,11486,1,1,0.6093785166740417,lime,attribution,5,30,0.32488723477614456,0.91,0.565317842374385,0.9,0.6666666666666666,10,10,1.0,0.0535655259154737,26,False,True,22,0.8571428571428571,nan
tabular,0,2026-10-02T18:05:27,nodeGcal1,3.11.9,unknown,13153034,11486,1,1,0.6093785166740417,treeshap,attribution,5,30,0.21123143096782712,0.94,0.736145777688721,0.7095238095238094,0.42857142857142855,10,10,1.0,0.0008218446746468544,26,False,True,23,0.8571428571428571,nan
tabular,0,2026-10-02T18:05:27,nodeGcal1,3.11.9,unknown,13153034,11486,1,1,0.6093785166740417,random,attribution,5,30,0.0,0.45,0.2511956335658392,0.05555555555555556,0.0,10,10,0.0,2.6063062250614166e-05,26,False,True,26,0.7333333333333333,nan
tabular,0,2026-10-02T18:05:27,nodeGcal1,3.11.9,unknown,13153034,11507,1,1,0.5337320566177368,pyxai,set,27,30,0.0,1.0,0.10000000000000009,0.9428571428571428,0.8620689655172413,10,10,1.0,0.055706500075757504,27,True,nan,27,1.0,nan
tabular,0,2026-10-02T18:05:27,nodeGcal1,3.11.9,unknown,13153034,11507,1,1,0.5337320566177368,anchors,set,5,30,0.10565720978569748,0.73,0.8333333333333333,0.21388888888888893,0.1111111111111111,10,10,0.42857142857142855,1.1371793281286955,27,False,nan,nan,0.18518518518518517,0.9595238095238096
tabular,0,2026-10-02T18:05:27,nodeGcal1,3.11.9,unknown,13153034,11507,1,1,0.5337320566177368,lime,attribution,5,30,0.0,0.33,0.5254954963683425,0.8666666666666668,0.6666666666666666,10,10,1.0,0.041014805901795626,27,False,False,30,0.8620689655172413,nan
tabular,0,2026-10-02T18:05:27,nodeGcal1,3.11.9,unknown,13153034,11507,1,1,0.5337320566177368,treeshap,attribution,5,30,0.14267218476263097,0.66,0.5228180010499465,0.6761904761904762,0.6666666666666666,10,10,1.0,0.000883044209331274,27,False,True,25,1.0,nan
tabular,0,2026-10-02T18:05:27,nodeGcal1,3.11.9,unknown,13153034,11507,1,1,0.5337320566177368,random,attribution,5,30,0.03383412968932624,0.48,0.4248707649703406,0.09166666666666665,0.0,10,10,0.25,1.9992701709270477e-05,27,False,False,30,0.8,nan
tabular,0,2026-10-02T18:05:27,nodeGcal1,3.11.9,unknown,13153034,11560,1,1,0.6563000082969666,pyxai,set,27,30,0.17395701181930212,1.0,0.10000000000000009,0.8924137931034484,0.8,10,10,1.0,0.0602929019369185,27,True,nan,27,1.0,nan
tabular,0,2026-10-02T18:05:27,nodeGcal1,3.11.9,unknown,13153034,11560,1,1,0.6563000082969666,anchors,set,2,30,0.25237367343793465,0.98,0.9333333333333333,0.8666666666666666,0.3333333333333333,10,10,1.0,0.3048469969071448,27,False,nan,nan,0.07407407407407407,0.9754901960784313
tabular,0,2026-10-02T18:05:27,nodeGcal1,3.11.9,unknown,13153034,11560,1,1,0.6563000082969666,lime,attribution,5,30,0.3091684166770579,0.9,0.5692046484001759,0.9333333333333332,0.6666666666666666,10,10,0.6666666666666666,0.060123353730887175,27,False,True,27,0.8620689655172413,nan
tabular,0,2026-10-02T18:05:27,nodeGcal1,3.11.9,unknown,13153034,11560,1,1,0.6563000082969666,treeshap,attribution,5,30,0.2515424506672351,0.98,0.6807692205637131,1.0,0.6666666666666666,10,10,1.0,0.0008227899670600891,27,False,True,20,0.8,nan
tabular,0,2026-10-02T18:05:27,nodeGcal1,3.11.9,unknown,13153034,11560,1,1,0.6563000082969666,random,attribution,5,30,0.2036583428746476,0.97,0.34757630050075783,0.09166666666666667,0.0,10,10,0.25,2.413010224699974e-05,27,False,False,28,0.8,nan
tabular,0,2026-10-02T18:05:27,nodeGcal1,3.11.9,unknown,13153034,11687,0,0,0.6029077768325806,pyxai,set,24,30,0.24056713547667383,1.0,0.20000000000000018,0.8664810744810746,0.7142857142857143,10,10,1.0,0.058875259943306446,24,True,nan,24,1.0,nan
tabular,0,2026-10-02T18:05:27,nodeGcal1,3.11.9,unknown,13153034,11687,0,0,0.6029077768325806,anchors,set,6,30,0.2212878668495481,0.88,0.8,0.4062770562770563,0.09090909090909091,10,10,0.7142857142857143,1.6708840820938349,24,False,nan,nan,0.25,0.9671232876712329
tabular,0,2026-10-02T18:05:27,nodeGcal1,3.11.9,unknown,13153034,11687,0,0,0.6029077768325806,lime,attribution,5,30,0.0860601274488849,0.75,0.5881417336892307,0.7666666666666667,0.6666666666666666,10,10,1.0,0.024733605794608593,24,False,False,28,0.7777777777777778,nan
tabular,0,2026-10-02T18:05:27,nodeGcal1,3.11.9,unknown,13153034,11687,0,0,0.6029077768325806,treeshap,attribution,5,30,0.17979955539799156,0.8,0.6034704302247591,0.7095238095238094,0.42857142857142855,10,10,1.0,0.0008631311357021332,24,False,True,22,0.92,nan
tabular,0,2026-10-02T18:05:27,nodeGcal1,3.11.9,unknown,13153034,11687,0,0,0.6029077768325806,random,attribution,5,30,0.052577954138727456,0.73,0.3350557090846351,0.07222222222222223,0.0,10,10,0.1111111111111111,2.6002991944551468e-05,24,False,False,26,0.7142857142857143,nan
tabular,0,2026-10-02T18:05:27,nodeGcal1,3.11.9,unknown,13153034,11708,0,0,0.6577776670455933,pyxai,set,25,30,0.3188995728218964,1.0,0.16666666666666652,0.8224137931034482,0.7857142857142857,10,10,1.0,0.061040936037898064,25,True,nan,25,1.0,nan
tabular,0,2026-10-02T18:05:27,nodeGcal1,3.11.9,unknown,13153034,11708,0,0,0.6577776670455933,anchors,set,4,30,0.0858999329266403,0.7,0.8666666666666667,0.44190476190476186,0.14285714285714285,10,10,0.6,1.2639179979451,25,False,nan,nan,0.16,0.9764705882352941
tabular,0,2026-10-02T18:05:27,nodeGcal1,3.11.9,unknown,13153034,11708,0,0,0.6577776670455933,lime,attribution,5,30,0.06307759251402587,0.81,0.5749025743699834,0.6857142857142857,0.42857142857142855,10,10,1.0,0.0257245609536767,25,False,True,23,0.8518518518518519,nan
tabular,0,2026-10-02T18:05:27,nodeGcal1,3.11.9,unknown,13153034,11708,0,0,0.6577776670455933,treeshap,attribution,5,30,0.24131059278822742,0.96,0.5886936421079054,0.47976190476190483,0.42857142857142855,10,10,1.0,0.0008680578321218491,25,False,True,15,0.9230769230769231,nan
tabular,0,2026-10-02T18:05:27,nodeGcal1,3.11.9,unknown,13153034,11708,0,0,0.6577776670455933,random,attribution,5,30,0.0,0.6,0.27302634376645585,0.08055555555555556,0.0,10,10,0.1111111111111111,2.25151889026165e-05,25,False,True,25,0.7857142857142857,nan
tabular,0,2026-10-02T18:05:27,nodeGcal1,3.11.9,unknown,13153034,11715,0,0,0.5674117803573608,pyxai,set,27,30,0.1930587346723966,1.0,0.10000000000000009,0.916256157635468,0.8620689655172413,10,10,1.0,0.058505116030573845,27,True,nan,27,1.0,nan
tabular,0,2026-10-02T18:05:27,nodeGcal1,3.11.9,unknown,13153034,11715,0,0,0.5674117803573608,anchors,set,4,30,0.20860184104567528,0.88,0.8666666666666667,0.20285714285714285,0.0,10,10,0.6,1.0434795250184834,27,False,nan,nan,0.14814814814814814,0.9559748427672956
tabular,0,2026-10-02T18:05:27,nodeGcal1,3.11.9,unknown,13153034,11715,0,0,0.5674117803573608,lime,attribution,5,30,0.20860184104567528,0.91,0.5189128227066713,1.0,1.0,10,10,1.0,0.024130957201123238,27,False,True,24,0.8620689655172413,nan
tabular,0,2026-10-02T18:05:27,nodeGcal1,3.11.9,unknown,13153034,11715,0,0,0.5674117803573608,treeshap,attribution,5,30,0.14133465832036884,0.79,0.6357393018260467,1.0,1.0,10,10,1.0,0.0008547492325305939,27,False,True,25,0.8620689655172413,nan
tabular,0,2026-10-02T18:05:27,nodeGcal1,3.11.9,unknown,13153034,11715,0,0,0.5674117803573608,random,attribution,5,30,0.0,0.37,0.37155235948089016,0.08333333333333333,0.0,10,10,0.1111111111111111,2.2434163838624954e-05,27,False,False,29,0.8,nan
tabular,0,2026-10-02T18:05:27,nodeGcal1,3.11.9,unknown,13153034,11725,0,0,0.5789110064506531,pyxai,set,27,30,0.2090874505727919,1.0,0.10000000000000009,0.9310344827586207,0.8620689655172413,10,10,1.0,0.05871278699487448,27,True,nan,27,1.0,nan
tabular,0,2026-10-02T18:05:27,nodeGcal1,3.11.9,unknown,13153034,11725,0,0,0.5789110064506531,anchors,set,5,30,0.23200386305709694,0.96,0.8333333333333333,0.5246031746031746,0.1111111111111111,10,10,0.42857142857142855,1.7197353369556367,27,False,nan,nan,0.18518518518518517,0.9796610169491525
tabular,0,2026-10-02T18:05:27,nodeGcal1,3.11.9,unknown,13153034,11725,0,0,0.5789110064506531,lime,attribution,5,30,0.09118163524071778,0.71,0.5471785091361655,0.9666666666666666,1.0,10,10,1.0,0.025314525235444307,27,False,True,27,0.8,nan
tabular,0,2026-10-02T18:05:27,nodeGcal1,3.11.9,unknown,13153034,11725,0,0,0.5789110064506531,treeshap,attribution,5,30,0.1691926344515298,0.73,0.6321007163019243,1.0,1.0,10,10,1.0,0.0008782953955233097,27,False,True,23,0.8620689655172413,nan
tabular,0,2026-10-02T18:05:27,nodeGcal1,3.11.9,unknown,13153034,11725,0,0,0.5789110064506531,random,attribution,5,30,0.0,0.52,0.32261105803143586,0.08055555555555556,0.0,10,10,0.42857142857142855,2.4436041712760925e-05,27,False,True,24,0.8,nan
tabular,0,2026-10-02T18:05:27,nodeGcal1,3.11.9,unknown,13153034,11803,0,0,0.6553417444229126,pyxai,set,25,30,0.3013294454383477,1.0,0.16666666666666652,0.9044973544973545,0.7857142857142857,10,10,1.0,0.06161527195945382,25,True,nan,25,1.0,nan
tabular,0,2026-10-02T18:05:27,nodeGcal1,3.11.9,unknown,13153034,11803,0,0,0.6553417444229126,anchors,set,4,30,0.2670989312230043,0.89,0.8666666666666667,0.5466666666666666,0.14285714285714285,10,10,1.0,1.230227880179882,25,False,nan,nan,0.16,0.962059620596206
tabular,0,2026-10-02T18:05:27,nodeGcal1,3.11.9,unknown,13153034,11803,0,0,0.6553417444229126,lime,attribution,5,30,0.1620602811690243,0.85,0.5307670289419739,0.8666666666666666,0.6666666666666666,10,10,0.6666666666666666,0.0602680747397244,25,False,True,20,0.7857142857142857,nan
tabular,0,2026-10-02T18:05:27,nodeGcal1,3.11.9,unknown,13153034,11803,0,0,0.6553417444229126,treeshap,attribution,5,30,0.2165639060611325,0.91,0.5986484119520602,0.9333333333333332,0.6666666666666666,10,10,1.0,0.0008551687933504581,25,False,True,18,0.8518518518518519,nan
tabular,0,2026-10-02T18:05:27,nodeGcal1,3.11.9,unknown,13153034,11803,0,0,0.6553417444229126,random,attribution,5,30,0.20107459792392957,0.6,0.34617791601923276,0.09841269841269841,0.0,10,10,0.0,2.3487955331802368e-05,25,False,False,26,0.7241379310344828,nan
tabular,0,2026-10-02T18:05:27,nodeGcal1,3.11.9,unknown,13153034,11820,1,1,0.5260688066482544,pyxai,set,27,30,0.009923215238664984,1.0,0.10000000000000009,0.9504926108374384,0.9285714285714286,10,10,1.0,0.05874868808314204,27,True,nan,27,1.0,nan
tabular,0,2026-10-02T18:05:27,nodeGcal1,3.11.9,unknown,13153034,11820,1,1,0.5260688066482544,anchors,set,8,30,0.09108307642106193,0.89,0.7333333333333334,0.4084848484848485,0.3333333333333333,10,10,0.45454545454545453,1.6874362868256867,27,False,nan,nan,0.2962962962962963,0.9616858237547893
tabular,0,2026-10-02T18:05:27,nodeGcal1,3.11.9,unknown,13153034,11820,1,1,0.5260688066482544,lime,attribution,5,30,0.08372218577674749,0.58,0.5573672675054431,0.7666666666666667,0.6666666666666666,10,10,1.0,0.025546148419380188,27,False,True,27,0.8620689655172413,nan
tabular,0,2026-10-02T18:05:27,nodeGcal1,3.11.9,unknown,13153034,11820,1,1,0.5260688066482544,treeshap,attribution,5,30,0.08372218577674749,0.91,0.5316490391326012,0.4813492063492063,0.1111111111111111,10,10,1.0,0.0008339169435203075,27,False,True,23,0.8,nan
tabular,0,2026-10-02T18:05:27,nodeGcal1,3.11.9,unknown,13153034,11820,1,1,0.5260688066482544,random,attribution,5,30,0.0,0.34,0.4080148069830184,0.11944444444444444,0.0,10,10,0.0,2.561090514063835e-05,27,False,False,30,0.8,nan
tabular,0,2026-10-02T18:05:27,nodeGcal1,3.11.9,unknown,13153034,11863,0,0,0.5416861772537231,pyxai,set,25,30,0.15649044793863018,1.0,0.16666666666666652,0.90997150997151,0.8518518518518519,10,10,1.0,0.060756183229386806,25,True,nan,25,1.0,nan
tabular,0,2026-10-02T18:05:27,nodeGcal1,3.11.9,unknown,13153034,11863,0,0,0.5416861772537231,anchors,set,5,30,0.14298833646970846,0.88,0.8333333333333333,0.6285714285714286,0.42857142857142855,10,10,0.6666666666666666,1.4677226548083127,25,False,nan,nan,0.2,0.96415770609319
tabular,0,2026-10-02T18:05:27,nodeGcal1,3.11.9,unknown,13153034,11863,0,0,0.5416861772537231,lime,attribution,5,30,0.021458659817477712,0.7,0.5926009521649063,0.8666666666666666,0.6666666666666666,10,10,1.0,0.04170938488095999,25,False,False,26,0.8518518518518519,nan
tabular,0,2026-10-02T18:05:27,nodeGcal1,3.11.9,unknown,13153034,11863,0,0,0.5416861772537231,treeshap,attribution,5,30,0.09100179071578675,0.83,0.5150520446145992,0.8666666666666666,0.6666666666666666,10,10,1.0,0.0008960450068116188,25,False,True,22,0.8518518518518519,nan
tabular,0,2026-10-02T18:05:27,nodeGcal1,3.11.9,unknown,13153034,11863,0,0,0.5416861772537231,random,attribution,5,30,0.09531781849135772,0.48,0.3582871013977008,0.08055555555555556,0.0,10,10,0.0,2.429494634270668e-05,25,False,False,29,0.7857142857142857,nan
tabular,0,2026-10-02T18:05:27,nodeGcal1,3.11.9,unknown,13153034,11874,1,1,0.6142792105674744,pyxai,set,25,30,0.1250921923811566,1.0,0.16666666666666652,0.8901912901912901,0.8518518518518519,10,10,1.0,0.060645162127912045,25,True,nan,25,1.0,nan
tabular,0,2026-10-02T18:05:27,nodeGcal1,3.11.9,unknown,13153034,11874,1,1,0.6142792105674744,anchors,set,5,30,0.30622716416187046,0.86,0.8333333333333333,0.4404761904761904,0.42857142857142855,10,10,0.6666666666666666,0.6488408460281789,25,False,nan,nan,0.2,0.969811320754717
tabular,0,2026-10-02T18:05:27,nodeGcal1,3.11.9,unknown,13153034,11874,1,1,0.6142792105674744,lime,attribution,5,30,0.04695303028024252,0.65,0.5484000916507021,0.9333333333333332,0.6666666666666666,10,10,1.0,0.05116460099816322,25,False,True,24,0.8518518518518519,nan
tabular,0,2026-10-02T18:05:27,nodeGcal1,3.11.9,unknown,13153034,11874,1,1,0.6142792105674744,treeshap,attribution,5,30,0.03443475797104473,0.61,0.6355530778322691,0.8333333333333333,0.6666666666666666,10,10,1.0,0.0008169021457433701,25,False,True,22,0.7857142857142857,nan
tabular,0,2026-10-02T18:05:27,nodeGcal1,3.11.9,unknown,13153034,11874,1,1,0.6142792105674744,random,attribution,5,30,0.18308812577655798,0.78,0.2704704396880937,0.061111111111111116,0.0,10,10,0.0,2.3166649043560028e-05,25,False,False,27,0.7241379310344828,nan
tabular,0,2026-10-02T18:05:27,nodeGcal1,3.11.9,unknown,13153034,11950,0,0,0.5781072378158569,pyxai,set,23,30,0.18619119643923154,1.0,0.23333333333333328,0.8122507122507123,0.7037037037037037,10,10,1.0,0.05642603524029255,23,True,nan,23,1.0,nan
tabular,0,2026-10-02T18:05:27,nodeGcal1,3.11.9,unknown,13153034,11950,0,0,0.5781072378158569,anchors,set,4,30,0.1723250675583022,0.85,0.8666666666666667,0.6028571428571429,0.0,10,10,1.0,1.0924139912240207,23,False,nan,nan,0.17391304347826086,0.9693877551020408
tabular,0,2026-10-02T18:05:27,nodeGcal1,3.11.9,unknown,13153034,11950,0,0,0.5781072378158569,lime,attribution,5,30,0.0,0.29,0.5530170750738616,0.7666666666666667,0.6666666666666666,10,10,1.0,0.04521366208791733,23,False,False,30,0.6428571428571429,nan
tabular,0,2026-10-02T18:05:27,nodeGcal1,3.11.9,unknown,13153034,11950,0,0,0.5781072378158569,treeshap,attribution,5,30,0.10975963575739017,0.42,0.630769419532909,0.6523809523809524,0.42857142857142855,10,10,1.0,0.0008238810114562511,23,False,True,21,0.84,nan
tabular,0,2026-10-02T18:05:27,nodeGcal1,3.11.9,unknown,13153034,11950,0,0,0.5781072378158569,random,attribution,5,30,0.031066508712726943,0.27,0.4058506255912385,0.05555555555555556,0.0,10,10,0.25,2.253986895084381e-05,23,False,False,29,0.5862068965517241,nan
tabular,0,2026-10-02T18:05:27,nodeGcal1,3.11.9,unknown,13153034,12029,1,1,0.5131771564483643,pyxai,set,27,30,0.0,1.0,0.10000000000000009,0.9295566502463055,0.8620689655172413,10,10,1.0,0.05747065506875515,27,True,nan,27,1.0,nan
tabular,0,2026-10-02T18:05:27,nodeGcal1,3.11.9,unknown,13153034,12029,1,1,0.5131771564483643,anchors,set,6,30,0.19228115689263392,0.9,0.8,0.17506493506493506,0.09090909090909091,10,10,0.5,1.2841579890809953,27,False,nan,nan,0.2222222222222222,0.9631236442516269
tabular,0,2026-10-02T18:05:27,nodeGcal1,3.11.9,unknown,13153034,12029,1,1,0.5131771564483643,lime,attribution,5,30,0.01265040621699937,0.24,0.5378001724235764,0.6523809523809525,0.6666666666666666,10,10,0.6666666666666666,0.05007124086841941,27,False,False,28,0.8620689655172413,nan
tabular,0,2026-10-02T18:05:27,nodeGcal1,3.11.9,unknown,13153034,12029,1,1,0.5131771564483643,treeshap,attribution,5,30,0.09759487107773061,0.7,0.554249689991593,0.9666666666666666,0.6666666666666666,10,10,1.0,0.0008520670235157013,27,False,True,24,0.8620689655172413,nan
tabular,0,2026-10-02T18:05:27,nodeGcal1,3.11.9,unknown,13153034,12029,1,1,0.5131771564483643,random,attribution,5,30,0.0,0.31,0.2919365482523415,0.09007936507936506,0.0,10,10,0.1111111111111111,2.7202069759368896e-05,27,False,False,29,0.8,nan
tabular,0,2026-10-02T18:05:27,nodeGcal1,3.11.9,unknown,13153034,12039,1,1,0.5074934959411621,pyxai,set,27,30,0.0,1.0,0.10000000000000009,1.0,0.9285714285714286,4,6,1.0,0.05758980195969343,27,True,nan,27,1.0,nan
tabular,0,2026-10-02T18:05:27,nodeGcal1,3.11.9,unknown,13153034,12039,1,1,0.5074934959411621,anchors,set,13,30,0.06080849833363244,0.91,0.5666666666666667,0.2804511278195489,0.23809523809523808,6,10,0.625,2.3127213586121798,27,False,nan,nan,0.42857142857142855,0.9676113360323887
tabular,0,2026-10-02T18:05:27,nodeGcal1,3.11.9,unknown,13153034,12039,1,1,0.5074934959411621,lime,attribution,5,30,0.0,0.26,0.5008466385263652,1.0,1.0,7,4,1.0,0.043924948666244745,27,False,False,30,0.8,nan
tabular,0,2026-10-02T18:05:27,nodeGcal1,3.11.9,unknown,13153034,12039,1,1,0.5074934959411621,treeshap,attribution,5,30,0.007203621941743376,0.58,0.5593185822886351,1.0,0.6666666666666666,10,6,1.0,0.0009033950045704842,27,False,True,24,0.8620689655172413,nan
tabular,0,2026-10-02T18:05:27,nodeGcal1,3.11.9,unknown,13153034,12039,1,1,0.5074934959411621,random,attribution,5,30,0.17466434227105182,0.61,0.2775083275741328,0.08333333333333333,0.0,9,5,0.25,3.378279507160187e-05,27,False,False,30,0.8,nan
tabular,0,2026-10-02T18:05:27,nodeGcal1,3.11.9,unknown,13153034,12174,1,1,0.5990201830863953,pyxai,set,24,30,0.11933482661652749,1.0,0.20000000000000018,0.8478632478632478,0.7777777777777778,10,10,1.0,0.05704851867631078,24,True,nan,24,1.0,nan
tabular,0,2026-10-02T18:05:27,nodeGcal1,3.11.9,unknown,13153034,12174,1,1,0.5990201830863953,anchors,set,2,30,0.25472330993440623,0.96,0.9333333333333333,0.6,0.3333333333333333,10,10,0.3333333333333333,0.3402774310670793,24,False,nan,nan,0.08333333333333333,0.9681978798586572
tabular,0,2026-10-02T18:05:27,nodeGcal1,3.11.9,unknown,13153034,12174,1,1,0.5990201830863953,lime,attribution,5,30,0.30244517079836986,0.97,0.5343585635692324,0.6428571428571429,0.42857142857142855,10,10,0.6666666666666666,0.04298990219831467,24,False,False,27,0.7777777777777778,nan
tabular,0,2026-10-02T18:05:27,nodeGcal1,3.11.9,unknown,13153034,12174,1,1,0.5990201830863953,treeshap,attribution,5,30,0.1936896629028116,0.88,0.6328993716710751,0.7666666666666667,0.42857142857142855,10,10,1.0,0.0009193909354507923,24,False,True,21,0.8461538461538461,nan
tabular,0,2026-10-02T18:05:27,nodeGcal1,3.11.9,unknown,13153034,12174,1,1,0.5990201830863953,random,attribution,5,30,0.0,0.27,0.3122245959408252,0.05555555555555556,0.0,10,10,0.1111111111111111,2.140318974852562e-05,24,False,False,27,0.7142857142857143,nan
tabular,0,2026-10-02T18:05:27,nodeGcal1,3.11.9,unknown,13153034,12178,0,0,0.5393394231796265,pyxai,set,26,30,0.1510578305141539,1.0,0.13333333333333341,1.0,0.8571428571428571,10,10,1.0,0.06100057112053037,26,True,nan,26,1.0,nan
tabular,0,2026-10-02T18:05:27,nodeGcal1,3.11.9,unknown,13153034,12178,0,0,0.5393394231796265,anchors,set,5,30,0.15499533961775802,0.86,0.8333333333333333,0.38690476190476186,0.25,10,10,0.6666666666666666,1.3287784289568663,26,False,nan,nan,0.19230769230769232,0.9612068965517241
tabular,0,2026-10-02T18:05:27,nodeGcal1,3.11.9,unknown,13153034,12178,0,0,0.5393394231796265,lime,attribution,5,30,0.08892488949136299,0.86,0.5466008650922773,0.6619047619047619,0.42857142857142855,10,10,0.6666666666666666,0.07131219422444701,26,False,True,26,0.8571428571428571,nan
tabular,0,2026-10-02T18:05:27,nodeGcal1,3.11.9,unknown,13153034,12178,0,0,0.5393394231796265,treeshap,attribution,5,30,0.07904227100415599,0.63,0.5166874886577298,0.6714285714285715,0.42857142857142855,10,10,1.0,0.0008856719359755516,26,False,True,24,0.9259259259259259,nan
tabular,0,2026-10-02T18:05:27,nodeGcal1,3.11.9,unknown,13153034,12178,0,0,0.5393394231796265,random,attribution,5,30,0.05113269280798142,0.57,0.3348696574844595,0.09444444444444444,0.0,10,10,0.1111111111111111,2.412823960185051e-05,26,False,False,28,0.7333333333333333,nan
tabular,0,2026-10-02T18:05:27,nodeGcal1,3.11.9,unknown,13153034,12280,1,1,0.7064380049705505,pyxai,set,24,30,0.2627116477528005,1.0,0.20000000000000018,0.8324786324786324,0.7142857142857143,10,10,1.0,0.0641409452073276,24,True,nan,24,1.0,nan
tabular,0,2026-10-02T18:05:27,nodeGcal1,3.11.9,unknown,13153034,12280,1,1,0.7064380049705505,anchors,set,2,30,0.16638951379181835,0.92,0.9333333333333333,0.33333333333333337,0.3333333333333333,10,10,0.3333333333333333,0.3430478349328041,24,False,nan,nan,0.08333333333333333,0.968944099378882
tabular,0,2026-10-02T18:05:27,nodeGcal1,3.11.9,unknown,13153034,12280,1,1,0.7064380049705505,lime,attribution,5,30,0.203176189664196,0.96,0.5355444743497236,0.8333333333333333,0.6666666666666666,10,10,1.0,0.039810089860111475,24,False,True,22,0.7777777777777778,nan
tabular,0,2026-10-02T18:05:27,nodeGcal1,3.11.9,unknown,13153034,12280,1,1,0.7064380049705505,treeshap,attribution,5,30,0.25244778061000855,1.0,0.6146922616706751,0.6142857142857143,0.25,10,10,1.0,0.0009549558162689209,24,False,True,17,0.8461538461538461,nan
tabular,0,2026-10-02T18:05:27,nodeGcal1,3.11.9,unknown,13153034,12280,1,1,0.7064380049705505,random,attribution,5,30,0.18444156093331598,0.91,0.3313751262760434,0.11666666666666667,0.0,10,10,0.0,2.4903099983930588e-05,24,False,False,26,0.6551724137931034,nan
tabular,0,2026-10-02T18:05:27,nodeGcal1,3.11.9,unknown,13153034,12348,1,1,0.5256266593933105,pyxai,set,27,30,0.0,1.0,0.10000000000000009,0.9714285714285715,0.9285714285714286,10,10,1.0,0.055292647797614336,27,True,nan,27,1.0,nan
tabular,0,2026-10-02T18:05:27,nodeGcal1,3.11.9,unknown,13153034,12348,1,1,0.5256266593933105,anchors,set,7,30,0.110524664366667,0.91,0.7666666666666666,0.3017171717171717,0.16666666666666666,10,10,0.5555555555555556,2.347219600342214,27,False,nan,nan,0.21428571428571427,0.9522058823529411
tabular,0,2026-10-02T18:05:27,nodeGcal1,3.11.9,unknown,13153034,12348,1,1,0.5256266593933105,lime,attribution,5,30,0.10560373176911583,0.61,0.5334556920761809,0.7666666666666667,0.6666666666666666,10,10,1.0,0.0449426737613976,27,False,False,29,0.8,nan
tabular,0,2026-10-02T18:05:27,nodeGcal1,3.11.9,unknown,13153034,12348,1,1,0.5256266593933105,treeshap,attribution,5,30,0.13732169408311024,0.74,0.5182019646739762,0.8761904761904761,0.42857142857142855,10,10,1.0,0.0008520260453224182,27,False,True,25,0.8620689655172413,nan
tabular,0,2026-10-02T18:05:27,nodeGcal1,3.11.9,unknown,13153034,12348,1,1,0.5256266593933105,random,attribution,5,30,0.10560373176911583,0.61,0.280842300998415,0.06666666666666668,0.0,10,10,0.1111111111111111,3.319093957543373e-05,27,False,False,28,0.8,nan
tabular,0,2026-10-02T18:05:27,nodeGcal1,3.11.9,unknown,13153034,12399,0,0,0.5140312314033508,pyxai,set,27,30,0.10926038724663333,1.0,0.10000000000000009,0.9443349753694582,0.8620689655172413,10,10,1.0,0.05407489091157913,27,True,nan,27,1.0,nan
tabular,0,2026-10-02T18:05:27,nodeGcal1,3.11.9,unknown,13153034,12399,0,0,0.5140312314033508,anchors,set,7,30,0.1823978001888448,0.89,0.7666666666666666,0.4367676767676768,0.16666666666666666,10,10,0.5555555555555556,1.8480442590080202,27,False,nan,nan,0.25925925925925924,0.9607535321821036
tabular,0,2026-10-02T18:05:27,nodeGcal1,3.11.9,unknown,13153034,12399,0,0,0.5140312314033508,lime,attribution,5,30,0.0,0.46,0.5698410919777506,0.9,0.6666666666666666,10,10,1.0,0.06483322521671653,27,False,False,29,0.8620689655172413,nan
tabular,0,2026-10-02T18:05:27,nodeGcal1,3.11.9,unknown,13153034,12399,0,0,0.5140312314033508,treeshap,attribution,5,30,0.05384871289039105,0.65,0.5852909864920323,0.7666666666666667,0.42857142857142855,10,10,1.0,0.0008386657573282719,27,False,True,27,0.8620689655172413,nan
tabular,0,2026-10-02T18:05:27,nodeGcal1,3.11.9,unknown,13153034,12399,0,0,0.5140312314033508,random,attribution,5,30,0.0,0.48,0.26811747979859457,0.06944444444444445,0.0,10,10,0.0,4.067691043019295e-05,27,False,False,30,0.8,nan
tabular,0,2026-10-02T18:05:27,nodeGcal1,3.11.9,unknown,13153034,12467,0,0,0.6274943351745605,pyxai,set,25,30,0.2703233251086097,1.0,0.16666666666666652,0.9703703703703704,0.8518518518518519,10,10,1.0,0.05585702182725072,25,True,nan,25,1.0,nan
tabular,0,2026-10-02T18:05:27,nodeGcal1,3.11.9,unknown,13153034,12467,0,0,0.6274943351745605,anchors,set,4,30,0.21885455841440904,0.93,0.8666666666666667,0.5199999999999999,0.3333333333333333,10,10,0.6,0.8934527221135795,25,False,nan,nan,0.16,0.9583333333333334
tabular,0,2026-10-02T18:05:27,nodeGcal1,3.11.9,unknown,13153034,12467,0,0,0.6274943351745605,lime,attribution,5,30,0.003541735216584812,0.39,0.5042399658385202,0.8,0.42857142857142855,10,10,0.6666666666666666,0.04940518410876393,25,False,True,19,0.8518518518518519,nan
tabular,0,2026-10-02T18:05:27,nodeGcal1,3.11.9,unknown,13153034,12467,0,0,0.6274943351745605,treeshap,attribution,5,30,0.167244449071432,0.75,0.6028026893198523,1.0,0.6666666666666666,10,10,1.0,0.0011208485811948776,25,False,True,18,0.8518518518518519,nan
tabular,0,2026-10-02T18:05:27,nodeGcal1,3.11.9,unknown,13153034,12467,0,0,0.6274943351745605,random,attribution,5,30,0.1210415509392067,0.81,0.2982453112767014,0.09722222222222224,0.0,10,10,0.0,4.053162410855293e-05,25,False,False,26,0.7857142857142857,nan
tabular,0,2026-10-02T18:05:27,nodeGcal1,3.11.9,unknown,13153034,12582,1,1,0.5343239903450012,pyxai,set,25,30,0.0,1.0,0.16666666666666652,0.9034188034188034,0.8518518518518519,10,10,1.0,0.057620953768491745,25,True,nan,25,1.0,nan
tabular,0,2026-10-02T18:05:27,nodeGcal1,3.11.9,unknown,13153034,12582,1,1,0.5343239903450012,anchors,set,7,30,0.03622702025072539,0.78,0.7666666666666666,0.1891025641025641,0.07692307692307693,10,10,0.75,1.4643705277703702,25,False,nan,nan,0.28,0.9516616314199395
tabular,0,2026-10-02T18:05:27,nodeGcal1,3.11.9,unknown,13153034,12582,1,1,0.5343239903450012,lime,attribution,5,30,0.03622702025072539,0.55,0.5951542577842994,0.8333333333333333,0.6666666666666666,10,10,1.0,0.05069642001762986,25,False,False,30,0.7241379310344828,nan
tabular,0,2026-10-02T18:05:27,nodeGcal1,3.11.9,unknown,13153034,12582,1,1,0.5343239903450012,treeshap,attribution,5,30,0.11951561213497419,0.76,0.5796950833383059,0.7,0.42857142857142855,10,10,1.0,0.0012491019442677498,25,False,True,22,0.8518518518518519,nan
tabular,0,2026-10-02T18:05:27,nodeGcal1,3.11.9,unknown,13153034,12582,1,1,0.5343239903450012,random,attribution,5,30,0.0,0.57,0.2669209419257317,0.10555555555555556,0.0,10,10,0.25,3.70880588889122e-05,25,False,False,30,0.6666666666666666,nan
tabular,0,2026-10-02T18:05:27,nodeGcal1,3.11.9,unknown,13153034,12615,0,0,0.7595306038856506,pyxai,set,26,30,0.3883972521286319,1.0,0.13333333333333341,0.8935413245758073,0.8571428571428571,10,10,1.0,0.062159573659300804,26,True,nan,26,1.0,nan
tabular,0,2026-10-02T18:05:27,nodeGcal1,3.11.9,unknown,13153034,12615,0,0,0.7595306038856506,anchors,set,4,30,0.1703125268533806,0.85,0.8666666666666667,0.5466666666666666,0.14285714285714285,10,10,0.6,1.3037019912153482,26,False,nan,nan,0.15384615384615385,0.9631901840490797
tabular,0,2026-10-02T18:05:27,nodeGcal1,3.11.9,unknown,13153034,12615,0,0,0.7595306038856506,lime,attribution,5,30,0.16857060323198755,0.95,0.5732119644760587,0.7666666666666667,0.6666666666666666,10,10,0.6666666666666666,0.07220739172771573,26,False,True,19,0.7931034482758621,nan
tabular,0,2026-10-02T18:05:27,nodeGcal1,3.11.9,unknown,13153034,12615,0,0,0.7595306038856506,treeshap,attribution,5,30,0.28571887093340254,0.93,0.6394496891974166,0.7761904761904762,0.42857142857142855,10,10,1.0,0.0011832118034362793,26,False,True,17,0.7931034482758621,nan
tabular,0,2026-10-02T18:05:27,nodeGcal1,3.11.9,unknown,13153034,12615,0,0,0.7595306038856506,random,attribution,5,30,0.0,0.57,0.35305837027221554,0.05833333333333333,0.0,10,10,0.1111111111111111,3.699120134115219e-05,26,False,True,25,0.7931034482758621,nan
tabular,0,2026-10-02T18:05:27,nodeGcal1,3.11.9,unknown,13153034,12720,1,1,0.5595917105674744,pyxai,set,26,30,0.057283724122695785,1.0,0.13333333333333341,0.9088305053822294,0.7931034482758621,10,10,1.0,0.05445639882236719,26,True,nan,26,1.0,nan
tabular,0,2026-10-02T18:05:27,nodeGcal1,3.11.9,unknown,13153034,12720,1,1,0.5595917105674744,anchors,set,3,30,0.20761006864754566,0.85,0.9,0.04,0.0,10,10,0.5,0.43022865569218993,26,False,nan,nan,0.11538461538461539,0.9572072072072072
tabular,0,2026-10-02T18:05:27,nodeGcal1,3.11.9,unknown,13153034,12720,1,1,0.5595917105674744,lime,attribution,5,30,0.16026351054190222,0.8,0.5344384558368969,0.8333333333333333,0.6666666666666666,10,10,0.6666666666666666,0.0408280910924077,26,False,False,27,0.8571428571428571,nan
tabular,0,2026-10-02T18:05:27,nodeGcal1,3.11.9,unknown,13153034,12720,1,1,0.5595917105674744,treeshap,attribution,5,30,0.05955802224257596,0.61,0.5777816973095788,0.719047619047619,0.25,10,10,1.0,0.0008777310140430927,26,False,True,24,0.7931034482758621,nan
tabular,0,2026-10-02T18:05:27,nodeGcal1,3.11.9,unknown,13153034,12720,1,1,0.5595917105674744,random,attribution,5,30,0.09451470438331765,0.59,0.2829158708341283,0.11388888888888889,0.0,10,10,0.1111111111111111,3.9721839129924774e-05,26,False,False,29,0.7333333333333333,nan
tabular,0,2026-10-02T18:05:27,nodeGcal1,3.11.9,unknown,13153034,12723,1,1,0.5052204728126526,pyxai,set,26,30,0.0,1.0,0.13333333333333341,1.0,1.0,10,10,1.0,0.053169196005910635,26,True,nan,26,1.0,nan
tabular,0,2026-10-02T18:05:27,nodeGcal1,3.11.9,unknown,13153034,12723,1,1,0.5052204728126526,anchors,set,8,30,0.25250416077123305,0.93,0.7333333333333334,0.42735042735042733,0.23076923076923078,10,10,0.6,1.5285595953464508,26,False,nan,nan,0.3076923076923077,0.9678899082568807
tabular,0,2026-10-02T18:05:27,nodeGcal1,3.11.9,unknown,13153034,12723,1,1,0.5052204728126526,lime,attribution,5,30,0.0,0.21,0.5115962512301383,0.9666666666666666,0.6666666666666666,10,10,0.6666666666666666,0.040880873799324036,26,False,False,30,0.8571428571428571,nan
tabular,0,2026-10-02T18:05:27,nodeGcal1,3.11.9,unknown,13153034,12723,1,1,0.5052204728126526,treeshap,attribution,5,30,0.0,0.57,0.6145468977240698,0.8,0.6666666666666666,10,10,1.0,0.0009579216130077839,26,False,True,25,0.9259259259259259,nan
tabular,0,2026-10-02T18:05:27,nodeGcal1,3.11.9,unknown,13153034,12723,1,1,0.5052204728126526,random,attribution,5,30,0.0,0.35,0.30291924620113486,0.05555555555555556,0.0,10,10,0.0,4.009902477264404e-05,26,False,False,30,0.7931034482758621,nan
tabular,0,2026-10-02T18:05:27,nodeGcal1,3.11.9,unknown,13153034,12732,1,1,0.7910449504852295,pyxai,set,27,30,0.3410175253316648,1.0,0.10000000000000009,0.9233990147783253,0.8,10,10,1.0,0.061392050702124834,27,True,nan,27,1.0,nan
tabular,0,2026-10-02T18:05:27,nodeGcal1,3.11.9,unknown,13153034,12732,1,1,0.7910449504852295,anchors,set,2,30,0.33264931282989785,0.99,0.9333333333333333,0.5333333333333332,0.3333333333333333,10,10,0.3333333333333333,0.3298639287240803,27,False,nan,nan,0.07407407407407407,0.9836065573770492
tabular,0,2026-10-02T18:05:27,nodeGcal1,3.11.9,unknown,13153034,12732,1,1,0.7910449504852295,lime,attribution,5,30,0.5087142162638043,1.0,0.5224175592928466,0.6666666666666667,0.6666666666666666,10,10,1.0,0.04111310699954629,27,False,True,23,0.8620689655172413,nan
tabular,0,2026-10-02T18:05:27,nodeGcal1,3.11.9,unknown,13153034,12732,1,1,0.7910449504852295,treeshap,attribution,5,30,0.2974001795723357,1.0,0.7325286245340594,0.7761904761904762,0.42857142857142855,10,10,1.0,0.0012045567855238914,27,False,True,17,0.8,nan
tabular,0,2026-10-02T18:05:27,nodeGcal1,3.11.9,unknown,13153034,12732,1,1,0.7910449504852295,random,attribution,5,30,0.0,0.59,0.35606219440703335,0.10277777777777777,0.0,10,10,0.0,4.5452266931533813e-05,27,False,True,24,0.8,nan
tabular,0,2026-10-02T18:05:27,nodeGcal1,3.11.9,unknown,13153034,12779,1,1,0.7835084199905396,pyxai,set,23,30,0.3352355898666346,1.0,0.23333333333333328,0.7430199430199431,0.7037037037037037,10,10,1.0,0.06048978818580508,23,True,nan,23,1.0,nan
tabular,0,2026-10-02T18:05:27,nodeGcal1,3.11.9,unknown,13153034,12779,1,1,0.7835084199905396,anchors,set,2,30,0.26655070448357526,1.0,0.9333333333333333,0.7333333333333333,0.3333333333333333,10,10,0.3333333333333333,0.30222482373937964,23,False,nan,nan,0.08695652173913043,0.9859154929577465
tabular,0,2026-10-02T18:05:27,nodeGcal1,3.11.9,unknown,13153034,12779,1,1,0.7835084199905396,lime,attribution,5,30,0.4176119372328375,0.99,0.571563619300762,0.8,0.6666666666666666,10,10,0.6666666666666666,0.04176949802786112,23,False,True,20,0.7037037037037037,nan
tabular,0,2026-10-02T18:05:27,nodeGcal1,3.11.9,unknown,13153034,12779,1,1,0.7835084199905396,treeshap,attribution,5,30,0.35023153131701645,0.99,0.7824016893814246,0.5238095238095238,0.42857142857142855,10,10,1.0,0.0012463941238820553,23,False,True,20,0.7692307692307693,nan
tabular,0,2026-10-02T18:05:27,nodeGcal1,3.11.9,unknown,13153034,12779,1,1,0.7835084199905396,random,attribution,5,30,0.0,0.33,0.23373265288116007,0.13015873015873014,0.0,10,10,0.1111111111111111,4.089297726750374e-05,23,False,False,28,0.5333333333333333,nan
tabular,0,2026-10-02T18:05:27,nodeGcal1,3.11.9,unknown,13153034,12937,0,0,0.6643885374069214,pyxai,set,29,30,0.31084304706641225,1.0,0.033333333333333326,1.0,0.9333333333333333,10,10,1.0,0.0605866527184844,29,True,nan,29,1.0,nan
tabular,0,2026-10-02T18:05:27,nodeGcal1,3.11.9,unknown,13153034,12937,0,0,0.6643885374069214,anchors,set,4,30,0.24736874685441915,0.91,0.8666666666666667,0.46761904761904755,0.0,10,10,0.6,0.9539206041954458,29,False,nan,nan,0.13793103448275862,0.971830985915493
tabular,0,2026-10-02T18:05:27,nodeGcal1,3.11.9,unknown,13153034,12937,0,0,0.6643885374069214,lime,attribution,5,30,0.16751544642801072,0.91,0.538698891281679,0.7,0.6666666666666666,10,10,0.6666666666666666,0.05138114793226123,29,False,True,20,0.9333333333333333,nan
tabular,0,2026-10-02T18:05:27,nodeGcal1,3.11.9,unknown,13153034,12937,0,0,0.6643885374069214,treeshap,attribution,5,30,0.2577072449960033,0.95,0.6114809866363373,1.0,1.0,10,10,1.0,0.000900006853044033,29,False,True,18,0.9333333333333333,nan
tabular,0,2026-10-02T18:05:27,nodeGcal1,3.11.9,unknown,13153034,12937,0,0,0.6643885374069214,random,attribution,5,30,0.16751544642801072,0.79,0.4143664047173272,0.15833333333333335,0.0,10,10,0.1111111111111111,3.317510709166527e-05,29,False,True,24,0.9333333333333333,nan
tabular,0,2026-10-02T18:05:27,nodeGcal1,3.11.9,unknown,13153034,13076,0,0,0.5425551533699036,pyxai,set,24,30,0.15608951982216002,1.0,0.20000000000000018,0.9070769230769231,0.8461538461538461,10,10,1.0,0.054482602048665285,24,True,nan,24,1.0,nan
tabular,0,2026-10-02T18:05:27,nodeGcal1,3.11.9,unknown,13153034,13076,0,0,0.5425551533699036,anchors,set,4,30,0.23423815155398506,0.95,0.8666666666666667,0.6342857142857142,0.14285714285714285,10,10,1.0,0.97512809606269,24,False,nan,nan,0.16666666666666666,0.958273381294964
tabular,0,2026-10-02T18:05:27,nodeGcal1,3.11.9,unknown,13153034,13076,0,0,0.5425551533699036,lime,attribution,5,30,0.0,0.33,0.5228903658839756,0.8666666666666666,0.6666666666666666,10,10,0.6666666666666666,0.08815008634701371,24,False,False,30,0.7777777777777778,nan
tabular,0,2026-10-02T18:05:27,nodeGcal1,3.11.9,unknown,13153034,13076,0,0,0.5425551533699036,treeshap,attribution,5,30,0.016513037808573737,0.35,0.6069435116230661,0.8333333333333334,0.6666666666666666,10,10,1.0,0.001476355828344822,24,False,True,22,0.92,nan
tabular,0,2026-10-02T18:05:27,nodeGcal1,3.11.9,unknown,13153034,13076,0,0,0.5425551533699036,random,attribution,5,30,0.06430110633651065,0.73,0.3153551868396227,0.10952380952380951,0.0,10,10,0.0,3.9224978536367416e-05,24,False,False,30,0.6,nan
tabular,0,2026-10-02T18:05:27,nodeGcal1,3.11.9,unknown,13153034,13143,1,1,0.5182458162307739,pyxai,set,27,30,0.0,1.0,0.10000000000000009,0.8767487684729064,0.8,10,10,1.0,0.05687309196218848,27,True,nan,27,1.0,nan
tabular,0,2026-10-02T18:05:27,nodeGcal1,3.11.9,unknown,13153034,13143,1,1,0.5182458162307739,anchors,set,8,30,0.03743104149850909,0.86,0.7333333333333334,0.24424908424908423,0.14285714285714285,10,10,0.6,1.5212827119976282,27,False,nan,nan,0.2962962962962963,0.9533333333333334
tabular,0,2026-10-02T18:05:27,nodeGcal1,3.11.9,unknown,13153034,13143,1,1,0.5182458162307739,lime,attribution,5,30,0.03743104149850909,0.46,0.5327856819486423,0.7333333333333334,0.6666666666666666,10,10,1.0,0.04653407912701368,27,False,False,28,0.8,nan
tabular,0,2026-10-02T18:05:27,nodeGcal1,3.11.9,unknown,13153034,13143,1,1,0.5182458162307739,treeshap,attribution,5,30,0.03743104149850909,0.64,0.5491463898815684,0.8666666666666666,0.42857142857142855,10,10,1.0,0.001226648222655058,27,False,False,29,0.8620689655172413,nan
tabular,0,2026-10-02T18:05:27,nodeGcal1,3.11.9,unknown,13153034,13143,1,1,0.5182458162307739,random,attribution,5,30,0.0,0.4,0.30406782712570235,0.14444444444444446,0.0,10,10,0.1111111111111111,4.092603921890259e-05,27,False,False,30,0.9285714285714286,nan
tabular,0,2026-10-02T18:05:27,nodeGcal1,3.11.9,unknown,13153034,13180,1,1,0.6596017479896545,pyxai,set,27,30,0.2015101550376319,1.0,0.10000000000000009,0.9096059113300493,0.8620689655172413,10,10,1.0,0.0585299669764936,27,True,nan,27,1.0,nan
tabular,0,2026-10-02T18:05:27,nodeGcal1,3.11.9,unknown,13153034,13180,1,1,0.6596017479896545,anchors,set,4,30,0.24332239530154712,0.94,0.8666666666666667,0.31047619047619046,0.0,10,10,0.3333333333333333,0.6321200667880476,27,False,nan,nan,0.14814814814814814,0.9625468164794008
tabular,0,2026-10-02T18:05:27,nodeGcal1,3.11.9,unknown,13153034,13180,1,1,0.6596017479896545,lime,attribution,5,30,0.2513251290112731,0.86,0.5870245312054087,0.7333333333333334,0.6666666666666666,10,10,1.0,0.05539661645889282,27,False,True,27,0.8620689655172413,nan
tabular,0,2026-10-02T18:05:27,nodeGcal1,3.11.9,unknown,13153034,13180,1,1,0.6596017479896545,treeshap,attribution,5,30,0.28716110678917334,0.95,0.6503949816768297,0.8999999999999998,0.6666666666666666,10,10,1.0,0.0011278199963271618,27,False,True,23,0.8620689655172413,nan
tabular,0,2026-10-02T18:05:27,nodeGcal1,3.11.9,unknown,13153034,13180,1,1,0.6596017479896545,random,attribution,5,30,0.03270213362556038,0.59,0.33201469829640606,0.07777777777777779,0.0,10,10,0.0,2.6728026568889618e-05,27,False,False,30,0.8,nan
tabular,0,2026-10-02T18:05:27,nodeGcal1,3.11.9,unknown,13153034,13239,0,0,0.6295156478881836,pyxai,set,25,30,0.27266624501018794,1.0,0.16666666666666652,0.9247863247863247,0.7241379310344828,10,10,1.0,0.05865605315193534,25,True,nan,25,1.0,nan
tabular,0,2026-10-02T18:05:27,nodeGcal1,3.11.9,unknown,13153034,13239,0,0,0.6295156478881836,anchors,set,5,30,0.11763448821760504,0.73,0.8333333333333333,0.3293650793650793,0.1111111111111111,10,10,1.0,1.2398562207818031,25,False,nan,nan,0.2,0.9652996845425867
tabular,0,2026-10-02T18:05:27,nodeGcal1,3.11.9,unknown,13153034,13239,0,0,0.6295156478881836,lime,attribution,5,30,0.0952823078496277,0.93,0.6123233166084567,0.8,0.6666666666666666,10,10,1.0,0.050300887785851955,25,False,False,30,0.7857142857142857,nan
tabular,0,2026-10-02T18:05:27,nodeGcal1,3.11.9,unknown,13153034,13239,0,0,0.6295156478881836,treeshap,attribution,5,30,0.0,0.62,0.5154005372806476,0.819047619047619,0.42857142857142855,10,10,1.0,0.0008986042812466621,25,False,True,22,0.9230769230769231,nan
tabular,0,2026-10-02T18:05:27,nodeGcal1,3.11.9,unknown,13153034,13239,0,0,0.6295156478881836,random,attribution,5,30,0.0,0.54,0.37124676818003,0.06944444444444445,0.0,10,10,0.0,4.0729064494371414e-05,25,False,False,30,0.6666666666666666,nan
tabular,0,2026-10-02T18:05:27,nodeGcal1,3.11.9,unknown,13153034,13249,1,1,0.6366921067237854,pyxai,set,23,30,0.1819460188855544,1.0,0.23333333333333328,0.8405897435897435,0.84,10,10,1.0,0.058985304087400436,23,True,nan,23,1.0,nan
tabular,0,2026-10-02T18:05:27,nodeGcal1,3.11.9,unknown,13153034,13249,1,1,0.6366921067237854,anchors,set,5,30,0.06533478388391002,0.9,0.8333333333333333,0.2694444444444445,0.1111111111111111,10,10,1.0,1.1140362699516118,23,False,nan,nan,0.21739130434782608,0.9706959706959707
tabular,0,2026-10-02T18:05:27,nodeGcal1,3.11.9,unknown,13153034,13249,1,1,0.6366921067237854,lime,attribution,5,30,0.022951208869640582,0.56,0.5067311088236902,0.9,0.6666666666666666,10,10,0.6666666666666666,0.04956298042088747,23,False,False,26,0.7692307692307693,nan
tabular,0,2026-10-02T18:05:27,nodeGcal1,3.11.9,unknown,13153034,13249,1,1,0.6366921067237854,treeshap,attribution,5,30,0.06533478388391002,0.83,0.5223839601430464,0.5238095238095238,0.42857142857142855,10,10,1.0,0.0008734762668609619,23,False,True,20,0.7692307692307693,nan
tabular,0,2026-10-02T18:05:27,nodeGcal1,3.11.9,unknown,13153034,13249,1,1,0.6366921067237854,random,attribution,5,30,0.022951208869640582,0.67,0.29469339363159064,0.08333333333333333,0.0,10,10,0.1111111111111111,3.4992117434740067e-05,23,False,False,27,0.6428571428571429,nan
tabular,0,2026-10-02T18:05:27,nodeGcal1,3.11.9,unknown,13153034,13302,1,1,0.5218507051467896,pyxai,set,26,30,0.0,1.0,0.13333333333333341,0.9333333333333332,0.9259259259259259,10,10,1.0,0.05519844125956297,26,True,nan,26,1.0,nan
tabular,0,2026-10-02T18:05:27,nodeGcal1,3.11.9,unknown,13153034,13302,1,1,0.5218507051467896,anchors,set,6,30,0.16220585201803453,0.94,0.8,0.38476190476190475,0.2,10,10,0.7142857142857143,1.1506037642247975,26,False,nan,nan,0.23076923076923078,0.9577922077922078
tabular,0,2026-10-02T18:05:27,nodeGcal1,3.11.9,unknown,13153034,13302,1,1,0.5218507051467896,lime,attribution,5,30,0.022453850864891524,0.52,0.5196655876610388,0.8666666666666666,0.6666666666666666,10,10,1.0,0.041592609602957964,26,False,False,28,0.7931034482758621,nan
tabular,0,2026-10-02T18:05:27,nodeGcal1,3.11.9,unknown,13153034,13302,1,1,0.5218507051467896,treeshap,attribution,5,30,0.05754213323690304,0.7,0.5215838738073083,0.8,0.6666666666666666,10,10,1.0,0.0009750346653163433,26,False,True,24,0.8571428571428571,nan
tabular,0,2026-10-02T18:05:27,nodeGcal1,3.11.9,unknown,13153034,13302,1,1,0.5218507051467896,random,attribution,5,30,0.0,0.4,0.35424196294418164,0.06944444444444445,0.0,10,10,0.0,3.516487777233124e-05,26,False,False,30,0.7333333333333333,nan
tabular,0,2026-10-02T18:05:27,nodeGcal1,3.11.9,unknown,13153034,13324,1,1,0.5606871843338013,pyxai,set,27,30,0.0330936123664127,1.0,0.10000000000000009,0.9642857142857144,0.9285714285714286,10,10,1.0,0.05740220006555319,27,True,nan,27,1.0,nan
tabular,0,2026-10-02T18:05:27,nodeGcal1,3.11.9,unknown,13153034,13324,1,1,0.5606871843338013,anchors,set,8,30,0.14123950091264056,0.89,0.7333333333333334,0.26153846153846155,0.23076923076923078,10,10,0.6,2.1732254778034985,27,False,nan,nan,0.2962962962962963,0.9584905660377359
tabular,0,2026-10-02T18:05:27,nodeGcal1,3.11.9,unknown,13153034,13324,1,1,0.5606871843338013,lime,attribution,5,30,0.003908142752506971,0.54,0.6135509684515121,0.9333333333333332,0.6666666666666666,10,10,1.0,0.04989783838391304,27,False,True,27,0.8620689655172413,nan
tabular,0,2026-10-02T18:05:27,nodeGcal1,3.11.9,unknown,13153034,13324,1,1,0.5606871843338013,treeshap,attribution,5,30,0.14123950091264056,0.85,0.5724263030081918,1.0,1.0,10,10,1.0,0.0013212519697844982,27,False,True,25,0.8620689655172413,nan
tabular,0,2026-10-02T18:05:27,nodeGcal1,3.11.9,unknown,13153034,13324,1,1,0.5606871843338013,random,attribution,5,30,0.003908142752506971,0.71,0.2613586945666545,0.06944444444444445,0.0,10,10,0.1111111111111111,3.516487777233124e-05,27,False,True,27,0.8,nan
tabular,0,2026-10-02T18:05:27,nodeGcal1,3.11.9,unknown,13153034,13410,0,0,0.544765830039978,pyxai,set,29,30,0.15951413478015689,1.0,0.033333333333333326,0.9933333333333334,0.9333333333333333,10,10,1.0,0.057636503130197525,29,True,nan,29,1.0,nan
tabular,0,2026-10-02T18:05:27,nodeGcal1,3.11.9,unknown,13153034,13410,0,0,0.544765830039978,anchors,set,5,30,0.09242986660107702,0.75,0.8333333333333333,0.3492063492063492,0.1111111111111111,10,10,0.6666666666666666,1.127315219026059,29,False,nan,nan,0.13333333333333333,0.9606557377049181
tabular,0,2026-10-02T18:05:27,nodeGcal1,3.11.9,unknown,13153034,13410,0,0,0.544765830039978,lime,attribution,5,30,0.09242986660107702,0.76,0.5922607692140598,0.8761904761904763,0.42857142857142855,10,10,0.6666666666666666,0.05689196800813079,29,False,True,26,0.9333333333333333,nan
tabular,0,2026-10-02T18:05:27,nodeGcal1,3.11.9,unknown,13153034,13410,0,0,0.544765830039978,treeshap,attribution,5,30,0.030250160454651783,0.44,0.5354457777696622,0.7,0.42857142857142855,10,10,1.0,0.0011560958810150623,29,False,False,30,0.9333333333333333,nan
tabular,0,2026-10-02T18:05:27,nodeGcal1,3.11.9,unknown,13153034,13410,0,0,0.544765830039978,random,attribution,5,30,0.0,0.55,0.3502858319117499,0.06666666666666667,0.0,10,10,0.1111111111111111,2.8281938284635544e-05,29,False,False,30,0.9333333333333333,nan
tabular,0,2026-10-02T18:05:27,nodeGcal1,3.11.9,unknown,13153034,13644,0,0,0.5925797820091248,pyxai,set,28,30,0.2273310802961102,1.0,0.06666666666666687,0.9314942528735631,0.8666666666666667,10,10,1.0,0.05615820083767176,28,True,nan,28,1.0,nan
tabular,0,2026-10-02T18:05:27,nodeGcal1,3.11.9,unknown,13153034,13644,0,0,0.5925797820091248,anchors,set,5,30,0.2703247356952773,0.92,0.8333333333333333,0.5214285714285715,0.25,10,10,0.6666666666666666,1.2052128319628537,28,False,nan,nan,0.17857142857142858,0.9718969555035128
tabular,0,2026-10-02T18:05:27,nodeGcal1,3.11.9,unknown,13153034,13644,0,0,0.5925797820091248,lime,attribution,5,30,0.21845857692927836,0.95,0.5075670718124834,1.0,1.0,10,10,1.0,0.02390676224604249,28,False,True,18,0.8666666666666667,nan
tabular,0,2026-10-02T18:05:27,nodeGcal1,3.11.9,unknown,13153034,13644,0,0,0.5925797820091248,treeshap,attribution,5,30,0.20822022967782922,0.77,0.556144448442224,0.8333333333333333,0.6666666666666666,10,10,1.0,0.0012651802971959114,28,False,True,22,0.8666666666666667,nan
tabular,0,2026-10-02T18:05:27,nodeGcal1,3.11.9,unknown,13153034,13644,0,0,0.5925797820091248,random,attribution,5,30,0.0,0.41,0.35063955588086226,0.19007936507936507,0.0,10,10,0.1111111111111111,3.928598016500473e-05,28,False,True,28,0.8666666666666667,nan
tabular,0,2026-10-02T18:05:27,nodeGcal1,3.11.9,unknown,13153034,13808,1,1,0.6475233435630798,pyxai,set,28,30,0.1627606550622678,1.0,0.06666666666666687,0.8864367816091955,0.8666666666666667,10,10,1.0,0.058533059898763895,28,True,nan,28,1.0,nan
tabular,0,2026-10-02T18:05:27,nodeGcal1,3.11.9,unknown,13153034,13808,1,1,0.6475233435630798,anchors,set,3,30,0.09967764945061226,0.9,0.9,0.35,0.0,10,10,0.5,0.41562095703557134,28,False,nan,nan,0.10714285714285714,0.9525773195876288
tabular,0,2026-10-02T18:05:27,nodeGcal1,3.11.9,unknown,13153034,13808,1,1,0.6475233435630798,lime,attribution,5,30,0.16410320703771544,0.76,0.587815571264501,0.8,0.6666666666666666,10,10,1.0,0.026339085772633553,28,False,True,23,0.8666666666666667,nan
tabular,0,2026-10-02T18:05:27,nodeGcal1,3.11.9,unknown,13153034,13808,1,1,0.6475233435630798,treeshap,attribution,5,30,0.18883709224873912,0.97,0.5971285439128377,0.4226190476190476,0.25,10,10,1.0,0.0012077819555997849,28,False,True,23,0.8666666666666667,nan
tabular,0,2026-10-02T18:05:27,nodeGcal1,3.11.9,unknown,13153034,13808,1,1,0.6475233435630798,random,attribution,5,30,0.0,0.54,0.33112557444894675,0.15555555555555556,0.0,10,10,0.1111111111111111,4.3777283281087875e-05,28,False,True,28,0.8666666666666667,nan
tabular,0,2026-10-02T18:05:27,nodeGcal1,3.11.9,unknown,13153034,13835,0,0,0.5786814093589783,pyxai,set,27,30,0.2087736488536063,1.0,0.10000000000000009,0.9285714285714286,0.9285714285714286,10,10,1.0,0.058012701105326414,27,True,nan,27,1.0,nan
tabular,0,2026-10-02T18:05:27,nodeGcal1,3.11.9,unknown,13153034,13835,0,0,0.5786814093589783,anchors,set,5,30,0.17903340552659003,0.88,0.8333333333333333,0.4404761904761904,0.25,10,10,0.6666666666666666,0.9725756188854575,27,False,nan,nan,0.18518518518518517,0.9701789264413518
tabular,0,2026-10-02T18:05:27,nodeGcal1,3.11.9,unknown,13153034,13835,0,0,0.5786814093589783,lime,attribution,5,30,0.13897691165096573,0.9,0.5627207212402119,0.7666666666666667,0.6666666666666666,10,10,1.0,0.047143652103841305,27,False,True,23,0.9285714285714286,nan
tabular,0,2026-10-02T18:05:27,nodeGcal1,3.11.9,unknown,13153034,13835,0,0,0.5786814093589783,treeshap,attribution,5,30,0.14610714163216912,0.8,0.5348951208221274,0.8666666666666666,0.6666666666666666,10,10,1.0,0.0009488272480666637,27,False,True,23,0.9285714285714286,nan
tabular,0,2026-10-02T18:05:27,nodeGcal1,3.11.9,unknown,13153034,13835,0,0,0.5786814093589783,random,attribution,5,30,0.03224305962623278,0.46,0.2696829134426202,0.18571428571428572,0.0,10,10,0.1111111111111111,4.293583333492279e-05,27,False,False,29,0.8,nan
tabular,0,2026-10-02T18:05:27,nodeGcal1,3.11.9,unknown,13153034,13966,0,0,0.6817694902420044,pyxai,set,25,30,0.32841233502421796,1.0,0.16666666666666652,0.9472934472934472,0.8518518518518519,10,10,1.0,0.06083856523036957,25,True,nan,25,1.0,nan
tabular,0,2026-10-02T18:05:27,nodeGcal1,3.11.9,unknown,13153034,13966,0,0,0.6817694902420044,anchors,set,5,30,0.21642822284706834,0.96,0.8333333333333333,0.6595238095238096,0.25,10,10,0.6666666666666666,1.4289454901590943,25,False,nan,nan,0.2,0.9675
tabular,0,2026-10-02T18:05:27,nodeGcal1,3.11.9,unknown,13153034,13966,0,0,0.6817694902420044,lime,attribution,5,30,0.21642822284706834,0.94,0.5801793283612754,0.9666666666666666,1.0,10,10,0.6666666666666666,0.06322629423812032,25,False,True,25,0.7241379310344828,nan
tabular,0,2026-10-02T18:05:27,nodeGcal1,3.11.9,unknown,13153034,13966,0,0,0.6817694902420044,treeshap,attribution,5,30,0.2527635044483421,0.93,0.618081956664047,0.7,0.6666666666666666,10,10,1.0,0.0014211921952664852,25,False,True,19,0.9230769230769231,nan
tabular,0,2026-10-02T18:05:27,nodeGcal1,3.11.9,unknown,13153034,13966,0,0,0.6817694902420044,random,attribution,5,30,0.1030087442125916,0.59,0.25396927298571437,0.1912698412698413,0.0,10,10,0.0,2.9718969017267227e-05,25,False,False,26,0.7241379310344828,nan
