modality,seed,date,host,python,commit,slurm_job,instance,y_true,y_pred,p_pred,method,kind,k,d,fid_del,fid_suf,sparsity,stability,robustness,n_valid_stab,n_valid_rob,consistency,time_s,size_abductive,formally_sufficient,sufficient_at_size_E,k_min_sufficient,jaccard_abductive,anchor_precision
tabular,2,2026-10-02T18:05:27,nodeGcal1,3.11.9,unknown,13153033,35,1,1,0.7466814517974854,pyxai,set,26,30,0.24321446486679105,1.0,0.13333333333333341,0.9349206349206349,0.8571428571428571,10,10,1.0,0.06131628109142184,26,True,nan,26,1.0,nan
tabular,2,2026-10-02T18:05:27,nodeGcal1,3.11.9,unknown,13153033,35,1,1,0.7466814517974854,anchors,set,2,30,0.4680391987506262,0.99,0.9333333333333333,0.5333333333333332,0.3333333333333333,10,10,1.0,0.3245106232352555,26,False,nan,nan,0.07692307692307693,0.9565217391304348
tabular,2,2026-10-02T18:05:27,nodeGcal1,3.11.9,unknown,13153033,35,1,1,0.7466814517974854,lime,attribution,5,30,0.2808509395049315,1.0,0.5883441561409665,1.0,1.0,10,10,1.0,0.049584497697651386,26,False,True,23,0.7333333333333333,nan
tabular,2,2026-10-02T18:05:27,nodeGcal1,3.11.9,unknown,13153033,35,1,1,0.7466814517974854,treeshap,attribution,5,30,0.2588532697875254,1.0,0.800950666263641,0.7666666666666667,0.6666666666666666,10,10,1.0,0.0016913320869207382,26,False,True,20,0.9259259259259259,nan
tabular,2,2026-10-02T18:05:27,nodeGcal1,3.11.9,unknown,13153033,35,1,1,0.7466814517974854,random,attribution,5,30,0.006243276649374211,0.56,0.3673055107340668,0.15119047619047618,0.0,10,10,0.1111111111111111,3.453204408288002e-05,26,False,False,27,0.7333333333333333,nan
tabular,2,2026-10-02T18:05:27,nodeGcal1,3.11.9,unknown,13153033,36,1,1,0.5521302223205566,pyxai,set,26,30,0.0,1.0,0.13333333333333341,0.9777777777777776,1.0,10,10,1.0,0.055212503764778376,26,True,nan,26,1.0,nan
tabular,2,2026-10-02T18:05:27,nodeGcal1,3.11.9,unknown,13153033,36,1,1,0.5521302223205566,anchors,set,7,30,0.011241569875144766,0.98,0.7666666666666666,0.3257575757575757,0.16666666666666666,10,10,1.0,2.0824229870922863,26,False,nan,nan,0.2222222222222222,0.973568281938326
tabular,2,2026-10-02T18:05:27,nodeGcal1,3.11.9,unknown,13153033,36,1,1,0.5521302223205566,lime,attribution,5,30,0.0,0.51,0.5539440809312551,0.9,0.6666666666666666,10,10,1.0,0.024243483319878578,26,False,False,29,0.7333333333333333,nan
tabular,2,2026-10-02T18:05:27,nodeGcal1,3.11.9,unknown,13153033,36,1,1,0.5521302223205566,treeshap,attribution,5,30,0.00835639229951438,0.79,0.47975001859683475,0.7666666666666667,0.6666666666666666,10,10,1.0,0.000964354258030653,26,False,True,24,1.0,nan
tabular,2,2026-10-02T18:05:27,nodeGcal1,3.11.9,unknown,13153033,36,1,1,0.5521302223205566,random,attribution,5,30,0.0,0.41,0.2876470315983506,0.09444444444444444,0.0,10,10,0.0,3.0593015253543854e-05,26,False,False,30,0.7931034482758621,nan
tabular,2,2026-10-02T18:05:27,nodeGcal1,3.11.9,unknown,13153033,383,1,1,0.7272656559944153,pyxai,set,25,30,0.2230105774760515,1.0,0.16666666666666652,0.933048433048433,0.8518518518518519,10,10,1.0,0.059659373946487904,25,True,nan,25,1.0,nan
tabular,2,2026-10-02T18:05:27,nodeGcal1,3.11.9,unknown,13153033,383,1,1,0.7272656559944153,anchors,set,2,30,0.40704621147592346,0.99,0.9333333333333333,0.4666666666666666,0.3333333333333333,10,10,1.0,0.2914331848733127,25,False,nan,nan,0.08,0.9641255605381166
tabular,2,2026-10-02T18:05:27,nodeGcal1,3.11.9,unknown,13153033,383,1,1,0.7272656559944153,lime,attribution,5,30,0.3599498848214723,1.0,0.5518373635867789,0.7333333333333333,0.6666666666666666,10,10,0.6666666666666666,0.045097107999026775,25,False,True,25,0.7857142857142857,nan
tabular,2,2026-10-02T18:05:27,nodeGcal1,3.11.9,unknown,13153033,383,1,1,0.7272656559944153,treeshap,attribution,5,30,0.3375877443850519,1.0,0.7655944154033719,0.7333333333333334,0.6666666666666666,10,10,1.0,0.0009154719300568104,25,False,True,21,1.0,nan
tabular,2,2026-10-02T18:05:27,nodeGcal1,3.11.9,unknown,13153033,383,1,1,0.7272656559944153,random,attribution,5,30,0.39983639707042407,0.99,0.27378673833361455,0.10555555555555556,0.0,10,10,0.0,2.3948028683662415e-05,25,False,True,21,0.7857142857142857,nan
tabular,2,2026-10-02T18:05:27,nodeGcal1,3.11.9,unknown,13153033,468,0,0,0.5186396837234497,pyxai,set,27,30,0.16141727758859853,1.0,0.10000000000000009,0.9857142857142858,1.0,10,10,1.0,0.05688705528154969,27,True,nan,27,1.0,nan
tabular,2,2026-10-02T18:05:27,nodeGcal1,3.11.9,unknown,13153033,468,0,0,0.5186396837234497,anchors,set,6,30,0.08775325151442366,0.9,0.8,0.530952380952381,0.3333333333333333,10,10,0.7142857142857143,1.4626691937446594,27,False,nan,nan,0.2222222222222222,0.9568527918781726
tabular,2,2026-10-02T18:05:27,nodeGcal1,3.11.9,unknown,13153033,468,0,0,0.5186396837234497,lime,attribution,5,30,0.0,0.59,0.5255263480687684,0.7333333333333334,0.6666666666666666,10,10,0.6666666666666666,0.04451249912381172,27,False,False,30,0.8,nan
tabular,2,2026-10-02T18:05:27,nodeGcal1,3.11.9,unknown,13153033,468,0,0,0.5186396837234497,treeshap,attribution,5,30,0.08775325151442366,0.58,0.5375787325205614,0.8333333333333334,0.6666666666666666,10,10,1.0,0.0010303878225386143,27,False,True,26,0.8620689655172413,nan
tabular,2,2026-10-02T18:05:27,nodeGcal1,3.11.9,unknown,13153033,468,0,0,0.5186396837234497,random,attribution,5,30,0.0038549279248114945,0.51,0.29752302838000133,0.13055555555555556,0.0,10,10,0.1111111111111111,3.998586907982826e-05,27,False,False,28,0.8,nan
tabular,2,2026-10-02T18:05:27,nodeGcal1,3.11.9,unknown,13153033,481,0,0,0.5517016649246216,pyxai,set,26,30,0.2116712607948688,1.0,0.13333333333333341,0.9703703703703704,0.9259259259259259,10,10,1.0,0.05785446893423796,26,True,nan,26,1.0,nan
tabular,2,2026-10-02T18:05:27,nodeGcal1,3.11.9,unknown,13153033,481,0,0,0.5517016649246216,anchors,set,4,30,0.27538299947126293,0.92,0.8666666666666667,0.3295238095238095,0.0,10,10,0.3333333333333333,0.7921456671319902,26,False,nan,nan,0.15384615384615385,0.9504337050805453
tabular,2,2026-10-02T18:05:27,nodeGcal1,3.11.9,unknown,13153033,481,0,0,0.5517016649246216,lime,attribution,5,30,0.27538299947126293,0.93,0.5366901053924058,0.9666666666666666,1.0,10,10,0.6666666666666666,0.05075321905314922,26,False,False,29,0.7931034482758621,nan
tabular,2,2026-10-02T18:05:27,nodeGcal1,3.11.9,unknown,13153033,481,0,0,0.5517016649246216,treeshap,attribution,5,30,0.2519495964679412,0.78,0.6406087271679222,0.7047619047619047,0.42857142857142855,10,10,1.0,0.0011066365987062454,26,False,True,26,0.9259259259259259,nan
tabular,2,2026-10-02T18:05:27,nodeGcal1,3.11.9,unknown,13153033,481,0,0,0.5517016649246216,random,attribution,5,30,0.01394508956227181,0.57,0.3198518173338549,0.04444444444444444,0.0,10,10,0.1111111111111111,2.152472734451294e-05,26,False,False,30,0.7931034482758621,nan
tabular,2,2026-10-02T18:05:27,nodeGcal1,3.11.9,unknown,13153033,673,1,1,0.5688462257385254,pyxai,set,24,30,0.009921878994800315,1.0,0.20000000000000018,0.9144615384615384,0.8461538461538461,10,10,1.0,0.05736798560246825,24,True,nan,24,1.0,nan
tabular,2,2026-10-02T18:05:27,nodeGcal1,3.11.9,unknown,13153033,673,1,1,0.5688462257385254,anchors,set,7,30,0.009030082391905156,0.95,0.7666666666666666,0.4219191919191919,0.2727272727272727,10,10,0.75,1.9623432522639632,24,False,nan,nan,0.2916666666666667,0.96875
tabular,2,2026-10-02T18:05:27,nodeGcal1,3.11.9,unknown,13153033,673,1,1,0.5688462257385254,lime,attribution,5,30,0.0,0.52,0.49632072331580157,0.9666666666666666,0.6666666666666666,10,10,1.0,0.045341976918280125,24,False,False,28,0.7777777777777778,nan
tabular,2,2026-10-02T18:05:27,nodeGcal1,3.11.9,unknown,13153033,673,1,1,0.5688462257385254,treeshap,attribution,5,30,0.00804691619228522,0.76,0.5243519155255172,0.6857142857142857,0.42857142857142855,10,10,1.0,0.0008981633000075817,24,False,True,24,0.92,nan
tabular,2,2026-10-02T18:05:27,nodeGcal1,3.11.9,unknown,13153033,673,1,1,0.5688462257385254,random,attribution,5,30,0.0,0.56,0.334949877167827,0.06944444444444445,0.0,10,10,0.1111111111111111,4.9868132919073105e-05,24,False,False,25,0.6551724137931034,nan
tabular,2,2026-10-02T18:05:27,nodeGcal1,3.11.9,unknown,13153033,678,0,0,0.532818078994751,pyxai,set,27,30,0.18021213074452713,1.0,0.10000000000000009,0.9571428571428571,0.9285714285714286,10,10,1.0,0.057322725653648376,27,True,nan,27,1.0,nan
tabular,2,2026-10-02T18:05:27,nodeGcal1,3.11.9,unknown,13153033,678,0,0,0.532818078994751,anchors,set,7,30,0.040037904940976844,0.81,0.7666666666666666,0.5944444444444444,0.4,10,10,0.75,1.8663341281935573,27,False,nan,nan,0.25925925925925924,0.9707112970711297
tabular,2,2026-10-02T18:05:27,nodeGcal1,3.11.9,unknown,13153033,678,0,0,0.532818078994751,lime,attribution,5,30,0.0,0.53,0.611451428930931,0.9666666666666666,0.6666666666666666,10,10,1.0,0.05076238000765443,27,False,False,30,0.8620689655172413,nan
tabular,2,2026-10-02T18:05:27,nodeGcal1,3.11.9,unknown,13153033,678,0,0,0.532818078994751,treeshap,attribution,5,30,0.02481406621887139,0.54,0.5651144114077469,0.719047619047619,0.42857142857142855,10,10,1.0,0.0010680477134883404,27,False,True,27,0.8620689655172413,nan
tabular,2,2026-10-02T18:05:27,nodeGcal1,3.11.9,unknown,13153033,678,0,0,0.532818078994751,random,attribution,5,30,0.0546070992450782,0.68,0.37444881520309536,0.09166666666666667,0.0,10,10,0.1111111111111111,3.820611163973808e-05,27,False,False,30,0.8,nan
tabular,2,2026-10-02T18:05:27,nodeGcal1,3.11.9,unknown,13153033,724,1,1,0.5955249667167664,pyxai,set,25,30,0.06453946557843457,1.0,0.16666666666666652,0.8803418803418804,0.8518518518518519,10,10,1.0,0.057450723834335804,25,True,nan,25,1.0,nan
tabular,2,2026-10-02T18:05:27,nodeGcal1,3.11.9,unknown,13153033,724,1,1,0.5955249667167664,anchors,set,4,30,0.08257734692082103,0.93,0.8666666666666667,0.34476190476190477,0.14285714285714285,10,10,0.6,0.7197860036976635,25,False,nan,nan,0.16,0.9694656488549618
tabular,2,2026-10-02T18:05:27,nodeGcal1,3.11.9,unknown,13153033,724,1,1,0.5955249667167664,lime,attribution,5,30,0.06350676206613166,0.87,0.5684145856381828,0.9,0.6666666666666666,10,10,1.0,0.04727894114330411,25,False,True,21,0.8518518518518519,nan
tabular,2,2026-10-02T18:05:27,nodeGcal1,3.11.9,unknown,13153033,724,1,1,0.5955249667167664,treeshap,attribution,5,30,0.058758307643357176,0.97,0.5753938588477534,0.44404761904761897,0.25,10,10,1.0,0.0009154840372502804,25,False,False,30,0.7857142857142857,nan
tabular,2,2026-10-02T18:05:27,nodeGcal1,3.11.9,unknown,13153033,724,1,1,0.5955249667167664,random,attribution,5,30,0.0,0.38,0.26820417162508947,0.1261904761904762,0.0,10,10,0.1111111111111111,3.744103014469147e-05,25,False,False,30,0.6666666666666666,nan
tabular,2,2026-10-02T18:05:27,nodeGcal1,3.11.9,unknown,13153033,726,0,0,0.5122418403625488,pyxai,set,27,30,0.15094347306816203,1.0,0.10000000000000009,0.9642857142857142,0.9285714285714286,10,10,1.0,0.054575512651354074,27,True,nan,27,1.0,nan
tabular,2,2026-10-02T18:05:27,nodeGcal1,3.11.9,unknown,13153033,726,0,0,0.5122418403625488,anchors,set,7,30,0.10646879820227899,0.75,0.7666666666666666,0.3957575757575757,0.16666666666666666,10,10,0.5555555555555556,1.456072694156319,27,False,nan,nan,0.25925925925925924,0.9880952380952381
tabular,2,2026-10-02T18:05:27,nodeGcal1,3.11.9,unknown,13153033,726,0,0,0.5122418403625488,lime,attribution,5,30,0.10306688672737885,0.77,0.56614669141704,0.8999999999999998,0.6666666666666666,10,10,1.0,0.0660893190652132,27,False,False,28,0.8,nan
tabular,2,2026-10-02T18:05:27,nodeGcal1,3.11.9,unknown,13153033,726,0,0,0.5122418403625488,treeshap,attribution,5,30,0.14343508814064523,0.63,0.5549207902035048,0.719047619047619,0.42857142857142855,10,10,1.0,0.00091208191588521,27,False,True,25,0.8620689655172413,nan
tabular,2,2026-10-02T18:05:27,nodeGcal1,3.11.9,unknown,13153033,726,0,0,0.5122418403625488,random,attribution,5,30,0.14213208483321838,0.65,0.3939462076479304,0.05833333333333333,0.0,10,10,0.0,2.123229205608368e-05,27,False,False,29,0.8,nan
tabular,2,2026-10-02T18:05:27,nodeGcal1,3.11.9,unknown,13153033,737,1,1,0.5477167963981628,pyxai,set,26,30,0.0,1.0,0.13333333333333341,1.0,0.9259259259259259,10,10,1.0,0.05589174618944526,26,True,nan,26,1.0,nan
tabular,2,2026-10-02T18:05:27,nodeGcal1,3.11.9,unknown,13153033,737,1,1,0.5477167963981628,anchors,set,9,30,0.13319053106360176,0.95,0.7,0.37857142857142856,0.2857142857142857,10,10,0.6363636363636364,2.8357239477336407,26,False,nan,nan,0.2962962962962963,0.9607142857142857
tabular,2,2026-10-02T18:05:27,nodeGcal1,3.11.9,unknown,13153033,737,1,1,0.5477167963981628,lime,attribution,5,30,0.024401460720633643,0.53,0.5323564317103376,0.7666666666666667,0.6666666666666666,10,10,1.0,0.04545099101960659,26,False,False,29,0.7931034482758621,nan
tabular,2,2026-10-02T18:05:27,nodeGcal1,3.11.9,unknown,13153033,737,1,1,0.5477167963981628,treeshap,attribution,5,30,0.014635282887026816,0.71,0.5754446663110234,0.6761904761904762,0.42857142857142855,10,10,1.0,0.001127893105149269,26,False,True,26,0.9259259259259259,nan
tabular,2,2026-10-02T18:05:27,nodeGcal1,3.11.9,unknown,13153033,737,1,1,0.5477167963981628,random,attribution,5,30,0.0,0.69,0.3871010273653245,0.13452380952380955,0.0,10,10,0.0,3.7260353565216064e-05,26,False,False,28,0.8571428571428571,nan
tabular,2,2026-10-02T18:05:27,nodeGcal1,3.11.9,unknown,13153033,809,1,1,0.5784960389137268,pyxai,set,26,30,0.026437236497497876,1.0,0.13333333333333341,0.919047619047619,0.8571428571428571,10,10,1.0,0.05501845292747021,26,True,nan,26,1.0,nan
tabular,2,2026-10-02T18:05:27,nodeGcal1,3.11.9,unknown,13153033,809,1,1,0.5784960389137268,anchors,set,3,30,0.27692347875489426,0.88,0.9,0.43000000000000005,0.0,10,10,0.2,0.6082503581419587,26,False,nan,nan,0.11538461538461539,0.9598997493734336
tabular,2,2026-10-02T18:05:27,nodeGcal1,3.11.9,unknown,13153033,809,1,1,0.5784960389137268,lime,attribution,5,30,0.12981733240754031,0.77,0.5619750663363889,0.8666666666666666,0.6666666666666666,10,10,1.0,0.051045609172433615,26,False,False,27,0.7333333333333333,nan
tabular,2,2026-10-02T18:05:27,nodeGcal1,3.11.9,unknown,13153033,809,1,1,0.5784960389137268,treeshap,attribution,5,30,0.04087917504546109,0.66,0.6719012029623108,0.8,0.6666666666666666,10,10,1.0,0.0009146328084170818,26,False,True,22,0.8571428571428571,nan
tabular,2,2026-10-02T18:05:27,nodeGcal1,3.11.9,unknown,13153033,809,1,1,0.5784960389137268,random,attribution,5,30,0.27399314598560226,0.79,0.37065883704260094,0.05833333333333333,0.0,10,10,0.0,3.449665382504463e-05,26,False,False,30,0.7333333333333333,nan
tabular,2,2026-10-02T18:05:27,nodeGcal1,3.11.9,unknown,13153033,894,1,1,0.7960090041160583,pyxai,set,27,30,0.2901113942798908,1.0,0.10000000000000009,0.9024630541871922,0.8620689655172413,10,10,1.0,0.06155446404591203,27,True,nan,27,1.0,nan
tabular,2,2026-10-02T18:05:27,nodeGcal1,3.11.9,unknown,13153033,894,1,1,0.7960090041160583,anchors,set,2,30,0.23726079320454832,1.0,0.9333333333333333,0.4,0.3333333333333333,10,10,1.0,0.3312079110182822,27,False,nan,nan,0.07407407407407407,0.9703389830508474
tabular,2,2026-10-02T18:05:27,nodeGcal1,3.11.9,unknown,13153033,894,1,1,0.7960090041160583,lime,attribution,5,30,0.21922684814428353,1.0,0.5881281941197527,0.8,0.6666666666666666,10,10,0.6666666666666666,0.05014298390597105,27,False,True,23,0.8,nan
tabular,2,2026-10-02T18:05:27,nodeGcal1,3.11.9,unknown,13153033,894,1,1,0.7960090041160583,treeshap,attribution,5,30,0.4357382337381686,1.0,0.7820320085480283,0.5714285714285714,0.42857142857142855,10,10,1.0,0.0009488756768405437,27,False,True,18,1.0,nan
tabular,2,2026-10-02T18:05:27,nodeGcal1,3.11.9,unknown,13153033,894,1,1,0.7960090041160583,random,attribution,5,30,0.27503847863111547,0.99,0.36149619941234223,0.11666666666666665,0.0,10,10,0.42857142857142855,2.5216955691576004e-05,27,False,True,21,0.8,nan
tabular,2,2026-10-02T18:05:27,nodeGcal1,3.11.9,unknown,13153033,968,0,0,0.7314460277557373,pyxai,set,26,30,0.4028297630925579,1.0,0.13333333333333341,0.9481481481481481,0.9259259259259259,10,10,1.0,0.06192820519208908,26,True,nan,26,1.0,nan
tabular,2,2026-10-02T18:05:27,nodeGcal1,3.11.9,unknown,13153033,968,0,0,0.7314460277557373,anchors,set,5,30,0.21093077462908752,0.9,0.8333333333333333,0.5297619047619049,0.25,10,10,0.25,1.1129059111699462,26,False,nan,nan,0.19230769230769232,0.9668508287292817
tabular,2,2026-10-02T18:05:27,nodeGcal1,3.11.9,unknown,13153033,968,0,0,0.7314460277557373,lime,attribution,5,30,0.1273294790226692,0.79,0.5087916223339168,0.9333333333333332,0.6666666666666666,10,10,1.0,0.04490178171545267,26,False,True,22,0.7333333333333333,nan
tabular,2,2026-10-02T18:05:27,nodeGcal1,3.11.9,unknown,13153033,968,0,0,0.7314460277557373,treeshap,attribution,5,30,0.23012513091172582,0.89,0.6000801290338832,1.0,0.6666666666666666,10,10,1.0,0.0009034830145537853,26,False,True,19,0.8571428571428571,nan
tabular,2,2026-10-02T18:05:27,nodeGcal1,3.11.9,unknown,13153033,968,0,0,0.7314460277557373,random,attribution,5,30,0.08168174589386185,0.57,0.35900600255615467,0.1123015873015873,0.0,10,10,0.1111111111111111,3.5587698221206665e-05,26,False,True,26,0.7333333333333333,nan
tabular,2,2026-10-02T18:05:27,nodeGcal1,3.11.9,unknown,13153033,971,1,1,0.6222237944602966,pyxai,set,25,30,0.14680018541680895,1.0,0.16666666666666652,0.911050061050061,0.8518518518518519,10,10,1.0,0.05633185897022486,25,True,nan,25,1.0,nan
tabular,2,2026-10-02T18:05:27,nodeGcal1,3.11.9,unknown,13153033,971,1,1,0.6222237944602966,anchors,set,2,30,0.05601309987572782,0.91,0.9333333333333333,0.5999999999999999,0.3333333333333333,10,10,1.0,0.5233377451077104,25,False,nan,nan,0.08,0.9591836734693877
tabular,2,2026-10-02T18:05:27,nodeGcal1,3.11.9,unknown,13153033,971,1,1,0.6222237944602966,lime,attribution,5,30,0.15302816321928642,0.99,0.5216856333886828,0.8666666666666666,0.6666666666666666,10,10,1.0,0.04987092409282923,25,False,False,29,0.7857142857142857,nan
tabular,2,2026-10-02T18:05:27,nodeGcal1,3.11.9,unknown,13153033,971,1,1,0.6222237944602966,treeshap,attribution,5,30,0.11484988815695635,0.87,0.6150945836500583,0.7666666666666666,0.6666666666666666,10,10,1.0,0.0009842640720307827,25,False,True,24,0.8518518518518519,nan
tabular,2,2026-10-02T18:05:27,nodeGcal1,3.11.9,unknown,13153033,971,1,1,0.6222237944602966,random,attribution,5,30,0.1119138346362929,0.88,0.3590285987999665,0.10952380952380954,0.0,10,10,0.1111111111111111,6.232410669326782e-05,25,False,True,24,0.7241379310344828,nan
tabular,2,2026-10-02T18:05:27,nodeGcal1,3.11.9,unknown,13153033,1111,1,1,0.592864990234375,pyxai,set,25,30,0.05003295590544088,1.0,0.16666666666666652,0.9111111111111111,0.8518518518518519,10,10,1.0,0.05783198494464159,25,True,nan,25,1.0,nan
tabular,2,2026-10-02T18:05:27,nodeGcal1,3.11.9,unknown,13153033,1111,1,1,0.592864990234375,anchors,set,5,30,0.03983572717738199,0.77,0.8333333333333333,0.2123015873015873,0.1111111111111111,10,10,0.42857142857142855,1.6795855378732085,25,False,nan,nan,0.15384615384615385,0.96
tabular,2,2026-10-02T18:05:27,nodeGcal1,3.11.9,unknown,13153033,1111,1,1,0.592864990234375,lime,attribution,5,30,0.0,0.53,0.5212216101677922,1.0,0.6666666666666666,10,10,1.0,0.045535875018686056,25,False,True,25,0.7857142857142857,nan
tabular,2,2026-10-02T18:05:27,nodeGcal1,3.11.9,unknown,13153033,1111,1,1,0.592864990234375,treeshap,attribution,5,30,0.03983572717738199,0.85,0.5228166232087975,1.0,0.6666666666666666,10,10,1.0,0.0013701063580811024,25,False,True,24,0.9230769230769231,nan
tabular,2,2026-10-02T18:05:27,nodeGcal1,3.11.9,unknown,13153033,1111,1,1,0.592864990234375,random,attribution,5,30,0.03983572717738199,0.61,0.3705037280310448,0.11944444444444446,0.0,10,10,0.0,4.657497629523277e-05,25,False,True,25,0.7857142857142857,nan
tabular,2,2026-10-02T18:05:27,nodeGcal1,3.11.9,unknown,13153033,1124,0,0,0.534988284111023,pyxai,set,27,30,0.18704335993058524,1.0,0.10000000000000009,0.9642857142857144,0.9285714285714286,10,10,1.0,0.05555192520841956,27,True,nan,27,1.0,nan
tabular,2,2026-10-02T18:05:27,nodeGcal1,3.11.9,unknown,13153033,1124,0,0,0.534988284111023,anchors,set,6,30,0.11867812051632345,0.93,0.8,0.45809523809523806,0.3333333333333333,10,10,0.7142857142857143,1.4568718252703547,27,False,nan,nan,0.2222222222222222,0.9655963302752294
tabular,2,2026-10-02T18:05:27,nodeGcal1,3.11.9,unknown,13153033,1124,0,0,0.534988284111023,lime,attribution,5,30,0.036796814123245494,0.72,0.5499882852713153,0.7333333333333334,0.6666666666666666,10,10,0.6666666666666666,0.024389527272433043,27,False,False,29,0.8620689655172413,nan
tabular,2,2026-10-02T18:05:27,nodeGcal1,3.11.9,unknown,13153033,1124,0,0,0.534988284111023,treeshap,attribution,5,30,0.012666320097989953,0.46,0.5616695821872801,0.8666666666666668,0.6666666666666666,10,10,1.0,0.0014103930443525314,27,False,True,26,0.9285714285714286,nan
tabular,2,2026-10-02T18:05:27,nodeGcal1,3.11.9,unknown,13153033,1124,0,0,0.534988284111023,random,attribution,5,30,0.028650407648992036,0.57,0.3548648844663196,0.10555555555555556,0.0,10,10,0.0,6.792927160859108e-05,27,False,False,28,0.9285714285714286,nan
tabular,2,2026-10-02T18:05:27,nodeGcal1,3.11.9,unknown,13153033,1195,0,0,0.5091041922569275,pyxai,set,25,30,0.14202671216766527,1.0,0.16666666666666652,0.9242165242165242,0.8518518518518519,10,10,1.0,0.05564631102606654,25,True,nan,25,1.0,nan
tabular,2,2026-10-02T18:05:27,nodeGcal1,3.11.9,unknown,13153033,1195,0,0,0.5091041922569275,anchors,set,9,30,0.12716021154030552,0.87,0.7,0.4225274725274725,0.2,10,10,0.6363636363636364,1.9315178547985852,25,False,nan,nan,0.36,0.9613733905579399
tabular,2,2026-10-02T18:05:27,nodeGcal1,3.11.9,unknown,13153033,1195,0,0,0.5091041922569275,lime,attribution,5,30,0.0,0.53,0.5152161198168452,0.9333333333333332,0.6666666666666666,10,10,1.0,0.026338839903473854,25,False,False,29,0.7857142857142857,nan
tabular,2,2026-10-02T18:05:27,nodeGcal1,3.11.9,unknown,13153033,1195,0,0,0.5091041922569275,treeshap,attribution,5,30,0.05823317646119449,0.6,0.5342787396828714,0.6666666666666667,0.42857142857142855,10,10,1.0,0.0012584528885781765,25,False,False,26,0.8518518518518519,nan
tabular,2,2026-10-02T18:05:27,nodeGcal1,3.11.9,unknown,13153033,1195,0,0,0.5091041922569275,random,attribution,5,30,0.060483405962358884,0.61,0.31690839571810414,0.061111111111111116,0.0,10,10,0.1111111111111111,3.533577546477318e-05,25,False,False,30,0.8518518518518519,nan
tabular,2,2026-10-02T18:05:27,nodeGcal1,3.11.9,unknown,13153033,1256,0,0,0.6292383670806885,pyxai,set,27,30,0.30881157176541374,1.0,0.10000000000000009,0.9357142857142857,0.9285714285714286,10,10,1.0,0.05717980209738016,27,True,nan,27,1.0,nan
tabular,2,2026-10-02T18:05:27,nodeGcal1,3.11.9,unknown,13153033,1256,0,0,0.6292383670806885,anchors,set,4,30,0.2279188297135097,0.82,0.8666666666666667,0.43619047619047624,0.14285714285714285,10,10,1.0,1.0529641606844962,27,False,nan,nan,0.14814814814814814,0.9501466275659824
tabular,2,2026-10-02T18:05:27,nodeGcal1,3.11.9,unknown,13153033,1256,0,0,0.6292383670806885,lime,attribution,5,30,0.13987245080643237,0.78,0.5917959424807107,1.0,1.0,10,10,0.6666666666666666,0.05012668902054429,27,False,True,26,0.8,nan
tabular,2,2026-10-02T18:05:27,nodeGcal1,3.11.9,unknown,13153033,1256,0,0,0.6292383670806885,treeshap,attribution,5,30,0.09340895424665725,0.88,0.6512687437502099,0.8666666666666666,0.6666666666666666,10,10,1.0,0.0010224813595414162,27,False,True,20,0.8,nan
tabular,2,2026-10-02T18:05:27,nodeGcal1,3.11.9,unknown,13153033,1256,0,0,0.6292383670806885,random,attribution,5,30,0.08221822987651262,0.64,0.3719568852620211,0.06944444444444445,0.0,10,10,0.0,3.946293145418167e-05,27,False,False,29,0.8,nan
tabular,2,2026-10-02T18:05:27,nodeGcal1,3.11.9,unknown,13153033,1296,0,0,0.570831298828125,pyxai,set,25,30,0.23480405055466452,1.0,0.16666666666666652,0.9247863247863248,0.8518518518518519,10,10,1.0,0.058085756842046976,25,True,nan,25,1.0,nan
tabular,2,2026-10-02T18:05:27,nodeGcal1,3.11.9,unknown,13153033,1296,0,0,0.570831298828125,anchors,set,7,30,0.07626344894413259,0.69,0.7666666666666666,0.46893939393939393,0.2727272727272727,10,10,0.5555555555555556,1.623269584029913,25,False,nan,nan,0.28,0.9634146341463414
tabular,2,2026-10-02T18:05:27,nodeGcal1,3.11.9,unknown,13153033,1296,0,0,0.570831298828125,lime,attribution,5,30,0.08787778167602245,0.74,0.543414078159268,0.9333333333333332,0.6666666666666666,10,10,0.6666666666666666,0.05094614997506142,25,False,True,23,0.7857142857142857,nan
tabular,2,2026-10-02T18:05:27,nodeGcal1,3.11.9,unknown,13153033,1296,0,0,0.570831298828125,treeshap,attribution,5,30,0.1983293237102379,0.77,0.5848467328470056,0.9333333333333332,0.6666666666666666,10,10,1.0,0.0009180852212011814,25,False,True,25,0.9230769230769231,nan
tabular,2,2026-10-02T18:05:27,nodeGcal1,3.11.9,unknown,13153033,1296,0,0,0.570831298828125,random,attribution,5,30,0.10171818614675221,0.67,0.3087800472558382,0.13055555555555556,0.0,10,10,0.0,2.2922176867723465e-05,25,False,False,28,0.7241379310344828,nan
tabular,2,2026-10-02T18:05:27,nodeGcal1,3.11.9,unknown,13153033,1335,1,1,0.6158434152603149,pyxai,set,25,30,0.08243279367735894,1.0,0.16666666666666652,1.0,0.9230769230769231,10,10,1.0,0.05667720688506961,25,True,nan,25,1.0,nan
tabular,2,2026-10-02T18:05:27,nodeGcal1,3.11.9,unknown,13153033,1335,1,1,0.6158434152603149,anchors,set,3,30,0.43691005675688804,0.99,0.9,0.23000000000000004,0.2,10,10,0.5,0.33794192504137754,25,False,nan,nan,0.12,0.9704641350210971
tabular,2,2026-10-02T18:05:27,nodeGcal1,3.11.9,unknown,13153033,1335,1,1,0.6158434152603149,lime,attribution,5,30,0.3281015507148666,0.94,0.5470914240852782,1.0,0.6666666666666666,10,10,1.0,0.0506605189293623,25,False,False,27,0.7857142857142857,nan
tabular,2,2026-10-02T18:05:27,nodeGcal1,3.11.9,unknown,13153033,1335,1,1,0.6158434152603149,treeshap,attribution,5,30,0.07733413936205653,0.94,0.7466479704025153,0.8333333333333333,0.6666666666666666,10,10,1.0,0.001471910160034895,25,False,True,23,0.9230769230769231,nan
tabular,2,2026-10-02T18:05:27,nodeGcal1,3.11.9,unknown,13153033,1335,1,1,0.6158434152603149,random,attribution,5,30,0.0,0.25,0.3344902169797783,0.10119047619047619,0.0,10,10,0.0,2.5416724383831024e-05,25,False,False,27,0.7241379310344828,nan
tabular,2,2026-10-02T18:05:27,nodeGcal1,3.11.9,unknown,13153033,1337,1,1,0.6038906574249268,pyxai,set,27,30,0.0642714618534242,1.0,0.10000000000000009,0.9857142857142858,0.9285714285714286,10,10,1.0,0.059929616283625364,27,True,nan,27,1.0,nan
tabular,2,2026-10-02T18:05:27,nodeGcal1,3.11.9,unknown,13153033,1337,1,1,0.6038906574249268,anchors,set,5,30,0.06806799792017137,0.92,0.8333333333333333,0.16944444444444445,0.0,10,10,0.6666666666666666,1.1176203261129558,27,False,nan,nan,0.18518518518518517,0.9705014749262537
tabular,2,2026-10-02T18:05:27,nodeGcal1,3.11.9,unknown,13153033,1337,1,1,0.6038906574249268,lime,attribution,5,30,0.0,0.46,0.5534049277623161,0.9333333333333332,0.6666666666666666,10,10,1.0,0.042334476951509714,27,False,True,25,0.8620689655172413,nan
tabular,2,2026-10-02T18:05:27,nodeGcal1,3.11.9,unknown,13153033,1337,1,1,0.6038906574249268,treeshap,attribution,5,30,0.06806799792017137,0.8,0.5264937593905734,0.8666666666666666,0.6666666666666666,10,10,1.0,0.0011798660270869732,27,False,True,24,0.9285714285714286,nan
tabular,2,2026-10-02T18:05:27,nodeGcal1,3.11.9,unknown,13153033,1337,1,1,0.6038906574249268,random,attribution,5,30,0.032437509401275454,0.59,0.28778504852857,0.04444444444444444,0.0,10,10,0.1111111111111111,4.874309524893761e-05,27,False,False,28,0.8620689655172413,nan
tabular,2,2026-10-02T18:05:27,nodeGcal1,3.11.9,unknown,13153033,1343,0,0,0.599210262298584,pyxai,set,26,30,0.2741741834343306,1.0,0.13333333333333341,1.0,0.9259259259259259,10,10,1.0,0.055130170192569494,26,True,nan,26,1.0,nan
tabular,2,2026-10-02T18:05:27,nodeGcal1,3.11.9,unknown,13153033,1343,0,0,0.599210262298584,anchors,set,5,30,0.20475665169281454,0.84,0.8333333333333333,0.48531746031746026,0.1111111111111111,10,10,0.42857142857142855,1.8113650102168322,26,False,nan,nan,0.19230769230769232,0.9645776566757494
tabular,2,2026-10-02T18:05:27,nodeGcal1,3.11.9,unknown,13153033,1343,0,0,0.599210262298584,lime,attribution,5,30,0.03696319933791435,0.67,0.5794101072524773,0.7,0.6666666666666666,10,10,1.0,0.04511704109609127,26,False,True,26,0.7333333333333333,nan
tabular,2,2026-10-02T18:05:27,nodeGcal1,3.11.9,unknown,13153033,1343,0,0,0.599210262298584,treeshap,attribution,5,30,0.12838314228077366,0.77,0.5576382925812868,0.5571428571428572,0.42857142857142855,10,10,1.0,0.0011400021612644196,26,False,True,24,0.8571428571428571,nan
tabular,2,2026-10-02T18:05:27,nodeGcal1,3.11.9,unknown,13153033,1343,0,0,0.599210262298584,random,attribution,5,30,0.01072407660139977,0.55,0.26915049099141997,0.08055555555555556,0.0,10,10,0.0,3.623915836215019e-05,26,False,False,27,0.7931034482758621,nan
tabular,2,2026-10-02T18:05:27,nodeGcal1,3.11.9,unknown,13153033,1355,0,0,0.5242223739624023,pyxai,set,27,30,0.17034773880408305,1.0,0.10000000000000009,0.9357142857142857,0.9285714285714286,10,10,1.0,0.05580882495269179,27,True,nan,27,1.0,nan
tabular,2,2026-10-02T18:05:27,nodeGcal1,3.11.9,unknown,13153033,1355,0,0,0.5242223739624023,anchors,set,7,30,0.12810085557781065,0.88,0.7666666666666666,0.49722222222222223,0.2727272727272727,10,10,1.0,1.790871071163565,27,False,nan,nan,0.21428571428571427,0.9583333333333334
tabular,2,2026-10-02T18:05:27,nodeGcal1,3.11.9,unknown,13153033,1355,0,0,0.5242223739624023,lime,attribution,5,30,0.0,0.42,0.5873199606203416,0.9333333333333332,0.6666666666666666,10,10,1.0,0.05547463707625866,27,False,False,29,0.8620689655172413,nan
tabular,2,2026-10-02T18:05:27,nodeGcal1,3.11.9,unknown,13153033,1355,0,0,0.5242223739624023,treeshap,attribution,5,30,0.12810085557781065,0.57,0.5497329818627039,0.8,0.42857142857142855,10,10,1.0,0.0015050382353365421,27,False,True,27,0.9285714285714286,nan
tabular,2,2026-10-02T18:05:27,nodeGcal1,3.11.9,unknown,13153033,1355,0,0,0.5242223739624023,random,attribution,5,30,0.0,0.38,0.39239479729563687,0.17619047619047618,0.0,10,10,0.1111111111111111,3.764079883694649e-05,27,False,False,30,0.8620689655172413,nan
tabular,2,2026-10-02T18:05:27,nodeGcal1,3.11.9,unknown,13153033,1588,1,1,0.7587034106254578,pyxai,set,25,30,0.2606130082722579,1.0,0.16666666666666652,0.976923076923077,0.7857142857142857,10,10,1.0,0.059178346768021584,25,True,nan,25,1.0,nan
tabular,2,2026-10-02T18:05:27,nodeGcal1,3.11.9,unknown,13153033,1588,1,1,0.7587034106254578,anchors,set,2,30,0.25565721112008544,0.99,0.9333333333333333,0.4,0.3333333333333333,10,10,1.0,0.2946330588310957,25,False,nan,nan,0.08,0.9665071770334929
tabular,2,2026-10-02T18:05:27,nodeGcal1,3.11.9,unknown,13153033,1588,1,1,0.7587034106254578,lime,attribution,5,30,0.2527458904443743,1.0,0.5612071531687468,0.8666666666666666,0.6666666666666666,10,10,1.0,0.048055920749902725,25,False,True,25,0.7241379310344828,nan
tabular,2,2026-10-02T18:05:27,nodeGcal1,3.11.9,unknown,13153033,1588,1,1,0.7587034106254578,treeshap,attribution,5,30,0.23623751279663627,1.0,0.751418394203623,0.9333333333333332,0.42857142857142855,10,10,1.0,0.0009240927174687386,25,False,True,23,0.8518518518518519,nan
tabular,2,2026-10-02T18:05:27,nodeGcal1,3.11.9,unknown,13153033,1588,1,1,0.7587034106254578,random,attribution,5,30,0.0,0.57,0.39703250866534423,0.05555555555555556,0.0,10,10,0.25,4.090694710612297e-05,25,False,True,25,0.6666666666666666,nan
tabular,2,2026-10-02T18:05:27,nodeGcal1,3.11.9,unknown,13153033,1610,1,1,0.5023037791252136,pyxai,set,25,30,0.0,1.0,0.16666666666666652,0.9914529914529915,0.9230769230769231,9,10,1.0,0.05227833101525903,25,True,nan,25,1.0,nan
tabular,2,2026-10-02T18:05:27,nodeGcal1,3.11.9,unknown,13153033,1610,1,1,0.5023037791252136,anchors,set,8,30,0.1675980885362607,0.92,0.7333333333333334,0.3931623931623932,0.23076923076923078,10,10,0.6,2.39507718058303,25,False,nan,nan,0.32,0.9595375722543352
tabular,2,2026-10-02T18:05:27,nodeGcal1,3.11.9,unknown,13153033,1610,1,1,0.5023037791252136,lime,attribution,5,30,0.0,0.5,0.5113141868219993,0.7333333333333334,0.6666666666666666,10,10,0.6666666666666666,0.04773605614900589,25,False,False,27,0.7857142857142857,nan
tabular,2,2026-10-02T18:05:27,nodeGcal1,3.11.9,unknown,13153033,1610,1,1,0.5023037791252136,treeshap,attribution,5,30,0.056556704855042425,0.59,0.4980867490891234,1.0,1.0,10,10,1.0,0.0008884631097316742,25,False,False,27,0.8518518518518519,nan
tabular,2,2026-10-02T18:05:27,nodeGcal1,3.11.9,unknown,13153033,1610,1,1,0.5023037791252136,random,attribution,5,30,0.061370606979090116,0.59,0.36807918632139913,0.09444444444444444,0.0,10,10,0.1111111111111111,3.631226718425751e-05,25,False,False,30,0.6666666666666666,nan
tabular,2,2026-10-02T18:05:27,nodeGcal1,3.11.9,unknown,13153033,1620,1,1,0.5851902961730957,pyxai,set,26,30,0.037574262589092695,1.0,0.13333333333333341,0.9777777777777779,0.9259259259259259,10,10,1.0,0.055789252277463675,26,True,nan,26,1.0,nan
tabular,2,2026-10-02T18:05:27,nodeGcal1,3.11.9,unknown,13153033,1620,1,1,0.5851902961730957,anchors,set,7,30,0.07773666451276978,0.91,0.7666666666666666,0.1984848484848485,0.16666666666666666,10,10,0.5555555555555556,1.7575169950723648,26,False,nan,nan,0.2692307692307692,0.9818181818181818
tabular,2,2026-10-02T18:05:27,nodeGcal1,3.11.9,unknown,13153033,1620,1,1,0.5851902961730957,lime,attribution,5,30,0.0,0.43,0.5767815779372629,0.7333333333333333,0.6666666666666666,10,10,0.6666666666666666,0.025221063289791346,26,False,False,28,0.7931034482758621,nan
tabular,2,2026-10-02T18:05:27,nodeGcal1,3.11.9,unknown,13153033,1620,1,1,0.5851902961730957,treeshap,attribution,5,30,0.0,0.49,0.4784175473298533,0.8666666666666666,0.6666666666666666,10,10,1.0,0.0008854120969772339,26,False,True,25,0.8571428571428571,nan
tabular,2,2026-10-02T18:05:27,nodeGcal1,3.11.9,unknown,13153033,1620,1,1,0.5851902961730957,random,attribution,5,30,0.055979488002685714,0.5,0.33022930454420363,0.1261904761904762,0.0,10,10,0.1111111111111111,2.2549182176589966e-05,26,False,False,30,0.7931034482758621,nan
tabular,2,2026-10-02T18:05:27,nodeGcal1,3.11.9,unknown,13153033,1719,1,1,0.5446006059646606,pyxai,set,25,30,0.02501805320458336,1.0,0.16666666666666652,0.8589743589743589,0.8518518518518519,10,10,1.0,0.055514798033982515,25,True,nan,25,1.0,nan
tabular,2,2026-10-02T18:05:27,nodeGcal1,3.11.9,unknown,13153033,1719,1,1,0.5446006059646606,anchors,set,4,30,0.1699828234620957,0.91,0.8666666666666667,0.5466666666666666,0.3333333333333333,10,10,0.3333333333333333,0.4645949746482074,25,False,nan,nan,0.16,0.9502762430939227
tabular,2,2026-10-02T18:05:27,nodeGcal1,3.11.9,unknown,13153033,1719,1,1,0.5446006059646606,lime,attribution,5,30,0.0,0.36,0.6085060756317429,0.8333333333333333,0.6666666666666666,10,10,0.6666666666666666,0.047864941880106926,25,False,False,28,0.7857142857142857,nan
tabular,2,2026-10-02T18:05:27,nodeGcal1,3.11.9,unknown,13153033,1719,1,1,0.5446006059646606,treeshap,attribution,5,30,0.0,0.49,0.6403387751059317,1.0,0.6666666666666666,10,10,1.0,0.0008626487106084824,25,False,True,22,0.8518518518518519,nan
tabular,2,2026-10-02T18:05:27,nodeGcal1,3.11.9,unknown,13153033,1719,1,1,0.5446006059646606,random,attribution,5,30,0.05730948478923116,0.61,0.3172351613607256,0.08333333333333333,0.0,10,10,0.25,2.4567823857069016e-05,25,False,False,30,0.7857142857142857,nan
tabular,2,2026-10-02T18:05:27,nodeGcal1,3.11.9,unknown,13153033,1740,1,1,0.5730192065238953,pyxai,set,29,30,0.013859019664400691,1.0,0.033333333333333326,0.9333333333333333,0.9333333333333333,10,10,1.0,0.053428192157298326,29,True,nan,29,1.0,nan
tabular,2,2026-10-02T18:05:27,nodeGcal1,3.11.9,unknown,13153033,1740,1,1,0.5730192065238953,anchors,set,3,30,0.22651211031128912,0.83,0.9,0.75,0.5,10,10,1.0,0.46268271934241056,29,False,nan,nan,0.10344827586206896,0.989010989010989
tabular,2,2026-10-02T18:05:27,nodeGcal1,3.11.9,unknown,13153033,1740,1,1,0.5730192065238953,lime,attribution,5,30,0.058410281945484484,0.93,0.5517492869978972,1.0,1.0,10,10,1.0,0.046142101753503084,29,False,True,26,0.9333333333333333,nan
tabular,2,2026-10-02T18:05:27,nodeGcal1,3.11.9,unknown,13153033,1740,1,1,0.5730192065238953,treeshap,attribution,5,30,0.0910607783689616,0.68,0.6963611487398169,0.8,0.6666666666666666,10,10,1.0,0.0008739079348742962,29,False,True,25,0.9333333333333333,nan
tabular,2,2026-10-02T18:05:27,nodeGcal1,3.11.9,unknown,13153033,1740,1,1,0.5730192065238953,random,attribution,5,30,0.04419104593491745,0.44,0.3963143434446148,0.09444444444444444,0.0,10,10,0.0,3.591971471905708e-05,29,False,True,24,0.9333333333333333,nan
tabular,2,2026-10-02T18:05:27,nodeGcal1,3.11.9,unknown,13153033,1751,1,1,0.7276285886764526,pyxai,set,26,30,0.31884512428423584,1.0,0.13333333333333341,0.91317277869002,0.9259259259259259,10,10,1.0,0.058300888165831566,26,True,nan,26,1.0,nan
tabular,2,2026-10-02T18:05:27,nodeGcal1,3.11.9,unknown,13153033,1751,1,1,0.7276285886764526,anchors,set,2,30,0.3281626123830256,1.0,0.9333333333333333,0.33333333333333337,0.3333333333333333,10,10,1.0,0.2965664309449494,26,False,nan,nan,0.07692307692307693,0.9921259842519685
tabular,2,2026-10-02T18:05:27,nodeGcal1,3.11.9,unknown,13153033,1751,1,1,0.7276285886764526,lime,attribution,5,30,0.22110914348148553,0.98,0.5553946831122456,0.6666666666666667,0.6666666666666666,10,10,1.0,0.04723438387736678,26,False,True,26,0.7931034482758621,nan
tabular,2,2026-10-02T18:05:27,nodeGcal1,3.11.9,unknown,13153033,1751,1,1,0.7276285886764526,treeshap,attribution,5,30,0.20270042011595743,0.99,0.7741796295020011,0.8666666666666666,0.6666666666666666,10,10,1.0,0.000893548596650362,26,False,True,21,0.9259259259259259,nan
tabular,2,2026-10-02T18:05:27,nodeGcal1,3.11.9,unknown,13153033,1751,1,1,0.7276285886764526,random,attribution,5,30,0.0,0.53,0.3003653248980399,0.11388888888888889,0.0,10,10,0.1111111111111111,3.884127363562584e-05,26,False,False,27,0.7333333333333333,nan
tabular,2,2026-10-02T18:05:27,nodeGcal1,3.11.9,unknown,13153033,1930,0,0,0.5116733312606812,pyxai,set,25,30,0.1500001048406806,1.0,0.16666666666666652,0.976923076923077,0.9230769230769231,10,10,1.0,0.05480331089347601,25,True,nan,25,1.0,nan
tabular,2,2026-10-02T18:05:27,nodeGcal1,3.11.9,unknown,13153033,1930,0,0,0.5116733312606812,anchors,set,7,30,0.10710558877710802,0.78,0.7666666666666666,0.31585858585858584,0.16666666666666666,10,10,0.5555555555555556,1.5403516991063952,25,False,nan,nan,0.28,0.9592668024439919
tabular,2,2026-10-02T18:05:27,nodeGcal1,3.11.9,unknown,13153033,1930,0,0,0.5116733312606812,lime,attribution,5,30,0.05820626448694349,0.62,0.5707606785228183,0.7333333333333334,0.6666666666666666,10,10,1.0,0.043092492036521435,25,False,False,30,0.7241379310344828,nan
tabular,2,2026-10-02T18:05:27,nodeGcal1,3.11.9,unknown,13153033,1930,0,0,0.5116733312606812,treeshap,attribution,5,30,0.026986690126127998,0.46,0.5280088212772662,0.7333333333333334,0.6666666666666666,10,10,1.0,0.000921138096600771,25,False,False,29,0.8518518518518519,nan
tabular,2,2026-10-02T18:05:27,nodeGcal1,3.11.9,unknown,13153033,1930,0,0,0.5116733312606812,random,attribution,5,30,0.005352466213925778,0.6,0.2632162821255951,0.08055555555555556,0.0,10,10,0.1111111111111111,3.540283069014549e-05,25,False,False,30,0.7857142857142857,nan
tabular,2,2026-10-02T18:05:27,nodeGcal1,3.11.9,unknown,13153033,2425,0,0,0.6741032600402832,pyxai,set,25,30,0.35481356683928733,1.0,0.16666666666666652,0.8962962962962961,0.8518518518518519,10,10,1.0,0.057750157080590725,25,True,nan,25,1.0,nan
tabular,2,2026-10-02T18:05:27,nodeGcal1,3.11.9,unknown,13153033,2425,0,0,0.6741032600402832,anchors,set,5,30,0.24373221418734,0.86,0.8333333333333333,0.5119047619047619,0.25,10,10,0.42857142857142855,1.1828457172960043,25,False,nan,nan,0.2,0.9763513513513513
tabular,2,2026-10-02T18:05:27,nodeGcal1,3.11.9,unknown,13153033,2425,0,0,0.6741032600402832,lime,attribution,5,30,0.13776634950770922,0.71,0.5721731398510346,0.9666666666666666,0.6666666666666666,10,10,0.6666666666666666,0.04974324768409133,25,False,True,22,0.7857142857142857,nan
tabular,2,2026-10-02T18:05:27,nodeGcal1,3.11.9,unknown,13153033,2425,0,0,0.6741032600402832,treeshap,attribution,5,30,0.23764657490254276,0.87,0.5890629784040997,0.9,0.6666666666666666,10,10,1.0,0.0008935439400374889,25,False,True,20,0.9230769230769231,nan
tabular,2,2026-10-02T18:05:27,nodeGcal1,3.11.9,unknown,13153033,2425,0,0,0.6741032600402832,random,attribution,5,30,0.13776634950770922,0.84,0.27150048928242965,0.10555555555555556,0.0,10,10,0.0,3.715278580784798e-05,25,False,True,23,0.6666666666666666,nan
tabular,2,2026-10-02T18:05:27,nodeGcal1,3.11.9,unknown,13153033,2427,0,0,0.6183295249938965,pyxai,set,26,30,0.29358411652069705,1.0,0.13333333333333341,0.962962962962963,0.9259259259259259,10,10,1.0,0.05916213244199753,26,True,nan,26,1.0,nan
tabular,2,2026-10-02T18:05:27,nodeGcal1,3.11.9,unknown,13153033,2427,0,0,0.6183295249938965,anchors,set,6,30,0.14068453673121104,0.9,0.8,0.3571861471861472,0.2,10,10,0.7142857142857143,1.1864742687903345,26,False,nan,nan,0.23076923076923078,0.9686486486486486
tabular,2,2026-10-02T18:05:27,nodeGcal1,3.11.9,unknown,13153033,2427,0,0,0.6183295249938965,lime,attribution,5,30,0.14068453673121104,0.82,0.5651016814906343,0.7333333333333334,0.6666666666666666,10,10,1.0,0.05079422192648053,26,False,True,26,0.7333333333333333,nan
tabular,2,2026-10-02T18:05:27,nodeGcal1,3.11.9,unknown,13153033,2427,0,0,0.6183295249938965,treeshap,attribution,5,30,0.25789649125377584,0.78,0.5636125187907811,1.0,1.0,10,10,1.0,0.0012615369632840157,26,False,True,20,0.8571428571428571,nan
tabular,2,2026-10-02T18:05:27,nodeGcal1,3.11.9,unknown,13153033,2427,0,0,0.6183295249938965,random,attribution,5,30,0.0,0.5,0.3577532777529029,0.08055555555555556,0.0,10,10,0.1111111111111111,3.529805690050125e-05,26,False,False,29,0.7333333333333333,nan
tabular,2,2026-10-02T18:05:27,nodeGcal1,3.11.9,unknown,13153033,2623,0,0,0.5610425472259521,pyxai,set,26,30,0.22479626531383237,1.0,0.13333333333333341,0.9777777777777779,0.9259259259259259,10,10,1.0,0.05605893628671765,26,True,nan,26,1.0,nan
tabular,2,2026-10-02T18:05:27,nodeGcal1,3.11.9,unknown,13153033,2623,0,0,0.5610425472259521,anchors,set,5,30,0.12354425898878242,0.86,0.8333333333333333,0.6238095238095238,0.42857142857142855,10,10,0.42857142857142855,1.6028350931592286,26,False,nan,nan,0.19230769230769232,0.9513888888888888
tabular,2,2026-10-02T18:05:27,nodeGcal1,3.11.9,unknown,13153033,2623,0,0,0.5610425472259521,lime,attribution,5,30,0.05637895565283278,0.77,0.5184924664695734,1.0,1.0,10,10,1.0,0.041842763777822256,26,False,False,27,0.7333333333333333,nan
tabular,2,2026-10-02T18:05:27,nodeGcal1,3.11.9,unknown,13153033,2623,0,0,0.5610425472259521,treeshap,attribution,5,30,0.1591538992080089,0.72,0.5425341855201892,0.9,0.6666666666666666,10,10,1.0,0.0009050918743014336,26,False,True,25,0.8571428571428571,nan
tabular,2,2026-10-02T18:05:27,nodeGcal1,3.11.9,unknown,13153033,2623,0,0,0.5610425472259521,random,attribution,5,30,0.102343719124267,0.54,0.32106384275073585,0.12777777777777777,0.0,10,10,0.0,2.8057023882865906e-05,26,False,False,28,0.7931034482758621,nan
tabular,2,2026-10-02T18:05:27,nodeGcal1,3.11.9,unknown,13153033,2662,0,0,0.518208384513855,pyxai,set,26,30,0.16071933429751278,1.0,0.13333333333333341,0.9481481481481481,0.9259259259259259,10,10,1.0,0.05523284804075956,26,True,nan,26,1.0,nan
tabular,2,2026-10-02T18:05:27,nodeGcal1,3.11.9,unknown,13153033,2662,0,0,0.518208384513855,anchors,set,5,30,0.17627414656432286,0.92,0.8333333333333333,0.46825396825396826,0.1111111111111111,10,10,0.6666666666666666,1.081277193967253,26,False,nan,nan,0.19230769230769232,0.961456102783726
tabular,2,2026-10-02T18:05:27,nodeGcal1,3.11.9,unknown,13153033,2662,0,0,0.518208384513855,lime,attribution,5,30,0.12561366371240063,0.69,0.5265764668584283,0.8999999999999998,0.6666666666666666,10,10,0.6666666666666666,0.04774963203817606,26,False,False,28,0.7333333333333333,nan
tabular,2,2026-10-02T18:05:27,nodeGcal1,3.11.9,unknown,13153033,2662,0,0,0.518208384513855,treeshap,attribution,5,30,0.09039032704270278,0.63,0.5482992890252449,0.6666666666666667,0.6666666666666666,10,10,1.0,0.0008681849576532841,26,False,True,26,0.9259259259259259,nan
tabular,2,2026-10-02T18:05:27,nodeGcal1,3.11.9,unknown,13153033,2662,0,0,0.518208384513855,random,attribution,5,30,0.0,0.62,0.32387525023744823,0.16904761904761906,0.0,10,10,0.0,3.832392394542694e-05,26,False,False,28,0.7333333333333333,nan
tabular,2,2026-10-02T18:05:27,nodeGcal1,3.11.9,unknown,13153033,2669,1,1,0.552385687828064,pyxai,set,25,30,0.0,1.0,0.16666666666666652,0.880850630850631,0.8518518518518519,10,10,1.0,0.053845345973968506,25,True,nan,25,1.0,nan
tabular,2,2026-10-02T18:05:27,nodeGcal1,3.11.9,unknown,13153033,2669,1,1,0.552385687828064,anchors,set,4,30,0.048087109632873784,0.9,0.8666666666666667,0.28380952380952384,0.14285714285714285,10,10,0.6,0.7150321318767965,25,False,nan,nan,0.11538461538461539,0.9644970414201184
tabular,2,2026-10-02T18:05:27,nodeGcal1,3.11.9,unknown,13153033,2669,1,1,0.552385687828064,lime,attribution,5,30,0.048087109632873784,0.84,0.5705343007434136,0.8999999999999998,0.6666666666666666,10,10,1.0,0.046083634719252586,25,False,False,30,0.7857142857142857,nan
tabular,2,2026-10-02T18:05:27,nodeGcal1,3.11.9,unknown,13153033,2669,1,1,0.552385687828064,treeshap,attribution,5,30,0.0,0.54,0.5346453743503408,0.6857142857142857,0.42857142857142855,10,10,1.0,0.0011512236669659615,25,False,False,28,0.8518518518518519,nan
tabular,2,2026-10-02T18:05:27,nodeGcal1,3.11.9,unknown,13153033,2669,1,1,0.552385687828064,random,attribution,5,30,0.0,0.55,0.2630021425545701,0.14444444444444443,0.0,10,10,0.0,2.5031156837940216e-05,25,False,False,30,0.6666666666666666,nan
tabular,2,2026-10-02T18:05:27,nodeGcal1,3.11.9,unknown,13153033,2794,1,1,0.6789398789405823,pyxai,set,27,30,0.17046822584803895,1.0,0.10000000000000009,0.9790640394088669,0.9285714285714286,10,10,1.0,0.05800939863547683,27,True,nan,27,1.0,nan
tabular,2,2026-10-02T18:05:27,nodeGcal1,3.11.9,unknown,13153033,2794,1,1,0.6789398789405823,anchors,set,2,30,0.2253599223438095,0.98,0.9333333333333333,0.33333333333333337,0.3333333333333333,10,10,1.0,0.35367491422221065,27,False,nan,nan,0.07407407407407407,0.9638157894736842
tabular,2,2026-10-02T18:05:27,nodeGcal1,3.11.9,unknown,13153033,2794,1,1,0.6789398789405823,lime,attribution,5,30,0.20540991215569235,0.91,0.5426052312106746,0.9666666666666666,0.6666666666666666,10,10,1.0,0.049140912014991045,27,False,True,27,0.8,nan
tabular,2,2026-10-02T18:05:27,nodeGcal1,3.11.9,unknown,13153033,2794,1,1,0.6789398789405823,treeshap,attribution,5,30,0.194497082318143,0.99,0.7242185603888087,0.8333333333333333,0.6666666666666666,10,10,1.0,0.0009364401921629906,27,False,True,22,0.8,nan
tabular,2,2026-10-02T18:05:27,nodeGcal1,3.11.9,unknown,13153033,2794,1,1,0.6789398789405823,random,attribution,5,30,0.0197290408570274,0.63,0.2951743974167296,0.09444444444444444,0.0,10,10,0.25,4.271604120731354e-05,27,False,True,27,0.8,nan
tabular,2,2026-10-02T18:05:27,nodeGcal1,3.11.9,unknown,13153033,2825,0,0,0.5700182914733887,pyxai,set,26,30,0.23371266463947668,1.0,0.13333333333333341,0.8846560846560847,0.8571428571428571,10,10,1.0,0.0574365402571857,26,True,nan,26,1.0,nan
tabular,2,2026-10-02T18:05:27,nodeGcal1,3.11.9,unknown,13153033,2825,0,0,0.5700182914733887,anchors,set,5,30,0.2227359327095611,0.93,0.8333333333333333,0.498015873015873,0.1111111111111111,10,10,0.42857142857142855,1.5559894861653447,26,False,nan,nan,0.19230769230769232,0.9578313253012049
tabular,2,2026-10-02T18:05:27,nodeGcal1,3.11.9,unknown,13153033,2825,0,0,0.5700182914733887,lime,attribution,5,30,0.0737638184228908,0.33,0.564257368495592,0.7095238095238096,0.42857142857142855,10,10,0.6666666666666666,0.05688294908031821,26,False,False,30,0.8571428571428571,nan
tabular,2,2026-10-02T18:05:27,nodeGcal1,3.11.9,unknown,13153033,2825,0,0,0.5700182914733887,treeshap,attribution,5,30,0.0,0.29,0.5406576498448898,0.5904761904761905,0.42857142857142855,10,10,1.0,0.001319927629083395,26,False,True,23,0.8571428571428571,nan
tabular,2,2026-10-02T18:05:27,nodeGcal1,3.11.9,unknown,13153033,2825,0,0,0.5700182914733887,random,attribution,5,30,0.030959122982395237,0.42,0.33496481589643634,0.13174603174603175,0.0,10,10,0.0,2.5049783289432526e-05,26,False,False,27,0.7333333333333333,nan
tabular,2,2026-10-02T18:05:27,nodeGcal1,3.11.9,unknown,13153033,2827,1,1,0.7161816358566284,pyxai,set,26,30,0.2109854626519304,1.0,0.13333333333333341,0.8920087575259987,0.8571428571428571,10,10,1.0,0.0588735630735755,26,True,nan,26,1.0,nan
tabular,2,2026-10-02T18:05:27,nodeGcal1,3.11.9,unknown,13153033,2827,1,1,0.7161816358566284,anchors,set,2,30,0.20443369391655836,0.97,0.9333333333333333,0.5333333333333332,0.3333333333333333,10,10,0.3333333333333333,0.3002865519374609,26,False,nan,nan,0.07692307692307693,0.9769736842105263
tabular,2,2026-10-02T18:05:27,nodeGcal1,3.11.9,unknown,13153033,2827,1,1,0.7161816358566284,lime,attribution,5,30,0.20472057255216455,0.9,0.5534404442111702,0.9333333333333332,0.6666666666666666,10,10,1.0,0.0435821027494967,26,False,True,26,0.7931034482758621,nan
tabular,2,2026-10-02T18:05:27,nodeGcal1,3.11.9,unknown,13153033,2827,1,1,0.7161816358566284,treeshap,attribution,5,30,0.20443369391655836,1.0,0.6708943842573639,0.6285714285714287,0.42857142857142855,10,10,1.0,0.0009041260927915573,26,False,True,19,0.9259259259259259,nan
tabular,2,2026-10-02T18:05:27,nodeGcal1,3.11.9,unknown,13153033,2827,1,1,0.7161816358566284,random,attribution,5,30,0.0,0.52,0.37814408552516976,0.12222222222222223,0.0,10,10,0.25,4.0736980736255646e-05,26,False,False,27,0.7931034482758621,nan
tabular,2,2026-10-02T18:05:27,nodeGcal1,3.11.9,unknown,13153033,2876,0,0,0.6088608503341675,pyxai,set,24,30,0.310979550640774,1.0,0.20000000000000018,0.9212307692307693,0.7777777777777778,10,10,1.0,0.05597932171076536,24,True,nan,24,1.0,nan
tabular,2,2026-10-02T18:05:27,nodeGcal1,3.11.9,unknown,13153033,2876,0,0,0.6088608503341675,anchors,set,5,30,0.20965199182769637,0.87,0.8333333333333333,0.47619047619047616,0.25,10,10,0.42857142857142855,1.131808198057115,24,False,nan,nan,0.20833333333333334,0.9610655737704918
tabular,2,2026-10-02T18:05:27,nodeGcal1,3.11.9,unknown,13153033,2876,0,0,0.6088608503341675,lime,attribution,5,30,0.12507011754294425,0.75,0.5774079679051471,1.0,0.6666666666666666,10,10,1.0,0.045714879874140024,24,False,False,25,0.7142857142857143,nan
tabular,2,2026-10-02T18:05:27,nodeGcal1,3.11.9,unknown,13153033,2876,0,0,0.6088608503341675,treeshap,attribution,5,30,0.26536589854713516,0.74,0.5825298154646324,0.7285714285714285,0.42857142857142855,10,10,1.0,0.0011746562086045742,24,False,False,25,0.7777777777777778,nan
tabular,2,2026-10-02T18:05:27,nodeGcal1,3.11.9,unknown,13153033,2876,0,0,0.6088608503341675,random,attribution,5,30,0.09904042979973549,0.69,0.28491979287518465,0.10555555555555556,0.0,10,10,0.0,2.4707987904548645e-05,24,False,False,28,0.6551724137931034,nan
tabular,2,2026-10-02T18:05:27,nodeGcal1,3.11.9,unknown,13153033,2885,0,0,0.6023387908935547,pyxai,set,25,30,0.27794409972799156,1.0,0.16666666666666652,0.9621082621082622,0.8518518518518519,10,10,1.0,0.05788075365126133,25,True,nan,25,1.0,nan
tabular,2,2026-10-02T18:05:27,nodeGcal1,3.11.9,unknown,13153033,2885,0,0,0.6023387908935547,anchors,set,6,30,0.171089739834515,0.83,0.8,0.4595238095238095,0.2,10,10,0.5,1.8699035299941897,25,False,nan,nan,0.24,0.9788135593220338
tabular,2,2026-10-02T18:05:27,nodeGcal1,3.11.9,unknown,13153033,2885,0,0,0.6023387908935547,lime,attribution,5,30,0.0,0.63,0.5579534904243437,0.6666666666666667,0.6666666666666666,10,10,1.0,0.02618378773331642,25,False,False,27,0.7241379310344828,nan
tabular,2,2026-10-02T18:05:27,nodeGcal1,3.11.9,unknown,13153033,2885,0,0,0.6023387908935547,treeshap,attribution,5,30,0.13134739185367908,0.73,0.5965763276579445,0.9666666666666666,0.6666666666666666,10,10,1.0,0.0011620349250733852,25,False,True,25,0.8518518518518519,nan
tabular,2,2026-10-02T18:05:27,nodeGcal1,3.11.9,unknown,13153033,2885,0,0,0.6023387908935547,random,attribution,5,30,0.12737314716006068,0.41,0.2853477734693536,0.14444444444444443,0.0,10,10,0.1111111111111111,3.7594232708215714e-05,25,False,False,30,0.7241379310344828,nan
tabular,2,2026-10-02T18:05:27,nodeGcal1,3.11.9,unknown,13153033,2953,0,0,0.623650074005127,pyxai,set,28,30,0.3026180929727217,1.0,0.06666666666666687,1.0,0.9310344827586207,10,10,1.0,0.05747258896008134,28,True,nan,28,1.0,nan
tabular,2,2026-10-02T18:05:27,nodeGcal1,3.11.9,unknown,13153033,2953,0,0,0.623650074005127,anchors,set,6,30,0.24226511194757352,0.96,0.8,0.5042857142857142,0.2,10,10,0.7142857142857143,1.1698961779475212,28,False,nan,nan,0.21428571428571427,0.9846153846153847
tabular,2,2026-10-02T18:05:27,nodeGcal1,3.11.9,unknown,13153033,2953,0,0,0.623650074005127,lime,attribution,5,30,0.16823981239998195,0.87,0.5672020545317428,1.0,0.42857142857142855,10,10,0.6666666666666666,0.07729779928922653,28,False,True,26,0.8666666666666667,nan
tabular,2,2026-10-02T18:05:27,nodeGcal1,3.11.9,unknown,13153033,2953,0,0,0.623650074005127,treeshap,attribution,5,30,0.2292743306198003,0.83,0.6304623792980715,0.9333333333333332,0.6666666666666666,10,10,1.0,0.0010962472297251225,28,False,True,25,1.0,nan
tabular,2,2026-10-02T18:05:27,nodeGcal1,3.11.9,unknown,13153033,2953,0,0,0.623650074005127,random,attribution,5,30,0.0,0.53,0.2914261481344764,0.08333333333333333,0.0,10,10,0.1111111111111111,2.6409979909658432e-05,28,False,False,29,0.8666666666666667,nan
tabular,2,2026-10-02T18:05:27,nodeGcal1,3.11.9,unknown,13153033,3005,1,1,0.6040605306625366,pyxai,set,27,30,0.1795064637917346,1.0,0.10000000000000009,0.9428571428571428,0.9285714285714286,10,10,1.0,0.0550518948584795,27,True,nan,27,1.0,nan
tabular,2,2026-10-02T18:05:27,nodeGcal1,3.11.9,unknown,13153033,3005,1,1,0.6040605306625366,anchors,set,3,30,0.40196136861443155,0.97,0.9,0.2800000000000001,0.2,10,10,1.0,0.4527782159857452,27,False,nan,nan,0.1111111111111111,0.9731800766283525
tabular,2,2026-10-02T18:05:27,nodeGcal1,3.11.9,unknown,13153033,3005,1,1,0.6040605306625366,lime,attribution,5,30,0.13286566794816967,0.86,0.5279900495540659,1.0,1.0,10,10,0.6666666666666666,0.04214904084801674,27,False,True,24,0.8620689655172413,nan
tabular,2,2026-10-02T18:05:27,nodeGcal1,3.11.9,unknown,13153033,3005,1,1,0.6040605306625366,treeshap,attribution,5,30,0.13286566794816967,0.9,0.7034970250044297,1.0,1.0,10,10,1.0,0.0011139540001749992,27,False,True,27,0.9285714285714286,nan
tabular,2,2026-10-02T18:05:27,nodeGcal1,3.11.9,unknown,13153033,3005,1,1,0.6040605306625366,random,attribution,5,30,0.0,0.17,0.2716306174548143,0.1623015873015873,0.0,10,10,0.1111111111111111,3.8131605833768845e-05,27,False,True,26,0.8,nan
tabular,2,2026-10-02T18:05:27,nodeGcal1,3.11.9,unknown,13153033,3012,1,1,0.5996471643447876,pyxai,set,26,30,0.05764963853361841,1.0,0.13333333333333341,0.8984126984126984,0.8571428571428571,10,10,1.0,0.05675822542980313,26,True,nan,26,1.0,nan
tabular,2,2026-10-02T18:05:27,nodeGcal1,3.11.9,unknown,13153033,3012,1,1,0.5996471643447876,anchors,set,3,30,0.3673417385573749,0.99,0.9,0.47000000000000003,0.2,10,10,0.5,0.48252889793366194,26,False,nan,nan,0.11538461538461539,0.9852941176470589
tabular,2,2026-10-02T18:05:27,nodeGcal1,3.11.9,unknown,13153033,3012,1,1,0.5996471643447876,lime,attribution,5,30,0.2085960214345141,0.77,0.5129917448792131,1.0,0.6666666666666666,10,10,0.6666666666666666,0.04431515419855714,26,False,True,25,0.8571428571428571,nan
tabular,2,2026-10-02T18:05:27,nodeGcal1,3.11.9,unknown,13153033,3012,1,1,0.5996471643447876,treeshap,attribution,5,30,0.2783654940504413,0.94,0.657359494909401,0.5904761904761905,0.42857142857142855,10,10,1.0,0.0012309900484979153,26,False,True,21,0.8571428571428571,nan
tabular,2,2026-10-02T18:05:27,nodeGcal1,3.11.9,unknown,13153033,3012,1,1,0.5996471643447876,random,attribution,5,30,0.0,0.34,0.36075390063789003,0.10119047619047619,0.0,10,10,0.0,3.667687997221947e-05,26,False,False,29,0.7333333333333333,nan
tabular,2,2026-10-02T18:05:27,nodeGcal1,3.11.9,unknown,13153033,3435,0,0,0.5779894590377808,pyxai,set,28,30,0.24752558869941324,1.0,0.06666666666666687,1.0,0.9310344827586207,10,10,1.0,0.05555958719924092,28,True,nan,28,1.0,nan
tabular,2,2026-10-02T18:05:27,nodeGcal1,3.11.9,unknown,13153033,3435,0,0,0.5779894590377808,anchors,set,6,30,0.20737545650462502,0.96,0.8,0.5357142857142857,0.3333333333333333,10,10,0.5,1.1260088300332427,28,False,nan,nan,0.21428571428571427,0.9540229885057471
tabular,2,2026-10-02T18:05:27,nodeGcal1,3.11.9,unknown,13153033,3435,0,0,0.5779894590377808,lime,attribution,5,30,0.11216561236020754,0.81,0.5534176874634482,1.0,1.0,10,10,1.0,0.04089770978316665,28,False,True,27,0.8666666666666667,nan
tabular,2,2026-10-02T18:05:27,nodeGcal1,3.11.9,unknown,13153033,3435,0,0,0.5779894590377808,treeshap,attribution,5,30,0.16426339381012006,0.77,0.6252918953247422,0.7142857142857142,0.42857142857142855,10,10,1.0,0.000873614102602005,28,False,True,23,0.9310344827586207,nan
tabular,2,2026-10-02T18:05:27,nodeGcal1,3.11.9,unknown,13153033,3435,0,0,0.5779894590377808,random,attribution,5,30,0.031459451499393526,0.33,0.3369532842425138,0.08611111111111111,0.0,10,10,0.1111111111111111,2.3144762963056564e-05,28,False,False,30,0.8666666666666667,nan
tabular,2,2026-10-02T18:05:27,nodeGcal1,3.11.9,unknown,13153033,3444,0,0,0.5828452110290527,pyxai,set,27,30,0.2537945415052585,1.0,0.10000000000000009,0.95,0.9285714285714286,10,10,1.0,0.05530195962637663,27,True,nan,27,1.0,nan
tabular,2,2026-10-02T18:05:27,nodeGcal1,3.11.9,unknown,13153033,3444,0,0,0.5828452110290527,anchors,set,5,30,0.1704182227985421,0.72,0.8333333333333333,0.25277777777777777,0.0,10,10,0.42857142857142855,2.0226898873224854,27,False,nan,nan,0.18518518518518517,0.9563492063492064
tabular,2,2026-10-02T18:05:27,nodeGcal1,3.11.9,unknown,13153033,3444,0,0,0.5828452110290527,lime,attribution,5,30,0.07999717748698167,0.74,0.5701982313940481,0.7666666666666667,0.6666666666666666,10,10,1.0,0.05111640319228172,27,False,False,29,0.8,nan
tabular,2,2026-10-02T18:05:27,nodeGcal1,3.11.9,unknown,13153033,3444,0,0,0.5828452110290527,treeshap,attribution,5,30,0.08659899453086971,0.6,0.5981903839889051,0.6666666666666667,0.6666666666666666,10,10,1.0,0.0009651468135416508,27,False,True,26,0.9285714285714286,nan
tabular,2,2026-10-02T18:05:27,nodeGcal1,3.11.9,unknown,13153033,3444,0,0,0.5828452110290527,random,attribution,5,30,0.0,0.34,0.3742753578707211,0.08333333333333334,0.0,10,10,0.42857142857142855,2.5507062673568726e-05,27,False,False,29,0.8,nan
tabular,2,2026-10-02T18:05:27,nodeGcal1,3.11.9,unknown,13153033,3470,0,0,0.6317434310913086,pyxai,set,27,30,0.30858355436264306,1.0,0.10000000000000009,0.9571428571428571,0.9285714285714286,10,10,1.0,0.058340323623269796,27,True,nan,27,1.0,nan
tabular,2,2026-10-02T18:05:27,nodeGcal1,3.11.9,unknown,13153033,3470,0,0,0.6317434310913086,anchors,set,4,30,0.21921868088902843,0.84,0.8666666666666667,0.5676190476190477,0.14285714285714285,10,10,0.6,1.0563045968301594,27,False,nan,nan,0.14814814814814814,0.9528301886792453
tabular,2,2026-10-02T18:05:27,nodeGcal1,3.11.9,unknown,13153033,3470,0,0,0.6317434310913086,lime,attribution,5,30,0.07406412894324088,0.73,0.5392969589061853,0.8666666666666668,0.6666666666666666,10,10,0.6666666666666666,0.045275306794792414,27,False,True,24,0.8620689655172413,nan
tabular,2,2026-10-02T18:05:27,nodeGcal1,3.11.9,unknown,13153033,3470,0,0,0.6317434310913086,treeshap,attribution,5,30,0.26360613407283173,0.93,0.5215212379493681,0.8,0.42857142857142855,10,10,1.0,0.0008930661715567112,27,False,True,22,0.8620689655172413,nan
tabular,2,2026-10-02T18:05:27,nodeGcal1,3.11.9,unknown,13153033,3470,0,0,0.6317434310913086,random,attribution,5,30,0.02254829182209166,0.66,0.24474427782592578,0.13611111111111113,0.0,10,10,0.0,3.873417153954506e-05,27,False,True,27,0.8620689655172413,nan
tabular,2,2026-10-02T18:05:27,nodeGcal1,3.11.9,unknown,13153033,3544,1,1,0.594380795955658,pyxai,set,26,30,0.04930016932317361,1.0,0.13333333333333341,0.9777777777777776,0.9259259259259259,10,10,1.0,0.05963677214458585,26,True,nan,26,1.0,nan
tabular,2,2026-10-02T18:05:27,nodeGcal1,3.11.9,unknown,13153033,3544,1,1,0.594380795955658,anchors,set,2,30,0.11226211648451598,0.94,0.9333333333333333,0.6666666666666666,0.3333333333333333,10,10,1.0,0.35036808205768466,26,False,nan,nan,0.07692307692307693,0.9942857142857143
tabular,2,2026-10-02T18:05:27,nodeGcal1,3.11.9,unknown,13153033,3544,1,1,0.594380795955658,lime,attribution,5,30,0.0,0.88,0.5277492047791434,0.6428571428571429,0.42857142857142855,10,10,0.6666666666666666,0.04392244387418032,26,False,False,29,0.7333333333333333,nan
tabular,2,2026-10-02T18:05:27,nodeGcal1,3.11.9,unknown,13153033,3544,1,1,0.594380795955658,treeshap,attribution,5,30,0.06568254988565546,0.97,0.6862761547168594,0.8666666666666666,0.42857142857142855,10,10,1.0,0.0014189891517162323,26,False,False,29,0.8571428571428571,nan
tabular,2,2026-10-02T18:05:27,nodeGcal1,3.11.9,unknown,13153033,3544,1,1,0.594380795955658,random,attribution,5,30,0.04451218931303528,0.94,0.29218779089633384,0.09166666666666665,0.0,10,10,0.25,3.887061029672623e-05,26,False,False,28,0.7333333333333333,nan
tabular,2,2026-10-02T18:05:27,nodeGcal1,3.11.9,unknown,13153033,3597,0,0,0.7251117825508118,pyxai,set,25,30,0.3976131567696698,1.0,0.16666666666666652,0.9538461538461538,0.9230769230769231,10,10,1.0,0.0599333718419075,25,True,nan,25,1.0,nan
tabular,2,2026-10-02T18:05:27,nodeGcal1,3.11.9,unknown,13153033,3597,0,0,0.7251117825508118,anchors,set,4,30,0.2789747148398522,0.84,0.8666666666666667,0.700952380952381,0.14285714285714285,10,10,0.6,1.1440249122679234,25,False,nan,nan,0.16,0.9536878216123499
tabular,2,2026-10-02T18:05:27,nodeGcal1,3.11.9,unknown,13153033,3597,0,0,0.7251117825508118,lime,attribution,5,30,0.12055749781942281,0.85,0.5670691508870349,1.0,0.6666666666666666,10,10,0.6666666666666666,0.04836115101352334,25,False,True,24,0.7241379310344828,nan
tabular,2,2026-10-02T18:05:27,nodeGcal1,3.11.9,unknown,13153033,3597,0,0,0.7251117825508118,treeshap,attribution,5,30,0.3541875507640261,0.91,0.625311372847783,1.0,0.42857142857142855,10,10,1.0,0.0008753133006393909,25,False,True,18,0.8518518518518519,nan
tabular,2,2026-10-02T18:05:27,nodeGcal1,3.11.9,unknown,13153033,3597,0,0,0.7251117825508118,random,attribution,5,30,0.2100731610260184,0.8,0.28809928678158847,0.08055555555555556,0.0,10,10,0.25,2.2789929062128067e-05,25,False,False,27,0.7241379310344828,nan
tabular,2,2026-10-02T18:05:27,nodeGcal1,3.11.9,unknown,13153033,3620,1,1,0.6688428521156311,pyxai,set,26,30,0.17934252125930628,1.0,0.13333333333333341,0.9492063492063492,0.8571428571428571,10,10,1.0,0.0565556432120502,26,True,nan,26,1.0,nan
tabular,2,2026-10-02T18:05:27,nodeGcal1,3.11.9,unknown,13153033,3620,1,1,0.6688428521156311,anchors,set,2,30,0.18653498995350012,0.93,0.9333333333333333,0.5999999999999999,0.3333333333333333,10,10,1.0,0.4797888328321278,26,False,nan,nan,0.07692307692307693,0.950110864745011
tabular,2,2026-10-02T18:05:27,nodeGcal1,3.11.9,unknown,13153033,3620,1,1,0.6688428521156311,lime,attribution,5,30,0.18653498995350012,0.99,0.5382764764399692,0.8333333333333333,0.6666666666666666,10,10,1.0,0.04214304592460394,26,False,True,22,0.7931034482758621,nan
tabular,2,2026-10-02T18:05:27,nodeGcal1,3.11.9,unknown,13153033,3620,1,1,0.6688428521156311,treeshap,attribution,5,30,0.19278077866233395,1.0,0.6369727622486259,0.8,0.6666666666666666,10,10,1.0,0.0009078937582671642,26,False,True,23,0.9259259259259259,nan
tabular,2,2026-10-02T18:05:27,nodeGcal1,3.11.9,unknown,13153033,3620,1,1,0.6688428521156311,random,attribution,5,30,0.0,0.59,0.35254834762622156,0.07619047619047618,0.0,10,10,0.1111111111111111,3.9064325392246246e-05,26,False,False,29,0.7333333333333333,nan
tabular,2,2026-10-02T18:05:27,nodeGcal1,3.11.9,unknown,13153033,3693,1,1,0.6667992472648621,pyxai,set,29,30,0.15255194964528135,1.0,0.033333333333333326,1.0,1.0,10,10,1.0,0.05673247296363115,29,True,nan,29,1.0,nan
tabular,2,2026-10-02T18:05:27,nodeGcal1,3.11.9,unknown,13153033,3693,1,1,0.6667992472648621,anchors,set,5,30,0.1516543927859348,0.98,0.8333333333333333,0.16666666666666669,0.1111111111111111,10,10,0.6666666666666666,0.822919228579849,29,False,nan,nan,0.1724137931034483,0.96875
tabular,2,2026-10-02T18:05:27,nodeGcal1,3.11.9,unknown,13153033,3693,1,1,0.6667992472648621,lime,attribution,5,30,0.11711244310936723,0.71,0.52544000401544,0.9666666666666666,0.6666666666666666,10,10,0.42857142857142855,0.04901819163933396,29,False,False,30,0.9333333333333333,nan
tabular,2,2026-10-02T18:05:27,nodeGcal1,3.11.9,unknown,13153033,3693,1,1,0.6667992472648621,treeshap,attribution,5,30,0.13951989959806152,0.8,0.5634582895074555,0.8666666666666668,0.6666666666666666,10,10,1.0,0.0008756597526371479,29,False,True,24,0.9333333333333333,nan
tabular,2,2026-10-02T18:05:27,nodeGcal1,3.11.9,unknown,13153033,3693,1,1,0.6667992472648621,random,attribution,5,30,0.1354898773446226,0.77,0.3553136098220242,0.11944444444444446,0.0,10,10,0.1111111111111111,2.2807158529758453e-05,29,False,True,28,0.9333333333333333,nan
tabular,2,2026-10-02T18:05:27,nodeGcal1,3.11.9,unknown,13153033,3700,1,1,0.8541883826255798,pyxai,set,27,30,0.3384624123127482,1.0,0.10000000000000009,0.9785714285714286,0.9285714285714286,10,10,1.0,0.0621122270822525,27,True,nan,27,1.0,nan
tabular,2,2026-10-02T18:05:27,nodeGcal1,3.11.9,unknown,13153033,3700,1,1,0.8541883826255798,anchors,set,2,30,0.16249394752026441,0.99,0.9333333333333333,0.7999999999999999,0.3333333333333333,10,10,0.3333333333333333,0.32559673115611076,27,False,nan,nan,0.07407407407407407,0.9732142857142857
tabular,2,2026-10-02T18:05:27,nodeGcal1,3.11.9,unknown,13153033,3700,1,1,0.8541883826255798,lime,attribution,5,30,0.2400088117266581,1.0,0.5578372438625117,0.7333333333333333,0.6666666666666666,10,10,1.0,0.0409115026704967,27,False,True,22,0.8,nan
tabular,2,2026-10-02T18:05:27,nodeGcal1,3.11.9,unknown,13153033,3700,1,1,0.8541883826255798,treeshap,attribution,5,30,0.24845712792836572,1.0,0.7217413200798355,0.8999999999999998,0.6666666666666666,10,10,1.0,0.0010664318688213825,27,False,True,17,0.9285714285714286,nan
tabular,2,2026-10-02T18:05:27,nodeGcal1,3.11.9,unknown,13153033,3700,1,1,0.8541883826255798,random,attribution,5,30,0.0065000091061951926,0.54,0.290291954361902,0.09444444444444444,0.0,10,10,0.0,3.927992656826973e-05,27,False,True,19,0.8,nan
tabular,2,2026-10-02T18:05:27,nodeGcal1,3.11.9,unknown,13153033,3789,1,1,0.6419905424118042,pyxai,set,26,30,0.11980366572108664,1.0,0.13333333333333341,1.0,1.0,10,10,1.0,0.05685179913416505,26,True,nan,26,1.0,nan
tabular,2,2026-10-02T18:05:27,nodeGcal1,3.11.9,unknown,13153033,3789,1,1,0.6419905424118042,anchors,set,2,30,0.3081513152116451,0.94,0.9333333333333333,0.4666666666666666,0.3333333333333333,10,10,1.0,0.2936164918355644,26,False,nan,nan,0.07692307692307693,0.9647577092511013
tabular,2,2026-10-02T18:05:27,nodeGcal1,3.11.9,unknown,13153033,3789,1,1,0.6419905424118042,lime,attribution,5,30,0.3081513152116451,0.91,0.5118400690823206,0.7666666666666666,0.6666666666666666,10,10,0.6666666666666666,0.025484399870038033,26,False,False,28,0.7931034482758621,nan
tabular,2,2026-10-02T18:05:27,nodeGcal1,3.11.9,unknown,13153033,3789,1,1,0.6419905424118042,treeshap,attribution,5,30,0.2559158945647005,1.0,0.6720136290162225,1.0,0.6666666666666666,10,10,1.0,0.0015864409506320953,26,False,True,20,1.0,nan
tabular,2,2026-10-02T18:05:27,nodeGcal1,3.11.9,unknown,13153033,3789,1,1,0.6419905424118042,random,attribution,5,30,0.0,0.48,0.34770915540870795,0.06944444444444445,0.0,10,10,0.0,3.867410123348236e-05,26,False,False,29,0.7333333333333333,nan
tabular,2,2026-10-02T18:05:27,nodeGcal1,3.11.9,unknown,13153033,3920,0,0,0.5918478965759277,pyxai,set,27,30,0.2651451826667043,1.0,0.10000000000000009,0.9571428571428571,0.9285714285714286,10,10,1.0,0.056078465189784765,27,True,nan,27,1.0,nan
tabular,2,2026-10-02T18:05:27,nodeGcal1,3.11.9,unknown,13153033,3920,0,0,0.5918478965759277,anchors,set,2,30,0.1599267238427483,0.85,0.9333333333333333,0.06666666666666667,0.0,10,10,0.3333333333333333,0.9805141850374639,27,False,nan,nan,0.07407407407407407,0.9875
tabular,2,2026-10-02T18:05:27,nodeGcal1,3.11.9,unknown,13153033,3920,0,0,0.5918478965759277,lime,attribution,5,30,0.08824499776425139,0.8,0.6103325649420633,1.0,0.6666666666666666,10,10,1.0,0.052437685895711184,27,False,True,27,0.8620689655172413,nan
tabular,2,2026-10-02T18:05:27,nodeGcal1,3.11.9,unknown,13153033,3920,0,0,0.5918478965759277,treeshap,attribution,5,30,0.06167544181212461,0.77,0.6056137816696772,0.8333333333333333,0.6666666666666666,10,10,1.0,0.001573445275425911,27,False,True,24,0.9285714285714286,nan
tabular,2,2026-10-02T18:05:27,nodeGcal1,3.11.9,unknown,13153033,3920,0,0,0.5918478965759277,random,attribution,5,30,0.08824499776425139,0.77,0.3094174908523867,0.08333333333333333,0.0,10,10,0.1111111111111111,3.813300281763077e-05,27,False,False,29,0.8,nan
tabular,2,2026-10-02T18:05:27,nodeGcal1,3.11.9,unknown,13153033,4023,0,0,0.5965976715087891,pyxai,set,27,30,0.27099568319218387,1.0,0.10000000000000009,0.9714285714285715,0.9285714285714286,10,10,1.0,0.053875830955803394,27,True,nan,27,1.0,nan
tabular,2,2026-10-02T18:05:27,nodeGcal1,3.11.9,unknown,13153033,4023,0,0,0.5965976715087891,anchors,set,9,30,0.07724016829236323,0.9,0.7,0.5407692307692308,0.38461538461538464,10,10,0.8,2.289396442938596,27,False,nan,nan,0.3333333333333333,0.9724770642201835
tabular,2,2026-10-02T18:05:27,nodeGcal1,3.11.9,unknown,13153033,4023,0,0,0.5965976715087891,lime,attribution,5,30,0.04782966712384387,0.61,0.5554885115549897,0.7666666666666667,0.6666666666666666,10,10,0.6666666666666666,0.04989355290308595,27,False,True,27,0.8,nan
tabular,2,2026-10-02T18:05:27,nodeGcal1,3.11.9,unknown,13153033,4023,0,0,0.5965976715087891,treeshap,attribution,5,30,0.24522071987825658,0.68,0.635001642463585,1.0,0.6666666666666666,10,10,1.0,0.0009017540141940117,27,False,True,26,0.9285714285714286,nan
tabular,2,2026-10-02T18:05:27,nodeGcal1,3.11.9,unknown,13153033,4023,0,0,0.5965976715087891,random,attribution,5,30,0.08315629705648217,0.7,0.33927915477516646,0.1123015873015873,0.0,10,10,0.1111111111111111,2.1647661924362183e-05,27,False,True,27,0.8620689655172413,nan
tabular,2,2026-10-02T18:05:27,nodeGcal1,3.11.9,unknown,13153033,4076,1,1,0.6355778574943542,pyxai,set,26,30,0.11092289416702843,1.0,0.13333333333333341,0.9201058201058201,0.8571428571428571,10,10,1.0,0.05587119469419122,26,True,nan,26,1.0,nan
tabular,2,2026-10-02T18:05:27,nodeGcal1,3.11.9,unknown,13153033,4076,1,1,0.6355778574943542,anchors,set,4,30,0.3130698614968996,0.98,0.8666666666666667,0.39999999999999997,0.14285714285714285,10,10,0.6,0.45306894881650805,26,False,nan,nan,0.15384615384615385,0.9660493827160493
tabular,2,2026-10-02T18:05:27,nodeGcal1,3.11.9,unknown,13153033,4076,1,1,0.6355778574943542,lime,attribution,5,30,0.23407496623676866,0.96,0.5508817892449802,0.8666666666666668,0.6666666666666666,10,10,0.6666666666666666,0.04113148478791118,26,False,True,25,0.7333333333333333,nan
tabular,2,2026-10-02T18:05:27,nodeGcal1,3.11.9,unknown,13153033,4076,1,1,0.6355778574943542,treeshap,attribution,5,30,0.18889328718220103,0.9,0.68225626436569,1.0,1.0,10,10,1.0,0.000899389386177063,26,False,False,29,0.8571428571428571,nan
tabular,2,2026-10-02T18:05:27,nodeGcal1,3.11.9,unknown,13153033,4076,1,1,0.6355778574943542,random,attribution,5,30,0.0,0.25,0.24738063437362356,0.08333333333333333,0.0,10,10,0.0,3.655906766653061e-05,26,False,True,26,0.7333333333333333,nan
tabular,2,2026-10-02T18:05:27,nodeGcal1,3.11.9,unknown,13153033,4116,1,1,0.6795586943626404,pyxai,set,26,30,0.1684637003981106,1.0,0.13333333333333341,0.9407407407407407,0.9259259259259259,10,10,1.0,0.058366857934743166,26,True,nan,26,1.0,nan
tabular,2,2026-10-02T18:05:27,nodeGcal1,3.11.9,unknown,13153033,4116,1,1,0.6795586943626404,anchors,set,3,30,0.17246410281531532,0.95,0.9,0.30000000000000004,0.0,10,10,0.5,0.6449558027088642,26,False,nan,nan,0.11538461538461539,0.9514348785871964
tabular,2,2026-10-02T18:05:27,nodeGcal1,3.11.9,unknown,13153033,4116,1,1,0.6795586943626404,lime,attribution,5,30,0.17246410281531532,0.84,0.5676273064760823,0.9333333333333332,0.6666666666666666,10,10,1.0,0.041885253973305225,26,False,False,28,0.7931034482758621,nan
tabular,2,2026-10-02T18:05:27,nodeGcal1,3.11.9,unknown,13153033,4116,1,1,0.6795586943626404,treeshap,attribution,5,30,0.26427539510870135,1.0,0.635468469495625,0.8,0.6666666666666666,10,10,1.0,0.001130139920860529,26,False,True,22,0.8571428571428571,nan
tabular,2,2026-10-02T18:05:27,nodeGcal1,3.11.9,unknown,13153033,4116,1,1,0.6795586943626404,random,attribution,5,30,0.026777847722277398,0.54,0.32380504571283164,0.12619047619047621,0.0,10,10,0.0,2.1789688616991043e-05,26,False,True,20,0.8571428571428571,nan
tabular,2,2026-10-02T18:05:27,nodeGcal1,3.11.9,unknown,13153033,4193,1,1,0.6869051456451416,pyxai,set,26,30,0.17735698203005879,1.0,0.13333333333333341,0.9121693121693122,0.9259259259259259,10,10,1.0,0.0568859176710248,26,True,nan,26,1.0,nan
tabular,2,2026-10-02T18:05:27,nodeGcal1,3.11.9,unknown,13153033,4193,1,1,0.6869051456451416,anchors,set,2,30,0.2506527045849677,0.99,0.9333333333333333,0.36666666666666664,0.0,10,10,1.0,0.5178831806406379,26,False,nan,nan,0.07692307692307693,0.9545884578997161
tabular,2,2026-10-02T18:05:27,nodeGcal1,3.11.9,unknown,13153033,4193,1,1,0.6869051456451416,lime,attribution,5,30,0.2506527045849677,0.97,0.5764945327236769,0.8333333333333333,0.6666666666666666,10,10,1.0,0.04375757183879614,26,False,False,28,0.7931034482758621,nan
tabular,2,2026-10-02T18:05:27,nodeGcal1,3.11.9,unknown,13153033,4193,1,1,0.6869051456451416,treeshap,attribution,5,30,0.2506527045849677,0.96,0.6694110086984915,0.7666666666666666,0.42857142857142855,10,10,1.0,0.0008898521773517132,26,False,True,19,0.8571428571428571,nan
tabular,2,2026-10-02T18:05:27,nodeGcal1,3.11.9,unknown,13153033,4193,1,1,0.6869051456451416,random,attribution,5,30,0.0,0.5,0.2521434636464164,0.14444444444444446,0.0,10,10,0.1111111111111111,3.8471072912216187e-05,26,False,True,24,0.8571428571428571,nan
tabular,2,2026-10-02T18:05:27,nodeGcal1,3.11.9,unknown,13153033,4196,0,0,0.588050127029419,pyxai,set,26,30,0.2603993130238021,1.0,0.13333333333333341,0.962962962962963,0.9259259259259259,10,10,1.0,0.05454035196453333,26,True,nan,26,1.0,nan
tabular,2,2026-10-02T18:05:27,nodeGcal1,3.11.9,unknown,13153033,4196,0,0,0.588050127029419,anchors,set,5,30,0.37768010521958384,0.88,0.8333333333333333,0.31746031746031744,0.1111111111111111,10,10,0.42857142857142855,1.0422356859780848,26,False,nan,nan,0.19230769230769232,0.9581749049429658
tabular,2,2026-10-02T18:05:27,nodeGcal1,3.11.9,unknown,13153033,4196,0,0,0.588050127029419,lime,attribution,5,30,0.021502873955841995,0.4,0.5967507677483168,0.8333333333333333,0.6666666666666666,10,10,1.0,0.024408342782408,26,False,False,27,0.7931034482758621,nan
tabular,2,2026-10-02T18:05:27,nodeGcal1,3.11.9,unknown,13153033,4196,0,0,0.588050127029419,treeshap,attribution,5,30,0.24154415983062372,0.85,0.6963219921783632,0.8666666666666666,0.6666666666666666,10,10,1.0,0.0014406610280275345,26,False,False,30,0.8571428571428571,nan
tabular,2,2026-10-02T18:05:27,nodeGcal1,3.11.9,unknown,13153033,4196,0,0,0.588050127029419,random,attribution,5,30,0.0034208933366471233,0.19,0.33942705040129506,0.10119047619047619,0.0,10,10,0.1111111111111111,2.537202090024948e-05,26,False,False,29,0.7333333333333333,nan
tabular,2,2026-10-02T18:05:27,nodeGcal1,3.11.9,unknown,13153033,4284,1,1,0.800250768661499,pyxai,set,23,30,0.26755678170234126,1.0,0.23333333333333328,0.8530626780626781,0.7692307692307693,10,10,1.0,0.060685076750814915,23,True,nan,23,1.0,nan
tabular,2,2026-10-02T18:05:27,nodeGcal1,3.11.9,unknown,13153033,4284,1,1,0.800250768661499,anchors,set,2,30,0.296014592603296,1.0,0.9333333333333333,1.0,1.0,10,10,1.0,0.36461239866912365,23,False,nan,nan,0.08695652173913043,0.987603305785124
tabular,2,2026-10-02T18:05:27,nodeGcal1,3.11.9,unknown,13153033,4284,1,1,0.800250768661499,lime,attribution,5,30,0.31376115561024226,1.0,0.5323831714531211,0.7666666666666667,0.6666666666666666,10,10,1.0,0.04764268035069108,23,False,False,26,0.6428571428571429,nan
tabular,2,2026-10-02T18:05:27,nodeGcal1,3.11.9,unknown,13153033,4284,1,1,0.800250768661499,treeshap,attribution,5,30,0.31320477164423005,1.0,0.7312875712533538,0.48571428571428565,0.25,10,10,1.0,0.0010397532023489475,23,False,True,20,0.7692307692307693,nan
tabular,2,2026-10-02T18:05:27,nodeGcal1,3.11.9,unknown,13153033,4284,1,1,0.800250768661499,random,attribution,5,30,0.20735700485178735,1.0,0.38526675057870463,0.05555555555555556,0.0,10,10,0.42857142857142855,2.5860965251922607e-05,23,False,False,24,0.7037037037037037,nan
tabular,2,2026-10-02T18:05:27,nodeGcal1,3.11.9,unknown,13153033,4375,0,0,0.605669379234314,pyxai,set,26,30,0.2788180934091467,1.0,0.13333333333333341,0.9777777777777779,0.8571428571428571,10,10,1.0,0.05779998796060681,26,True,nan,26,1.0,nan
tabular,2,2026-10-02T18:05:27,nodeGcal1,3.11.9,unknown,13153033,4375,0,0,0.605669379234314,anchors,set,8,30,0.11867602307781785,0.88,0.7333333333333334,0.5030303030303029,0.3333333333333333,10,10,0.7777777777777778,1.7227709349244833,26,False,nan,nan,0.25925925925925924,0.9562043795620438
tabular,2,2026-10-02T18:05:27,nodeGcal1,3.11.9,unknown,13153033,4375,0,0,0.605669379234314,lime,attribution,5,30,0.08502008473990808,0.74,0.5162867002421523,0.9333333333333332,0.6666666666666666,10,10,1.0,0.024373073130846024,26,False,True,25,0.7931034482758621,nan
tabular,2,2026-10-02T18:05:27,nodeGcal1,3.11.9,unknown,13153033,4375,0,0,0.605669379234314,treeshap,attribution,5,30,0.31494454627815766,0.81,0.5321332143737896,0.8095238095238095,0.42857142857142855,10,10,1.0,0.0009171245619654655,26,False,True,19,0.9259259259259259,nan
tabular,2,2026-10-02T18:05:27,nodeGcal1,3.11.9,unknown,13153033,4375,0,0,0.605669379234314,random,attribution,5,30,0.07742411857525001,0.63,0.26245485251025025,0.05555555555555556,0.0,10,10,0.0,2.610776573419571e-05,26,False,False,28,0.7333333333333333,nan
tabular,2,2026-10-02T18:05:27,nodeGcal1,3.11.9,unknown,13153033,4385,0,0,0.5616074204444885,pyxai,set,27,30,0.22557597692855252,1.0,0.10000000000000009,1.0,1.0,10,10,1.0,0.0545041267760098,27,True,nan,27,1.0,nan
tabular,2,2026-10-02T18:05:27,nodeGcal1,3.11.9,unknown,13153033,4385,0,0,0.5616074204444885,anchors,set,15,30,0.11407027799956465,0.43,0.5,0.6824561403508772,0.36363636363636365,10,10,0.6666666666666666,5.26477404916659,27,False,nan,nan,0.4,0.8874878758486906
tabular,2,2026-10-02T18:05:27,nodeGcal1,3.11.9,unknown,13153033,4385,0,0,0.5616074204444885,lime,attribution,5,30,0.0,0.14,0.5735943378435395,0.8999999999999998,0.6666666666666666,10,10,1.0,0.05330054089426994,27,False,True,25,0.8,nan
tabular,2,2026-10-02T18:05:27,nodeGcal1,3.11.9,unknown,13153033,4385,0,0,0.5616074204444885,treeshap,attribution,5,30,0.21948695894985984,0.65,0.6983603232059024,1.0,1.0,10,10,1.0,0.0008900151588022709,27,False,True,27,0.9285714285714286,nan
tabular,2,2026-10-02T18:05:27,nodeGcal1,3.11.9,unknown,13153033,4385,0,0,0.5616074204444885,random,attribution,5,30,0.0,0.45,0.4080339390325697,0.1484126984126984,0.0,10,10,0.1111111111111111,2.3871660232543945e-05,27,False,False,29,0.8,nan
tabular,2,2026-10-02T18:05:27,nodeGcal1,3.11.9,unknown,13153033,4514,0,0,0.5593417286872864,pyxai,set,26,30,0.22243906431205568,1.0,0.13333333333333341,0.9333333333333333,0.9259259259259259,10,10,1.0,0.05395456403493881,26,True,nan,26,1.0,nan
tabular,2,2026-10-02T18:05:27,nodeGcal1,3.11.9,unknown,13153033,4514,0,0,0.5593417286872864,anchors,set,12,30,0.011916949313830475,0.64,0.6,0.6857142857142857,0.6,10,10,0.8461538461538461,4.8223406742326915,26,False,nan,nan,0.3103448275862069,0.8917765709852599
tabular,2,2026-10-02T18:05:27,nodeGcal1,3.11.9,unknown,13153033,4514,0,0,0.5593417286872864,lime,attribution,5,30,0.005087595667482257,0.67,0.5152138286610901,0.8,0.6666666666666666,10,10,0.6666666666666666,0.047466258984059095,26,False,False,30,0.7333333333333333,nan
tabular,2,2026-10-02T18:05:27,nodeGcal1,3.11.9,unknown,13153033,4514,0,0,0.5593417286872864,treeshap,attribution,5,30,0.21337851283386314,0.81,0.6397801739367756,0.8523809523809524,0.42857142857142855,10,10,1.0,0.0009044050239026546,26,False,True,23,0.9259259259259259,nan
tabular,2,2026-10-02T18:05:27,nodeGcal1,3.11.9,unknown,13153033,4514,0,0,0.5593417286872864,random,attribution,5,30,0.0,0.32,0.3203468020086616,0.13055555555555556,0.0,10,10,0.0,2.5445129722356796e-05,26,False,False,30,0.7333333333333333,nan
tabular,2,2026-10-02T18:05:27,nodeGcal1,3.11.9,unknown,13153033,4582,0,0,0.6994540691375732,pyxai,set,28,30,0.3781975155800326,1.0,0.06666666666666687,0.9655172413793103,0.9310344827586207,10,10,1.0,0.05987194459885359,28,True,nan,28,1.0,nan
tabular,2,2026-10-02T18:05:27,nodeGcal1,3.11.9,unknown,13153033,4582,0,0,0.6994540691375732,anchors,set,4,30,0.2941012154180882,0.92,0.8666666666666667,0.5009523809523808,0.14285714285714285,10,10,0.6,0.7620239560492337,28,False,nan,nan,0.14285714285714285,0.9706390328151986
tabular,2,2026-10-02T18:05:27,nodeGcal1,3.11.9,unknown,13153033,4582,0,0,0.6994540691375732,lime,attribution,5,30,0.2941012154180882,0.96,0.6001636979278783,0.8999999999999998,0.6666666666666666,10,10,1.0,0.025346633978188038,28,False,True,25,0.8666666666666667,nan
tabular,2,2026-10-02T18:05:27,nodeGcal1,3.11.9,unknown,13153033,4582,0,0,0.6994540691375732,treeshap,attribution,5,30,0.2941012154180882,0.98,0.6921593753020909,0.638095238095238,0.42857142857142855,10,10,1.0,0.001057448796927929,28,False,True,20,0.9310344827586207,nan
tabular,2,2026-10-02T18:05:27,nodeGcal1,3.11.9,unknown,13153033,4582,0,0,0.6994540691375732,random,attribution,5,30,0.0,0.51,0.33903990026013575,0.061111111111111116,0.0,10,10,0.25,4.901876673102379e-05,28,False,True,26,0.8666666666666667,nan
tabular,2,2026-10-02T18:05:27,nodeGcal1,3.11.9,unknown,13153033,5077,0,0,0.5151368379592896,pyxai,set,28,30,0.15571505301321528,1.0,0.06666666666666687,1.0,1.0,10,10,1.0,0.05434809485450387,28,True,nan,28,1.0,nan
tabular,2,2026-10-02T18:05:27,nodeGcal1,3.11.9,unknown,13153033,5077,0,0,0.5151368379592896,anchors,set,7,30,0.13760074848175807,0.98,0.7666666666666666,0.42227272727272724,0.16666666666666666,10,10,0.5555555555555556,1.498573400080204,28,False,nan,nan,0.25,0.9647887323943662
tabular,2,2026-10-02T18:05:27,nodeGcal1,3.11.9,unknown,13153033,5077,0,0,0.5151368379592896,lime,attribution,5,30,0.05005668458033625,0.8,0.5284865717770524,0.8,0.6666666666666666,10,10,0.6666666666666666,0.049162857234478,28,False,False,29,0.8666666666666667,nan
tabular,2,2026-10-02T18:05:27,nodeGcal1,3.11.9,unknown,13153033,5077,0,0,0.5151368379592896,treeshap,attribution,5,30,0.13760074848175807,0.87,0.5246135578947314,0.8,0.6666666666666666,10,10,1.0,0.0011427500285208225,28,False,True,25,0.9310344827586207,nan
tabular,2,2026-10-02T18:05:27,nodeGcal1,3.11.9,unknown,13153033,5077,0,0,0.5151368379592896,random,attribution,5,30,0.003616520193896208,0.51,0.27275365369645865,0.09166666666666667,0.0,10,10,0.25,2.1968036890029907e-05,28,False,False,29,0.8666666666666667,nan
tabular,2,2026-10-02T18:05:27,nodeGcal1,3.11.9,unknown,13153033,5226,0,0,0.5670888423919678,pyxai,set,25,30,0.23306147923329534,1.0,0.16666666666666652,0.9615384615384617,0.9230769230769231,10,10,1.0,0.055124657694250345,25,True,nan,25,1.0,nan
tabular,2,2026-10-02T18:05:27,nodeGcal1,3.11.9,unknown,13153033,5226,0,0,0.5670888423919678,anchors,set,4,30,0.3458812811036,0.91,0.8666666666666667,0.26666666666666666,0.14285714285714285,10,10,1.0,1.0454448191449046,25,False,nan,nan,0.16,0.9527272727272728
tabular,2,2026-10-02T18:05:27,nodeGcal1,3.11.9,unknown,13153033,5226,0,0,0.5670888423919678,lime,attribution,5,30,0.21021808308699905,0.96,0.5373917376727175,0.8,0.6666666666666666,10,10,0.6666666666666666,0.02412484586238861,25,False,False,29,0.8518518518518519,nan
tabular,2,2026-10-02T18:05:27,nodeGcal1,3.11.9,unknown,13153033,5226,0,0,0.5670888423919678,treeshap,attribution,5,30,0.24665341345521186,0.57,0.6159287774838205,0.5904761904761905,0.42857142857142855,10,10,1.0,0.0010898271575570107,25,False,True,25,0.9230769230769231,nan
tabular,2,2026-10-02T18:05:27,nodeGcal1,3.11.9,unknown,13153033,5226,0,0,0.5670888423919678,random,attribution,5,30,0.2949200413866808,0.63,0.28593801614876146,0.12222222222222223,0.0,10,10,0.1111111111111111,3.692740574479103e-05,25,False,False,28,0.7241379310344828,nan
tabular,2,2026-10-02T18:05:27,nodeGcal1,3.11.9,unknown,13153033,5372,1,1,0.5284356474876404,pyxai,set,25,30,0.0,1.0,0.16666666666666652,0.9384615384615385,0.9230769230769231,10,10,1.0,0.05441671097651124,25,True,nan,25,1.0,nan
tabular,2,2026-10-02T18:05:27,nodeGcal1,3.11.9,unknown,13153033,5372,1,1,0.5284356474876404,anchors,set,5,30,0.13117647277777597,0.82,0.8333333333333333,0.2678571428571429,0.1111111111111111,10,10,0.42857142857142855,0.6581425331532955,25,False,nan,nan,0.15384615384615385,0.975095785440613
tabular,2,2026-10-02T18:05:27,nodeGcal1,3.11.9,unknown,13153033,5372,1,1,0.5284356474876404,lime,attribution,5,30,0.0,0.28,0.5602889329026496,0.7666666666666667,0.6666666666666666,10,10,1.0,0.04348677396774292,25,False,False,28,0.7857142857142857,nan
tabular,2,2026-10-02T18:05:27,nodeGcal1,3.11.9,unknown,13153033,5372,1,1,0.5284356474876404,treeshap,attribution,5,30,0.04033069548310964,0.68,0.6272272606852682,0.7857142857142857,0.42857142857142855,10,10,1.0,0.0012777959927916527,25,False,True,25,0.8518518518518519,nan
tabular,2,2026-10-02T18:05:27,nodeGcal1,3.11.9,unknown,13153033,5372,1,1,0.5284356474876404,random,attribution,5,30,0.000179004901937009,0.52,0.32869426753018804,0.11944444444444444,0.0,10,10,0.0,2.291519194841385e-05,25,False,False,29,0.7241379310344828,nan
tabular,2,2026-10-02T18:05:27,nodeGcal1,3.11.9,unknown,13153033,5443,1,1,0.6874876618385315,pyxai,set,25,30,0.17787316233414763,1.0,0.16666666666666652,0.9088319088319089,0.8518518518518519,10,10,1.0,0.05810148734599352,25,True,nan,25,1.0,nan
tabular,2,2026-10-02T18:05:27,nodeGcal1,3.11.9,unknown,13153033,5443,1,1,0.6874876618385315,anchors,set,2,30,0.3082392697359289,0.99,0.9333333333333333,0.4,0.3333333333333333,10,10,0.3333333333333333,0.3283086302690208,25,False,nan,nan,0.08,0.9603960396039604
tabular,2,2026-10-02T18:05:27,nodeGcal1,3.11.9,unknown,13153033,5443,1,1,0.6874876618385315,lime,attribution,5,30,0.22459311838804646,0.98,0.5365001582150803,0.9333333333333332,0.6666666666666666,10,10,1.0,0.05395492073148489,25,False,True,23,0.7241379310344828,nan
tabular,2,2026-10-02T18:05:27,nodeGcal1,3.11.9,unknown,13153033,5443,1,1,0.6874876618385315,treeshap,attribution,5,30,0.25610637786346935,1.0,0.741553964019124,1.0,0.6666666666666666,10,10,1.0,0.0008936412632465363,25,False,True,25,0.7857142857142857,nan
tabular,2,2026-10-02T18:05:27,nodeGcal1,3.11.9,unknown,13153033,5443,1,1,0.6874876618385315,random,attribution,5,30,0.0,0.45,0.3754951943061018,0.04444444444444444,0.0,10,10,0.0,2.7696136385202408e-05,25,False,True,21,0.7241379310344828,nan
tabular,2,2026-10-02T18:05:27,nodeGcal1,3.11.9,unknown,13153033,5452,0,0,0.5322544574737549,pyxai,set,25,30,0.18286775841826666,1.0,0.16666666666666652,0.9538461538461538,0.9230769230769231,10,10,1.0,0.05526220425963402,25,True,nan,25,1.0,nan
tabular,2,2026-10-02T18:05:27,nodeGcal1,3.11.9,unknown,13153033,5452,0,0,0.5322544574737549,anchors,set,6,30,0.20842626242084322,0.91,0.8,0.38385281385281383,0.09090909090909091,10,10,0.7142857142857143,0.9838203098624945,25,False,nan,nan,0.24,0.9737827715355806
tabular,2,2026-10-02T18:05:27,nodeGcal1,3.11.9,unknown,13153033,5452,0,0,0.5322544574737549,lime,attribution,5,30,0.13973507427085288,0.84,0.5704616343684201,0.8333333333333333,0.6666666666666666,10,10,1.0,0.0423141079954803,25,False,False,29,0.6666666666666666,nan
tabular,2,2026-10-02T18:05:27,nodeGcal1,3.11.9,unknown,13153033,5452,0,0,0.5322544574737549,treeshap,attribution,5,30,0.1617479015085308,0.7,0.5901670139301356,0.9333333333333332,0.42857142857142855,10,10,1.0,0.0011089826002717018,25,False,True,25,0.8518518518518519,nan
tabular,2,2026-10-02T18:05:27,nodeGcal1,3.11.9,unknown,13153033,5452,0,0,0.5322544574737549,random,attribution,5,30,0.0,0.41,0.328910814545487,0.1623015873015873,0.0,10,10,0.0,2.5097746402025223e-05,25,False,False,28,0.7241379310344828,nan
tabular,2,2026-10-02T18:05:27,nodeGcal1,3.11.9,unknown,13153033,5481,0,0,0.5914363861083984,pyxai,set,27,30,0.26463388431484475,1.0,0.10000000000000009,0.9642857142857144,0.9285714285714286,10,10,1.0,0.058004006277769804,27,True,nan,27,1.0,nan
tabular,2,2026-10-02T18:05:27,nodeGcal1,3.11.9,unknown,13153033,5481,0,0,0.5914363861083984,anchors,set,4,30,0.26078602341953605,0.87,0.8666666666666667,0.700952380952381,0.14285714285714285,10,10,0.3333333333333333,0.6956529640592635,27,False,nan,nan,0.14814814814814814,0.9759036144578314
tabular,2,2026-10-02T18:05:27,nodeGcal1,3.11.9,unknown,13153033,5481,0,0,0.5914363861083984,lime,attribution,5,30,0.1085959243170377,0.92,0.52414613897186,0.9666666666666666,0.6666666666666666,10,10,1.0,0.04774425318464637,27,False,True,27,0.8,nan
tabular,2,2026-10-02T18:05:27,nodeGcal1,3.11.9,unknown,13153033,5481,0,0,0.5914363861083984,treeshap,attribution,5,30,0.18847272343211333,0.74,0.6028788335067915,1.0,0.6666666666666666,10,10,1.0,0.0009136819280683994,27,False,True,24,0.8620689655172413,nan
tabular,2,2026-10-02T18:05:27,nodeGcal1,3.11.9,unknown,13153033,5481,0,0,0.5914363861083984,random,attribution,5,30,0.08426977615670643,0.64,0.3811399705761439,0.08333333333333333,0.0,10,10,0.25,3.8557685911655426e-05,27,False,False,30,0.8,nan
tabular,2,2026-10-02T18:05:27,nodeGcal1,3.11.9,unknown,13153033,5636,0,0,0.6215318441390991,pyxai,set,28,30,0.3002413600709043,1.0,0.06666666666666687,0.9655172413793103,0.9310344827586207,10,10,1.0,0.05567071307450533,28,True,nan,28,1.0,nan
tabular,2,2026-10-02T18:05:27,nodeGcal1,3.11.9,unknown,13153033,5636,0,0,0.6215318441390991,anchors,set,4,30,0.3340346469850034,0.95,0.8666666666666667,0.37047619047619046,0.0,10,10,0.6,0.8038858049549162,28,False,nan,nan,0.14285714285714285,0.9803921568627451
tabular,2,2026-10-02T18:05:27,nodeGcal1,3.11.9,unknown,13153033,5636,0,0,0.6215318441390991,lime,attribution,5,30,0.16708239135967773,0.87,0.5548246767701929,0.6761904761904762,0.42857142857142855,10,10,1.0,0.04864153079688549,28,False,True,25,0.8666666666666667,nan
tabular,2,2026-10-02T18:05:27,nodeGcal1,3.11.9,unknown,13153033,5636,0,0,0.6215318441390991,treeshap,attribution,5,30,0.31684512620097444,0.89,0.642301709527092,1.0,1.0,10,10,1.0,0.0008904170244932175,28,False,True,28,0.9310344827586207,nan
tabular,2,2026-10-02T18:05:27,nodeGcal1,3.11.9,unknown,13153033,5636,0,0,0.6215318441390991,random,attribution,5,30,0.0,0.38,0.354371989080153,0.07777777777777779,0.0,10,10,0.1111111111111111,2.3976899683475494e-05,28,False,False,30,0.8666666666666667,nan
tabular,2,2026-10-02T18:05:27,nodeGcal1,3.11.9,unknown,13153033,5745,0,0,0.5028283596038818,pyxai,set,26,30,0.1313182931368435,1.0,0.13333333333333341,0.9851851851851852,1.0,10,10,1.0,0.05304262600839138,26,True,nan,26,1.0,nan
tabular,2,2026-10-02T18:05:27,nodeGcal1,3.11.9,unknown,13153033,5745,0,0,0.5028283596038818,anchors,set,5,30,0.13048413595920372,0.88,0.8333333333333333,0.47142857142857136,0.25,10,10,0.6666666666666666,1.4429928660392761,26,False,nan,nan,0.19230769230769232,0.9742489270386266
tabular,2,2026-10-02T18:05:27,nodeGcal1,3.11.9,unknown,13153033,5745,0,0,0.5028283596038818,lime,attribution,5,30,0.0,0.26,0.5987091592037976,0.8333333333333333,0.6666666666666666,10,10,1.0,0.0479717911221087,26,False,False,30,0.7931034482758621,nan
tabular,2,2026-10-02T18:05:27,nodeGcal1,3.11.9,unknown,13153033,5745,0,0,0.5028283596038818,treeshap,attribution,5,30,0.0,0.27,0.6258989672890853,0.7428571428571429,0.6666666666666666,10,10,1.0,0.001025571022182703,26,False,True,25,0.8571428571428571,nan
tabular,2,2026-10-02T18:05:27,nodeGcal1,3.11.9,unknown,13153033,5745,0,0,0.5028283596038818,random,attribution,5,30,0.007688541807431431,0.37,0.2623120065347986,0.05555555555555556,0.0,10,10,0.1111111111111111,2.2795051336288452e-05,26,False,False,30,0.7931034482758621,nan
tabular,2,2026-10-02T18:05:27,nodeGcal1,3.11.9,unknown,13153033,5768,1,1,0.6109709739685059,pyxai,set,28,30,0.07511527364026664,1.0,0.06666666666666687,0.9655172413793103,0.9310344827586207,10,10,1.0,0.05613972991704941,28,True,nan,28,1.0,nan
tabular,2,2026-10-02T18:05:27,nodeGcal1,3.11.9,unknown,13153033,5768,1,1,0.6109709739685059,anchors,set,2,30,0.0,0.97,0.9333333333333333,0.7333333333333333,0.3333333333333333,10,10,0.3333333333333333,0.30494464095681906,28,False,nan,nan,0.07142857142857142,0.984375
tabular,2,2026-10-02T18:05:27,nodeGcal1,3.11.9,unknown,13153033,5768,1,1,0.6109709739685059,lime,attribution,5,30,0.04187634970447959,0.96,0.5132990301292382,0.8,1.0,10,10,1.0,0.04216948710381985,28,False,True,25,0.9310344827586207,nan
tabular,2,2026-10-02T18:05:27,nodeGcal1,3.11.9,unknown,13153033,5768,1,1,0.6109709739685059,treeshap,attribution,5,30,0.044295184028084,0.86,0.6316260786518596,0.7178571428571429,0.25,10,10,1.0,0.0013800631277263165,28,False,True,22,1.0,nan
tabular,2,2026-10-02T18:05:27,nodeGcal1,3.11.9,unknown,13153033,5768,1,1,0.6109709739685059,random,attribution,5,30,0.0,0.7,0.3635308411233412,0.08055555555555556,0.0,10,10,0.0,2.369796857237816e-05,28,False,True,28,0.8666666666666667,nan
tabular,2,2026-10-02T18:05:27,nodeGcal1,3.11.9,unknown,13153033,5863,0,0,0.552133321762085,pyxai,set,26,30,0.24018790361060793,1.0,0.13333333333333341,0.9264550264550264,0.9259259259259259,10,10,1.0,0.05714472895488143,26,True,nan,26,1.0,nan
tabular,2,2026-10-02T18:05:27,nodeGcal1,3.11.9,unknown,13153033,5863,0,0,0.552133321762085,anchors,set,5,30,0.09659299209997345,0.7,0.8333333333333333,0.2619047619047619,0.1111111111111111,10,10,0.6666666666666666,1.4187791049480438,26,False,nan,nan,0.14814814814814814,0.9589552238805971
tabular,2,2026-10-02T18:05:27,nodeGcal1,3.11.9,unknown,13153033,5863,0,0,0.552133321762085,lime,attribution,5,30,0.0,0.46,0.5675025763908701,0.7666666666666666,0.6666666666666666,10,10,0.6666666666666666,0.04257305199280381,26,False,False,29,0.7333333333333333,nan
tabular,2,2026-10-02T18:05:27,nodeGcal1,3.11.9,unknown,13153033,5863,0,0,0.552133321762085,treeshap,attribution,5,30,0.1171968615800485,0.74,0.5343024505789531,0.8666666666666666,0.6666666666666666,10,10,1.0,0.0009115547873079777,26,False,True,26,0.9259259259259259,nan
tabular,2,2026-10-02T18:05:27,nodeGcal1,3.11.9,unknown,13153033,5863,0,0,0.552133321762085,random,attribution,5,30,0.0,0.58,0.25951230040484097,0.10119047619047619,0.0,10,10,0.0,2.360902726650238e-05,26,False,False,27,0.7333333333333333,nan
tabular,2,2026-10-02T18:05:27,nodeGcal1,3.11.9,unknown,13153033,5893,0,0,0.5658879280090332,pyxai,set,29,30,0.2314338998932381,1.0,0.033333333333333326,1.0,1.0,10,10,1.0,0.05758025590330362,29,True,nan,29,1.0,nan
tabular,2,2026-10-02T18:05:27,nodeGcal1,3.11.9,unknown,13153033,5893,0,0,0.5658879280090332,anchors,set,6,30,0.10726937281810116,0.87,0.8,0.46718614718614715,0.09090909090909091,10,10,0.5,1.5214811298064888,29,False,nan,nan,0.20689655172413793,0.9617021276595744
tabular,2,2026-10-02T18:05:27,nodeGcal1,3.11.9,unknown,13153033,5893,0,0,0.5658879280090332,lime,attribution,5,30,0.03605394298560863,0.72,0.6023017430415654,0.8666666666666666,0.6666666666666666,10,10,1.0,0.05096765607595444,29,False,True,29,0.9333333333333333,nan
tabular,2,2026-10-02T18:05:27,nodeGcal1,3.11.9,unknown,13153033,5893,0,0,0.5658879280090332,treeshap,attribution,5,30,0.10726937281810116,0.76,0.5289266394554543,0.6761904761904762,0.42857142857142855,10,10,1.0,0.0014160498976707458,29,False,True,25,1.0,nan
tabular,2,2026-10-02T18:05:27,nodeGcal1,3.11.9,unknown,13153033,5893,0,0,0.5658879280090332,random,attribution,5,30,0.0,0.57,0.2376898505435835,0.09166666666666666,0.0,10,10,0.25,2.618180587887764e-05,29,False,True,29,0.9333333333333333,nan
tabular,2,2026-10-02T18:05:27,nodeGcal1,3.11.9,unknown,13153033,5952,0,0,0.8009003400802612,pyxai,set,26,30,0.45461654113403427,1.0,0.13333333333333341,0.9486772486772488,0.8571428571428571,10,10,1.0,0.06205556495115161,26,True,nan,26,1.0,nan
tabular,2,2026-10-02T18:05:27,nodeGcal1,3.11.9,unknown,13153033,5952,0,0,0.8009003400802612,anchors,set,4,30,0.18534253269249001,0.97,0.8666666666666667,0.3561904761904762,0.14285714285714285,10,10,0.6,0.8375057308003306,26,False,nan,nan,0.15384615384615385,0.9764705882352941
tabular,2,2026-10-02T18:05:27,nodeGcal1,3.11.9,unknown,13153033,5952,0,0,0.8009003400802612,lime,attribution,5,30,0.1780891364794709,0.98,0.5375046802408978,0.7666666666666667,0.6666666666666666,10,10,1.0,0.046584776137024164,26,False,True,19,0.7931034482758621,nan
tabular,2,2026-10-02T18:05:27,nodeGcal1,3.11.9,unknown,13153033,5952,0,0,0.8009003400802612,treeshap,attribution,5,30,0.3693427892997168,0.96,0.612077954175593,1.0,0.6666666666666666,10,10,1.0,0.0009053368121385574,26,False,True,16,0.8571428571428571,nan
tabular,2,2026-10-02T18:05:27,nodeGcal1,3.11.9,unknown,13153033,5952,0,0,0.8009003400802612,random,attribution,5,30,0.11543834810437364,0.87,0.3858810466663791,0.11507936507936509,0.0,10,10,0.0,3.655208274722099e-05,26,False,False,27,0.7333333333333333,nan
tabular,2,2026-10-02T18:05:27,nodeGcal1,3.11.9,unknown,13153033,5953,0,0,0.5359166860580444,pyxai,set,25,30,0.18845169549303262,1.0,0.16666666666666652,0.9461538461538461,0.9230769230769231,10,10,1.0,0.05436128005385399,25,True,nan,25,1.0,nan
tabular,2,2026-10-02T18:05:27,nodeGcal1,3.11.9,unknown,13153033,5953,0,0,0.5359166860580444,anchors,set,6,30,0.17852286516022906,0.9,0.8,0.3492207792207792,0.09090909090909091,10,10,0.7142857142857143,1.3319364991039038,25,False,nan,nan,0.24,0.967741935483871
tabular,2,2026-10-02T18:05:27,nodeGcal1,3.11.9,unknown,13153033,5953,0,0,0.5359166860580444,lime,attribution,5,30,0.005136917360215945,0.59,0.5369617351938024,0.7666666666666667,0.6666666666666666,10,10,0.6666666666666666,0.057624977082014084,25,False,True,25,0.7241379310344828,nan
tabular,2,2026-10-02T18:05:27,nodeGcal1,3.11.9,unknown,13153033,5953,0,0,0.5359166860580444,treeshap,attribution,5,30,0.041927709235373735,0.63,0.5289974138626441,0.8333333333333333,0.42857142857142855,10,10,1.0,0.001049234066158533,25,False,True,22,0.8518518518518519,nan
tabular,2,2026-10-02T18:05:27,nodeGcal1,3.11.9,unknown,13153033,5953,0,0,0.5359166860580444,random,attribution,5,30,0.1124676488874109,0.62,0.33213724650747645,0.1484126984126984,0.0,10,10,0.1111111111111111,2.660788595676422e-05,25,False,False,29,0.6666666666666666,nan
tabular,2,2026-10-02T18:05:27,nodeGcal1,3.11.9,unknown,13153033,5991,0,0,0.5760205984115601,pyxai,set,24,30,0.2716969187363191,1.0,0.20000000000000018,0.9008547008547009,0.7777777777777778,10,10,1.0,0.05638173222541809,24,True,nan,24,1.0,nan
tabular,2,2026-10-02T18:05:27,nodeGcal1,3.11.9,unknown,13153033,5991,0,0,0.5760205984115601,anchors,set,6,30,0.14547700739919672,0.87,0.8,0.488095238095238,0.3333333333333333,10,10,0.5,1.8937471131794155,24,False,nan,nan,0.25,0.9700374531835206
tabular,2,2026-10-02T18:05:27,nodeGcal1,3.11.9,unknown,13153033,5991,0,0,0.5760205984115601,lime,attribution,5,30,0.14547700739919672,0.81,0.5740576748963535,1.0,1.0,10,10,1.0,0.05362689169123769,24,False,False,29,0.6,nan
tabular,2,2026-10-02T18:05:27,nodeGcal1,3.11.9,unknown,13153033,5991,0,0,0.5760205984115601,treeshap,attribution,5,30,0.2066375676711001,0.67,0.599438370051517,0.6714285714285715,0.6666666666666666,10,10,1.0,0.001143843401223421,24,False,False,26,0.7777777777777778,nan
tabular,2,2026-10-02T18:05:27,nodeGcal1,3.11.9,unknown,13153033,5991,0,0,0.5760205984115601,random,attribution,5,30,0.20691364320155728,0.73,0.2820177307214632,0.11944444444444446,0.0,10,10,0.1111111111111111,3.540888428688049e-05,24,False,False,28,0.6,nan
tabular,2,2026-10-02T18:05:27,nodeGcal1,3.11.9,unknown,13153033,6083,0,0,0.5453590154647827,pyxai,set,26,30,0.23074971752882037,1.0,0.13333333333333341,0.9481481481481481,0.9259259259259259,10,10,1.0,0.053862211760133505,26,True,nan,26,1.0,nan
tabular,2,2026-10-02T18:05:27,nodeGcal1,3.11.9,unknown,13153033,6083,0,0,0.5453590154647827,anchors,set,7,30,0.2202652223494651,0.9,0.7666666666666666,0.5477777777777778,0.2727272727272727,10,10,0.5555555555555556,1.2339612510986626,26,False,nan,nan,0.2692307692307692,0.9554794520547946
tabular,2,2026-10-02T18:05:27,nodeGcal1,3.11.9,unknown,13153033,6083,0,0,0.5453590154647827,lime,attribution,5,30,0.1393282945735587,0.85,0.5572274722906795,1.0,1.0,10,10,1.0,0.05062937689945102,26,False,False,29,0.7931034482758621,nan
tabular,2,2026-10-02T18:05:27,nodeGcal1,3.11.9,unknown,13153033,6083,0,0,0.5453590154647827,treeshap,attribution,5,30,0.11372620853837859,0.64,0.6461308608191976,0.9666666666666666,0.6666666666666666,10,10,1.0,0.0011755861341953278,26,False,True,26,0.8571428571428571,nan
tabular,2,2026-10-02T18:05:27,nodeGcal1,3.11.9,unknown,13153033,6083,0,0,0.5453590154647827,random,attribution,5,30,0.13554376002638802,0.64,0.3302080826686571,0.10833333333333332,0.0,10,10,0.25,2.546096220612526e-05,26,False,False,29,0.7333333333333333,nan
tabular,2,2026-10-02T18:05:27,nodeGcal1,3.11.9,unknown,13153033,6179,1,1,0.6688647866249084,pyxai,set,25,30,0.1551689767912834,1.0,0.16666666666666652,0.9247863247863247,0.8518518518518519,10,10,1.0,0.05738548841327429,25,True,nan,25,1.0,nan
tabular,2,2026-10-02T18:05:27,nodeGcal1,3.11.9,unknown,13153033,6179,1,1,0.6688647866249084,anchors,set,3,30,0.15757485348239467,0.85,0.9,0.12,0.0,10,10,0.2,0.7504293192178011,25,False,nan,nan,0.12,0.9568106312292359
tabular,2,2026-10-02T18:05:27,nodeGcal1,3.11.9,unknown,13153033,6179,1,1,0.6688647866249084,lime,attribution,5,30,0.16514055950044595,0.81,0.5621914762576254,0.8666666666666666,0.6666666666666666,10,10,1.0,0.04366887779906392,25,False,False,28,0.7241379310344828,nan
tabular,2,2026-10-02T18:05:27,nodeGcal1,3.11.9,unknown,13153033,6179,1,1,0.6688647866249084,treeshap,attribution,5,30,0.18322446825963543,0.93,0.640353062220028,0.6714285714285715,0.42857142857142855,10,10,1.0,0.0008723749779164791,25,False,True,24,0.8518518518518519,nan
tabular,2,2026-10-02T18:05:27,nodeGcal1,3.11.9,unknown,13153033,6179,1,1,0.6688647866249084,random,attribution,5,30,0.0,0.5,0.31801221925609546,0.15555555555555553,0.0,10,10,0.1111111111111111,3.70880588889122e-05,25,False,False,29,0.6666666666666666,nan
tabular,2,2026-10-02T18:05:27,nodeGcal1,3.11.9,unknown,13153033,6191,1,1,0.7019773125648499,pyxai,set,26,30,0.1950199643804037,1.0,0.13333333333333341,0.9555555555555555,0.8571428571428571,10,10,1.0,0.05817306600511074,26,True,nan,26,1.0,nan
tabular,2,2026-10-02T18:05:27,nodeGcal1,3.11.9,unknown,13153033,6191,1,1,0.7019773125648499,anchors,set,3,30,0.43856702236732337,0.94,0.9,0.11000000000000001,0.0,10,10,0.5,0.6445395299233496,26,False,nan,nan,0.11538461538461539,0.964516129032258
tabular,2,2026-10-02T18:05:27,nodeGcal1,3.11.9,unknown,13153033,6191,1,1,0.7019773125648499,lime,attribution,5,30,0.24757971423658798,0.81,0.5287791154340038,0.8999999999999998,0.6666666666666666,10,10,1.0,0.0568119790405035,26,False,False,27,0.7931034482758621,nan
tabular,2,2026-10-02T18:05:27,nodeGcal1,3.11.9,unknown,13153033,6191,1,1,0.7019773125648499,treeshap,attribution,5,30,0.261731010488464,0.93,0.6277333472308539,0.6476190476190476,0.42857142857142855,10,10,1.0,0.0009665791876614094,26,False,True,19,0.8571428571428571,nan
tabular,2,2026-10-02T18:05:27,nodeGcal1,3.11.9,unknown,13153033,6191,1,1,0.7019773125648499,random,attribution,5,30,0.3444727853972392,0.82,0.24452466550723018,0.07777777777777779,0.0,10,10,0.1111111111111111,3.6650802940130234e-05,26,False,True,26,0.7931034482758621,nan
tabular,2,2026-10-02T18:05:27,nodeGcal1,3.11.9,unknown,13153033,6279,0,0,0.704363226890564,pyxai,set,28,30,0.38253125472296695,1.0,0.06666666666666687,0.9862068965517242,1.0,10,10,1.0,0.05898618698120117,28,True,nan,28,1.0,nan
tabular,2,2026-10-02T18:05:27,nodeGcal1,3.11.9,unknown,13153033,6279,0,0,0.704363226890564,anchors,set,4,30,0.24769053792023088,0.86,0.8666666666666667,0.560952380952381,0.0,10,10,1.0,1.1163411582820117,28,False,nan,nan,0.14285714285714285,0.9625
tabular,2,2026-10-02T18:05:27,nodeGcal1,3.11.9,unknown,13153033,6279,0,0,0.704363226890564,lime,attribution,5,30,0.21472365745883096,0.94,0.6170032261732461,0.9666666666666666,1.0,10,10,0.6666666666666666,0.05671303393319249,28,False,True,25,0.8666666666666667,nan
tabular,2,2026-10-02T18:05:27,nodeGcal1,3.11.9,unknown,13153033,6279,0,0,0.704363226890564,treeshap,attribution,5,30,0.2532729684916648,0.92,0.6223204317582468,0.8666666666666666,0.6666666666666666,10,10,1.0,0.0010679359547793865,28,False,True,20,1.0,nan
tabular,2,2026-10-02T18:05:27,nodeGcal1,3.11.9,unknown,13153033,6279,0,0,0.704363226890564,random,attribution,5,30,0.02163599089940861,0.46,0.3438958914912582,0.07777777777777777,0.0,10,10,0.1111111111111111,3.99821437895298e-05,28,False,True,27,0.8666666666666667,nan
tabular,2,2026-10-02T18:05:27,nodeGcal1,3.11.9,unknown,13153033,6324,0,0,0.6741335391998291,pyxai,set,27,30,0.3520604267837445,1.0,0.10000000000000009,0.8896551724137932,0.8620689655172413,10,10,1.0,0.05716501222923398,27,True,nan,27,1.0,nan
tabular,2,2026-10-02T18:05:27,nodeGcal1,3.11.9,unknown,13153033,6324,0,0,0.6741335391998291,anchors,set,4,30,0.11837294930789197,0.84,0.8666666666666667,0.4133333333333334,0.3333333333333333,10,10,1.0,0.8451216570101678,27,False,nan,nan,0.14814814814814814,0.9622063329928499
tabular,2,2026-10-02T18:05:27,nodeGcal1,3.11.9,unknown,13153033,6324,0,0,0.6741335391998291,lime,attribution,5,30,0.1831429368694344,0.79,0.5997073402222168,0.7,0.6666666666666666,10,10,0.6666666666666666,0.04204571293666959,27,False,True,22,0.8620689655172413,nan
tabular,2,2026-10-02T18:05:27,nodeGcal1,3.11.9,unknown,13153033,6324,0,0,0.6741335391998291,treeshap,attribution,5,30,0.3107485320179762,0.92,0.6719171326572309,0.7,0.6666666666666666,10,10,1.0,0.0008723298087716103,27,False,True,25,0.8620689655172413,nan
tabular,2,2026-10-02T18:05:27,nodeGcal1,3.11.9,unknown,13153033,6324,0,0,0.6741335391998291,random,attribution,5,30,0.11701707962558014,0.85,0.23377987383860976,0.03333333333333333,0.0,10,10,0.1111111111111111,2.4926848709583282e-05,27,False,True,27,0.8,nan
tabular,2,2026-10-02T18:05:27,nodeGcal1,3.11.9,unknown,13153033,6327,1,1,0.7209945321083069,pyxai,set,24,30,0.21625241675519938,1.0,0.20000000000000018,0.7914529914529915,0.7777777777777778,10,10,1.0,0.05855712201446295,24,True,nan,24,1.0,nan
tabular,2,2026-10-02T18:05:27,nodeGcal1,3.11.9,unknown,13153033,6327,1,1,0.7209945321083069,anchors,set,2,30,0.12505595728141566,0.91,0.9333333333333333,0.4,0.3333333333333333,10,10,0.3333333333333333,0.3254888579249382,24,False,nan,nan,0.08333333333333333,0.9668874172185431
tabular,2,2026-10-02T18:05:27,nodeGcal1,3.11.9,unknown,13153033,6327,1,1,0.7209945321083069,lime,attribution,5,30,0.2535171760642796,0.95,0.581699147606644,0.9,0.6666666666666666,10,10,1.0,0.0573930349200964,24,False,False,26,0.6551724137931034,nan
tabular,2,2026-10-02T18:05:27,nodeGcal1,3.11.9,unknown,13153033,6327,1,1,0.7209945321083069,treeshap,attribution,5,30,0.23748886124586557,1.0,0.6391821557713526,0.8666666666666668,0.42857142857142855,10,10,1.0,0.0009247399866580963,24,False,True,22,0.8461538461538461,nan
tabular,2,2026-10-02T18:05:27,nodeGcal1,3.11.9,unknown,13153033,6327,1,1,0.7209945321083069,random,attribution,5,30,0.0,0.6,0.3399772492708725,0.11944444444444444,0.0,10,10,0.1111111111111111,2.441275864839554e-05,24,False,False,27,0.6551724137931034,nan
tabular,2,2026-10-02T18:05:27,nodeGcal1,3.11.9,unknown,13153033,6380,0,0,0.5039369463920593,pyxai,set,26,30,0.136950999443029,1.0,0.13333333333333341,0.962962962962963,0.9259259259259259,10,10,1.0,0.055804349947720766,26,True,nan,26,1.0,nan
tabular,2,2026-10-02T18:05:27,nodeGcal1,3.11.9,unknown,13153033,6380,0,0,0.5039369463920593,anchors,set,8,30,0.24096039828454346,0.88,0.7333333333333334,0.46716394716394716,0.23076923076923078,10,10,0.45454545454545453,1.5922201168723404,26,False,nan,nan,0.25925925925925924,0.9761904761904762
tabular,2,2026-10-02T18:05:27,nodeGcal1,3.11.9,unknown,13153033,6380,0,0,0.5039369463920593,lime,attribution,5,30,0.0,0.33,0.5415544541621672,0.7,0.6666666666666666,10,10,0.6666666666666666,0.05169010115787387,26,False,False,30,0.7333333333333333,nan
tabular,2,2026-10-02T18:05:27,nodeGcal1,3.11.9,unknown,13153033,6380,0,0,0.5039369463920593,treeshap,attribution,5,30,0.03910104476123756,0.35,0.5885499244871529,0.5916666666666666,0.25,10,10,1.0,0.000947058666497469,26,False,False,29,0.7931034482758621,nan
tabular,2,2026-10-02T18:05:27,nodeGcal1,3.11.9,unknown,13153033,6380,0,0,0.5039369463920593,random,attribution,5,30,0.0,0.18,0.3197558811673561,0.16944444444444445,0.0,10,10,0.1111111111111111,2.6569701731204987e-05,26,False,False,30,0.7931034482758621,nan
tabular,2,2026-10-02T18:05:27,nodeGcal1,3.11.9,unknown,13153033,6442,1,1,0.5890853404998779,pyxai,set,24,30,0.04075405849839101,1.0,0.20000000000000018,0.8694700854700855,0.7777777777777778,10,10,1.0,0.05718536814674735,24,True,nan,24,1.0,nan
tabular,2,2026-10-02T18:05:27,nodeGcal1,3.11.9,unknown,13153033,6442,1,1,0.5890853404998779,anchors,set,5,30,0.03556232528453301,0.91,0.8333333333333333,0.15,0.0,10,10,0.6666666666666666,1.3059719447046518,24,False,nan,nan,0.20833333333333334,0.962843295638126
tabular,2,2026-10-02T18:05:27,nodeGcal1,3.11.9,unknown,13153033,6442,1,1,0.5890853404998779,lime,attribution,5,30,0.0,0.36,0.5472587539832199,0.8333333333333333,0.6666666666666666,10,10,0.6666666666666666,0.05028909118846059,24,False,False,26,0.7777777777777778,nan
tabular,2,2026-10-02T18:05:27,nodeGcal1,3.11.9,unknown,13153033,6442,1,1,0.5890853404998779,treeshap,attribution,5,30,0.12164264006478866,0.76,0.5570141882289853,0.9,0.6666666666666666,10,10,1.0,0.0008877897635102272,24,False,True,24,0.8461538461538461,nan
tabular,2,2026-10-02T18:05:27,nodeGcal1,3.11.9,unknown,13153033,6442,1,1,0.5890853404998779,random,attribution,5,30,0.0,0.47,0.3531479929461896,0.08333333333333333,0.0,10,10,0.1111111111111111,2.175290137529373e-05,24,False,False,29,0.6,nan
tabular,2,2026-10-02T18:05:27,nodeGcal1,3.11.9,unknown,13153033,6537,0,0,0.5075387954711914,pyxai,set,27,30,0.1393804738130716,1.0,0.10000000000000009,0.9642857142857142,0.9285714285714286,10,10,1.0,0.05291671771556139,27,True,nan,27,1.0,nan
tabular,2,2026-10-02T18:05:27,nodeGcal1,3.11.9,unknown,13153033,6537,0,0,0.5075387954711914,anchors,set,7,30,0.0606346053029634,0.81,0.7666666666666666,0.5322222222222223,0.4,10,10,0.5555555555555556,1.3650194141082466,27,False,nan,nan,0.25925925925925924,0.9547325102880658
tabular,2,2026-10-02T18:05:27,nodeGcal1,3.11.9,unknown,13153033,6537,0,0,0.5075387954711914,lime,attribution,5,30,0.00544938584310579,0.76,0.5079742812782635,0.6666666666666667,0.6666666666666666,10,10,1.0,0.05117518175393343,27,False,False,28,0.8,nan
tabular,2,2026-10-02T18:05:27,nodeGcal1,3.11.9,unknown,13153033,6537,0,0,0.5075387954711914,treeshap,attribution,5,30,0.0,0.5,0.5330357151353782,0.7666666666666667,0.6666666666666666,10,10,1.0,0.0014902157709002495,27,False,False,28,0.8620689655172413,nan
tabular,2,2026-10-02T18:05:27,nodeGcal1,3.11.9,unknown,13153033,6537,0,0,0.5075387954711914,random,attribution,5,30,0.02405342140915044,0.43,0.38527203960864864,0.08055555555555556,0.0,10,10,0.1111111111111111,3.430200740695e-05,27,False,False,30,0.8620689655172413,nan
tabular,2,2026-10-02T18:05:27,nodeGcal1,3.11.9,unknown,13153033,6539,1,1,0.5290627479553223,pyxai,set,26,30,0.0,1.0,0.13333333333333341,0.9925925925925926,0.9259259259259259,10,10,1.0,0.05235584173351526,26,True,nan,26,1.0,nan
tabular,2,2026-10-02T18:05:27,nodeGcal1,3.11.9,unknown,13153033,6539,1,1,0.5290627479553223,anchors,set,5,30,0.049960794033482796,0.87,0.8333333333333333,0.2837301587301587,0.1111111111111111,10,10,0.6666666666666666,1.4314800221472979,26,False,nan,nan,0.19230769230769232,0.9509803921568627
tabular,2,2026-10-02T18:05:27,nodeGcal1,3.11.9,unknown,13153033,6539,1,1,0.5290627479553223,lime,attribution,5,30,0.0,0.4,0.49293671006688433,0.9,0.6666666666666666,10,10,1.0,0.02465867204591632,26,False,True,25,0.7931034482758621,nan
tabular,2,2026-10-02T18:05:27,nodeGcal1,3.11.9,unknown,13153033,6539,1,1,0.5290627479553223,treeshap,attribution,5,30,0.0,0.64,0.5015200720243407,0.9333333333333332,0.6666666666666666,10,10,1.0,0.0009133508428931236,26,False,True,26,1.0,nan
tabular,2,2026-10-02T18:05:27,nodeGcal1,3.11.9,unknown,13153033,6539,1,1,0.5290627479553223,random,attribution,5,30,0.0,0.41,0.3880544943866465,0.053968253968253964,0.0,10,10,0.1111111111111111,3.52589413523674e-05,26,False,False,28,0.8571428571428571,nan
tabular,2,2026-10-02T18:05:27,nodeGcal1,3.11.9,unknown,13153033,6665,1,1,0.5431544184684753,pyxai,set,25,30,0.0,1.0,0.16666666666666652,0.9615384615384615,0.9230769230769231,10,10,1.0,0.053428292740136385,25,True,nan,25,1.0,nan
tabular,2,2026-10-02T18:05:27,nodeGcal1,3.11.9,unknown,13153033,6665,1,1,0.5431544184684753,anchors,set,5,30,0.318712710363508,0.9,0.8333333333333333,0.45,0.25,10,10,1.0,0.6762481951154768,25,False,nan,nan,0.2,0.9557109557109557
tabular,2,2026-10-02T18:05:27,nodeGcal1,3.11.9,unknown,13153033,6665,1,1,0.5431544184684753,lime,attribution,5,30,0.0,0.15,0.6051617311344165,0.8666666666666666,0.6666666666666666,10,10,0.6666666666666666,0.053228504955768585,25,False,False,30,0.7241379310344828,nan
tabular,2,2026-10-02T18:05:27,nodeGcal1,3.11.9,unknown,13153033,6665,1,1,0.5431544184684753,treeshap,attribution,5,30,0.07551846510865866,0.64,0.6505543663983846,0.7285714285714285,0.42857142857142855,10,10,1.0,0.0011965781450271606,25,False,True,25,0.8518518518518519,nan
tabular,2,2026-10-02T18:05:27,nodeGcal1,3.11.9,unknown,13153033,6665,1,1,0.5431544184684753,random,attribution,5,30,0.0671360231345127,0.48,0.28565259216824845,0.09444444444444444,0.0,10,10,0.0,2.2663269191980362e-05,25,False,False,29,0.6666666666666666,nan
tabular,2,2026-10-02T18:05:27,nodeGcal1,3.11.9,unknown,13153033,6671,1,1,0.514707088470459,pyxai,set,26,30,0.0,1.0,0.13333333333333341,0.9555555555555555,0.9259259259259259,10,10,1.0,0.05439731292426586,26,True,nan,26,1.0,nan
tabular,2,2026-10-02T18:05:27,nodeGcal1,3.11.9,unknown,13153033,6671,1,1,0.514707088470459,anchors,set,6,30,0.07644343855351814,0.88,0.8,0.1806060606060606,0.09090909090909091,10,10,0.7142857142857143,1.1976910140365362,26,False,nan,nan,0.23076923076923078,0.9738372093023255
tabular,2,2026-10-02T18:05:27,nodeGcal1,3.11.9,unknown,13153033,6671,1,1,0.514707088470459,lime,attribution,5,30,0.0,0.24,0.5570522656730688,0.7,0.6666666666666666,10,10,1.0,0.05208678310737014,26,False,True,24,0.7931034482758621,nan
tabular,2,2026-10-02T18:05:27,nodeGcal1,3.11.9,unknown,13153033,6671,1,1,0.514707088470459,treeshap,attribution,5,30,0.0,0.46,0.6186092389272304,0.7333333333333333,0.42857142857142855,10,10,1.0,0.0011206129565835,26,False,False,30,0.9259259259259259,nan
tabular,2,2026-10-02T18:05:27,nodeGcal1,3.11.9,unknown,13153033,6671,1,1,0.514707088470459,random,attribution,5,30,0.0,0.5,0.3713901847453627,0.13055555555555554,0.0,10,10,0.0,3.6451034247875214e-05,26,False,False,30,0.7333333333333333,nan
tabular,2,2026-10-02T18:05:27,nodeGcal1,3.11.9,unknown,13153033,6705,0,0,0.6224045753479004,pyxai,set,25,30,0.30122255659143615,1.0,0.16666666666666652,1.0,1.0,10,10,1.0,0.056261587888002396,25,True,nan,25,1.0,nan
tabular,2,2026-10-02T18:05:27,nodeGcal1,3.11.9,unknown,13153033,6705,0,0,0.6224045753479004,anchors,set,5,30,0.34158381707484314,0.86,0.8333333333333333,0.5357142857142858,0.1111111111111111,10,10,0.42857142857142855,1.107295657042414,25,False,nan,nan,0.2,0.9661016949152542
tabular,2,2026-10-02T18:05:27,nodeGcal1,3.11.9,unknown,13153033,6705,0,0,0.6224045753479004,lime,attribution,5,30,0.217341893712982,0.87,0.5797389380898749,1.0,1.0,10,10,1.0,0.04375593410804868,25,False,False,28,0.7241379310344828,nan
tabular,2,2026-10-02T18:05:27,nodeGcal1,3.11.9,unknown,13153033,6705,0,0,0.6224045753479004,treeshap,attribution,5,30,0.34158381707484314,0.87,0.6686413619979993,0.8666666666666666,0.6666666666666666,10,10,1.0,0.0008603287860751152,25,False,False,27,0.7857142857142857,nan
tabular,2,2026-10-02T18:05:27,nodeGcal1,3.11.9,unknown,13153033,6705,0,0,0.6224045753479004,random,attribution,5,30,0.0,0.39,0.3127994445453015,0.09444444444444444,0.0,10,10,0.1111111111111111,3.585172817111015e-05,25,False,False,27,0.7857142857142857,nan
tabular,2,2026-10-02T18:05:27,nodeGcal1,3.11.9,unknown,13153033,6725,0,0,0.507367730140686,pyxai,set,27,30,0.14278687411436125,1.0,0.10000000000000009,1.0,0.8620689655172413,10,10,1.0,0.05461213877424598,27,True,nan,27,1.0,nan
tabular,2,2026-10-02T18:05:27,nodeGcal1,3.11.9,unknown,13153033,6725,0,0,0.507367730140686,anchors,set,5,30,0.19182497440737536,0.84,0.8333333333333333,0.6916666666666667,0.25,10,10,0.6666666666666666,1.4631790569983423,27,False,nan,nan,0.18518518518518517,0.9581993569131833
tabular,2,2026-10-02T18:05:27,nodeGcal1,3.11.9,unknown,13153033,6725,0,0,0.507367730140686,lime,attribution,5,30,0.12614691024125557,0.75,0.5318170281264762,0.9333333333333332,0.6666666666666666,10,10,1.0,0.052218039985746145,27,False,False,30,0.8620689655172413,nan
tabular,2,2026-10-02T18:05:27,nodeGcal1,3.11.9,unknown,13153033,6725,0,0,0.507367730140686,treeshap,attribution,5,30,0.03446634003029528,0.71,0.5609708718159125,0.8333333333333333,0.6666666666666666,10,10,1.0,0.001468125730752945,27,False,False,29,0.8620689655172413,nan
tabular,2,2026-10-02T18:05:27,nodeGcal1,3.11.9,unknown,13153033,6725,0,0,0.507367730140686,random,attribution,5,30,0.0,0.58,0.3058285731803845,0.1,0.0,10,10,0.0,3.472389653325081e-05,27,False,False,30,0.8,nan
tabular,2,2026-10-02T18:05:27,nodeGcal1,3.11.9,unknown,13153033,6783,0,0,0.6949294805526733,pyxai,set,26,30,0.3714501832149668,1.0,0.13333333333333341,0.9703703703703704,0.9259259259259259,10,10,1.0,0.057685231789946556,26,True,nan,26,1.0,nan
tabular,2,2026-10-02T18:05:27,nodeGcal1,3.11.9,unknown,13153033,6783,0,0,0.6949294805526733,anchors,set,4,30,0.2253819415794621,0.91,0.8666666666666667,0.49428571428571433,0.0,10,10,1.0,1.2586053498089314,26,False,nan,nan,0.15384615384615385,0.9727891156462585
tabular,2,2026-10-02T18:05:27,nodeGcal1,3.11.9,unknown,13153033,6783,0,0,0.6949294805526733,lime,attribution,5,30,0.1914328369320752,0.95,0.6039791218093995,0.9666666666666666,0.6666666666666666,10,10,0.6666666666666666,0.024073539301753044,26,False,True,23,0.7931034482758621,nan
tabular,2,2026-10-02T18:05:27,nodeGcal1,3.11.9,unknown,13153033,6783,0,0,0.6949294805526733,treeshap,attribution,5,30,0.20464874205998432,0.88,0.6503062364081779,1.0,1.0,10,10,1.0,0.0011066673323512077,26,False,True,20,0.8571428571428571,nan
tabular,2,2026-10-02T18:05:27,nodeGcal1,3.11.9,unknown,13153033,6783,0,0,0.6949294805526733,random,attribution,5,30,0.05693318679109377,0.49,0.2755034068145156,0.15555555555555556,0.0,10,10,0.1111111111111111,2.411799505352974e-05,26,False,True,26,0.7931034482758621,nan
tabular,2,2026-10-02T18:05:27,nodeGcal1,3.11.9,unknown,13153033,6803,1,1,0.5879777073860168,pyxai,set,26,30,0.07519117039272334,1.0,0.13333333333333341,0.9555555555555555,0.9259259259259259,10,10,1.0,0.054785344284027815,26,True,nan,26,1.0,nan
tabular,2,2026-10-02T18:05:27,nodeGcal1,3.11.9,unknown,13153033,6803,1,1,0.5879777073860168,anchors,set,4,30,0.19826346231571404,0.93,0.8666666666666667,0.5809523809523809,0.14285714285714285,10,10,0.3333333333333333,0.6484410432167351,26,False,nan,nan,0.15384615384615385,0.9903846153846154
tabular,2,2026-10-02T18:05:27,nodeGcal1,3.11.9,unknown,13153033,6803,1,1,0.5879777073860168,lime,attribution,5,30,0.029570904288443084,0.64,0.524116436581621,0.7666666666666666,0.6666666666666666,10,10,0.6666666666666666,0.04235175717622042,26,False,True,20,0.8571428571428571,nan
tabular,2,2026-10-02T18:05:27,nodeGcal1,3.11.9,unknown,13153033,6803,1,1,0.5879777073860168,treeshap,attribution,5,30,0.26701571848267175,0.92,0.5582603193648494,1.0,0.6666666666666666,10,10,1.0,0.0010829027742147446,26,False,True,25,0.8571428571428571,nan
tabular,2,2026-10-02T18:05:27,nodeGcal1,3.11.9,unknown,13153033,6803,1,1,0.5879777073860168,random,attribution,5,30,0.037441347262020704,0.59,0.35141103223065007,0.1261904761904762,0.0,10,10,0.1111111111111111,2.3214146494865417e-05,26,False,False,28,0.7931034482758621,nan
tabular,2,2026-10-02T18:05:27,nodeGcal1,3.11.9,unknown,13153033,6859,0,0,0.54985511302948,pyxai,set,27,30,0.2090238544274831,1.0,0.10000000000000009,0.9928571428571429,0.9285714285714286,10,10,1.0,0.05698163202032447,27,True,nan,27,1.0,nan
tabular,2,2026-10-02T18:05:27,nodeGcal1,3.11.9,unknown,13153033,6859,0,0,0.54985511302948,anchors,set,6,30,0.12258930532318675,0.89,0.8,0.37333333333333335,0.3333333333333333,10,10,0.7142857142857143,1.4466725094243884,27,False,nan,nan,0.2222222222222222,0.9747474747474747
tabular,2,2026-10-02T18:05:27,nodeGcal1,3.11.9,unknown,13153033,6859,0,0,0.54985511302948,lime,attribution,5,30,0.0,0.5,0.5334336017368531,0.8999999999999998,0.6666666666666666,10,10,0.6666666666666666,0.04486653534695506,27,False,True,26,0.9285714285714286,nan
tabular,2,2026-10-02T18:05:27,nodeGcal1,3.11.9,unknown,13153033,6859,0,0,0.54985511302948,treeshap,attribution,5,30,0.12258930532318675,0.58,0.4941682436992586,1.0,0.6666666666666666,10,10,1.0,0.0008595697581768036,27,False,True,25,0.9285714285714286,nan
tabular,2,2026-10-02T18:05:27,nodeGcal1,3.11.9,unknown,13153033,6859,0,0,0.54985511302948,random,attribution,5,30,0.0398478575372806,0.58,0.33486526612450984,0.05555555555555556,0.0,10,10,0.1111111111111111,2.2156164050102234e-05,27,False,False,29,0.8620689655172413,nan
tabular,2,2026-10-02T18:05:27,nodeGcal1,3.11.9,unknown,13153033,6983,0,0,0.5978951454162598,pyxai,set,28,30,0.2725776730891467,1.0,0.06666666666666687,0.993103448275862,0.9310344827586207,10,10,1.0,0.058117146138101816,28,True,nan,28,1.0,nan
tabular,2,2026-10-02T18:05:27,nodeGcal1,3.11.9,unknown,13153033,6983,0,0,0.5978951454162598,anchors,set,5,30,0.13518451171845405,0.82,0.8333333333333333,0.4257936507936508,0.25,10,10,1.0,1.3978611659258604,28,False,nan,nan,0.17857142857142858,0.9637262984336357
tabular,2,2026-10-02T18:05:27,nodeGcal1,3.11.9,unknown,13153033,6983,0,0,0.5978951454162598,lime,attribution,5,30,0.0,0.39,0.5387517753725966,0.7333333333333334,0.6666666666666666,10,10,0.6666666666666666,0.04827772034332156,28,False,True,24,0.8666666666666667,nan
tabular,2,2026-10-02T18:05:27,nodeGcal1,3.11.9,unknown,13153033,6983,0,0,0.5978951454162598,treeshap,attribution,5,30,0.2025928380534933,0.78,0.5247591849784279,0.9333333333333332,0.6666666666666666,10,10,1.0,0.0008663712069392204,28,False,True,25,0.9310344827586207,nan
tabular,2,2026-10-02T18:05:27,nodeGcal1,3.11.9,unknown,13153033,6983,0,0,0.5978951454162598,random,attribution,5,30,0.0,0.47,0.22721183227853836,0.08333333333333333,0.0,10,10,0.1111111111111111,3.650086000561714e-05,28,False,True,25,0.9310344827586207,nan
tabular,2,2026-10-02T18:05:27,nodeGcal1,3.11.9,unknown,13153033,7061,0,0,0.7184453010559082,pyxai,set,27,30,0.394634111618257,1.0,0.10000000000000009,1.0,0.9285714285714286,10,10,1.0,0.057990194763988256,27,True,nan,27,1.0,nan
tabular,2,2026-10-02T18:05:27,nodeGcal1,3.11.9,unknown,13153033,7061,0,0,0.7184453010559082,anchors,set,4,30,0.25189571305027114,0.85,0.8666666666666667,0.5295238095238095,0.14285714285714285,10,10,0.6,1.0611582431010902,27,False,nan,nan,0.14814814814814814,0.9641025641025641
tabular,2,2026-10-02T18:05:27,nodeGcal1,3.11.9,unknown,13153033,7061,0,0,0.7184453010559082,lime,attribution,5,30,0.22377336995225955,0.97,0.563189327978793,1.0,1.0,10,10,1.0,0.04260461824014783,27,False,True,27,0.8620689655172413,nan
tabular,2,2026-10-02T18:05:27,nodeGcal1,3.11.9,unknown,13153033,7061,0,0,0.7184453010559082,treeshap,attribution,5,30,0.25220732347551483,0.81,0.6332672458208495,0.8,0.6666666666666666,10,10,1.0,0.0012168860994279385,27,False,True,20,0.8620689655172413,nan
tabular,2,2026-10-02T18:05:27,nodeGcal1,3.11.9,unknown,13153033,7061,0,0,0.7184453010559082,random,attribution,5,30,0.04864623688100198,0.62,0.34767889442908784,0.04722222222222222,0.0,10,10,0.1111111111111111,3.926688805222511e-05,27,False,True,25,0.8,nan
tabular,2,2026-10-02T18:05:27,nodeGcal1,3.11.9,unknown,13153033,7128,0,0,0.5083203911781311,pyxai,set,26,30,0.14439340723793917,1.0,0.13333333333333341,0.9703703703703704,0.9259259259259259,10,10,1.0,0.0549992099404335,26,True,nan,26,1.0,nan
tabular,2,2026-10-02T18:05:27,nodeGcal1,3.11.9,unknown,13153033,7128,0,0,0.5083203911781311,anchors,set,6,30,0.17244457535651422,0.89,0.8,0.43294372294372296,0.0,10,10,1.0,1.1141548031009734,26,False,nan,nan,0.23076923076923078,0.9643605870020965
tabular,2,2026-10-02T18:05:27,nodeGcal1,3.11.9,unknown,13153033,7128,0,0,0.5083203911781311,lime,attribution,5,30,0.12844995093337974,0.82,0.5543545302220749,0.9,0.6666666666666666,10,10,1.0,0.05085846921429038,26,False,False,30,0.7333333333333333,nan
tabular,2,2026-10-02T18:05:27,nodeGcal1,3.11.9,unknown,13153033,7128,0,0,0.5083203911781311,treeshap,attribution,5,30,0.10727068932826513,0.59,0.576351848648017,0.7666666666666667,0.6666666666666666,10,10,1.0,0.0011909287422895432,26,False,False,27,0.8571428571428571,nan
tabular,2,2026-10-02T18:05:27,nodeGcal1,3.11.9,unknown,13153033,7128,0,0,0.5083203911781311,random,attribution,5,30,0.021557418733446833,0.61,0.34138858539704287,0.08333333333333333,0.0,10,10,0.1111111111111111,3.365520387887955e-05,26,False,False,30,0.7333333333333333,nan
tabular,2,2026-10-02T18:05:27,nodeGcal1,3.11.9,unknown,13153033,7153,1,1,0.52732914686203,pyxai,set,25,30,0.0,1.0,0.16666666666666652,0.915954415954416,0.9230769230769231,10,10,1.0,0.05569787882268429,25,True,nan,25,1.0,nan
tabular,2,2026-10-02T18:05:27,nodeGcal1,3.11.9,unknown,13153033,7153,1,1,0.52732914686203,anchors,set,7,30,0.13384668335383906,0.98,0.7666666666666666,0.1984848484848485,0.16666666666666666,10,10,0.5555555555555556,2.393252829089761,25,False,nan,nan,0.28,0.958041958041958
tabular,2,2026-10-02T18:05:27,nodeGcal1,3.11.9,unknown,13153033,7153,1,1,0.52732914686203,lime,attribution,5,30,0.001194513691751492,0.56,0.5437361281046674,0.8333333333333333,0.6666666666666666,10,10,1.0,0.02607886493206024,25,False,False,28,0.7241379310344828,nan
tabular,2,2026-10-02T18:05:27,nodeGcal1,3.11.9,unknown,13153033,7153,1,1,0.52732914686203,treeshap,attribution,5,30,0.038324809839139655,0.53,0.5056942520087033,1.0,1.0,10,10,1.0,0.0009032152593135834,25,False,True,23,0.9230769230769231,nan
tabular,2,2026-10-02T18:05:27,nodeGcal1,3.11.9,unknown,13153033,7153,1,1,0.52732914686203,random,attribution,5,30,0.11336283070808958,0.68,0.33259857767198053,0.06944444444444445,0.0,10,10,0.0,3.779307007789612e-05,25,False,False,26,0.7241379310344828,nan
tabular,2,2026-10-02T18:05:27,nodeGcal1,3.11.9,unknown,13153033,7176,1,1,0.557305097579956,pyxai,set,25,30,0.0,1.0,0.16666666666666652,0.9028490028490028,0.8518518518518519,10,10,1.0,0.055813088081777096,25,True,nan,25,1.0,nan
tabular,2,2026-10-02T18:05:27,nodeGcal1,3.11.9,unknown,13153033,7176,1,1,0.557305097579956,anchors,set,6,30,0.12127391490164521,0.89,0.8,0.36,0.2,10,10,0.7142857142857143,1.869611016009003,25,False,nan,nan,0.24,0.9659574468085106
tabular,2,2026-10-02T18:05:27,nodeGcal1,3.11.9,unknown,13153033,7176,1,1,0.557305097579956,lime,attribution,5,30,0.025549656107981707,0.46,0.4949435930526501,0.8333333333333334,0.6666666666666666,10,10,0.6666666666666666,0.05826850514858961,25,False,True,25,0.7857142857142857,nan
tabular,2,2026-10-02T18:05:27,nodeGcal1,3.11.9,unknown,13153033,7176,1,1,0.557305097579956,treeshap,attribution,5,30,0.08862657951398648,0.71,0.5268105840275201,0.5,0.42857142857142855,10,10,1.0,0.0008919788524508476,25,False,True,23,0.9230769230769231,nan
tabular,2,2026-10-02T18:05:27,nodeGcal1,3.11.9,unknown,13153033,7176,1,1,0.557305097579956,random,attribution,5,30,0.0,0.33,0.359566374256566,0.08333333333333334,0.0,10,10,0.1111111111111111,2.224789932370186e-05,25,False,False,27,0.7241379310344828,nan
tabular,2,2026-10-02T18:05:27,nodeGcal1,3.11.9,unknown,13153033,7439,1,1,0.576866626739502,pyxai,set,27,30,0.020436101033496256,1.0,0.10000000000000009,1.0,1.0,10,10,1.0,0.05576551705598831,27,True,nan,27,1.0,nan
tabular,2,2026-10-02T18:05:27,nodeGcal1,3.11.9,unknown,13153033,7439,1,1,0.576866626739502,anchors,set,6,30,0.13078340057713117,0.95,0.8,0.12363636363636363,0.09090909090909091,10,10,0.5,1.1407160819508135,27,False,nan,nan,0.2222222222222222,0.9552238805970149
tabular,2,2026-10-02T18:05:27,nodeGcal1,3.11.9,unknown,13153033,7439,1,1,0.576866626739502,lime,attribution,5,30,0.014850567501283295,0.46,0.49429700498030804,0.8666666666666666,0.6666666666666666,10,10,1.0,0.042266929987818,27,False,False,29,0.8620689655172413,nan
tabular,2,2026-10-02T18:05:27,nodeGcal1,3.11.9,unknown,13153033,7439,1,1,0.576866626739502,treeshap,attribution,5,30,0.0951416046097752,0.66,0.545264143935073,0.8333333333333333,0.6666666666666666,10,10,1.0,0.0012928266078233719,27,False,True,23,1.0,nan
tabular,2,2026-10-02T18:05:27,nodeGcal1,3.11.9,unknown,13153033,7439,1,1,0.576866626739502,random,attribution,5,30,0.07247802694215545,0.6,0.3552433540576717,0.1484126984126984,0.0,10,10,0.0,2.597132697701454e-05,27,False,False,29,0.8620689655172413,nan
tabular,2,2026-10-02T18:05:27,nodeGcal1,3.11.9,unknown,13153033,7546,0,0,0.6314998865127563,pyxai,set,29,30,0.3112868470505842,1.0,0.033333333333333326,1.0,0.9333333333333333,10,10,1.0,0.0577993462793529,29,True,nan,29,1.0,nan
tabular,2,2026-10-02T18:05:27,nodeGcal1,3.11.9,unknown,13153033,7546,0,0,0.6314998865127563,anchors,set,5,30,0.17399387058380472,0.94,0.8333333333333333,0.4599206349206349,0.1111111111111111,10,10,0.6666666666666666,1.072160576004535,29,False,nan,nan,0.1724137931034483,0.9691833590138675
tabular,2,2026-10-02T18:05:27,nodeGcal1,3.11.9,unknown,13153033,7546,0,0,0.6314998865127563,lime,attribution,5,30,0.14250939846962804,0.84,0.5512543698860434,1.0,1.0,10,10,0.6666666666666666,0.047004986088722944,29,False,True,24,0.9333333333333333,nan
tabular,2,2026-10-02T18:05:27,nodeGcal1,3.11.9,unknown,13153033,7546,0,0,0.6314998865127563,treeshap,attribution,5,30,0.21835096618061106,0.86,0.6035872092179089,0.8333333333333333,0.6666666666666666,10,10,1.0,0.0008563618175685406,29,False,True,21,1.0,nan
tabular,2,2026-10-02T18:05:27,nodeGcal1,3.11.9,unknown,13153033,7546,0,0,0.6314998865127563,random,attribution,5,30,0.010462292386555303,0.53,0.3345324445868253,0.11666666666666667,0.0,10,10,0.1111111111111111,3.6345794796943665e-05,29,False,True,25,1.0,nan
tabular,2,2026-10-02T18:05:27,nodeGcal1,3.11.9,unknown,13153033,7553,1,1,0.691690981388092,pyxai,set,28,30,0.18304887980670506,1.0,0.06666666666666687,0.9319540229885057,0.8666666666666667,10,10,1.0,0.05698212003335357,28,True,nan,28,1.0,nan
tabular,2,2026-10-02T18:05:27,nodeGcal1,3.11.9,unknown,13153033,7553,1,1,0.691690981388092,anchors,set,2,30,0.34764412090361374,0.99,0.9333333333333333,1.0,1.0,10,10,1.0,0.30422368785366416,28,False,nan,nan,0.07142857142857142,0.9872340425531915
tabular,2,2026-10-02T18:05:27,nodeGcal1,3.11.9,unknown,13153033,7553,1,1,0.691690981388092,lime,attribution,5,30,0.1907353682132049,0.95,0.5383182383939745,0.8,0.6666666666666666,10,10,0.6666666666666666,0.04739530012011528,28,False,True,28,0.8666666666666667,nan
tabular,2,2026-10-02T18:05:27,nodeGcal1,3.11.9,unknown,13153033,7553,1,1,0.691690981388092,treeshap,attribution,5,30,0.26451114549005317,0.95,0.696672422790416,0.7,0.42857142857142855,10,10,1.0,0.0009035225957632065,28,False,True,21,1.0,nan
tabular,2,2026-10-02T18:05:27,nodeGcal1,3.11.9,unknown,13153033,7553,1,1,0.691690981388092,random,attribution,5,30,0.0,0.26,0.35508873654680984,0.061111111111111116,0.0,10,10,0.0,2.2631138563156128e-05,28,False,True,27,0.8666666666666667,nan
tabular,2,2026-10-02T18:05:27,nodeGcal1,3.11.9,unknown,13153033,7619,0,0,0.5330199599266052,pyxai,set,26,30,0.18404129183588963,1.0,0.13333333333333341,0.9703703703703704,0.9259259259259259,10,10,1.0,0.055732475128024817,26,True,nan,26,1.0,nan
tabular,2,2026-10-02T18:05:27,nodeGcal1,3.11.9,unknown,13153033,7619,0,0,0.5330199599266052,anchors,set,6,30,0.1467206763677328,0.83,0.8,0.3458008658008659,0.09090909090909091,10,10,0.3333333333333333,1.1328765922226012,26,False,nan,nan,0.23076923076923078,0.9673704414587332
tabular,2,2026-10-02T18:05:27,nodeGcal1,3.11.9,unknown,13153033,7619,0,0,0.5330199599266052,lime,attribution,5,30,0.10703050156269027,0.71,0.5458585658240112,0.7,0.6666666666666666,10,10,0.6666666666666666,0.048104328103363514,26,False,False,29,0.7931034482758621,nan
tabular,2,2026-10-02T18:05:27,nodeGcal1,3.11.9,unknown,13153033,7619,0,0,0.5330199599266052,treeshap,attribution,5,30,0.10815254773476725,0.46,0.5443236475034823,0.8,0.6666666666666666,10,10,1.0,0.000886979978531599,26,False,True,24,0.9259259259259259,nan
tabular,2,2026-10-02T18:05:27,nodeGcal1,3.11.9,unknown,13153033,7619,0,0,0.5330199599266052,random,attribution,5,30,0.19445516405703894,0.56,0.33477091735642794,0.09166666666666665,0.0,10,10,0.0,2.2342894226312637e-05,26,False,False,30,0.8571428571428571,nan
tabular,2,2026-10-02T18:05:27,nodeGcal1,3.11.9,unknown,13153033,7624,1,1,0.7131413817405701,pyxai,set,26,30,0.21025168817789452,1.0,0.13333333333333341,0.962962962962963,0.9259259259259259,10,10,1.0,0.05718539794906974,26,True,nan,26,1.0,nan
tabular,2,2026-10-02T18:05:27,nodeGcal1,3.11.9,unknown,13153033,7624,1,1,0.7131413817405701,anchors,set,2,30,0.3490648230389718,0.98,0.9333333333333333,0.8666666666666666,0.3333333333333333,10,10,1.0,0.30272694723680615,26,False,nan,nan,0.07692307692307693,0.9928057553956835
tabular,2,2026-10-02T18:05:27,nodeGcal1,3.11.9,unknown,13153033,7624,1,1,0.7131413817405701,lime,attribution,5,30,0.46341196772760007,1.0,0.5688060524007879,0.7095238095238096,0.42857142857142855,10,10,0.42857142857142855,0.04725967068225145,26,False,True,25,0.7333333333333333,nan
tabular,2,2026-10-02T18:05:27,nodeGcal1,3.11.9,unknown,13153033,7624,1,1,0.7131413817405701,treeshap,attribution,5,30,0.30217496270433425,0.99,0.7610802836725987,0.8333333333333333,0.42857142857142855,10,10,1.0,0.0008972943760454655,26,False,True,23,0.8571428571428571,nan
tabular,2,2026-10-02T18:05:27,nodeGcal1,3.11.9,unknown,13153033,7624,1,1,0.7131413817405701,random,attribution,5,30,0.2040379030445583,0.89,0.31461009625259295,0.14166666666666666,0.0,10,10,0.0,3.343215212225914e-05,26,False,False,28,0.7931034482758621,nan
tabular,2,2026-10-02T18:05:27,nodeGcal1,3.11.9,unknown,13153033,7723,1,1,0.6542378664016724,pyxai,set,25,30,0.13628092916641232,1.0,0.16666666666666652,0.9472934472934472,0.8518518518518519,10,10,1.0,0.05622958904132247,25,True,nan,25,1.0,nan
tabular,2,2026-10-02T18:05:27,nodeGcal1,3.11.9,unknown,13153033,7723,1,1,0.6542378664016724,anchors,set,2,30,0.28153255790435566,1.0,0.9333333333333333,0.6666666666666666,0.3333333333333333,10,10,1.0,0.2930717929266393,25,False,nan,nan,0.08,0.9578544061302682
tabular,2,2026-10-02T18:05:27,nodeGcal1,3.11.9,unknown,13153033,7723,1,1,0.6542378664016724,lime,attribution,5,30,0.2583151502010242,0.98,0.5699266005340814,0.9333333333333332,0.6666666666666666,10,10,1.0,0.043401231057941914,25,False,True,24,0.7241379310344828,nan
tabular,2,2026-10-02T18:05:27,nodeGcal1,3.11.9,unknown,13153033,7723,1,1,0.6542378664016724,treeshap,attribution,5,30,0.24674275187700034,0.99,0.7333033368979327,0.7333333333333333,0.6666666666666666,10,10,1.0,0.001150426920503378,25,False,True,24,0.9230769230769231,nan
tabular,2,2026-10-02T18:05:27,nodeGcal1,3.11.9,unknown,13153033,7723,1,1,0.6542378664016724,random,attribution,5,30,0.18559367509422584,0.99,0.3215516367254809,0.13055555555555556,0.0,10,10,0.1111111111111111,3.493111580610275e-05,25,False,False,30,0.7241379310344828,nan
tabular,2,2026-10-02T18:05:27,nodeGcal1,3.11.9,unknown,13153033,7768,0,0,0.623667299747467,pyxai,set,26,30,0.2996301107068342,1.0,0.13333333333333341,0.9052910052910053,0.8571428571428571,10,10,1.0,0.05548698594793677,26,True,nan,26,1.0,nan
tabular,2,2026-10-02T18:05:27,nodeGcal1,3.11.9,unknown,13153033,7768,0,0,0.623667299747467,anchors,set,4,30,0.12363943616420703,0.9,0.8666666666666667,0.3371428571428572,0.14285714285714285,10,10,0.3333333333333333,0.7777627278119326,26,False,nan,nan,0.15384615384615385,0.96
tabular,2,2026-10-02T18:05:27,nodeGcal1,3.11.9,unknown,13153033,7768,0,0,0.623667299747467,lime,attribution,5,30,0.19617493394356195,0.93,0.5541736172216505,0.9333333333333332,0.6666666666666666,10,10,1.0,0.04711174312978983,26,False,False,29,0.8571428571428571,nan
tabular,2,2026-10-02T18:05:27,nodeGcal1,3.11.9,unknown,13153033,7768,0,0,0.623667299747467,treeshap,attribution,5,30,0.20597260871489106,0.67,0.6417085393820692,0.6666666666666667,0.6666666666666666,10,10,1.0,0.0009013558737933636,26,False,True,25,0.8571428571428571,nan
tabular,2,2026-10-02T18:05:27,nodeGcal1,3.11.9,unknown,13153033,7768,0,0,0.623667299747467,random,attribution,5,30,0.023186629280479647,0.82,0.36698365852170156,0.11666666666666665,0.0,10,10,0.1111111111111111,3.870902583003044e-05,26,False,True,23,0.7333333333333333,nan
tabular,2,2026-10-02T18:05:27,nodeGcal1,3.11.9,unknown,13153033,7796,1,1,0.6576308608055115,pyxai,set,27,30,0.24634351818576905,1.0,0.10000000000000009,0.9238423645320196,0.8,10,10,1.0,0.057283961679786444,27,True,nan,27,1.0,nan
tabular,2,2026-10-02T18:05:27,nodeGcal1,3.11.9,unknown,13153033,7796,1,1,0.6576308608055115,anchors,set,2,30,0.2034038129411962,1.0,0.9333333333333333,0.5999999999999999,0.3333333333333333,10,10,1.0,0.3648733668960631,27,False,nan,nan,0.07407407407407407,0.9710610932475884
tabular,2,2026-10-02T18:05:27,nodeGcal1,3.11.9,unknown,13153033,7796,1,1,0.6576308608055115,lime,attribution,5,30,0.12178598894338595,1.0,0.5624691725800905,0.9,0.6666666666666666,10,10,0.6666666666666666,0.042660849168896675,27,False,True,20,0.8,nan
tabular,2,2026-10-02T18:05:27,nodeGcal1,3.11.9,unknown,13153033,7796,1,1,0.6576308608055115,treeshap,attribution,5,30,0.1348526245523177,1.0,0.6786850186603812,0.5059523809523809,0.25,10,10,1.0,0.000920069869607687,27,False,True,20,0.8620689655172413,nan
tabular,2,2026-10-02T18:05:27,nodeGcal1,3.11.9,unknown,13153033,7796,1,1,0.6576308608055115,random,attribution,5,30,0.024449627783017007,0.55,0.3504088657391221,0.11944444444444444,0.0,10,10,0.25,5.356874316930771e-05,27,False,False,28,0.8,nan
tabular,2,2026-10-02T18:05:27,nodeGcal1,3.11.9,unknown,13153033,7862,1,1,0.5874132513999939,pyxai,set,26,30,0.041216382201443934,1.0,0.13333333333333341,0.9259259259259259,0.9259259259259259,10,10,1.0,0.05691357469186187,26,True,nan,26,1.0,nan
tabular,2,2026-10-02T18:05:27,nodeGcal1,3.11.9,unknown,13153033,7862,1,1,0.5874132513999939,anchors,set,5,30,0.09470298754185498,0.96,0.8333333333333333,0.25277777777777777,0.0,10,10,0.6666666666666666,1.1814106199890375,26,False,nan,nan,0.19230769230769232,0.9504132231404959
tabular,2,2026-10-02T18:05:27,nodeGcal1,3.11.9,unknown,13153033,7862,1,1,0.5874132513999939,lime,attribution,5,30,0.008823906341845931,0.56,0.5858556118643312,0.9333333333333332,0.6666666666666666,10,10,1.0,0.04861044604331255,26,False,True,26,0.9259259259259259,nan
tabular,2,2026-10-02T18:05:27,nodeGcal1,3.11.9,unknown,13153033,7862,1,1,0.5874132513999939,treeshap,attribution,5,30,0.08680671717219378,0.92,0.5397874338177046,0.9,0.6666666666666666,10,10,1.0,0.0008974531665444374,26,False,True,23,0.9259259259259259,nan
tabular,2,2026-10-02T18:05:27,nodeGcal1,3.11.9,unknown,13153033,7862,1,1,0.5874132513999939,random,attribution,5,30,0.036700473325696724,0.61,0.2526530990959359,0.09722222222222224,0.0,10,10,0.0,3.61432321369648e-05,26,False,False,27,0.7333333333333333,nan
tabular,2,2026-10-02T18:05:27,nodeGcal1,3.11.9,unknown,13153033,7865,1,1,0.5664953589439392,pyxai,set,27,30,0.00250246864154483,1.0,0.10000000000000009,0.9785714285714286,0.9285714285714286,10,10,1.0,0.055454433895647526,27,True,nan,27,1.0,nan
tabular,2,2026-10-02T18:05:27,nodeGcal1,3.11.9,unknown,13153033,7865,1,1,0.5664953589439392,anchors,set,7,30,0.14215203464988954,0.89,0.7666666666666666,0.31090909090909086,0.2727272727272727,10,10,0.5555555555555556,2.0012881071306765,27,False,nan,nan,0.21428571428571427,0.9781420765027322
tabular,2,2026-10-02T18:05:27,nodeGcal1,3.11.9,unknown,13153033,7865,1,1,0.5664953589439392,lime,attribution,5,30,0.04081220805716201,0.55,0.5374730289352493,0.6666666666666667,0.6666666666666666,10,10,1.0,0.050286535173654556,27,False,False,29,0.8620689655172413,nan
tabular,2,2026-10-02T18:05:27,nodeGcal1,3.11.9,unknown,13153033,7865,1,1,0.5664953589439392,treeshap,attribution,5,30,0.0729761479511985,0.74,0.5214117455946667,0.7333333333333334,0.6666666666666666,10,10,1.0,0.001342992763966322,27,False,False,30,0.8620689655172413,nan
tabular,2,2026-10-02T18:05:27,nodeGcal1,3.11.9,unknown,13153033,7865,1,1,0.5664953589439392,random,attribution,5,30,0.0,0.42,0.31051787056776403,0.08055555555555556,0.0,10,10,0.25,3.725895658135414e-05,27,False,False,29,0.8,nan
tabular,2,2026-10-02T18:05:27,nodeGcal1,3.11.9,unknown,13153033,7889,0,0,0.5876668691635132,pyxai,set,27,30,0.2567255011301889,1.0,0.10000000000000009,0.9428571428571428,0.9285714285714286,10,10,1.0,0.054799024015665054,27,True,nan,27,1.0,nan
tabular,2,2026-10-02T18:05:27,nodeGcal1,3.11.9,unknown,13153033,7889,0,0,0.5876668691635132,anchors,set,4,30,0.31568945172603563,0.92,0.8666666666666667,0.3942857142857143,0.14285714285714285,10,10,0.6,1.0469222660176456,27,False,nan,nan,0.14814814814814814,0.9809523809523809
tabular,2,2026-10-02T18:05:27,nodeGcal1,3.11.9,unknown,13153033,7889,0,0,0.5876668691635132,lime,attribution,5,30,0.0,0.67,0.5487916527199357,0.8,0.6666666666666666,10,10,0.6666666666666666,0.04259059391915798,27,False,True,22,0.8,nan
tabular,2,2026-10-02T18:05:27,nodeGcal1,3.11.9,unknown,13153033,7889,0,0,0.5876668691635132,treeshap,attribution,5,30,0.03402149458375518,0.8,0.641609495480056,0.6142857142857142,0.42857142857142855,10,10,1.0,0.0015020868740975857,27,False,True,21,0.9285714285714286,nan
tabular,2,2026-10-02T18:05:27,nodeGcal1,3.11.9,unknown,13153033,7889,0,0,0.5876668691635132,random,attribution,5,30,0.01769496645541003,0.51,0.32747685739196,0.03333333333333333,0.0,10,10,0.0,3.9214733988046646e-05,27,False,True,26,0.8620689655172413,nan
tabular,2,2026-10-02T18:05:27,nodeGcal1,3.11.9,unknown,13153033,8118,0,0,0.6272941827774048,pyxai,set,26,30,0.30367950210228756,1.0,0.13333333333333341,0.9777777777777779,0.9259259259259259,10,10,1.0,0.05645386967808008,26,True,nan,26,1.0,nan
tabular,2,2026-10-02T18:05:27,nodeGcal1,3.11.9,unknown,13153033,8118,0,0,0.6272941827774048,anchors,set,5,30,0.30739568140247525,0.87,0.8333333333333333,0.5476190476190477,0.25,10,10,0.42857142857142855,1.1812459700740874,26,False,nan,nan,0.19230769230769232,0.975609756097561
tabular,2,2026-10-02T18:05:27,nodeGcal1,3.11.9,unknown,13153033,8118,0,0,0.6272941827774048,lime,attribution,5,30,0.11569793571988503,0.8,0.538596268268638,0.9333333333333332,0.6666666666666666,10,10,1.0,0.07880636677145958,26,False,True,26,0.7931034482758621,nan
tabular,2,2026-10-02T18:05:27,nodeGcal1,3.11.9,unknown,13153033,8118,0,0,0.6272941827774048,treeshap,attribution,5,30,0.35629968881392976,0.82,0.6048633485127871,1.0,1.0,10,10,1.0,0.0008741989731788635,26,False,True,21,0.9259259259259259,nan
tabular,2,2026-10-02T18:05:27,nodeGcal1,3.11.9,unknown,13153033,8118,0,0,0.6272941827774048,random,attribution,5,30,0.0995593985319619,0.8,0.3893556020030413,0.10555555555555556,0.0,10,10,0.0,3.7262216210365295e-05,26,False,False,27,0.7931034482758621,nan
tabular,2,2026-10-02T18:05:27,nodeGcal1,3.11.9,unknown,13153033,8124,0,0,0.5653669238090515,pyxai,set,26,30,0.23072564097454973,1.0,0.13333333333333341,0.9481481481481481,0.9259259259259259,10,10,1.0,0.05808999529108405,26,True,nan,26,1.0,nan
tabular,2,2026-10-02T18:05:27,nodeGcal1,3.11.9,unknown,13153033,8124,0,0,0.5653669238090515,anchors,set,4,30,0.24435918253572403,0.89,0.8666666666666667,0.4819047619047619,0.14285714285714285,10,10,0.6,0.7081407830119133,26,False,nan,nan,0.15384615384615385,0.9591836734693877
tabular,2,2026-10-02T18:05:27,nodeGcal1,3.11.9,unknown,13153033,8124,0,0,0.5653669238090515,lime,attribution,5,30,0.17732955358316668,0.89,0.49749589481026124,0.9333333333333332,1.0,10,10,0.6666666666666666,0.04213381605222821,26,False,True,26,0.7333333333333333,nan
tabular,2,2026-10-02T18:05:27,nodeGcal1,3.11.9,unknown,13153033,8124,0,0,0.5653669238090515,treeshap,attribution,5,30,0.23510558409274662,0.71,0.6007868531996184,1.0,1.0,10,10,1.0,0.0008899318054318428,26,False,True,26,0.8571428571428571,nan
tabular,2,2026-10-02T18:05:27,nodeGcal1,3.11.9,unknown,13153033,8124,0,0,0.5653669238090515,random,attribution,5,30,0.0,0.62,0.33548930033254154,0.08333333333333333,0.0,10,10,0.0,2.4395063519477844e-05,26,False,False,30,0.7931034482758621,nan
tabular,2,2026-10-02T18:05:27,nodeGcal1,3.11.9,unknown,13153033,8128,0,0,0.5581902265548706,pyxai,set,27,30,0.24843260104402856,1.0,0.10000000000000009,0.97192118226601,0.9285714285714286,10,10,1.0,0.057172789704054594,27,True,nan,27,1.0,nan
tabular,2,2026-10-02T18:05:27,nodeGcal1,3.11.9,unknown,13153033,8128,0,0,0.5581902265548706,anchors,set,4,30,0.32129857965047703,0.91,0.8666666666666667,0.42857142857142855,0.14285714285714285,10,10,1.0,0.7118055401369929,27,False,nan,nan,0.14814814814814814,0.9653679653679653
tabular,2,2026-10-02T18:05:27,nodeGcal1,3.11.9,unknown,13153033,8128,0,0,0.5581902265548706,lime,attribution,5,30,0.3171891828169038,0.98,0.5409818235420276,0.8,0.6666666666666666,10,10,0.6666666666666666,0.04193643294274807,27,False,True,27,0.8620689655172413,nan
tabular,2,2026-10-02T18:05:27,nodeGcal1,3.11.9,unknown,13153033,8128,0,0,0.5581902265548706,treeshap,attribution,5,30,0.22778705712984196,0.84,0.6315812331019601,0.8,0.6666666666666666,10,10,1.0,0.0008873017504811287,27,False,True,26,0.8620689655172413,nan
tabular,2,2026-10-02T18:05:27,nodeGcal1,3.11.9,unknown,13153033,8128,0,0,0.5581902265548706,random,attribution,5,30,0.1389987141316737,0.8,0.37078003520731895,0.05833333333333333,0.0,10,10,0.1111111111111111,3.38270328938961e-05,27,False,True,27,0.8620689655172413,nan
tabular,2,2026-10-02T18:05:27,nodeGcal1,3.11.9,unknown,13153033,8129,0,0,0.5627338886260986,pyxai,set,27,30,0.22712620171276507,1.0,0.10000000000000009,0.9642857142857144,0.9285714285714286,10,10,1.0,0.05703671369701624,27,True,nan,27,1.0,nan
tabular,2,2026-10-02T18:05:27,nodeGcal1,3.11.9,unknown,13153033,8129,0,0,0.5627338886260986,anchors,set,4,30,0.12163371078903026,0.83,0.8666666666666667,0.24571428571428572,0.14285714285714285,10,10,0.3333333333333333,1.0977099291048944,27,False,nan,nan,0.14814814814814814,0.9631410256410257
tabular,2,2026-10-02T18:05:27,nodeGcal1,3.11.9,unknown,13153033,8129,0,0,0.5627338886260986,lime,attribution,5,30,0.0641672566397927,0.69,0.5812726506585129,0.9,0.6666666666666666,10,10,0.6666666666666666,0.04479563981294632,27,False,False,28,0.8,nan
tabular,2,2026-10-02T18:05:27,nodeGcal1,3.11.9,unknown,13153033,8129,0,0,0.5627338886260986,treeshap,attribution,5,30,0.018425591572514582,0.6,0.5312864381576243,1.0,1.0,10,10,1.0,0.0008795899339020252,27,False,True,26,0.8620689655172413,nan
tabular,2,2026-10-02T18:05:27,nodeGcal1,3.11.9,unknown,13153033,8129,0,0,0.5627338886260986,random,attribution,5,30,0.0,0.47,0.24488727782672748,0.09166666666666665,0.0,10,10,0.0,3.471178933978081e-05,27,False,True,25,0.8,nan
tabular,2,2026-10-02T18:05:27,nodeGcal1,3.11.9,unknown,13153033,8238,1,1,0.5345205068588257,pyxai,set,27,30,0.0,1.0,0.10000000000000009,0.9428571428571428,0.9285714285714286,10,10,1.0,0.05546240881085396,27,True,nan,27,1.0,nan
tabular,2,2026-10-02T18:05:27,nodeGcal1,3.11.9,unknown,13153033,8238,1,1,0.5345205068588257,anchors,set,6,30,0.10541817215123588,0.9,0.8,0.12363636363636363,0.09090909090909091,10,10,0.7142857142857143,1.0713819321244955,27,False,nan,nan,0.2222222222222222,0.9799426934097422
tabular,2,2026-10-02T18:05:27,nodeGcal1,3.11.9,unknown,13153033,8238,1,1,0.5345205068588257,lime,attribution,5,30,0.0,0.18,0.5563139892121592,0.9666666666666666,1.0,10,10,0.6666666666666666,0.045102201867848635,27,False,False,28,0.8,nan
tabular,2,2026-10-02T18:05:27,nodeGcal1,3.11.9,unknown,13153033,8238,1,1,0.5345205068588257,treeshap,attribution,5,30,0.0,0.19,0.6003090050370998,0.8333333333333333,0.42857142857142855,10,10,1.0,0.0008678901940584183,27,False,True,27,0.9285714285714286,nan
tabular,2,2026-10-02T18:05:27,nodeGcal1,3.11.9,unknown,13153033,8238,1,1,0.5345205068588257,random,attribution,5,30,0.06370349092516464,0.39,0.331756841456634,0.1373015873015873,0.0,10,10,0.0,2.325698733329773e-05,27,False,False,30,0.8,nan
tabular,2,2026-10-02T18:05:27,nodeGcal1,3.11.9,unknown,13153033,8294,1,1,0.5825914144515991,pyxai,set,28,30,0.030061706960586895,1.0,0.06666666666666687,0.9200000000000002,0.8666666666666667,10,10,1.0,0.05653672479093075,28,True,nan,28,1.0,nan
tabular,2,2026-10-02T18:05:27,nodeGcal1,3.11.9,unknown,13153033,8294,1,1,0.5825914144515991,anchors,set,6,30,0.15580373229201344,0.96,0.8,0.33333333333333337,0.2,10,10,0.5,1.9622755823656917,28,False,nan,nan,0.21428571428571427,0.976303317535545
tabular,2,2026-10-02T18:05:27,nodeGcal1,3.11.9,unknown,13153033,8294,1,1,0.5825914144515991,lime,attribution,5,30,0.0010551180232328539,0.58,0.5066682914739988,0.9,0.6666666666666666,10,10,0.6666666666666666,0.04345004679635167,28,False,True,28,0.8666666666666667,nan
tabular,2,2026-10-02T18:05:27,nodeGcal1,3.11.9,unknown,13153033,8294,1,1,0.5825914144515991,treeshap,attribution,5,30,0.17343263358399846,0.77,0.5266583355638941,0.7,0.6666666666666666,10,10,1.0,0.0014000791124999523,28,False,True,22,0.9310344827586207,nan
tabular,2,2026-10-02T18:05:27,nodeGcal1,3.11.9,unknown,13153033,8294,1,1,0.5825914144515991,random,attribution,5,30,0.007464502179294969,0.45,0.30945347747139595,0.10277777777777777,0.0,10,10,0.0,3.8880854845047e-05,28,False,True,28,0.8666666666666667,nan
tabular,2,2026-10-02T18:05:27,nodeGcal1,3.11.9,unknown,13153033,8310,1,1,0.5584554672241211,pyxai,set,26,30,0.0,1.0,0.13333333333333341,0.9555555555555555,0.9259259259259259,10,10,1.0,0.05486292392015457,26,True,nan,26,1.0,nan
tabular,2,2026-10-02T18:05:27,nodeGcal1,3.11.9,unknown,13153033,8310,1,1,0.5584554672241211,anchors,set,8,30,0.23290181537032326,0.96,0.7333333333333334,0.4387878787878788,0.3333333333333333,10,10,0.6,2.0661184671334922,26,False,nan,nan,0.3076923076923077,0.9605734767025089
tabular,2,2026-10-02T18:05:27,nodeGcal1,3.11.9,unknown,13153033,8310,1,1,0.5584554672241211,lime,attribution,5,30,0.0,0.18,0.5550767312645166,1.0,1.0,10,10,1.0,0.024320642929524183,26,False,False,29,0.7333333333333333,nan
tabular,2,2026-10-02T18:05:27,nodeGcal1,3.11.9,unknown,13153033,8310,1,1,0.5584554672241211,treeshap,attribution,5,30,0.0,0.67,0.5717347189764169,0.7333333333333333,0.6666666666666666,10,10,1.0,0.0008652657270431519,26,False,True,26,0.9259259259259259,nan
tabular,2,2026-10-02T18:05:27,nodeGcal1,3.11.9,unknown,13153033,8310,1,1,0.5584554672241211,random,attribution,5,30,0.025585079314119432,0.6,0.29804208519781694,0.08055555555555556,0.0,10,10,0.1111111111111111,3.633787855505943e-05,26,False,False,30,0.8571428571428571,nan
tabular,2,2026-10-02T18:05:27,nodeGcal1,3.11.9,unknown,13153033,8436,0,0,0.5392823815345764,pyxai,set,26,30,0.19003881336350395,1.0,0.13333333333333341,0.9486772486772486,0.9259259259259259,10,10,1.0,0.057532843202352524,26,True,nan,26,1.0,nan
tabular,2,2026-10-02T18:05:27,nodeGcal1,3.11.9,unknown,13153033,8436,0,0,0.5392823815345764,anchors,set,4,30,0.229403700869739,0.83,0.8666666666666667,0.3504761904761905,0.14285714285714285,10,10,0.3333333333333333,0.7750220629386604,26,False,nan,nan,0.15384615384615385,0.9548872180451128
tabular,2,2026-10-02T18:05:27,nodeGcal1,3.11.9,unknown,13153033,8436,0,0,0.5392823815345764,lime,attribution,5,30,0.0,0.39,0.5284534668337815,0.9666666666666666,1.0,10,10,0.6666666666666666,0.04635416762903333,26,False,False,29,0.7333333333333333,nan
tabular,2,2026-10-02T18:05:27,nodeGcal1,3.11.9,unknown,13153033,8436,0,0,0.5392823815345764,treeshap,attribution,5,30,0.0,0.54,0.7011232628286937,0.7666666666666667,0.42857142857142855,10,10,1.0,0.001172384712845087,26,False,False,27,0.8571428571428571,nan
tabular,2,2026-10-02T18:05:27,nodeGcal1,3.11.9,unknown,13153033,8436,0,0,0.5392823815345764,random,attribution,5,30,0.0,0.12,0.27597754842961875,0.1277777777777778,0.0,10,10,0.0,3.8034748286008835e-05,26,False,False,30,0.7931034482758621,nan
tabular,2,2026-10-02T18:05:27,nodeGcal1,3.11.9,unknown,13153033,8474,1,1,0.8241197466850281,pyxai,set,28,30,0.3143257101342465,1.0,0.06666666666666687,0.9117241379310345,0.8666666666666667,10,10,1.0,0.06014455482363701,28,True,nan,28,1.0,nan
tabular,2,2026-10-02T18:05:27,nodeGcal1,3.11.9,unknown,13153033,8474,1,1,0.8241197466850281,anchors,set,2,30,0.330321879790416,1.0,0.9333333333333333,0.9333333333333332,1.0,10,10,1.0,0.33711271500214934,28,False,nan,nan,0.07142857142857142,0.9787234042553191
tabular,2,2026-10-02T18:05:27,nodeGcal1,3.11.9,unknown,13153033,8474,1,1,0.8241197466850281,lime,attribution,5,30,0.4096042472264181,1.0,0.6075085619898218,0.9,0.6666666666666666,10,10,1.0,0.043987156357616186,28,False,True,23,0.8666666666666667,nan
tabular,2,2026-10-02T18:05:27,nodeGcal1,3.11.9,unknown,13153033,8474,1,1,0.8241197466850281,treeshap,attribution,5,30,0.4096042472264181,0.99,0.7634661831459251,0.7666666666666667,0.42857142857142855,10,10,1.0,0.001031417865306139,28,False,True,21,0.9310344827586207,nan
tabular,2,2026-10-02T18:05:27,nodeGcal1,3.11.9,unknown,13153033,8474,1,1,0.8241197466850281,random,attribution,5,30,0.0013200076520086341,0.7,0.3232059858122851,0.08333333333333334,0.0,10,10,0.25,2.474384382367134e-05,28,False,True,23,0.8666666666666667,nan
tabular,2,2026-10-02T18:05:27,nodeGcal1,3.11.9,unknown,13153033,8492,1,1,0.5349652767181396,pyxai,set,24,30,0.0,1.0,0.20000000000000018,0.9292307692307693,0.8461538461538461,10,10,1.0,0.05377320107072592,24,True,nan,24,1.0,nan
tabular,2,2026-10-02T18:05:27,nodeGcal1,3.11.9,unknown,13153033,8492,1,1,0.5349652767181396,anchors,set,6,30,0.12192464637110055,0.87,0.8,0.3780952380952381,0.2,10,10,0.5,0.7862173551693559,24,False,nan,nan,0.25,0.9681978798586572
tabular,2,2026-10-02T18:05:27,nodeGcal1,3.11.9,unknown,13153033,8492,1,1,0.5349652767181396,lime,attribution,5,30,0.12976951671868392,0.69,0.5412877951359282,0.8,0.6666666666666666,10,10,0.6666666666666666,0.05417551612481475,24,False,False,29,0.7777777777777778,nan
tabular,2,2026-10-02T18:05:27,nodeGcal1,3.11.9,unknown,13153033,8492,1,1,0.5349652767181396,treeshap,attribution,5,30,0.0,0.52,0.5802670632539527,0.661904761904762,0.42857142857142855,10,10,1.0,0.0008924207650125027,24,False,True,23,0.92,nan
tabular,2,2026-10-02T18:05:27,nodeGcal1,3.11.9,unknown,13153033,8492,1,1,0.5349652767181396,random,attribution,5,30,0.0,0.4,0.36322856887190336,0.05555555555555556,0.0,10,10,0.0,2.060411497950554e-05,24,False,False,30,0.7142857142857143,nan
tabular,2,2026-10-02T18:05:27,nodeGcal1,3.11.9,unknown,13153033,8554,1,1,0.6782267689704895,pyxai,set,27,30,0.16959602881052824,1.0,0.10000000000000009,0.8691625615763547,0.8620689655172413,10,10,1.0,0.05694216024130583,27,True,nan,27,1.0,nan
tabular,2,2026-10-02T18:05:27,nodeGcal1,3.11.9,unknown,13153033,8554,1,1,0.6782267689704895,anchors,set,2,30,0.14673694147787847,1.0,0.9333333333333333,0.33333333333333337,0.3333333333333333,10,10,0.3333333333333333,0.2981272810138762,27,False,nan,nan,0.07407407407407407,0.978494623655914
tabular,2,2026-10-02T18:05:27,nodeGcal1,3.11.9,unknown,13153033,8554,1,1,0.6782267689704895,lime,attribution,5,30,0.31598983087520016,1.0,0.5072336513538922,0.7333333333333334,0.6666666666666666,10,10,0.6666666666666666,0.04467036388814449,27,False,True,21,0.8620689655172413,nan
tabular,2,2026-10-02T18:05:27,nodeGcal1,3.11.9,unknown,13153033,8554,1,1,0.6782267689704895,treeshap,attribution,5,30,0.2573122881523878,1.0,0.705600676999892,0.488095238095238,0.42857142857142855,10,10,1.0,0.0009013647213578224,27,False,True,20,0.8620689655172413,nan
tabular,2,2026-10-02T18:05:27,nodeGcal1,3.11.9,unknown,13153033,8554,1,1,0.6782267689704895,random,attribution,5,30,0.0,0.6,0.33097164670555224,0.09722222222222224,0.0,10,10,0.1111111111111111,2.659391611814499e-05,27,False,True,21,0.8620689655172413,nan
tabular,2,2026-10-02T18:05:27,nodeGcal1,3.11.9,unknown,13153033,8620,0,0,0.6238371133804321,pyxai,set,27,30,0.30282718261077274,1.0,0.10000000000000009,1.0,1.0,10,10,1.0,0.05541454814374447,27,True,nan,27,1.0,nan
tabular,2,2026-10-02T18:05:27,nodeGcal1,3.11.9,unknown,13153033,8620,0,0,0.6238371133804321,anchors,set,4,30,0.33208560850352326,0.87,0.8666666666666667,0.42857142857142855,0.14285714285714285,10,10,0.6,1.0015960219316185,27,False,nan,nan,0.14814814814814814,0.9577114427860697
tabular,2,2026-10-02T18:05:27,nodeGcal1,3.11.9,unknown,13153033,8620,0,0,0.6238371133804321,lime,attribution,5,30,0.2607561447509853,0.93,0.5440742712534794,1.0,1.0,10,10,0.6666666666666666,0.03738567419350147,27,False,True,25,0.8,nan
tabular,2,2026-10-02T18:05:27,nodeGcal1,3.11.9,unknown,13153033,8620,0,0,0.6238371133804321,treeshap,attribution,5,30,0.27948997969664396,0.83,0.6205464346514598,0.8,0.6666666666666666,10,10,1.0,0.0008752252906560898,27,False,True,22,0.9285714285714286,nan
tabular,2,2026-10-02T18:05:27,nodeGcal1,3.11.9,unknown,13153033,8620,0,0,0.6238371133804321,random,attribution,5,30,0.07764117998327959,0.76,0.3253954416234839,0.13333333333333333,0.0,10,10,0.25,2.513313665986061e-05,27,False,False,30,0.8,nan
tabular,2,2026-10-02T18:05:27,nodeGcal1,3.11.9,unknown,13153033,8651,1,1,0.5679768323898315,pyxai,set,26,30,0.008406381735048646,1.0,0.13333333333333341,0.9412698412698413,0.8571428571428571,10,10,1.0,0.05443340167403221,26,True,nan,26,1.0,nan
tabular,2,2026-10-02T18:05:27,nodeGcal1,3.11.9,unknown,13153033,8651,1,1,0.5679768323898315,anchors,set,6,30,0.09687419653754249,0.77,0.8,0.12363636363636363,0.09090909090909091,10,10,0.7142857142857143,1.3184424322098494,26,False,nan,nan,0.18518518518518517,0.9657142857142857
tabular,2,2026-10-02T18:05:27,nodeGcal1,3.11.9,unknown,13153033,8651,1,1,0.5679768323898315,lime,attribution,5,30,0.0,0.39,0.5019747442422384,0.8,0.6666666666666666,10,10,0.6666666666666666,0.05015490995720029,26,False,False,27,0.7931034482758621,nan
tabular,2,2026-10-02T18:05:27,nodeGcal1,3.11.9,unknown,13153033,8651,1,1,0.5679768323898315,treeshap,attribution,5,30,0.08961199781300798,0.66,0.5178433963852576,1.0,1.0,10,10,1.0,0.0008801319636404514,26,False,True,24,0.8571428571428571,nan
tabular,2,2026-10-02T18:05:27,nodeGcal1,3.11.9,unknown,13153033,8651,1,1,0.5679768323898315,random,attribution,5,30,0.0,0.49,0.28058016257805785,0.0984126984126984,0.0,10,10,0.1111111111111111,2.516619861125946e-05,26,False,False,30,0.7333333333333333,nan
tabular,2,2026-10-02T18:05:27,nodeGcal1,3.11.9,unknown,13153033,8708,0,0,0.5330845713615417,pyxai,set,25,30,0.18062194791291053,1.0,0.16666666666666652,0.9692307692307693,0.8518518518518519,10,10,1.0,0.055580034386366606,25,True,nan,25,1.0,nan
tabular,2,2026-10-02T18:05:27,nodeGcal1,3.11.9,unknown,13153033,8708,0,0,0.5330845713615417,anchors,set,7,30,0.08964938909340958,0.9,0.7666666666666666,0.5600505050505051,0.4,10,10,0.75,1.5872993031516671,25,False,nan,nan,0.28,0.9658536585365853
tabular,2,2026-10-02T18:05:27,nodeGcal1,3.11.9,unknown,13153033,8708,0,0,0.5330845713615417,lime,attribution,5,30,0.0,0.48,0.5513610564756277,0.8333333333333334,0.6666666666666666,10,10,0.6666666666666666,0.07553610485047102,25,False,False,30,0.6666666666666666,nan
tabular,2,2026-10-02T18:05:27,nodeGcal1,3.11.9,unknown,13153033,8708,0,0,0.5330845713615417,treeshap,attribution,5,30,0.0,0.33,0.5540113420686196,0.661904761904762,0.42857142857142855,10,10,1.0,0.001435557845979929,25,False,False,28,0.8518518518518519,nan
tabular,2,2026-10-02T18:05:27,nodeGcal1,3.11.9,unknown,13153033,8708,0,0,0.5330845713615417,random,attribution,5,30,0.0,0.73,0.25396960731093865,0.10555555555555556,0.0,10,10,0.1111111111111111,2.2088177502155304e-05,25,False,False,30,0.7241379310344828,nan
tabular,2,2026-10-02T18:05:27,nodeGcal1,3.11.9,unknown,13153033,8814,1,1,0.5890178084373474,pyxai,set,25,30,0.04064407904450065,1.0,0.16666666666666652,1.0,1.0,10,10,1.0,0.05597564484924078,25,True,nan,25,1.0,nan
tabular,2,2026-10-02T18:05:27,nodeGcal1,3.11.9,unknown,13153033,8814,1,1,0.5890178084373474,anchors,set,6,30,0.2730675397353128,0.95,0.8,0.3433333333333334,0.2,10,10,0.5,1.187056137714535,25,False,nan,nan,0.24,0.9731182795698925
tabular,2,2026-10-02T18:05:27,nodeGcal1,3.11.9,unknown,13153033,8814,1,1,0.5890178084373474,lime,attribution,5,30,0.0,0.15,0.5602628168235382,1.0,1.0,10,10,1.0,0.05005684634670615,25,False,False,28,0.7241379310344828,nan
tabular,2,2026-10-02T18:05:27,nodeGcal1,3.11.9,unknown,13153033,8814,1,1,0.5890178084373474,treeshap,attribution,5,30,0.0644951330585396,0.62,0.5797326899285982,0.7,0.6666666666666666,10,10,1.0,0.001273187343031168,25,False,True,24,0.9230769230769231,nan
tabular,2,2026-10-02T18:05:27,nodeGcal1,3.11.9,unknown,13153033,8814,1,1,0.5890178084373474,random,attribution,5,30,0.0,0.33,0.2185329479102266,0.12222222222222223,0.1111111111111111,10,10,0.1111111111111111,2.201506868004799e-05,25,False,False,28,0.6666666666666666,nan
tabular,2,2026-10-02T18:05:27,nodeGcal1,3.11.9,unknown,13153033,8843,0,0,0.5719753503799438,pyxai,set,26,30,0.23961359936491222,1.0,0.13333333333333341,0.9703703703703704,0.9259259259259259,10,10,1.0,0.0582202048972249,26,True,nan,26,1.0,nan
tabular,2,2026-10-02T18:05:27,nodeGcal1,3.11.9,unknown,13153033,8843,0,0,0.5719753503799438,anchors,set,5,30,0.18097958828088836,0.86,0.8333333333333333,0.5571428571428572,0.42857142857142855,10,10,1.0,1.0871072220616043,26,False,nan,nan,0.19230769230769232,0.962
tabular,2,2026-10-02T18:05:27,nodeGcal1,3.11.9,unknown,13153033,8843,0,0,0.5719753503799438,lime,attribution,5,30,0.18097958828088836,0.79,0.5957948360549876,1.0,1.0,10,10,1.0,0.052711383905261755,26,False,False,27,0.7333333333333333,nan
tabular,2,2026-10-02T18:05:27,nodeGcal1,3.11.9,unknown,13153033,8843,0,0,0.5719753503799438,treeshap,attribution,5,30,0.17286008540504874,0.59,0.6036264283084232,0.5535714285714286,0.25,10,10,1.0,0.0011537359096109867,26,False,True,25,0.8571428571428571,nan
tabular,2,2026-10-02T18:05:27,nodeGcal1,3.11.9,unknown,13153033,8843,0,0,0.5719753503799438,random,attribution,5,30,0.0,0.5,0.3150445503070828,0.11507936507936507,0.0,10,10,0.0,3.504892811179161e-05,26,False,False,30,0.7333333333333333,nan
tabular,2,2026-10-02T18:05:27,nodeGcal1,3.11.9,unknown,13153033,8903,1,1,0.7567771673202515,pyxai,set,26,30,0.25578859056438197,1.0,0.13333333333333341,0.9052910052910054,0.8571428571428571,10,10,1.0,0.05936601385474205,26,True,nan,26,1.0,nan
tabular,2,2026-10-02T18:05:27,nodeGcal1,3.11.9,unknown,13153033,8903,1,1,0.7567771673202515,anchors,set,2,30,0.1962954847646782,0.99,0.9333333333333333,0.5333333333333333,0.3333333333333333,10,10,0.3333333333333333,0.3090866538695991,26,False,nan,nan,0.07692307692307693,0.9927536231884058
tabular,2,2026-10-02T18:05:27,nodeGcal1,3.11.9,unknown,13153033,8903,1,1,0.7567771673202515,lime,attribution,5,30,0.32590949051455764,1.0,0.5257038865721628,0.8666666666666666,0.6666666666666666,10,10,1.0,0.0429232781752944,26,False,True,25,0.7333333333333333,nan
tabular,2,2026-10-02T18:05:27,nodeGcal1,3.11.9,unknown,13153033,8903,1,1,0.7567771673202515,treeshap,attribution,5,30,0.3446317262224401,1.0,0.7123806141959943,0.761904761904762,0.42857142857142855,10,10,1.0,0.0014585922472178936,26,False,True,17,0.8571428571428571,nan
tabular,2,2026-10-02T18:05:27,nodeGcal1,3.11.9,unknown,13153033,8903,1,1,0.7567771673202515,random,attribution,5,30,0.002251623936901602,0.58,0.3154174509160771,0.08055555555555556,0.0,10,10,0.1111111111111111,2.5163870304822922e-05,26,False,True,24,0.7931034482758621,nan
tabular,2,2026-10-02T18:05:27,nodeGcal1,3.11.9,unknown,13153033,8934,0,0,0.5935987234115601,pyxai,set,28,30,0.2673126461125257,1.0,0.06666666666666687,0.9517241379310345,0.9310344827586207,10,10,1.0,0.0560075668618083,28,True,nan,28,1.0,nan
tabular,2,2026-10-02T18:05:27,nodeGcal1,3.11.9,unknown,13153033,8934,0,0,0.5935987234115601,anchors,set,5,30,0.13457504588342487,0.71,0.8333333333333333,0.3134920634920635,0.1111111111111111,10,10,0.25,1.5797604438848794,28,False,nan,nan,0.13793103448275862,0.9512987012987013
tabular,2,2026-10-02T18:05:27,nodeGcal1,3.11.9,unknown,13153033,8934,0,0,0.5935987234115601,lime,attribution,5,30,0.0,0.46,0.5296528912207027,0.8,0.6666666666666666,10,10,1.0,0.043937234207987785,28,False,True,28,0.8666666666666667,nan
tabular,2,2026-10-02T18:05:27,nodeGcal1,3.11.9,unknown,13153033,8934,0,0,0.5935987234115601,treeshap,attribution,5,30,0.09579519253767521,0.71,0.5509010651316028,0.9333333333333332,0.42857142857142855,10,10,1.0,0.0010354239493608475,28,False,True,23,0.8666666666666667,nan
tabular,2,2026-10-02T18:05:27,nodeGcal1,3.11.9,unknown,13153033,8934,0,0,0.5935987234115601,random,attribution,5,30,0.059676768618006706,0.58,0.3837832356836699,0.08611111111111111,0.0,10,10,0.25,3.546476364135742e-05,28,False,True,24,0.8666666666666667,nan
tabular,2,2026-10-02T18:05:27,nodeGcal1,3.11.9,unknown,13153033,9130,0,0,0.5325981378555298,pyxai,set,25,30,0.18339504588096442,1.0,0.16666666666666652,0.9544159544159545,0.8518518518518519,10,10,1.0,0.052163329906761646,25,True,nan,25,1.0,nan
tabular,2,2026-10-02T18:05:27,nodeGcal1,3.11.9,unknown,13153033,9130,0,0,0.5325981378555298,anchors,set,7,30,0.13896973358219797,0.89,0.7666666666666666,0.3872727272727273,0.16666666666666666,10,10,0.5555555555555556,1.0481205321848392,25,False,nan,nan,0.28,0.9805194805194806
tabular,2,2026-10-02T18:05:27,nodeGcal1,3.11.9,unknown,13153033,9130,0,0,0.5325981378555298,lime,attribution,5,30,0.13048326039218336,0.81,0.5192001730474577,0.8999999999999998,0.6666666666666666,10,10,1.0,0.04515340784564614,25,False,False,28,0.7857142857142857,nan
tabular,2,2026-10-02T18:05:27,nodeGcal1,3.11.9,unknown,13153033,9130,0,0,0.5325981378555298,treeshap,attribution,5,30,0.09390853173079915,0.7,0.607080630902298,0.7,0.6666666666666666,10,10,1.0,0.0008796900510787964,25,False,True,25,0.9230769230769231,nan
tabular,2,2026-10-02T18:05:27,nodeGcal1,3.11.9,unknown,13153033,9130,0,0,0.5325981378555298,random,attribution,5,30,0.1316629351148686,0.72,0.31523323169241435,0.09166666666666667,0.0,10,10,0.0,3.929995000362396e-05,25,False,True,25,0.7241379310344828,nan
tabular,2,2026-10-02T18:05:27,nodeGcal1,3.11.9,unknown,13153033,9255,0,0,0.6632879972457886,pyxai,set,26,30,0.34146584968574223,1.0,0.13333333333333341,0.9703703703703704,0.8571428571428571,10,10,1.0,0.0592921799980104,26,True,nan,26,1.0,nan
tabular,2,2026-10-02T18:05:27,nodeGcal1,3.11.9,unknown,13153033,9255,0,0,0.6632879972457886,anchors,set,4,30,0.22964342783322186,0.93,0.8666666666666667,0.43619047619047624,0.14285714285714285,10,10,0.6,1.1335733281448483,26,False,nan,nan,0.15384615384615385,0.9542961608775137
tabular,2,2026-10-02T18:05:27,nodeGcal1,3.11.9,unknown,13153033,9255,0,0,0.6632879972457886,lime,attribution,5,30,0.12529656835301828,0.84,0.5471314376480947,0.9666666666666666,1.0,10,10,0.6666666666666666,0.05196229927241802,26,False,True,24,0.7333333333333333,nan
tabular,2,2026-10-02T18:05:27,nodeGcal1,3.11.9,unknown,13153033,9255,0,0,0.6632879972457886,treeshap,attribution,5,30,0.18403493993507983,0.87,0.6062843617247498,0.8666666666666666,0.6666666666666666,10,10,1.0,0.0012040827423334122,26,False,True,22,0.8571428571428571,nan
tabular,2,2026-10-02T18:05:27,nodeGcal1,3.11.9,unknown,13153033,9255,0,0,0.6632879972457886,random,attribution,5,30,0.02470496829385289,0.67,0.30812613913917986,0.09444444444444444,0.0,10,10,0.1111111111111111,2.25030817091465e-05,26,False,False,28,0.7333333333333333,nan
tabular,2,2026-10-02T18:05:27,nodeGcal1,3.11.9,unknown,13153033,9293,1,1,0.5923346877098083,pyxai,set,24,30,0.04918247402046766,1.0,0.20000000000000018,0.8483418803418804,0.7777777777777778,10,10,1.0,0.056493514217436314,24,True,nan,24,1.0,nan
tabular,2,2026-10-02T18:05:27,nodeGcal1,3.11.9,unknown,13153033,9293,1,1,0.5923346877098083,anchors,set,7,30,0.0,0.71,0.7666666666666666,0.17368298368298368,0.07692307692307693,10,10,0.75,1.7598365950398147,24,False,nan,nan,0.24,0.9566666666666667
tabular,2,2026-10-02T18:05:27,nodeGcal1,3.11.9,unknown,13153033,9293,1,1,0.5923346877098083,lime,attribution,5,30,0.0,0.53,0.537630899209514,0.9,0.6666666666666666,10,10,1.0,0.04989069467410445,24,False,False,28,0.7142857142857143,nan
tabular,2,2026-10-02T18:05:27,nodeGcal1,3.11.9,unknown,13153033,9293,1,1,0.5923346877098083,treeshap,attribution,5,30,0.08888521489873892,0.69,0.5251710417877294,0.8095238095238095,0.42857142857142855,10,10,1.0,0.0009092199616134167,24,False,True,24,0.8461538461538461,nan
tabular,2,2026-10-02T18:05:27,nodeGcal1,3.11.9,unknown,13153033,9293,1,1,0.5923346877098083,random,attribution,5,30,0.02903611660895897,0.44,0.3990178870006862,0.08055555555555556,0.0,10,10,0.0,6.264634430408478e-05,24,False,False,28,0.7142857142857143,nan
tabular,2,2026-10-02T18:05:27,nodeGcal1,3.11.9,unknown,13153033,9314,1,1,0.5337928533554077,pyxai,set,26,30,0.0,1.0,0.13333333333333341,1.0,1.0,10,10,1.0,0.055921314749866724,26,True,nan,26,1.0,nan
tabular,2,2026-10-02T18:05:27,nodeGcal1,3.11.9,unknown,13153033,9314,1,1,0.5337928533554077,anchors,set,6,30,0.0342453256402337,0.95,0.8,0.16727272727272727,0.09090909090909091,10,10,0.7142857142857143,1.8073813943192363,26,False,nan,nan,0.23076923076923078,0.9595959595959596
tabular,2,2026-10-02T18:05:27,nodeGcal1,3.11.9,unknown,13153033,9314,1,1,0.5337928533554077,lime,attribution,5,30,0.0011782627056851176,0.49,0.5216130762806195,0.9,0.6666666666666666,10,10,1.0,0.04385282378643751,26,False,True,24,0.7931034482758621,nan
tabular,2,2026-10-02T18:05:27,nodeGcal1,3.11.9,unknown,13153033,9314,1,1,0.5337928533554077,treeshap,attribution,5,30,0.0,0.55,0.5577839390229726,1.0,1.0,10,10,1.0,0.0011240947060286999,26,False,True,25,0.9259259259259259,nan
tabular,2,2026-10-02T18:05:27,nodeGcal1,3.11.9,unknown,13153033,9314,1,1,0.5337928533554077,random,attribution,5,30,0.0,0.4,0.2211564852587351,0.08333333333333333,0.0,10,10,0.0,3.791600465774536e-05,26,False,False,29,0.7931034482758621,nan
tabular,2,2026-10-02T18:05:27,nodeGcal1,3.11.9,unknown,13153033,9329,0,0,0.6200369596481323,pyxai,set,27,30,0.2985542697741522,1.0,0.10000000000000009,0.9785714285714286,0.9285714285714286,10,10,1.0,0.057473819237202406,27,True,nan,27,1.0,nan
tabular,2,2026-10-02T18:05:27,nodeGcal1,3.11.9,unknown,13153033,9329,0,0,0.6200369596481323,anchors,set,6,30,0.14276191843994335,0.88,0.8,0.45809523809523806,0.2,10,10,0.5,1.0317726437933743,27,False,nan,nan,0.2222222222222222,0.9717223650385605
tabular,2,2026-10-02T18:05:27,nodeGcal1,3.11.9,unknown,13153033,9329,0,0,0.6200369596481323,lime,attribution,5,30,0.14276191843994335,0.84,0.6140553973060341,1.0,0.6666666666666666,10,10,1.0,0.02491348283365369,27,False,True,27,0.8,nan
tabular,2,2026-10-02T18:05:27,nodeGcal1,3.11.9,unknown,13153033,9329,0,0,0.6200369596481323,treeshap,attribution,5,30,0.2635010411926217,0.77,0.6140217386421144,0.7095238095238096,0.42857142857142855,10,10,1.0,0.0008713649585843086,27,False,True,22,0.9285714285714286,nan
tabular,2,2026-10-02T18:05:27,nodeGcal1,3.11.9,unknown,13153033,9329,0,0,0.6200369596481323,random,attribution,5,30,0.0,0.65,0.32794482227928656,0.08055555555555556,0.0,10,10,0.0,2.397596836090088e-05,27,False,False,29,0.8,nan
tabular,2,2026-10-02T18:05:27,nodeGcal1,3.11.9,unknown,13153033,9341,0,0,0.5676180124282837,pyxai,set,25,30,0.23047227516394433,1.0,0.16666666666666652,0.8880341880341879,0.8518518518518519,10,10,1.0,0.05669208290055394,25,True,nan,25,1.0,nan
tabular,2,2026-10-02T18:05:27,nodeGcal1,3.11.9,unknown,13153033,9341,0,0,0.5676180124282837,anchors,set,8,30,0.17651141178508986,0.98,0.7333333333333334,0.5175757575757575,0.45454545454545453,10,10,0.7777777777777778,1.4170518317259848,25,False,nan,nan,0.32,0.983957219251337
tabular,2,2026-10-02T18:05:27,nodeGcal1,3.11.9,unknown,13153033,9341,0,0,0.5676180124282837,lime,attribution,5,30,0.1249458944350812,0.84,0.5457820429457514,1.0,1.0,10,10,1.0,0.04100472992286086,25,False,False,26,0.7857142857142857,nan
tabular,2,2026-10-02T18:05:27,nodeGcal1,3.11.9,unknown,13153033,9341,0,0,0.5676180124282837,treeshap,attribution,5,30,0.09197326486787322,0.7,0.5912745977096021,0.8,0.42857142857142855,10,10,1.0,0.0008862409740686417,25,False,True,21,0.8518518518518519,nan
tabular,2,2026-10-02T18:05:27,nodeGcal1,3.11.9,unknown,13153033,9341,0,0,0.5676180124282837,random,attribution,5,30,0.052793905313948786,0.59,0.36477335126114463,0.08055555555555555,0.0,10,10,0.1111111111111111,2.3169908672571182e-05,25,False,False,29,0.7241379310344828,nan
tabular,2,2026-10-02T18:05:27,nodeGcal1,3.11.9,unknown,13153033,9411,1,1,0.7810232043266296,pyxai,set,24,30,0.2764904820468283,1.0,0.20000000000000018,0.7936507936507937,0.7777777777777778,10,10,1.0,0.0587857817299664,24,True,nan,24,1.0,nan
tabular,2,2026-10-02T18:05:27,nodeGcal1,3.11.9,unknown,13153033,9411,1,1,0.7810232043266296,anchors,set,2,30,0.2058817581245166,0.99,0.9333333333333333,0.4666666666666666,0.3333333333333333,10,10,0.3333333333333333,0.2769848410971463,24,False,nan,nan,0.08333333333333333,0.9797297297297297
tabular,2,2026-10-02T18:05:27,nodeGcal1,3.11.9,unknown,13153033,9411,1,1,0.7810232043266296,lime,attribution,5,30,0.20288421435818732,1.0,0.555903367988432,0.8666666666666668,0.6666666666666666,10,10,1.0,0.048176635056734085,24,False,True,22,0.6551724137931034,nan
tabular,2,2026-10-02T18:05:27,nodeGcal1,3.11.9,unknown,13153033,9411,1,1,0.7810232043266296,treeshap,attribution,5,30,0.1818048681276875,1.0,0.7478619809053049,0.7333333333333333,0.42857142857142855,10,10,1.0,0.0011851680465042591,24,False,True,20,0.8461538461538461,nan
tabular,2,2026-10-02T18:05:27,nodeGcal1,3.11.9,unknown,13153033,9411,1,1,0.7810232043266296,random,attribution,5,30,0.0,0.55,0.39927885385739414,0.1261904761904762,0.0,10,10,0.0,4.747090861201286e-05,24,False,False,28,0.6,nan
tabular,2,2026-10-02T18:05:27,nodeGcal1,3.11.9,unknown,13153033,9468,1,1,0.6250337958335876,pyxai,set,26,30,0.09592453105839632,1.0,0.13333333333333341,0.9555555555555555,0.8571428571428571,10,10,1.0,0.05647691339254379,26,True,nan,26,1.0,nan
tabular,2,2026-10-02T18:05:27,nodeGcal1,3.11.9,unknown,13153033,9468,1,1,0.6250337958335876,anchors,set,3,30,0.15696401609448188,0.89,0.9,0.3,0.0,10,10,1.0,0.728420773986727,26,False,nan,nan,0.11538461538461539,0.9559322033898305
tabular,2,2026-10-02T18:05:27,nodeGcal1,3.11.9,unknown,13153033,9468,1,1,0.6250337958335876,lime,attribution,5,30,0.1408195643717767,0.91,0.539071100760337,0.8999999999999998,0.6666666666666666,10,10,1.0,0.07238256512209773,26,False,True,23,0.7931034482758621,nan
tabular,2,2026-10-02T18:05:27,nodeGcal1,3.11.9,unknown,13153033,9468,1,1,0.6250337958335876,treeshap,attribution,5,30,0.09536217972222304,0.88,0.5998571106411625,0.511904761904762,0.25,10,10,1.0,0.000902859028428793,26,False,True,22,0.8571428571428571,nan
tabular,2,2026-10-02T18:05:27,nodeGcal1,3.11.9,unknown,13153033,9468,1,1,0.6250337958335876,random,attribution,5,30,0.13422583522333414,0.81,0.42104453077667026,0.04444444444444444,0.0,10,10,0.1111111111111111,3.889109939336777e-05,26,False,True,26,0.7333333333333333,nan
tabular,2,2026-10-02T18:05:27,nodeGcal1,3.11.9,unknown,13153033,9471,0,0,0.5189124345779419,pyxai,set,26,30,0.16185805360177333,1.0,0.13333333333333341,0.9481481481481481,0.9259259259259259,10,10,1.0,0.05413209879770875,26,True,nan,26,1.0,nan
tabular,2,2026-10-02T18:05:27,nodeGcal1,3.11.9,unknown,13153033,9471,0,0,0.5189124345779419,anchors,set,5,30,0.09660476462759879,0.86,0.8333333333333333,0.43809523809523804,0.25,10,10,0.6666666666666666,1.4963141330517828,26,False,nan,nan,0.19230769230769232,0.9572649572649573
tabular,2,2026-10-02T18:05:27,nodeGcal1,3.11.9,unknown,13153033,9471,0,0,0.5189124345779419,lime,attribution,5,30,0.06365196224264309,0.69,0.5702179414031976,0.8333333333333333,0.6666666666666666,10,10,1.0,0.04793571913614869,26,False,False,30,0.7931034482758621,nan
tabular,2,2026-10-02T18:05:27,nodeGcal1,3.11.9,unknown,13153033,9471,0,0,0.5189124345779419,treeshap,attribution,5,30,0.07109449608116605,0.6,0.5616353097261627,0.9666666666666666,0.6666666666666666,10,10,1.0,0.0010552536696195602,26,False,True,24,0.9259259259259259,nan
tabular,2,2026-10-02T18:05:27,nodeGcal1,3.11.9,unknown,13153033,9471,0,0,0.5189124345779419,random,attribution,5,30,0.0035883686315933113,0.48,0.312832031604674,0.07222222222222222,0.0,10,10,0.0,2.508377656340599e-05,26,False,False,29,0.7333333333333333,nan
tabular,2,2026-10-02T18:05:27,nodeGcal1,3.11.9,unknown,13153033,9519,1,1,0.5639556646347046,pyxai,set,27,30,0.0,1.0,0.10000000000000009,0.9428571428571428,0.9285714285714286,10,10,1.0,0.054906338918954134,27,True,nan,27,1.0,nan
tabular,2,2026-10-02T18:05:27,nodeGcal1,3.11.9,unknown,13153033,9519,1,1,0.5639556646347046,anchors,set,8,30,0.0894701174409503,0.92,0.7333333333333334,0.4121212121212121,0.3333333333333333,10,10,0.7777777777777778,1.7284768517129123,27,False,nan,nan,0.2962962962962963,0.9710743801652892
tabular,2,2026-10-02T18:05:27,nodeGcal1,3.11.9,unknown,13153033,9519,1,1,0.5639556646347046,lime,attribution,5,30,0.0,0.39,0.5394128491036473,0.8333333333333333,0.6666666666666666,10,10,1.0,0.045159838162362576,27,False,True,24,0.9285714285714286,nan
tabular,2,2026-10-02T18:05:27,nodeGcal1,3.11.9,unknown,13153033,9519,1,1,0.5639556646347046,treeshap,attribution,5,30,0.05837751011826111,0.83,0.5272840758103792,0.7285714285714285,0.42857142857142855,10,10,1.0,0.0008936929516494274,27,False,True,24,0.9285714285714286,nan
tabular,2,2026-10-02T18:05:27,nodeGcal1,3.11.9,unknown,13153033,9519,1,1,0.5639556646347046,random,attribution,5,30,0.0,0.5,0.3224912808259842,0.08333333333333333,0.0,10,10,0.0,2.371612936258316e-05,27,False,False,29,0.8,nan
tabular,2,2026-10-02T18:05:27,nodeGcal1,3.11.9,unknown,13153033,9522,0,0,0.6213163137435913,pyxai,set,26,30,0.2619704530659084,1.0,0.13333333333333341,0.8920634920634921,0.8571428571428571,10,10,1.0,0.0604171440936625,26,True,nan,26,1.0,nan
tabular,2,2026-10-02T18:05:27,nodeGcal1,3.11.9,unknown,13153033,9522,0,0,0.6213163137435913,anchors,set,6,30,0.13794184512255325,0.87,0.8,0.37,0.3333333333333333,10,10,0.7142857142857143,1.1028746510855854,26,False,nan,nan,0.23076923076923078,0.9759615384615384
tabular,2,2026-10-02T18:05:27,nodeGcal1,3.11.9,unknown,13153033,9522,0,0,0.6213163137435913,lime,attribution,5,30,0.06847447006213954,0.78,0.5161792133216638,0.8,0.6666666666666666,10,10,1.0,0.02459046710282564,26,False,True,24,0.7333333333333333,nan
tabular,2,2026-10-02T18:05:27,nodeGcal1,3.11.9,unknown,13153033,9522,0,0,0.6213163137435913,treeshap,attribution,5,30,0.1678938077072068,0.81,0.5914842724340351,0.8,0.6666666666666666,10,10,1.0,0.0009033950045704842,26,False,True,24,0.8571428571428571,nan
tabular,2,2026-10-02T18:05:27,nodeGcal1,3.11.9,unknown,13153033,9522,0,0,0.6213163137435913,random,attribution,5,30,0.0515078821307607,0.61,0.3640414052376776,0.13333333333333336,0.0,10,10,0.1111111111111111,3.789598122239113e-05,26,False,False,27,0.7333333333333333,nan
tabular,2,2026-10-02T18:05:27,nodeGcal1,3.11.9,unknown,13153033,9573,0,0,0.6002856492996216,pyxai,set,25,30,0.27547447047111534,1.0,0.16666666666666652,0.9621082621082622,0.9230769230769231,10,10,1.0,0.05553606804460287,25,True,nan,25,1.0,nan
tabular,2,2026-10-02T18:05:27,nodeGcal1,3.11.9,unknown,13153033,9573,0,0,0.6002856492996216,anchors,set,5,30,0.15832625203031003,0.72,0.8333333333333333,0.2257936507936508,0.0,10,10,0.42857142857142855,1.1747658788226545,25,False,nan,nan,0.2,0.9551282051282052
tabular,2,2026-10-02T18:05:27,nodeGcal1,3.11.9,unknown,13153033,9573,0,0,0.6002856492996216,lime,attribution,5,30,0.0875744529755473,0.62,0.5987224175623471,0.8,0.6666666666666666,10,10,1.0,0.07623215578496456,25,False,False,28,0.7241379310344828,nan
tabular,2,2026-10-02T18:05:27,nodeGcal1,3.11.9,unknown,13153033,9573,0,0,0.6002856492996216,treeshap,attribution,5,30,0.06286092056078757,0.71,0.5733169589185394,0.5571428571428572,0.42857142857142855,10,10,1.0,0.0008963430300354958,25,False,False,26,0.8518518518518519,nan
tabular,2,2026-10-02T18:05:27,nodeGcal1,3.11.9,unknown,13153033,9573,0,0,0.6002856492996216,random,attribution,5,30,0.0,0.44,0.3318257402111294,0.08055555555555556,0.0,10,10,0.0,2.5170855224132538e-05,25,False,False,29,0.6666666666666666,nan
tabular,2,2026-10-02T18:05:27,nodeGcal1,3.11.9,unknown,13153033,9615,0,0,0.520415186882019,pyxai,set,26,30,0.16427827455773705,1.0,0.13333333333333341,0.9206349206349207,0.8571428571428571,10,10,1.0,0.05395838292315602,26,True,nan,26,1.0,nan
tabular,2,2026-10-02T18:05:27,nodeGcal1,3.11.9,unknown,13153033,9615,0,0,0.520415186882019,anchors,set,7,30,0.16719244889371557,0.92,0.7666666666666666,0.5067676767676768,0.4,10,10,0.5555555555555556,1.162383313756436,26,False,nan,nan,0.2222222222222222,0.9585921325051759
tabular,2,2026-10-02T18:05:27,nodeGcal1,3.11.9,unknown,13153033,9615,0,0,0.520415186882019,lime,attribution,5,30,0.16174423481620567,0.84,0.5876194330073594,1.0,1.0,10,10,1.0,0.05643189465627074,26,False,False,30,0.7333333333333333,nan
tabular,2,2026-10-02T18:05:27,nodeGcal1,3.11.9,unknown,13153033,9615,0,0,0.520415186882019,treeshap,attribution,5,30,0.09384181956995656,0.67,0.6295970879145556,0.8,0.6666666666666666,10,10,1.0,0.001394379884004593,26,False,False,27,0.8571428571428571,nan
tabular,2,2026-10-02T18:05:27,nodeGcal1,3.11.9,unknown,13153033,9615,0,0,0.520415186882019,random,attribution,5,30,0.005534571861243886,0.61,0.31720601339640886,0.13333333333333336,0.0,10,10,0.0,3.5573262721300125e-05,26,False,False,30,0.8571428571428571,nan
tabular,2,2026-10-02T18:05:27,nodeGcal1,3.11.9,unknown,13153033,9962,0,0,0.6683745384216309,pyxai,set,26,30,0.34928359336597503,1.0,0.13333333333333341,0.9555555555555555,0.8571428571428571,10,10,1.0,0.05839633708819747,26,True,nan,26,1.0,nan
tabular,2,2026-10-02T18:05:27,nodeGcal1,3.11.9,unknown,13153033,9962,0,0,0.6683745384216309,anchors,set,5,30,0.13027071741613475,0.87,0.8333333333333333,0.2857142857142857,0.1111111111111111,10,10,0.6666666666666666,0.9825095017440617,26,False,nan,nan,0.19230769230769232,0.9511494252873564
tabular,2,2026-10-02T18:05:27,nodeGcal1,3.11.9,unknown,13153033,9962,0,0,0.6683745384216309,lime,attribution,5,30,0.11888627813849494,0.82,0.49927316125601007,0.9333333333333332,0.6666666666666666,10,10,1.0,0.047633225098252296,26,False,True,24,0.7931034482758621,nan
tabular,2,2026-10-02T18:05:27,nodeGcal1,3.11.9,unknown,13153033,9962,0,0,0.6683745384216309,treeshap,attribution,5,30,0.26766697605664047,0.92,0.6510545419301879,0.819047619047619,0.42857142857142855,10,10,1.0,0.0008707819506525993,26,False,True,19,0.9259259259259259,nan
tabular,2,2026-10-02T18:05:27,nodeGcal1,3.11.9,unknown,13153033,9962,0,0,0.6683745384216309,random,attribution,5,30,0.24712176362273067,0.59,0.23847474075468644,0.15277777777777776,0.0,10,10,0.0,3.650877624750137e-05,26,False,False,27,0.7931034482758621,nan
tabular,2,2026-10-02T18:05:27,nodeGcal1,3.11.9,unknown,13153033,9999,1,1,0.5918861031532288,pyxai,set,25,30,0.0484618589291395,1.0,0.16666666666666652,0.9396011396011396,0.8518518518518519,10,10,1.0,0.05504212016239762,25,True,nan,25,1.0,nan
tabular,2,2026-10-02T18:05:27,nodeGcal1,3.11.9,unknown,13153033,9999,1,1,0.5918861031532288,anchors,set,6,30,0.0882216784937183,0.92,0.8,0.3266666666666667,0.2,10,10,0.3333333333333333,1.743979122955352,25,False,nan,nan,0.24,0.9575971731448764
tabular,2,2026-10-02T18:05:27,nodeGcal1,3.11.9,unknown,13153033,9999,1,1,0.5918861031532288,lime,attribution,5,30,0.0,0.59,0.5431244392239707,0.8,0.6666666666666666,10,10,1.0,0.04956697300076485,25,False,True,25,0.7857142857142857,nan
tabular,2,2026-10-02T18:05:27,nodeGcal1,3.11.9,unknown,13153033,9999,1,1,0.5918861031532288,treeshap,attribution,5,30,0.06771444001989486,0.8,0.5034163720462701,0.8333333333333333,0.42857142857142855,10,10,1.0,0.0008637136779725552,25,False,True,22,0.8518518518518519,nan
tabular,2,2026-10-02T18:05:27,nodeGcal1,3.11.9,unknown,13153033,9999,1,1,0.5918861031532288,random,attribution,5,30,0.0,0.51,0.3276916389418616,0.12341269841269842,0.0,10,10,0.25,2.3684930056333542e-05,25,False,False,30,0.6666666666666666,nan
tabular,2,2026-10-02T18:05:27,nodeGcal1,3.11.9,unknown,13153033,10304,0,0,0.6288855671882629,pyxai,set,27,30,0.30842382045444444,1.0,0.10000000000000009,0.9642857142857144,0.8620689655172413,10,10,1.0,0.05828567733988166,27,True,nan,27,1.0,nan
tabular,2,2026-10-02T18:05:27,nodeGcal1,3.11.9,unknown,13153033,10304,0,0,0.6288855671882629,anchors,set,5,30,0.2598190930503029,0.95,0.8333333333333333,0.6857142857142857,0.25,10,10,0.6666666666666666,1.2126192077994347,27,False,nan,nan,0.18518518518518517,0.9752704791344667
tabular,2,2026-10-02T18:05:27,nodeGcal1,3.11.9,unknown,13153033,10304,0,0,0.6288855671882629,lime,attribution,5,30,0.11547691112903682,0.79,0.5026103324078459,1.0,1.0,10,10,0.6666666666666666,0.041726569179445505,27,False,True,24,0.8620689655172413,nan
tabular,2,2026-10-02T18:05:27,nodeGcal1,3.11.9,unknown,13153033,10304,0,0,0.6288855671882629,treeshap,attribution,5,30,0.2561467219678533,0.89,0.5682088112237895,1.0,1.0,10,10,1.0,0.0011240458115935326,27,False,True,22,0.8620689655172413,nan
tabular,2,2026-10-02T18:05:27,nodeGcal1,3.11.9,unknown,13153033,10304,0,0,0.6288855671882629,random,attribution,5,30,0.09318735215192492,0.74,0.3296268554737263,0.09444444444444444,0.0,10,10,0.0,3.5111792385578156e-05,27,False,True,25,0.8,nan
tabular,2,2026-10-02T18:05:27,nodeGcal1,3.11.9,unknown,13153033,10523,1,1,0.5614177584648132,pyxai,set,27,30,0.0,1.0,0.10000000000000009,1.0,1.0,10,10,1.0,0.05452313274145126,27,True,nan,27,1.0,nan
tabular,2,2026-10-02T18:05:27,nodeGcal1,3.11.9,unknown,13153033,10523,1,1,0.5614177584648132,anchors,set,14,30,0.11858140973584638,0.97,0.5333333333333334,0.49102167182662537,0.47368421052631576,10,10,0.4,3.46277242526412,27,False,nan,nan,0.5185185185185185,0.9539007092198581
tabular,2,2026-10-02T18:05:27,nodeGcal1,3.11.9,unknown,13153033,10523,1,1,0.5614177584648132,lime,attribution,5,30,0.0,0.48,0.6449327353196499,0.8666666666666666,0.6666666666666666,10,10,1.0,0.05059482529759407,27,False,False,30,0.8620689655172413,nan
tabular,2,2026-10-02T18:05:27,nodeGcal1,3.11.9,unknown,13153033,10523,1,1,0.5614177584648132,treeshap,attribution,5,30,0.13498066201530157,0.68,0.6108320268271368,0.7761904761904762,0.42857142857142855,10,10,1.0,0.0009641679935157299,27,False,True,25,0.9285714285714286,nan
tabular,2,2026-10-02T18:05:27,nodeGcal1,3.11.9,unknown,13153033,10523,1,1,0.5614177584648132,random,attribution,5,30,0.0,0.3,0.31656890630444057,0.06944444444444445,0.0,10,10,0.1111111111111111,3.8607046008110046e-05,27,False,True,27,0.8,nan
tabular,2,2026-10-02T18:05:27,nodeGcal1,3.11.9,unknown,13153033,10528,1,1,0.5492768883705139,pyxai,set,26,30,0.0,1.0,0.13333333333333341,0.9338624338624338,0.9259259259259259,10,10,1.0,0.052892233710736036,26,True,nan,26,1.0,nan
tabular,2,2026-10-02T18:05:27,nodeGcal1,3.11.9,unknown,13153033,10528,1,1,0.5492768883705139,anchors,set,3,30,0.18428463332377318,0.91,0.9,0.5,0.2,10,10,0.5,0.39912876300513744,26,False,nan,nan,0.11538461538461539,0.9807692307692307
tabular,2,2026-10-02T18:05:27,nodeGcal1,3.11.9,unknown,13153033,10528,1,1,0.5492768883705139,lime,attribution,5,30,0.11443965641191418,0.76,0.5707612282134168,0.9666666666666666,1.0,10,10,1.0,0.05071467813104391,26,False,False,29,0.7931034482758621,nan
tabular,2,2026-10-02T18:05:27,nodeGcal1,3.11.9,unknown,13153033,10528,1,1,0.5492768883705139,treeshap,attribution,5,30,0.028407751121852624,0.6,0.6133211916176062,0.7333333333333334,0.6666666666666666,10,10,1.0,0.0009114309214055538,26,False,True,23,0.9259259259259259,nan
tabular,2,2026-10-02T18:05:27,nodeGcal1,3.11.9,unknown,13153033,10528,1,1,0.5492768883705139,random,attribution,5,30,0.03379811286337114,0.76,0.29070665030699405,0.1261904761904762,0.0,10,10,0.1111111111111111,2.5316141545772552e-05,26,False,False,28,0.7931034482758621,nan
tabular,2,2026-10-02T18:05:27,nodeGcal1,3.11.9,unknown,13153033,10597,1,1,0.5681065320968628,pyxai,set,26,30,0.005331412073510641,1.0,0.13333333333333341,1.0,0.9259259259259259,10,10,1.0,0.05488134082406759,26,True,nan,26,1.0,nan
tabular,2,2026-10-02T18:05:27,nodeGcal1,3.11.9,unknown,13153033,10597,1,1,0.5681065320968628,anchors,set,12,30,0.0613886159270257,0.91,0.6,0.5599999999999999,0.5,10,10,0.8461538461538461,3.025736009236425,26,False,nan,nan,0.4074074074074074,0.9566666666666667
tabular,2,2026-10-02T18:05:27,nodeGcal1,3.11.9,unknown,13153033,10597,1,1,0.5681065320968628,lime,attribution,5,30,0.014057133768239746,0.54,0.5557675303878057,0.9666666666666666,0.6666666666666666,10,10,1.0,0.048238488379865885,26,False,False,30,0.7333333333333333,nan
tabular,2,2026-10-02T18:05:27,nodeGcal1,3.11.9,unknown,13153033,10597,1,1,0.5681065320968628,treeshap,attribution,5,30,0.06380634808922149,0.74,0.5582151597336785,0.8333333333333333,0.6666666666666666,10,10,1.0,0.0008628000505268574,26,False,False,30,0.9259259259259259,nan
tabular,2,2026-10-02T18:05:27,nodeGcal1,3.11.9,unknown,13153033,10597,1,1,0.5681065320968628,random,attribution,5,30,0.014057133768239746,0.67,0.3281255474708733,0.09444444444444444,0.0,10,10,0.1111111111111111,3.549037501215935e-05,26,False,False,28,0.7931034482758621,nan
tabular,2,2026-10-02T18:05:27,nodeGcal1,3.11.9,unknown,13153033,10636,1,1,0.6709542274475098,pyxai,set,25,30,0.1577998931129641,1.0,0.16666666666666652,0.933048433048433,0.8518518518518519,10,10,1.0,0.05759988119825721,25,True,nan,25,1.0,nan
tabular,2,2026-10-02T18:05:27,nodeGcal1,3.11.9,unknown,13153033,10636,1,1,0.6709542274475098,anchors,set,2,30,0.12863604253592337,0.94,0.9333333333333333,0.6666666666666666,0.3333333333333333,10,10,0.3333333333333333,0.32453914592042565,25,False,nan,nan,0.08,0.968609865470852
tabular,2,2026-10-02T18:05:27,nodeGcal1,3.11.9,unknown,13153033,10636,1,1,0.6709542274475098,lime,attribution,5,30,0.1255335468231311,0.94,0.5643095972310694,0.9333333333333332,0.6666666666666666,10,10,1.0,0.047369347885251045,25,False,False,28,0.6666666666666666,nan
tabular,2,2026-10-02T18:05:27,nodeGcal1,3.11.9,unknown,13153033,10636,1,1,0.6709542274475098,treeshap,attribution,5,30,0.1570190278823077,0.99,0.6133447390939355,0.6476190476190476,0.42857142857142855,10,10,1.0,0.0008828230202198029,25,False,True,23,0.9230769230769231,nan
tabular,2,2026-10-02T18:05:27,nodeGcal1,3.11.9,unknown,13153033,10636,1,1,0.6709542274475098,random,attribution,5,30,0.0,0.59,0.41192746194938157,0.04444444444444444,0.0,10,10,0.0,3.745220601558685e-05,25,False,False,26,0.6666666666666666,nan
tabular,2,2026-10-02T18:05:27,nodeGcal1,3.11.9,unknown,13153033,10681,1,1,0.5447502136230469,pyxai,set,26,30,0.0,1.0,0.13333333333333341,0.9555555555555555,0.9259259259259259,10,10,1.0,0.05816892022266984,26,True,nan,26,1.0,nan
tabular,2,2026-10-02T18:05:27,nodeGcal1,3.11.9,unknown,13153033,10681,1,1,0.5447502136230469,anchors,set,6,30,0.11322295837622459,0.97,0.8,0.31,0.2,10,10,0.7142857142857143,1.2494662152603269,26,False,nan,nan,0.23076923076923078,0.951048951048951
tabular,2,2026-10-02T18:05:27,nodeGcal1,3.11.9,unknown,13153033,10681,1,1,0.5447502136230469,lime,attribution,5,30,0.0,0.45,0.5625882901731298,0.8333333333333334,0.6666666666666666,10,10,1.0,0.07214149972423911,26,False,True,26,0.7931034482758621,nan
tabular,2,2026-10-02T18:05:27,nodeGcal1,3.11.9,unknown,13153033,10681,1,1,0.5447502136230469,treeshap,attribution,5,30,0.03996513115970953,0.68,0.521031750484536,0.8333333333333334,0.6666666666666666,10,10,1.0,0.0008984757587313652,26,False,True,23,0.9259259259259259,nan
tabular,2,2026-10-02T18:05:27,nodeGcal1,3.11.9,unknown,13153033,10681,1,1,0.5447502136230469,random,attribution,5,30,0.0,0.34,0.35622096444090245,0.07222222222222223,0.0,10,10,0.1111111111111111,3.5945791751146317e-05,26,False,False,30,0.7333333333333333,nan
tabular,2,2026-10-02T18:05:27,nodeGcal1,3.11.9,unknown,13153033,10751,0,0,0.5984166860580444,pyxai,set,26,30,0.27321164656626457,1.0,0.13333333333333341,0.9417989417989417,0.8571428571428571,10,10,1.0,0.055013107135891914,26,True,nan,26,1.0,nan
tabular,2,2026-10-02T18:05:27,nodeGcal1,3.11.9,unknown,13153033,10751,0,0,0.5984166860580444,anchors,set,6,30,0.14748212259130342,0.87,0.8,0.35809523809523813,0.2,10,10,0.3333333333333333,1.107750782277435,26,False,nan,nan,0.23076923076923078,0.9711934156378601
tabular,2,2026-10-02T18:05:27,nodeGcal1,3.11.9,unknown,13153033,10751,0,0,0.5984166860580444,lime,attribution,5,30,0.06071127554168095,0.7,0.5532339261973657,0.7666666666666667,0.6666666666666666,10,10,1.0,0.058120351284742355,26,False,False,29,0.7931034482758621,nan
tabular,2,2026-10-02T18:05:27,nodeGcal1,3.11.9,unknown,13153033,10751,0,0,0.5984166860580444,treeshap,attribution,5,30,0.2722917048066658,0.84,0.5938239664728286,0.7523809523809524,0.42857142857142855,10,10,1.0,0.0009318557567894459,26,False,False,27,0.7931034482758621,nan
tabular,2,2026-10-02T18:05:27,nodeGcal1,3.11.9,unknown,13153033,10751,0,0,0.5984166860580444,random,attribution,5,30,0.10499328370800674,0.65,0.29783108848670004,0.1373015873015873,0.0,10,10,0.1111111111111111,2.5892164558172226e-05,26,False,False,28,0.7333333333333333,nan
tabular,2,2026-10-02T18:05:27,nodeGcal1,3.11.9,unknown,13153033,10754,0,0,0.5379141569137573,pyxai,set,26,30,0.19146526943493536,1.0,0.13333333333333341,0.9555555555555555,0.9259259259259259,10,10,1.0,0.05434386990964413,26,True,nan,26,1.0,nan
tabular,2,2026-10-02T18:05:27,nodeGcal1,3.11.9,unknown,13153033,10754,0,0,0.5379141569137573,anchors,set,7,30,0.25778657289736545,0.87,0.7666666666666666,0.595050505050505,0.4,10,10,0.5555555555555556,1.419860779773444,26,False,nan,nan,0.2692307692307692,0.9565217391304348
tabular,2,2026-10-02T18:05:27,nodeGcal1,3.11.9,unknown,13153033,10754,0,0,0.5379141569137573,lime,attribution,5,30,0.10194973750933826,0.77,0.5180078775487909,0.8666666666666666,0.6666666666666666,10,10,0.6666666666666666,0.04418785497546196,26,False,False,30,0.7333333333333333,nan
tabular,2,2026-10-02T18:05:27,nodeGcal1,3.11.9,unknown,13153033,10754,0,0,0.5379141569137573,treeshap,attribution,5,30,0.18603074095964608,0.62,0.5508640889744917,0.8666666666666666,0.6666666666666666,10,10,1.0,0.0010185930877923965,26,False,False,27,0.9259259259259259,nan
tabular,2,2026-10-02T18:05:27,nodeGcal1,3.11.9,unknown,13153033,10754,0,0,0.5379141569137573,random,attribution,5,30,0.0,0.39,0.33701807451433363,0.1123015873015873,0.0,10,10,0.1111111111111111,3.798631951212883e-05,26,False,False,30,0.7333333333333333,nan
tabular,2,2026-10-02T18:05:27,nodeGcal1,3.11.9,unknown,13153033,10928,0,0,0.6029272079467773,pyxai,set,28,30,0.27864877850098463,1.0,0.06666666666666687,1.0,0.9310344827586207,10,10,1.0,0.056498699355870485,28,True,nan,28,1.0,nan
tabular,2,2026-10-02T18:05:27,nodeGcal1,3.11.9,unknown,13153033,10928,0,0,0.6029272079467773,anchors,set,5,30,0.1554276432859075,0.76,0.8333333333333333,0.4738095238095238,0.42857142857142855,10,10,0.42857142857142855,1.1163534172810614,28,False,nan,nan,0.17857142857142858,0.967816091954023
tabular,2,2026-10-02T18:05:27,nodeGcal1,3.11.9,unknown,13153033,10928,0,0,0.6029272079467773,lime,attribution,5,30,0.11438246878039908,0.83,0.5715835514823153,0.8999999999999998,0.6666666666666666,10,10,1.0,0.05468990374356508,28,False,True,28,0.8666666666666667,nan
tabular,2,2026-10-02T18:05:27,nodeGcal1,3.11.9,unknown,13153033,10928,0,0,0.6029272079467773,treeshap,attribution,5,30,0.13705128002340974,0.82,0.6073466091899821,0.8,0.42857142857142855,10,10,1.0,0.000871109776198864,28,False,True,27,0.9310344827586207,nan
tabular,2,2026-10-02T18:05:27,nodeGcal1,3.11.9,unknown,13153033,10928,0,0,0.6029272079467773,random,attribution,5,30,0.013544937244450068,0.32,0.37800113628961707,0.07777777777777777,0.0,10,10,0.1111111111111111,2.2008083760738373e-05,28,False,False,29,0.8666666666666667,nan
tabular,2,2026-10-02T18:05:27,nodeGcal1,3.11.9,unknown,13153033,11001,1,1,0.5231488943099976,pyxai,set,27,30,0.0,1.0,0.10000000000000009,0.9857142857142858,0.9285714285714286,10,10,1.0,0.053525869734585285,27,True,nan,27,1.0,nan
tabular,2,2026-10-02T18:05:27,nodeGcal1,3.11.9,unknown,13153033,11001,1,1,0.5231488943099976,anchors,set,6,30,0.06078017477989587,0.93,0.8,0.4280952380952381,0.2,10,10,0.3333333333333333,1.523916503880173,27,False,nan,nan,0.2222222222222222,0.9533333333333334
tabular,2,2026-10-02T18:05:27,nodeGcal1,3.11.9,unknown,13153033,11001,1,1,0.5231488943099976,lime,attribution,5,30,0.0,0.47,0.5641763748388688,0.8,0.6666666666666666,10,10,1.0,0.04225454572588205,27,False,False,29,0.8,nan
tabular,2,2026-10-02T18:05:27,nodeGcal1,3.11.9,unknown,13153033,11001,1,1,0.5231488943099976,treeshap,attribution,5,30,0.0,0.6,0.5006673900369927,0.9,0.42857142857142855,10,10,1.0,0.0012594647705554962,27,False,True,26,0.9285714285714286,nan
tabular,2,2026-10-02T18:05:27,nodeGcal1,3.11.9,unknown,13153033,11001,1,1,0.5231488943099976,random,attribution,5,30,0.0,0.5,0.31084917229626374,0.10833333333333332,0.0,10,10,0.25,2.381904050707817e-05,27,False,False,30,0.8,nan
tabular,2,2026-10-02T18:05:27,nodeGcal1,3.11.9,unknown,13153033,11045,1,1,0.5497181415557861,pyxai,set,28,30,0.0,1.0,0.06666666666666687,0.8800000000000001,0.8666666666666667,10,10,1.0,0.05473184399306774,28,True,nan,28,1.0,nan
tabular,2,2026-10-02T18:05:27,nodeGcal1,3.11.9,unknown,13153033,11045,1,1,0.5497181415557861,anchors,set,6,30,0.2147160171489167,0.87,0.8,0.2521212121212121,0.09090909090909091,10,10,0.3333333333333333,1.1888238941319287,28,False,nan,nan,0.21428571428571427,0.9702127659574468
tabular,2,2026-10-02T18:05:27,nodeGcal1,3.11.9,unknown,13153033,11045,1,1,0.5497181415557861,lime,attribution,5,30,0.0,0.19,0.5635062555575883,0.7666666666666667,0.6666666666666666,10,10,0.6666666666666666,0.04173329006880522,28,False,False,30,0.8666666666666667,nan
tabular,2,2026-10-02T18:05:27,nodeGcal1,3.11.9,unknown,13153033,11045,1,1,0.5497181415557861,treeshap,attribution,5,30,0.09864909994209964,0.52,0.6225562517635397,0.7333333333333334,0.6666666666666666,10,10,1.0,0.0008681430481374264,28,False,True,27,0.9310344827586207,nan
tabular,2,2026-10-02T18:05:27,nodeGcal1,3.11.9,unknown,13153033,11045,1,1,0.5497181415557861,random,attribution,5,30,0.0,0.31,0.3500681681106198,0.08333333333333333,0.0,10,10,0.1111111111111111,3.514764830470085e-05,28,False,False,30,0.8666666666666667,nan
tabular,2,2026-10-02T18:05:27,nodeGcal1,3.11.9,unknown,13153033,11165,1,1,0.6011253595352173,pyxai,set,25,30,0.1755001631101385,1.0,0.16666666666666652,0.8473341473341474,0.7857142857142857,10,10,1.0,0.05442710407078266,25,True,nan,25,1.0,nan
tabular,2,2026-10-02T18:05:27,nodeGcal1,3.11.9,unknown,13153033,11165,1,1,0.6011253595352173,anchors,set,3,30,0.3117177034489118,0.98,0.9,0.39,0.2,10,10,0.2,0.4807374309748411,25,False,nan,nan,0.12,0.9753694581280788
tabular,2,2026-10-02T18:05:27,nodeGcal1,3.11.9,unknown,13153033,11165,1,1,0.6011253595352173,lime,attribution,5,30,0.181176247197629,0.96,0.5406733267686854,0.9,0.6666666666666666,10,10,1.0,0.04853136697784066,25,False,False,26,0.7857142857142857,nan
tabular,2,2026-10-02T18:05:27,nodeGcal1,3.11.9,unknown,13153033,11165,1,1,0.6011253595352173,treeshap,attribution,5,30,0.13421118648000388,0.9,0.6611906693902441,0.5392857142857144,0.42857142857142855,10,10,1.0,0.0011739563196897507,25,False,True,22,0.7857142857142857,nan
tabular,2,2026-10-02T18:05:27,nodeGcal1,3.11.9,unknown,13153033,11165,1,1,0.6011253595352173,random,attribution,5,30,0.0,0.51,0.32594552172639835,0.10396825396825397,0.0,10,10,0.0,2.1058134734630585e-05,25,False,False,27,0.7241379310344828,nan
tabular,2,2026-10-02T18:05:27,nodeGcal1,3.11.9,unknown,13153033,11207,0,0,0.5549167394638062,pyxai,set,27,30,0.21623867690917617,1.0,0.10000000000000009,1.0,1.0,10,10,1.0,0.056449989788234234,27,True,nan,27,1.0,nan
tabular,2,2026-10-02T18:05:27,nodeGcal1,3.11.9,unknown,13153033,11207,0,0,0.5549167394638062,anchors,set,6,30,0.04980581007991658,0.96,0.8,0.45476190476190476,0.3333333333333333,10,10,0.7142857142857143,1.5270198602229357,27,False,nan,nan,0.2222222222222222,0.9659574468085106
tabular,2,2026-10-02T18:05:27,nodeGcal1,3.11.9,unknown,13153033,11207,0,0,0.5549167394638062,lime,attribution,5,30,0.026225037749901772,0.74,0.5461603593432637,0.7333333333333333,0.6666666666666666,10,10,1.0,0.04606000194326043,27,False,False,28,0.8,nan
tabular,2,2026-10-02T18:05:27,nodeGcal1,3.11.9,unknown,13153033,11207,0,0,0.5549167394638062,treeshap,attribution,5,30,0.025770685539075473,0.56,0.5168408170909397,0.8999999999999998,0.6666666666666666,10,10,1.0,0.0013030590489506721,27,False,True,26,0.8620689655172413,nan
tabular,2,2026-10-02T18:05:27,nodeGcal1,3.11.9,unknown,13153033,11207,0,0,0.5549167394638062,random,attribution,5,30,0.03893272128617551,0.39,0.363875401146717,0.09444444444444444,0.0,10,10,0.1111111111111111,2.569379284977913e-05,27,False,False,29,0.8,nan
tabular,2,2026-10-02T18:05:27,nodeGcal1,3.11.9,unknown,13153033,11211,0,0,0.7718938589096069,pyxai,set,25,30,0.43412194223577494,1.0,0.16666666666666652,0.9357142857142857,0.7857142857142857,10,10,1.0,0.06032834714278579,25,True,nan,25,1.0,nan
tabular,2,2026-10-02T18:05:27,nodeGcal1,3.11.9,unknown,13153033,11211,0,0,0.7718938589096069,anchors,set,5,30,0.13166190870741293,0.97,0.8333333333333333,0.4087301587301587,0.25,10,10,0.6666666666666666,1.3232057159766555,25,False,nan,nan,0.2,0.9746926970354303
tabular,2,2026-10-02T18:05:27,nodeGcal1,3.11.9,unknown,13153033,11211,0,0,0.7718938589096069,lime,attribution,5,30,0.08908737528213785,0.78,0.5609127881724221,0.7333333333333333,0.6666666666666666,10,10,0.6666666666666666,0.024129088036715984,25,False,True,23,0.7857142857142857,nan
tabular,2,2026-10-02T18:05:27,nodeGcal1,3.11.9,unknown,13153033,11211,0,0,0.7718938589096069,treeshap,attribution,5,30,0.37697816949969226,0.92,0.6095180322538802,1.0,0.6666666666666666,10,10,1.0,0.0009258720092475414,25,False,True,22,0.8518518518518519,nan
tabular,2,2026-10-02T18:05:27,nodeGcal1,3.11.9,unknown,13153033,11211,0,0,0.7718938589096069,random,attribution,5,30,0.042763719254407064,0.73,0.3785283796539023,0.15674603174603174,0.0,10,10,0.0,2.4866778403520584e-05,25,False,True,24,0.6666666666666666,nan
tabular,2,2026-10-02T18:05:27,nodeGcal1,3.11.9,unknown,13153033,11223,1,1,0.5272226929664612,pyxai,set,27,30,0.0,1.0,0.10000000000000009,0.9357142857142857,0.9285714285714286,10,10,1.0,0.05372497485950589,27,True,nan,27,1.0,nan
tabular,2,2026-10-02T18:05:27,nodeGcal1,3.11.9,unknown,13153033,11223,1,1,0.5272226929664612,anchors,set,8,30,0.018923547106048853,0.95,0.7333333333333334,0.16376956376956375,0.06666666666666667,10,10,0.45454545454545453,2.137566036079079,27,False,nan,nan,0.2962962962962963,0.9554140127388535
tabular,2,2026-10-02T18:05:27,nodeGcal1,3.11.9,unknown,13153033,11223,1,1,0.5272226929664612,lime,attribution,5,30,0.0,0.35,0.5065755360152586,0.7,0.6666666666666666,10,10,1.0,0.02369889384135604,27,False,False,28,0.8620689655172413,nan
tabular,2,2026-10-02T18:05:27,nodeGcal1,3.11.9,unknown,13153033,11223,1,1,0.5272226929664612,treeshap,attribution,5,30,0.0,0.51,0.5363262271836094,0.8,0.6666666666666666,10,10,1.0,0.0008667497895658016,27,False,True,24,0.8620689655172413,nan
tabular,2,2026-10-02T18:05:27,nodeGcal1,3.11.9,unknown,13153033,11223,1,1,0.5272226929664612,random,attribution,5,30,0.0,0.55,0.3543554351444649,0.09166666666666667,0.0,10,10,0.0,3.857584670186043e-05,27,False,False,30,0.8,nan
tabular,2,2026-10-02T18:05:27,nodeGcal1,3.11.9,unknown,13153033,11258,1,1,0.7013431191444397,pyxai,set,28,30,0.1942920567012434,1.0,0.06666666666666687,0.9862068965517242,0.9310344827586207,10,10,1.0,0.05787488026544452,28,True,nan,28,1.0,nan
tabular,2,2026-10-02T18:05:27,nodeGcal1,3.11.9,unknown,13153033,11258,1,1,0.7013431191444397,anchors,set,3,30,0.2232387731869527,0.97,0.9,0.23000000000000004,0.2,10,10,1.0,0.3723303973674774,28,False,nan,nan,0.10714285714285714,0.9864253393665159
tabular,2,2026-10-02T18:05:27,nodeGcal1,3.11.9,unknown,13153033,11258,1,1,0.7013431191444397,lime,attribution,5,30,0.19082894484678434,0.89,0.5592735801693047,0.9666666666666666,0.6666666666666666,10,10,0.6666666666666666,0.04351006308570504,28,False,True,26,0.9310344827586207,nan
tabular,2,2026-10-02T18:05:27,nodeGcal1,3.11.9,unknown,13153033,11258,1,1,0.7013431191444397,treeshap,attribution,5,30,0.3090719184878195,0.97,0.6225520368946006,0.6428571428571429,0.42857142857142855,10,10,1.0,0.0012144441716372967,28,False,True,21,0.9310344827586207,nan
tabular,2,2026-10-02T18:05:27,nodeGcal1,3.11.9,unknown,13153033,11258,1,1,0.7013431191444397,random,attribution,5,30,0.02116892879284856,0.64,0.28631577117404594,0.14166666666666666,0.0,10,10,0.0,2.3643020540475845e-05,28,False,True,26,0.8666666666666667,nan
tabular,2,2026-10-02T18:05:27,nodeGcal1,3.11.9,unknown,13153033,11407,1,1,0.579602837562561,pyxai,set,26,30,0.02829633359186567,1.0,0.13333333333333341,0.8586206896551725,0.8571428571428571,10,10,1.0,0.054022392723709345,26,True,nan,26,1.0,nan
tabular,2,2026-10-02T18:05:27,nodeGcal1,3.11.9,unknown,13153033,11407,1,1,0.579602837562561,anchors,set,4,30,0.2799988523385453,0.89,0.8666666666666667,0.3866666666666667,0.14285714285714285,10,10,0.14285714285714285,0.7660538097843528,26,False,nan,nan,0.15384615384615385,0.9602122015915119
tabular,2,2026-10-02T18:05:27,nodeGcal1,3.11.9,unknown,13153033,11407,1,1,0.579602837562561,lime,attribution,5,30,0.18027766414283983,0.82,0.5765430968433608,0.7,0.6666666666666666,10,10,0.6666666666666666,0.04212181968614459,26,False,False,29,0.7333333333333333,nan
tabular,2,2026-10-02T18:05:27,nodeGcal1,3.11.9,unknown,13153033,11407,1,1,0.579602837562561,treeshap,attribution,5,30,0.22441095453142196,0.79,0.6195208187903284,0.7666666666666667,0.6666666666666666,10,10,1.0,0.0010252180509269238,26,False,True,24,0.8571428571428571,nan
tabular,2,2026-10-02T18:05:27,nodeGcal1,3.11.9,unknown,13153033,11407,1,1,0.579602837562561,random,attribution,5,30,0.0,0.51,0.2859964902413312,0.10833333333333335,0.0,10,10,0.1111111111111111,3.433087840676308e-05,26,False,False,28,0.8571428571428571,nan
tabular,2,2026-10-02T18:05:27,nodeGcal1,3.11.9,unknown,13153033,11447,1,1,0.6154870390892029,pyxai,set,28,30,0.08190150858610641,1.0,0.06666666666666687,0.9862068965517242,0.8666666666666667,10,10,1.0,0.05642635188996792,28,True,nan,28,1.0,nan
tabular,2,2026-10-02T18:05:27,nodeGcal1,3.11.9,unknown,13153033,11447,1,1,0.6154870390892029,anchors,set,4,30,0.18842504749345812,0.86,0.8666666666666667,0.5199999999999999,0.14285714285714285,10,10,0.6,0.6919285119511187,28,False,nan,nan,0.14285714285714285,0.9847328244274809
tabular,2,2026-10-02T18:05:27,nodeGcal1,3.11.9,unknown,13153033,11447,1,1,0.6154870390892029,lime,attribution,5,30,0.17343128262890392,0.85,0.5784758397874946,0.8999999999999998,0.6666666666666666,10,10,1.0,0.05796886095777154,28,False,True,26,0.8666666666666667,nan
tabular,2,2026-10-02T18:05:27,nodeGcal1,3.11.9,unknown,13153033,11447,1,1,0.6154870390892029,treeshap,attribution,5,30,0.16593197916088645,0.83,0.640546847591628,1.0,0.6666666666666666,10,10,1.0,0.0009189220145344734,28,False,True,21,0.9310344827586207,nan
tabular,2,2026-10-02T18:05:27,nodeGcal1,3.11.9,unknown,13153033,11447,1,1,0.6154870390892029,random,attribution,5,30,0.0,0.38,0.20095038830720202,0.08055555555555556,0.0,10,10,0.0,2.3515895009040833e-05,28,False,True,28,0.8666666666666667,nan
tabular,2,2026-10-02T18:05:27,nodeGcal1,3.11.9,unknown,13153033,11478,1,1,0.5431697964668274,pyxai,set,28,30,0.0,1.0,0.06666666666666687,0.9328735632183907,0.8666666666666667,10,10,1.0,0.055439828895032406,28,True,nan,28,1.0,nan
tabular,2,2026-10-02T18:05:27,nodeGcal1,3.11.9,unknown,13153033,11478,1,1,0.5431697964668274,anchors,set,10,30,0.14612624531199092,0.94,0.6666666666666666,0.325,0.25,10,10,0.6666666666666666,2.841348071116954,28,False,nan,nan,0.35714285714285715,0.9541284403669725
tabular,2,2026-10-02T18:05:27,nodeGcal1,3.11.9,unknown,13153033,11478,1,1,0.5431697964668274,lime,attribution,5,30,0.0,0.31,0.5657706478951815,0.6666666666666667,0.6666666666666666,10,10,1.0,0.04857260826975107,28,False,True,28,0.8666666666666667,nan
tabular,2,2026-10-02T18:05:27,nodeGcal1,3.11.9,unknown,13153033,11478,1,1,0.5431697964668274,treeshap,attribution,5,30,1.8654920943188413e-05,0.52,0.4619142855042385,0.7857142857142858,0.42857142857142855,10,10,1.0,0.0008553103543817997,28,False,True,24,0.9310344827586207,nan
tabular,2,2026-10-02T18:05:27,nodeGcal1,3.11.9,unknown,13153033,11478,1,1,0.5431697964668274,random,attribution,5,30,0.0,0.48,0.3342077244710425,0.10555555555555556,0.0,10,10,0.1111111111111111,2.4007633328437805e-05,28,False,True,27,0.8666666666666667,nan
tabular,2,2026-10-02T18:05:27,nodeGcal1,3.11.9,unknown,13153033,11497,1,1,0.5031208395957947,pyxai,set,28,30,0.0,1.0,0.06666666666666687,0.9586206896551724,0.8666666666666667,5,8,1.0,0.05284802196547389,28,True,nan,28,1.0,nan
tabular,2,2026-10-02T18:05:27,nodeGcal1,3.11.9,unknown,13153033,11497,1,1,0.5031208395957947,anchors,set,7,30,0.16309896721548608,0.85,0.7666666666666666,0.21969696969696967,0.16666666666666666,10,10,0.5555555555555556,1.9375438108108938,28,False,nan,nan,0.25,0.9567567567567568
tabular,2,2026-10-02T18:05:27,nodeGcal1,3.11.9,unknown,13153033,11497,1,1,0.5031208395957947,lime,attribution,5,30,0.010607493193611584,0.42,0.6106699910876869,0.9166666666666666,0.6666666666666666,8,8,1.0,0.04796703113242984,28,False,False,30,0.8666666666666667,nan
tabular,2,2026-10-02T18:05:27,nodeGcal1,3.11.9,unknown,13153033,11497,1,1,0.5031208395957947,treeshap,attribution,5,30,0.07621176578465477,0.43,0.5345975023089446,1.0,1.0,7,9,1.0,0.00149432010948658,28,False,True,28,0.9310344827586207,nan
tabular,2,2026-10-02T18:05:27,nodeGcal1,3.11.9,unknown,13153033,11497,1,1,0.5031208395957947,random,attribution,5,30,0.010728865543485717,0.45,0.28656811375862323,0.11388888888888889,0.0,10,6,0.25,2.628890797495842e-05,28,False,False,30,0.8666666666666667,nan
tabular,2,2026-10-02T18:05:27,nodeGcal1,3.11.9,unknown,13153033,11510,1,1,0.5187313556671143,pyxai,set,24,30,0.0,1.0,0.20000000000000018,0.8427350427350427,0.8461538461538461,10,10,1.0,0.0520623829215765,24,True,nan,24,1.0,nan
tabular,2,2026-10-02T18:05:27,nodeGcal1,3.11.9,unknown,13153033,11510,1,1,0.5187313556671143,anchors,set,4,30,0.2171880005533808,0.93,0.8666666666666667,0.43428571428571416,0.3333333333333333,10,10,1.0,0.6800837847404182,24,False,nan,nan,0.16666666666666666,0.9698275862068966
tabular,2,2026-10-02T18:05:27,nodeGcal1,3.11.9,unknown,13153033,11510,1,1,0.5187313556671143,lime,attribution,5,30,0.06215002916280012,0.58,0.5583820510651251,1.0,1.0,10,10,1.0,0.044065750669687986,24,False,False,29,0.7142857142857143,nan
tabular,2,2026-10-02T18:05:27,nodeGcal1,3.11.9,unknown,13153033,11510,1,1,0.5187313556671143,treeshap,attribution,5,30,0.1480167227631167,0.7,0.5906802414751978,0.6,0.42857142857142855,10,10,1.0,0.000995132140815258,24,False,False,27,0.8461538461538461,nan
tabular,2,2026-10-02T18:05:27,nodeGcal1,3.11.9,unknown,13153033,11510,1,1,0.5187313556671143,random,attribution,5,30,0.0,0.38,0.40104893840398426,0.07222222222222223,0.0,10,10,0.1111111111111111,2.3094937205314636e-05,24,False,False,29,0.6551724137931034,nan
tabular,2,2026-10-02T18:05:27,nodeGcal1,3.11.9,unknown,13153033,11566,0,0,0.5969140529632568,pyxai,set,26,30,0.27138207624981076,1.0,0.13333333333333341,0.9703703703703704,0.9259259259259259,10,10,1.0,0.0580266653560102,26,True,nan,26,1.0,nan
tabular,2,2026-10-02T18:05:27,nodeGcal1,3.11.9,unknown,13153033,11566,0,0,0.5969140529632568,anchors,set,5,30,0.1622231679567222,0.91,0.8333333333333333,0.42023809523809524,0.1111111111111111,10,10,0.6666666666666666,0.9864473603665829,26,False,nan,nan,0.19230769230769232,0.9728260869565217
tabular,2,2026-10-02T18:05:27,nodeGcal1,3.11.9,unknown,13153033,11566,0,0,0.5969140529632568,lime,attribution,5,30,0.08532659860307337,0.63,0.5910560031802703,0.8,0.6666666666666666,10,10,0.6666666666666666,0.047707116696983576,26,False,True,23,0.8571428571428571,nan
tabular,2,2026-10-02T18:05:27,nodeGcal1,3.11.9,unknown,13153033,11566,0,0,0.5969140529632568,treeshap,attribution,5,30,0.16906021594966367,0.87,0.5423815405638265,0.7333333333333334,0.6666666666666666,10,10,1.0,0.0011327806860208511,26,False,True,24,0.9259259259259259,nan
tabular,2,2026-10-02T18:05:27,nodeGcal1,3.11.9,unknown,13153033,11566,0,0,0.5969140529632568,random,attribution,5,30,0.0,0.43,0.31634767526461094,0.09166666666666666,0.0,10,10,0.42857142857142855,3.7676189094781876e-05,26,False,True,26,0.8571428571428571,nan
tabular,2,2026-10-02T18:05:27,nodeGcal1,3.11.9,unknown,13153033,11664,0,0,0.6179395914077759,pyxai,set,27,30,0.2961734707165005,1.0,0.10000000000000009,1.0,0.9285714285714286,10,10,1.0,0.056476886849850416,27,True,nan,27,1.0,nan
tabular,2,2026-10-02T18:05:27,nodeGcal1,3.11.9,unknown,13153033,11664,0,0,0.6179395914077759,anchors,set,5,30,0.1513914993924169,0.84,0.8333333333333333,0.3988095238095238,0.1111111111111111,10,10,0.42857142857142855,1.0981301297433674,27,False,nan,nan,0.18518518518518517,0.9720670391061452
tabular,2,2026-10-02T18:05:27,nodeGcal1,3.11.9,unknown,13153033,11664,0,0,0.6179395914077759,lime,attribution,5,30,0.11708191115416097,0.89,0.5404223661835919,0.7666666666666667,0.6666666666666666,10,10,0.6666666666666666,0.04447166481986642,27,False,True,25,0.8,nan
tabular,2,2026-10-02T18:05:27,nodeGcal1,3.11.9,unknown,13153033,11664,0,0,0.6179395914077759,treeshap,attribution,5,30,0.11872920506060108,0.84,0.5838113686639244,0.7285714285714286,0.42857142857142855,10,10,1.0,0.0011904900893568993,27,False,True,24,0.9285714285714286,nan
tabular,2,2026-10-02T18:05:27,nodeGcal1,3.11.9,unknown,13153033,11664,0,0,0.6179395914077759,random,attribution,5,30,0.028586404221115882,0.56,0.31789662943456976,0.06944444444444445,0.0,10,10,0.1111111111111111,4.18531708419323e-05,27,False,False,28,0.8,nan
tabular,2,2026-10-02T18:05:27,nodeGcal1,3.11.9,unknown,13153033,11799,1,1,0.5149943828582764,pyxai,set,26,30,0.0,1.0,0.13333333333333341,0.9925925925925926,0.9259259259259259,10,10,1.0,0.054061240050941706,26,True,nan,26,1.0,nan
tabular,2,2026-10-02T18:05:27,nodeGcal1,3.11.9,unknown,13153033,11799,1,1,0.5149943828582764,anchors,set,6,30,0.011908559227756113,0.84,0.8,0.1688311688311688,0.09090909090909091,7,10,0.5,1.7193235321901739,26,False,nan,nan,0.23076923076923078,0.953416149068323
tabular,2,2026-10-02T18:05:27,nodeGcal1,3.11.9,unknown,13153033,11799,1,1,0.5149943828582764,lime,attribution,5,30,0.0,0.15,0.5476268443973125,0.6666666666666667,0.6666666666666666,10,10,1.0,0.0431664502248168,26,False,False,27,0.7931034482758621,nan
tabular,2,2026-10-02T18:05:27,nodeGcal1,3.11.9,unknown,13153033,11799,1,1,0.5149943828582764,treeshap,attribution,5,30,0.0,0.45,0.6119843693356279,1.0,0.6666666666666666,10,10,1.0,0.0008708829991519451,26,False,True,26,0.9259259259259259,nan
tabular,2,2026-10-02T18:05:27,nodeGcal1,3.11.9,unknown,13153033,11799,1,1,0.5149943828582764,random,attribution,5,30,0.032494029054051236,0.57,0.32363040819437017,0.08055555555555556,0.0,10,10,0.0,2.366490662097931e-05,26,False,False,30,0.7333333333333333,nan
tabular,2,2026-10-02T18:05:27,nodeGcal1,3.11.9,unknown,13153033,11928,0,0,0.7198148965835571,pyxai,set,26,30,0.3957859444259052,1.0,0.13333333333333341,0.9925925925925926,0.9259259259259259,10,10,1.0,0.061843168921768665,26,True,nan,26,1.0,nan
tabular,2,2026-10-02T18:05:27,nodeGcal1,3.11.9,unknown,13153033,11928,0,0,0.7198148965835571,anchors,set,5,30,0.18725109696608866,0.88,0.8333333333333333,0.2123015873015873,0.0,10,10,0.42857142857142855,1.0838222559541464,26,False,nan,nan,0.19230769230769232,0.9626556016597511
tabular,2,2026-10-02T18:05:27,nodeGcal1,3.11.9,unknown,13153033,11928,0,0,0.7198148965835571,lime,attribution,5,30,0.15567785010379673,0.9,0.5008920516233408,0.8666666666666666,0.6666666666666666,10,10,1.0,0.05190264992415905,26,False,True,26,0.7931034482758621,nan
tabular,2,2026-10-02T18:05:27,nodeGcal1,3.11.9,unknown,13153033,11928,0,0,0.7198148965835571,treeshap,attribution,5,30,0.29111074492671296,0.75,0.5887197110350089,0.8333333333333333,0.6666666666666666,10,10,1.0,0.0008778250776231289,26,False,True,21,0.9259259259259259,nan
tabular,2,2026-10-02T18:05:27,nodeGcal1,3.11.9,unknown,13153033,11928,0,0,0.7198148965835571,random,attribution,5,30,0.15271689042097497,0.69,0.2998456140916105,0.14166666666666666,0.1111111111111111,10,10,0.25,2.2897031158208847e-05,26,False,True,21,0.7931034482758621,nan
tabular,2,2026-10-02T18:05:27,nodeGcal1,3.11.9,unknown,13153033,12078,0,0,0.5688591003417969,pyxai,set,25,30,0.28917697135921355,1.0,0.16666666666666652,0.9176638176638177,0.8518518518518519,10,10,1.0,0.05557469371706247,25,True,nan,25,1.0,nan
tabular,2,2026-10-02T18:05:27,nodeGcal1,3.11.9,unknown,13153033,12078,0,0,0.5688591003417969,anchors,set,5,30,0.28348022689323576,0.92,0.8333333333333333,0.3849206349206349,0.25,10,10,0.42857142857142855,1.2867354736663401,25,False,nan,nan,0.2,0.9753593429158111
tabular,2,2026-10-02T18:05:27,nodeGcal1,3.11.9,unknown,13153033,12078,0,0,0.5688591003417969,lime,attribution,5,30,0.28348022689323576,0.96,0.5306078729213964,1.0,1.0,10,10,1.0,0.046895441599190235,25,False,False,29,0.7241379310344828,nan
tabular,2,2026-10-02T18:05:27,nodeGcal1,3.11.9,unknown,13153033,12078,0,0,0.5688591003417969,treeshap,attribution,5,30,0.21120075793137208,0.73,0.6544270761744424,0.9666666666666666,0.6666666666666666,10,10,1.0,0.0008882209658622742,25,False,False,26,0.7857142857142857,nan
tabular,2,2026-10-02T18:05:27,nodeGcal1,3.11.9,unknown,13153033,12078,0,0,0.5688591003417969,random,attribution,5,30,0.0,0.56,0.3421027569215048,0.09444444444444444,0.0,10,10,0.1111111111111111,3.778422251343727e-05,25,False,False,28,0.6666666666666666,nan
tabular,2,2026-10-02T18:05:27,nodeGcal1,3.11.9,unknown,13153033,12090,0,0,0.7156633138656616,pyxai,set,25,30,0.38966020862445216,1.0,0.16666666666666652,0.9111111111111111,0.8518518518518519,10,10,1.0,0.05850347876548767,25,True,nan,25,1.0,nan
tabular,2,2026-10-02T18:05:27,nodeGcal1,3.11.9,unknown,13153033,12090,0,0,0.7156633138656616,anchors,set,4,30,0.27826218693048077,0.89,0.8666666666666667,0.35238095238095235,0.0,10,10,1.0,1.2049734299071133,25,False,nan,nan,0.16,0.9518248175182482
tabular,2,2026-10-02T18:05:27,nodeGcal1,3.11.9,unknown,13153033,12090,0,0,0.7156633138656616,lime,attribution,5,30,0.26231219243567705,0.92,0.5485811164512773,1.0,0.6666666666666666,10,10,1.0,0.05030257999897003,25,False,True,24,0.7857142857142857,nan
tabular,2,2026-10-02T18:05:27,nodeGcal1,3.11.9,unknown,13153033,12090,0,0,0.7156633138656616,treeshap,attribution,5,30,0.27483822135353203,0.86,0.6381167631092979,0.8333333333333333,0.6666666666666666,10,10,1.0,0.0011057350784540176,25,False,True,20,0.8518518518518519,nan
tabular,2,2026-10-02T18:05:27,nodeGcal1,3.11.9,unknown,13153033,12090,0,0,0.7156633138656616,random,attribution,5,30,0.05555550928562541,0.54,0.343050424373867,0.08055555555555556,0.0,10,10,0.1111111111111111,3.919517621397972e-05,25,False,False,26,0.7241379310344828,nan
tabular,2,2026-10-02T18:05:27,nodeGcal1,3.11.9,unknown,13153033,12174,1,1,0.5629865527153015,pyxai,set,27,30,0.0,1.0,0.10000000000000009,0.9029556650246306,0.8620689655172413,10,10,1.0,0.05602673487737775,27,True,nan,27,1.0,nan
tabular,2,2026-10-02T18:05:27,nodeGcal1,3.11.9,unknown,13153033,12174,1,1,0.5629865527153015,anchors,set,2,30,0.2169883223983195,0.94,0.9333333333333333,0.5999999999999999,0.3333333333333333,10,10,0.3333333333333333,0.3325687451288104,27,False,nan,nan,0.07407407407407407,0.9826839826839827
tabular,2,2026-10-02T18:05:27,nodeGcal1,3.11.9,unknown,13153033,12174,1,1,0.5629865527153015,lime,attribution,5,30,0.0,0.67,0.593328430344993,1.0,1.0,10,10,1.0,0.04478338686749339,27,False,False,28,0.8620689655172413,nan
tabular,2,2026-10-02T18:05:27,nodeGcal1,3.11.9,unknown,13153033,12174,1,1,0.5629865527153015,treeshap,attribution,5,30,0.008455909560548702,0.88,0.683631187655492,1.0,1.0,10,10,1.0,0.0008759042248129845,27,False,True,24,0.8620689655172413,nan
tabular,2,2026-10-02T18:05:27,nodeGcal1,3.11.9,unknown,13153033,12174,1,1,0.5629865527153015,random,attribution,5,30,0.0,0.42,0.2949742767929062,0.09841269841269842,0.0,10,10,0.0,2.3121945559978485e-05,27,False,False,29,0.8,nan
tabular,2,2026-10-02T18:05:27,nodeGcal1,3.11.9,unknown,13153033,12176,1,1,0.5714282393455505,pyxai,set,25,30,0.014395573160459895,1.0,0.16666666666666652,0.9692307692307693,0.9230769230769231,10,10,1.0,0.05811904277652502,25,True,nan,25,1.0,nan
tabular,2,2026-10-02T18:05:27,nodeGcal1,3.11.9,unknown,13153033,12176,1,1,0.5714282393455505,anchors,set,5,30,0.042143846208006173,0.89,0.8333333333333333,0.20833333333333331,0.1111111111111111,10,10,0.6666666666666666,1.5367161040194333,25,False,nan,nan,0.2,0.953757225433526
tabular,2,2026-10-02T18:05:27,nodeGcal1,3.11.9,unknown,13153033,12176,1,1,0.5714282393455505,lime,attribution,5,30,0.0010832405425068908,0.5,0.5642117900590535,0.9333333333333332,0.6666666666666666,10,10,1.0,0.051242800895124674,25,False,False,26,0.6666666666666666,nan
tabular,2,2026-10-02T18:05:27,nodeGcal1,3.11.9,unknown,13153033,12176,1,1,0.5714282393455505,treeshap,attribution,5,30,0.042143846208006173,0.89,0.5391148626596632,0.7666666666666667,0.6666666666666666,10,10,1.0,0.0008542598225176334,25,False,True,23,0.8518518518518519,nan
tabular,2,2026-10-02T18:05:27,nodeGcal1,3.11.9,unknown,13153033,12176,1,1,0.5714282393455505,random,attribution,5,30,0.0010832405425068908,0.53,0.2986374148050154,0.0984126984126984,0.0,10,10,0.0,4.747090861201286e-05,25,False,False,29,0.7241379310344828,nan
tabular,2,2026-10-02T18:05:27,nodeGcal1,3.11.9,unknown,13153033,12210,0,0,0.6665552854537964,pyxai,set,26,30,0.3446938202845012,1.0,0.13333333333333341,0.9634920634920634,0.8571428571428571,10,10,1.0,0.05782015295699239,26,True,nan,26,1.0,nan
tabular,2,2026-10-02T18:05:27,nodeGcal1,3.11.9,unknown,13153033,12210,0,0,0.6665552854537964,anchors,set,5,30,0.27754297572141573,0.88,0.8333333333333333,0.5051587301587301,0.1111111111111111,10,10,0.42857142857142855,1.2177736009471118,26,False,nan,nan,0.19230769230769232,0.9824561403508771
tabular,2,2026-10-02T18:05:27,nodeGcal1,3.11.9,unknown,13153033,12210,0,0,0.6665552854537964,lime,attribution,5,30,0.13621004204439224,0.85,0.5758601903183888,1.0,0.6666666666666666,10,10,0.6666666666666666,0.047308194916695356,26,False,False,28,0.7931034482758621,nan
tabular,2,2026-10-02T18:05:27,nodeGcal1,3.11.9,unknown,13153033,12210,0,0,0.6665552854537964,treeshap,attribution,5,30,0.29631737337097874,0.92,0.6211712580855075,0.9,0.6666666666666666,10,10,1.0,0.0008811089210212231,26,False,True,25,0.8571428571428571,nan
tabular,2,2026-10-02T18:05:27,nodeGcal1,3.11.9,unknown,13153033,12210,0,0,0.6665552854537964,random,attribution,5,30,0.11078104491644507,0.71,0.30102692520110275,0.04444444444444444,0.0,10,10,0.0,3.7768855690956116e-05,26,False,False,27,0.7931034482758621,nan
tabular,2,2026-10-02T18:05:27,nodeGcal1,3.11.9,unknown,13153033,12230,0,0,0.5372586846351624,pyxai,set,27,30,0.19047883195644855,1.0,0.10000000000000009,0.95,0.9285714285714286,10,10,1.0,0.05652264691889286,27,True,nan,27,1.0,nan
tabular,2,2026-10-02T18:05:27,nodeGcal1,3.11.9,unknown,13153033,12230,0,0,0.5372586846351624,anchors,set,9,30,0.14293633971824016,0.92,0.7,0.5862937062937064,0.38461538461538464,10,10,0.6363636363636364,2.27987296693027,27,False,nan,nan,0.3333333333333333,0.9847715736040609
tabular,2,2026-10-02T18:05:27,nodeGcal1,3.11.9,unknown,13153033,12230,0,0,0.5372586846351624,lime,attribution,5,30,0.11393849698875212,0.73,0.5249258227431575,1.0,1.0,10,10,1.0,0.051958995405584574,27,False,True,25,0.8,nan
tabular,2,2026-10-02T18:05:27,nodeGcal1,3.11.9,unknown,13153033,12230,0,0,0.5372586846351624,treeshap,attribution,5,30,0.1418263632989986,0.78,0.5228042339443781,0.9666666666666666,0.6666666666666666,10,10,1.0,0.0011611199006438255,27,False,True,23,0.9285714285714286,nan
tabular,2,2026-10-02T18:05:27,nodeGcal1,3.11.9,unknown,13153033,12230,0,0,0.5372586846351624,random,attribution,5,30,0.0,0.3,0.31198120455431955,0.14444444444444443,0.0,10,10,0.1111111111111111,2.3227650672197342e-05,27,False,False,28,0.8,nan
tabular,2,2026-10-02T18:05:27,nodeGcal1,3.11.9,unknown,13153033,12283,1,1,0.5850216746330261,pyxai,set,27,30,0.034090963506497936,1.0,0.10000000000000009,0.9285714285714286,0.9285714285714286,10,10,1.0,0.055160379968583584,27,True,nan,27,1.0,nan
tabular,2,2026-10-02T18:05:27,nodeGcal1,3.11.9,unknown,13153033,12283,1,1,0.5850216746330261,anchors,set,4,30,0.2067132210939645,0.87,0.8666666666666667,0.2457142857142857,0.0,10,10,0.3333333333333333,0.5792130748741329,27,False,nan,nan,0.14814814814814814,0.9830508474576272
tabular,2,2026-10-02T18:05:27,nodeGcal1,3.11.9,unknown,13153033,12283,1,1,0.5850216746330261,lime,attribution,5,30,0.16933816333818474,0.9,0.5746760755886545,0.7666666666666667,0.6666666666666666,10,10,0.6666666666666666,0.04801475116983056,27,False,True,25,0.8620689655172413,nan
tabular,2,2026-10-02T18:05:27,nodeGcal1,3.11.9,unknown,13153033,12283,1,1,0.5850216746330261,treeshap,attribution,5,30,0.11466326915798059,0.85,0.5839429094060167,1.0,0.6666666666666666,10,10,1.0,0.0011146878823637962,27,False,True,24,0.9285714285714286,nan
tabular,2,2026-10-02T18:05:27,nodeGcal1,3.11.9,unknown,13153033,12283,1,1,0.5850216746330261,random,attribution,5,30,0.055964446382514174,0.66,0.36514618008557276,0.08333333333333333,0.0,10,10,0.25,3.708666190505028e-05,27,False,False,29,0.8620689655172413,nan
tabular,2,2026-10-02T18:05:27,nodeGcal1,3.11.9,unknown,13153033,12292,1,1,0.5598776936531067,pyxai,set,28,30,0.0,1.0,0.06666666666666687,0.9190804597701149,0.8666666666666667,10,10,1.0,0.05566147901117802,28,True,nan,28,1.0,nan
tabular,2,2026-10-02T18:05:27,nodeGcal1,3.11.9,unknown,13153033,12292,1,1,0.5598776936531067,anchors,set,6,30,0.1058482907136224,0.97,0.8,0.2896103896103896,0.09090909090909091,10,10,0.5,1.2769220280461013,28,False,nan,nan,0.21428571428571427,0.9625
tabular,2,2026-10-02T18:05:27,nodeGcal1,3.11.9,unknown,13153033,12292,1,1,0.5598776936531067,lime,attribution,5,30,0.0,0.24,0.520933850866396,0.9,0.6666666666666666,10,10,1.0,0.05623522400856018,28,False,False,30,0.8666666666666667,nan
tabular,2,2026-10-02T18:05:27,nodeGcal1,3.11.9,unknown,13153033,12292,1,1,0.5598776936531067,treeshap,attribution,5,30,0.026785684819074757,0.63,0.5808344851919636,0.8333333333333334,0.6666666666666666,10,10,1.0,0.0012911823578178883,28,False,False,29,0.9310344827586207,nan
tabular,2,2026-10-02T18:05:27,nodeGcal1,3.11.9,unknown,13153033,12292,1,1,0.5598776936531067,random,attribution,5,30,0.0,0.53,0.4139997599602111,0.1277777777777778,0.0,10,10,0.1111111111111111,3.428012132644653e-05,28,False,False,30,0.8666666666666667,nan
tabular,2,2026-10-02T18:05:27,nodeGcal1,3.11.9,unknown,13153033,12343,0,0,0.5408017039299011,pyxai,set,25,30,0.19578234541995188,1.0,0.16666666666666652,1.0,0.9230769230769231,10,10,1.0,0.05445425910875201,25,True,nan,25,1.0,nan
tabular,2,2026-10-02T18:05:27,nodeGcal1,3.11.9,unknown,13153033,12343,0,0,0.5408017039299011,anchors,set,7,30,0.2192954660604529,0.92,0.7666666666666666,0.5283333333333333,0.07692307692307693,10,10,0.5555555555555556,1.0812904979102314,25,False,nan,nan,0.28,0.9783783783783784
tabular,2,2026-10-02T18:05:27,nodeGcal1,3.11.9,unknown,13153033,12343,0,0,0.5408017039299011,lime,attribution,5,30,0.1343655073592437,0.81,0.5751081697498766,0.8333333333333334,0.6666666666666666,10,10,1.0,0.0467514181509614,25,False,False,29,0.7241379310344828,nan
tabular,2,2026-10-02T18:05:27,nodeGcal1,3.11.9,unknown,13153033,12343,0,0,0.5408017039299011,treeshap,attribution,5,30,0.26564443406460847,0.88,0.6066900253604406,0.7333333333333333,0.6666666666666666,10,10,1.0,0.0011499477550387383,25,False,True,24,0.8518518518518519,nan
tabular,2,2026-10-02T18:05:27,nodeGcal1,3.11.9,unknown,13153033,12343,0,0,0.5408017039299011,random,attribution,5,30,0.04603926289301827,0.36,0.25177286861236414,0.09444444444444444,0.0,10,10,0.0,2.539297565817833e-05,25,False,False,29,0.7241379310344828,nan
tabular,2,2026-10-02T18:05:27,nodeGcal1,3.11.9,unknown,13153033,12392,0,0,0.6940000653266907,pyxai,set,25,30,0.37331089771199777,1.0,0.16666666666666652,0.9242165242165242,0.8518518518518519,10,10,1.0,0.05735813872888684,25,True,nan,25,1.0,nan
tabular,2,2026-10-02T18:05:27,nodeGcal1,3.11.9,unknown,13153033,12392,0,0,0.6940000653266907,anchors,set,4,30,0.33538491241682294,0.95,0.8666666666666667,0.5752380952380952,0.14285714285714285,10,10,0.3333333333333333,0.764365361072123,25,False,nan,nan,0.16,0.9878048780487805
tabular,2,2026-10-02T18:05:27,nodeGcal1,3.11.9,unknown,13153033,12392,0,0,0.6940000653266907,lime,attribution,5,30,0.2758044930045711,0.99,0.5195288584600162,0.9666666666666666,0.6666666666666666,10,10,1.0,0.050188622903078794,25,False,True,17,0.7857142857142857,nan
tabular,2,2026-10-02T18:05:27,nodeGcal1,3.11.9,unknown,13153033,12392,0,0,0.6940000653266907,treeshap,attribution,5,30,0.4367168356223433,0.99,0.6676176513915595,1.0,1.0,10,10,1.0,0.0008934731595218182,25,False,True,15,0.7857142857142857,nan
tabular,2,2026-10-02T18:05:27,nodeGcal1,3.11.9,unknown,13153033,12392,0,0,0.6940000653266907,random,attribution,5,30,0.0,0.47,0.22157154850836014,0.06944444444444445,0.0,10,10,0.1111111111111111,2.4559907615184784e-05,25,False,True,25,0.7241379310344828,nan
tabular,2,2026-10-02T18:05:27,nodeGcal1,3.11.9,unknown,13153033,12477,0,0,0.5079963207244873,pyxai,set,27,30,0.14384758277948329,1.0,0.10000000000000009,1.0,0.9285714285714286,10,10,1.0,0.054814400151371956,27,True,nan,27,1.0,nan
tabular,2,2026-10-02T18:05:27,nodeGcal1,3.11.9,unknown,13153033,12477,0,0,0.5079963207244873,anchors,set,8,30,0.08721759748363324,0.87,0.7333333333333334,0.5995959595959595,0.45454545454545453,10,10,1.0,2.2788431737571955,27,False,nan,nan,0.2962962962962963,0.96
tabular,2,2026-10-02T18:05:27,nodeGcal1,3.11.9,unknown,13153033,12477,0,0,0.5079963207244873,lime,attribution,5,30,0.0,0.37,0.5365331599918983,0.9333333333333332,0.6666666666666666,10,10,0.6666666666666666,0.051509319338947535,27,False,False,29,0.8,nan
tabular,2,2026-10-02T18:05:27,nodeGcal1,3.11.9,unknown,13153033,12477,0,0,0.5079963207244873,treeshap,attribution,5,30,0.02671821019565953,0.39,0.544662846954825,1.0,0.6666666666666666,10,10,1.0,0.0008785040117800236,27,False,True,27,0.9285714285714286,nan
tabular,2,2026-10-02T18:05:27,nodeGcal1,3.11.9,unknown,13153033,12477,0,0,0.5079963207244873,random,attribution,5,30,0.03135884086430177,0.32,0.35647190036304277,0.10833333333333332,0.0,10,10,0.1111111111111111,2.2688880562782288e-05,27,False,False,29,0.8620689655172413,nan
tabular,2,2026-10-02T18:05:27,nodeGcal1,3.11.9,unknown,13153033,12549,1,1,0.7563937306404114,pyxai,set,26,30,0.25293177457437366,1.0,0.13333333333333341,0.9058201058201056,0.8571428571428571,10,10,1.0,0.058361649978905916,26,True,nan,26,1.0,nan
tabular,2,2026-10-02T18:05:27,nodeGcal1,3.11.9,unknown,13153033,12549,1,1,0.7563937306404114,anchors,set,2,30,0.04192832237775017,0.88,0.9333333333333333,0.4,0.0,10,10,1.0,0.5240908390842378,26,False,nan,nan,0.07692307692307693,0.9559808612440192
tabular,2,2026-10-02T18:05:27,nodeGcal1,3.11.9,unknown,13153033,12549,1,1,0.7563937306404114,lime,attribution,5,30,0.29834318359998174,0.92,0.5741828303647312,0.9333333333333332,0.6666666666666666,10,10,1.0,0.04740316700190306,26,False,True,23,0.7931034482758621,nan
tabular,2,2026-10-02T18:05:27,nodeGcal1,3.11.9,unknown,13153033,12549,1,1,0.7563937306404114,treeshap,attribution,5,30,0.3489701998734297,0.98,0.6299146168525523,0.5476190476190477,0.42857142857142855,10,10,1.0,0.0010097799822688103,26,False,True,19,0.8571428571428571,nan
tabular,2,2026-10-02T18:05:27,nodeGcal1,3.11.9,unknown,13153033,12549,1,1,0.7563937306404114,random,attribution,5,30,0.10968275393392735,0.63,0.26652290390338385,0.12222222222222223,0.0,10,10,0.1111111111111111,2.5795307010412216e-05,26,False,False,28,0.7333333333333333,nan
tabular,2,2026-10-02T18:05:27,nodeGcal1,3.11.9,unknown,13153033,12611,0,0,0.6633437275886536,pyxai,set,27,30,0.34434854836360407,1.0,0.10000000000000009,0.9571428571428571,0.9285714285714286,10,10,1.0,0.05893751094117761,27,True,nan,27,1.0,nan
tabular,2,2026-10-02T18:05:27,nodeGcal1,3.11.9,unknown,13153033,12611,0,0,0.6633437275886536,anchors,set,3,30,0.16263429592128212,0.96,0.9,0.12,0.0,10,10,0.5,0.7265849011018872,27,False,nan,nan,0.1111111111111111,0.9634551495016611
tabular,2,2026-10-02T18:05:27,nodeGcal1,3.11.9,unknown,13153033,12611,0,0,0.6633437275886536,lime,attribution,5,30,0.20361942485534046,0.93,0.5332219419030773,0.8333333333333333,0.6666666666666666,10,10,0.6666666666666666,0.048009354155510664,27,False,True,23,0.8,nan
tabular,2,2026-10-02T18:05:27,nodeGcal1,3.11.9,unknown,13153033,12611,0,0,0.6633437275886536,treeshap,attribution,5,30,0.29484823562383206,0.93,0.6295984615776791,0.9666666666666666,0.6666666666666666,10,10,1.0,0.0010836059227585793,27,False,True,23,0.8,nan
tabular,2,2026-10-02T18:05:27,nodeGcal1,3.11.9,unknown,13153033,12611,0,0,0.6633437275886536,random,attribution,5,30,0.13108320639090756,0.74,0.38123526343641057,0.13055555555555556,0.0,10,10,0.25,3.3979304134845734e-05,27,False,True,19,0.8620689655172413,nan
tabular,2,2026-10-02T18:05:27,nodeGcal1,3.11.9,unknown,13153033,12630,1,1,0.511898934841156,pyxai,set,27,30,0.0,1.0,0.10000000000000009,1.0,0.9285714285714286,10,10,1.0,0.05170707264915109,27,True,nan,27,1.0,nan
tabular,2,2026-10-02T18:05:27,nodeGcal1,3.11.9,unknown,13153033,12630,1,1,0.511898934841156,anchors,set,4,30,0.3676265297227988,0.9,0.8666666666666667,0.3314285714285714,0.14285714285714285,10,10,0.6,0.6639581327326596,27,False,nan,nan,0.14814814814814814,0.9593984962406015
tabular,2,2026-10-02T18:05:27,nodeGcal1,3.11.9,unknown,13153033,12630,1,1,0.511898934841156,lime,attribution,5,30,0.27029458542082957,0.72,0.5793783619215067,0.6761904761904762,0.42857142857142855,10,10,0.6666666666666666,0.04825664311647415,27,False,False,29,0.8620689655172413,nan
tabular,2,2026-10-02T18:05:27,nodeGcal1,3.11.9,unknown,13153033,12630,1,1,0.511898934841156,treeshap,attribution,5,30,0.1103811270273219,0.42,0.5992254632409864,0.8333333333333333,0.6666666666666666,10,10,1.0,0.0010627079755067825,27,False,True,26,0.9285714285714286,nan
tabular,2,2026-10-02T18:05:27,nodeGcal1,3.11.9,unknown,13153033,12630,1,1,0.511898934841156,random,attribution,5,30,0.0,0.49,0.3390786996468116,0.08333333333333333,0.0,10,10,0.1111111111111111,2.2212974727153778e-05,27,False,False,30,0.8,nan
tabular,2,2026-10-02T18:05:27,nodeGcal1,3.11.9,unknown,13153033,12818,0,0,0.6505544185638428,pyxai,set,26,30,0.3314590362977956,1.0,0.13333333333333341,0.9259259259259259,0.8571428571428571,10,10,1.0,0.05577367730438709,26,True,nan,26,1.0,nan
tabular,2,2026-10-02T18:05:27,nodeGcal1,3.11.9,unknown,13153033,12818,0,0,0.6505544185638428,anchors,set,4,30,0.33107257763348036,0.86,0.8666666666666667,0.4019047619047619,0.14285714285714285,10,10,1.0,0.7336368910036981,26,False,nan,nan,0.15384615384615385,0.9853658536585366
tabular,2,2026-10-02T18:05:27,nodeGcal1,3.11.9,unknown,13153033,12818,0,0,0.6505544185638428,lime,attribution,5,30,0.3328752268085404,0.97,0.559854011726255,0.9333333333333332,0.6666666666666666,10,10,1.0,0.04761356022208929,26,False,False,29,0.7333333333333333,nan
tabular,2,2026-10-02T18:05:27,nodeGcal1,3.11.9,unknown,13153033,12818,0,0,0.6505544185638428,treeshap,attribution,5,30,0.28492686604195594,0.83,0.6753340639389659,0.7095238095238094,0.42857142857142855,10,10,1.0,0.0009378497488796711,26,False,True,24,0.8571428571428571,nan
tabular,2,2026-10-02T18:05:27,nodeGcal1,3.11.9,unknown,13153033,12818,0,0,0.6505544185638428,random,attribution,5,30,0.0,0.52,0.3859325083118884,0.11666666666666665,0.0,10,10,0.25,2.6840250939130783e-05,26,False,False,28,0.7333333333333333,nan
tabular,2,2026-10-02T18:05:27,nodeGcal1,3.11.9,unknown,13153033,12908,0,0,0.5177781581878662,pyxai,set,25,30,0.18977351581857504,1.0,0.16666666666666652,0.9111111111111111,0.8518518518518519,10,10,1.0,0.05487343203276396,25,True,nan,25,1.0,nan
tabular,2,2026-10-02T18:05:27,nodeGcal1,3.11.9,unknown,13153033,12908,0,0,0.5177781581878662,anchors,set,5,30,0.18773734078856427,0.86,0.8333333333333333,0.4619047619047619,0.25,10,10,0.6666666666666666,1.0587270609103143,25,False,nan,nan,0.2,0.966931216931217
tabular,2,2026-10-02T18:05:27,nodeGcal1,3.11.9,unknown,13153033,12908,0,0,0.5177781581878662,lime,attribution,5,30,0.11481031846201097,0.76,0.5137288179914705,0.7333333333333334,0.6666666666666666,10,10,1.0,0.05021831812337041,25,False,False,29,0.7241379310344828,nan
tabular,2,2026-10-02T18:05:27,nodeGcal1,3.11.9,unknown,13153033,12908,0,0,0.5177781581878662,treeshap,attribution,5,30,0.08838079420035465,0.68,0.5654530234901435,0.7428571428571429,0.42857142857142855,10,10,1.0,0.0011526159942150116,25,False,False,26,0.9230769230769231,nan
tabular,2,2026-10-02T18:05:27,nodeGcal1,3.11.9,unknown,13153033,12908,0,0,0.5177781581878662,random,attribution,5,30,0.0,0.41,0.3853421763520378,0.0873015873015873,0.0,10,10,0.1111111111111111,2.2590626031160355e-05,25,False,False,27,0.7241379310344828,nan
tabular,2,2026-10-02T18:05:27,nodeGcal1,3.11.9,unknown,13153033,13042,0,0,0.7136002779006958,pyxai,set,27,30,0.3905239510179644,1.0,0.10000000000000009,1.0,0.9285714285714286,10,10,1.0,0.05900323996320367,27,True,nan,27,1.0,nan
tabular,2,2026-10-02T18:05:27,nodeGcal1,3.11.9,unknown,13153033,13042,0,0,0.7136002779006958,anchors,set,4,30,0.3553506256898258,0.88,0.8666666666666667,0.5419047619047619,0.0,10,10,1.0,1.1055223979055882,27,False,nan,nan,0.14814814814814814,0.9556213017751479
tabular,2,2026-10-02T18:05:27,nodeGcal1,3.11.9,unknown,13153033,13042,0,0,0.7136002779006958,lime,attribution,5,30,0.14220053981607098,0.8,0.5711985089182459,1.0,1.0,10,10,0.6666666666666666,0.05727816000580788,27,False,True,23,0.8,nan
tabular,2,2026-10-02T18:05:27,nodeGcal1,3.11.9,unknown,13153033,13042,0,0,0.7136002779006958,treeshap,attribution,5,30,0.2961023288401004,0.99,0.6418311762522816,0.8666666666666666,0.6666666666666666,10,10,1.0,0.000867821741849184,27,False,True,20,0.9285714285714286,nan
tabular,2,2026-10-02T18:05:27,nodeGcal1,3.11.9,unknown,13153033,13042,0,0,0.7136002779006958,random,attribution,5,30,0.14019598360405158,0.74,0.3121474908575075,0.10555555555555556,0.0,10,10,0.1111111111111111,3.6561861634254456e-05,27,False,False,28,0.8,nan
tabular,2,2026-10-02T18:05:27,nodeGcal1,3.11.9,unknown,13153033,13052,1,1,0.5089421272277832,pyxai,set,25,30,0.0,1.0,0.16666666666666652,0.9692307692307693,0.9230769230769231,10,10,1.0,0.05320094712078571,25,True,nan,25,1.0,nan
tabular,2,2026-10-02T18:05:27,nodeGcal1,3.11.9,unknown,13153033,13052,1,1,0.5089421272277832,anchors,set,10,30,0.13181444053333133,0.93,0.6666666666666666,0.17647058823529413,0.17647058823529413,10,10,0.6666666666666666,2.069607083220035,25,False,nan,nan,0.4,0.9578544061302682
tabular,2,2026-10-02T18:05:27,nodeGcal1,3.11.9,unknown,13153033,13052,1,1,0.5089421272277832,lime,attribution,5,30,0.0,0.36,0.5384934327958266,0.6666666666666667,0.6666666666666666,10,10,1.0,0.04739541420713067,25,False,False,28,0.7857142857142857,nan
tabular,2,2026-10-02T18:05:27,nodeGcal1,3.11.9,unknown,13153033,13052,1,1,0.5089421272277832,treeshap,attribution,5,30,0.0,0.42,0.5698113133339096,0.7,0.6666666666666666,10,10,1.0,0.0008773459121584892,25,False,True,25,0.9230769230769231,nan
tabular,2,2026-10-02T18:05:27,nodeGcal1,3.11.9,unknown,13153033,13052,1,1,0.5089421272277832,random,attribution,5,30,0.1184627115912713,0.53,0.4002002370215786,0.11666666666666665,0.0,10,10,0.0,3.5153236240148544e-05,25,False,False,30,0.6666666666666666,nan
tabular,2,2026-10-02T18:05:27,nodeGcal1,3.11.9,unknown,13153033,13070,1,1,0.6852883696556091,pyxai,set,26,30,0.1594280396732048,1.0,0.13333333333333341,0.9412698412698413,0.8571428571428571,10,10,1.0,0.05697188898921013,26,True,nan,26,1.0,nan
tabular,2,2026-10-02T18:05:27,nodeGcal1,3.11.9,unknown,13153033,13070,1,1,0.6852883696556091,anchors,set,3,30,0.18242949106615322,0.95,0.9,0.38,0.0,10,10,0.5,0.5080995047464967,26,False,nan,nan,0.11538461538461539,0.9785407725321889
tabular,2,2026-10-02T18:05:27,nodeGcal1,3.11.9,unknown,13153033,13070,1,1,0.6852883696556091,lime,attribution,5,30,0.18242949106615322,0.96,0.5794005525031816,0.9666666666666666,0.6666666666666666,10,10,1.0,0.045316167175769806,26,False,True,26,0.7931034482758621,nan
tabular,2,2026-10-02T18:05:27,nodeGcal1,3.11.9,unknown,13153033,13070,1,1,0.6852883696556091,treeshap,attribution,5,30,0.2526085628791837,1.0,0.6499016745174105,0.6285714285714287,0.42857142857142855,10,10,1.0,0.0011343960650265217,26,False,True,22,0.8571428571428571,nan
tabular,2,2026-10-02T18:05:27,nodeGcal1,3.11.9,unknown,13153033,13070,1,1,0.6852883696556091,random,attribution,5,30,0.0,0.6,0.345077070456708,0.1123015873015873,0.0,10,10,0.0,3.537861630320549e-05,26,False,False,28,0.7333333333333333,nan
tabular,2,2026-10-02T18:05:27,nodeGcal1,3.11.9,unknown,13153033,13127,1,1,0.672798752784729,pyxai,set,28,30,0.16918492623379983,1.0,0.06666666666666687,0.8924137931034484,0.8666666666666667,10,10,1.0,0.0553294587880373,28,True,nan,28,1.0,nan
tabular,2,2026-10-02T18:05:27,nodeGcal1,3.11.9,unknown,13153033,13127,1,1,0.672798752784729,anchors,set,3,30,0.5449910034736957,0.98,0.9,0.76,0.2,10,10,0.5,0.4548909510485828,28,False,nan,nan,0.10714285714285714,0.9815950920245399
tabular,2,2026-10-02T18:05:27,nodeGcal1,3.11.9,unknown,13153033,13127,1,1,0.672798752784729,lime,attribution,5,30,0.3535732288891704,0.95,0.550714187887438,0.9666666666666666,0.6666666666666666,10,10,1.0,0.04962045466527343,28,False,True,25,0.8666666666666667,nan
tabular,2,2026-10-02T18:05:27,nodeGcal1,3.11.9,unknown,13153033,13127,1,1,0.672798752784729,treeshap,attribution,5,30,0.3074519675859277,0.93,0.7134756214147537,0.8999999999999998,0.6666666666666666,10,10,1.0,0.0011303368955850601,28,False,True,21,0.8666666666666667,nan
tabular,2,2026-10-02T18:05:27,nodeGcal1,3.11.9,unknown,13153033,13127,1,1,0.672798752784729,random,attribution,5,30,0.0,0.33,0.32381221498955404,0.05833333333333333,0.0,10,10,0.0,2.4884939193725586e-05,28,False,True,27,0.8666666666666667,nan
tabular,2,2026-10-02T18:05:27,nodeGcal1,3.11.9,unknown,13153033,13267,1,1,0.6279423832893372,pyxai,set,26,30,0.10309891909208481,1.0,0.13333333333333341,0.9634920634920634,0.8571428571428571,10,10,1.0,0.05583683494478464,26,True,nan,26,1.0,nan
tabular,2,2026-10-02T18:05:27,nodeGcal1,3.11.9,unknown,13153033,13267,1,1,0.6279423832893372,anchors,set,3,30,0.17870105955078844,0.93,0.9,0.54,0.2,10,10,0.2,0.6668066498823464,26,False,nan,nan,0.11538461538461539,0.9539052496798975
tabular,2,2026-10-02T18:05:27,nodeGcal1,3.11.9,unknown,13153033,13267,1,1,0.6279423832893372,lime,attribution,5,30,0.1262013502450137,0.8,0.5729791013361243,0.8666666666666666,0.6666666666666666,10,10,1.0,0.041969019919633865,26,False,True,25,0.8571428571428571,nan
tabular,2,2026-10-02T18:05:27,nodeGcal1,3.11.9,unknown,13153033,13267,1,1,0.6279423832893372,treeshap,attribution,5,30,0.18345373215790037,0.91,0.6079525543977621,0.5714285714285714,0.42857142857142855,10,10,1.0,0.0009458670392632484,26,False,True,22,0.9259259259259259,nan
tabular,2,2026-10-02T18:05:27,nodeGcal1,3.11.9,unknown,13153033,13267,1,1,0.6279423832893372,random,attribution,5,30,0.0,0.47,0.3055466226610297,0.11944444444444444,0.0,10,10,0.1111111111111111,3.933999687433243e-05,26,False,False,29,0.7931034482758621,nan
tabular,2,2026-10-02T18:05:27,nodeGcal1,3.11.9,unknown,13153033,13285,0,0,0.7533952593803406,pyxai,set,26,30,0.4202275734530603,1.0,0.13333333333333341,0.9492063492063492,0.8571428571428571,10,10,1.0,0.0642972500063479,26,True,nan,26,1.0,nan
tabular,2,2026-10-02T18:05:27,nodeGcal1,3.11.9,unknown,13153033,13285,0,0,0.7533952593803406,anchors,set,4,30,0.19178646940733196,0.92,0.8666666666666667,0.3771428571428571,0.14285714285714285,10,10,0.3333333333333333,1.131605672184378,26,False,nan,nan,0.15384615384615385,0.9585798816568047
tabular,2,2026-10-02T18:05:27,nodeGcal1,3.11.9,unknown,13153033,13285,0,0,0.7533952593803406,lime,attribution,5,30,0.1250425340440471,0.83,0.574409246546019,1.0,0.6666666666666666,10,10,0.6666666666666666,0.04713446367532015,26,False,True,21,0.8571428571428571,nan
tabular,2,2026-10-02T18:05:27,nodeGcal1,3.11.9,unknown,13153033,13285,0,0,0.7533952593803406,treeshap,attribution,5,30,0.24549253849424935,0.94,0.6082234501990207,1.0,0.6666666666666666,10,10,1.0,0.001149702351540327,26,False,True,19,0.8571428571428571,nan
tabular,2,2026-10-02T18:05:27,nodeGcal1,3.11.9,unknown,13153033,13285,0,0,0.7533952593803406,random,attribution,5,30,0.026474708017286564,0.48,0.27981124203368235,0.09166666666666667,0.0,10,10,0.0,3.849482163786888e-05,26,False,True,25,0.7333333333333333,nan
tabular,2,2026-10-02T18:05:27,nodeGcal1,3.11.9,unknown,13153033,13357,0,0,0.6424773931503296,pyxai,set,25,30,0.3230543478039021,1.0,0.16666666666666652,0.9544159544159545,0.8518518518518519,10,10,1.0,0.05776706477627158,25,True,nan,25,1.0,nan
tabular,2,2026-10-02T18:05:27,nodeGcal1,3.11.9,unknown,13153033,13357,0,0,0.6424773931503296,anchors,set,4,30,0.21754559011231303,0.78,0.8666666666666667,0.4933333333333333,0.0,10,10,0.6,1.0644966480322182,25,False,nan,nan,0.16,0.9642857142857143
tabular,2,2026-10-02T18:05:27,nodeGcal1,3.11.9,unknown,13153033,13357,0,0,0.6424773931503296,lime,attribution,5,30,0.19019384205298792,0.76,0.5863543248907463,1.0,1.0,10,10,1.0,0.04689512588083744,25,False,False,26,0.7241379310344828,nan
tabular,2,2026-10-02T18:05:27,nodeGcal1,3.11.9,unknown,13153033,13357,0,0,0.6424773931503296,treeshap,attribution,5,30,0.32874217620921903,0.94,0.6351182184969835,0.7666666666666667,0.6666666666666666,10,10,1.0,0.0009169839322566986,25,False,True,23,0.9230769230769231,nan
tabular,2,2026-10-02T18:05:27,nodeGcal1,3.11.9,unknown,13153033,13357,0,0,0.6424773931503296,random,attribution,5,30,0.0,0.43,0.37338126267686644,0.11944444444444446,0.0,10,10,0.0,2.588098868727684e-05,25,False,False,28,0.6666666666666666,nan
tabular,2,2026-10-02T18:05:27,nodeGcal1,3.11.9,unknown,13153033,13379,1,1,0.7004671096801758,pyxai,set,26,30,0.1959619594740862,1.0,0.13333333333333341,0.9132275132275132,0.8571428571428571,10,10,1.0,0.058993331622332335,26,True,nan,26,1.0,nan
tabular,2,2026-10-02T18:05:27,nodeGcal1,3.11.9,unknown,13153033,13379,1,1,0.7004671096801758,anchors,set,2,30,0.19245988389269877,0.92,0.9333333333333333,0.5333333333333332,0.3333333333333333,10,10,1.0,0.32975203823298216,26,False,nan,nan,0.07692307692307693,0.9517426273458445
tabular,2,2026-10-02T18:05:27,nodeGcal1,3.11.9,unknown,13153033,13379,1,1,0.7004671096801758,lime,attribution,5,30,0.194395828142678,0.88,0.6034808842838254,0.8666666666666666,0.6666666666666666,10,10,1.0,0.04741954570636153,26,False,False,27,0.7333333333333333,nan
tabular,2,2026-10-02T18:05:27,nodeGcal1,3.11.9,unknown,13153033,13379,1,1,0.7004671096801758,treeshap,attribution,5,30,0.23517395672933575,1.0,0.6685830695875339,0.6285714285714286,0.42857142857142855,10,10,1.0,0.001155615784227848,26,False,True,25,0.8571428571428571,nan
tabular,2,2026-10-02T18:05:27,nodeGcal1,3.11.9,unknown,13153033,13379,1,1,0.7004671096801758,random,attribution,5,30,0.0,0.52,0.3519078019590206,0.08333333333333333,0.0,10,10,0.0,2.6507768779993057e-05,26,False,False,28,0.7333333333333333,nan
tabular,2,2026-10-02T18:05:27,nodeGcal1,3.11.9,unknown,13153033,13389,1,1,0.5215415358543396,pyxai,set,24,30,0.0,1.0,0.20000000000000018,0.9452307692307691,0.8461538461538461,10,10,1.0,0.054095168597996235,24,True,nan,24,1.0,nan
tabular,2,2026-10-02T18:05:27,nodeGcal1,3.11.9,unknown,13153033,13389,1,1,0.5215415358543396,anchors,set,7,30,0.09859920240136731,0.92,0.7666666666666666,0.42181818181818187,0.2727272727272727,10,10,0.4,1.718399176839739,24,False,nan,nan,0.2916666666666667,0.9507692307692308
tabular,2,2026-10-02T18:05:27,nodeGcal1,3.11.9,unknown,13153033,13389,1,1,0.5215415358543396,lime,attribution,5,30,0.010218382482772887,0.51,0.5749821324207207,0.9,0.6666666666666666,10,10,1.0,0.047935057897120714,24,False,False,30,0.7142857142857143,nan
tabular,2,2026-10-02T18:05:27,nodeGcal1,3.11.9,unknown,13153033,13389,1,1,0.5215415358543396,treeshap,attribution,5,30,0.0,0.48,0.5358370236412635,1.0,0.6666666666666666,10,10,1.0,0.0009026899933815002,24,False,True,24,0.92,nan
tabular,2,2026-10-02T18:05:27,nodeGcal1,3.11.9,unknown,13153033,13389,1,1,0.5215415358543396,random,attribution,5,30,0.00779907234444741,0.49,0.29838971511672496,0.1388888888888889,0.0,10,10,0.1111111111111111,2.2890977561473846e-05,24,False,False,30,0.6551724137931034,nan
tabular,2,2026-10-02T18:05:27,nodeGcal1,3.11.9,unknown,13153033,13416,1,1,0.6170192956924438,pyxai,set,27,30,0.08418144129763658,1.0,0.10000000000000009,0.9928571428571429,0.8620689655172413,10,10,1.0,0.05603542923927307,27,True,nan,27,1.0,nan
tabular,2,2026-10-02T18:05:27,nodeGcal1,3.11.9,unknown,13153033,13416,1,1,0.6170192956924438,anchors,set,5,30,0.0677908697813515,0.8,0.8333333333333333,0.28968253968253965,0.1111111111111111,10,10,0.6666666666666666,1.7380602327175438,27,False,nan,nan,0.18518518518518517,0.965034965034965
tabular,2,2026-10-02T18:05:27,nodeGcal1,3.11.9,unknown,13153033,13416,1,1,0.6170192956924438,lime,attribution,5,30,0.017363922601007394,0.46,0.5260426181207941,0.6666666666666667,0.6666666666666666,10,10,0.6666666666666666,0.024396857246756554,27,False,True,25,0.8,nan
tabular,2,2026-10-02T18:05:27,nodeGcal1,3.11.9,unknown,13153033,13416,1,1,0.6170192956924438,treeshap,attribution,5,30,0.03004086413019643,0.75,0.5018636458862024,0.7333333333333334,0.6666666666666666,10,10,1.0,0.000992130022495985,27,False,True,25,1.0,nan
tabular,2,2026-10-02T18:05:27,nodeGcal1,3.11.9,unknown,13153033,13416,1,1,0.6170192956924438,random,attribution,5,30,0.0,0.66,0.3008923310017785,0.13452380952380955,0.0,10,10,0.25,2.2219959646463394e-05,27,False,False,29,0.8,nan
tabular,2,2026-10-02T18:05:27,nodeGcal1,3.11.9,unknown,13153033,13460,1,1,0.61652010679245,pyxai,set,23,30,0.10984830943440663,1.0,0.23333333333333328,0.9193333333333331,0.84,10,10,1.0,0.056890212930738926,23,True,nan,23,1.0,nan
tabular,2,2026-10-02T18:05:27,nodeGcal1,3.11.9,unknown,13153033,13460,1,1,0.61652010679245,anchors,set,6,30,0.05306922005346164,1.0,0.8,0.16727272727272727,0.09090909090909091,10,10,0.7142857142857143,1.6890188120305538,23,False,nan,nan,0.2608695652173913,0.9705159705159705
tabular,2,2026-10-02T18:05:27,nodeGcal1,3.11.9,unknown,13153033,13460,1,1,0.61652010679245,lime,attribution,5,30,0.0,0.35,0.5104071182738047,0.7333333333333333,0.6666666666666666,10,10,1.0,0.047375142108649015,23,False,False,24,0.7692307692307693,nan
tabular,2,2026-10-02T18:05:27,nodeGcal1,3.11.9,unknown,13153033,13460,1,1,0.61652010679245,treeshap,attribution,5,30,0.052137426329273165,0.77,0.5387950486153217,0.8666666666666666,0.6666666666666666,10,10,1.0,0.0008755819872021675,23,False,False,27,0.84,nan
tabular,2,2026-10-02T18:05:27,nodeGcal1,3.11.9,unknown,13153033,13460,1,1,0.61652010679245,random,attribution,5,30,0.0,0.45,0.38577428497620336,0.06666666666666667,0.0,10,10,0.0,3.588991239666939e-05,23,False,False,26,0.6428571428571429,nan
tabular,2,2026-10-02T18:05:27,nodeGcal1,3.11.9,unknown,13153033,13542,0,0,0.6100811958312988,pyxai,set,25,30,0.28710755076662864,1.0,0.16666666666666652,0.8945868945868947,0.8518518518518519,10,10,1.0,0.05591232469305396,25,True,nan,25,1.0,nan
tabular,2,2026-10-02T18:05:27,nodeGcal1,3.11.9,unknown,13153033,13542,0,0,0.6100811958312988,anchors,set,13,30,0.20668569592936872,0.87,0.5666666666666667,0.5724346405228757,0.3684210526315789,10,10,0.3684210526315789,5.503892042208463,25,False,nan,nan,0.46153846153846156,0.9472140762463344
tabular,2,2026-10-02T18:05:27,nodeGcal1,3.11.9,unknown,13153033,13542,0,0,0.6100811958312988,lime,attribution,5,30,0.13832103752208985,0.35,0.5742830971526669,0.9333333333333332,0.6666666666666666,10,10,1.0,0.050814277958124876,25,False,False,29,0.6666666666666666,nan
tabular,2,2026-10-02T18:05:27,nodeGcal1,3.11.9,unknown,13153033,13542,0,0,0.6100811958312988,treeshap,attribution,5,30,0.3830763314687053,0.82,0.7260636065762048,0.5511904761904762,0.25,10,10,1.0,0.0011595138348639011,25,False,True,24,0.8518518518518519,nan
tabular,2,2026-10-02T18:05:27,nodeGcal1,3.11.9,unknown,13153033,13542,0,0,0.6100811958312988,random,attribution,5,30,0.0,0.11,0.3912284933789375,0.10119047619047619,0.0,10,10,0.1111111111111111,3.200303763151169e-05,25,False,False,28,0.7241379310344828,nan
tabular,2,2026-10-02T18:05:27,nodeGcal1,3.11.9,unknown,13153033,13606,1,1,0.7308424115180969,pyxai,set,25,30,0.22681317727739858,1.0,0.16666666666666652,0.8121693121693122,0.7857142857142857,10,10,1.0,0.058904425241053104,25,True,nan,25,1.0,nan
tabular,2,2026-10-02T18:05:27,nodeGcal1,3.11.9,unknown,13153033,13606,1,1,0.7308424115180969,anchors,set,2,30,0.19911102237809222,0.95,0.9333333333333333,0.4666666666666666,0.3333333333333333,10,10,0.3333333333333333,0.32272458216175437,25,False,nan,nan,0.08,0.9722222222222222
tabular,2,2026-10-02T18:05:27,nodeGcal1,3.11.9,unknown,13153033,13606,1,1,0.7308424115180969,lime,attribution,5,30,0.16584339878127483,0.91,0.5295300792986716,0.8,0.6666666666666666,10,10,0.6666666666666666,0.04113468900322914,25,False,False,28,0.7241379310344828,nan
tabular,2,2026-10-02T18:05:27,nodeGcal1,3.11.9,unknown,13153033,13606,1,1,0.7308424115180969,treeshap,attribution,5,30,0.24902628152947995,1.0,0.6071409286788216,0.6142857142857143,0.42857142857142855,10,10,1.0,0.0010896013118326664,25,False,True,19,0.8518518518518519,nan
tabular,2,2026-10-02T18:05:27,nodeGcal1,3.11.9,unknown,13153033,13606,1,1,0.7308424115180969,random,attribution,5,30,0.0,0.48,0.3985335412851114,0.04444444444444444,0.0,10,10,0.1111111111111111,2.22022645175457e-05,25,False,True,23,0.7857142857142857,nan
tabular,2,2026-10-02T18:05:27,nodeGcal1,3.11.9,unknown,13153033,13674,0,0,0.5212706327438354,pyxai,set,26,30,0.16205178223697525,1.0,0.13333333333333341,0.9275132275132275,0.8571428571428571,10,10,1.0,0.054220407735556364,26,True,nan,26,1.0,nan
tabular,2,2026-10-02T18:05:27,nodeGcal1,3.11.9,unknown,13153033,13674,0,0,0.5212706327438354,anchors,set,4,30,0.2852585395639114,0.89,0.8666666666666667,0.4685714285714285,0.14285714285714285,10,10,0.6,1.2182693220674992,26,False,nan,nan,0.15384615384615385,0.9511002444987775
tabular,2,2026-10-02T18:05:27,nodeGcal1,3.11.9,unknown,13153033,13674,0,0,0.5212706327438354,lime,attribution,5,30,0.0,0.19,0.533715184826126,0.8333333333333333,0.6666666666666666,10,10,0.6666666666666666,0.06259589502587914,26,False,False,29,0.7931034482758621,nan
tabular,2,2026-10-02T18:05:27,nodeGcal1,3.11.9,unknown,13153033,13674,0,0,0.5212706327438354,treeshap,attribution,5,30,0.02834427423569002,0.37,0.5810605322253994,0.8666666666666666,0.6666666666666666,10,10,1.0,0.0008836439810693264,26,False,False,27,0.8571428571428571,nan
tabular,2,2026-10-02T18:05:27,nodeGcal1,3.11.9,unknown,13153033,13674,0,0,0.5212706327438354,random,attribution,5,30,0.0,0.19,0.3892488526645679,0.11944444444444444,0.0,10,10,0.0,3.572693094611168e-05,26,False,False,27,0.7333333333333333,nan
tabular,2,2026-10-02T18:05:27,nodeGcal1,3.11.9,unknown,13153033,13833,1,1,0.5638017654418945,pyxai,set,26,30,0.0,1.0,0.13333333333333341,0.8989417989417989,0.8571428571428571,10,10,1.0,0.05461033619940281,26,True,nan,26,1.0,nan
tabular,2,2026-10-02T18:05:27,nodeGcal1,3.11.9,unknown,13153033,13833,1,1,0.5638017654418945,anchors,set,3,30,0.07717117537707907,0.93,0.9,0.4,0.2,10,10,1.0,0.6813662061467767,26,False,nan,nan,0.11538461538461539,0.9551630434782609
tabular,2,2026-10-02T18:05:27,nodeGcal1,3.11.9,unknown,13153033,13833,1,1,0.5638017654418945,lime,attribution,5,30,0.04230404743660657,0.86,0.5459208897801465,0.7333333333333334,0.6666666666666666,10,10,1.0,0.04504341399297118,26,False,False,27,0.8571428571428571,nan
tabular,2,2026-10-02T18:05:27,nodeGcal1,3.11.9,unknown,13153033,13833,1,1,0.5638017654418945,treeshap,attribution,5,30,0.0,0.8,0.6253893805158967,0.5809523809523809,0.42857142857142855,10,10,1.0,0.0014133891090750694,26,False,True,22,0.9259259259259259,nan
tabular,2,2026-10-02T18:05:27,nodeGcal1,3.11.9,unknown,13153033,13833,1,1,0.5638017654418945,random,attribution,5,30,0.08561845281289063,0.44,0.3145215233654831,0.13055555555555556,0.0,10,10,0.25,3.46149317920208e-05,26,False,True,24,0.7931034482758621,nan
tabular,2,2026-10-02T18:05:27,nodeGcal1,3.11.9,unknown,13153033,13949,1,1,0.594635546207428,pyxai,set,25,30,0.04970746253456557,1.0,0.16666666666666652,0.9176638176638177,0.8518518518518519,10,10,1.0,0.056552860885858536,25,True,nan,25,1.0,nan
tabular,2,2026-10-02T18:05:27,nodeGcal1,3.11.9,unknown,13153033,13949,1,1,0.594635546207428,anchors,set,2,30,0.3045131129897581,0.99,0.9333333333333333,0.4,0.3333333333333333,10,10,0.3333333333333333,0.2933869161643088,25,False,nan,nan,0.08,0.9927007299270073
tabular,2,2026-10-02T18:05:27,nodeGcal1,3.11.9,unknown,13153033,13949,1,1,0.594635546207428,lime,attribution,5,30,0.21471450069459416,0.91,0.5388398866219316,0.8,0.6666666666666666,10,10,0.6666666666666666,0.04730925336480141,25,False,False,27,0.7857142857142857,nan
tabular,2,2026-10-02T18:05:27,nodeGcal1,3.11.9,unknown,13153033,13949,1,1,0.594635546207428,treeshap,attribution,5,30,0.24476508342898476,0.96,0.6637825981794729,0.8666666666666666,0.6666666666666666,10,10,1.0,0.0009554880671203136,25,False,False,29,0.9230769230769231,nan
tabular,2,2026-10-02T18:05:27,nodeGcal1,3.11.9,unknown,13153033,13949,1,1,0.594635546207428,random,attribution,5,30,0.0,0.49,0.31619742931477635,0.14444444444444443,0.0,10,10,0.0,2.163182944059372e-05,25,False,False,28,0.6666666666666666,nan
