modality,seed,date,host,python,commit,slurm_job,instance,y_true,y_pred,p_pred,method,kind,k,d,fid_del,fid_suf,sparsity,stability,robustness,n_valid_stab,n_valid_rob,consistency,time_s,size_abductive,formally_sufficient,sufficient_at_size_E,k_min_sufficient,jaccard_abductive,anchor_precision
tabular,1,2026-10-02T18:05:27,nodeGcal1,3.11.9,unknown,13153035,224,0,0,0.5385742783546448,pyxai,set,24,30,0.21984384962134412,1.0,0.20000000000000018,0.8467008547008547,0.8461538461538461,10,10,1.0,0.05752066383138299,24,True,nan,24,1.0,nan
tabular,1,2026-10-02T18:05:27,nodeGcal1,3.11.9,unknown,13153035,224,0,0,0.5385742783546448,anchors,set,7,30,0.06764874786086465,0.8,0.7666666666666666,0.3607575757575757,0.2727272727272727,10,10,0.2727272727272727,1.8223613630980253,24,False,nan,nan,0.2916666666666667,0.9520697167755992
tabular,1,2026-10-02T18:05:27,nodeGcal1,3.11.9,unknown,13153035,224,0,0,0.5385742783546448,lime,attribution,5,30,0.0,0.44,0.5338913317037296,0.8666666666666668,0.6666666666666666,10,10,0.6666666666666666,0.026693210005760193,24,False,False,28,0.6551724137931034,nan
tabular,1,2026-10-02T18:05:27,nodeGcal1,3.11.9,unknown,13153035,224,0,0,0.5385742783546448,treeshap,attribution,5,30,0.04628235070431685,0.55,0.5521147187318107,0.7761904761904762,0.42857142857142855,10,10,1.0,0.0013047982938587666,24,False,False,27,0.8461538461538461,nan
tabular,1,2026-10-02T18:05:27,nodeGcal1,3.11.9,unknown,13153035,224,0,0,0.5385742783546448,random,attribution,5,30,0.0,0.34,0.3159695065211271,0.08055555555555556,0.0,10,10,0.1111111111111111,3.509083762764931e-05,24,False,False,29,0.6551724137931034,nan
tabular,1,2026-10-02T18:05:27,nodeGcal1,3.11.9,unknown,13153035,320,0,0,0.6660827398300171,pyxai,set,26,30,0.31934760887100455,1.0,0.13333333333333341,0.9236453201970443,0.7931034482758621,10,10,1.0,0.06079530669376254,26,True,nan,26,1.0,nan
tabular,1,2026-10-02T18:05:27,nodeGcal1,3.11.9,unknown,13153035,320,0,0,0.6660827398300171,anchors,set,4,30,0.2499473378735812,0.92,0.8666666666666667,0.7466666666666667,0.3333333333333333,10,10,1.0,1.095347794238478,26,False,nan,nan,0.15384615384615385,0.9645868465430016
tabular,1,2026-10-02T18:05:27,nodeGcal1,3.11.9,unknown,13153035,320,0,0,0.6660827398300171,lime,attribution,5,30,0.14920768779350074,0.82,0.5584943182970536,0.8333333333333333,0.6666666666666666,10,10,1.0,0.04038472566753626,26,False,True,26,0.7931034482758621,nan
tabular,1,2026-10-02T18:05:27,nodeGcal1,3.11.9,unknown,13153035,320,0,0,0.6660827398300171,treeshap,attribution,5,30,0.2499473378735812,0.91,0.6033017260446478,0.7333333333333334,0.6666666666666666,10,10,1.0,0.0008663469925522804,26,False,True,19,0.8571428571428571,nan
tabular,1,2026-10-02T18:05:27,nodeGcal1,3.11.9,unknown,13153035,320,0,0,0.6660827398300171,random,attribution,5,30,0.0,0.48,0.37153991833354527,0.12341269841269842,0.0,10,10,0.1111111111111111,2.4609267711639404e-05,26,False,False,30,0.7333333333333333,nan
tabular,1,2026-10-02T18:05:27,nodeGcal1,3.11.9,unknown,13153035,425,0,0,0.6523245573043823,pyxai,set,27,30,0.30499196377255877,1.0,0.10000000000000009,1.0,1.0,10,10,1.0,0.06214775005355477,27,True,nan,27,1.0,nan
tabular,1,2026-10-02T18:05:27,nodeGcal1,3.11.9,unknown,13153035,425,0,0,0.6523245573043823,anchors,set,5,30,0.21899903053583683,0.85,0.8333333333333333,0.2714285714285714,0.1111111111111111,10,10,0.42857142857142855,1.035003513097763,27,False,nan,nan,0.18518518518518517,0.9692307692307692
tabular,1,2026-10-02T18:05:27,nodeGcal1,3.11.9,unknown,13153035,425,0,0,0.6523245573043823,lime,attribution,5,30,0.15813669170582748,0.88,0.49329718168543946,0.7666666666666667,0.6666666666666666,10,10,0.6666666666666666,0.04534917790442705,27,False,False,29,0.8,nan
tabular,1,2026-10-02T18:05:27,nodeGcal1,3.11.9,unknown,13153035,425,0,0,0.6523245573043823,treeshap,attribution,5,30,0.32653152037747885,0.9,0.666603746941797,1.0,1.0,10,10,1.0,0.0009083938784897327,27,False,True,23,0.9285714285714286,nan
tabular,1,2026-10-02T18:05:27,nodeGcal1,3.11.9,unknown,13153035,425,0,0,0.6523245573043823,random,attribution,5,30,0.1531185953460238,0.77,0.2592179086748472,0.08055555555555556,0.0,10,10,0.0,2.7287285774946213e-05,27,False,False,28,0.8,nan
tabular,1,2026-10-02T18:05:27,nodeGcal1,3.11.9,unknown,13153035,498,0,0,0.6598044037818909,pyxai,set,28,30,0.31287089483427755,1.0,0.06666666666666687,0.8864367816091955,0.8666666666666667,10,10,1.0,0.06199420103803277,28,True,nan,28,1.0,nan
tabular,1,2026-10-02T18:05:27,nodeGcal1,3.11.9,unknown,13153035,498,0,0,0.6598044037818909,anchors,set,4,30,0.19564981140829624,0.92,0.8666666666666667,0.4552380952380951,0.14285714285714285,10,10,1.0,1.0982803087681532,28,False,nan,nan,0.14285714285714285,0.9512893982808023
tabular,1,2026-10-02T18:05:27,nodeGcal1,3.11.9,unknown,13153035,498,0,0,0.6598044037818909,lime,attribution,5,30,0.20607558609864188,0.9,0.5231371309270656,1.0,1.0,10,10,1.0,0.05045837117359042,28,False,True,21,0.9310344827586207,nan
tabular,1,2026-10-02T18:05:27,nodeGcal1,3.11.9,unknown,13153035,498,0,0,0.6598044037818909,treeshap,attribution,5,30,0.16279936160761996,0.69,0.6322537569747136,0.7666666666666667,0.6666666666666666,10,10,1.0,0.0008401894010603428,28,False,True,21,0.8666666666666667,nan
tabular,1,2026-10-02T18:05:27,nodeGcal1,3.11.9,unknown,13153035,498,0,0,0.6598044037818909,random,attribution,5,30,0.0,0.71,0.2921395531161983,0.08055555555555556,0.0,10,10,0.1111111111111111,2.4233944714069366e-05,28,False,True,27,0.8666666666666667,nan
tabular,1,2026-10-02T18:05:27,nodeGcal1,3.11.9,unknown,13153035,618,1,1,0.5067440867424011,pyxai,set,27,30,0.0,1.0,0.10000000000000009,1.0,1.0,10,10,1.0,0.05779236601665616,27,True,nan,27,1.0,nan
tabular,1,2026-10-02T18:05:27,nodeGcal1,3.11.9,unknown,13153035,618,1,1,0.5067440867424011,anchors,set,8,30,0.06983640436592209,0.96,0.7333333333333334,0.2325274725274725,0.14285714285714285,10,10,0.45454545454545453,1.8516063867136836,27,False,nan,nan,0.25,0.9561128526645768
tabular,1,2026-10-02T18:05:27,nodeGcal1,3.11.9,unknown,13153035,618,1,1,0.5067440867424011,lime,attribution,5,30,0.060689763466484276,0.57,0.49785914834121126,0.6666666666666667,0.6666666666666666,10,10,1.0,0.0251005869358778,27,False,False,30,0.8,nan
tabular,1,2026-10-02T18:05:27,nodeGcal1,3.11.9,unknown,13153035,618,1,1,0.5067440867424011,treeshap,attribution,5,30,0.0,0.55,0.5168751876607685,1.0,0.6666666666666666,10,10,1.0,0.0008445130661129951,27,False,False,28,0.9285714285714286,nan
tabular,1,2026-10-02T18:05:27,nodeGcal1,3.11.9,unknown,13153035,618,1,1,0.5067440867424011,random,attribution,5,30,0.0,0.53,0.369003887373624,0.12222222222222223,0.0,10,10,0.0,2.326536923646927e-05,27,False,False,28,0.8,nan
tabular,1,2026-10-02T18:05:27,nodeGcal1,3.11.9,unknown,13153035,701,0,0,0.7447108030319214,pyxai,set,24,30,0.3912122562083736,1.0,0.20000000000000018,0.8358974358974359,0.7777777777777778,10,10,1.0,0.06564148096367717,24,True,nan,24,1.0,nan
tabular,1,2026-10-02T18:05:27,nodeGcal1,3.11.9,unknown,13153035,701,0,0,0.7447108030319214,anchors,set,4,30,0.25258636545321045,0.9,0.8666666666666667,0.5885714285714285,0.3333333333333333,10,10,0.6,1.069859046023339,24,False,nan,nan,0.16666666666666666,0.9715142428785607
tabular,1,2026-10-02T18:05:27,nodeGcal1,3.11.9,unknown,13153035,701,0,0,0.7447108030319214,lime,attribution,5,30,0.20895947183063082,0.94,0.5262203697489511,1.0,0.6666666666666666,10,10,0.6666666666666666,0.04257272509858012,24,False,True,22,0.7777777777777778,nan
tabular,1,2026-10-02T18:05:27,nodeGcal1,3.11.9,unknown,13153035,701,0,0,0.7447108030319214,treeshap,attribution,5,30,0.2859208619953588,0.96,0.6397806722723778,0.9333333333333332,0.6666666666666666,10,10,1.0,0.0008866465650498867,24,False,True,19,0.7777777777777778,nan
tabular,1,2026-10-02T18:05:27,nodeGcal1,3.11.9,unknown,13153035,701,0,0,0.7447108030319214,random,attribution,5,30,0.004575572582869424,0.56,0.29345804460251046,0.07222222222222222,0.0,10,10,0.0,2.4674925953149796e-05,24,False,False,26,0.6551724137931034,nan
tabular,1,2026-10-02T18:05:27,nodeGcal1,3.11.9,unknown,13153035,786,0,0,0.6175014972686768,pyxai,set,24,30,0.26579804006889607,1.0,0.20000000000000018,0.8241758241758241,0.7142857142857143,10,10,1.0,0.05687712784856558,24,True,nan,24,1.0,nan
tabular,1,2026-10-02T18:05:27,nodeGcal1,3.11.9,unknown,13153035,786,0,0,0.6175014972686768,anchors,set,6,30,0.3869765470046398,0.94,0.8,0.7571428571428572,0.5,10,10,0.7142857142857143,1.3135989462025464,24,False,nan,nan,0.25,0.9691358024691358
tabular,1,2026-10-02T18:05:27,nodeGcal1,3.11.9,unknown,13153035,786,0,0,0.6175014972686768,lime,attribution,5,30,0.0,0.11,0.49065712773048553,0.9666666666666666,0.6666666666666666,10,10,0.6666666666666666,0.024228987284004688,24,False,True,23,0.7777777777777778,nan
tabular,1,2026-10-02T18:05:27,nodeGcal1,3.11.9,unknown,13153035,786,0,0,0.6175014972686768,treeshap,attribution,5,30,0.20098734010067223,0.69,0.6362835947235073,0.7666666666666667,0.6666666666666666,10,10,1.0,0.0008824709802865982,24,False,True,23,0.8461538461538461,nan
tabular,1,2026-10-02T18:05:27,nodeGcal1,3.11.9,unknown,13153035,786,0,0,0.6175014972686768,random,attribution,5,30,0.38881217256135064,0.72,0.41642625061865224,0.1123015873015873,0.0,10,10,0.1111111111111111,2.2633932530879974e-05,24,False,False,27,0.6551724137931034,nan
tabular,1,2026-10-02T18:05:27,nodeGcal1,3.11.9,unknown,13153035,797,0,0,0.5477690100669861,pyxai,set,25,30,0.17233213047300452,1.0,0.16666666666666652,0.9126373626373626,0.7857142857142857,10,10,1.0,0.057278533931821585,25,True,nan,25,1.0,nan
tabular,1,2026-10-02T18:05:27,nodeGcal1,3.11.9,unknown,13153035,797,0,0,0.5477690100669861,anchors,set,4,30,0.2204522744680409,0.76,0.8666666666666667,0.2857142857142857,0.14285714285714285,10,10,0.6,1.1057165320962667,25,False,nan,nan,0.16,0.9597989949748744
tabular,1,2026-10-02T18:05:27,nodeGcal1,3.11.9,unknown,13153035,797,0,0,0.5477690100669861,lime,attribution,5,30,0.12859695154721323,0.75,0.5303267267383073,0.5476190476190477,0.42857142857142855,10,10,0.6666666666666666,0.04401905322447419,25,False,False,28,0.7857142857142857,nan
tabular,1,2026-10-02T18:05:27,nodeGcal1,3.11.9,unknown,13153035,797,0,0,0.5477690100669861,treeshap,attribution,5,30,0.008785055210320653,0.5,0.5414207895925152,0.8,0.6666666666666666,10,10,1.0,0.0009213644079864025,25,False,True,25,0.9230769230769231,nan
tabular,1,2026-10-02T18:05:27,nodeGcal1,3.11.9,unknown,13153035,797,0,0,0.5477690100669861,random,attribution,5,30,0.03405915905253503,0.55,0.3179196369384121,0.14404761904761904,0.0,10,10,0.1111111111111111,2.4864915758371353e-05,25,False,False,30,0.6666666666666666,nan
tabular,1,2026-10-02T18:05:27,nodeGcal1,3.11.9,unknown,13153035,994,1,1,0.6438410878181458,pyxai,set,25,30,0.18401431012674574,1.0,0.16666666666666652,0.8737891737891739,0.7857142857142857,10,10,1.0,0.06429333612322807,25,True,nan,25,1.0,nan
tabular,1,2026-10-02T18:05:27,nodeGcal1,3.11.9,unknown,13153035,994,1,1,0.6438410878181458,anchors,set,2,30,0.11507341188708131,0.95,0.9333333333333333,0.4,0.3333333333333333,10,10,0.3333333333333333,0.3313000933267176,25,False,nan,nan,0.08,0.9653979238754326
tabular,1,2026-10-02T18:05:27,nodeGcal1,3.11.9,unknown,13153035,994,1,1,0.6438410878181458,lime,attribution,5,30,0.11757686939315365,0.92,0.5215102402753831,1.0,0.6666666666666666,10,10,1.0,0.04667860083281994,25,False,True,24,0.7241379310344828,nan
tabular,1,2026-10-02T18:05:27,nodeGcal1,3.11.9,unknown,13153035,994,1,1,0.6438410878181458,treeshap,attribution,5,30,0.13403505192299733,0.99,0.6101197208246234,0.7,0.6666666666666666,10,10,1.0,0.000865353737026453,25,False,True,19,0.8518518518518519,nan
tabular,1,2026-10-02T18:05:27,nodeGcal1,3.11.9,unknown,13153035,994,1,1,0.6438410878181458,random,attribution,5,30,0.0,0.5,0.2633564884400168,0.05555555555555556,0.0,10,10,0.0,2.640625461935997e-05,25,False,False,28,0.6666666666666666,nan
tabular,1,2026-10-02T18:05:27,nodeGcal1,3.11.9,unknown,13153035,1063,1,1,0.5538820028305054,pyxai,set,26,30,0.029698153304382694,1.0,0.13333333333333341,0.9349206349206349,0.8571428571428571,10,10,1.0,0.06248051766306162,26,True,nan,26,1.0,nan
tabular,1,2026-10-02T18:05:27,nodeGcal1,3.11.9,unknown,13153035,1063,1,1,0.5538820028305054,anchors,set,6,30,0.032727553693810925,0.93,0.8,0.24545454545454543,0.09090909090909091,10,10,0.5,2.066506154835224,26,False,nan,nan,0.18518518518518517,0.9501312335958005
tabular,1,2026-10-02T18:05:27,nodeGcal1,3.11.9,unknown,13153035,1063,1,1,0.5538820028305054,lime,attribution,5,30,0.06161355521889573,0.57,0.4797678024429429,0.7333333333333334,0.6666666666666666,10,10,1.0,0.04606715776026249,26,False,True,26,0.7931034482758621,nan
tabular,1,2026-10-02T18:05:27,nodeGcal1,3.11.9,unknown,13153035,1063,1,1,0.5538820028305054,treeshap,attribution,5,30,0.06161355521889573,0.85,0.5179422371311841,0.9428571428571428,0.42857142857142855,10,10,1.0,0.0008926126174628735,26,False,True,23,0.8571428571428571,nan
tabular,1,2026-10-02T18:05:27,nodeGcal1,3.11.9,unknown,13153035,1063,1,1,0.5538820028305054,random,attribution,5,30,0.0,0.51,0.32337225663261693,0.09166666666666667,0.0,10,10,0.1111111111111111,2.7626752853393555e-05,26,False,False,29,0.7333333333333333,nan
tabular,1,2026-10-02T18:05:27,nodeGcal1,3.11.9,unknown,13153035,1104,0,0,0.6642578840255737,pyxai,set,25,30,0.3174777139150989,1.0,0.16666666666666652,1.0,0.9230769230769231,10,10,1.0,0.05932571133598685,25,True,nan,25,1.0,nan
tabular,1,2026-10-02T18:05:27,nodeGcal1,3.11.9,unknown,13153035,1104,0,0,0.6642578840255737,anchors,set,4,30,0.33146240828800266,0.94,0.8666666666666667,0.5466666666666666,0.14285714285714285,10,10,1.0,1.108180598821491,25,False,nan,nan,0.16,0.9719387755102041
tabular,1,2026-10-02T18:05:27,nodeGcal1,3.11.9,unknown,13153035,1104,0,0,0.6642578840255737,lime,attribution,5,30,0.18103427390156024,0.92,0.5119679975896636,0.8,0.6666666666666666,10,10,1.0,0.05723691591992974,25,False,True,25,0.7241379310344828,nan
tabular,1,2026-10-02T18:05:27,nodeGcal1,3.11.9,unknown,13153035,1104,0,0,0.6642578840255737,treeshap,attribution,5,30,0.4094702109526239,0.95,0.6046226113252596,0.7666666666666667,0.6666666666666666,10,10,1.0,0.0008595818653702736,25,False,True,21,0.9230769230769231,nan
tabular,1,2026-10-02T18:05:27,nodeGcal1,3.11.9,unknown,13153035,1104,0,0,0.6642578840255737,random,attribution,5,30,0.0665821518578213,0.54,0.328171733051117,0.06666666666666668,0.0,10,10,0.1111111111111111,2.5052111595869064e-05,25,False,False,26,0.7857142857142857,nan
tabular,1,2026-10-02T18:05:27,nodeGcal1,3.11.9,unknown,13153035,1123,1,1,0.6452239751815796,pyxai,set,25,30,0.1528070693729052,1.0,0.16666666666666652,0.9017094017094017,0.7857142857142857,10,10,1.0,0.06067186174914241,25,True,nan,25,1.0,nan
tabular,1,2026-10-02T18:05:27,nodeGcal1,3.11.9,unknown,13153035,1123,1,1,0.6452239751815796,anchors,set,2,30,0.2806288776914165,0.95,0.9333333333333333,0.4666666666666666,0.3333333333333333,10,10,0.3333333333333333,0.3139385129325092,25,False,nan,nan,0.08,0.9858156028368794
tabular,1,2026-10-02T18:05:27,nodeGcal1,3.11.9,unknown,13153035,1123,1,1,0.6452239751815796,lime,attribution,5,30,0.22116224368968973,0.93,0.5799469904080395,0.8333333333333333,0.6666666666666666,10,10,0.6666666666666666,0.051580971106886864,25,False,False,26,0.7857142857142857,nan
tabular,1,2026-10-02T18:05:27,nodeGcal1,3.11.9,unknown,13153035,1123,1,1,0.6452239751815796,treeshap,attribution,5,30,0.31998791323319903,0.95,0.6520891446974464,0.6857142857142857,0.25,10,10,1.0,0.0008720569312572479,25,False,True,20,0.8518518518518519,nan
tabular,1,2026-10-02T18:05:27,nodeGcal1,3.11.9,unknown,13153035,1123,1,1,0.6452239751815796,random,attribution,5,30,0.0,0.26,0.3630698823922418,0.08055555555555556,0.0,10,10,0.25,2.419017255306244e-05,25,False,False,30,0.6666666666666666,nan
tabular,1,2026-10-02T18:05:27,nodeGcal1,3.11.9,unknown,13153035,1137,1,1,0.5468810200691223,pyxai,set,26,30,0.017276682723458964,1.0,0.13333333333333341,0.9708994708994709,0.8571428571428571,10,10,1.0,0.05983245279639959,26,True,nan,26,1.0,nan
tabular,1,2026-10-02T18:05:27,nodeGcal1,3.11.9,unknown,13153035,1137,1,1,0.5468810200691223,anchors,set,5,30,0.0197259093892944,0.94,0.8333333333333333,0.2873015873015873,0.1111111111111111,10,10,1.0,1.2853332539089024,26,False,nan,nan,0.19230769230769232,0.9521218715995647
tabular,1,2026-10-02T18:05:27,nodeGcal1,3.11.9,unknown,13153035,1137,1,1,0.5468810200691223,lime,attribution,5,30,0.04897941077962725,0.62,0.49554407441892834,0.8333333333333333,0.6666666666666666,10,10,1.0,0.025621857959777117,26,False,True,23,0.8571428571428571,nan
tabular,1,2026-10-02T18:05:27,nodeGcal1,3.11.9,unknown,13153035,1137,1,1,0.5468810200691223,treeshap,attribution,5,30,0.04897941077962725,0.83,0.5290514086865601,0.7952380952380953,0.42857142857142855,10,10,1.0,0.0008614649996161461,26,False,True,23,0.8571428571428571,nan
tabular,1,2026-10-02T18:05:27,nodeGcal1,3.11.9,unknown,13153035,1137,1,1,0.5468810200691223,random,attribution,5,30,0.0,0.72,0.3165704563052051,0.09444444444444444,0.0,10,10,0.0,2.3168977349996567e-05,26,False,False,27,0.7333333333333333,nan
tabular,1,2026-10-02T18:05:27,nodeGcal1,3.11.9,unknown,13153035,1194,0,0,0.5483791828155518,pyxai,set,25,30,0.15648280551583452,1.0,0.16666666666666652,0.9253561253561253,0.8518518518518519,10,10,1.0,0.05842247372493148,25,True,nan,25,1.0,nan
tabular,1,2026-10-02T18:05:27,nodeGcal1,3.11.9,unknown,13153035,1194,0,0,0.5483791828155518,anchors,set,4,30,0.24531068415773613,0.91,0.8666666666666667,0.4809523809523809,0.0,10,10,0.6,0.7137199053540826,25,False,nan,nan,0.16,0.960222752585521
tabular,1,2026-10-02T18:05:27,nodeGcal1,3.11.9,unknown,13153035,1194,0,0,0.5483791828155518,lime,attribution,5,30,0.24531068415773613,0.89,0.5469120977042414,0.9,0.6666666666666666,10,10,1.0,0.04182764608412981,25,False,False,27,0.7857142857142857,nan
tabular,1,2026-10-02T18:05:27,nodeGcal1,3.11.9,unknown,13153035,1194,0,0,0.5483791828155518,treeshap,attribution,5,30,0.1654892744522012,0.69,0.6712433594083191,0.680952380952381,0.6666666666666666,10,10,1.0,0.0008564707823097706,25,False,True,25,0.9230769230769231,nan
tabular,1,2026-10-02T18:05:27,nodeGcal1,3.11.9,unknown,13153035,1194,0,0,0.5483791828155518,random,attribution,5,30,0.0,0.45,0.31481970569105666,0.12777777777777777,0.0,10,10,0.1111111111111111,2.4706590920686722e-05,25,False,False,30,0.6666666666666666,nan
tabular,1,2026-10-02T18:05:27,nodeGcal1,3.11.9,unknown,13153035,1234,1,1,0.5172761082649231,pyxai,set,26,30,0.0,1.0,0.13333333333333341,0.9333333333333332,0.9259259259259259,10,10,1.0,0.05813780101016164,26,True,nan,26,1.0,nan
tabular,1,2026-10-02T18:05:27,nodeGcal1,3.11.9,unknown,13153035,1234,1,1,0.5172761082649231,anchors,set,11,30,0.16490957547387766,0.88,0.6333333333333333,0.2470342522974102,0.15789473684210525,10,10,0.4666666666666667,1.7441289657726884,26,False,nan,nan,0.4230769230769231,0.9665071770334929
tabular,1,2026-10-02T18:05:27,nodeGcal1,3.11.9,unknown,13153035,1234,1,1,0.5172761082649231,lime,attribution,5,30,0.008056965913164477,0.5,0.5178591388769345,0.8666666666666666,0.6666666666666666,10,10,0.6666666666666666,0.04252676712349057,26,False,False,27,0.8571428571428571,nan
tabular,1,2026-10-02T18:05:27,nodeGcal1,3.11.9,unknown,13153035,1234,1,1,0.5172761082649231,treeshap,attribution,5,30,0.0,0.42,0.5687670213038218,0.7666666666666666,0.6666666666666666,10,10,1.0,0.0008991318754851818,26,False,False,29,0.8571428571428571,nan
tabular,1,2026-10-02T18:05:27,nodeGcal1,3.11.9,unknown,13153035,1234,1,1,0.5172761082649231,random,attribution,5,30,0.06805873120474353,0.43,0.3568797216679219,0.07777777777777779,0.0,10,10,0.1111111111111111,3.2733194530010223e-05,26,False,False,30,0.7333333333333333,nan
tabular,1,2026-10-02T18:05:27,nodeGcal1,3.11.9,unknown,13153035,1324,1,1,0.6225130558013916,pyxai,set,26,30,0.12189923512327992,1.0,0.13333333333333341,0.962962962962963,0.9259259259259259,10,10,1.0,0.060539254918694496,26,True,nan,26,1.0,nan
tabular,1,2026-10-02T18:05:27,nodeGcal1,3.11.9,unknown,13153035,1324,1,1,0.6225130558013916,anchors,set,5,30,0.24926599257222015,0.88,0.8333333333333333,0.34523809523809523,0.25,10,10,0.6666666666666666,0.6514926613308489,26,False,nan,nan,0.19230769230769232,0.9723618090452262
tabular,1,2026-10-02T18:05:27,nodeGcal1,3.11.9,unknown,13153035,1324,1,1,0.6225130558013916,lime,attribution,5,30,0.2210182921621488,0.71,0.5908958387946853,0.9666666666666666,0.6666666666666666,10,10,1.0,0.024433004669845104,26,False,False,30,0.7931034482758621,nan
tabular,1,2026-10-02T18:05:27,nodeGcal1,3.11.9,unknown,13153035,1324,1,1,0.6225130558013916,treeshap,attribution,5,30,0.2014495162598061,0.64,0.6050382368782142,0.8,0.6666666666666666,10,10,1.0,0.0008789501152932644,26,False,True,20,0.8571428571428571,nan
tabular,1,2026-10-02T18:05:27,nodeGcal1,3.11.9,unknown,13153035,1324,1,1,0.6225130558013916,random,attribution,5,30,0.2242254814135072,0.8,0.3064122233829999,0.10833333333333332,0.0,10,10,0.0,2.447422593832016e-05,26,False,True,26,0.7931034482758621,nan
tabular,1,2026-10-02T18:05:27,nodeGcal1,3.11.9,unknown,13153035,1504,0,0,0.579094648361206,pyxai,set,24,30,0.2171041282490544,1.0,0.20000000000000018,0.9321709401709402,0.8461538461538461,10,10,1.0,0.057631444185972214,24,True,nan,24,1.0,nan
tabular,1,2026-10-02T18:05:27,nodeGcal1,3.11.9,unknown,13153035,1504,0,0,0.579094648361206,anchors,set,5,30,0.23479413923757225,0.9,0.8333333333333333,0.4261904761904762,0.25,10,10,0.42857142857142855,1.2211353806778789,24,False,nan,nan,0.16,0.9657210401891253
tabular,1,2026-10-02T18:05:27,nodeGcal1,3.11.9,unknown,13153035,1504,0,0,0.579094648361206,lime,attribution,5,30,0.02083886567535332,0.59,0.519377400920784,0.9,0.6666666666666666,10,10,1.0,0.05041722999885678,24,False,False,30,0.7777777777777778,nan
tabular,1,2026-10-02T18:05:27,nodeGcal1,3.11.9,unknown,13153035,1504,0,0,0.579094648361206,treeshap,attribution,5,30,0.14407525796667545,0.74,0.6326163172390535,0.5238095238095238,0.25,10,10,1.0,0.0008985991589725018,24,False,False,26,0.7777777777777778,nan
tabular,1,2026-10-02T18:05:27,nodeGcal1,3.11.9,unknown,13153035,1504,0,0,0.579094648361206,random,attribution,5,30,0.11993304373710063,0.56,0.39273738303804706,0.10396825396825396,0.0,10,10,0.25,2.4236273020505905e-05,24,False,False,26,0.6551724137931034,nan
tabular,1,2026-10-02T18:05:27,nodeGcal1,3.11.9,unknown,13153035,1516,0,0,0.5388050675392151,pyxai,set,28,30,0.15856246188319922,1.0,0.06666666666666687,0.9517241379310345,0.8666666666666667,10,10,1.0,0.05622553965076804,28,True,nan,28,1.0,nan
tabular,1,2026-10-02T18:05:27,nodeGcal1,3.11.9,unknown,13153035,1516,0,0,0.5388050675392151,anchors,set,10,30,0.07827317188974926,0.82,0.6666666666666666,0.5180819180819181,0.42857142857142855,10,10,0.6666666666666666,3.021507204975933,28,False,nan,nan,0.35714285714285715,0.9716981132075472
tabular,1,2026-10-02T18:05:27,nodeGcal1,3.11.9,unknown,13153035,1516,0,0,0.5388050675392151,lime,attribution,5,30,0.0,0.5,0.5531668798477404,0.9666666666666666,1.0,10,10,0.6666666666666666,0.056464146822690964,28,False,True,28,0.9310344827586207,nan
tabular,1,2026-10-02T18:05:27,nodeGcal1,3.11.9,unknown,13153035,1516,0,0,0.5388050675392151,treeshap,attribution,5,30,0.08513737646229405,0.54,0.5486498129389359,0.8,0.42857142857142855,10,10,1.0,0.0008420869708061218,28,False,True,24,0.9310344827586207,nan
tabular,1,2026-10-02T18:05:27,nodeGcal1,3.11.9,unknown,13153035,1516,0,0,0.5388050675392151,random,attribution,5,30,0.008235828625646858,0.35,0.2964791638787785,0.06507936507936507,0.0,10,10,0.0,2.5509856641292572e-05,28,False,False,29,0.8666666666666667,nan
tabular,1,2026-10-02T18:05:27,nodeGcal1,3.11.9,unknown,13153035,1589,0,0,0.654502272605896,pyxai,set,24,30,0.2932533786928114,1.0,0.20000000000000018,1.0,0.92,10,10,1.0,0.06215095520019531,24,True,nan,24,1.0,nan
tabular,1,2026-10-02T18:05:27,nodeGcal1,3.11.9,unknown,13153035,1589,0,0,0.654502272605896,anchors,set,4,30,0.2958293468027524,0.97,0.8666666666666667,0.76,0.6,10,10,1.0,1.0921174422837794,24,False,nan,nan,0.16666666666666666,0.9789473684210527
tabular,1,2026-10-02T18:05:27,nodeGcal1,3.11.9,unknown,13153035,1589,0,0,0.654502272605896,lime,attribution,5,30,0.14688245567733865,0.83,0.502858789317062,0.8333333333333333,0.6666666666666666,10,10,0.6666666666666666,0.02472888631746173,24,False,False,26,0.7142857142857143,nan
tabular,1,2026-10-02T18:05:27,nodeGcal1,3.11.9,unknown,13153035,1589,0,0,0.654502272605896,treeshap,attribution,5,30,0.30797043838449295,0.96,0.5963539123903034,1.0,1.0,10,10,1.0,0.0008543180301785469,24,False,True,22,0.92,nan
tabular,1,2026-10-02T18:05:27,nodeGcal1,3.11.9,unknown,13153035,1589,0,0,0.654502272605896,random,attribution,5,30,0.14688245567733865,0.78,0.3690790886897125,0.16666666666666666,0.0,10,10,0.1111111111111111,2.2591091692447662e-05,24,False,True,23,0.7142857142857143,nan
tabular,1,2026-10-02T18:05:27,nodeGcal1,3.11.9,unknown,13153035,1599,0,0,0.6613341569900513,pyxai,set,24,30,0.36466001150392247,1.0,0.20000000000000018,0.8403516483516483,0.7142857142857143,10,10,1.0,0.06032421998679638,24,True,nan,24,1.0,nan
tabular,1,2026-10-02T18:05:27,nodeGcal1,3.11.9,unknown,13153035,1599,0,0,0.6613341569900513,anchors,set,4,30,0.29315336358145117,0.91,0.8666666666666667,0.7066666666666667,0.3333333333333333,10,10,1.0,1.1763543938286602,24,False,nan,nan,0.16666666666666666,0.9686956521739131
tabular,1,2026-10-02T18:05:27,nodeGcal1,3.11.9,unknown,13153035,1599,0,0,0.6613341569900513,lime,attribution,5,30,0.12822511348451865,0.82,0.5449266378491923,1.0,0.6666666666666666,10,10,0.6666666666666666,0.027573094703257084,24,False,False,25,0.7142857142857143,nan
tabular,1,2026-10-02T18:05:27,nodeGcal1,3.11.9,unknown,13153035,1599,0,0,0.6613341569900513,treeshap,attribution,5,30,0.20193295459195235,0.87,0.6302451432736333,1.0,0.6666666666666666,10,10,1.0,0.0008709109388291836,24,False,True,23,0.7777777777777778,nan
tabular,1,2026-10-02T18:05:27,nodeGcal1,3.11.9,unknown,13153035,1599,0,0,0.6613341569900513,random,attribution,5,30,0.21706506493803798,0.88,0.23479636812040428,0.05555555555555556,0.0,10,10,0.1111111111111111,2.7237925678491592e-05,24,False,False,27,0.6,nan
tabular,1,2026-10-02T18:05:27,nodeGcal1,3.11.9,unknown,13153035,1679,1,1,0.5687130093574524,pyxai,set,24,30,0.06998318175039127,1.0,0.20000000000000018,0.992,0.92,10,10,1.0,0.061903915368020535,24,True,nan,24,1.0,nan
tabular,1,2026-10-02T18:05:27,nodeGcal1,3.11.9,unknown,13153035,1679,1,1,0.5687130093574524,anchors,set,5,30,0.11979326769042054,0.98,0.8333333333333333,0.22222222222222224,0.1111111111111111,10,10,0.42857142857142855,1.2247516890056431,24,False,nan,nan,0.20833333333333334,0.952513966480447
tabular,1,2026-10-02T18:05:27,nodeGcal1,3.11.9,unknown,13153035,1679,1,1,0.5687130093574524,lime,attribution,5,30,0.047168131455471884,0.55,0.5156337593222984,1.0,1.0,10,10,0.6666666666666666,0.05938328709453344,24,False,False,26,0.7142857142857143,nan
tabular,1,2026-10-02T18:05:27,nodeGcal1,3.11.9,unknown,13153035,1679,1,1,0.5687130093574524,treeshap,attribution,5,30,0.11979326769042054,0.85,0.5462053904144726,0.8333333333333333,0.6666666666666666,10,10,1.0,0.0008411970920860767,24,False,False,26,0.7777777777777778,nan
tabular,1,2026-10-02T18:05:27,nodeGcal1,3.11.9,unknown,13153035,1679,1,1,0.5687130093574524,random,attribution,5,30,0.0,0.55,0.32143855842326685,0.05555555555555556,0.0,10,10,0.0,2.480205148458481e-05,24,False,False,28,0.7142857142857143,nan
tabular,1,2026-10-02T18:05:27,nodeGcal1,3.11.9,unknown,13153035,1722,0,0,0.6570225954055786,pyxai,set,27,30,0.30996161665461613,1.0,0.10000000000000009,0.9366995073891626,0.8620689655172413,10,10,1.0,0.06001603091135621,27,True,nan,27,1.0,nan
tabular,1,2026-10-02T18:05:27,nodeGcal1,3.11.9,unknown,13153035,1722,0,0,0.6570225954055786,anchors,set,5,30,0.2984815399786447,0.91,0.8333333333333333,0.5253968253968254,0.42857142857142855,10,10,0.25,1.2929112818092108,27,False,nan,nan,0.18518518518518517,0.9736540664375716
tabular,1,2026-10-02T18:05:27,nodeGcal1,3.11.9,unknown,13153035,1722,0,0,0.6570225954055786,lime,attribution,5,30,0.1356547803186244,0.81,0.5637766248041505,1.0,1.0,10,10,1.0,0.047855862416327,27,False,True,24,0.8620689655172413,nan
tabular,1,2026-10-02T18:05:27,nodeGcal1,3.11.9,unknown,13153035,1722,0,0,0.6570225954055786,treeshap,attribution,5,30,0.24580445812895027,0.81,0.6596378381137726,0.8,0.6666666666666666,10,10,1.0,0.0008442448452115059,27,False,True,22,0.9285714285714286,nan
tabular,1,2026-10-02T18:05:27,nodeGcal1,3.11.9,unknown,13153035,1722,0,0,0.6570225954055786,random,attribution,5,30,0.08685721957976995,0.48,0.28811020728331005,0.08055555555555556,0.0,10,10,0.1111111111111111,2.3525208234786987e-05,27,False,True,26,0.8,nan
tabular,1,2026-10-02T18:05:27,nodeGcal1,3.11.9,unknown,13153035,1851,0,0,0.5899022817611694,pyxai,set,25,30,0.23144760823521018,1.0,0.16666666666666652,0.9923076923076923,0.9230769230769231,10,10,1.0,0.05710154725238681,25,True,nan,25,1.0,nan
tabular,1,2026-10-02T18:05:27,nodeGcal1,3.11.9,unknown,13153035,1851,0,0,0.5899022817611694,anchors,set,5,30,0.20141603679044326,0.95,0.8333333333333333,0.2757936507936508,0.1111111111111111,10,10,1.0,1.893758462741971,25,False,nan,nan,0.2,0.9585062240663901
tabular,1,2026-10-02T18:05:27,nodeGcal1,3.11.9,unknown,13153035,1851,0,0,0.5899022817611694,lime,attribution,5,30,0.20141603679044326,0.93,0.5459201596618353,0.8,0.6666666666666666,10,10,0.6666666666666666,0.06733016157522798,25,False,False,28,0.7857142857142857,nan
tabular,1,2026-10-02T18:05:27,nodeGcal1,3.11.9,unknown,13153035,1851,0,0,0.5899022817611694,treeshap,attribution,5,30,0.18981303068288533,0.84,0.589638469820339,0.8666666666666666,0.6666666666666666,10,10,1.0,0.0008338578045368195,25,False,True,22,1.0,nan
tabular,1,2026-10-02T18:05:27,nodeGcal1,3.11.9,unknown,13153035,1851,0,0,0.5899022817611694,random,attribution,5,30,0.21372906191604296,0.6,0.288643292944741,0.08055555555555556,0.0,10,10,0.0,2.3301225155591965e-05,25,False,True,25,0.7241379310344828,nan
tabular,1,2026-10-02T18:05:27,nodeGcal1,3.11.9,unknown,13153035,1906,1,1,0.5405381917953491,pyxai,set,26,30,0.0057451289188801165,1.0,0.13333333333333341,0.9407407407407407,0.9259259259259259,10,10,1.0,0.057923348154872656,26,True,nan,26,1.0,nan
tabular,1,2026-10-02T18:05:27,nodeGcal1,3.11.9,unknown,13153035,1906,1,1,0.5405381917953491,anchors,set,6,30,0.22853430570071254,0.86,0.8,0.3428571428571429,0.2,10,10,0.7142857142857143,1.030078443698585,26,False,nan,nan,0.23076923076923078,0.9684684684684685
tabular,1,2026-10-02T18:05:27,nodeGcal1,3.11.9,unknown,13153035,1906,1,1,0.5405381917953491,lime,attribution,5,30,0.07315823633881981,0.58,0.5279059502309271,0.7666666666666667,0.6666666666666666,10,10,0.6666666666666666,0.04327447013929486,26,False,True,26,0.7931034482758621,nan
tabular,1,2026-10-02T18:05:27,nodeGcal1,3.11.9,unknown,13153035,1906,1,1,0.5405381917953491,treeshap,attribution,5,30,0.0882842308831472,0.58,0.5304636829797158,0.8,0.42857142857142855,10,10,1.0,0.0008453149348497391,26,False,True,25,0.8571428571428571,nan
tabular,1,2026-10-02T18:05:27,nodeGcal1,3.11.9,unknown,13153035,1906,1,1,0.5405381917953491,random,attribution,5,30,0.011339409747300778,0.48,0.33386133395011797,0.08055555555555556,0.0,10,10,0.1111111111111111,2.305302768945694e-05,26,False,False,28,0.7333333333333333,nan
tabular,1,2026-10-02T18:05:27,nodeGcal1,3.11.9,unknown,13153035,1918,1,1,0.5200459957122803,pyxai,set,26,30,0.0,1.0,0.13333333333333341,0.962962962962963,0.9259259259259259,10,10,1.0,0.05847844202071428,26,True,nan,26,1.0,nan
tabular,1,2026-10-02T18:05:27,nodeGcal1,3.11.9,unknown,13153035,1918,1,1,0.5200459957122803,anchors,set,7,30,0.13254396256059078,0.95,0.7666666666666666,0.39292929292929296,0.2727272727272727,10,10,0.75,1.314850454684347,26,False,nan,nan,0.2692307692307692,0.9503311258278145
tabular,1,2026-10-02T18:05:27,nodeGcal1,3.11.9,unknown,13153035,1918,1,1,0.5200459957122803,lime,attribution,5,30,0.0,0.24,0.5494662573133497,0.9666666666666666,1.0,10,10,1.0,0.024886722210794687,26,False,False,28,0.7931034482758621,nan
tabular,1,2026-10-02T18:05:27,nodeGcal1,3.11.9,unknown,13153035,1918,1,1,0.5200459957122803,treeshap,attribution,5,30,0.0,0.55,0.5985991759136291,1.0,0.6666666666666666,10,10,1.0,0.0008830837905406952,26,False,True,25,0.9259259259259259,nan
tabular,1,2026-10-02T18:05:27,nodeGcal1,3.11.9,unknown,13153035,1918,1,1,0.5200459957122803,random,attribution,5,30,0.0,0.56,0.31333204728102215,0.11666666666666667,0.0,10,10,0.1111111111111111,2.2256281226873398e-05,26,False,False,29,0.7333333333333333,nan
tabular,1,2026-10-02T18:05:27,nodeGcal1,3.11.9,unknown,13153035,1944,0,0,0.650489330291748,pyxai,set,23,30,0.30219445818901536,1.0,0.23333333333333328,0.8206153846153846,0.7692307692307693,10,10,1.0,0.05825475789606571,23,True,nan,23,1.0,nan
tabular,1,2026-10-02T18:05:27,nodeGcal1,3.11.9,unknown,13153035,1944,0,0,0.650489330291748,anchors,set,4,30,0.23599758095552256,0.92,0.8666666666666667,0.46952380952380957,0.14285714285714285,10,10,1.0,1.0441260850057006,23,False,nan,nan,0.17391304347826086,0.9635627530364372
tabular,1,2026-10-02T18:05:27,nodeGcal1,3.11.9,unknown,13153035,1944,0,0,0.650489330291748,lime,attribution,5,30,0.22755850605677425,0.96,0.5615041984097444,0.8666666666666668,0.6666666666666666,10,10,1.0,0.04855529125779867,23,False,False,26,0.6428571428571429,nan
tabular,1,2026-10-02T18:05:27,nodeGcal1,3.11.9,unknown,13153035,1944,0,0,0.650489330291748,treeshap,attribution,5,30,0.2582569135191599,0.87,0.6155620231117738,0.7,0.6666666666666666,10,10,1.0,0.0008633090183138847,23,False,True,20,0.7692307692307693,nan
tabular,1,2026-10-02T18:05:27,nodeGcal1,3.11.9,unknown,13153035,1944,0,0,0.650489330291748,random,attribution,5,30,0.0,0.52,0.3215426367353248,0.10277777777777777,0.0,10,10,0.0,2.410728484392166e-05,23,False,False,28,0.6428571428571429,nan
tabular,1,2026-10-02T18:05:27,nodeGcal1,3.11.9,unknown,13153035,1979,1,1,0.6396963000297546,pyxai,set,28,30,0.14548639656111728,1.0,0.06666666666666687,0.993103448275862,0.9310344827586207,10,10,1.0,0.06306161498650908,28,True,nan,28,1.0,nan
tabular,1,2026-10-02T18:05:27,nodeGcal1,3.11.9,unknown,13153035,1979,1,1,0.6396963000297546,anchors,set,4,30,0.10260024786805243,0.9,0.8666666666666667,0.5476190476190477,0.0,10,10,0.6,0.5495618833228946,28,False,nan,nan,0.14285714285714285,0.9685314685314685
tabular,1,2026-10-02T18:05:27,nodeGcal1,3.11.9,unknown,13153035,1979,1,1,0.6396963000297546,lime,attribution,5,30,0.08977366782568881,0.55,0.49136340316942206,0.8333333333333333,0.6666666666666666,10,10,1.0,0.0421718661673367,28,False,True,21,0.9310344827586207,nan
tabular,1,2026-10-02T18:05:27,nodeGcal1,3.11.9,unknown,13153035,1979,1,1,0.6396963000297546,treeshap,attribution,5,30,0.10614719665071579,0.8,0.5373463977389997,0.6523809523809524,0.42857142857142855,10,10,1.0,0.0008822591044008732,28,False,True,21,0.9310344827586207,nan
tabular,1,2026-10-02T18:05:27,nodeGcal1,3.11.9,unknown,13153035,1979,1,1,0.6396963000297546,random,attribution,5,30,0.0,0.35,0.3881287895500325,0.1261904761904762,0.0,10,10,0.25,2.2384803742170334e-05,28,False,False,29,0.8666666666666667,nan
tabular,1,2026-10-02T18:05:27,nodeGcal1,3.11.9,unknown,13153035,2031,1,1,0.6205067038536072,pyxai,set,27,30,0.1338808640418813,1.0,0.10000000000000009,0.9571428571428571,0.8620689655172413,10,10,1.0,0.0594119350425899,27,True,nan,27,1.0,nan
tabular,1,2026-10-02T18:05:27,nodeGcal1,3.11.9,unknown,13153035,2031,1,1,0.6205067038536072,anchors,set,2,30,0.5360972587442815,0.99,0.9333333333333333,0.4,0.3333333333333333,10,10,0.3333333333333333,0.3094422188587487,27,False,nan,nan,0.07407407407407407,0.9625850340136054
tabular,1,2026-10-02T18:05:27,nodeGcal1,3.11.9,unknown,13153035,2031,1,1,0.6205067038536072,lime,attribution,5,30,0.36911537768812364,1.0,0.5123466555680728,0.9333333333333332,0.6666666666666666,10,10,0.6666666666666666,0.025436419062316418,27,False,True,26,0.8620689655172413,nan
tabular,1,2026-10-02T18:05:27,nodeGcal1,3.11.9,unknown,13153035,2031,1,1,0.6205067038536072,treeshap,attribution,5,30,0.10957011635027557,0.94,0.744371521822967,1.0,0.6666666666666666,10,10,1.0,0.0008750748820602894,27,False,True,22,0.8620689655172413,nan
tabular,1,2026-10-02T18:05:27,nodeGcal1,3.11.9,unknown,13153035,2031,1,1,0.6205067038536072,random,attribution,5,30,0.0,0.57,0.26435156686682915,0.18293650793650795,0.0,10,10,0.25,2.3724976927042007e-05,27,False,True,25,0.8620689655172413,nan
tabular,1,2026-10-02T18:05:27,nodeGcal1,3.11.9,unknown,13153035,2099,1,1,0.5021063089370728,pyxai,set,27,30,0.0,1.0,0.10000000000000009,0.9571428571428571,0.8620689655172413,10,10,1.0,0.05756312422454357,27,True,nan,27,1.0,nan
tabular,1,2026-10-02T18:05:27,nodeGcal1,3.11.9,unknown,13153035,2099,1,1,0.5021063089370728,anchors,set,10,30,0.08036091399446292,0.81,0.6666666666666666,0.30056980056980054,0.25,9,10,0.6666666666666666,1.7937230910174549,27,False,nan,nan,0.37037037037037035,0.9572953736654805
tabular,1,2026-10-02T18:05:27,nodeGcal1,3.11.9,unknown,13153035,2099,1,1,0.5021063089370728,lime,attribution,5,30,0.0,0.34,0.5308828584743064,0.6666666666666667,0.6666666666666666,10,8,1.0,0.04612489603459835,27,False,False,30,0.8620689655172413,nan
tabular,1,2026-10-02T18:05:27,nodeGcal1,3.11.9,unknown,13153035,2099,1,1,0.5021063089370728,treeshap,attribution,5,30,0.0,0.64,0.49552605890960055,0.9333333333333332,0.6666666666666666,10,8,1.0,0.0009152442216873169,27,False,False,29,0.9285714285714286,nan
tabular,1,2026-10-02T18:05:27,nodeGcal1,3.11.9,unknown,13153035,2099,1,1,0.5021063089370728,random,attribution,5,30,0.0,0.5,0.3282162184851857,0.10493827160493827,0.0,9,7,0.1111111111111111,2.2434163838624954e-05,27,False,False,30,0.8,nan
tabular,1,2026-10-02T18:05:27,nodeGcal1,3.11.9,unknown,13153035,2107,0,0,0.6488426327705383,pyxai,set,24,30,0.3012622989658153,1.0,0.20000000000000018,0.9537777777777778,0.92,10,10,1.0,0.06041705375537276,24,True,nan,24,1.0,nan
tabular,1,2026-10-02T18:05:27,nodeGcal1,3.11.9,unknown,13153035,2107,0,0,0.6488426327705383,anchors,set,4,30,0.255572939101339,0.89,0.8666666666666667,0.27238095238095233,0.14285714285714285,10,10,0.6,1.1931905490346253,24,False,nan,nan,0.16666666666666666,0.9615384615384616
tabular,1,2026-10-02T18:05:27,nodeGcal1,3.11.9,unknown,13153035,2107,0,0,0.6488426327705383,lime,attribution,5,30,0.12592555439103864,0.83,0.5527740359864587,0.8666666666666668,0.6666666666666666,10,10,0.6666666666666666,0.056354161351919174,24,False,False,25,0.7142857142857143,nan
tabular,1,2026-10-02T18:05:27,nodeGcal1,3.11.9,unknown,13153035,2107,0,0,0.6488426327705383,treeshap,attribution,5,30,0.2219464800524501,0.88,0.5497065675761088,1.0,0.42857142857142855,10,10,1.0,0.0008489349856972694,24,False,True,22,0.92,nan
tabular,1,2026-10-02T18:05:27,nodeGcal1,3.11.9,unknown,13153035,2107,0,0,0.6488426327705383,random,attribution,5,30,0.039062637076852515,0.66,0.3313970685232781,0.11388888888888889,0.0,10,10,0.1111111111111111,2.230517566204071e-05,24,False,True,23,0.7142857142857143,nan
tabular,1,2026-10-02T18:05:27,nodeGcal1,3.11.9,unknown,13153035,2112,1,1,0.5476396083831787,pyxai,set,26,30,0.0018450417441783012,1.0,0.13333333333333341,0.9486772486772488,0.8571428571428571,10,10,1.0,0.05923118581995368,26,True,nan,26,1.0,nan
tabular,1,2026-10-02T18:05:27,nodeGcal1,3.11.9,unknown,13153035,2112,1,1,0.5476396083831787,anchors,set,2,30,0.1865704862107292,0.96,0.9333333333333333,0.5333333333333333,0.3333333333333333,10,10,1.0,0.3207455608062446,26,False,nan,nan,0.07692307692307693,0.985
tabular,1,2026-10-02T18:05:27,nodeGcal1,3.11.9,unknown,13153035,2112,1,1,0.5476396083831787,lime,attribution,5,30,0.0,0.64,0.5150011616349753,0.8999999999999998,0.6666666666666666,10,10,1.0,0.0483069377951324,26,False,False,27,0.8571428571428571,nan
tabular,1,2026-10-02T18:05:27,nodeGcal1,3.11.9,unknown,13153035,2112,1,1,0.5476396083831787,treeshap,attribution,5,30,0.0,0.74,0.6904638362584843,0.6285714285714286,0.42857142857142855,10,10,1.0,0.0008836290799081326,26,False,True,23,0.8571428571428571,nan
tabular,1,2026-10-02T18:05:27,nodeGcal1,3.11.9,unknown,13153035,2112,1,1,0.5476396083831787,random,attribution,5,30,0.04656390361724831,0.67,0.38138178354012653,0.11944444444444444,0.0,10,10,0.1111111111111111,2.329796552658081e-05,26,False,False,27,0.7333333333333333,nan
tabular,1,2026-10-02T18:05:27,nodeGcal1,3.11.9,unknown,13153035,2243,1,1,0.5444958209991455,pyxai,set,27,30,0.0,1.0,0.10000000000000009,0.9438423645320198,0.8620689655172413,10,10,1.0,0.05739901913329959,27,True,nan,27,1.0,nan
tabular,1,2026-10-02T18:05:27,nodeGcal1,3.11.9,unknown,13153035,2243,1,1,0.5444958209991455,anchors,set,2,30,0.2544636504113135,0.96,0.9333333333333333,0.5333333333333333,0.3333333333333333,10,10,0.3333333333333333,0.30886934138834476,27,False,nan,nan,0.07407407407407407,0.9684684684684685
tabular,1,2026-10-02T18:05:27,nodeGcal1,3.11.9,unknown,13153035,2243,1,1,0.5444958209991455,lime,attribution,5,30,0.2544636504113135,0.97,0.4923393378317459,1.0,0.6666666666666666,10,10,0.6666666666666666,0.04602872300893068,27,False,True,25,0.8620689655172413,nan
tabular,1,2026-10-02T18:05:27,nodeGcal1,3.11.9,unknown,13153035,2243,1,1,0.5444958209991455,treeshap,attribution,5,30,0.0,0.79,0.6969660519924612,0.6785714285714286,0.42857142857142855,10,10,1.0,0.0008181668817996979,27,False,True,24,0.8620689655172413,nan
tabular,1,2026-10-02T18:05:27,nodeGcal1,3.11.9,unknown,13153035,2243,1,1,0.5444958209991455,random,attribution,5,30,0.0,0.65,0.22751107805468862,0.1261904761904762,0.0,10,10,0.0,2.1402258425951004e-05,27,False,False,30,0.8,nan
tabular,1,2026-10-02T18:05:27,nodeGcal1,3.11.9,unknown,13153035,2267,1,1,0.5006533861160278,pyxai,set,27,30,0.0,1.0,0.10000000000000009,0.9897959183673469,0.9285714285714286,7,8,1.0,0.05647474434226751,27,True,nan,27,1.0,nan
tabular,1,2026-10-02T18:05:27,nodeGcal1,3.11.9,unknown,13153035,2267,1,1,0.5006533861160278,anchors,set,6,30,0.024433095979913257,0.89,0.8,0.24545454545454545,0.09090909090909091,6,10,0.7142857142857143,1.4438197161071002,27,False,nan,nan,0.2222222222222222,0.9635193133047211
tabular,1,2026-10-02T18:05:27,nodeGcal1,3.11.9,unknown,13153035,2267,1,1,0.5006533861160278,lime,attribution,5,30,0.0,0.33,0.5036406420421782,0.6666666666666666,0.6666666666666666,7,9,1.0,0.0419088052585721,27,False,False,30,0.8,nan
tabular,1,2026-10-02T18:05:27,nodeGcal1,3.11.9,unknown,13153035,2267,1,1,0.5006533861160278,treeshap,attribution,5,30,0.0,0.62,0.5355034895277047,1.0,0.6666666666666666,9,10,1.0,0.0008667539805173874,27,False,False,28,0.9285714285714286,nan
tabular,1,2026-10-02T18:05:27,nodeGcal1,3.11.9,unknown,13153035,2267,1,1,0.5006533861160278,random,attribution,5,30,0.0,0.4,0.28162577430768987,0.12037037037037036,0.0,3,10,0.25,3.03611159324646e-05,27,False,False,30,0.8,nan
tabular,1,2026-10-02T18:05:27,nodeGcal1,3.11.9,unknown,13153035,2470,1,1,0.5173236727714539,pyxai,set,26,30,0.0,1.0,0.13333333333333341,0.9333333333333332,0.8571428571428571,10,10,1.0,0.05501416511833668,26,True,nan,26,1.0,nan
tabular,1,2026-10-02T18:05:27,nodeGcal1,3.11.9,unknown,13153035,2470,1,1,0.5173236727714539,anchors,set,3,30,0.031688679126804835,0.97,0.9,0.54,0.0,10,10,0.5,0.39836066495627165,26,False,nan,nan,0.11538461538461539,0.9591836734693877
tabular,1,2026-10-02T18:05:27,nodeGcal1,3.11.9,unknown,13153035,2470,1,1,0.5173236727714539,lime,attribution,5,30,0.08141998658640014,0.97,0.5151080345384386,0.7666666666666667,0.6666666666666666,10,10,1.0,0.050721787847578526,26,False,False,27,0.7931034482758621,nan
tabular,1,2026-10-02T18:05:27,nodeGcal1,3.11.9,unknown,13153035,2470,1,1,0.5173236727714539,treeshap,attribution,5,30,0.0,0.93,0.6678318305239348,0.5051587301587303,0.25,10,10,1.0,0.0009064828045666218,26,False,True,25,0.8571428571428571,nan
tabular,1,2026-10-02T18:05:27,nodeGcal1,3.11.9,unknown,13153035,2470,1,1,0.5173236727714539,random,attribution,5,30,0.0,0.69,0.41148034891631546,0.16111111111111112,0.0,10,10,0.25,2.345023676753044e-05,26,False,False,29,0.7333333333333333,nan
tabular,1,2026-10-02T18:05:27,nodeGcal1,3.11.9,unknown,13153035,2550,1,1,0.6043054461479187,pyxai,set,25,30,0.10582831117190868,1.0,0.16666666666666652,0.9253561253561253,0.7857142857142857,10,10,1.0,0.0605187127366662,25,True,nan,25,1.0,nan
tabular,1,2026-10-02T18:05:27,nodeGcal1,3.11.9,unknown,13153035,2550,1,1,0.6043054461479187,anchors,set,5,30,0.012511733664820153,0.82,0.8333333333333333,0.2638888888888889,0.1111111111111111,10,10,0.6666666666666666,1.514840928837657,25,False,nan,nan,0.15384615384615385,0.9676470588235294
tabular,1,2026-10-02T18:05:27,nodeGcal1,3.11.9,unknown,13153035,2550,1,1,0.6043054461479187,lime,attribution,5,30,0.002602439813216133,0.5,0.49495980746196777,0.8999999999999998,0.6666666666666666,10,10,0.6666666666666666,0.04111181804910302,25,False,True,25,0.7857142857142857,nan
tabular,1,2026-10-02T18:05:27,nodeGcal1,3.11.9,unknown,13153035,2550,1,1,0.6043054461479187,treeshap,attribution,5,30,0.02246975237023235,0.84,0.4993550921272757,0.9,0.6666666666666666,10,10,1.0,0.0009001391008496284,25,False,True,21,0.9230769230769231,nan
tabular,1,2026-10-02T18:05:27,nodeGcal1,3.11.9,unknown,13153035,2550,1,1,0.6043054461479187,random,attribution,5,30,0.0,0.6,0.33254775231657363,0.05833333333333333,0.0,10,10,0.0,2.2544991225004196e-05,25,False,False,28,0.7857142857142857,nan
tabular,1,2026-10-02T18:05:27,nodeGcal1,3.11.9,unknown,13153035,2693,0,0,0.6545916795730591,pyxai,set,26,30,0.3073990646340733,1.0,0.13333333333333341,0.8935413245758073,0.8571428571428571,10,10,1.0,0.061721786856651306,26,True,nan,26,1.0,nan
tabular,1,2026-10-02T18:05:27,nodeGcal1,3.11.9,unknown,13153035,2693,0,0,0.6545916795730591,anchors,set,3,30,0.24850599505054805,0.93,0.9,0.6900000000000001,0.2,10,10,0.5,0.6848750687204301,26,False,nan,nan,0.11538461538461539,0.9518987341772152
tabular,1,2026-10-02T18:05:27,nodeGcal1,3.11.9,unknown,13153035,2693,0,0,0.6545916795730591,lime,attribution,5,30,0.24850599505054805,0.98,0.5678074668893556,1.0,0.6666666666666666,10,10,1.0,0.06096318317577243,26,False,True,26,0.7931034482758621,nan
tabular,1,2026-10-02T18:05:27,nodeGcal1,3.11.9,unknown,13153035,2693,0,0,0.6545916795730591,treeshap,attribution,5,30,0.21261117736968807,0.85,0.6433855578372075,0.5,0.42857142857142855,10,10,1.0,0.0008781310170888901,26,False,True,23,0.9259259259259259,nan
tabular,1,2026-10-02T18:05:27,nodeGcal1,3.11.9,unknown,13153035,2693,0,0,0.6545916795730591,random,attribution,5,30,0.0,0.39,0.31884989868130964,0.19722222222222224,0.0,10,10,0.1111111111111111,2.3134984076023102e-05,26,False,False,28,0.7931034482758621,nan
tabular,1,2026-10-02T18:05:27,nodeGcal1,3.11.9,unknown,13153035,2790,1,1,0.6186500787734985,pyxai,set,27,30,0.14059844154082396,1.0,0.10000000000000009,0.95,0.9285714285714286,10,10,1.0,0.06321221496909857,27,True,nan,27,1.0,nan
tabular,1,2026-10-02T18:05:27,nodeGcal1,3.11.9,unknown,13153035,2790,1,1,0.6186500787734985,anchors,set,4,30,0.19894209837997553,0.99,0.8666666666666667,0.33714285714285713,0.14285714285714285,10,10,0.6,0.575301157310605,27,False,nan,nan,0.14814814814814814,0.9633699633699634
tabular,1,2026-10-02T18:05:27,nodeGcal1,3.11.9,unknown,13153035,2790,1,1,0.6186500787734985,lime,attribution,5,30,0.17454615594650313,0.71,0.507992673304575,0.7333333333333333,0.6666666666666666,10,10,1.0,0.045411515049636364,27,False,True,21,0.8620689655172413,nan
tabular,1,2026-10-02T18:05:27,nodeGcal1,3.11.9,unknown,13153035,2790,1,1,0.6186500787734985,treeshap,attribution,5,30,0.04157593254063453,0.83,0.5988786307840999,0.6952380952380952,0.42857142857142855,10,10,1.0,0.0008331220597028732,27,False,True,20,0.9285714285714286,nan
tabular,1,2026-10-02T18:05:27,nodeGcal1,3.11.9,unknown,13153035,2790,1,1,0.6186500787734985,random,attribution,5,30,0.0,0.48,0.33598585571084105,0.06944444444444445,0.0,10,10,0.0,2.4137087166309357e-05,27,False,False,29,0.8620689655172413,nan
tabular,1,2026-10-02T18:05:27,nodeGcal1,3.11.9,unknown,13153035,2895,0,0,0.5226001143455505,pyxai,set,28,30,0.13247089483934066,1.0,0.06666666666666687,0.9448275862068967,0.9310344827586207,10,10,1.0,0.05737160658463836,28,True,nan,28,1.0,nan
tabular,1,2026-10-02T18:05:27,nodeGcal1,3.11.9,unknown,13153035,2895,0,0,0.5226001143455505,anchors,set,5,30,0.19784700223260748,0.87,0.8333333333333333,0.38095238095238093,0.1111111111111111,10,10,0.42857142857142855,0.9034543856978416,28,False,nan,nan,0.17857142857142858,0.9602510460251046
tabular,1,2026-10-02T18:05:27,nodeGcal1,3.11.9,unknown,13153035,2895,0,0,0.5226001143455505,lime,attribution,5,30,0.13852784771507023,0.8,0.516442083260995,1.0,1.0,10,10,1.0,0.026522464118897915,28,False,False,29,0.8666666666666667,nan
tabular,1,2026-10-02T18:05:27,nodeGcal1,3.11.9,unknown,13153035,2895,0,0,0.5226001143455505,treeshap,attribution,5,30,0.10378186027812074,0.62,0.5975945323485214,1.0,0.6666666666666666,10,10,1.0,0.0008166441693902016,28,False,True,25,0.9310344827586207,nan
tabular,1,2026-10-02T18:05:27,nodeGcal1,3.11.9,unknown,13153035,2895,0,0,0.5226001143455505,random,attribution,5,30,0.0,0.55,0.2666085683733258,0.1277777777777778,0.0,10,10,0.1111111111111111,2.6126857846975327e-05,28,False,True,27,0.8666666666666667,nan
tabular,1,2026-10-02T18:05:27,nodeGcal1,3.11.9,unknown,13153035,2898,1,1,0.596490740776062,pyxai,set,23,30,0.109561732684457,1.0,0.23333333333333328,0.984,0.7692307692307693,10,10,1.0,0.060512430034577847,23,True,nan,23,1.0,nan
tabular,1,2026-10-02T18:05:27,nodeGcal1,3.11.9,unknown,13153035,2898,1,1,0.596490740776062,anchors,set,4,30,0.3087128854152115,0.88,0.8666666666666667,0.3961904761904762,0.14285714285714285,10,10,1.0,0.523603952024132,23,False,nan,nan,0.125,0.9802371541501976
tabular,1,2026-10-02T18:05:27,nodeGcal1,3.11.9,unknown,13153035,2898,1,1,0.596490740776062,lime,attribution,5,30,0.1710697346198144,0.67,0.5182620938426459,0.7666666666666667,0.6666666666666666,10,10,1.0,0.04126523109152913,23,False,True,19,0.7037037037037037,nan
tabular,1,2026-10-02T18:05:27,nodeGcal1,3.11.9,unknown,13153035,2898,1,1,0.596490740776062,treeshap,attribution,5,30,0.28985154465861146,0.8,0.6094292258475764,0.8,0.6666666666666666,10,10,1.0,0.000843297690153122,23,False,True,23,0.84,nan
tabular,1,2026-10-02T18:05:27,nodeGcal1,3.11.9,unknown,13153035,2898,1,1,0.596490740776062,random,attribution,5,30,0.0,0.48,0.32042765699232134,0.10555555555555556,0.0,10,10,0.1111111111111111,2.2312626242637634e-05,23,False,False,30,0.6428571428571429,nan
tabular,1,2026-10-02T18:05:27,nodeGcal1,3.11.9,unknown,13153035,3042,1,1,0.7287949323654175,pyxai,set,25,30,0.2712103801785371,1.0,0.16666666666666652,0.9094017094017094,0.8518518518518519,10,10,1.0,0.06354561634361744,25,True,nan,25,1.0,nan
tabular,1,2026-10-02T18:05:27,nodeGcal1,3.11.9,unknown,13153035,3042,1,1,0.7287949323654175,anchors,set,2,30,0.1250758353336632,0.95,0.9333333333333333,0.4999999999999999,0.0,10,10,1.0,0.3944981279782951,25,False,nan,nan,0.08,0.9504950495049505
tabular,1,2026-10-02T18:05:27,nodeGcal1,3.11.9,unknown,13153035,3042,1,1,0.7287949323654175,lime,attribution,5,30,0.23565949546705486,0.96,0.5318035368438042,0.9666666666666666,0.6666666666666666,10,10,1.0,0.0423363228328526,25,False,True,20,0.7857142857142857,nan
tabular,1,2026-10-02T18:05:27,nodeGcal1,3.11.9,unknown,13153035,3042,1,1,0.7287949323654175,treeshap,attribution,5,30,0.20540256723766373,0.96,0.6306517027506491,0.6476190476190476,0.42857142857142855,10,10,1.0,0.0008936240337789059,25,False,True,23,0.8518518518518519,nan
tabular,1,2026-10-02T18:05:27,nodeGcal1,3.11.9,unknown,13153035,3042,1,1,0.7287949323654175,random,attribution,5,30,0.14298295187349463,0.87,0.36345393914213897,0.11666666666666667,0.0,10,10,0.0,2.3111701011657715e-05,25,False,True,25,0.7241379310344828,nan
tabular,1,2026-10-02T18:05:27,nodeGcal1,3.11.9,unknown,13153035,3108,1,1,0.5312975645065308,pyxai,set,27,30,0.0,1.0,0.10000000000000009,1.0,1.0,10,10,1.0,0.05936577124521136,27,True,nan,27,1.0,nan
tabular,1,2026-10-02T18:05:27,nodeGcal1,3.11.9,unknown,13153035,3108,1,1,0.5312975645065308,anchors,set,6,30,0.163339632255718,0.91,0.8,0.15636363636363634,0.09090909090909091,10,10,0.3333333333333333,0.8005637950263917,27,False,nan,nan,0.2222222222222222,0.9503105590062112
tabular,1,2026-10-02T18:05:27,nodeGcal1,3.11.9,unknown,13153035,3108,1,1,0.5312975645065308,lime,attribution,5,30,0.0,0.63,0.5169376162675294,0.7333333333333334,0.6666666666666666,10,10,1.0,0.047049344051629305,27,False,True,27,0.9285714285714286,nan
tabular,1,2026-10-02T18:05:27,nodeGcal1,3.11.9,unknown,13153035,3108,1,1,0.5312975645065308,treeshap,attribution,5,30,0.0,0.51,0.5747358800118051,1.0,1.0,10,10,1.0,0.0008354028686881065,27,False,True,22,0.9285714285714286,nan
tabular,1,2026-10-02T18:05:27,nodeGcal1,3.11.9,unknown,13153035,3108,1,1,0.5312975645065308,random,attribution,5,30,0.0,0.46,0.31454169071214444,0.03333333333333333,0.0,10,10,0.25,2.383999526500702e-05,27,False,True,27,0.8620689655172413,nan
tabular,1,2026-10-02T18:05:27,nodeGcal1,3.11.9,unknown,13153035,3316,0,0,0.7305082678794861,pyxai,set,26,30,0.37937621038691993,1.0,0.13333333333333341,0.9703703703703704,0.8571428571428571,10,10,1.0,0.06346448604017496,26,True,nan,26,1.0,nan
tabular,1,2026-10-02T18:05:27,nodeGcal1,3.11.9,unknown,13153035,3316,0,0,0.7305082678794861,anchors,set,5,30,0.20734038599384214,0.92,0.8333333333333333,0.4837301587301588,0.25,10,10,0.42857142857142855,1.338640782982111,26,False,nan,nan,0.19230769230769232,0.978494623655914
tabular,1,2026-10-02T18:05:27,nodeGcal1,3.11.9,unknown,13153035,3316,0,0,0.7305082678794861,lime,attribution,5,30,0.2011659695191579,0.97,0.5499023086674293,0.7,0.42857142857142855,10,10,0.6666666666666666,0.04087831033393741,26,False,True,23,0.7931034482758621,nan
tabular,1,2026-10-02T18:05:27,nodeGcal1,3.11.9,unknown,13153035,3316,0,0,0.7305082678794861,treeshap,attribution,5,30,0.26891426533925106,0.92,0.6042454879978287,0.8666666666666666,0.6666666666666666,10,10,1.0,0.0008238940499722958,26,False,True,20,0.9259259259259259,nan
tabular,1,2026-10-02T18:05:27,nodeGcal1,3.11.9,unknown,13153035,3316,0,0,0.7305082678794861,random,attribution,5,30,0.09620407159167078,0.72,0.33998472333961416,0.15833333333333335,0.0,10,10,0.1111111111111111,2.7369707822799683e-05,26,False,False,27,0.7333333333333333,nan
tabular,1,2026-10-02T18:05:27,nodeGcal1,3.11.9,unknown,13153035,3371,1,1,0.6729317903518677,pyxai,set,26,30,0.18769004781432502,1.0,0.13333333333333341,0.962962962962963,0.9259259259259259,10,10,1.0,0.060351818799972534,26,True,nan,26,1.0,nan
tabular,1,2026-10-02T18:05:27,nodeGcal1,3.11.9,unknown,13153035,3371,1,1,0.6729317903518677,anchors,set,2,30,0.12413265565519407,0.91,0.9333333333333333,0.4,0.0,10,10,1.0,0.38195622712373734,26,False,nan,nan,0.07692307692307693,0.9681647940074907
tabular,1,2026-10-02T18:05:27,nodeGcal1,3.11.9,unknown,13153035,3371,1,1,0.6729317903518677,lime,attribution,5,30,0.12413265565519407,0.91,0.4931963675740988,0.9666666666666666,0.42857142857142855,10,10,1.0,0.04149611573666334,26,False,True,23,0.7931034482758621,nan
tabular,1,2026-10-02T18:05:27,nodeGcal1,3.11.9,unknown,13153035,3371,1,1,0.6729317903518677,treeshap,attribution,5,30,0.2882433554456798,1.0,0.592002321046029,0.6023809523809524,0.25,10,10,1.0,0.0008956030942499638,26,False,True,20,0.9259259259259259,nan
tabular,1,2026-10-02T18:05:27,nodeGcal1,3.11.9,unknown,13153035,3371,1,1,0.6729317903518677,random,attribution,5,30,0.0,0.56,0.31587297041299,0.12222222222222223,0.0,10,10,0.25,2.2483058273792267e-05,26,False,False,30,0.7333333333333333,nan
tabular,1,2026-10-02T18:05:27,nodeGcal1,3.11.9,unknown,13153035,3452,0,0,0.6012159585952759,pyxai,set,28,30,0.24591022065624835,1.0,0.06666666666666687,0.9448275862068967,0.9310344827586207,10,10,1.0,0.05918429093435407,28,True,nan,28,1.0,nan
tabular,1,2026-10-02T18:05:27,nodeGcal1,3.11.9,unknown,13153035,3452,0,0,0.6012159585952759,anchors,set,6,30,0.19485680691363802,0.83,0.8,0.4066666666666666,0.2,10,10,0.5,1.0855154809542,28,False,nan,nan,0.21428571428571427,0.9813664596273292
tabular,1,2026-10-02T18:05:27,nodeGcal1,3.11.9,unknown,13153035,3452,0,0,0.6012159585952759,lime,attribution,5,30,0.08764991231053076,0.8,0.5312707095589804,1.0,1.0,10,10,0.6666666666666666,0.048100873827934265,28,False,True,26,0.8666666666666667,nan
tabular,1,2026-10-02T18:05:27,nodeGcal1,3.11.9,unknown,13153035,3452,0,0,0.6012159585952759,treeshap,attribution,5,30,0.261052888299776,0.92,0.5477355554252286,0.7333333333333334,0.42857142857142855,10,10,1.0,0.0008910046890377998,28,False,True,23,1.0,nan
tabular,1,2026-10-02T18:05:27,nodeGcal1,3.11.9,unknown,13153035,3452,0,0,0.6012159585952759,random,attribution,5,30,0.0009153610734103124,0.43,0.2793482220671979,0.06944444444444445,0.0,10,10,0.1111111111111111,2.4416949599981308e-05,28,False,False,30,0.8666666666666667,nan
tabular,1,2026-10-02T18:05:27,nodeGcal1,3.11.9,unknown,13153035,3533,1,1,0.7762872576713562,pyxai,set,26,30,0.307688326857182,1.0,0.13333333333333341,0.9063492063492063,0.8571428571428571,10,10,1.0,0.06488089822232723,26,True,nan,26,1.0,nan
tabular,1,2026-10-02T18:05:27,nodeGcal1,3.11.9,unknown,13153035,3533,1,1,0.7762872576713562,anchors,set,2,30,0.2990473158696459,1.0,0.9333333333333333,0.6666666666666666,0.3333333333333333,10,10,0.3333333333333333,0.2964049279689789,26,False,nan,nan,0.07692307692307693,0.9814814814814815
tabular,1,2026-10-02T18:05:27,nodeGcal1,3.11.9,unknown,13153035,3533,1,1,0.7762872576713562,lime,attribution,5,30,0.3070426696562384,1.0,0.5546017412743854,0.7333333333333334,0.6666666666666666,10,10,1.0,0.05286331381648779,26,False,True,21,0.7333333333333333,nan
tabular,1,2026-10-02T18:05:27,nodeGcal1,3.11.9,unknown,13153035,3533,1,1,0.7762872576713562,treeshap,attribution,5,30,0.32695331266523897,1.0,0.7635549462576612,0.5476190476190477,0.42857142857142855,10,10,1.0,0.0008356217294931412,26,False,True,18,0.9259259259259259,nan
tabular,1,2026-10-02T18:05:27,nodeGcal1,3.11.9,unknown,13153035,3533,1,1,0.7762872576713562,random,attribution,5,30,0.0,0.68,0.24890744580227597,0.15952380952380954,0.0,10,10,0.0,2.3306813091039658e-05,26,False,True,22,0.7333333333333333,nan
tabular,1,2026-10-02T18:05:27,nodeGcal1,3.11.9,unknown,13153035,3539,0,0,0.6768175363540649,pyxai,set,26,30,0.3165554304430585,1.0,0.13333333333333341,0.9428571428571428,0.8571428571428571,10,10,1.0,0.05878084106370807,26,True,nan,26,1.0,nan
tabular,1,2026-10-02T18:05:27,nodeGcal1,3.11.9,unknown,13153035,3539,0,0,0.6768175363540649,anchors,set,5,30,0.12235878917640104,0.92,0.8333333333333333,0.4218253968253968,0.25,10,10,0.42857142857142855,1.2291623912751675,26,False,nan,nan,0.14814814814814814,0.958204334365325
tabular,1,2026-10-02T18:05:27,nodeGcal1,3.11.9,unknown,13153035,3539,0,0,0.6768175363540649,lime,attribution,5,30,0.11928563641016726,0.75,0.5346918618201855,0.7333333333333333,0.6666666666666666,10,10,1.0,0.046964088920503855,26,False,True,24,0.7931034482758621,nan
tabular,1,2026-10-02T18:05:27,nodeGcal1,3.11.9,unknown,13153035,3539,0,0,0.6768175363540649,treeshap,attribution,5,30,0.21474676520200503,0.73,0.5838270337223141,0.7333333333333333,0.6666666666666666,10,10,1.0,0.0008884160779416561,26,False,True,20,0.8571428571428571,nan
tabular,1,2026-10-02T18:05:27,nodeGcal1,3.11.9,unknown,13153035,3539,0,0,0.6768175363540649,random,attribution,5,30,0.0,0.6,0.28323667661376206,0.05833333333333333,0.0,10,10,0.1111111111111111,2.2920314222574234e-05,26,False,False,27,0.7333333333333333,nan
tabular,1,2026-10-02T18:05:27,nodeGcal1,3.11.9,unknown,13153035,3541,0,0,0.5482687950134277,pyxai,set,25,30,0.17308660701007042,1.0,0.16666666666666652,0.9549857549857549,0.9230769230769231,10,10,1.0,0.05779947293922305,25,True,nan,25,1.0,nan
tabular,1,2026-10-02T18:05:27,nodeGcal1,3.11.9,unknown,13153035,3541,0,0,0.5482687950134277,anchors,set,4,30,0.2639142313944215,0.89,0.8666666666666667,0.34190476190476193,0.0,10,10,0.6,1.1769379139877856,25,False,nan,nan,0.16,0.9540942928039702
tabular,1,2026-10-02T18:05:27,nodeGcal1,3.11.9,unknown,13153035,3541,0,0,0.5482687950134277,lime,attribution,5,30,0.14633430683343146,0.77,0.49676052908912127,1.0,1.0,10,10,1.0,0.04577970411628485,25,False,True,25,0.7857142857142857,nan
tabular,1,2026-10-02T18:05:27,nodeGcal1,3.11.9,unknown,13153035,3541,0,0,0.5482687950134277,treeshap,attribution,5,30,0.08073752634146893,0.65,0.6381520749551722,0.6190476190476191,0.42857142857142855,10,10,1.0,0.0008692559786140919,25,False,False,26,0.8518518518518519,nan
tabular,1,2026-10-02T18:05:27,nodeGcal1,3.11.9,unknown,13153035,3541,0,0,0.5482687950134277,random,attribution,5,30,0.05567692900435988,0.56,0.31841753563784025,0.14444444444444446,0.0,10,10,0.1111111111111111,2.434011548757553e-05,25,False,False,27,0.7241379310344828,nan
tabular,1,2026-10-02T18:05:27,nodeGcal1,3.11.9,unknown,13153035,3555,1,1,0.6482207775115967,pyxai,set,26,30,0.17091097841538747,1.0,0.13333333333333341,0.9412698412698413,0.9259259259259259,10,10,1.0,0.060025530867278576,26,True,nan,26,1.0,nan
tabular,1,2026-10-02T18:05:27,nodeGcal1,3.11.9,unknown,13153035,3555,1,1,0.6482207775115967,anchors,set,2,30,0.17393773436048895,0.94,0.9333333333333333,0.4333333333333333,0.0,10,10,1.0,0.35709372302517295,26,False,nan,nan,0.07692307692307693,0.9577167019027484
tabular,1,2026-10-02T18:05:27,nodeGcal1,3.11.9,unknown,13153035,3555,1,1,0.6482207775115967,lime,attribution,5,30,0.25821344436127974,0.97,0.4795077843742157,0.8,0.6666666666666666,10,10,0.6666666666666666,0.07864925405010581,26,False,False,28,0.7333333333333333,nan
tabular,1,2026-10-02T18:05:27,nodeGcal1,3.11.9,unknown,13153035,3555,1,1,0.6482207775115967,treeshap,attribution,5,30,0.19656185461787862,0.97,0.6188398622058879,0.7666666666666667,0.6666666666666666,10,10,1.0,0.0008974270895123482,26,False,True,19,0.9259259259259259,nan
tabular,1,2026-10-02T18:05:27,nodeGcal1,3.11.9,unknown,13153035,3555,1,1,0.6482207775115967,random,attribution,5,30,0.129791712259111,0.69,0.28187790706043125,0.15555555555555556,0.0,10,10,0.0,2.322997897863388e-05,26,False,False,28,0.7931034482758621,nan
tabular,1,2026-10-02T18:05:27,nodeGcal1,3.11.9,unknown,13153035,3688,1,1,0.5617055892944336,pyxai,set,27,30,0.026840393146924147,1.0,0.10000000000000009,0.9219211822660099,0.8620689655172413,10,10,1.0,0.05784665001556277,27,True,nan,27,1.0,nan
tabular,1,2026-10-02T18:05:27,nodeGcal1,3.11.9,unknown,13153035,3688,1,1,0.5617055892944336,anchors,set,3,30,0.19613271892100217,0.87,0.9,0.44000000000000006,0.2,10,10,1.0,0.47554335510358214,27,False,nan,nan,0.1111111111111111,0.9502487562189055
tabular,1,2026-10-02T18:05:27,nodeGcal1,3.11.9,unknown,13153035,3688,1,1,0.5617055892944336,lime,attribution,5,30,0.05672879551640008,0.71,0.48310824424774357,0.8666666666666666,0.6666666666666666,10,10,1.0,0.044771652203053236,27,False,True,24,0.8,nan
tabular,1,2026-10-02T18:05:27,nodeGcal1,3.11.9,unknown,13153035,3688,1,1,0.5617055892944336,treeshap,attribution,5,30,0.098797774499101,0.81,0.6484776663283087,0.8666666666666668,0.6666666666666666,10,10,1.0,0.0008243820630013943,27,False,True,22,0.9285714285714286,nan
tabular,1,2026-10-02T18:05:27,nodeGcal1,3.11.9,unknown,13153035,3688,1,1,0.5617055892944336,random,attribution,5,30,0.0,0.35,0.33641906421155776,0.10555555555555556,0.0,10,10,0.1111111111111111,2.2428110241889954e-05,27,False,False,29,0.8,nan
tabular,1,2026-10-02T18:05:27,nodeGcal1,3.11.9,unknown,13153035,3697,1,1,0.5408375263214111,pyxai,set,25,30,0.006295413978876204,1.0,0.16666666666666652,0.9088319088319088,0.8518518518518519,10,10,1.0,0.05928334128111601,25,True,nan,25,1.0,nan
tabular,1,2026-10-02T18:05:27,nodeGcal1,3.11.9,unknown,13153035,3697,1,1,0.5408375263214111,anchors,set,11,30,0.08315841480279153,0.95,0.6333333333333333,0.3022058823529411,0.29411764705882354,10,10,0.5714285714285714,2.3580265110358596,25,False,nan,nan,0.44,0.9581881533101045
tabular,1,2026-10-02T18:05:27,nodeGcal1,3.11.9,unknown,13153035,3697,1,1,0.5408375263214111,lime,attribution,5,30,0.013738424298316418,0.55,0.5053608633863531,0.8333333333333333,0.6666666666666666,10,10,0.6666666666666666,0.025360375177115202,25,False,False,26,0.7857142857142857,nan
tabular,1,2026-10-02T18:05:27,nodeGcal1,3.11.9,unknown,13153035,3697,1,1,0.5408375263214111,treeshap,attribution,5,30,0.08011898721454463,0.6,0.5072349574297632,0.8333333333333333,0.6666666666666666,10,10,1.0,0.000906696543097496,25,False,True,24,0.9230769230769231,nan
tabular,1,2026-10-02T18:05:27,nodeGcal1,3.11.9,unknown,13153035,3697,1,1,0.5408375263214111,random,attribution,5,30,0.0,0.56,0.3308681239957607,0.09166666666666665,0.0,10,10,0.0,2.4229753762483597e-05,25,False,False,27,0.6666666666666666,nan
tabular,1,2026-10-02T18:05:27,nodeGcal1,3.11.9,unknown,13153035,3712,0,0,0.5375460386276245,pyxai,set,24,30,0.15659166475763334,1.0,0.20000000000000018,0.905846153846154,0.7777777777777778,10,10,1.0,0.05844529299065471,24,True,nan,24,1.0,nan
tabular,1,2026-10-02T18:05:27,nodeGcal1,3.11.9,unknown,13153035,3712,0,0,0.5375460386276245,anchors,set,5,30,0.0752627424925093,0.79,0.8333333333333333,0.5714285714285714,0.25,10,10,1.0,1.2800991241820157,24,False,nan,nan,0.20833333333333334,0.9537815126050421
tabular,1,2026-10-02T18:05:27,nodeGcal1,3.11.9,unknown,13153035,3712,0,0,0.5375460386276245,lime,attribution,5,30,0.03496291966115084,0.63,0.49397427069490385,0.9,0.6666666666666666,10,10,1.0,0.04207083582878113,24,False,False,28,0.7777777777777778,nan
tabular,1,2026-10-02T18:05:27,nodeGcal1,3.11.9,unknown,13153035,3712,0,0,0.5375460386276245,treeshap,attribution,5,30,0.11678959510678352,0.56,0.520056441925909,0.7666666666666667,0.6666666666666666,10,10,1.0,0.0008208379149436951,24,False,True,24,0.92,nan
tabular,1,2026-10-02T18:05:27,nodeGcal1,3.11.9,unknown,13153035,3712,0,0,0.5375460386276245,random,attribution,5,30,0.0,0.47,0.2162265974734887,0.06944444444444445,0.0,10,10,0.1111111111111111,2.496223896741867e-05,24,False,False,28,0.7142857142857143,nan
tabular,1,2026-10-02T18:05:27,nodeGcal1,3.11.9,unknown,13153035,3780,0,0,0.6529409289360046,pyxai,set,25,30,0.3056480464567584,1.0,0.16666666666666652,0.8687016687016687,0.7857142857142857,10,10,1.0,0.06159236328676343,25,True,nan,25,1.0,nan
tabular,1,2026-10-02T18:05:27,nodeGcal1,3.11.9,unknown,13153035,3780,0,0,0.6529409289360046,anchors,set,4,30,0.09028857556749806,0.85,0.8666666666666667,0.5904761904761905,0.14285714285714285,10,10,0.3333333333333333,1.4024187461473048,25,False,nan,nan,0.16,0.9717314487632509
tabular,1,2026-10-02T18:05:27,nodeGcal1,3.11.9,unknown,13153035,3780,0,0,0.6529409289360046,lime,attribution,5,30,0.05699075569734569,0.73,0.48927440967065816,1.0,1.0,10,10,1.0,0.06112953880801797,25,False,True,23,0.8518518518518519,nan
tabular,1,2026-10-02T18:05:27,nodeGcal1,3.11.9,unknown,13153035,3780,0,0,0.6529409289360046,treeshap,attribution,5,30,0.14814335730119346,0.83,0.5243968209568459,0.7523809523809524,0.42857142857142855,10,10,1.0,0.0008838530629873276,25,False,True,21,0.8518518518518519,nan
tabular,1,2026-10-02T18:05:27,nodeGcal1,3.11.9,unknown,13153035,3780,0,0,0.6529409289360046,random,attribution,5,30,0.015873066587697823,0.58,0.3095279851418672,0.09444444444444444,0.0,10,10,0.1111111111111111,2.3062806576490402e-05,25,False,False,28,0.7241379310344828,nan
tabular,1,2026-10-02T18:05:27,nodeGcal1,3.11.9,unknown,13153035,3812,0,0,0.6094223260879517,pyxai,set,26,30,0.25313577996187553,1.0,0.13333333333333341,0.8251231527093597,0.7931034482758621,10,10,1.0,0.05882506025955081,26,True,nan,26,1.0,nan
tabular,1,2026-10-02T18:05:27,nodeGcal1,3.11.9,unknown,13153035,3812,0,0,0.6094223260879517,anchors,set,4,30,0.31488095645616715,0.92,0.8666666666666667,0.2695238095238095,0.0,10,10,0.3333333333333333,1.0536227659322321,26,False,nan,nan,0.15384615384615385,0.9633699633699634
tabular,1,2026-10-02T18:05:27,nodeGcal1,3.11.9,unknown,13153035,3812,0,0,0.6094223260879517,lime,attribution,5,30,0.14178050371610684,0.83,0.5301562521719689,0.8,0.6666666666666666,10,10,1.0,0.049250132869929075,26,False,False,27,0.7931034482758621,nan
tabular,1,2026-10-02T18:05:27,nodeGcal1,3.11.9,unknown,13153035,3812,0,0,0.6094223260879517,treeshap,attribution,5,30,0.3082130900462716,0.87,0.6073750960280111,0.8,0.6666666666666666,10,10,1.0,0.000862151850014925,26,False,True,22,0.8571428571428571,nan
tabular,1,2026-10-02T18:05:27,nodeGcal1,3.11.9,unknown,13153035,3812,0,0,0.6094223260879517,random,attribution,5,30,0.0,0.42,0.3531325631321772,0.12222222222222223,0.0,10,10,0.1111111111111111,2.285698428750038e-05,26,False,False,29,0.7333333333333333,nan
tabular,1,2026-10-02T18:05:27,nodeGcal1,3.11.9,unknown,13153035,3837,1,1,0.5510801672935486,pyxai,set,27,30,0.008076822779636261,1.0,0.10000000000000009,0.9571428571428571,0.9285714285714286,10,10,1.0,0.06159097561612725,27,True,nan,27,1.0,nan
tabular,1,2026-10-02T18:05:27,nodeGcal1,3.11.9,unknown,13153035,3837,1,1,0.5510801672935486,anchors,set,8,30,0.07101730976418923,0.95,0.7333333333333334,0.3184149184149184,0.23076923076923078,10,10,0.3333333333333333,2.016079011373222,27,False,nan,nan,0.2962962962962963,0.9652173913043478
tabular,1,2026-10-02T18:05:27,nodeGcal1,3.11.9,unknown,13153035,3837,1,1,0.5510801672935486,lime,attribution,5,30,0.05516770101554352,0.62,0.5449172328037695,0.7333333333333334,0.6666666666666666,10,10,1.0,0.04294591909274459,27,False,False,29,0.8,nan
tabular,1,2026-10-02T18:05:27,nodeGcal1,3.11.9,unknown,13153035,3837,1,1,0.5510801672935486,treeshap,attribution,5,30,0.07215514941121666,0.89,0.5084819803227374,0.8011904761904762,0.42857142857142855,10,10,1.0,0.0008372189477086067,27,False,True,23,0.9285714285714286,nan
tabular,1,2026-10-02T18:05:27,nodeGcal1,3.11.9,unknown,13153035,3837,1,1,0.5510801672935486,random,attribution,5,30,0.0,0.3,0.3299994394909732,0.14007936507936508,0.0,10,10,0.0,2.6966910809278488e-05,27,False,False,29,0.8,nan
tabular,1,2026-10-02T18:05:27,nodeGcal1,3.11.9,unknown,13153035,3895,1,1,0.6817666292190552,pyxai,set,24,30,0.19821656411799604,1.0,0.20000000000000018,0.8774017094017094,0.7777777777777778,10,10,1.0,0.06081849569454789,24,True,nan,24,1.0,nan
tabular,1,2026-10-02T18:05:27,nodeGcal1,3.11.9,unknown,13153035,3895,1,1,0.6817666292190552,anchors,set,2,30,0.27743088783794156,0.91,0.9333333333333333,0.7999999999999999,0.3333333333333333,10,10,0.3333333333333333,0.31569429533556104,24,False,nan,nan,0.08333333333333333,0.9808612440191388
tabular,1,2026-10-02T18:05:27,nodeGcal1,3.11.9,unknown,13153035,3895,1,1,0.6817666292190552,lime,attribution,5,30,0.20188507822858703,0.91,0.5367935609395362,0.9,0.6666666666666666,10,10,0.6666666666666666,0.05844625923782587,24,False,False,26,0.6551724137931034,nan
tabular,1,2026-10-02T18:05:27,nodeGcal1,3.11.9,unknown,13153035,3895,1,1,0.6817666292190552,treeshap,attribution,5,30,0.2208688366104087,0.99,0.6651343577391211,0.5476190476190477,0.42857142857142855,10,10,1.0,0.00089648412540555,24,False,True,19,0.7777777777777778,nan
tabular,1,2026-10-02T18:05:27,nodeGcal1,3.11.9,unknown,13153035,3895,1,1,0.6817666292190552,random,attribution,5,30,0.0,0.51,0.2835371272687526,0.09166666666666666,0.0,10,10,0.1111111111111111,2.31228768825531e-05,24,False,False,25,0.6551724137931034,nan
tabular,1,2026-10-02T18:05:27,nodeGcal1,3.11.9,unknown,13153035,3913,1,1,0.5471301674842834,pyxai,set,25,30,0.0009156450678650415,1.0,0.16666666666666652,0.9544159544159545,0.8518518518518519,10,10,1.0,0.05801266338676214,25,True,nan,25,1.0,nan
tabular,1,2026-10-02T18:05:27,nodeGcal1,3.11.9,unknown,13153035,3913,1,1,0.5471301674842834,anchors,set,9,30,0.06959120396813664,1.0,0.7,0.2,0.2,10,10,0.5,2.065117677208036,25,False,nan,nan,0.3076923076923077,0.9704641350210971
tabular,1,2026-10-02T18:05:27,nodeGcal1,3.11.9,unknown,13153035,3913,1,1,0.5471301674842834,lime,attribution,5,30,0.0029773444027069106,0.48,0.5127131407695246,0.9333333333333332,0.6666666666666666,10,10,1.0,0.04002301022410393,25,False,False,26,0.7857142857142857,nan
tabular,1,2026-10-02T18:05:27,nodeGcal1,3.11.9,unknown,13153035,3913,1,1,0.5471301674842834,treeshap,attribution,5,30,0.11642625854352408,0.83,0.5641069495113672,0.9333333333333332,0.6666666666666666,10,10,1.0,0.0008992711082100868,25,False,True,22,0.9230769230769231,nan
tabular,1,2026-10-02T18:05:27,nodeGcal1,3.11.9,unknown,13153035,3913,1,1,0.5471301674842834,random,attribution,5,30,0.0,0.44,0.3041606144664005,0.04722222222222222,0.0,10,10,0.0,2.253009006381035e-05,25,False,False,28,0.6666666666666666,nan
tabular,1,2026-10-02T18:05:27,nodeGcal1,3.11.9,unknown,13153035,4014,0,0,0.5976910591125488,pyxai,set,24,30,0.22607631024477262,1.0,0.20000000000000018,0.9138461538461538,0.7142857142857143,10,10,1.0,0.05780215701088309,24,True,nan,24,1.0,nan
tabular,1,2026-10-02T18:05:27,nodeGcal1,3.11.9,unknown,13153035,4014,0,0,0.5976910591125488,anchors,set,4,30,0.22362577177053075,0.86,0.8666666666666667,0.5085714285714286,0.14285714285714285,10,10,0.6,1.2262619440443814,24,False,nan,nan,0.16666666666666666,0.9524647887323944
tabular,1,2026-10-02T18:05:27,nodeGcal1,3.11.9,unknown,13153035,4014,0,0,0.5976910591125488,lime,attribution,5,30,0.14873740375555766,0.78,0.49901307076361145,0.9333333333333332,1.0,10,10,0.6666666666666666,0.044646678026765585,24,False,False,26,0.6551724137931034,nan
tabular,1,2026-10-02T18:05:27,nodeGcal1,3.11.9,unknown,13153035,4014,0,0,0.5976910591125488,treeshap,attribution,5,30,0.10548085721876199,0.74,0.5762377857154923,0.8999999999999998,0.6666666666666666,10,10,1.0,0.000883219763636589,24,False,False,25,0.8461538461538461,nan
tabular,1,2026-10-02T18:05:27,nodeGcal1,3.11.9,unknown,13153035,4014,0,0,0.5976910591125488,random,attribution,5,30,0.08973141308501582,0.78,0.3025203301861239,0.05555555555555556,0.0,10,10,0.0,2.7270056307315826e-05,24,False,False,27,0.6551724137931034,nan
tabular,1,2026-10-02T18:05:27,nodeGcal1,3.11.9,unknown,13153035,4017,0,0,0.7297946214675903,pyxai,set,27,30,0.35826992364048055,1.0,0.10000000000000009,0.9247783251231526,0.8,10,10,1.0,0.05947928410023451,27,True,nan,27,1.0,nan
tabular,1,2026-10-02T18:05:27,nodeGcal1,3.11.9,unknown,13153035,4017,0,0,0.7297946214675903,anchors,set,4,30,0.27601311083164365,0.89,0.8666666666666667,0.36095238095238097,0.0,10,10,0.6,1.0303736021742225,27,False,nan,nan,0.14814814814814814,0.963076923076923
tabular,1,2026-10-02T18:05:27,nodeGcal1,3.11.9,unknown,13153035,4017,0,0,0.7297946214675903,lime,attribution,5,30,0.2323227802333272,0.93,0.5541962582158498,0.7333333333333334,0.6666666666666666,10,10,0.6666666666666666,0.042365582194179296,27,False,True,22,0.8,nan
tabular,1,2026-10-02T18:05:27,nodeGcal1,3.11.9,unknown,13153035,4017,0,0,0.7297946214675903,treeshap,attribution,5,30,0.28960965285469803,0.92,0.6781627233548064,0.8999999999999998,0.6666666666666666,10,10,1.0,0.0008264738135039806,27,False,True,23,0.9285714285714286,nan
tabular,1,2026-10-02T18:05:27,nodeGcal1,3.11.9,unknown,13153035,4017,0,0,0.7297946214675903,random,attribution,5,30,0.04423566239641187,0.57,0.34880199621738384,0.18333333333333335,0.0,10,10,0.0,2.198014408349991e-05,27,False,True,26,0.8,nan
tabular,1,2026-10-02T18:05:27,nodeGcal1,3.11.9,unknown,13153035,4115,1,1,0.7193965315818787,pyxai,set,28,30,0.24015592729789068,1.0,0.06666666666666687,0.9328735632183909,0.8666666666666667,10,10,1.0,0.06187866907566786,28,True,nan,28,1.0,nan
tabular,1,2026-10-02T18:05:27,nodeGcal1,3.11.9,unknown,13153035,4115,1,1,0.7193965315818787,anchors,set,2,30,0.14525301067461863,1.0,0.9333333333333333,0.8666666666666666,0.3333333333333333,10,10,0.3333333333333333,0.31433425564318895,28,False,nan,nan,0.07142857142857142,0.9861111111111112
tabular,1,2026-10-02T18:05:27,nodeGcal1,3.11.9,unknown,13153035,4115,1,1,0.7193965315818787,lime,attribution,5,30,0.16331047151942285,0.99,0.5182183494731082,0.8666666666666668,0.6666666666666666,10,10,1.0,0.042663313914090395,28,False,True,25,0.9310344827586207,nan
tabular,1,2026-10-02T18:05:27,nodeGcal1,3.11.9,unknown,13153035,4115,1,1,0.7193965315818787,treeshap,attribution,5,30,0.20152971078848445,1.0,0.6856505244503843,0.5,0.25,10,10,1.0,0.0009004175662994385,28,False,True,20,0.9310344827586207,nan
tabular,1,2026-10-02T18:05:27,nodeGcal1,3.11.9,unknown,13153035,4115,1,1,0.7193965315818787,random,attribution,5,30,0.0,0.64,0.31987152244560757,0.13611111111111113,0.0,10,10,0.0,2.4963170289993286e-05,28,False,True,26,0.8666666666666667,nan
tabular,1,2026-10-02T18:05:27,nodeGcal1,3.11.9,unknown,13153035,4135,0,0,0.5133939981460571,pyxai,set,29,30,0.11691447272028144,1.0,0.033333333333333326,1.0,1.0,10,10,1.0,0.055501069873571396,29,True,nan,29,1.0,nan
tabular,1,2026-10-02T18:05:27,nodeGcal1,3.11.9,unknown,13153035,4135,0,0,0.5133939981460571,anchors,set,6,30,0.2194332221644564,0.88,0.8,0.5742857142857144,0.09090909090909091,10,10,1.0,1.0457487991079688,29,False,nan,nan,0.20689655172413793,0.973568281938326
tabular,1,2026-10-02T18:05:27,nodeGcal1,3.11.9,unknown,13153035,4135,0,0,0.5133939981460571,lime,attribution,5,30,0.13262827048611442,0.71,0.6043780590987526,0.8999999999999998,0.6666666666666666,10,10,0.6666666666666666,0.04377457406371832,29,False,False,30,0.9333333333333333,nan
tabular,1,2026-10-02T18:05:27,nodeGcal1,3.11.9,unknown,13153035,4135,0,0,0.5133939981460571,treeshap,attribution,5,30,0.0,0.51,0.5556404931401538,0.8666666666666666,0.6666666666666666,10,10,1.0,0.0008096951059997082,29,False,True,28,1.0,nan
tabular,1,2026-10-02T18:05:27,nodeGcal1,3.11.9,unknown,13153035,4135,0,0,0.5133939981460571,random,attribution,5,30,0.14435022863420177,0.68,0.4229578805074382,0.05833333333333333,0.0,10,10,0.0,2.2406689822673798e-05,29,False,False,30,0.9333333333333333,nan
tabular,1,2026-10-02T18:05:27,nodeGcal1,3.11.9,unknown,13153035,4219,1,1,0.5830755829811096,pyxai,set,25,30,0.07921585584701481,1.0,0.16666666666666652,0.8880341880341881,0.8518518518518519,10,10,1.0,0.06280103605240583,25,True,nan,25,1.0,nan
tabular,1,2026-10-02T18:05:27,nodeGcal1,3.11.9,unknown,13153035,4219,1,1,0.5830755829811096,anchors,set,2,30,0.21987306776414953,0.93,0.9333333333333333,0.9333333333333332,0.3333333333333333,10,10,0.3333333333333333,0.3073518411256373,25,False,nan,nan,0.08,0.9781420765027322
tabular,1,2026-10-02T18:05:27,nodeGcal1,3.11.9,unknown,13153035,4219,1,1,0.5830755829811096,lime,attribution,5,30,0.08250012650289269,0.85,0.5147469723181877,0.9333333333333332,0.6666666666666666,10,10,0.6666666666666666,0.025305168237537146,25,False,False,26,0.8518518518518519,nan
tabular,1,2026-10-02T18:05:27,nodeGcal1,3.11.9,unknown,13153035,4219,1,1,0.5830755829811096,treeshap,attribution,5,30,0.16824281604128236,0.86,0.6850473512936772,0.7619047619047619,0.42857142857142855,10,10,1.0,0.0008233669213950634,25,False,True,23,0.8518518518518519,nan
tabular,1,2026-10-02T18:05:27,nodeGcal1,3.11.9,unknown,13153035,4219,1,1,0.5830755829811096,random,attribution,5,30,0.0,0.36,0.3956170674975219,0.1734126984126984,0.0,10,10,0.1111111111111111,2.188514918088913e-05,25,False,False,28,0.6666666666666666,nan
tabular,1,2026-10-02T18:05:27,nodeGcal1,3.11.9,unknown,13153035,4255,0,0,0.7712834477424622,pyxai,set,25,30,0.4121865173146592,1.0,0.16666666666666652,0.9626780626780628,0.8518518518518519,10,10,1.0,0.06218273611739278,25,True,nan,25,1.0,nan
tabular,1,2026-10-02T18:05:27,nodeGcal1,3.11.9,unknown,13153035,4255,0,0,0.7712834477424622,anchors,set,4,30,0.19245634598298345,0.84,0.8666666666666667,0.3180952380952381,0.3333333333333333,10,10,0.3333333333333333,0.9253034531138837,25,False,nan,nan,0.16,0.9775641025641025
tabular,1,2026-10-02T18:05:27,nodeGcal1,3.11.9,unknown,13153035,4255,0,0,0.7712834477424622,lime,attribution,5,30,0.1941762856212629,0.94,0.5568488335966478,0.9666666666666666,0.6666666666666666,10,10,0.42857142857142855,0.04181487578898668,25,False,True,22,0.7241379310344828,nan
tabular,1,2026-10-02T18:05:27,nodeGcal1,3.11.9,unknown,13153035,4255,0,0,0.7712834477424622,treeshap,attribution,5,30,0.29775419438146355,0.93,0.638267200520408,0.6761904761904762,0.6666666666666666,10,10,1.0,0.0008888076990842819,25,False,True,19,0.7857142857142857,nan
tabular,1,2026-10-02T18:05:27,nodeGcal1,3.11.9,unknown,13153035,4255,0,0,0.7712834477424622,random,attribution,5,30,0.13220482644923423,0.83,0.22425059312717988,0.1123015873015873,0.0,10,10,0.1111111111111111,2.2913329303264618e-05,25,False,True,21,0.8518518518518519,nan
tabular,1,2026-10-02T18:05:27,nodeGcal1,3.11.9,unknown,13153035,4298,1,1,0.5435422658920288,pyxai,set,27,30,0.0,1.0,0.10000000000000009,0.8963054187192119,0.8620689655172413,10,10,1.0,0.05792564433068037,27,True,nan,27,1.0,nan
tabular,1,2026-10-02T18:05:27,nodeGcal1,3.11.9,unknown,13153035,4298,1,1,0.5435422658920288,anchors,set,3,30,0.4507272955763524,0.99,0.9,0.6799999999999999,0.2,10,10,1.0,0.430263611022383,27,False,nan,nan,0.1111111111111111,0.9504373177842566
tabular,1,2026-10-02T18:05:27,nodeGcal1,3.11.9,unknown,13153035,4298,1,1,0.5435422658920288,lime,attribution,5,30,0.3073137710785003,0.98,0.5252078927616313,0.7666666666666667,0.6666666666666666,10,10,0.6666666666666666,0.04908735118806362,27,False,True,23,0.8,nan
tabular,1,2026-10-02T18:05:27,nodeGcal1,3.11.9,unknown,13153035,4298,1,1,0.5435422658920288,treeshap,attribution,5,30,0.17557877805394947,0.85,0.726889423853764,0.8666666666666666,0.6666666666666666,10,10,1.0,0.0009150430560112,27,False,True,24,0.9285714285714286,nan
tabular,1,2026-10-02T18:05:27,nodeGcal1,3.11.9,unknown,13153035,4298,1,1,0.5435422658920288,random,attribution,5,30,0.3201403840675082,0.96,0.3071518798752124,0.09166666666666667,0.0,10,10,0.1111111111111111,2.8245151042938232e-05,27,False,False,29,0.8,nan
tabular,1,2026-10-02T18:05:27,nodeGcal1,3.11.9,unknown,13153035,4331,1,1,0.7517027854919434,pyxai,set,26,30,0.2728120728098526,1.0,0.13333333333333341,0.9195767195767196,0.8571428571428571,10,10,1.0,0.06354464730247855,26,True,nan,26,1.0,nan
tabular,1,2026-10-02T18:05:27,nodeGcal1,3.11.9,unknown,13153035,4331,1,1,0.7517027854919434,anchors,set,2,30,0.27262073919952295,0.99,0.9333333333333333,0.5999999999999999,0.3333333333333333,10,10,0.3333333333333333,0.3063855702057481,26,False,nan,nan,0.07692307692307693,0.9651162790697675
tabular,1,2026-10-02T18:05:27,nodeGcal1,3.11.9,unknown,13153035,4331,1,1,0.7517027854919434,lime,attribution,5,30,0.28422199456368324,1.0,0.5593268410379973,0.8,0.6666666666666666,10,10,1.0,0.040837901178747416,26,False,True,25,0.7931034482758621,nan
tabular,1,2026-10-02T18:05:27,nodeGcal1,3.11.9,unknown,13153035,4331,1,1,0.7517027854919434,treeshap,attribution,5,30,0.29843341146320657,1.0,0.7158371202070248,0.8523809523809526,0.42857142857142855,10,10,1.0,0.0008956822566688061,26,False,True,18,0.9259259259259259,nan
tabular,1,2026-10-02T18:05:27,nodeGcal1,3.11.9,unknown,13153035,4331,1,1,0.7517027854919434,random,attribution,5,30,0.0,0.46,0.2792805229983921,0.09166666666666665,0.0,10,10,0.1111111111111111,2.382509410381317e-05,26,False,False,28,0.7333333333333333,nan
tabular,1,2026-10-02T18:05:27,nodeGcal1,3.11.9,unknown,13153035,4338,1,1,0.5689883828163147,pyxai,set,25,30,0.15394737986145252,1.0,0.16666666666666652,1.0,0.9230769230769231,10,10,1.0,0.0589199080131948,25,True,nan,25,1.0,nan
tabular,1,2026-10-02T18:05:27,nodeGcal1,3.11.9,unknown,13153035,4338,1,1,0.5689883828163147,anchors,set,4,30,0.18283600499935,0.87,0.8666666666666667,0.1457142857142857,0.0,10,10,0.6,0.5645607970654964,25,False,nan,nan,0.16,0.9636363636363636
tabular,1,2026-10-02T18:05:27,nodeGcal1,3.11.9,unknown,13153035,4338,1,1,0.5689883828163147,lime,attribution,5,30,0.08926967734582326,0.67,0.4990327104948692,0.9,0.6666666666666666,10,10,0.6666666666666666,0.05617568828165531,25,False,False,30,0.7857142857142857,nan
tabular,1,2026-10-02T18:05:27,nodeGcal1,3.11.9,unknown,13153035,4338,1,1,0.5689883828163147,treeshap,attribution,5,30,0.04931353217527559,0.59,0.5948677086254337,1.0,0.6666666666666666,10,10,1.0,0.0008837180212140083,25,False,True,23,0.8518518518518519,nan
tabular,1,2026-10-02T18:05:27,nodeGcal1,3.11.9,unknown,13153035,4338,1,1,0.5689883828163147,random,attribution,5,30,0.05226030351220993,0.39,0.3318988537736707,0.06944444444444445,0.0,10,10,0.0,2.3570843040943146e-05,25,False,False,29,0.7241379310344828,nan
tabular,1,2026-10-02T18:05:27,nodeGcal1,3.11.9,unknown,13153035,4425,0,0,0.5192331075668335,pyxai,set,27,30,0.12684533603878922,1.0,0.10000000000000009,0.9229064039408866,0.8620689655172413,10,10,1.0,0.05466718319803476,27,True,nan,27,1.0,nan
tabular,1,2026-10-02T18:05:27,nodeGcal1,3.11.9,unknown,13153035,4425,0,0,0.5192331075668335,anchors,set,4,30,0.24629406037179816,0.89,0.8666666666666667,0.35714285714285715,0.14285714285714285,10,10,0.6,0.9431786378845572,27,False,nan,nan,0.14814814814814814,0.9669421487603306
tabular,1,2026-10-02T18:05:27,nodeGcal1,3.11.9,unknown,13153035,4425,0,0,0.5192331075668335,lime,attribution,5,30,0.15774571056443332,0.93,0.5016114030275894,1.0,1.0,10,10,1.0,0.06441248813644052,27,False,False,29,0.8620689655172413,nan
tabular,1,2026-10-02T18:05:27,nodeGcal1,3.11.9,unknown,13153035,4425,0,0,0.5192331075668335,treeshap,attribution,5,30,0.0,0.52,0.6280295852106891,0.8,0.6666666666666666,10,10,1.0,0.0008722692728042603,27,False,True,27,0.8620689655172413,nan
tabular,1,2026-10-02T18:05:27,nodeGcal1,3.11.9,unknown,13153035,4425,0,0,0.5192331075668335,random,attribution,5,30,0.0,0.43,0.3306612752124135,0.09444444444444444,0.0,10,10,0.1111111111111111,2.20579095184803e-05,27,False,False,28,0.8,nan
tabular,1,2026-10-02T18:05:27,nodeGcal1,3.11.9,unknown,13153035,4506,0,0,0.714026927947998,pyxai,set,24,30,0.35525833381749844,1.0,0.20000000000000018,0.8285714285714286,0.7142857142857143,10,10,1.0,0.061022786889225245,24,True,nan,24,1.0,nan
tabular,1,2026-10-02T18:05:27,nodeGcal1,3.11.9,unknown,13153035,4506,0,0,0.714026927947998,anchors,set,3,30,0.20076424630849132,0.87,0.9,0.5,0.2,10,10,1.0,0.7453758544288576,24,False,nan,nan,0.125,0.9535822401614531
tabular,1,2026-10-02T18:05:27,nodeGcal1,3.11.9,unknown,13153035,4506,0,0,0.714026927947998,lime,attribution,5,30,0.20076424630849132,0.97,0.5387382253539343,1.0,0.6666666666666666,10,10,1.0,0.025337363127619028,24,False,True,24,0.7777777777777778,nan
tabular,1,2026-10-02T18:05:27,nodeGcal1,3.11.9,unknown,13153035,4506,0,0,0.714026927947998,treeshap,attribution,5,30,0.36741638802128723,0.99,0.6620057405460988,0.9666666666666666,0.6666666666666666,10,10,1.0,0.0008339490741491318,24,False,True,19,0.7777777777777778,nan
tabular,1,2026-10-02T18:05:27,nodeGcal1,3.11.9,unknown,13153035,4506,0,0,0.714026927947998,random,attribution,5,30,0.12627727769641578,0.78,0.29432133405134253,0.06944444444444445,0.0,10,10,0.0,2.459390088915825e-05,24,False,False,26,0.6,nan
tabular,1,2026-10-02T18:05:27,nodeGcal1,3.11.9,unknown,13153035,4620,1,1,0.7337905168533325,pyxai,set,26,30,0.2550609773631013,1.0,0.13333333333333341,0.8984126984126984,0.7931034482758621,10,10,1.0,0.0625819112174213,26,True,nan,26,1.0,nan
tabular,1,2026-10-02T18:05:27,nodeGcal1,3.11.9,unknown,13153035,4620,1,1,0.7337905168533325,anchors,set,2,30,0.2995068947495736,1.0,0.9333333333333333,1.0,1.0,10,10,0.3333333333333333,0.3329182481393218,26,False,nan,nan,0.07692307692307693,0.964
tabular,1,2026-10-02T18:05:27,nodeGcal1,3.11.9,unknown,13153035,4620,1,1,0.7337905168533325,lime,attribution,5,30,0.38143554500452526,1.0,0.5299651632952727,0.8333333333333333,0.6666666666666666,10,10,1.0,0.04172448115423322,26,False,False,28,0.7931034482758621,nan
tabular,1,2026-10-02T18:05:27,nodeGcal1,3.11.9,unknown,13153035,4620,1,1,0.7337905168533325,treeshap,attribution,5,30,0.3778883404887449,1.0,0.7222790629937088,0.5952380952380952,0.42857142857142855,10,10,1.0,0.0008597942069172859,26,False,True,17,0.8571428571428571,nan
tabular,1,2026-10-02T18:05:27,nodeGcal1,3.11.9,unknown,13153035,4620,1,1,0.7337905168533325,random,attribution,5,30,0.0,0.4,0.3882985496737362,0.04722222222222222,0.0,10,10,0.25,2.3350119590759277e-05,26,False,True,25,0.7333333333333333,nan
tabular,1,2026-10-02T18:05:27,nodeGcal1,3.11.9,unknown,13153035,4696,1,1,0.586988091468811,pyxai,set,25,30,0.08442311179925804,1.0,0.16666666666666652,0.917094017094017,0.8518518518518519,10,10,1.0,0.05996843287721276,25,True,nan,25,1.0,nan
tabular,1,2026-10-02T18:05:27,nodeGcal1,3.11.9,unknown,13153035,4696,1,1,0.586988091468811,anchors,set,6,30,0.05443009594003915,0.94,0.8,0.2266666666666667,0.2,10,10,0.5,1.239986629690975,25,False,nan,nan,0.24,0.9563492063492064
tabular,1,2026-10-02T18:05:27,nodeGcal1,3.11.9,unknown,13153035,4696,1,1,0.586988091468811,lime,attribution,5,30,0.002715975770169575,0.51,0.5111400428884476,0.8666666666666666,0.6666666666666666,10,10,1.0,0.04419089620932937,25,False,False,26,0.7857142857142857,nan
tabular,1,2026-10-02T18:05:27,nodeGcal1,3.11.9,unknown,13153035,4696,1,1,0.586988091468811,treeshap,attribution,5,30,0.0,0.67,0.5071091330426927,0.7095238095238096,0.42857142857142855,10,10,1.0,0.0008463491685688496,25,False,True,23,0.8518518518518519,nan
tabular,1,2026-10-02T18:05:27,nodeGcal1,3.11.9,unknown,13153035,4696,1,1,0.586988091468811,random,attribution,5,30,0.015652781582826854,0.74,0.3894698725897625,0.07777777777777777,0.0,10,10,0.1111111111111111,2.288585528731346e-05,25,False,True,24,0.7241379310344828,nan
tabular,1,2026-10-02T18:05:27,nodeGcal1,3.11.9,unknown,13153035,4772,0,0,0.6642276048660278,pyxai,set,23,30,0.30360125593486653,1.0,0.23333333333333328,0.873037037037037,0.84,10,10,1.0,0.059950062073767185,23,True,nan,23,1.0,nan
tabular,1,2026-10-02T18:05:27,nodeGcal1,3.11.9,unknown,13153035,4772,0,0,0.6642276048660278,anchors,set,5,30,0.17716165540040327,0.91,0.8333333333333333,0.3472222222222222,0.1111111111111111,10,10,0.42857142857142855,1.2155109029263258,23,False,nan,nan,0.21739130434782608,0.9506454062262718
tabular,1,2026-10-02T18:05:27,nodeGcal1,3.11.9,unknown,13153035,4772,0,0,0.6642276048660278,lime,attribution,5,30,0.1744473428937292,0.79,0.5697140640123801,1.0,1.0,10,10,1.0,0.05198509991168976,23,False,True,23,0.7692307692307693,nan
tabular,1,2026-10-02T18:05:27,nodeGcal1,3.11.9,unknown,13153035,4772,0,0,0.6642276048660278,treeshap,attribution,5,30,0.2429408402272456,0.78,0.6290754032096009,0.6666666666666667,0.6666666666666666,10,10,1.0,0.0009086127392947674,23,False,True,21,0.84,nan
tabular,1,2026-10-02T18:05:27,nodeGcal1,3.11.9,unknown,13153035,4772,0,0,0.6642276048660278,random,attribution,5,30,0.0,0.49,0.34125570599262545,0.11944444444444444,0.0,10,10,0.25,2.231542021036148e-05,23,False,False,24,0.6428571428571429,nan
tabular,1,2026-10-02T18:05:27,nodeGcal1,3.11.9,unknown,13153035,4909,1,1,0.5597830414772034,pyxai,set,28,30,0.023498123482886463,1.0,0.06666666666666687,0.9586206896551724,0.9310344827586207,10,10,1.0,0.059065605979412794,28,True,nan,28,1.0,nan
tabular,1,2026-10-02T18:05:27,nodeGcal1,3.11.9,unknown,13153035,4909,1,1,0.5597830414772034,anchors,set,6,30,0.002894394683079062,0.84,0.8,0.2906060606060606,0.09090909090909091,10,10,0.3333333333333333,1.2507622921839356,28,False,nan,nan,0.21428571428571427,0.9564102564102565
tabular,1,2026-10-02T18:05:27,nodeGcal1,3.11.9,unknown,13153035,4909,1,1,0.5597830414772034,lime,attribution,5,30,0.002894394683079062,0.53,0.5012538938785005,0.9666666666666666,0.6666666666666666,10,10,1.0,0.048191043082624674,28,False,True,27,0.9310344827586207,nan
tabular,1,2026-10-02T18:05:27,nodeGcal1,3.11.9,unknown,13153035,4909,1,1,0.5597830414772034,treeshap,attribution,5,30,0.06128252254328096,0.74,0.5463476171868196,0.8666666666666668,0.6666666666666666,10,10,1.0,0.00092320516705513,28,False,True,28,0.9310344827586207,nan
tabular,1,2026-10-02T18:05:27,nodeGcal1,3.11.9,unknown,13153035,4909,1,1,0.5597830414772034,random,attribution,5,30,0.0,0.38,0.3506882869050605,0.17896825396825394,0.0,10,10,0.1111111111111111,2.5517772883176804e-05,28,False,True,28,0.8666666666666667,nan
tabular,1,2026-10-02T18:05:27,nodeGcal1,3.11.9,unknown,13153035,4945,1,1,0.5707700848579407,pyxai,set,27,30,0.04229530428001115,1.0,0.10000000000000009,0.9290640394088671,0.9285714285714286,10,10,1.0,0.057179384864866734,27,True,nan,27,1.0,nan
tabular,1,2026-10-02T18:05:27,nodeGcal1,3.11.9,unknown,13153035,4945,1,1,0.5707700848579407,anchors,set,4,30,0.1272223291453689,0.72,0.8666666666666667,0.2914285714285714,0.0,10,10,0.6,0.5797032290138304,27,False,nan,nan,0.14814814814814814,0.966804979253112
tabular,1,2026-10-02T18:05:27,nodeGcal1,3.11.9,unknown,13153035,4945,1,1,0.5707700848579407,lime,attribution,5,30,0.1543975401665822,0.8,0.5248420719618996,0.7333333333333333,0.6666666666666666,10,10,1.0,0.045768225099891424,27,False,False,29,0.8,nan
tabular,1,2026-10-02T18:05:27,nodeGcal1,3.11.9,unknown,13153035,4945,1,1,0.5707700848579407,treeshap,attribution,5,30,0.2119893695998082,0.69,0.5775604837229129,0.7333333333333334,0.6666666666666666,10,10,1.0,0.0009140642359852791,27,False,True,25,0.8620689655172413,nan
tabular,1,2026-10-02T18:05:27,nodeGcal1,3.11.9,unknown,13153035,4945,1,1,0.5707700848579407,random,attribution,5,30,0.14082899285114045,0.59,0.2646855674407881,0.1484126984126984,0.0,10,10,0.0,2.461625263094902e-05,27,False,False,28,0.8,nan
tabular,1,2026-10-02T18:05:27,nodeGcal1,3.11.9,unknown,13153035,5002,0,0,0.661971390247345,pyxai,set,22,30,0.30881285556675164,1.0,0.2666666666666667,0.7906086956521738,0.76,10,10,1.0,0.0611775959841907,22,True,nan,22,1.0,nan
tabular,1,2026-10-02T18:05:27,nodeGcal1,3.11.9,unknown,13153035,5002,0,0,0.661971390247345,anchors,set,5,30,0.08200503924127031,0.59,0.8333333333333333,0.4976190476190476,0.25,10,10,0.42857142857142855,1.5408563981764019,22,False,nan,nan,0.22727272727272727,0.9592476489028213
tabular,1,2026-10-02T18:05:27,nodeGcal1,3.11.9,unknown,13153035,5002,0,0,0.661971390247345,lime,attribution,5,30,0.07499803935463208,0.68,0.5533049184199633,0.9,0.6666666666666666,10,10,1.0,0.044821144081652164,22,False,False,26,0.6296296296296297,nan
tabular,1,2026-10-02T18:05:27,nodeGcal1,3.11.9,unknown,13153035,5002,0,0,0.661971390247345,treeshap,attribution,5,30,0.24644182258712086,0.76,0.564822437770474,0.638095238095238,0.42857142857142855,10,10,1.0,0.0008131950162351131,22,False,True,21,0.6923076923076923,nan
tabular,1,2026-10-02T18:05:27,nodeGcal1,3.11.9,unknown,13153035,5002,0,0,0.661971390247345,random,attribution,5,30,0.0,0.35,0.3002672822401735,0.10833333333333332,0.0,10,10,0.1111111111111111,2.4256762117147446e-05,22,False,False,25,0.6923076923076923,nan
tabular,1,2026-10-02T18:05:27,nodeGcal1,3.11.9,unknown,13153035,5006,1,1,0.5943734645843506,pyxai,set,27,30,0.0803270619976149,1.0,0.10000000000000009,0.9091133004926109,0.8620689655172413,10,10,1.0,0.06168696843087673,27,True,nan,27,1.0,nan
tabular,1,2026-10-02T18:05:27,nodeGcal1,3.11.9,unknown,13153035,5006,1,1,0.5943734645843506,anchors,set,5,30,0.3022249850881454,0.96,0.8333333333333333,0.3869047619047619,0.25,10,10,0.42857142857142855,0.5689133070409298,27,False,nan,nan,0.18518518518518517,0.9504643962848297
tabular,1,2026-10-02T18:05:27,nodeGcal1,3.11.9,unknown,13153035,5006,1,1,0.5943734645843506,lime,attribution,5,30,0.06485533595696401,0.55,0.5143788205407522,1.0,1.0,10,10,1.0,0.02516864985227585,27,False,True,24,0.8620689655172413,nan
tabular,1,2026-10-02T18:05:27,nodeGcal1,3.11.9,unknown,13153035,5006,1,1,0.5943734645843506,treeshap,attribution,5,30,0.10430536429650744,0.8,0.6302637610688129,0.8,0.6666666666666666,10,10,1.0,0.0008363458327949047,27,False,True,23,0.8620689655172413,nan
tabular,1,2026-10-02T18:05:27,nodeGcal1,3.11.9,unknown,13153035,5006,1,1,0.5943734645843506,random,attribution,5,30,0.0,0.28,0.3223180574363331,0.12341269841269842,0.0,10,10,0.0,2.1738000214099884e-05,27,False,False,29,0.8,nan
tabular,1,2026-10-02T18:05:27,nodeGcal1,3.11.9,unknown,13153035,5098,1,1,0.5756411552429199,pyxai,set,26,30,0.07023505496571839,1.0,0.13333333333333341,0.962962962962963,0.9259259259259259,10,10,1.0,0.060929142870008945,26,True,nan,26,1.0,nan
tabular,1,2026-10-02T18:05:27,nodeGcal1,3.11.9,unknown,13153035,5098,1,1,0.5756411552429199,anchors,set,5,30,0.07205485471837059,0.97,0.8333333333333333,0.25,0.1111111111111111,10,10,1.0,0.9398869890719652,26,False,nan,nan,0.19230769230769232,0.9741176470588235
tabular,1,2026-10-02T18:05:27,nodeGcal1,3.11.9,unknown,13153035,5098,1,1,0.5756411552429199,lime,attribution,5,30,0.04053726908475514,0.63,0.5102109417535776,0.8666666666666666,0.6666666666666666,10,10,1.0,0.04442189773544669,26,False,True,26,0.8571428571428571,nan
tabular,1,2026-10-02T18:05:27,nodeGcal1,3.11.9,unknown,13153035,5098,1,1,0.5756411552429199,treeshap,attribution,5,30,0.07205485471837059,0.86,0.5368367553800484,0.9,0.6666666666666666,10,10,1.0,0.0008611772209405899,26,False,True,24,0.7931034482758621,nan
tabular,1,2026-10-02T18:05:27,nodeGcal1,3.11.9,unknown,13153035,5098,1,1,0.5756411552429199,random,attribution,5,30,0.016713682906079903,0.57,0.3527630820799845,0.13452380952380952,0.0,10,10,0.1111111111111111,2.2668857127428055e-05,26,False,False,29,0.7333333333333333,nan
tabular,1,2026-10-02T18:05:27,nodeGcal1,3.11.9,unknown,13153035,5100,0,0,0.537775993347168,pyxai,set,26,30,0.15695230883544747,1.0,0.13333333333333341,0.8783068783068781,0.8571428571428571,10,10,1.0,0.05771876173093915,26,True,nan,26,1.0,nan
tabular,1,2026-10-02T18:05:27,nodeGcal1,3.11.9,unknown,13153035,5100,0,0,0.537775993347168,anchors,set,8,30,0.11458268679320233,0.87,0.7333333333333334,0.5163636363636362,0.3333333333333333,10,10,0.6,1.913310896139592,26,False,nan,nan,0.3076923076923077,0.9619771863117871
tabular,1,2026-10-02T18:05:27,nodeGcal1,3.11.9,unknown,13153035,5100,0,0,0.537775993347168,lime,attribution,5,30,0.0,0.5,0.5516477651808926,0.8,0.6666666666666666,10,10,0.6666666666666666,0.04310953198000789,26,False,False,30,0.7333333333333333,nan
tabular,1,2026-10-02T18:05:27,nodeGcal1,3.11.9,unknown,13153035,5100,0,0,0.537775993347168,treeshap,attribution,5,30,0.10881879999787196,0.68,0.5484806681480985,0.8333333333333333,0.6666666666666666,10,10,1.0,0.0008598659187555313,26,False,True,24,0.9259259259259259,nan
tabular,1,2026-10-02T18:05:27,nodeGcal1,3.11.9,unknown,13153035,5100,0,0,0.537775993347168,random,attribution,5,30,0.06356557202619618,0.66,0.2629512440124191,0.11111111111111112,0.0,10,10,0.1111111111111111,2.2751279175281525e-05,26,False,True,24,0.7931034482758621,nan
tabular,1,2026-10-02T18:05:27,nodeGcal1,3.11.9,unknown,13153035,5275,0,0,0.6012016534805298,pyxai,set,27,30,0.23059547969610836,1.0,0.10000000000000009,0.8509852216748769,0.8,10,10,1.0,0.0596990087069571,27,True,nan,27,1.0,nan
tabular,1,2026-10-02T18:05:27,nodeGcal1,3.11.9,unknown,13153035,5275,0,0,0.6012016534805298,anchors,set,4,30,0.27290226828163217,0.83,0.8666666666666667,0.30380952380952386,0.14285714285714285,10,10,0.6,1.2826936841011047,27,False,nan,nan,0.14814814814814814,0.9574468085106383
tabular,1,2026-10-02T18:05:27,nodeGcal1,3.11.9,unknown,13153035,5275,0,0,0.6012016534805298,lime,attribution,5,30,0.13395581614615193,0.82,0.5213796607150187,0.7333333333333333,0.6666666666666666,10,10,1.0,0.060663055162876844,27,False,True,26,0.8620689655172413,nan
tabular,1,2026-10-02T18:05:27,nodeGcal1,3.11.9,unknown,13153035,5275,0,0,0.6012016534805298,treeshap,attribution,5,30,0.15449259355831413,0.81,0.6607506535884754,0.7,0.6666666666666666,10,10,1.0,0.0008625872433185577,27,False,True,23,0.8620689655172413,nan
tabular,1,2026-10-02T18:05:27,nodeGcal1,3.11.9,unknown,13153035,5275,0,0,0.6012016534805298,random,attribution,5,30,0.03364302150698608,0.64,0.3281832692187967,0.06944444444444445,0.0,10,10,0.1111111111111111,2.7087051421403885e-05,27,False,False,29,0.8,nan
tabular,1,2026-10-02T18:05:27,nodeGcal1,3.11.9,unknown,13153035,5553,1,1,0.5004834532737732,pyxai,set,26,30,0.0,1.0,0.13333333333333341,0.9795918367346939,0.8571428571428571,7,5,1.0,0.05743155675008893,26,True,nan,26,1.0,nan
tabular,1,2026-10-02T18:05:27,nodeGcal1,3.11.9,unknown,13153035,5553,1,1,0.5004834532737732,anchors,set,7,30,0.0009013044261693169,0.75,0.7666666666666666,0.3236363636363636,0.2727272727272727,5,7,0.4,1.455288995988667,26,False,nan,nan,0.2692307692307692,0.9620253164556962
tabular,1,2026-10-02T18:05:27,nodeGcal1,3.11.9,unknown,13153035,5553,1,1,0.5004834532737732,lime,attribution,5,30,0.0,0.3,0.4862071842595862,0.7916666666666666,0.6666666666666666,8,10,1.0,0.06983421882614493,26,False,False,29,0.8571428571428571,nan
tabular,1,2026-10-02T18:05:27,nodeGcal1,3.11.9,unknown,13153035,5553,1,1,0.5004834532737732,treeshap,attribution,5,30,0.0037627792474655875,0.44,0.5114253889883555,0.7142857142857143,0.42857142857142855,7,7,1.0,0.0009048478677868843,26,False,False,27,0.8571428571428571,nan
tabular,1,2026-10-02T18:05:27,nodeGcal1,3.11.9,unknown,13153035,5553,1,1,0.5004834532737732,random,attribution,5,30,0.0,0.33,0.29828107632214695,0.06666666666666667,0.0,5,5,0.25,2.302182838320732e-05,26,False,False,30,0.7333333333333333,nan
tabular,1,2026-10-02T18:05:27,nodeGcal1,3.11.9,unknown,13153035,5604,0,0,0.5037165284156799,pyxai,set,28,30,0.0816913011431481,1.0,0.06666666666666687,0.9319540229885058,0.8666666666666667,10,10,1.0,0.055394773837178946,28,True,nan,28,1.0,nan
tabular,1,2026-10-02T18:05:27,nodeGcal1,3.11.9,unknown,13153035,5604,0,0,0.5037165284156799,anchors,set,13,30,0.04732408539099873,0.81,0.5666666666666667,0.4617397660818714,0.3,10,10,0.7333333333333333,3.173540730960667,28,False,nan,nan,0.41379310344827586,0.9882352941176471
tabular,1,2026-10-02T18:05:27,nodeGcal1,3.11.9,unknown,13153035,5604,0,0,0.5037165284156799,lime,attribution,5,30,0.0,0.45,0.5372990850177815,0.9666666666666666,1.0,10,10,1.0,0.06001789914444089,28,False,False,30,0.8666666666666667,nan
tabular,1,2026-10-02T18:05:27,nodeGcal1,3.11.9,unknown,13153035,5604,0,0,0.5037165284156799,treeshap,attribution,5,30,0.03169627690862613,0.34,0.5251861867205475,0.819047619047619,0.42857142857142855,10,10,1.0,0.0008361958898603916,28,False,False,30,0.8666666666666667,nan
tabular,1,2026-10-02T18:05:27,nodeGcal1,3.11.9,unknown,13153035,5604,0,0,0.5037165284156799,random,attribution,5,30,0.0,0.36,0.3150075846343028,0.09166666666666667,0.0,10,10,0.1111111111111111,2.309400588274002e-05,28,False,False,30,0.8666666666666667,nan
tabular,1,2026-10-02T18:05:27,nodeGcal1,3.11.9,unknown,13153035,5653,0,0,0.5705853700637817,pyxai,set,25,30,0.20542861184054795,1.0,0.16666666666666652,0.8071428571428572,0.7857142857142857,10,10,1.0,0.05910764681175351,25,True,nan,25,1.0,nan
tabular,1,2026-10-02T18:05:27,nodeGcal1,3.11.9,unknown,13153035,5653,0,0,0.5705853700637817,anchors,set,5,30,0.17387651347552877,0.83,0.8333333333333333,0.505952380952381,0.42857142857142855,10,10,0.6666666666666666,1.4387563141062856,25,False,nan,nan,0.2,0.961439588688946
tabular,1,2026-10-02T18:05:27,nodeGcal1,3.11.9,unknown,13153035,5653,0,0,0.5705853700637817,lime,attribution,5,30,0.0855665103980702,0.67,0.5063236743486363,0.8666666666666666,0.6666666666666666,10,10,1.0,0.05688826320692897,25,False,False,26,0.7857142857142857,nan
tabular,1,2026-10-02T18:05:27,nodeGcal1,3.11.9,unknown,13153035,5653,0,0,0.5705853700637817,treeshap,attribution,5,30,0.251415933881231,0.81,0.5182937699802654,0.7333333333333334,0.6666666666666666,10,10,1.0,0.0009087552316486835,25,False,True,23,0.7857142857142857,nan
tabular,1,2026-10-02T18:05:27,nodeGcal1,3.11.9,unknown,13153035,5653,0,0,0.5705853700637817,random,attribution,5,30,0.0,0.62,0.349978001540049,0.11507936507936507,0.0,10,10,0.0,2.4082139134407043e-05,25,False,True,25,0.7241379310344828,nan
tabular,1,2026-10-02T18:05:27,nodeGcal1,3.11.9,unknown,13153035,5726,1,1,0.5583451390266418,pyxai,set,28,30,0.037454268636047894,1.0,0.06666666666666687,0.9310344827586207,0.9310344827586207,10,10,1.0,0.06174888974055648,28,True,nan,28,1.0,nan
tabular,1,2026-10-02T18:05:27,nodeGcal1,3.11.9,unknown,13153035,5726,1,1,0.5583451390266418,anchors,set,6,30,0.0993930382748738,0.95,0.8,0.23000000000000004,0.09090909090909091,10,10,0.2,1.484015526715666,28,False,nan,nan,0.21428571428571427,0.9514563106796117
tabular,1,2026-10-02T18:05:27,nodeGcal1,3.11.9,unknown,13153035,5726,1,1,0.5583451390266418,lime,attribution,5,30,0.0073765860327172405,0.53,0.5127225750851316,0.7666666666666667,0.6666666666666666,10,10,1.0,0.04326682770624757,28,False,True,27,0.8666666666666667,nan
tabular,1,2026-10-02T18:05:27,nodeGcal1,3.11.9,unknown,13153035,5726,1,1,0.5583451390266418,treeshap,attribution,5,30,0.036296539612533874,0.52,0.5854335905386318,1.0,1.0,10,10,1.0,0.0008694012649357319,28,False,True,23,0.9310344827586207,nan
tabular,1,2026-10-02T18:05:27,nodeGcal1,3.11.9,unknown,13153035,5726,1,1,0.5583451390266418,random,attribution,5,30,0.03117498980782125,0.65,0.3462902284778405,0.14444444444444446,0.0,10,10,0.0,2.2927764803171158e-05,28,False,True,28,0.8666666666666667,nan
tabular,1,2026-10-02T18:05:27,nodeGcal1,3.11.9,unknown,13153035,5799,0,0,0.64037024974823,pyxai,set,26,30,0.30002029109342,1.0,0.13333333333333341,0.8146469622331691,0.7333333333333333,10,10,1.0,0.06222078017890453,26,True,nan,26,1.0,nan
tabular,1,2026-10-02T18:05:27,nodeGcal1,3.11.9,unknown,13153035,5799,0,0,0.64037024974823,anchors,set,4,30,0.2327923616133467,0.85,0.8666666666666667,0.6799999999999999,0.3333333333333333,10,10,1.0,1.1178716369904578,26,False,nan,nan,0.15384615384615385,0.9666666666666667
tabular,1,2026-10-02T18:05:27,nodeGcal1,3.11.9,unknown,13153035,5799,0,0,0.64037024974823,lime,attribution,5,30,0.17432664751112986,0.79,0.509040233635381,0.6190476190476191,0.42857142857142855,10,10,0.6666666666666666,0.024685299023985863,26,False,True,24,0.7333333333333333,nan
tabular,1,2026-10-02T18:05:27,nodeGcal1,3.11.9,unknown,13153035,5799,0,0,0.64037024974823,treeshap,attribution,5,30,0.2327923616133467,0.84,0.5396215360106678,0.8,0.6666666666666666,10,10,1.0,0.0008131181821227074,26,False,True,23,0.7931034482758621,nan
tabular,1,2026-10-02T18:05:27,nodeGcal1,3.11.9,unknown,13153035,5799,0,0,0.64037024974823,random,attribution,5,30,0.011988871545278458,0.44,0.256361726206666,0.06944444444444445,0.0,10,10,0.0,2.2189226001501083e-05,26,False,True,25,0.7931034482758621,nan
tabular,1,2026-10-02T18:05:27,nodeGcal1,3.11.9,unknown,13153035,5807,1,1,0.5659075379371643,pyxai,set,27,30,0.03406624969600351,1.0,0.10000000000000009,0.9571428571428571,0.9285714285714286,10,10,1.0,0.06077271979302168,27,True,nan,27,1.0,nan
tabular,1,2026-10-02T18:05:27,nodeGcal1,3.11.9,unknown,13153035,5807,1,1,0.5659075379371643,anchors,set,5,30,0.041273270543027,0.87,0.8333333333333333,0.27182539682539686,0.1111111111111111,10,10,0.6666666666666666,1.4986354522407055,27,False,nan,nan,0.14285714285714285,0.9559322033898305
tabular,1,2026-10-02T18:05:27,nodeGcal1,3.11.9,unknown,13153035,5807,1,1,0.5659075379371643,lime,attribution,5,30,0.012933056101874452,0.58,0.5406291233046461,0.7666666666666667,0.6666666666666666,10,10,1.0,0.040431351866573095,27,False,True,23,0.8620689655172413,nan
tabular,1,2026-10-02T18:05:27,nodeGcal1,3.11.9,unknown,13153035,5807,1,1,0.5659075379371643,treeshap,attribution,5,30,0.0,0.8,0.5451234900061741,0.6761904761904762,0.42857142857142855,10,10,1.0,0.0008554370142519474,27,False,True,22,0.9285714285714286,nan
tabular,1,2026-10-02T18:05:27,nodeGcal1,3.11.9,unknown,13153035,5807,1,1,0.5659075379371643,random,attribution,5,30,0.030875194971158117,0.59,0.42214884197864366,0.09444444444444444,0.0,10,10,0.1111111111111111,2.6211142539978027e-05,27,False,True,26,0.8,nan
tabular,1,2026-10-02T18:05:27,nodeGcal1,3.11.9,unknown,13153035,5818,0,0,0.5567581057548523,pyxai,set,24,30,0.18471764510535496,1.0,0.20000000000000018,0.8284444444444444,0.7142857142857143,10,10,1.0,0.057729850988835096,24,True,nan,24,1.0,nan
tabular,1,2026-10-02T18:05:27,nodeGcal1,3.11.9,unknown,13153035,5818,0,0,0.5567581057548523,anchors,set,4,30,0.09900778847666021,0.94,0.8666666666666667,0.5066666666666666,0.14285714285714285,10,10,1.0,1.1655318117700517,24,False,nan,nan,0.16666666666666666,0.9529269764634882
tabular,1,2026-10-02T18:05:27,nodeGcal1,3.11.9,unknown,13153035,5818,0,0,0.5567581057548523,lime,attribution,5,30,0.0,0.37,0.5457347707829674,0.7095238095238096,0.42857142857142855,10,10,1.0,0.05451872106641531,24,False,False,30,0.7777777777777778,nan
tabular,1,2026-10-02T18:05:27,nodeGcal1,3.11.9,unknown,13153035,5818,0,0,0.5567581057548523,treeshap,attribution,5,30,0.13946138312237288,0.64,0.6342716966328057,0.9333333333333332,0.6666666666666666,10,10,1.0,0.0017210948280990124,24,False,True,24,0.92,nan
tabular,1,2026-10-02T18:05:27,nodeGcal1,3.11.9,unknown,13153035,5818,0,0,0.5567581057548523,random,attribution,5,30,0.12553213834585308,0.66,0.35328034034357425,0.061111111111111116,0.0,10,10,0.0,2.5171320885419846e-05,24,False,False,30,0.6551724137931034,nan
tabular,1,2026-10-02T18:05:27,nodeGcal1,3.11.9,unknown,13153035,5878,0,0,0.5201724767684937,pyxai,set,26,30,0.12842214880040737,1.0,0.13333333333333341,0.9259259259259259,0.9259259259259259,10,10,1.0,0.05675131408497691,26,True,nan,26,1.0,nan
tabular,1,2026-10-02T18:05:27,nodeGcal1,3.11.9,unknown,13153035,5878,0,0,0.5201724767684937,anchors,set,7,30,0.09682130700353819,0.91,0.7666666666666666,0.5322222222222223,0.4,10,10,0.75,1.5200256281532347,26,False,nan,nan,0.2692307692307692,0.9504950495049505
tabular,1,2026-10-02T18:05:27,nodeGcal1,3.11.9,unknown,13153035,5878,0,0,0.5201724767684937,lime,attribution,5,30,0.11297981012131711,0.81,0.4956423180333793,1.0,1.0,10,10,1.0,0.045677811838686466,26,False,False,30,0.7931034482758621,nan
tabular,1,2026-10-02T18:05:27,nodeGcal1,3.11.9,unknown,13153035,5878,0,0,0.5201724767684937,treeshap,attribution,5,30,0.05319405902065831,0.52,0.6561190226417453,0.6035714285714286,0.25,10,10,1.0,0.000856578815728426,26,False,True,26,0.8571428571428571,nan
tabular,1,2026-10-02T18:05:27,nodeGcal1,3.11.9,unknown,13153035,5878,0,0,0.5201724767684937,random,attribution,5,30,0.14599143856924782,0.64,0.2626790659817301,0.09166666666666667,0.0,10,10,0.0,2.4828128516674042e-05,26,False,False,30,0.7333333333333333,nan
tabular,1,2026-10-02T18:05:27,nodeGcal1,3.11.9,unknown,13153035,5929,0,0,0.5418219566345215,pyxai,set,26,30,0.1462744096321075,1.0,0.13333333333333341,0.9190476190476191,0.8571428571428571,10,10,1.0,0.05794445192441344,26,True,nan,26,1.0,nan
tabular,1,2026-10-02T18:05:27,nodeGcal1,3.11.9,unknown,13153035,5929,0,0,0.5418219566345215,anchors,set,6,30,0.18162112783523118,0.64,0.8,0.4033333333333333,0.2,10,10,0.3333333333333333,2.5497061610221863,26,False,nan,nan,0.23076923076923078,0.9728682170542635
tabular,1,2026-10-02T18:05:27,nodeGcal1,3.11.9,unknown,13153035,5929,0,0,0.5418219566345215,lime,attribution,5,30,0.0,0.47,0.5310308399711526,0.7333333333333333,0.6666666666666666,10,10,0.6666666666666666,0.05960586620494723,26,False,False,29,0.7333333333333333,nan
tabular,1,2026-10-02T18:05:27,nodeGcal1,3.11.9,unknown,13153035,5929,0,0,0.5418219566345215,treeshap,attribution,5,30,0.07944147716721979,0.72,0.5166946155556573,0.6285714285714286,0.42857142857142855,10,10,1.0,0.0008387579582631588,26,False,True,24,0.8571428571428571,nan
tabular,1,2026-10-02T18:05:27,nodeGcal1,3.11.9,unknown,13153035,5929,0,0,0.5418219566345215,random,attribution,5,30,0.14845553440472137,0.63,0.24682254282276728,0.06944444444444445,0.0,10,10,0.25,2.2500287741422653e-05,26,False,False,28,0.7333333333333333,nan
tabular,1,2026-10-02T18:05:27,nodeGcal1,3.11.9,unknown,13153035,6114,1,1,0.5172598958015442,pyxai,set,27,30,0.0,1.0,0.10000000000000009,1.0,0.9285714285714286,10,7,1.0,0.05830351077020168,27,True,nan,27,1.0,nan
tabular,1,2026-10-02T18:05:27,nodeGcal1,3.11.9,unknown,13153035,6114,1,1,0.5172598958015442,anchors,set,7,30,0.0,0.82,0.7666666666666666,0.378277972027972,0.07692307692307693,8,8,0.4,1.487242802977562,27,False,nan,nan,0.25925925925925924,0.9509043927648578
tabular,1,2026-10-02T18:05:27,nodeGcal1,3.11.9,unknown,13153035,6114,1,1,0.5172598958015442,lime,attribution,5,30,0.0,0.51,0.5624007853838107,0.6666666666666666,0.42857142857142855,5,6,0.6666666666666666,0.02486324403434992,27,False,False,28,0.8620689655172413,nan
tabular,1,2026-10-02T18:05:27,nodeGcal1,3.11.9,unknown,13153035,6114,1,1,0.5172598958015442,treeshap,attribution,5,30,0.0,0.58,0.5076284345219932,0.9444444444444443,0.6666666666666666,6,10,1.0,0.000830488745123148,27,False,True,23,0.9285714285714286,nan
tabular,1,2026-10-02T18:05:27,nodeGcal1,3.11.9,unknown,13153035,6114,1,1,0.5172598958015442,random,attribution,5,30,0.012047801261577742,0.52,0.2851984308581943,0.07407407407407408,0.0,9,10,0.1111111111111111,2.226606011390686e-05,27,False,True,27,0.8,nan
tabular,1,2026-10-02T18:05:27,nodeGcal1,3.11.9,unknown,13153035,6177,1,1,0.5433582663536072,pyxai,set,27,30,0.0,1.0,0.10000000000000009,0.9571428571428571,0.9285714285714286,10,10,1.0,0.057379616890102625,27,True,nan,27,1.0,nan
tabular,1,2026-10-02T18:05:27,nodeGcal1,3.11.9,unknown,13153035,6177,1,1,0.5433582663536072,anchors,set,2,30,0.17763186401462303,0.9,0.9333333333333333,0.5333333333333332,0.3333333333333333,10,10,0.3333333333333333,0.30571225844323635,27,False,nan,nan,0.07407407407407407,0.9551282051282052
tabular,1,2026-10-02T18:05:27,nodeGcal1,3.11.9,unknown,13153035,6177,1,1,0.5433582663536072,lime,attribution,5,30,0.11440462244621814,0.94,0.5289427627641003,1.0,1.0,10,10,1.0,0.04080267110839486,27,False,False,28,0.8620689655172413,nan
tabular,1,2026-10-02T18:05:27,nodeGcal1,3.11.9,unknown,13153035,6177,1,1,0.5433582663536072,treeshap,attribution,5,30,0.01785183235833019,0.55,0.6611287763213243,0.6523809523809524,0.42857142857142855,10,10,1.0,0.0008445330895483494,27,False,True,23,0.8620689655172413,nan
tabular,1,2026-10-02T18:05:27,nodeGcal1,3.11.9,unknown,13153035,6177,1,1,0.5433582663536072,random,attribution,5,30,0.0,0.65,0.2939218647478702,0.07777777777777777,0.0,10,10,0.1111111111111111,2.2495165467262268e-05,27,False,True,27,0.9285714285714286,nan
tabular,1,2026-10-02T18:05:27,nodeGcal1,3.11.9,unknown,13153035,6183,0,0,0.5839787721633911,pyxai,set,24,30,0.20790396526147692,1.0,0.20000000000000018,0.8940170940170941,0.7777777777777778,10,10,1.0,0.058096147142350674,24,True,nan,24,1.0,nan
tabular,1,2026-10-02T18:05:27,nodeGcal1,3.11.9,unknown,13153035,6183,0,0,0.5839787721633911,anchors,set,13,30,0.14202159767076178,0.81,0.5666666666666667,0.5699836601307189,0.3684210526315789,10,10,0.7333333333333333,8.815078507177532,24,False,nan,nan,0.32142857142857145,0.8513816280806572
tabular,1,2026-10-02T18:05:27,nodeGcal1,3.11.9,unknown,13153035,6183,0,0,0.5839787721633911,lime,attribution,5,30,0.17982609508633698,0.46,0.5452980317282283,0.7333333333333334,0.6666666666666666,10,10,0.6666666666666666,0.06322813592851162,24,False,False,30,0.7777777777777778,nan
tabular,1,2026-10-02T18:05:27,nodeGcal1,3.11.9,unknown,13153035,6183,0,0,0.5839787721633911,treeshap,attribution,5,30,0.17621773959947898,0.77,0.6076034620108615,0.7,0.42857142857142855,10,10,1.0,0.0008758693002164364,24,False,True,22,0.8461538461538461,nan
tabular,1,2026-10-02T18:05:27,nodeGcal1,3.11.9,unknown,13153035,6183,0,0,0.5839787721633911,random,attribution,5,30,0.0,0.57,0.3396616678697536,0.1373015873015873,0.0,10,10,0.25,2.4050939828157425e-05,24,False,False,28,0.6551724137931034,nan
tabular,1,2026-10-02T18:05:27,nodeGcal1,3.11.9,unknown,13153035,6185,1,1,0.703852653503418,pyxai,set,27,30,0.2237957341238925,1.0,0.10000000000000009,0.8620689655172413,0.8620689655172413,10,10,1.0,0.06495097884908319,27,True,nan,27,1.0,nan
tabular,1,2026-10-02T18:05:27,nodeGcal1,3.11.9,unknown,13153035,6185,1,1,0.703852653503418,anchors,set,2,30,0.20120973642457146,0.94,0.9333333333333333,0.5999999999999999,0.3333333333333333,10,10,0.3333333333333333,0.31329691503196955,27,False,nan,nan,0.07407407407407407,0.9627118644067797
tabular,1,2026-10-02T18:05:27,nodeGcal1,3.11.9,unknown,13153035,6185,1,1,0.703852653503418,lime,attribution,5,30,0.2116268123943998,0.93,0.5404227940147449,0.9,0.6666666666666666,10,10,1.0,0.043536193668842316,27,False,True,18,0.8620689655172413,nan
tabular,1,2026-10-02T18:05:27,nodeGcal1,3.11.9,unknown,13153035,6185,1,1,0.703852653503418,treeshap,attribution,5,30,0.22671976768291277,1.0,0.6722927982680236,0.7,0.42857142857142855,10,10,1.0,0.0017147562466561794,27,False,True,19,0.8620689655172413,nan
tabular,1,2026-10-02T18:05:27,nodeGcal1,3.11.9,unknown,13153035,6185,1,1,0.703852653503418,random,attribution,5,30,0.20199788494708304,0.87,0.34943344633311846,0.06666666666666667,0.0,10,10,0.1111111111111111,2.693571150302887e-05,27,False,True,25,0.8,nan
tabular,1,2026-10-02T18:05:27,nodeGcal1,3.11.9,unknown,13153035,6215,0,0,0.7990497350692749,pyxai,set,29,30,0.4326125275346622,1.0,0.033333333333333326,1.0,1.0,10,10,1.0,0.06523154024034739,29,True,nan,29,1.0,nan
tabular,1,2026-10-02T18:05:27,nodeGcal1,3.11.9,unknown,13153035,6215,0,0,0.7990497350692749,anchors,set,4,30,0.22442966977799958,0.96,0.8666666666666667,0.5542857142857143,0.14285714285714285,10,10,1.0,0.8748885593377054,29,False,nan,nan,0.13793103448275862,0.9725085910652921
tabular,1,2026-10-02T18:05:27,nodeGcal1,3.11.9,unknown,13153035,6215,0,0,0.7990497350692749,lime,attribution,5,30,0.17344394192675874,0.93,0.517569799330283,0.9333333333333332,0.6666666666666666,10,10,0.6666666666666666,0.05436102906242013,29,False,True,23,0.9333333333333333,nan
tabular,1,2026-10-02T18:05:27,nodeGcal1,3.11.9,unknown,13153035,6215,0,0,0.7990497350692749,treeshap,attribution,5,30,0.3609050689140471,0.87,0.6370040744126321,1.0,0.6666666666666666,10,10,1.0,0.0008461931720376015,29,False,True,21,0.9333333333333333,nan
tabular,1,2026-10-02T18:05:27,nodeGcal1,3.11.9,unknown,13153035,6215,0,0,0.7990497350692749,random,attribution,5,30,0.09826590371502547,0.74,0.26903465390718206,0.08055555555555556,0.0,10,10,0.0,2.56500206887722e-05,29,False,True,25,0.9333333333333333,nan
tabular,1,2026-10-02T18:05:27,nodeGcal1,3.11.9,unknown,13153035,6272,0,0,0.7401699423789978,pyxai,set,24,30,0.38747741079857445,1.0,0.20000000000000018,0.8965517241379309,0.6551724137931034,10,10,1.0,0.06149402214214206,24,True,nan,24,1.0,nan
tabular,1,2026-10-02T18:05:27,nodeGcal1,3.11.9,unknown,13153035,6272,0,0,0.7401699423789978,anchors,set,3,30,0.18862970668927043,0.85,0.9,0.95,0.5,10,10,0.5,0.7644003019668162,24,False,nan,nan,0.125,0.9641693811074918
tabular,1,2026-10-02T18:05:27,nodeGcal1,3.11.9,unknown,13153035,6272,0,0,0.7401699423789978,lime,attribution,5,30,0.3552561763009814,0.99,0.5158553229866812,0.6666666666666667,0.6666666666666666,10,10,1.0,0.05564606282860041,24,False,True,22,0.7777777777777778,nan
tabular,1,2026-10-02T18:05:27,nodeGcal1,3.11.9,unknown,13153035,6272,0,0,0.7401699423789978,treeshap,attribution,5,30,0.3863396261118244,0.99,0.6583864864596114,1.0,0.6666666666666666,10,10,1.0,0.0008574328385293484,24,False,True,17,0.92,nan
tabular,1,2026-10-02T18:05:27,nodeGcal1,3.11.9,unknown,13153035,6272,0,0,0.7401699423789978,random,attribution,5,30,0.0,0.57,0.3571240544085216,0.10555555555555554,0.0,10,10,0.0,2.2436026483774185e-05,24,False,True,22,0.7777777777777778,nan
tabular,1,2026-10-02T18:05:27,nodeGcal1,3.11.9,unknown,13153035,6322,0,0,0.5595297813415527,pyxai,set,27,30,0.18972890331586587,1.0,0.10000000000000009,0.95,0.9285714285714286,10,10,1.0,0.05722504388540983,27,True,nan,27,1.0,nan
tabular,1,2026-10-02T18:05:27,nodeGcal1,3.11.9,unknown,13153035,6322,0,0,0.5595297813415527,anchors,set,5,30,0.17974088965663587,0.93,0.8333333333333333,0.4480158730158729,0.1111111111111111,10,10,0.42857142857142855,0.7914285073056817,27,False,nan,nan,0.18518518518518517,0.9696601941747572
tabular,1,2026-10-02T18:05:27,nodeGcal1,3.11.9,unknown,13153035,6322,0,0,0.5595297813415527,lime,attribution,5,30,0.17974088965663587,0.88,0.5737608715429163,0.9,0.6666666666666666,10,10,1.0,0.05191717203706503,27,False,True,27,0.8620689655172413,nan
tabular,1,2026-10-02T18:05:27,nodeGcal1,3.11.9,unknown,13153035,6322,0,0,0.5595297813415527,treeshap,attribution,5,30,0.10199212727934352,0.76,0.6470315271409782,0.8666666666666666,0.6666666666666666,10,10,1.0,0.0008495720103383064,27,False,True,25,0.8620689655172413,nan
tabular,1,2026-10-02T18:05:27,nodeGcal1,3.11.9,unknown,13153035,6322,0,0,0.5595297813415527,random,attribution,5,30,0.02010961131531022,0.51,0.25983679660092707,0.1373015873015873,0.0,10,10,0.0,2.5027897208929062e-05,27,False,False,30,0.8620689655172413,nan
tabular,1,2026-10-02T18:05:27,nodeGcal1,3.11.9,unknown,13153035,6350,0,0,0.5119308829307556,pyxai,set,24,30,0.14157374014338484,1.0,0.20000000000000018,0.8356434676434678,0.7142857142857143,10,10,1.0,0.055461585987359285,24,True,nan,24,1.0,nan
tabular,1,2026-10-02T18:05:27,nodeGcal1,3.11.9,unknown,13153035,6350,0,0,0.5119308829307556,anchors,set,8,30,0.20555247983559938,0.93,0.7333333333333334,0.6565656565656565,0.23076923076923078,10,10,0.7777777777777778,1.5419843727722764,24,False,nan,nan,0.3333333333333333,0.9649122807017544
tabular,1,2026-10-02T18:05:27,nodeGcal1,3.11.9,unknown,13153035,6350,0,0,0.5119308829307556,lime,attribution,5,30,0.072674857590285,0.72,0.5323221703201704,0.7,0.6666666666666666,10,10,0.6666666666666666,0.06481741415336728,24,False,False,28,0.7142857142857143,nan
tabular,1,2026-10-02T18:05:27,nodeGcal1,3.11.9,unknown,13153035,6350,0,0,0.5119308829307556,treeshap,attribution,5,30,0.15332361134154754,0.62,0.547917616165406,0.8,0.42857142857142855,10,10,1.0,0.0008366457186639309,24,False,False,28,0.7777777777777778,nan
tabular,1,2026-10-02T18:05:27,nodeGcal1,3.11.9,unknown,13153035,6350,0,0,0.5119308829307556,random,attribution,5,30,0.02787510442408842,0.47,0.35058423502927216,0.09166666666666667,0.0,10,10,0.25,2.2714026272296906e-05,24,False,False,30,0.7142857142857143,nan
tabular,1,2026-10-02T18:05:27,nodeGcal1,3.11.9,unknown,13153035,6440,0,0,0.6356635093688965,pyxai,set,25,30,0.2867754670939469,1.0,0.16666666666666652,0.8874643874643875,0.8518518518518519,10,10,1.0,0.06072273710742593,25,True,nan,25,1.0,nan
tabular,1,2026-10-02T18:05:27,nodeGcal1,3.11.9,unknown,13153035,6440,0,0,0.6356635093688965,anchors,set,4,30,0.20084327082409723,0.91,0.8666666666666667,0.36380952380952386,0.14285714285714285,10,10,1.0,1.2038177088834345,25,False,nan,nan,0.16,0.9864864864864865
tabular,1,2026-10-02T18:05:27,nodeGcal1,3.11.9,unknown,13153035,6440,0,0,0.6356635093688965,lime,attribution,5,30,0.10046692516519977,0.74,0.5385610543291783,0.8666666666666668,0.6666666666666666,10,10,0.6666666666666666,0.04150592628866434,25,False,True,24,0.7241379310344828,nan
tabular,1,2026-10-02T18:05:27,nodeGcal1,3.11.9,unknown,13153035,6440,0,0,0.6356635093688965,treeshap,attribution,5,30,0.11546186546524109,0.72,0.5713201597542086,0.7,0.42857142857142855,10,10,1.0,0.0009007928892970085,25,False,True,23,0.8518518518518519,nan
tabular,1,2026-10-02T18:05:27,nodeGcal1,3.11.9,unknown,13153035,6440,0,0,0.6356635093688965,random,attribution,5,30,0.10121744107456175,0.67,0.33832803948332935,0.08333333333333333,0.0,10,10,0.1111111111111111,2.8605107218027115e-05,25,False,False,26,0.6666666666666666,nan
tabular,1,2026-10-02T18:05:27,nodeGcal1,3.11.9,unknown,13153035,6487,1,1,0.6178715229034424,pyxai,set,26,30,0.11847285070928841,1.0,0.13333333333333341,0.9269841269841269,0.9259259259259259,10,10,1.0,0.060079734306782484,26,True,nan,26,1.0,nan
tabular,1,2026-10-02T18:05:27,nodeGcal1,3.11.9,unknown,13153035,6487,1,1,0.6178715229034424,anchors,set,4,30,0.3183553723440995,0.92,0.8666666666666667,0.28380952380952384,0.14285714285714285,10,10,0.3333333333333333,0.6073523829691112,26,False,nan,nan,0.15384615384615385,0.96875
tabular,1,2026-10-02T18:05:27,nodeGcal1,3.11.9,unknown,13153035,6487,1,1,0.6178715229034424,lime,attribution,5,30,0.17131139349136287,0.86,0.5408820501295752,0.8333333333333334,0.6666666666666666,10,10,1.0,0.04075581580400467,26,False,True,23,0.8571428571428571,nan
tabular,1,2026-10-02T18:05:27,nodeGcal1,3.11.9,unknown,13153035,6487,1,1,0.6178715229034424,treeshap,attribution,5,30,0.2950115877001367,0.92,0.6477865354235894,0.5904761904761904,0.42857142857142855,10,10,1.0,0.0008949120528995991,26,False,True,22,0.8571428571428571,nan
tabular,1,2026-10-02T18:05:27,nodeGcal1,3.11.9,unknown,13153035,6487,1,1,0.6178715229034424,random,attribution,5,30,0.0,0.35,0.3111345590868674,0.06944444444444445,0.0,10,10,0.0,2.6984140276908875e-05,26,False,False,27,0.7333333333333333,nan
tabular,1,2026-10-02T18:05:27,nodeGcal1,3.11.9,unknown,13153035,6662,0,0,0.5625600218772888,pyxai,set,25,30,0.19409344438992598,1.0,0.16666666666666652,0.9340659340659341,0.8518518518518519,10,10,1.0,0.05892940936610103,25,True,nan,25,1.0,nan
tabular,1,2026-10-02T18:05:27,nodeGcal1,3.11.9,unknown,13153035,6662,0,0,0.5625600218772888,anchors,set,5,30,0.05859321982358696,0.66,0.8333333333333333,0.4523809523809524,0.25,10,10,0.6666666666666666,1.423873339779675,25,False,nan,nan,0.2,0.9649805447470817
tabular,1,2026-10-02T18:05:27,nodeGcal1,3.11.9,unknown,13153035,6662,0,0,0.5625600218772888,lime,attribution,5,30,0.014149109718165272,0.67,0.48352520523159315,1.0,1.0,10,10,1.0,0.048386857844889164,25,False,False,27,0.7857142857142857,nan
tabular,1,2026-10-02T18:05:27,nodeGcal1,3.11.9,unknown,13153035,6662,0,0,0.5625600218772888,treeshap,attribution,5,30,0.11587527737041982,0.84,0.5328195668613783,0.8,0.6666666666666666,10,10,1.0,0.0008687321096658707,25,False,True,24,0.9230769230769231,nan
tabular,1,2026-10-02T18:05:27,nodeGcal1,3.11.9,unknown,13153035,6662,0,0,0.5625600218772888,random,attribution,5,30,0.14386114881548806,0.73,0.29681618485226036,0.1123015873015873,0.0,10,10,0.0,2.3385975509881973e-05,25,False,False,30,0.6666666666666666,nan
tabular,1,2026-10-02T18:05:27,nodeGcal1,3.11.9,unknown,13153035,6717,1,1,0.6343116760253906,pyxai,set,26,30,0.13823249499341475,1.0,0.13333333333333341,1.0,0.8571428571428571,10,10,1.0,0.059734856244176626,26,True,nan,26,1.0,nan
tabular,1,2026-10-02T18:05:27,nodeGcal1,3.11.9,unknown,13153035,6717,1,1,0.6343116760253906,anchors,set,2,30,0.3506216040166946,0.97,0.9333333333333333,0.8666666666666666,0.3333333333333333,10,10,0.3333333333333333,0.34558155992999673,26,False,nan,nan,0.07692307692307693,0.965034965034965
tabular,1,2026-10-02T18:05:27,nodeGcal1,3.11.9,unknown,13153035,6717,1,1,0.6343116760253906,lime,attribution,5,30,0.14126388462903158,0.8,0.5386053960196343,1.0,1.0,10,10,1.0,0.04667207412421703,26,False,False,27,0.7931034482758621,nan
tabular,1,2026-10-02T18:05:27,nodeGcal1,3.11.9,unknown,13153035,6717,1,1,0.6343116760253906,treeshap,attribution,5,30,0.22692690573487048,0.95,0.6670434474635174,0.8333333333333334,0.6666666666666666,10,10,1.0,0.0008815149776637554,26,False,True,22,0.9259259259259259,nan
tabular,1,2026-10-02T18:05:27,nodeGcal1,3.11.9,unknown,13153035,6717,1,1,0.6343116760253906,random,attribution,5,30,0.0,0.37,0.32367744836739876,0.075,0.0,10,10,0.0,2.1272804588079453e-05,26,False,False,29,0.7333333333333333,nan
tabular,1,2026-10-02T18:05:27,nodeGcal1,3.11.9,unknown,13153035,6762,1,1,0.5519273281097412,pyxai,set,27,30,0.009599339251673146,1.0,0.10000000000000009,0.9724137931034482,0.8620689655172413,10,10,1.0,0.060725610703229904,27,True,nan,27,1.0,nan
tabular,1,2026-10-02T18:05:27,nodeGcal1,3.11.9,unknown,13153035,6762,1,1,0.5519273281097412,anchors,set,6,30,0.029684645592930478,0.9,0.8,0.13181818181818178,0.0,10,10,0.5,1.7460179808549583,27,False,nan,nan,0.2222222222222222,0.9575371549893843
tabular,1,2026-10-02T18:05:27,nodeGcal1,3.11.9,unknown,13153035,6762,1,1,0.5519273281097412,lime,attribution,5,30,0.002945850689712223,0.57,0.5627338211282966,1.0,0.6666666666666666,10,10,1.0,0.04274234129115939,27,False,False,30,0.8620689655172413,nan
tabular,1,2026-10-02T18:05:27,nodeGcal1,3.11.9,unknown,13153035,6762,1,1,0.5519273281097412,treeshap,attribution,5,30,0.0,0.65,0.49609060726843135,1.0,0.6666666666666666,10,10,1.0,0.0008921651169657707,27,False,True,24,0.9285714285714286,nan
tabular,1,2026-10-02T18:05:27,nodeGcal1,3.11.9,unknown,13153035,6762,1,1,0.5519273281097412,random,attribution,5,30,0.021369242804707315,0.75,0.24296237689959232,0.0873015873015873,0.0,10,10,0.1111111111111111,2.612406387925148e-05,27,False,False,29,0.8,nan
tabular,1,2026-10-02T18:05:27,nodeGcal1,3.11.9,unknown,13153035,6838,1,1,0.5000038743019104,pyxai,set,25,30,0.0,1.0,0.16666666666666652,1.0,1.0,3,4,1.0,0.05590550182387233,25,True,nan,25,1.0,nan
tabular,1,2026-10-02T18:05:27,nodeGcal1,3.11.9,unknown,13153035,6838,1,1,0.5000038743019104,anchors,set,11,30,0.0,0.92,0.6333333333333333,0.22941176470588234,0.2222222222222222,10,8,0.4666666666666667,2.6891250326298177,25,False,nan,nan,0.44,0.9595141700404858
tabular,1,2026-10-02T18:05:27,nodeGcal1,3.11.9,unknown,13153035,6838,1,1,0.5000038743019104,lime,attribution,5,30,0.00834285708836189,0.49,0.5553207287429258,0.6666666666666666,0.6666666666666666,4,5,0.6666666666666666,0.025657156016677618,25,False,False,29,0.6666666666666666,nan
tabular,1,2026-10-02T18:05:27,nodeGcal1,3.11.9,unknown,13153035,6838,1,1,0.5000038743019104,treeshap,attribution,5,30,0.0,0.37,0.5488982307598321,1.0,1.0,7,4,1.0,0.0008391127921640873,25,False,True,25,0.9230769230769231,nan
tabular,1,2026-10-02T18:05:27,nodeGcal1,3.11.9,unknown,13153035,6838,1,1,0.5000038743019104,random,attribution,5,30,0.010577358302081867,0.5,0.3317526051314075,0.07407407407407407,0.1111111111111111,6,1,0.1111111111111111,2.191774547100067e-05,25,False,False,30,0.7857142857142857,nan
tabular,1,2026-10-02T18:05:27,nodeGcal1,3.11.9,unknown,13153035,6842,0,0,0.7063943147659302,pyxai,set,25,30,0.3581901778112668,1.0,0.16666666666666652,0.7971608212987524,0.7241379310344828,10,10,1.0,0.06135588977485895,25,True,nan,25,1.0,nan
tabular,1,2026-10-02T18:05:27,nodeGcal1,3.11.9,unknown,13153035,6842,0,0,0.7063943147659302,anchors,set,4,30,0.22382618659677858,0.84,0.8666666666666667,0.37523809523809526,0.14285714285714285,10,10,0.14285714285714285,0.8124953000806272,25,False,nan,nan,0.16,0.9629629629629629
tabular,1,2026-10-02T18:05:27,nodeGcal1,3.11.9,unknown,13153035,6842,0,0,0.7063943147659302,lime,attribution,5,30,0.2616644714137569,0.98,0.5649515714826439,1.0,1.0,10,10,1.0,0.05923555605113506,25,False,True,25,0.7241379310344828,nan
tabular,1,2026-10-02T18:05:27,nodeGcal1,3.11.9,unknown,13153035,6842,0,0,0.7063943147659302,treeshap,attribution,5,30,0.28249386355792977,0.98,0.6629241962460596,0.6285714285714287,0.42857142857142855,10,10,1.0,0.0008142678998410702,25,False,True,21,0.9230769230769231,nan
tabular,1,2026-10-02T18:05:27,nodeGcal1,3.11.9,unknown,13153035,6842,0,0,0.7063943147659302,random,attribution,5,30,0.1321556314776485,0.77,0.33283662314091444,0.06666666666666668,0.0,10,10,0.1111111111111111,2.3134984076023102e-05,25,False,True,24,0.7241379310344828,nan
tabular,1,2026-10-02T18:05:27,nodeGcal1,3.11.9,unknown,13153035,6887,0,0,0.576049268245697,pyxai,set,28,30,0.22573990612864417,1.0,0.06666666666666687,0.9517241379310345,0.8666666666666667,10,10,1.0,0.05780525412410498,28,True,nan,28,1.0,nan
tabular,1,2026-10-02T18:05:27,nodeGcal1,3.11.9,unknown,13153035,6887,0,0,0.576049268245697,anchors,set,4,30,0.3146675002325521,0.92,0.8666666666666667,0.44190476190476186,0.0,10,10,0.14285714285714285,0.7439895537681878,28,False,nan,nan,0.14285714285714285,0.9809264305177112
tabular,1,2026-10-02T18:05:27,nodeGcal1,3.11.9,unknown,13153035,6887,0,0,0.576049268245697,lime,attribution,5,30,0.3146675002325521,0.98,0.5773675040433772,0.8666666666666666,0.6666666666666666,10,10,1.0,0.04084449028596282,28,False,False,29,0.8666666666666667,nan
tabular,1,2026-10-02T18:05:27,nodeGcal1,3.11.9,unknown,13153035,6887,0,0,0.576049268245697,treeshap,attribution,5,30,0.20994933728097553,0.87,0.6842691536039797,1.0,0.6666666666666666,10,10,1.0,0.0008500120602548122,28,False,True,26,0.9310344827586207,nan
tabular,1,2026-10-02T18:05:27,nodeGcal1,3.11.9,unknown,13153035,6887,0,0,0.576049268245697,random,attribution,5,30,0.2941603929348462,0.86,0.347961385194544,0.1373015873015873,0.0,10,10,0.25,2.2460706532001495e-05,28,False,False,30,0.8666666666666667,nan
tabular,1,2026-10-02T18:05:27,nodeGcal1,3.11.9,unknown,13153035,6938,1,1,0.6001371741294861,pyxai,set,26,30,0.09285045802155228,1.0,0.13333333333333341,0.962962962962963,0.9259259259259259,10,10,1.0,0.060201133135706186,26,True,nan,26,1.0,nan
tabular,1,2026-10-02T18:05:27,nodeGcal1,3.11.9,unknown,13153035,6938,1,1,0.6001371741294861,anchors,set,9,30,0.02183494459177221,0.96,0.7,0.20857142857142857,0.2,10,10,0.5,2.1071204049512744,26,False,nan,nan,0.2962962962962963,0.9568527918781726
tabular,1,2026-10-02T18:05:27,nodeGcal1,3.11.9,unknown,13153035,6938,1,1,0.6001371741294861,lime,attribution,5,30,0.09613769736918554,0.43,0.5236492226020858,0.6666666666666667,0.6666666666666666,10,10,0.6666666666666666,0.025141585152596235,26,False,True,22,0.7931034482758621,nan
tabular,1,2026-10-02T18:05:27,nodeGcal1,3.11.9,unknown,13153035,6938,1,1,0.6001371741294861,treeshap,attribution,5,30,0.22938962605740543,0.81,0.5136608767927141,0.8333333333333333,0.42857142857142855,10,10,1.0,0.000841531902551651,26,False,True,20,0.9259259259259259,nan
tabular,1,2026-10-02T18:05:27,nodeGcal1,3.11.9,unknown,13153035,6938,1,1,0.6001371741294861,random,attribution,5,30,0.0,0.5,0.3147337340711106,0.15555555555555556,0.0,10,10,0.1111111111111111,2.4216249585151672e-05,26,False,False,29,0.7333333333333333,nan
tabular,1,2026-10-02T18:05:27,nodeGcal1,3.11.9,unknown,13153035,6971,0,0,0.6992828845977783,pyxai,set,25,30,0.3385119527583485,1.0,0.16666666666666652,0.9703703703703704,0.7857142857142857,10,10,1.0,0.06296714162454009,25,True,nan,25,1.0,nan
tabular,1,2026-10-02T18:05:27,nodeGcal1,3.11.9,unknown,13153035,6971,0,0,0.6992828845977783,anchors,set,4,30,0.16681799042279163,0.84,0.8666666666666667,0.20476190476190476,0.0,10,10,0.3333333333333333,1.1561805517412722,25,False,nan,nan,0.16,0.9766355140186916
tabular,1,2026-10-02T18:05:27,nodeGcal1,3.11.9,unknown,13153035,6971,0,0,0.6992828845977783,lime,attribution,5,30,0.12093978701025059,0.72,0.5651869565108711,0.8999999999999998,0.6666666666666666,10,10,0.6666666666666666,0.055179947055876255,25,False,True,21,0.7857142857142857,nan
tabular,1,2026-10-02T18:05:27,nodeGcal1,3.11.9,unknown,13153035,6971,0,0,0.6992828845977783,treeshap,attribution,5,30,0.2946905988908986,0.95,0.5945288996016762,0.8,0.6666666666666666,10,10,1.0,0.0008636037819087505,25,False,True,22,0.9230769230769231,nan
tabular,1,2026-10-02T18:05:27,nodeGcal1,3.11.9,unknown,13153035,6971,0,0,0.6992828845977783,random,attribution,5,30,0.017822847216421384,0.51,0.3003975627632157,0.1261904761904762,0.0,10,10,0.0,2.4098902940750122e-05,25,False,True,22,0.7241379310344828,nan
tabular,1,2026-10-02T18:05:27,nodeGcal1,3.11.9,unknown,13153035,7056,0,0,0.7769240736961365,pyxai,set,26,30,0.4069833089917522,1.0,0.13333333333333341,0.962962962962963,0.9259259259259259,10,10,1.0,0.06334925908595324,26,True,nan,26,1.0,nan
tabular,1,2026-10-02T18:05:27,nodeGcal1,3.11.9,unknown,13153035,7056,0,0,0.7769240736961365,anchors,set,4,30,0.2689721827781287,0.98,0.8666666666666667,0.5809523809523809,0.14285714285714285,10,10,1.0,1.2340618027374148,26,False,nan,nan,0.15384615384615385,0.9754901960784313
tabular,1,2026-10-02T18:05:27,nodeGcal1,3.11.9,unknown,13153035,7056,0,0,0.7769240736961365,lime,attribution,5,30,0.17343616305588586,0.95,0.5263059051891354,0.8333333333333334,0.6666666666666666,10,10,0.6666666666666666,0.04085475020110607,26,False,True,24,0.8571428571428571,nan
tabular,1,2026-10-02T18:05:27,nodeGcal1,3.11.9,unknown,13153035,7056,0,0,0.7769240736961365,treeshap,attribution,5,30,0.38567690066678567,0.97,0.5818760178358378,1.0,0.6666666666666666,10,10,1.0,0.0008603460155427456,26,False,True,18,0.8571428571428571,nan
tabular,1,2026-10-02T18:05:27,nodeGcal1,3.11.9,unknown,13153035,7056,0,0,0.7769240736961365,random,attribution,5,30,0.04108005271805713,0.57,0.2828024138903893,0.10833333333333332,0.0,10,10,0.25,2.4545937776565552e-05,26,False,False,27,0.7333333333333333,nan
tabular,1,2026-10-02T18:05:27,nodeGcal1,3.11.9,unknown,13153035,7073,0,0,0.686680793762207,pyxai,set,26,30,0.33976483152949083,1.0,0.13333333333333341,0.9269841269841269,0.7931034482758621,10,10,1.0,0.060224856715649366,26,True,nan,26,1.0,nan
tabular,1,2026-10-02T18:05:27,nodeGcal1,3.11.9,unknown,13153035,7073,0,0,0.686680793762207,anchors,set,4,30,0.23890907689465957,0.95,0.8666666666666667,0.5009523809523809,0.14285714285714285,10,10,0.6,0.8496663402765989,26,False,nan,nan,0.15384615384615385,0.9551451187335093
tabular,1,2026-10-02T18:05:27,nodeGcal1,3.11.9,unknown,13153035,7073,0,0,0.686680793762207,lime,attribution,5,30,0.10296797247919204,0.86,0.5248072504157643,0.7285714285714285,0.42857142857142855,10,10,0.6666666666666666,0.05351207638159394,26,False,True,24,0.9259259259259259,nan
tabular,1,2026-10-02T18:05:27,nodeGcal1,3.11.9,unknown,13153035,7073,0,0,0.686680793762207,treeshap,attribution,5,30,0.3434428543255416,0.94,0.6361770435936605,1.0,0.6666666666666666,10,10,1.0,0.0008520283736288548,26,False,True,21,0.8571428571428571,nan
tabular,1,2026-10-02T18:05:27,nodeGcal1,3.11.9,unknown,13153035,7073,0,0,0.686680793762207,random,attribution,5,30,0.31145586962892186,0.87,0.24706023046773162,0.11944444444444446,0.0,10,10,0.1111111111111111,2.45789997279644e-05,26,False,True,25,0.7931034482758621,nan
tabular,1,2026-10-02T18:05:27,nodeGcal1,3.11.9,unknown,13153035,7093,0,0,0.6964988708496094,pyxai,set,25,30,0.33586788268896883,1.0,0.16666666666666652,0.8846560846560847,0.7857142857142857,10,10,1.0,0.06166701577603817,25,True,nan,25,1.0,nan
tabular,1,2026-10-02T18:05:27,nodeGcal1,3.11.9,unknown,13153035,7093,0,0,0.6964988708496094,anchors,set,3,30,0.28238946465443115,0.83,0.9,0.36,0.2,10,10,0.2,0.7206858852878213,25,False,nan,nan,0.12,0.9537037037037037
tabular,1,2026-10-02T18:05:27,nodeGcal1,3.11.9,unknown,13153035,7093,0,0,0.6964988708496094,lime,attribution,5,30,0.1775671886210655,0.97,0.5198754235429275,0.7095238095238096,0.6666666666666666,10,10,1.0,0.05464300233870745,25,False,True,25,0.7241379310344828,nan
tabular,1,2026-10-02T18:05:27,nodeGcal1,3.11.9,unknown,13153035,7093,0,0,0.6964988708496094,treeshap,attribution,5,30,0.37030273560517685,0.94,0.6819890987436185,0.9333333333333332,0.6666666666666666,10,10,1.0,0.0008525587618350983,25,False,True,20,0.9230769230769231,nan
tabular,1,2026-10-02T18:05:27,nodeGcal1,3.11.9,unknown,13153035,7093,0,0,0.6964988708496094,random,attribution,5,30,0.170594503595625,0.82,0.3481962749605695,0.11944444444444444,0.0,10,10,0.1111111111111111,2.2397376596927643e-05,25,False,True,22,0.7241379310344828,nan
tabular,1,2026-10-02T18:05:27,nodeGcal1,3.11.9,unknown,13153035,7254,1,1,0.6085407137870789,pyxai,set,26,30,0.10173768482447777,1.0,0.13333333333333341,0.9195767195767195,0.8571428571428571,10,10,1.0,0.06033327803015709,26,True,nan,26,1.0,nan
tabular,1,2026-10-02T18:05:27,nodeGcal1,3.11.9,unknown,13153035,7254,1,1,0.6085407137870789,anchors,set,4,30,0.21686269585574153,0.9,0.8666666666666667,0.21904761904761902,0.14285714285714285,10,10,0.3333333333333333,0.49006205704063177,26,False,nan,nan,0.15384615384615385,0.953757225433526
tabular,1,2026-10-02T18:05:27,nodeGcal1,3.11.9,unknown,13153035,7254,1,1,0.6085407137870789,lime,attribution,5,30,0.16984414403710854,0.7,0.48277618951924006,0.9666666666666666,1.0,10,10,0.6666666666666666,0.042025665286928415,26,False,True,22,0.7931034482758621,nan
tabular,1,2026-10-02T18:05:27,nodeGcal1,3.11.9,unknown,13153035,7254,1,1,0.6085407137870789,treeshap,attribution,5,30,0.174284956177111,0.73,0.6000824455625913,0.8095238095238095,0.42857142857142855,10,10,1.0,0.000820644199848175,26,False,True,19,0.8571428571428571,nan
tabular,1,2026-10-02T18:05:27,nodeGcal1,3.11.9,unknown,13153035,7254,1,1,0.6085407137870789,random,attribution,5,30,0.05610836212399307,0.69,0.2737299781870822,0.11666666666666667,0.0,10,10,0.1111111111111111,2.2227410227060318e-05,26,False,True,26,0.7333333333333333,nan
tabular,1,2026-10-02T18:05:27,nodeGcal1,3.11.9,unknown,13153035,7269,0,0,0.5955419540405273,pyxai,set,28,30,0.23876899407658642,1.0,0.06666666666666687,0.8933333333333333,0.8666666666666667,10,10,1.0,0.059150627348572016,28,True,nan,28,1.0,nan
tabular,1,2026-10-02T18:05:27,nodeGcal1,3.11.9,unknown,13153035,7269,0,0,0.5955419540405273,anchors,set,4,30,0.20765145619252134,0.91,0.8666666666666667,0.5676190476190477,0.14285714285714285,10,10,0.6,0.9900559140369296,28,False,nan,nan,0.14285714285714285,0.9695740365111561
tabular,1,2026-10-02T18:05:27,nodeGcal1,3.11.9,unknown,13153035,7269,0,0,0.5955419540405273,lime,attribution,5,30,0.0,0.54,0.5249613638677345,0.6761904761904762,0.42857142857142855,10,10,1.0,0.042193339206278324,28,False,True,26,0.8666666666666667,nan
tabular,1,2026-10-02T18:05:27,nodeGcal1,3.11.9,unknown,13153035,7269,0,0,0.5955419540405273,treeshap,attribution,5,30,0.13622420016301798,0.72,0.6465351801254968,0.8333333333333333,0.6666666666666666,10,10,1.0,0.0008183359168469906,28,False,True,24,0.8666666666666667,nan
tabular,1,2026-10-02T18:05:27,nodeGcal1,3.11.9,unknown,13153035,7269,0,0,0.5955419540405273,random,attribution,5,30,0.0,0.39,0.2505272911977996,0.1123015873015873,0.0,10,10,0.0,2.261437475681305e-05,28,False,True,27,0.8666666666666667,nan
tabular,1,2026-10-02T18:05:27,nodeGcal1,3.11.9,unknown,13153035,7312,1,1,0.5464618802070618,pyxai,set,27,30,0.0,1.0,0.10000000000000009,0.9928571428571429,0.9285714285714286,10,10,1.0,0.05761578492820263,27,True,nan,27,1.0,nan
tabular,1,2026-10-02T18:05:27,nodeGcal1,3.11.9,unknown,13153035,7312,1,1,0.5464618802070618,anchors,set,8,30,0.0851982126303254,0.97,0.7333333333333334,0.2900699300699301,0.23076923076923078,10,10,0.45454545454545453,1.9578990871086717,27,False,nan,nan,0.2962962962962963,0.9504950495049505
tabular,1,2026-10-02T18:05:27,nodeGcal1,3.11.9,unknown,13153035,7312,1,1,0.5464618802070618,lime,attribution,5,30,0.002981749017163736,0.52,0.5737765534747648,0.9666666666666666,1.0,10,10,1.0,0.05844340519979596,27,False,True,27,0.8620689655172413,nan
tabular,1,2026-10-02T18:05:27,nodeGcal1,3.11.9,unknown,13153035,7312,1,1,0.5464618802070618,treeshap,attribution,5,30,0.0,0.65,0.5060249130114942,0.8333333333333333,0.6666666666666666,10,10,1.0,0.0008681747131049633,27,False,True,23,0.9285714285714286,nan
tabular,1,2026-10-02T18:05:27,nodeGcal1,3.11.9,unknown,13153035,7312,1,1,0.5464618802070618,random,attribution,5,30,0.0,0.55,0.32154117766642554,0.04444444444444444,0.0,10,10,0.25,2.338690683245659e-05,27,False,False,28,0.8620689655172413,nan
tabular,1,2026-10-02T18:05:27,nodeGcal1,3.11.9,unknown,13153035,7323,0,0,0.7988964915275574,pyxai,set,25,30,0.43250369182599546,1.0,0.16666666666666652,0.9022792022792021,0.8518518518518519,10,10,1.0,0.06190944416448474,25,True,nan,25,1.0,nan
tabular,1,2026-10-02T18:05:27,nodeGcal1,3.11.9,unknown,13153035,7323,0,0,0.7988964915275574,anchors,set,3,30,0.17652445573125164,0.92,0.9,0.52,0.2,10,10,1.0,0.6813654080033302,25,False,nan,nan,0.12,0.9612403100775194
tabular,1,2026-10-02T18:05:27,nodeGcal1,3.11.9,unknown,13153035,7323,0,0,0.7988964915275574,lime,attribution,5,30,0.17652445573125164,1.0,0.551879555690225,0.9333333333333332,1.0,10,10,1.0,0.0440899021923542,25,False,True,19,0.7241379310344828,nan
tabular,1,2026-10-02T18:05:27,nodeGcal1,3.11.9,unknown,13153035,7323,0,0,0.7988964915275574,treeshap,attribution,5,30,0.3762995999704251,0.92,0.6218926406526452,0.9666666666666666,0.6666666666666666,10,10,1.0,0.0008271629922091961,25,False,True,18,0.9230769230769231,nan
tabular,1,2026-10-02T18:05:27,nodeGcal1,3.11.9,unknown,13153035,7323,0,0,0.7988964915275574,random,attribution,5,30,0.0847813953307923,0.76,0.35367938249887987,0.09166666666666667,0.0,10,10,0.0,2.3777130991220474e-05,25,False,True,23,0.7241379310344828,nan
tabular,1,2026-10-02T18:05:27,nodeGcal1,3.11.9,unknown,13153035,7411,0,0,0.5243147611618042,pyxai,set,26,30,0.1986263465802812,1.0,0.13333333333333341,0.9058201058201059,0.8571428571428571,10,10,1.0,0.05434717331081629,26,True,nan,26,1.0,nan
tabular,1,2026-10-02T18:05:27,nodeGcal1,3.11.9,unknown,13153035,7411,0,0,0.5243147611618042,anchors,set,6,30,0.2182187045773214,0.84,0.8,0.4366666666666667,0.2,10,10,0.5,1.0367073160596192,26,False,nan,nan,0.18518518518518517,0.9625407166123778
tabular,1,2026-10-02T18:05:27,nodeGcal1,3.11.9,unknown,13153035,7411,0,0,0.5243147611618042,lime,attribution,5,30,0.17492885272417275,0.83,0.5267700225266394,0.9666666666666666,0.6666666666666666,10,10,1.0,0.07213734602555633,26,False,False,28,0.8571428571428571,nan
tabular,1,2026-10-02T18:05:27,nodeGcal1,3.11.9,unknown,13153035,7411,0,0,0.5243147611618042,treeshap,attribution,5,30,0.060488996698930105,0.59,0.6273079518836204,0.8,0.6666666666666666,10,10,1.0,0.0008789463900029659,26,False,True,25,0.7931034482758621,nan
tabular,1,2026-10-02T18:05:27,nodeGcal1,3.11.9,unknown,13153035,7411,0,0,0.5243147611618042,random,attribution,5,30,0.08973639868939408,0.59,0.3716298049235488,0.10952380952380951,0.0,10,10,0.1111111111111111,2.3943837732076645e-05,26,False,False,30,0.7931034482758621,nan
tabular,1,2026-10-02T18:05:27,nodeGcal1,3.11.9,unknown,13153035,7474,0,0,0.5072256326675415,pyxai,set,27,30,0.10617527909475084,1.0,0.10000000000000009,0.9571428571428571,0.9285714285714286,10,10,1.0,0.05494875041767955,27,True,nan,27,1.0,nan
tabular,1,2026-10-02T18:05:27,nodeGcal1,3.11.9,unknown,13153035,7474,0,0,0.5072256326675415,anchors,set,7,30,0.003004288920324415,0.82,0.7666666666666666,0.4883838383838384,0.2727272727272727,10,10,0.5555555555555556,2.027878733817488,27,False,nan,nan,0.25925925925925924,0.9596774193548387
tabular,1,2026-10-02T18:05:27,nodeGcal1,3.11.9,unknown,13153035,7474,0,0,0.5072256326675415,lime,attribution,5,30,0.0,0.63,0.5235346459678748,0.8,0.6666666666666666,10,10,1.0,0.02524581691250205,27,False,False,30,0.8,nan
tabular,1,2026-10-02T18:05:27,nodeGcal1,3.11.9,unknown,13153035,7474,0,0,0.5072256326675415,treeshap,attribution,5,30,0.0,0.59,0.5129891113147138,0.5095238095238095,0.42857142857142855,10,10,1.0,0.0008180779404938221,27,False,True,26,0.9285714285714286,nan
tabular,1,2026-10-02T18:05:27,nodeGcal1,3.11.9,unknown,13153035,7474,0,0,0.5072256326675415,random,attribution,5,30,0.0,0.56,0.3693000340281468,0.11666666666666667,0.0,10,10,0.25,2.826796844601631e-05,27,False,True,27,0.8620689655172413,nan
tabular,1,2026-10-02T18:05:27,nodeGcal1,3.11.9,unknown,13153035,7543,0,0,0.531040370464325,pyxai,set,24,30,0.1731292383004472,1.0,0.20000000000000018,0.8484102564102564,0.7777777777777778,10,10,1.0,0.05729988031089306,24,True,nan,24,1.0,nan
tabular,1,2026-10-02T18:05:27,nodeGcal1,3.11.9,unknown,13153035,7543,0,0,0.531040370464325,anchors,set,8,30,0.11125915734418751,0.74,0.7333333333333334,0.43838383838383843,0.3333333333333333,10,10,0.45454545454545453,2.2773474496789277,24,False,nan,nan,0.3333333333333333,0.9620253164556962
tabular,1,2026-10-02T18:05:27,nodeGcal1,3.11.9,unknown,13153035,7543,0,0,0.531040370464325,lime,attribution,5,30,0.08996115217457917,0.71,0.503262096964666,0.8666666666666666,0.6666666666666666,10,10,1.0,0.04070525709539652,24,False,False,30,0.7142857142857143,nan
tabular,1,2026-10-02T18:05:27,nodeGcal1,3.11.9,unknown,13153035,7543,0,0,0.531040370464325,treeshap,attribution,5,30,0.06670060842624385,0.61,0.5301921661599087,0.7047619047619047,0.25,10,10,1.0,0.0008352440781891346,24,False,True,24,0.8461538461538461,nan
tabular,1,2026-10-02T18:05:27,nodeGcal1,3.11.9,unknown,13153035,7543,0,0,0.531040370464325,random,attribution,5,30,0.09064380356924989,0.63,0.25396752207049267,0.13333333333333336,0.0,10,10,0.1111111111111111,2.3948028683662415e-05,24,False,False,29,0.6,nan
tabular,1,2026-10-02T18:05:27,nodeGcal1,3.11.9,unknown,13153035,7725,1,1,0.6056699156761169,pyxai,set,28,30,0.09748003607751056,1.0,0.06666666666666687,1.0,0.9310344827586207,10,10,1.0,0.06224444508552551,28,True,nan,28,1.0,nan
tabular,1,2026-10-02T18:05:27,nodeGcal1,3.11.9,unknown,13153035,7725,1,1,0.6056699156761169,anchors,set,7,30,0.06184439137899051,0.95,0.7666666666666666,0.40909090909090906,0.2727272727272727,10,10,0.5555555555555556,1.9130260460078716,28,False,nan,nan,0.25,0.9678899082568807
tabular,1,2026-10-02T18:05:27,nodeGcal1,3.11.9,unknown,13153035,7725,1,1,0.6056699156761169,lime,attribution,5,30,0.0025935262223766185,0.52,0.5346859847045274,0.9,0.6666666666666666,10,10,1.0,0.06827728217467666,28,False,True,26,0.9310344827586207,nan
tabular,1,2026-10-02T18:05:27,nodeGcal1,3.11.9,unknown,13153035,7725,1,1,0.6056699156761169,treeshap,attribution,5,30,0.0,0.59,0.48102295657735017,0.8,0.6666666666666666,10,10,1.0,0.0009000478312373161,28,False,True,22,1.0,nan
tabular,1,2026-10-02T18:05:27,nodeGcal1,3.11.9,unknown,13153035,7725,1,1,0.6056699156761169,random,attribution,5,30,0.05238216377477438,0.68,0.27359505721309685,0.04722222222222222,0.0,10,10,0.0,2.2563152015209198e-05,28,False,False,30,0.8666666666666667,nan
tabular,1,2026-10-02T18:05:27,nodeGcal1,3.11.9,unknown,13153035,7751,1,1,0.5862070322036743,pyxai,set,28,30,0.06751512620028913,1.0,0.06666666666666687,0.9521839080459771,0.8666666666666667,10,10,1.0,0.0569233070127666,28,True,nan,28,1.0,nan
tabular,1,2026-10-02T18:05:27,nodeGcal1,3.11.9,unknown,13153035,7751,1,1,0.5862070322036743,anchors,set,2,30,0.3142989339417232,0.95,0.9333333333333333,0.8666666666666666,0.3333333333333333,10,10,0.3333333333333333,0.3445245116017759,28,False,nan,nan,0.07142857142857142,0.962536023054755
tabular,1,2026-10-02T18:05:27,nodeGcal1,3.11.9,unknown,13153035,7751,1,1,0.5862070322036743,lime,attribution,5,30,0.06875448529230836,0.9,0.5654236371276401,0.8666666666666666,0.42857142857142855,10,10,0.6666666666666666,0.04823820339515805,28,False,True,28,0.8666666666666667,nan
tabular,1,2026-10-02T18:05:27,nodeGcal1,3.11.9,unknown,13153035,7751,1,1,0.5862070322036743,treeshap,attribution,5,30,0.15157369829674297,0.92,0.6219574600628333,0.9666666666666666,0.42857142857142855,10,10,1.0,0.0008400110527873039,28,False,True,23,0.9310344827586207,nan
tabular,1,2026-10-02T18:05:27,nodeGcal1,3.11.9,unknown,13153035,7751,1,1,0.5862070322036743,random,attribution,5,30,0.0530771875974207,0.66,0.2694223967642484,0.1,0.0,10,10,0.1111111111111111,2.2158026695251465e-05,28,False,False,30,0.8666666666666667,nan
tabular,1,2026-10-02T18:05:27,nodeGcal1,3.11.9,unknown,13153035,7785,1,1,0.5946756601333618,pyxai,set,27,30,0.0807944109863865,1.0,0.10000000000000009,0.9428571428571428,0.9285714285714286,10,10,1.0,0.061702786013484,27,True,nan,27,1.0,nan
tabular,1,2026-10-02T18:05:27,nodeGcal1,3.11.9,unknown,13153035,7785,1,1,0.5946756601333618,anchors,set,7,30,0.0573367630877492,0.94,0.7666666666666666,0.3519191919191919,0.2727272727272727,10,10,0.5555555555555556,1.9419653289951384,27,False,nan,nan,0.25925925925925924,0.9765258215962441
tabular,1,2026-10-02T18:05:27,nodeGcal1,3.11.9,unknown,13153035,7785,1,1,0.5946756601333618,lime,attribution,5,30,0.0,0.33,0.48294150180426265,0.9,0.6666666666666666,10,10,1.0,0.04100664099678397,27,False,False,30,0.8,nan
tabular,1,2026-10-02T18:05:27,nodeGcal1,3.11.9,unknown,13153035,7785,1,1,0.5946756601333618,treeshap,attribution,5,30,0.0,0.69,0.5032114336529951,0.8333333333333333,0.6666666666666666,10,10,1.0,0.0008770707063376904,27,False,True,23,0.9285714285714286,nan
tabular,1,2026-10-02T18:05:27,nodeGcal1,3.11.9,unknown,13153035,7785,1,1,0.5946756601333618,random,attribution,5,30,0.0034042290459598986,0.59,0.401248217323941,0.12341269841269839,0.0,10,10,0.1111111111111111,2.2189226001501083e-05,27,False,False,28,0.8,nan
tabular,1,2026-10-02T18:05:27,nodeGcal1,3.11.9,unknown,13153035,7800,1,1,0.5509042739868164,pyxai,set,26,30,0.007760120485056218,1.0,0.13333333333333341,0.9211640211640212,0.8571428571428571,10,10,1.0,0.05724108871072531,26,True,nan,26,1.0,nan
tabular,1,2026-10-02T18:05:27,nodeGcal1,3.11.9,unknown,13153035,7800,1,1,0.5509042739868164,anchors,set,6,30,0.044034821219911195,0.92,0.8,0.2787878787878788,0.09090909090909091,10,10,0.5,1.568837558850646,26,False,nan,nan,0.23076923076923078,0.9583333333333334
tabular,1,2026-10-02T18:05:27,nodeGcal1,3.11.9,unknown,13153035,7800,1,1,0.5509042739868164,lime,attribution,5,30,0.0029526195978638137,0.5,0.5686318709004277,0.8999999999999998,1.0,10,10,1.0,0.02540324116125703,26,False,False,30,0.8571428571428571,nan
tabular,1,2026-10-02T18:05:27,nodeGcal1,3.11.9,unknown,13153035,7800,1,1,0.5509042739868164,treeshap,attribution,5,30,0.02255556853885903,0.58,0.5115514657753089,0.7333333333333334,0.6666666666666666,10,10,1.0,0.0008518830873072147,26,False,True,22,0.8571428571428571,nan
tabular,1,2026-10-02T18:05:27,nodeGcal1,3.11.9,unknown,13153035,7800,1,1,0.5509042739868164,random,attribution,5,30,0.0,0.38,0.34639948442006263,0.08333333333333333,0.0,10,10,0.1111111111111111,2.453802153468132e-05,26,False,False,29,0.7931034482758621,nan
tabular,1,2026-10-02T18:05:27,nodeGcal1,3.11.9,unknown,13153035,7811,1,1,0.5327122211456299,pyxai,set,27,30,0.0,1.0,0.10000000000000009,0.9443349753694582,0.8620689655172413,10,10,1.0,0.05667124316096306,27,True,nan,27,1.0,nan
tabular,1,2026-10-02T18:05:27,nodeGcal1,3.11.9,unknown,13153035,7811,1,1,0.5327122211456299,anchors,set,5,30,0.15766801142342068,0.94,0.8333333333333333,0.35277777777777775,0.1111111111111111,10,10,0.42857142857142855,0.6176315108314157,27,False,nan,nan,0.18518518518518517,0.9568965517241379
tabular,1,2026-10-02T18:05:27,nodeGcal1,3.11.9,unknown,13153035,7811,1,1,0.5327122211456299,lime,attribution,5,30,0.12447842936468971,0.72,0.539962193985643,1.0,1.0,10,10,1.0,0.04256744496524334,27,False,True,26,0.8620689655172413,nan
tabular,1,2026-10-02T18:05:27,nodeGcal1,3.11.9,unknown,13153035,7811,1,1,0.5327122211456299,treeshap,attribution,5,30,0.10146839784331689,0.59,0.5807761238264469,0.8285714285714286,0.42857142857142855,10,10,1.0,0.0008778152987360954,27,False,True,22,0.9285714285714286,nan
tabular,1,2026-10-02T18:05:27,nodeGcal1,3.11.9,unknown,13153035,7811,1,1,0.5327122211456299,random,attribution,5,30,0.0,0.51,0.3455951688668979,0.12222222222222223,0.0,10,10,0.1111111111111111,2.484489232301712e-05,27,False,False,29,0.8,nan
tabular,1,2026-10-02T18:05:27,nodeGcal1,3.11.9,unknown,13153035,7901,1,1,0.5835450291633606,pyxai,set,26,30,0.07902097809241244,1.0,0.13333333333333341,0.8536945812807882,0.7931034482758621,10,10,1.0,0.05841431487351656,26,True,nan,26,1.0,nan
tabular,1,2026-10-02T18:05:27,nodeGcal1,3.11.9,unknown,13153035,7901,1,1,0.5835450291633606,anchors,set,7,30,0.040965404293103115,0.98,0.7666666666666666,0.2671522921522921,0.07692307692307693,10,10,0.5555555555555556,2.9282981771975756,26,False,nan,nan,0.2222222222222222,0.9587852494577006
tabular,1,2026-10-02T18:05:27,nodeGcal1,3.11.9,unknown,13153035,7901,1,1,0.5835450291633606,lime,attribution,5,30,0.00273863996067112,0.49,0.5507232753302091,0.9333333333333332,0.6666666666666666,10,10,1.0,0.04137669363990426,26,False,True,24,0.8571428571428571,nan
tabular,1,2026-10-02T18:05:27,nodeGcal1,3.11.9,unknown,13153035,7901,1,1,0.5835450291633606,treeshap,attribution,5,30,0.040965404293103115,0.76,0.5212525230796927,0.8333333333333333,0.42857142857142855,10,10,1.0,0.0008378089405596256,26,False,True,20,0.7931034482758621,nan
tabular,1,2026-10-02T18:05:27,nodeGcal1,3.11.9,unknown,13153035,7901,1,1,0.5835450291633606,random,attribution,5,30,0.00273863996067112,0.48,0.35507901624494,0.08055555555555556,0.0,10,10,0.1111111111111111,2.2723805159330368e-05,26,False,True,23,0.7931034482758621,nan
tabular,1,2026-10-02T18:05:27,nodeGcal1,3.11.9,unknown,13153035,8010,1,1,0.5565133690834045,pyxai,set,26,30,0.03428603865694094,1.0,0.13333333333333341,0.9851851851851852,0.9259259259259259,10,10,1.0,0.05995027767494321,26,True,nan,26,1.0,nan
tabular,1,2026-10-02T18:05:27,nodeGcal1,3.11.9,unknown,13153035,8010,1,1,0.5565133690834045,anchors,set,7,30,0.14804618740256908,0.85,0.7666666666666666,0.2663636363636363,0.16666666666666666,10,10,0.4,0.9867243161424994,26,False,nan,nan,0.2222222222222222,0.9503105590062112
tabular,1,2026-10-02T18:05:27,nodeGcal1,3.11.9,unknown,13153035,8010,1,1,0.5565133690834045,lime,attribution,5,30,0.03556185801368678,0.59,0.5654342421781372,0.7666666666666667,0.6666666666666666,10,10,1.0,0.07311644870787859,26,False,False,30,0.7931034482758621,nan
tabular,1,2026-10-02T18:05:27,nodeGcal1,3.11.9,unknown,13153035,8010,1,1,0.5565133690834045,treeshap,attribution,5,30,0.14804618740256908,0.82,0.5526585312246202,0.7333333333333333,0.6666666666666666,10,10,1.0,0.0008970792405307293,26,False,True,21,0.8571428571428571,nan
tabular,1,2026-10-02T18:05:27,nodeGcal1,3.11.9,unknown,13153035,8010,1,1,0.5565133690834045,random,attribution,5,30,0.0,0.5,0.38213895455003877,0.07777777777777779,0.0,10,10,0.1111111111111111,2.2138003259897232e-05,26,False,False,29,0.7333333333333333,nan
tabular,1,2026-10-02T18:05:27,nodeGcal1,3.11.9,unknown,13153035,8055,0,0,0.5113102197647095,pyxai,set,26,30,0.1133155723668458,1.0,0.13333333333333341,0.962962962962963,0.9259259259259259,10,10,1.0,0.0553999999538064,26,True,nan,26,1.0,nan
tabular,1,2026-10-02T18:05:27,nodeGcal1,3.11.9,unknown,13153035,8055,0,0,0.5113102197647095,anchors,set,5,30,0.1417116694305976,0.89,0.8333333333333333,0.3829365079365079,0.1111111111111111,10,10,0.6666666666666666,0.7083945423364639,26,False,nan,nan,0.19230769230769232,0.9659781287970839
tabular,1,2026-10-02T18:05:27,nodeGcal1,3.11.9,unknown,13153035,8055,0,0,0.5113102197647095,lime,attribution,5,30,0.1417116694305976,0.93,0.5379923240336879,0.9666666666666666,0.6666666666666666,10,10,1.0,0.05210661329329014,26,False,False,29,0.7931034482758621,nan
tabular,1,2026-10-02T18:05:27,nodeGcal1,3.11.9,unknown,13153035,8055,0,0,0.5113102197647095,treeshap,attribution,5,30,0.23181628380802768,0.84,0.5604801185208754,0.8,0.6666666666666666,10,10,1.0,0.0008763768710196018,26,False,False,27,0.7931034482758621,nan
tabular,1,2026-10-02T18:05:27,nodeGcal1,3.11.9,unknown,13153035,8055,0,0,0.5113102197647095,random,attribution,5,30,0.0,0.29,0.2770110221466858,0.11507936507936507,0.0,10,10,0.0,2.1452084183692932e-05,26,False,False,28,0.7333333333333333,nan
tabular,1,2026-10-02T18:05:27,nodeGcal1,3.11.9,unknown,13153035,8203,0,0,0.5181780457496643,pyxai,set,28,30,0.12506750667302385,1.0,0.06666666666666687,0.9319540229885058,0.8666666666666667,10,10,1.0,0.05419443687424064,28,True,nan,28,1.0,nan
tabular,1,2026-10-02T18:05:27,nodeGcal1,3.11.9,unknown,13153035,8203,0,0,0.5181780457496643,anchors,set,6,30,0.17333907703208745,0.93,0.8,0.4428571428571428,0.3333333333333333,10,10,0.7142857142857143,0.9654580838978291,28,False,nan,nan,0.21428571428571427,0.9776785714285714
tabular,1,2026-10-02T18:05:27,nodeGcal1,3.11.9,unknown,13153035,8203,0,0,0.5181780457496643,lime,attribution,5,30,0.14000438254183975,0.8,0.5007185269908592,1.0,0.6666666666666666,10,10,0.6666666666666666,0.0436688382178545,28,False,False,29,0.9310344827586207,nan
tabular,1,2026-10-02T18:05:27,nodeGcal1,3.11.9,unknown,13153035,8203,0,0,0.5181780457496643,treeshap,attribution,5,30,0.08776931496039896,0.57,0.5989302189901347,0.8333333333333334,0.6666666666666666,10,10,1.0,0.0008483477868139744,28,False,True,25,0.8666666666666667,nan
tabular,1,2026-10-02T18:05:27,nodeGcal1,3.11.9,unknown,13153035,8203,0,0,0.5181780457496643,random,attribution,5,30,0.1576301376244668,0.53,0.2444783895882714,0.10555555555555556,0.0,10,10,0.0,2.4183187633752823e-05,28,False,False,30,0.8666666666666667,nan
tabular,1,2026-10-02T18:05:27,nodeGcal1,3.11.9,unknown,13153035,8256,1,1,0.6353845000267029,pyxai,set,28,30,0.13968755860117224,1.0,0.06666666666666687,0.9250574712643678,0.8666666666666667,10,10,1.0,0.06242808513343334,28,True,nan,28,1.0,nan
tabular,1,2026-10-02T18:05:27,nodeGcal1,3.11.9,unknown,13153035,8256,1,1,0.6353845000267029,anchors,set,2,30,0.3940049435350882,0.98,0.9333333333333333,0.4,0.3333333333333333,10,10,0.3333333333333333,0.29097313713282347,28,False,nan,nan,0.07142857142857142,0.9726775956284153
tabular,1,2026-10-02T18:05:27,nodeGcal1,3.11.9,unknown,13153035,8256,1,1,0.6353845000267029,lime,attribution,5,30,0.3072975819942677,0.99,0.5259604620519027,0.7666666666666667,0.6666666666666666,10,10,0.6666666666666666,0.04810764780268073,28,False,True,25,0.8666666666666667,nan
tabular,1,2026-10-02T18:05:27,nodeGcal1,3.11.9,unknown,13153035,8256,1,1,0.6353845000267029,treeshap,attribution,5,30,0.10283956362782191,1.0,0.7337818792639021,0.8,0.6666666666666666,10,10,1.0,0.0008222609758377075,28,False,True,21,0.9310344827586207,nan
tabular,1,2026-10-02T18:05:27,nodeGcal1,3.11.9,unknown,13153035,8256,1,1,0.6353845000267029,random,attribution,5,30,0.3294539963150035,1.0,0.33800542079198925,0.09166666666666667,0.0,10,10,0.1111111111111111,2.1908897906541824e-05,28,False,True,27,0.8666666666666667,nan
tabular,1,2026-10-02T18:05:27,nodeGcal1,3.11.9,unknown,13153035,8442,0,0,0.581587553024292,pyxai,set,26,30,0.22045991665829698,1.0,0.13333333333333341,0.8816894727239555,0.7931034482758621,10,10,1.0,0.059745908714830875,26,True,nan,26,1.0,nan
tabular,1,2026-10-02T18:05:27,nodeGcal1,3.11.9,unknown,13153035,8442,0,0,0.581587553024292,anchors,set,5,30,0.11388399802406783,0.87,0.8333333333333333,0.5154761904761905,0.1111111111111111,10,10,0.6666666666666666,1.1044436269439757,26,False,nan,nan,0.19230769230769232,0.9532908704883227
tabular,1,2026-10-02T18:05:27,nodeGcal1,3.11.9,unknown,13153035,8442,0,0,0.581587553024292,lime,attribution,5,30,0.015311629508620106,0.86,0.5046173733902966,0.7333333333333334,0.6666666666666666,10,10,1.0,0.06209800112992525,26,False,False,27,0.7931034482758621,nan
tabular,1,2026-10-02T18:05:27,nodeGcal1,3.11.9,unknown,13153035,8442,0,0,0.581587553024292,treeshap,attribution,5,30,0.09615492619975362,0.78,0.5728827695128047,0.8,0.42857142857142855,10,10,1.0,0.0008671972900629044,26,False,True,24,0.8571428571428571,nan
tabular,1,2026-10-02T18:05:27,nodeGcal1,3.11.9,unknown,13153035,8442,0,0,0.581587553024292,random,attribution,5,30,0.06546484624009216,0.64,0.2815608983199315,0.10555555555555556,0.0,10,10,0.1111111111111111,2.3039989173412323e-05,26,False,False,30,0.7333333333333333,nan
tabular,1,2026-10-02T18:05:27,nodeGcal1,3.11.9,unknown,13153035,8575,0,0,0.6952726244926453,pyxai,set,25,30,0.34792368693375825,1.0,0.16666666666666652,0.8528693528693528,0.7241379310344828,10,10,1.0,0.06031530583277345,25,True,nan,25,1.0,nan
tabular,1,2026-10-02T18:05:27,nodeGcal1,3.11.9,unknown,13153035,8575,0,0,0.6952726244926453,anchors,set,5,30,0.3634987460928187,0.94,0.8333333333333333,0.4976190476190476,0.1111111111111111,10,10,0.6666666666666666,1.1613868921995163,25,False,nan,nan,0.2,0.9747899159663865
tabular,1,2026-10-02T18:05:27,nodeGcal1,3.11.9,unknown,13153035,8575,0,0,0.6952726244926453,lime,attribution,5,30,0.21317125055262703,0.78,0.5135221072869296,0.7666666666666667,0.6666666666666666,10,10,0.6666666666666666,0.07034786697477102,25,False,False,26,0.7241379310344828,nan
tabular,1,2026-10-02T18:05:27,nodeGcal1,3.11.9,unknown,13153035,8575,0,0,0.6952726244926453,treeshap,attribution,5,30,0.36073306055111903,0.94,0.6324938655722608,0.6476190476190476,0.42857142857142855,10,10,1.0,0.0008507133461534977,25,False,True,20,0.7857142857142857,nan
tabular,1,2026-10-02T18:05:27,nodeGcal1,3.11.9,unknown,13153035,8575,0,0,0.6952726244926453,random,attribution,5,30,0.004854716423573643,0.56,0.2948195033556049,0.11944444444444444,0.0,10,10,0.0,2.3074913769960403e-05,25,False,True,23,0.7857142857142857,nan
tabular,1,2026-10-02T18:05:27,nodeGcal1,3.11.9,unknown,13153035,8626,1,1,0.5285919904708862,pyxai,set,25,30,0.0,1.0,0.16666666666666652,0.9615384615384617,0.9230769230769231,10,10,1.0,0.0575091103091836,25,True,nan,25,1.0,nan
tabular,1,2026-10-02T18:05:27,nodeGcal1,3.11.9,unknown,13153035,8626,1,1,0.5285919904708862,anchors,set,7,30,0.12170514716345925,0.85,0.7666666666666666,0.47777777777777786,0.4,10,10,0.5555555555555556,1.3927500299178064,25,False,nan,nan,0.28,0.9554896142433235
tabular,1,2026-10-02T18:05:27,nodeGcal1,3.11.9,unknown,13153035,8626,1,1,0.5285919904708862,lime,attribution,5,30,0.003098789373659129,0.6,0.5220010825308897,0.9333333333333332,0.6666666666666666,10,10,0.6666666666666666,0.07731604808941483,25,False,False,28,0.7857142857142857,nan
tabular,1,2026-10-02T18:05:27,nodeGcal1,3.11.9,unknown,13153035,8626,1,1,0.5285919904708862,treeshap,attribution,5,30,0.1461600540892721,0.81,0.5621365298042338,0.9666666666666666,0.6666666666666666,10,10,1.0,0.0008990620262920856,25,False,True,23,0.8518518518518519,nan
tabular,1,2026-10-02T18:05:27,nodeGcal1,3.11.9,unknown,13153035,8626,1,1,0.5285919904708862,random,attribution,5,30,0.0,0.52,0.3296113951835108,0.12063492063492062,0.0,10,10,0.25,2.442486584186554e-05,25,False,True,25,0.8518518518518519,nan
tabular,1,2026-10-02T18:05:27,nodeGcal1,3.11.9,unknown,13153035,8785,0,0,0.635292112827301,pyxai,set,26,30,0.2718825553437358,1.0,0.13333333333333341,0.962962962962963,0.8571428571428571,10,10,1.0,0.06008292594924569,26,True,nan,26,1.0,nan
tabular,1,2026-10-02T18:05:27,nodeGcal1,3.11.9,unknown,13153035,8785,0,0,0.635292112827301,anchors,set,5,30,0.26337736513425564,0.97,0.8333333333333333,0.5773809523809524,0.42857142857142855,10,10,0.6666666666666666,1.1932329377159476,26,False,nan,nan,0.19230769230769232,0.9799498746867168
tabular,1,2026-10-02T18:05:27,nodeGcal1,3.11.9,unknown,13153035,8785,0,0,0.635292112827301,lime,attribution,5,30,0.10543041364523284,0.78,0.5088857738883388,0.9333333333333332,1.0,10,10,0.6666666666666666,0.040851322934031487,26,False,True,23,0.8571428571428571,nan
tabular,1,2026-10-02T18:05:27,nodeGcal1,3.11.9,unknown,13153035,8785,0,0,0.635292112827301,treeshap,attribution,5,30,0.1662705014892902,0.93,0.5870856747399769,1.0,1.0,10,10,1.0,0.0008966829627752304,26,False,True,23,0.7931034482758621,nan
tabular,1,2026-10-02T18:05:27,nodeGcal1,3.11.9,unknown,13153035,8785,0,0,0.635292112827301,random,attribution,5,30,0.0024056069030034717,0.54,0.3239237489214285,0.11388888888888889,0.0,10,10,0.0,2.3249071091413498e-05,26,False,False,27,0.7333333333333333,nan
tabular,1,2026-10-02T18:05:27,nodeGcal1,3.11.9,unknown,13153035,8870,0,0,0.5645961761474609,pyxai,set,27,30,0.19699985811338092,1.0,0.10000000000000009,0.9571428571428571,0.8620689655172413,10,10,1.0,0.0584229901432991,27,True,nan,27,1.0,nan
tabular,1,2026-10-02T18:05:27,nodeGcal1,3.11.9,unknown,13153035,8870,0,0,0.5645961761474609,anchors,set,6,30,0.22207694562026412,0.92,0.8,0.5095238095238095,0.3333333333333333,10,10,0.7142857142857143,1.0460677649825811,27,False,nan,nan,0.2222222222222222,0.9689119170984456
tabular,1,2026-10-02T18:05:27,nodeGcal1,3.11.9,unknown,13153035,8870,0,0,0.5645961761474609,lime,attribution,5,30,0.17860928310096585,0.8,0.4556100576281198,1.0,0.6666666666666666,10,10,1.0,0.04121869895607233,27,False,True,25,0.8620689655172413,nan
tabular,1,2026-10-02T18:05:27,nodeGcal1,3.11.9,unknown,13153035,8870,0,0,0.5645961761474609,treeshap,attribution,5,30,0.08581585650533258,0.59,0.5720604887005523,0.8,0.6666666666666666,10,10,1.0,0.0008337842300534248,27,False,True,24,0.9285714285714286,nan
tabular,1,2026-10-02T18:05:27,nodeGcal1,3.11.9,unknown,13153035,8870,0,0,0.5645961761474609,random,attribution,5,30,0.17243161993979952,0.83,0.3328264938342158,0.10277777777777777,0.0,10,10,0.1111111111111111,2.5251880288124084e-05,27,False,True,27,0.8620689655172413,nan
tabular,1,2026-10-02T18:05:27,nodeGcal1,3.11.9,unknown,13153035,8874,1,1,0.7797383666038513,pyxai,set,26,30,0.2989581969324038,1.0,0.13333333333333341,0.9851851851851852,0.9259259259259259,10,10,1.0,0.06628588167950511,26,True,nan,26,1.0,nan
tabular,1,2026-10-02T18:05:27,nodeGcal1,3.11.9,unknown,13153035,8874,1,1,0.7797383666038513,anchors,set,2,30,0.10033000711902967,0.99,0.9333333333333333,0.5666666666666667,0.0,10,10,1.0,0.3564325487241149,26,False,nan,nan,0.07692307692307693,0.965675057208238
tabular,1,2026-10-02T18:05:27,nodeGcal1,3.11.9,unknown,13153035,8874,1,1,0.7797383666038513,lime,attribution,5,30,0.2466348959041615,1.0,0.5102380949080143,0.8666666666666668,0.6666666666666666,10,10,1.0,0.04112842259928584,26,False,True,23,0.7931034482758621,nan
tabular,1,2026-10-02T18:05:27,nodeGcal1,3.11.9,unknown,13153035,8874,1,1,0.7797383666038513,treeshap,attribution,5,30,0.3072705603547024,1.0,0.6879053325219955,0.7333333333333334,0.6666666666666666,10,10,1.0,0.0008950349874794483,26,False,True,19,0.8571428571428571,nan
tabular,1,2026-10-02T18:05:27,nodeGcal1,3.11.9,unknown,13153035,8874,1,1,0.7797383666038513,random,attribution,5,30,0.00565448023018782,0.42,0.39889297025501735,0.13333333333333336,0.0,10,10,0.1111111111111111,2.1372921764850616e-05,26,False,False,27,0.7931034482758621,nan
tabular,1,2026-10-02T18:05:27,nodeGcal1,3.11.9,unknown,13153035,9137,1,1,0.5869972705841064,pyxai,set,26,30,0.06877047332603588,1.0,0.13333333333333341,0.8935413245758074,0.7931034482758621,10,10,1.0,0.057374997064471245,26,True,nan,26,1.0,nan
tabular,1,2026-10-02T18:05:27,nodeGcal1,3.11.9,unknown,13153035,9137,1,1,0.5869972705841064,anchors,set,2,30,0.2935840937107161,0.91,0.9333333333333333,0.5999999999999999,0.3333333333333333,10,10,0.3333333333333333,0.30646230187267065,26,False,nan,nan,0.07692307692307693,0.9802955665024631
tabular,1,2026-10-02T18:05:27,nodeGcal1,3.11.9,unknown,13153035,9137,1,1,0.5869972705841064,lime,attribution,5,30,0.14921823118586378,0.75,0.515093350542853,0.9666666666666666,1.0,10,10,1.0,0.052795948926359415,26,False,True,24,0.7931034482758621,nan
tabular,1,2026-10-02T18:05:27,nodeGcal1,3.11.9,unknown,13153035,9137,1,1,0.5869972705841064,treeshap,attribution,5,30,0.042082801086089,0.82,0.7090409887514146,0.6857142857142857,0.42857142857142855,10,10,1.0,0.0008486360311508179,26,False,True,22,0.8571428571428571,nan
tabular,1,2026-10-02T18:05:27,nodeGcal1,3.11.9,unknown,13153035,9137,1,1,0.5869972705841064,random,attribution,5,30,0.0,0.53,0.2978523272292196,0.09444444444444444,0.1111111111111111,10,10,0.1111111111111111,2.3208092898130417e-05,26,False,False,27,0.7333333333333333,nan
tabular,1,2026-10-02T18:05:27,nodeGcal1,3.11.9,unknown,13153035,9350,0,0,0.6959253549575806,pyxai,set,25,30,0.34853528999142663,1.0,0.16666666666666652,0.976923076923077,0.8518518518518519,10,10,1.0,0.05938499793410301,25,True,nan,25,1.0,nan
tabular,1,2026-10-02T18:05:27,nodeGcal1,3.11.9,unknown,13153035,9350,0,0,0.6959253549575806,anchors,set,3,30,0.10862484358526134,0.83,0.9,0.5700000000000001,0.0,10,10,0.2,0.9771591071039438,25,False,nan,nan,0.12,0.9651898734177216
tabular,1,2026-10-02T18:05:27,nodeGcal1,3.11.9,unknown,13153035,9350,0,0,0.6959253549575806,lime,attribution,5,30,0.21696567825970028,0.94,0.5187080339321946,0.8999999999999998,1.0,10,10,0.6666666666666666,0.04791787173599005,25,False,False,27,0.6666666666666666,nan
tabular,1,2026-10-02T18:05:27,nodeGcal1,3.11.9,unknown,13153035,9350,0,0,0.6959253549575806,treeshap,attribution,5,30,0.2734988681611108,0.99,0.6407331583673062,1.0,1.0,10,10,1.0,0.0008359667845070362,25,False,True,20,0.9230769230769231,nan
tabular,1,2026-10-02T18:05:27,nodeGcal1,3.11.9,unknown,13153035,9350,0,0,0.6959253549575806,random,attribution,5,30,0.04144662970668115,0.62,0.2311647227051653,0.05833333333333333,0.0,10,10,0.1111111111111111,2.4545006453990936e-05,25,False,False,28,0.6666666666666666,nan
tabular,1,2026-10-02T18:05:27,nodeGcal1,3.11.9,unknown,13153035,9596,1,1,0.5867863297462463,pyxai,set,24,30,0.06843571035246486,1.0,0.20000000000000018,0.8324786324786324,0.7777777777777778,10,10,1.0,0.06246921792626381,24,True,nan,24,1.0,nan
tabular,1,2026-10-02T18:05:27,nodeGcal1,3.11.9,unknown,13153035,9596,1,1,0.5867863297462463,anchors,set,6,30,0.06334045091131307,0.97,0.8,0.21303030303030304,0.09090909090909091,10,10,0.7142857142857143,2.4324117549695075,24,False,nan,nan,0.25,0.9588477366255144
tabular,1,2026-10-02T18:05:27,nodeGcal1,3.11.9,unknown,13153035,9596,1,1,0.5867863297462463,lime,attribution,5,30,0.01231858023060465,0.56,0.5182772223183495,0.9333333333333332,1.0,10,10,0.6666666666666666,0.05282886000350118,24,False,True,19,0.8461538461538461,nan
tabular,1,2026-10-02T18:05:27,nodeGcal1,3.11.9,unknown,13153035,9596,1,1,0.5867863297462463,treeshap,attribution,5,30,0.04848434798181061,0.81,0.5331827274700336,0.5476190476190477,0.42857142857142855,10,10,1.0,0.0008489573374390602,24,False,True,22,0.92,nan
tabular,1,2026-10-02T18:05:27,nodeGcal1,3.11.9,unknown,13153035,9596,1,1,0.5867863297462463,random,attribution,5,30,0.0,0.55,0.34846050400266126,0.04722222222222222,0.0,10,10,0.1111111111111111,2.3697037249803543e-05,24,False,False,29,0.6551724137931034,nan
tabular,1,2026-10-02T18:05:27,nodeGcal1,3.11.9,unknown,13153035,9613,1,1,0.5327948927879333,pyxai,set,26,30,0.0,1.0,0.13333333333333341,0.9777777777777779,0.9259259259259259,10,10,1.0,0.05951709719374776,26,True,nan,26,1.0,nan
tabular,1,2026-10-02T18:05:27,nodeGcal1,3.11.9,unknown,13153035,9613,1,1,0.5327948927879333,anchors,set,5,30,0.14818367982780714,0.93,0.8333333333333333,0.4611111111111111,0.1111111111111111,10,10,0.25,0.5912777786143124,26,False,nan,nan,0.19230769230769232,0.9740634005763689
tabular,1,2026-10-02T18:05:27,nodeGcal1,3.11.9,unknown,13153035,9613,1,1,0.5327948927879333,lime,attribution,5,30,0.2225404597813021,0.83,0.5522246237649283,1.0,0.6666666666666666,10,10,1.0,0.057596405036747456,26,False,False,30,0.7931034482758621,nan
tabular,1,2026-10-02T18:05:27,nodeGcal1,3.11.9,unknown,13153035,9613,1,1,0.5327948927879333,treeshap,attribution,5,30,0.19064165664016985,0.74,0.5999907558841322,0.5904761904761904,0.42857142857142855,10,10,1.0,0.0008247476071119308,26,False,False,28,0.8571428571428571,nan
tabular,1,2026-10-02T18:05:27,nodeGcal1,3.11.9,unknown,13153035,9613,1,1,0.5327948927879333,random,attribution,5,30,0.0,0.45,0.3749620370016973,0.03333333333333333,0.0,10,10,0.1111111111111111,2.6517082005739212e-05,26,False,False,30,0.7333333333333333,nan
tabular,1,2026-10-02T18:05:27,nodeGcal1,3.11.9,unknown,13153035,9629,1,1,0.5125545263290405,pyxai,set,25,30,0.0,1.0,0.16666666666666652,0.976923076923077,0.8518518518518519,10,10,1.0,0.059517167042940855,25,True,nan,25,1.0,nan
tabular,1,2026-10-02T18:05:27,nodeGcal1,3.11.9,unknown,13153035,9629,1,1,0.5125545263290405,anchors,set,5,30,0.02904931809074246,0.92,0.8333333333333333,0.13452380952380955,0.0,10,10,0.42857142857142855,1.4870547498576343,25,False,nan,nan,0.2,0.9502617801047121
tabular,1,2026-10-02T18:05:27,nodeGcal1,3.11.9,unknown,13153035,9629,1,1,0.5125545263290405,lime,attribution,5,30,0.003203888530588408,0.5,0.5604509468597256,0.9,0.6666666666666666,10,10,0.6666666666666666,0.025044933892786503,25,False,True,25,0.7857142857142857,nan
tabular,1,2026-10-02T18:05:27,nodeGcal1,3.11.9,unknown,13153035,9629,1,1,0.5125545263290405,treeshap,attribution,5,30,0.0,0.62,0.4901077619659281,1.0,1.0,10,10,1.0,0.0008730432018637657,25,False,True,24,0.9230769230769231,nan
tabular,1,2026-10-02T18:05:27,nodeGcal1,3.11.9,unknown,13153035,9629,1,1,0.5125545263290405,random,attribution,5,30,0.0,0.44,0.3691597783985443,0.02222222222222222,0.0,10,10,0.1111111111111111,2.331892028450966e-05,25,False,False,30,0.7241379310344828,nan
tabular,1,2026-10-02T18:05:27,nodeGcal1,3.11.9,unknown,13153035,9719,1,1,0.6988780498504639,pyxai,set,25,30,0.23100642477911731,1.0,0.16666666666666652,0.8803418803418804,0.7857142857142857,10,10,1.0,0.06087692501023412,25,True,nan,25,1.0,nan
tabular,1,2026-10-02T18:05:27,nodeGcal1,3.11.9,unknown,13153035,9719,1,1,0.6988780498504639,anchors,set,2,30,0.10202837846735262,1.0,0.9333333333333333,0.5999999999999999,0.3333333333333333,10,10,1.0,0.3038466339930892,25,False,nan,nan,0.08,0.9875776397515528
tabular,1,2026-10-02T18:05:27,nodeGcal1,3.11.9,unknown,13153035,9719,1,1,0.6988780498504639,lime,attribution,5,30,0.21780855775256566,0.98,0.493355050084781,0.9,0.6666666666666666,10,10,1.0,0.025414000265300274,25,False,True,24,0.7857142857142857,nan
tabular,1,2026-10-02T18:05:27,nodeGcal1,3.11.9,unknown,13153035,9719,1,1,0.6988780498504639,treeshap,attribution,5,30,0.18996705223983704,1.0,0.6959507623219476,0.5773809523809524,0.25,10,10,1.0,0.0008225301280617714,25,False,True,20,0.9230769230769231,nan
tabular,1,2026-10-02T18:05:27,nodeGcal1,3.11.9,unknown,13153035,9719,1,1,0.6988780498504639,random,attribution,5,30,0.2100668746057646,1.0,0.33804792776516845,0.1623015873015873,0.0,10,10,0.25,2.660416066646576e-05,25,False,True,25,0.7857142857142857,nan
tabular,1,2026-10-02T18:05:27,nodeGcal1,3.11.9,unknown,13153035,9845,1,1,0.7049495577812195,pyxai,set,25,30,0.22458396574440834,1.0,0.16666666666666652,0.8325193325193325,0.7857142857142857,10,10,1.0,0.059645975939929485,25,True,nan,25,1.0,nan
tabular,1,2026-10-02T18:05:27,nodeGcal1,3.11.9,unknown,13153035,9845,1,1,0.7049495577812195,anchors,set,2,30,0.3313932394702975,1.0,0.9333333333333333,0.4666666666666666,0.3333333333333333,10,10,0.3333333333333333,0.29771544225513935,25,False,nan,nan,0.08,0.963855421686747
tabular,1,2026-10-02T18:05:27,nodeGcal1,3.11.9,unknown,13153035,9845,1,1,0.7049495577812195,lime,attribution,5,30,0.24381743574983908,1.0,0.5241182524172903,0.8333333333333333,0.6666666666666666,10,10,1.0,0.024409303441643715,25,False,True,23,0.7241379310344828,nan
tabular,1,2026-10-02T18:05:27,nodeGcal1,3.11.9,unknown,13153035,9845,1,1,0.7049495577812195,treeshap,attribution,5,30,0.3801992814632102,1.0,0.7449434965535455,0.6297619047619047,0.42857142857142855,10,10,1.0,0.0008605909533798695,25,False,True,23,0.8518518518518519,nan
tabular,1,2026-10-02T18:05:27,nodeGcal1,3.11.9,unknown,13153035,9845,1,1,0.7049495577812195,random,attribution,5,30,0.0,0.51,0.33952508278830484,0.06944444444444445,0.0,10,10,0.0,2.3277942091226578e-05,25,False,True,21,0.6666666666666666,nan
tabular,1,2026-10-02T18:05:27,nodeGcal1,3.11.9,unknown,13153035,9872,1,1,0.5683850646018982,pyxai,set,24,30,0.04931910600331232,1.0,0.20000000000000018,0.9292307692307693,0.92,10,10,1.0,0.06202626880258322,24,True,nan,24,1.0,nan
tabular,1,2026-10-02T18:05:27,nodeGcal1,3.11.9,unknown,13153035,9872,1,1,0.5683850646018982,anchors,set,5,30,0.044362163730627326,0.87,0.8333333333333333,0.30357142857142855,0.25,10,10,0.42857142857142855,1.5186520852148533,24,False,nan,nan,0.16,0.9695945945945946
tabular,1,2026-10-02T18:05:27,nodeGcal1,3.11.9,unknown,13153035,9872,1,1,0.5683850646018982,lime,attribution,5,30,0.0028379016222767834,0.56,0.5218537885622645,1.0,1.0,10,10,1.0,0.025179797783493996,24,False,False,30,0.7142857142857143,nan
tabular,1,2026-10-02T18:05:27,nodeGcal1,3.11.9,unknown,13153035,9872,1,1,0.5683850646018982,treeshap,attribution,5,30,0.044362163730627326,0.86,0.4914964858086468,0.7,0.6666666666666666,10,10,1.0,0.0008354717865586281,24,False,True,22,0.8461538461538461,nan
tabular,1,2026-10-02T18:05:27,nodeGcal1,3.11.9,unknown,13153035,9872,1,1,0.5683850646018982,random,attribution,5,30,0.0,0.46,0.27407211362456807,0.02222222222222222,0.0,10,10,0.0,2.2348947823047638e-05,24,False,False,26,0.6,nan
tabular,1,2026-10-02T18:05:27,nodeGcal1,3.11.9,unknown,13153035,9881,1,1,0.7100751996040344,pyxai,set,25,30,0.23018126706894143,1.0,0.16666666666666652,0.8467643467643468,0.7857142857142857,10,10,1.0,0.062186194118112326,25,True,nan,25,1.0,nan
tabular,1,2026-10-02T18:05:27,nodeGcal1,3.11.9,unknown,13153035,9881,1,1,0.7100751996040344,anchors,set,2,30,0.4026545181202014,1.0,0.9333333333333333,1.0,1.0,10,10,1.0,0.3422683421522379,25,False,nan,nan,0.08,0.9866666666666667
tabular,1,2026-10-02T18:05:27,nodeGcal1,3.11.9,unknown,13153035,9881,1,1,0.7100751996040344,lime,attribution,5,30,0.37100205362422917,1.0,0.5752277587130143,1.0,1.0,10,10,1.0,0.05094589712098241,25,False,True,23,0.7857142857142857,nan
tabular,1,2026-10-02T18:05:27,nodeGcal1,3.11.9,unknown,13153035,9881,1,1,0.7100751996040344,treeshap,attribution,5,30,0.24866841796226585,1.0,0.6843566440764445,0.8,0.42857142857142855,10,10,1.0,0.0008959849365055561,25,False,True,20,0.7857142857142857,nan
tabular,1,2026-10-02T18:05:27,nodeGcal1,3.11.9,unknown,13153035,9881,1,1,0.7100751996040344,random,attribution,5,30,0.0,0.52,0.25249299018249427,0.07896825396825398,0.0,10,10,0.1111111111111111,2.9096845537424088e-05,25,False,False,28,0.6666666666666666,nan
tabular,1,2026-10-02T18:05:27,nodeGcal1,3.11.9,unknown,13153035,9932,0,0,0.7374460697174072,pyxai,set,27,30,0.3852149625954512,1.0,0.10000000000000009,0.9305418719211822,0.8620689655172413,10,10,1.0,0.060765756759792566,27,True,nan,27,1.0,nan
tabular,1,2026-10-02T18:05:27,nodeGcal1,3.11.9,unknown,13153035,9932,0,0,0.7374460697174072,anchors,set,3,30,0.1153469381421001,0.84,0.9,0.4,0.0,10,10,1.0,0.891465560067445,27,False,nan,nan,0.1111111111111111,0.9594202898550724
tabular,1,2026-10-02T18:05:27,nodeGcal1,3.11.9,unknown,13153035,9932,0,0,0.7374460697174072,lime,attribution,5,30,0.1632471978514571,0.75,0.5104292770324446,1.0,1.0,10,10,1.0,0.02642998704686761,27,False,True,25,0.8,nan
tabular,1,2026-10-02T18:05:27,nodeGcal1,3.11.9,unknown,13153035,9932,0,0,0.7374460697174072,treeshap,attribution,5,30,0.21253458938731806,0.81,0.6050551009967591,0.7666666666666667,0.42857142857142855,10,10,1.0,0.0009065018966794014,27,False,True,15,0.8,nan
tabular,1,2026-10-02T18:05:27,nodeGcal1,3.11.9,unknown,13153035,9932,0,0,0.7374460697174072,random,attribution,5,30,0.08712759123370188,0.72,0.33502754052139305,0.10833333333333335,0.0,10,10,0.0,2.6965048164129257e-05,27,False,False,28,0.8,nan
tabular,1,2026-10-02T18:05:27,nodeGcal1,3.11.9,unknown,13153035,9976,0,0,0.5405606031417847,pyxai,set,26,30,0.16129513153562502,1.0,0.13333333333333341,0.9052910052910053,0.8571428571428571,10,10,1.0,0.055457768961787224,26,True,nan,26,1.0,nan
tabular,1,2026-10-02T18:05:27,nodeGcal1,3.11.9,unknown,13153035,9976,0,0,0.5405606031417847,anchors,set,12,30,0.1378846549526072,0.91,0.6,0.5235294117647059,0.4117647058823529,10,10,0.6,2.1009793798439205,26,False,nan,nan,0.46153846153846156,0.9869281045751634
tabular,1,2026-10-02T18:05:27,nodeGcal1,3.11.9,unknown,13153035,9976,0,0,0.5405606031417847,lime,attribution,5,30,0.0,0.44,0.5381935611658988,0.7666666666666667,0.6666666666666666,10,10,0.6666666666666666,0.06623106403276324,26,False,False,28,0.7931034482758621,nan
tabular,1,2026-10-02T18:05:27,nodeGcal1,3.11.9,unknown,13153035,9976,0,0,0.5405606031417847,treeshap,attribution,5,30,0.21576017118343138,0.79,0.526826514106834,0.7333333333333333,0.6666666666666666,10,10,1.0,0.0008585122413933277,26,False,True,24,0.8571428571428571,nan
tabular,1,2026-10-02T18:05:27,nodeGcal1,3.11.9,unknown,13153035,9976,0,0,0.5405606031417847,random,attribution,5,30,0.18124396439691604,0.65,0.30586580617921544,0.06666666666666668,0.0,10,10,0.1111111111111111,2.2452324628829956e-05,26,False,False,27,0.7931034482758621,nan
tabular,1,2026-10-02T18:05:27,nodeGcal1,3.11.9,unknown,13153035,10001,0,0,0.7578111886978149,pyxai,set,24,30,0.38960089702958056,1.0,0.20000000000000018,0.8222222222222222,0.7142857142857143,10,10,1.0,0.06346466904506087,24,True,nan,24,1.0,nan
tabular,1,2026-10-02T18:05:27,nodeGcal1,3.11.9,unknown,13153035,10001,0,0,0.7578111886978149,anchors,set,5,30,0.3374954243217024,0.97,0.8333333333333333,0.5571428571428572,0.42857142857142855,10,10,0.6666666666666666,1.549047864973545,24,False,nan,nan,0.20833333333333334,0.9831460674157303
tabular,1,2026-10-02T18:05:27,nodeGcal1,3.11.9,unknown,13153035,10001,0,0,0.7578111886978149,lime,attribution,5,30,0.17231308383649407,0.84,0.5159921757732036,0.661904761904762,0.6666666666666666,10,10,1.0,0.05322880111634731,24,False,False,26,0.7142857142857143,nan
tabular,1,2026-10-02T18:05:27,nodeGcal1,3.11.9,unknown,13153035,10001,0,0,0.7578111886978149,treeshap,attribution,5,30,0.3199353592530794,0.98,0.611843383107262,0.8,0.6666666666666666,10,10,1.0,0.0008315602317452431,24,False,True,20,0.8461538461538461,nan
tabular,1,2026-10-02T18:05:27,nodeGcal1,3.11.9,unknown,13153035,10001,0,0,0.7578111886978149,random,attribution,5,30,0.0,0.64,0.3444620144788405,0.1123015873015873,0.0,10,10,0.0,2.1828804165124893e-05,24,False,False,30,0.6,nan
tabular,1,2026-10-02T18:05:27,nodeGcal1,3.11.9,unknown,13153035,10010,1,1,0.5578146576881409,pyxai,set,25,30,0.020052300686311603,1.0,0.16666666666666652,0.8666666666666666,0.8518518518518519,10,10,1.0,0.05797659605741501,25,True,nan,25,1.0,nan
tabular,1,2026-10-02T18:05:27,nodeGcal1,3.11.9,unknown,13153035,10010,1,1,0.5578146576881409,anchors,set,5,30,0.20857059785905485,0.89,0.8333333333333333,0.3809523809523809,0.25,10,10,0.25,0.6673970809206367,25,False,nan,nan,0.2,0.9517766497461929
tabular,1,2026-10-02T18:05:27,nodeGcal1,3.11.9,unknown,13153035,10010,1,1,0.5578146576881409,lime,attribution,5,30,0.13548657023391483,0.76,0.5535524175182056,0.8333333333333334,0.6666666666666666,10,10,0.6666666666666666,0.04759626183658838,25,False,False,27,0.7857142857142857,nan
tabular,1,2026-10-02T18:05:27,nodeGcal1,3.11.9,unknown,13153035,10010,1,1,0.5578146576881409,treeshap,attribution,5,30,0.16648081220040184,0.75,0.5471205965615145,0.6857142857142857,0.6666666666666666,10,10,1.0,0.0008984520100057125,25,False,True,23,0.9230769230769231,nan
tabular,1,2026-10-02T18:05:27,nodeGcal1,3.11.9,unknown,13153035,10010,1,1,0.5578146576881409,random,attribution,5,30,0.0,0.41,0.2887857179534554,0.0873015873015873,0.0,10,10,0.1111111111111111,2.3283064365386963e-05,25,False,False,30,0.6666666666666666,nan
tabular,1,2026-10-02T18:05:27,nodeGcal1,3.11.9,unknown,13153035,10285,0,0,0.6272088885307312,pyxai,set,25,30,0.2771613766235074,1.0,0.16666666666666652,0.9401709401709402,0.8518518518518519,10,10,1.0,0.058370647951960564,25,True,nan,25,1.0,nan
tabular,1,2026-10-02T18:05:27,nodeGcal1,3.11.9,unknown,13153035,10285,0,0,0.6272088885307312,anchors,set,4,30,0.27760536411393183,0.92,0.8666666666666667,0.38476190476190475,0.14285714285714285,10,10,1.0,1.2602273221127689,25,False,nan,nan,0.16,0.9542372881355933
tabular,1,2026-10-02T18:05:27,nodeGcal1,3.11.9,unknown,13153035,10285,0,0,0.6272088885307312,lime,attribution,5,30,0.17657388196071794,0.8,0.5749132478452931,0.9666666666666666,0.6666666666666666,10,10,1.0,0.04185326769948006,25,False,True,23,0.7857142857142857,nan
tabular,1,2026-10-02T18:05:27,nodeGcal1,3.11.9,unknown,13153035,10285,0,0,0.6272088885307312,treeshap,attribution,5,30,0.2074187534728099,0.89,0.5990984527499399,1.0,0.6666666666666666,10,10,1.0,0.0008863853290677071,25,False,True,22,0.8518518518518519,nan
tabular,1,2026-10-02T18:05:27,nodeGcal1,3.11.9,unknown,13153035,10285,0,0,0.6272088885307312,random,attribution,5,30,0.023952992064198767,0.52,0.39913931332551456,0.1734126984126984,0.0,10,10,0.1111111111111111,2.2328924387693405e-05,25,False,False,28,0.7241379310344828,nan
tabular,1,2026-10-02T18:05:27,nodeGcal1,3.11.9,unknown,13153035,10292,0,0,0.5738145709037781,pyxai,set,27,30,0.2099001444996791,1.0,0.10000000000000009,0.9428571428571428,0.8620689655172413,10,10,1.0,0.05874076299369335,27,True,nan,27,1.0,nan
tabular,1,2026-10-02T18:05:27,nodeGcal1,3.11.9,unknown,13153035,10292,0,0,0.5738145709037781,anchors,set,3,30,0.21184799726519477,0.83,0.9,0.52,0.0,10,10,0.5,0.8892684350721538,27,False,nan,nan,0.1111111111111111,0.967741935483871
tabular,1,2026-10-02T18:05:27,nodeGcal1,3.11.9,unknown,13153035,10292,0,0,0.5738145709037781,lime,attribution,5,30,0.17356612556067505,0.82,0.5018031075140061,0.9,1.0,10,10,1.0,0.06790389120578766,27,False,True,27,0.8,nan
tabular,1,2026-10-02T18:05:27,nodeGcal1,3.11.9,unknown,13153035,10292,0,0,0.5738145709037781,treeshap,attribution,5,30,0.2739915847192862,0.92,0.6379190030299882,0.8,0.6666666666666666,10,10,1.0,0.0008774092420935631,27,False,True,23,0.8,nan
tabular,1,2026-10-02T18:05:27,nodeGcal1,3.11.9,unknown,13153035,10292,0,0,0.5738145709037781,random,attribution,5,30,0.07572049102260296,0.45,0.26068830334151405,0.08055555555555556,0.0,10,10,0.0,2.347910776734352e-05,27,False,False,30,0.8,nan
tabular,1,2026-10-02T18:05:27,nodeGcal1,3.11.9,unknown,13153035,10298,0,0,0.6428024172782898,pyxai,set,27,30,0.3463434106654637,1.0,0.10000000000000009,0.9443349753694582,0.8620689655172413,10,10,1.0,0.06055567692965269,27,True,nan,27,1.0,nan
tabular,1,2026-10-02T18:05:27,nodeGcal1,3.11.9,unknown,13153035,10298,0,0,0.6428024172782898,anchors,set,4,30,0.1925803252557969,0.93,0.8666666666666667,0.49523809523809514,0.0,10,10,0.3333333333333333,0.8592320056632161,27,False,nan,nan,0.14814814814814814,0.9593709043250328
tabular,1,2026-10-02T18:05:27,nodeGcal1,3.11.9,unknown,13153035,10298,0,0,0.6428024172782898,lime,attribution,5,30,0.1925803252557969,0.94,0.5181571263149845,0.9333333333333332,0.6666666666666666,10,10,0.42857142857142855,0.04549033613875508,27,False,True,27,0.8620689655172413,nan
tabular,1,2026-10-02T18:05:27,nodeGcal1,3.11.9,unknown,13153035,10298,0,0,0.6428024172782898,treeshap,attribution,5,30,0.08078040249674646,0.77,0.6424985173551072,1.0,1.0,10,10,1.0,0.000873279757797718,27,False,True,23,0.8620689655172413,nan
tabular,1,2026-10-02T18:05:27,nodeGcal1,3.11.9,unknown,13153035,10298,0,0,0.6428024172782898,random,attribution,5,30,0.20421181081809106,0.82,0.3920316967166976,0.05555555555555556,0.0,10,10,0.42857142857142855,2.2908207029104233e-05,27,False,True,26,0.8,nan
tabular,1,2026-10-02T18:05:27,nodeGcal1,3.11.9,unknown,13153035,10340,1,1,0.5190303921699524,pyxai,set,25,30,0.0,1.0,0.16666666666666652,0.9538461538461538,0.8518518518518519,10,10,1.0,0.059839921072125435,25,True,nan,25,1.0,nan
tabular,1,2026-10-02T18:05:27,nodeGcal1,3.11.9,unknown,13153035,10340,1,1,0.5190303921699524,anchors,set,7,30,0.12592414805661764,0.97,0.7666666666666666,0.45636363636363625,0.2727272727272727,10,10,0.5555555555555556,1.610598904080689,25,False,nan,nan,0.28,0.9523809523809523
tabular,1,2026-10-02T18:05:27,nodeGcal1,3.11.9,unknown,13153035,10340,1,1,0.5190303921699524,lime,attribution,5,30,0.008027781717374541,0.61,0.5633365723751225,0.9666666666666666,1.0,10,10,1.0,0.06029218900948763,25,False,False,30,0.8518518518518519,nan
tabular,1,2026-10-02T18:05:27,nodeGcal1,3.11.9,unknown,13153035,10340,1,1,0.5190303921699524,treeshap,attribution,5,30,0.11399771586326646,0.75,0.5165515777018551,1.0,1.0,10,10,1.0,0.0008632708340883255,25,False,True,25,1.0,nan
tabular,1,2026-10-02T18:05:27,nodeGcal1,3.11.9,unknown,13153035,10340,1,1,0.5190303921699524,random,attribution,5,30,0.0,0.44,0.39099631788046063,0.04444444444444444,0.0,10,10,0.1111111111111111,2.276897430419922e-05,25,False,True,25,0.7857142857142857,nan
tabular,1,2026-10-02T18:05:27,nodeGcal1,3.11.9,unknown,13153035,10432,0,0,0.5559627413749695,pyxai,set,26,30,0.18453022870955765,1.0,0.13333333333333341,0.8521620142309798,0.7931034482758621,10,10,1.0,0.058354683220386505,26,True,nan,26,1.0,nan
tabular,1,2026-10-02T18:05:27,nodeGcal1,3.11.9,unknown,13153035,10432,0,0,0.5559627413749695,anchors,set,7,30,0.11953729973078552,0.76,0.7666666666666666,0.7166666666666666,0.4,10,10,0.5555555555555556,2.865672128275037,26,False,nan,nan,0.2692307692307692,0.9623893805309734
tabular,1,2026-10-02T18:05:27,nodeGcal1,3.11.9,unknown,13153035,10432,0,0,0.5559627413749695,lime,attribution,5,30,0.06469520741179824,0.71,0.5180037831427937,0.8333333333333333,0.6666666666666666,10,10,1.0,0.024768055882304907,26,False,True,25,0.8571428571428571,nan
tabular,1,2026-10-02T18:05:27,nodeGcal1,3.11.9,unknown,13153035,10432,0,0,0.5559627413749695,treeshap,attribution,5,30,0.11159091062595826,0.84,0.5328651428448772,1.0,0.6666666666666666,10,10,1.0,0.0008168620988726616,26,False,True,25,0.8571428571428571,nan
tabular,1,2026-10-02T18:05:27,nodeGcal1,3.11.9,unknown,13153035,10432,0,0,0.5559627413749695,random,attribution,5,30,0.020143538889866284,0.51,0.2668472988939622,0.13333333333333336,0.0,10,10,0.1111111111111111,2.2695865482091904e-05,26,False,False,29,0.7333333333333333,nan
tabular,1,2026-10-02T18:05:27,nodeGcal1,3.11.9,unknown,13153035,10436,1,1,0.6748729348182678,pyxai,set,26,30,0.2036534546423494,1.0,0.13333333333333341,0.9851851851851852,0.9259259259259259,10,10,1.0,0.06268576998263597,26,True,nan,26,1.0,nan
tabular,1,2026-10-02T18:05:27,nodeGcal1,3.11.9,unknown,13153035,10436,1,1,0.6748729348182678,anchors,set,6,30,0.1352295418436706,0.97,0.8,0.25333333333333335,0.2,10,10,0.5,1.588128849864006,26,False,nan,nan,0.23076923076923078,0.9753521126760564
tabular,1,2026-10-02T18:05:27,nodeGcal1,3.11.9,unknown,13153035,10436,1,1,0.6748729348182678,lime,attribution,5,30,0.0451787588400395,0.58,0.5234435631884831,0.8999999999999998,0.6666666666666666,10,10,1.0,0.02565529802814126,26,False,True,22,0.7333333333333333,nan
tabular,1,2026-10-02T18:05:27,nodeGcal1,3.11.9,unknown,13153035,10436,1,1,0.6748729348182678,treeshap,attribution,5,30,0.15276437892763683,0.81,0.51790010825846,0.5,0.25,10,10,1.0,0.0008135628886520863,26,False,True,19,0.8571428571428571,nan
tabular,1,2026-10-02T18:05:27,nodeGcal1,3.11.9,unknown,13153035,10436,1,1,0.6748729348182678,random,attribution,5,30,0.0,0.46,0.21676269379888446,0.1261904761904762,0.0,10,10,0.1111111111111111,2.160109579563141e-05,26,False,False,27,0.7931034482758621,nan
tabular,1,2026-10-02T18:05:27,nodeGcal1,3.11.9,unknown,13153035,10547,1,1,0.6682886481285095,pyxai,set,25,30,0.18204627300532653,1.0,0.16666666666666652,0.9324786324786324,0.8518518518518519,10,10,1.0,0.0631670830771327,25,True,nan,25,1.0,nan
tabular,1,2026-10-02T18:05:27,nodeGcal1,3.11.9,unknown,13153035,10547,1,1,0.6682886481285095,anchors,set,2,30,0.1506250031773927,0.91,0.9333333333333333,0.7333333333333333,0.3333333333333333,10,10,1.0,0.38179153203964233,25,False,nan,nan,0.08,0.9562043795620438
tabular,1,2026-10-02T18:05:27,nodeGcal1,3.11.9,unknown,13153035,10547,1,1,0.6682886481285095,lime,attribution,5,30,0.1506250031773927,0.95,0.49984375463075814,0.8333333333333333,0.6666666666666666,10,10,0.6666666666666666,0.047850025817751884,25,False,True,23,0.8518518518518519,nan
tabular,1,2026-10-02T18:05:27,nodeGcal1,3.11.9,unknown,13153035,10547,1,1,0.6682886481285095,treeshap,attribution,5,30,0.20534849063367067,0.99,0.6057263043866292,0.5190476190476191,0.25,10,10,1.0,0.0008741579949855804,25,False,True,20,1.0,nan
tabular,1,2026-10-02T18:05:27,nodeGcal1,3.11.9,unknown,13153035,10547,1,1,0.6682886481285095,random,attribution,5,30,0.05765257527566613,0.52,0.3461178278368372,0.16785714285714287,0.0,10,10,0.1111111111111111,2.37966887652874e-05,25,False,False,26,0.7241379310344828,nan
tabular,1,2026-10-02T18:05:27,nodeGcal1,3.11.9,unknown,13153035,10615,1,1,0.5506045818328857,pyxai,set,27,30,0.10889091249989716,1.0,0.10000000000000009,0.93,0.8620689655172413,10,10,1.0,0.06077329721301794,27,True,nan,27,1.0,nan
tabular,1,2026-10-02T18:05:27,nodeGcal1,3.11.9,unknown,13153035,10615,1,1,0.5506045818328857,anchors,set,2,30,0.3040749059388942,0.94,0.9333333333333333,1.0,1.0,10,10,1.0,0.33749936893582344,27,False,nan,nan,0.07407407407407407,0.9655172413793104
tabular,1,2026-10-02T18:05:27,nodeGcal1,3.11.9,unknown,13153035,10615,1,1,0.5506045818328857,lime,attribution,5,30,0.21749057007373768,0.97,0.5408041281724887,0.7333333333333334,0.6666666666666666,10,10,1.0,0.025001659989356995,27,False,True,25,0.8620689655172413,nan
tabular,1,2026-10-02T18:05:27,nodeGcal1,3.11.9,unknown,13153035,10615,1,1,0.5506045818328857,treeshap,attribution,5,30,0.2660057058036211,0.93,0.6756131508905889,0.638095238095238,0.6666666666666666,10,10,1.0,0.00086170993745327,27,False,True,21,0.8620689655172413,nan
tabular,1,2026-10-02T18:05:27,nodeGcal1,3.11.9,unknown,13153035,10615,1,1,0.5506045818328857,random,attribution,5,30,0.0,0.58,0.340323526508971,0.13055555555555556,0.0,10,10,0.42857142857142855,2.2415071725845337e-05,27,False,False,30,0.8,nan
tabular,1,2026-10-02T18:05:27,nodeGcal1,3.11.9,unknown,13153035,10633,0,0,0.525467038154602,pyxai,set,28,30,0.13720409343418474,1.0,0.06666666666666687,0.9724137931034482,0.8666666666666667,10,10,1.0,0.05594620015472174,28,True,nan,28,1.0,nan
tabular,1,2026-10-02T18:05:27,nodeGcal1,3.11.9,unknown,13153035,10633,0,0,0.525467038154602,anchors,set,6,30,0.13559313574581489,0.84,0.8,0.49285714285714277,0.2,10,10,0.5,1.0714330999180675,28,False,nan,nan,0.21428571428571427,0.9602925809822361
tabular,1,2026-10-02T18:05:27,nodeGcal1,3.11.9,unknown,13153035,10633,0,0,0.525467038154602,lime,attribution,5,30,0.0,0.58,0.5190783212627335,0.9333333333333332,0.6666666666666666,10,10,0.42857142857142855,0.050040481612086296,28,False,False,30,0.9310344827586207,nan
tabular,1,2026-10-02T18:05:27,nodeGcal1,3.11.9,unknown,13153035,10633,0,0,0.525467038154602,treeshap,attribution,5,30,0.03909039534820938,0.61,0.6177248048466903,0.8,0.6666666666666666,10,10,1.0,0.0008425451815128326,28,False,True,28,0.8666666666666667,nan
tabular,1,2026-10-02T18:05:27,nodeGcal1,3.11.9,unknown,13153035,10633,0,0,0.525467038154602,random,attribution,5,30,0.1758316872496136,0.67,0.2868981832909253,0.13452380952380955,0.0,10,10,0.1111111111111111,2.2596213966608047e-05,28,False,False,30,0.8666666666666667,nan
tabular,1,2026-10-02T18:05:27,nodeGcal1,3.11.9,unknown,13153035,10657,0,0,0.520149290561676,pyxai,set,26,30,0.1283832972924225,1.0,0.13333333333333341,0.9333333333333333,0.8571428571428571,10,10,1.0,0.05617002863436937,26,True,nan,26,1.0,nan
tabular,1,2026-10-02T18:05:27,nodeGcal1,3.11.9,unknown,13153035,10657,0,0,0.520149290561676,anchors,set,5,30,0.26637668926371233,0.93,0.8333333333333333,0.6714285714285715,0.25,10,10,0.6666666666666666,1.7454785141162574,26,False,nan,nan,0.19230769230769232,0.9527186761229315
tabular,1,2026-10-02T18:05:27,nodeGcal1,3.11.9,unknown,13153035,10657,0,0,0.520149290561676,lime,attribution,5,30,0.03131634485003822,0.75,0.5463663491059443,0.8666666666666666,0.6666666666666666,10,10,0.6666666666666666,0.0409358162432909,26,False,False,30,0.8571428571428571,nan
tabular,1,2026-10-02T18:05:27,nodeGcal1,3.11.9,unknown,13153035,10657,0,0,0.520149290561676,treeshap,attribution,5,30,0.020835584577232724,0.59,0.6554329359864943,0.7666666666666667,0.6666666666666666,10,10,1.0,0.0008118539117276669,26,False,True,25,0.9259259259259259,nan
tabular,1,2026-10-02T18:05:27,nodeGcal1,3.11.9,unknown,13153035,10657,0,0,0.520149290561676,random,attribution,5,30,0.013002344425820793,0.57,0.360833554407904,0.08055555555555556,0.0,10,10,0.0,2.263300120830536e-05,26,False,False,30,0.7931034482758621,nan
tabular,1,2026-10-02T18:05:27,nodeGcal1,3.11.9,unknown,13153035,10698,0,0,0.534287691116333,pyxai,set,27,30,0.15144814845390267,1.0,0.10000000000000009,0.9714285714285715,0.8620689655172413,10,10,1.0,0.05825497396290302,27,True,nan,27,1.0,nan
tabular,1,2026-10-02T18:05:27,nodeGcal1,3.11.9,unknown,13153035,10698,0,0,0.534287691116333,anchors,set,5,30,0.14044083687161557,0.79,0.8333333333333333,0.3273809523809524,0.25,10,10,0.6666666666666666,1.284992755856365,27,False,nan,nan,0.18518518518518517,0.9616666666666667
tabular,1,2026-10-02T18:05:27,nodeGcal1,3.11.9,unknown,13153035,10698,0,0,0.534287691116333,lime,attribution,5,30,0.08767417161803062,0.76,0.5172217245814904,0.9,0.6666666666666666,10,10,1.0,0.060769323725253344,27,False,False,28,0.8,nan
tabular,1,2026-10-02T18:05:27,nodeGcal1,3.11.9,unknown,13153035,10698,0,0,0.534287691116333,treeshap,attribution,5,30,0.15530508062374915,0.75,0.5633861079826308,1.0,0.6666666666666666,10,10,1.0,0.0008520018309354782,27,False,True,25,0.9285714285714286,nan
tabular,1,2026-10-02T18:05:27,nodeGcal1,3.11.9,unknown,13153035,10698,0,0,0.534287691116333,random,attribution,5,30,0.11374686797875022,0.48,0.32739735305628537,0.15555555555555556,0.0,10,10,0.0,2.1626707166433334e-05,27,False,False,29,0.8,nan
tabular,1,2026-10-02T18:05:27,nodeGcal1,3.11.9,unknown,13153035,10732,1,1,0.5459657311439514,pyxai,set,27,30,0.0,1.0,0.10000000000000009,0.9928571428571429,0.9285714285714286,10,10,1.0,0.05880931206047535,27,True,nan,27,1.0,nan
tabular,1,2026-10-02T18:05:27,nodeGcal1,3.11.9,unknown,13153035,10732,1,1,0.5459657311439514,anchors,set,8,30,0.14897931556253777,0.97,0.7333333333333334,0.413986013986014,0.23076923076923078,10,10,0.6,1.4368486697785556,27,False,nan,nan,0.2962962962962963,0.9652509652509652
tabular,1,2026-10-02T18:05:27,nodeGcal1,3.11.9,unknown,13153035,10732,1,1,0.5459657311439514,lime,attribution,5,30,0.013587000131553307,0.55,0.5442728460748977,0.9333333333333332,0.6666666666666666,10,10,1.0,0.06629847316071391,27,False,False,28,0.8620689655172413,nan
tabular,1,2026-10-02T18:05:27,nodeGcal1,3.11.9,unknown,13153035,10732,1,1,0.5459657311439514,treeshap,attribution,5,30,0.04174246447924269,0.69,0.5548060433394576,0.7,0.6666666666666666,10,10,1.0,0.0008333688601851463,27,False,True,22,0.9285714285714286,nan
tabular,1,2026-10-02T18:05:27,nodeGcal1,3.11.9,unknown,13153035,10732,1,1,0.5459657311439514,random,attribution,5,30,0.0,0.48,0.336712506872902,0.09166666666666667,0.0,10,10,0.0,2.2410880774259567e-05,27,False,False,28,0.8,nan
tabular,1,2026-10-02T18:05:27,nodeGcal1,3.11.9,unknown,13153035,10737,1,1,0.5266096591949463,pyxai,set,25,30,0.0,1.0,0.16666666666666652,0.9307692307692308,0.8518518518518519,10,10,1.0,0.058963673654943705,25,True,nan,25,1.0,nan
tabular,1,2026-10-02T18:05:27,nodeGcal1,3.11.9,unknown,13153035,10737,1,1,0.5266096591949463,anchors,set,6,30,0.05320550752209044,0.91,0.8,0.2496969696969697,0.09090909090909091,10,10,0.7142857142857143,1.1786344470456243,25,False,nan,nan,0.24,0.9566037735849057
tabular,1,2026-10-02T18:05:27,nodeGcal1,3.11.9,unknown,13153035,10737,1,1,0.5266096591949463,lime,attribution,5,30,0.01408730958215941,0.5,0.582522817371697,1.0,0.6666666666666666,10,10,0.6666666666666666,0.04579322272911668,25,False,False,29,0.7857142857142857,nan
tabular,1,2026-10-02T18:05:27,nodeGcal1,3.11.9,unknown,13153035,10737,1,1,0.5266096591949463,treeshap,attribution,5,30,0.0,0.56,0.5582441705802099,0.7666666666666667,0.42857142857142855,10,10,1.0,0.0008700569160282612,25,False,True,23,0.9230769230769231,nan
tabular,1,2026-10-02T18:05:27,nodeGcal1,3.11.9,unknown,13153035,10737,1,1,0.5266096591949463,random,attribution,5,30,0.01408730958215941,0.49,0.33602638043007615,0.12222222222222223,0.0,10,10,0.1111111111111111,2.459995448589325e-05,25,False,False,30,0.6666666666666666,nan
tabular,1,2026-10-02T18:05:27,nodeGcal1,3.11.9,unknown,13153035,10770,0,0,0.6502659320831299,pyxai,set,24,30,0.3027916930805859,1.0,0.20000000000000018,0.8374212454212454,0.7142857142857143,10,10,1.0,0.06106968782842159,24,True,nan,24,1.0,nan
tabular,1,2026-10-02T18:05:27,nodeGcal1,3.11.9,unknown,13153035,10770,0,0,0.6502659320831299,anchors,set,4,30,0.18256485174779177,0.81,0.8666666666666667,0.4552380952380952,0.14285714285714285,10,10,1.0,1.004846982192248,24,False,nan,nan,0.16666666666666666,0.9587852494577006
tabular,1,2026-10-02T18:05:27,nodeGcal1,3.11.9,unknown,13153035,10770,0,0,0.6502659320831299,lime,attribution,5,30,0.16515494719721582,0.83,0.492326504001645,0.7666666666666667,0.6666666666666666,10,10,0.6666666666666666,0.06760133989155293,24,False,False,26,0.6551724137931034,nan
tabular,1,2026-10-02T18:05:27,nodeGcal1,3.11.9,unknown,13153035,10770,0,0,0.6502659320831299,treeshap,attribution,5,30,0.2054406501692263,0.91,0.5837185330577117,1.0,0.6666666666666666,10,10,1.0,0.0009103529155254364,24,False,True,21,0.92,nan
tabular,1,2026-10-02T18:05:27,nodeGcal1,3.11.9,unknown,13153035,10770,0,0,0.6502659320831299,random,attribution,5,30,0.060218602756531556,0.48,0.2861398758875445,0.10555555555555556,0.0,10,10,0.1111111111111111,2.3821834474802017e-05,24,False,False,25,0.6551724137931034,nan
tabular,1,2026-10-02T18:05:27,nodeGcal1,3.11.9,unknown,13153035,10956,1,1,0.7207320928573608,pyxai,set,27,30,0.25432385275471686,1.0,0.10000000000000009,0.9157635467980297,0.8620689655172413,10,10,1.0,0.06358783273026347,27,True,nan,27,1.0,nan
tabular,1,2026-10-02T18:05:27,nodeGcal1,3.11.9,unknown,13153035,10956,1,1,0.7207320928573608,anchors,set,2,30,0.2843171259253525,1.0,0.9333333333333333,0.33333333333333337,0.3333333333333333,10,10,0.3333333333333333,0.3089709607884288,27,False,nan,nan,0.07407407407407407,0.990990990990991
tabular,1,2026-10-02T18:05:27,nodeGcal1,3.11.9,unknown,13153035,10956,1,1,0.7207320928573608,lime,attribution,5,30,0.2649069069337286,1.0,0.5271955703327647,0.7666666666666667,0.6666666666666666,10,10,0.6666666666666666,0.048833210952579975,27,False,True,21,0.8,nan
tabular,1,2026-10-02T18:05:27,nodeGcal1,3.11.9,unknown,13153035,10956,1,1,0.7207320928573608,treeshap,attribution,5,30,0.25242480944647305,1.0,0.7181792366927784,0.9,0.6666666666666666,10,10,1.0,0.0008021192625164986,27,False,True,19,0.9285714285714286,nan
tabular,1,2026-10-02T18:05:27,nodeGcal1,3.11.9,unknown,13153035,10956,1,1,0.7207320928573608,random,attribution,5,30,0.0006830204538947548,0.46,0.3443651277703097,0.09444444444444444,0.0,10,10,0.1111111111111111,2.220878377556801e-05,27,False,True,26,0.8620689655172413,nan
tabular,1,2026-10-02T18:05:27,nodeGcal1,3.11.9,unknown,13153035,10970,1,1,0.6174371242523193,pyxai,set,26,30,0.11468039582672869,1.0,0.13333333333333341,0.8640211640211639,0.8571428571428571,10,10,1.0,0.06235567480325699,26,True,nan,26,1.0,nan
tabular,1,2026-10-02T18:05:27,nodeGcal1,3.11.9,unknown,13153035,10970,1,1,0.6174371242523193,anchors,set,2,30,0.10606826454916538,0.93,0.9333333333333333,0.4666666666666666,0.3333333333333333,10,10,1.0,0.30915358196944,26,False,nan,nan,0.07692307692307693,0.9621848739495799
tabular,1,2026-10-02T18:05:27,nodeGcal1,3.11.9,unknown,13153035,10970,1,1,0.6174371242523193,lime,attribution,5,30,0.10606826454916538,0.93,0.5001390513320985,1.0,0.6666666666666666,10,10,1.0,0.048821419943124056,26,False,True,24,0.8571428571428571,nan
tabular,1,2026-10-02T18:05:27,nodeGcal1,3.11.9,unknown,13153035,10970,1,1,0.6174371242523193,treeshap,attribution,5,30,0.07340419945175519,0.91,0.6263732474895904,0.5095238095238096,0.25,10,10,1.0,0.0008181491866707802,26,False,True,19,0.9259259259259259,nan
tabular,1,2026-10-02T18:05:27,nodeGcal1,3.11.9,unknown,13153035,10970,1,1,0.6174371242523193,random,attribution,5,30,0.009571598308542355,0.49,0.2551462381125572,0.08333333333333333,0.0,10,10,0.1111111111111111,2.2283289581537247e-05,26,False,True,25,0.7333333333333333,nan
tabular,1,2026-10-02T18:05:27,nodeGcal1,3.11.9,unknown,13153035,11025,1,1,0.6483774781227112,pyxai,set,25,30,0.16034381050359678,1.0,0.16666666666666652,0.9846153846153847,0.8518518518518519,10,10,1.0,0.061682692263275385,25,True,nan,25,1.0,nan
tabular,1,2026-10-02T18:05:27,nodeGcal1,3.11.9,unknown,13153035,11025,1,1,0.6483774781227112,anchors,set,4,30,0.2071109965472415,0.92,0.8666666666666667,0.22285714285714286,0.0,10,10,0.6,0.5921659981831908,25,False,nan,nan,0.16,0.9732142857142857
tabular,1,2026-10-02T18:05:27,nodeGcal1,3.11.9,unknown,13153035,11025,1,1,0.6483774781227112,lime,attribution,5,30,0.17294257779186537,0.86,0.5406760033264918,0.9333333333333332,0.6666666666666666,10,10,1.0,0.04621254000812769,25,False,True,22,0.7857142857142857,nan
tabular,1,2026-10-02T18:05:27,nodeGcal1,3.11.9,unknown,13153035,11025,1,1,0.6483774781227112,treeshap,attribution,5,30,0.19187184666549426,0.88,0.6170978345388611,0.7857142857142858,0.42857142857142855,10,10,1.0,0.0008680499158799648,25,False,True,20,0.9230769230769231,nan
tabular,1,2026-10-02T18:05:27,nodeGcal1,3.11.9,unknown,13153035,11025,1,1,0.6483774781227112,random,attribution,5,30,0.019822450312186032,0.47,0.2890057756309563,0.08055555555555556,0.0,10,10,0.42857142857142855,2.2994820028543472e-05,25,False,False,29,0.7241379310344828,nan
tabular,1,2026-10-02T18:05:27,nodeGcal1,3.11.9,unknown,13153035,11083,1,1,0.5275508761405945,pyxai,set,26,30,0.0,1.0,0.13333333333333341,0.9703703703703704,0.9259259259259259,10,10,1.0,0.05939225805923343,26,True,nan,26,1.0,nan
tabular,1,2026-10-02T18:05:27,nodeGcal1,3.11.9,unknown,13153035,11083,1,1,0.5275508761405945,anchors,set,6,30,0.0031056956773005033,0.79,0.8,0.23242424242424242,0.09090909090909091,10,10,0.5,1.2984794932417572,26,False,nan,nan,0.18518518518518517,0.963963963963964
tabular,1,2026-10-02T18:05:27,nodeGcal1,3.11.9,unknown,13153035,11083,1,1,0.5275508761405945,lime,attribution,5,30,0.0031056956773005033,0.55,0.5279187800991867,0.9333333333333332,1.0,10,10,1.0,0.05740904062986374,26,False,False,28,0.7931034482758621,nan
tabular,1,2026-10-02T18:05:27,nodeGcal1,3.11.9,unknown,13153035,11083,1,1,0.5275508761405945,treeshap,attribution,5,30,0.06481518410409866,0.73,0.5224748343297396,0.9333333333333332,0.6666666666666666,10,10,1.0,0.0008245711214840412,26,False,True,23,1.0,nan
tabular,1,2026-10-02T18:05:27,nodeGcal1,3.11.9,unknown,13153035,11083,1,1,0.5275508761405945,random,attribution,5,30,0.0,0.51,0.38180673923295994,0.06666666666666668,0.0,10,10,0.0,2.4232082068920135e-05,26,False,False,30,0.7931034482758621,nan
tabular,1,2026-10-02T18:05:27,nodeGcal1,3.11.9,unknown,13153035,11172,0,0,0.5128002762794495,pyxai,set,26,30,0.11589203335766103,1.0,0.13333333333333341,0.962962962962963,0.9259259259259259,10,10,1.0,0.05633792607113719,26,True,nan,26,1.0,nan
tabular,1,2026-10-02T18:05:27,nodeGcal1,3.11.9,unknown,13153035,11172,0,0,0.5128002762794495,anchors,set,6,30,0.21599965408867536,0.89,0.8,0.5166666666666666,0.3333333333333333,10,10,0.5,2.1018807478249073,26,False,nan,nan,0.23076923076923078,0.9511754068716094
tabular,1,2026-10-02T18:05:27,nodeGcal1,3.11.9,unknown,13153035,11172,0,0,0.5128002762794495,lime,attribution,5,30,0.04796044243639201,0.85,0.5056578548923361,1.0,1.0,10,10,0.6666666666666666,0.057655694894492626,26,False,False,29,0.8571428571428571,nan
tabular,1,2026-10-02T18:05:27,nodeGcal1,3.11.9,unknown,13153035,11172,0,0,0.5128002762794495,treeshap,attribution,5,30,0.06544965392013656,0.55,0.5888315121310442,0.8666666666666666,0.6666666666666666,10,10,1.0,0.0008233715780079365,26,False,True,25,0.9259259259259259,nan
tabular,1,2026-10-02T18:05:27,nodeGcal1,3.11.9,unknown,13153035,11172,0,0,0.5128002762794495,random,attribution,5,30,0.017789326752649343,0.44,0.3549314311458519,0.06666666666666668,0.0,10,10,0.0,2.25873664021492e-05,26,False,False,27,0.7931034482758621,nan
tabular,1,2026-10-02T18:05:27,nodeGcal1,3.11.9,unknown,13153035,11221,0,0,0.5954018831253052,pyxai,set,27,30,0.2385465642545849,1.0,0.10000000000000009,0.9428571428571428,0.9285714285714286,10,10,1.0,0.061361117754131556,27,True,nan,27,1.0,nan
tabular,1,2026-10-02T18:05:27,nodeGcal1,3.11.9,unknown,13153035,11221,0,0,0.5954018831253052,anchors,set,6,30,0.14791635674818748,0.86,0.8,0.4280952380952381,0.2,10,10,0.7142857142857143,1.620176156051457,27,False,nan,nan,0.2222222222222222,0.9664948453608248
tabular,1,2026-10-02T18:05:27,nodeGcal1,3.11.9,unknown,13153035,11221,0,0,0.5954018831253052,lime,attribution,5,30,0.0,0.49,0.5301140397854427,0.8,0.6666666666666666,10,10,1.0,0.048177178017795086,27,False,True,27,0.8,nan
tabular,1,2026-10-02T18:05:27,nodeGcal1,3.11.9,unknown,13153035,11221,0,0,0.5954018831253052,treeshap,attribution,5,30,0.107229758260583,0.66,0.5228093031904175,0.7333333333333334,0.6666666666666666,10,10,1.0,0.0008929036557674408,27,False,True,23,0.9285714285714286,nan
tabular,1,2026-10-02T18:05:27,nodeGcal1,3.11.9,unknown,13153035,11221,0,0,0.5954018831253052,random,attribution,5,30,0.0873652768103427,0.63,0.36399467141250674,0.11388888888888889,0.0,10,10,0.1111111111111111,2.3204367607831955e-05,27,False,False,29,0.8620689655172413,nan
tabular,1,2026-10-02T18:05:27,nodeGcal1,3.11.9,unknown,13153035,11249,0,0,0.5339157581329346,pyxai,set,26,30,0.15085703568581832,1.0,0.13333333333333341,0.9338624338624338,0.8571428571428571,10,10,1.0,0.05697864480316639,26,True,nan,26,1.0,nan
tabular,1,2026-10-02T18:05:27,nodeGcal1,3.11.9,unknown,13153035,11249,0,0,0.5339157581329346,anchors,set,5,30,0.10966093672203107,0.84,0.8333333333333333,0.5952380952380952,0.42857142857142855,10,10,0.42857142857142855,1.5597261576913297,26,False,nan,nan,0.19230769230769232,0.9523809523809523
tabular,1,2026-10-02T18:05:27,nodeGcal1,3.11.9,unknown,13153035,11249,0,0,0.5339157581329346,lime,attribution,5,30,0.0,0.41,0.5515054563692177,0.7333333333333334,0.6666666666666666,10,10,0.6666666666666666,0.04660897562280297,26,False,False,30,0.7931034482758621,nan
tabular,1,2026-10-02T18:05:27,nodeGcal1,3.11.9,unknown,13153035,11249,0,0,0.5339157581329346,treeshap,attribution,5,30,0.0,0.54,0.5267262757170028,0.7,0.6666666666666666,10,10,1.0,0.0008329069241881371,26,False,True,23,0.8571428571428571,nan
tabular,1,2026-10-02T18:05:27,nodeGcal1,3.11.9,unknown,13153035,11249,0,0,0.5339157581329346,random,attribution,5,30,0.007156253558422885,0.5,0.3171174724066652,0.12777777777777777,0.0,10,10,0.1111111111111111,2.1167099475860596e-05,26,False,False,28,0.7931034482758621,nan
tabular,1,2026-10-02T18:05:27,nodeGcal1,3.11.9,unknown,13153035,11338,0,0,0.6007212400436401,pyxai,set,26,30,0.22998016556150114,1.0,0.13333333333333341,0.9206349206349207,0.8571428571428571,10,10,1.0,0.05927139287814498,26,True,nan,26,1.0,nan
tabular,1,2026-10-02T18:05:27,nodeGcal1,3.11.9,unknown,13153035,11338,0,0,0.6007212400436401,anchors,set,5,30,0.0844792294037861,0.85,0.8333333333333333,0.5238095238095238,0.42857142857142855,10,10,1.0,1.4186525321565568,26,False,nan,nan,0.19230769230769232,0.9517241379310345
tabular,1,2026-10-02T18:05:27,nodeGcal1,3.11.9,unknown,13153035,11338,0,0,0.6007212400436401,lime,attribution,5,30,0.0,0.5,0.5415876108104061,0.8333333333333333,0.6666666666666666,10,10,0.6666666666666666,0.04153033206239343,26,False,True,26,0.7333333333333333,nan
tabular,1,2026-10-02T18:05:27,nodeGcal1,3.11.9,unknown,13153035,11338,0,0,0.6007212400436401,treeshap,attribution,5,30,0.19747361444193193,0.8,0.5247745916104876,1.0,1.0,10,10,1.0,0.0008289632387459278,26,False,True,20,0.8571428571428571,nan
tabular,1,2026-10-02T18:05:27,nodeGcal1,3.11.9,unknown,13153035,11338,0,0,0.6007212400436401,random,attribution,5,30,0.049595819983866536,0.61,0.28204576615901256,0.1123015873015873,0.0,10,10,0.1111111111111111,2.267817035317421e-05,26,False,False,27,0.8571428571428571,nan
tabular,1,2026-10-02T18:05:27,nodeGcal1,3.11.9,unknown,13153035,11405,0,0,0.6453202366828918,pyxai,set,24,30,0.283197328229151,1.0,0.20000000000000018,0.9314285714285715,0.7142857142857143,10,10,1.0,0.06126649118959904,24,True,nan,24,1.0,nan
tabular,1,2026-10-02T18:05:27,nodeGcal1,3.11.9,unknown,13153035,11405,0,0,0.6453202366828918,anchors,set,4,30,0.2664256077834408,0.94,0.8666666666666667,0.6933333333333332,0.3333333333333333,10,10,1.0,1.1535201240330935,24,False,nan,nan,0.16666666666666666,0.9574105621805792
tabular,1,2026-10-02T18:05:27,nodeGcal1,3.11.9,unknown,13153035,11405,0,0,0.6453202366828918,lime,attribution,5,30,0.1501994563983021,0.77,0.4856498358294131,0.8333333333333333,0.6666666666666666,10,10,0.6666666666666666,0.0247800019569695,24,False,False,26,0.6551724137931034,nan
tabular,1,2026-10-02T18:05:27,nodeGcal1,3.11.9,unknown,13153035,11405,0,0,0.6453202366828918,treeshap,attribution,5,30,0.27878526347465615,0.9,0.6129013155585323,0.8999999999999998,0.6666666666666666,10,10,1.0,0.0008338810876011848,24,False,True,21,0.8461538461538461,nan
tabular,1,2026-10-02T18:05:27,nodeGcal1,3.11.9,unknown,13153035,11405,0,0,0.6453202366828918,random,attribution,5,30,0.04597828123994094,0.62,0.34182941162433844,0.09166666666666667,0.0,10,10,0.1111111111111111,2.3183878511190414e-05,24,False,False,27,0.6,nan
tabular,1,2026-10-02T18:05:27,nodeGcal1,3.11.9,unknown,13153035,11476,0,0,0.590690016746521,pyxai,set,24,30,0.23247253770736098,1.0,0.20000000000000018,0.8940170940170941,0.7777777777777778,10,10,1.0,0.06012223707512021,24,True,nan,24,1.0,nan
tabular,1,2026-10-02T18:05:27,nodeGcal1,3.11.9,unknown,13153035,11476,0,0,0.590690016746521,anchors,set,5,30,0.22631913957974736,0.83,0.8333333333333333,0.4503968253968254,0.1111111111111111,10,10,0.42857142857142855,1.115376414731145,24,False,nan,nan,0.20833333333333334,0.9516129032258065
tabular,1,2026-10-02T18:05:27,nodeGcal1,3.11.9,unknown,13153035,11476,0,0,0.590690016746521,lime,attribution,5,30,0.2140305065501637,0.81,0.5790944203322039,1.0,1.0,10,10,1.0,0.04851209372282028,24,False,False,29,0.7777777777777778,nan
tabular,1,2026-10-02T18:05:27,nodeGcal1,3.11.9,unknown,13153035,11476,0,0,0.590690016746521,treeshap,attribution,5,30,0.1733302496212463,0.72,0.5584675008914421,0.9,0.42857142857142855,10,10,1.0,0.0008390853181481361,24,False,True,23,0.92,nan
tabular,1,2026-10-02T18:05:27,nodeGcal1,3.11.9,unknown,13153035,11476,0,0,0.590690016746521,random,attribution,5,30,0.0,0.56,0.3512968564444534,0.09444444444444444,0.0,10,10,0.0,2.4348031729459763e-05,24,False,False,28,0.7142857142857143,nan
tabular,1,2026-10-02T18:05:27,nodeGcal1,3.11.9,unknown,13153035,11576,1,1,0.614508330821991,pyxai,set,26,30,0.11046089527581639,1.0,0.13333333333333341,0.9481481481481481,0.8571428571428571,10,10,1.0,0.06172113912180066,26,True,nan,26,1.0,nan
tabular,1,2026-10-02T18:05:27,nodeGcal1,3.11.9,unknown,13153035,11576,1,1,0.614508330821991,anchors,set,3,30,0.2006810259697166,0.96,0.9,0.2,0.2,10,10,0.2,0.42480202205479145,26,False,nan,nan,0.11538461538461539,1.0
tabular,1,2026-10-02T18:05:27,nodeGcal1,3.11.9,unknown,13153035,11576,1,1,0.614508330821991,lime,attribution,5,30,0.07473991339644971,0.79,0.5406775503575614,1.0,1.0,10,10,1.0,0.042321675922721624,26,False,True,24,0.8571428571428571,nan
tabular,1,2026-10-02T18:05:27,nodeGcal1,3.11.9,unknown,13153035,11576,1,1,0.614508330821991,treeshap,attribution,5,30,0.14915712221230817,0.92,0.6578885557001857,0.8333333333333334,0.42857142857142855,10,10,1.0,0.0008628731593489647,26,False,True,21,0.8571428571428571,nan
tabular,1,2026-10-02T18:05:27,nodeGcal1,3.11.9,unknown,13153035,11576,1,1,0.614508330821991,random,attribution,5,30,0.0,0.54,0.27835251365786096,0.07222222222222222,0.0,10,10,0.1111111111111111,2.6430003345012665e-05,26,False,False,28,0.7333333333333333,nan
tabular,1,2026-10-02T18:05:27,nodeGcal1,3.11.9,unknown,13153035,11610,0,0,0.5489895939826965,pyxai,set,25,30,0.1741723075914197,1.0,0.16666666666666652,0.9028490028490029,0.8518518518518519,10,10,1.0,0.05829632095992565,25,True,nan,25,1.0,nan
tabular,1,2026-10-02T18:05:27,nodeGcal1,3.11.9,unknown,13153035,11610,0,0,0.5489895939826965,anchors,set,5,30,0.09928280898889824,0.73,0.8333333333333333,0.2956349206349206,0.1111111111111111,10,10,0.6666666666666666,1.223830715753138,25,False,nan,nan,0.2,0.9584086799276673
tabular,1,2026-10-02T18:05:27,nodeGcal1,3.11.9,unknown,13153035,11610,0,0,0.5489895939826965,lime,attribution,5,30,0.11362945207093152,0.61,0.5249324663537731,0.8666666666666666,0.6666666666666666,10,10,1.0,0.049516219180077314,25,False,False,27,0.7857142857142857,nan
tabular,1,2026-10-02T18:05:27,nodeGcal1,3.11.9,unknown,13153035,11610,0,0,0.5489895939826965,treeshap,attribution,5,30,0.1357745716119953,0.61,0.5461913081433939,0.7666666666666666,0.6666666666666666,10,10,1.0,0.0008890382014214993,25,False,False,27,0.8518518518518519,nan
tabular,1,2026-10-02T18:05:27,nodeGcal1,3.11.9,unknown,13153035,11610,0,0,0.5489895939826965,random,attribution,5,30,0.011698148974699249,0.57,0.2719051077543353,0.06944444444444445,0.0,10,10,0.1111111111111111,2.2993888705968857e-05,25,False,False,30,0.7241379310344828,nan
tabular,1,2026-10-02T18:05:27,nodeGcal1,3.11.9,unknown,13153035,11821,0,0,0.5023883581161499,pyxai,set,27,30,0.09756903751691547,1.0,0.10000000000000009,0.95,0.9285714285714286,10,10,1.0,0.05343992309644818,27,True,nan,27,1.0,nan
tabular,1,2026-10-02T18:05:27,nodeGcal1,3.11.9,unknown,13153035,11821,0,0,0.5023883581161499,anchors,set,7,30,0.08716183012330048,0.72,0.7666666666666666,0.6583333333333333,0.2727272727272727,10,10,0.75,1.9963276023045182,27,False,nan,nan,0.25925925925925924,0.9641025641025641
tabular,1,2026-10-02T18:05:27,nodeGcal1,3.11.9,unknown,13153035,11821,0,0,0.5023883581161499,lime,attribution,5,30,0.0,0.54,0.4833283949656255,0.7,0.6666666666666666,10,10,0.6666666666666666,0.024593194015324116,27,False,False,30,0.8620689655172413,nan
tabular,1,2026-10-02T18:05:27,nodeGcal1,3.11.9,unknown,13153035,11821,0,0,0.5023883581161499,treeshap,attribution,5,30,0.05531270740203861,0.54,0.49648616411763036,0.638095238095238,0.42857142857142855,10,10,1.0,0.0008500618860125542,27,False,True,25,0.9285714285714286,nan
tabular,1,2026-10-02T18:05:27,nodeGcal1,3.11.9,unknown,13153035,11821,0,0,0.5023883581161499,random,attribution,5,30,0.02230670100340765,0.52,0.36885511201794796,0.05833333333333333,0.0,10,10,0.1111111111111111,2.2631138563156128e-05,27,False,False,30,0.8,nan
tabular,1,2026-10-02T18:05:27,nodeGcal1,3.11.9,unknown,13153035,11832,1,1,0.6257897019386292,pyxai,set,28,30,0.12649698652510918,1.0,0.06666666666666687,1.0,1.0,10,10,1.0,0.0611732667312026,28,True,nan,28,1.0,nan
tabular,1,2026-10-02T18:05:27,nodeGcal1,3.11.9,unknown,13153035,11832,1,1,0.6257897019386292,anchors,set,6,30,0.1118159818702889,0.88,0.8,0.2666666666666667,0.2,10,10,0.5,1.5601635458879173,28,False,nan,nan,0.21428571428571427,0.9625
tabular,1,2026-10-02T18:05:27,nodeGcal1,3.11.9,unknown,13153035,11832,1,1,0.6257897019386292,lime,attribution,5,30,0.011225154678884455,0.56,0.5091952828167572,0.9333333333333332,0.6666666666666666,10,10,1.0,0.024411107879132032,28,False,True,23,0.9310344827586207,nan
tabular,1,2026-10-02T18:05:27,nodeGcal1,3.11.9,unknown,13153035,11832,1,1,0.6257897019386292,treeshap,attribution,5,30,0.1118159818702889,0.81,0.5143959208001146,0.7666666666666667,0.42857142857142855,10,10,1.0,0.0008866740390658379,28,False,True,21,0.9310344827586207,nan
tabular,1,2026-10-02T18:05:27,nodeGcal1,3.11.9,unknown,13153035,11832,1,1,0.6257897019386292,random,attribution,5,30,0.016875116499090532,0.52,0.28394693563722406,0.10833333333333332,0.0,10,10,0.0,2.268608659505844e-05,28,False,False,29,0.8666666666666667,nan
tabular,1,2026-10-02T18:05:27,nodeGcal1,3.11.9,unknown,13153035,11853,0,0,0.5405389070510864,pyxai,set,25,30,0.14424796482156613,1.0,0.16666666666666652,0.8605616605616605,0.7857142857142857,10,10,1.0,0.05698032397776842,25,True,nan,25,1.0,nan
tabular,1,2026-10-02T18:05:27,nodeGcal1,3.11.9,unknown,13153035,11853,0,0,0.5405389070510864,anchors,set,5,30,0.16055640817939607,0.79,0.8333333333333333,0.2956349206349206,0.1111111111111111,10,10,0.6666666666666666,1.058225329965353,25,False,nan,nan,0.15384615384615385,0.9621212121212122
tabular,1,2026-10-02T18:05:27,nodeGcal1,3.11.9,unknown,13153035,11853,0,0,0.5405389070510864,lime,attribution,5,30,0.0,0.55,0.5460976897136034,0.9666666666666666,0.6666666666666666,10,10,1.0,0.02553964639082551,25,False,False,29,0.7857142857142857,nan
tabular,1,2026-10-02T18:05:27,nodeGcal1,3.11.9,unknown,13153035,11853,0,0,0.5405389070510864,treeshap,attribution,5,30,0.0,0.55,0.6349297144652943,0.8,0.42857142857142855,10,10,1.0,0.0008606556802988052,25,False,True,24,0.8518518518518519,nan
tabular,1,2026-10-02T18:05:27,nodeGcal1,3.11.9,unknown,13153035,11853,0,0,0.5405389070510864,random,attribution,5,30,0.0,0.56,0.30950492035190513,0.06944444444444445,0.0,10,10,0.1111111111111111,2.420414239168167e-05,25,False,False,28,0.7241379310344828,nan
tabular,1,2026-10-02T18:05:27,nodeGcal1,3.11.9,unknown,13153035,11876,0,0,0.6931918263435364,pyxai,set,28,30,0.34596630784511107,1.0,0.06666666666666687,0.9199999999999999,0.8666666666666667,10,10,1.0,0.06034540804103017,28,True,nan,28,1.0,nan
tabular,1,2026-10-02T18:05:27,nodeGcal1,3.11.9,unknown,13153035,11876,0,0,0.6931918263435364,anchors,set,4,30,0.18355514943512927,0.9,0.8666666666666667,0.4476190476190475,0.3333333333333333,10,10,0.6,1.0373280327767134,28,False,nan,nan,0.14285714285714285,0.9539007092198581
tabular,1,2026-10-02T18:05:27,nodeGcal1,3.11.9,unknown,13153035,11876,0,0,0.6931918263435364,lime,attribution,5,30,0.0396930169824509,0.84,0.47610055915961147,0.9,0.6666666666666666,10,10,0.6666666666666666,0.0430986350402236,28,False,True,20,0.8666666666666667,nan
tabular,1,2026-10-02T18:05:27,nodeGcal1,3.11.9,unknown,13153035,11876,0,0,0.6931918263435364,treeshap,attribution,5,30,0.22307395921298584,0.82,0.5904414830271878,1.0,1.0,10,10,1.0,0.0008588284254074097,28,False,True,21,0.9310344827586207,nan
tabular,1,2026-10-02T18:05:27,nodeGcal1,3.11.9,unknown,13153035,11876,0,0,0.6931918263435364,random,attribution,5,30,0.0,0.58,0.37992861630093644,0.08055555555555556,0.0,10,10,0.0,3.0166935175657272e-05,28,False,False,30,0.8666666666666667,nan
tabular,1,2026-10-02T18:05:27,nodeGcal1,3.11.9,unknown,13153035,11967,1,1,0.6184390187263489,pyxai,set,28,30,0.11611464688837411,1.0,0.06666666666666687,0.9724137931034482,0.9310344827586207,10,10,1.0,0.061840314883738756,28,True,nan,28,1.0,nan
tabular,1,2026-10-02T18:05:27,nodeGcal1,3.11.9,unknown,13153035,11967,1,1,0.6184390187263489,anchors,set,6,30,0.10482363333119693,0.89,0.8,0.38619047619047625,0.2,10,10,0.5,1.45372672425583,28,False,nan,nan,0.21428571428571427,0.9601449275362319
tabular,1,2026-10-02T18:05:27,nodeGcal1,3.11.9,unknown,13153035,11967,1,1,0.6184390187263489,lime,attribution,5,30,0.01144309990135591,0.5,0.5146746529219013,0.9333333333333332,0.6666666666666666,10,10,1.0,0.04498739028349519,28,False,True,24,0.9310344827586207,nan
tabular,1,2026-10-02T18:05:27,nodeGcal1,3.11.9,unknown,13153035,11967,1,1,0.6184390187263489,treeshap,attribution,5,30,0.1371462221530434,0.73,0.5675751945146789,0.8999999999999998,0.6666666666666666,10,10,1.0,0.0008937790989875793,28,False,True,22,0.8666666666666667,nan
tabular,1,2026-10-02T18:05:27,nodeGcal1,3.11.9,unknown,13153035,11967,1,1,0.6184390187263489,random,attribution,5,30,0.0,0.48,0.3312308323389741,0.03333333333333333,0.0,10,10,0.25,2.3998785763978958e-05,28,False,True,28,0.8666666666666667,nan
tabular,1,2026-10-02T18:05:27,nodeGcal1,3.11.9,unknown,13153035,12053,1,1,0.5649131536483765,pyxai,set,24,30,0.05978790145679265,1.0,0.20000000000000018,0.8267350427350427,0.7777777777777778,10,10,1.0,0.05948447296395898,24,True,nan,24,1.0,nan
tabular,1,2026-10-02T18:05:27,nodeGcal1,3.11.9,unknown,13153035,12053,1,1,0.5649131536483765,anchors,set,6,30,0.04239174818283396,0.96,0.8,0.26961038961038963,0.09090909090909091,10,10,0.7142857142857143,1.45371040282771,24,False,nan,nan,0.2,0.9862068965517241
tabular,1,2026-10-02T18:05:27,nodeGcal1,3.11.9,unknown,13153035,12053,1,1,0.5649131536483765,lime,attribution,5,30,0.00286072420753202,0.5,0.48791355659145086,0.8333333333333333,1.0,10,10,1.0,0.04521084809675813,24,False,False,25,0.7142857142857143,nan
tabular,1,2026-10-02T18:05:27,nodeGcal1,3.11.9,unknown,13153035,12053,1,1,0.5649131536483765,treeshap,attribution,5,30,0.04239174818283396,0.83,0.5202639360178434,0.8,0.6666666666666666,10,10,1.0,0.0008634948171675205,24,False,True,23,0.8461538461538461,nan
tabular,1,2026-10-02T18:05:27,nodeGcal1,3.11.9,unknown,13153035,12053,1,1,0.5649131536483765,random,attribution,5,30,0.0,0.54,0.30719123881808963,0.06944444444444445,0.0,10,10,0.0,2.3209955543279648e-05,24,False,False,29,0.6,nan
tabular,1,2026-10-02T18:05:27,nodeGcal1,3.11.9,unknown,13153035,12070,0,0,0.530594527721405,pyxai,set,26,30,0.1413672520885712,1.0,0.13333333333333341,0.9423280423280425,0.9259259259259259,10,10,1.0,0.058290957007557154,26,True,nan,26,1.0,nan
tabular,1,2026-10-02T18:05:27,nodeGcal1,3.11.9,unknown,13153035,12070,0,0,0.530594527721405,anchors,set,8,30,0.04691931463163085,0.94,0.7333333333333334,0.5094949494949494,0.45454545454545453,10,10,1.0,2.26682663988322,26,False,nan,nan,0.3076923076923077,0.9582417582417583
tabular,1,2026-10-02T18:05:27,nodeGcal1,3.11.9,unknown,13153035,12070,0,0,0.530594527721405,lime,attribution,5,30,0.0,0.44,0.5363333599631055,1.0,0.6666666666666666,10,10,1.0,0.025401653721928596,26,False,False,29,0.8571428571428571,nan
tabular,1,2026-10-02T18:05:27,nodeGcal1,3.11.9,unknown,13153035,12070,0,0,0.530594527721405,treeshap,attribution,5,30,0.016719803268942953,0.5,0.4821027228471475,0.7,0.6666666666666666,10,10,1.0,0.0008504819124937057,26,False,True,26,0.9259259259259259,nan
tabular,1,2026-10-02T18:05:27,nodeGcal1,3.11.9,unknown,13153035,12070,0,0,0.530594527721405,random,attribution,5,30,0.023388380389397813,0.56,0.2475404459861522,0.09166666666666667,0.0,10,10,0.0,2.113915979862213e-05,26,False,False,30,0.7333333333333333,nan
tabular,1,2026-10-02T18:05:27,nodeGcal1,3.11.9,unknown,13153035,12219,1,1,0.5517154335975647,pyxai,set,26,30,0.009218961158024163,1.0,0.13333333333333341,0.9333333333333332,0.9259259259259259,10,10,1.0,0.060631212778389454,26,True,nan,26,1.0,nan
tabular,1,2026-10-02T18:05:27,nodeGcal1,3.11.9,unknown,13153035,12219,1,1,0.5517154335975647,anchors,set,7,30,0.08347279767430629,0.88,0.7666666666666666,0.0952991452991453,0.0,10,10,0.5555555555555556,1.5626187780871987,26,False,nan,nan,0.2692307692307692,0.9587912087912088
tabular,1,2026-10-02T18:05:27,nodeGcal1,3.11.9,unknown,13153035,12219,1,1,0.5517154335975647,lime,attribution,5,30,0.0,0.35,0.5085638931340342,0.8333333333333333,0.6666666666666666,10,10,0.6666666666666666,0.02547873416915536,26,False,True,26,0.7931034482758621,nan
tabular,1,2026-10-02T18:05:27,nodeGcal1,3.11.9,unknown,13153035,12219,1,1,0.5517154335975647,treeshap,attribution,5,30,0.0,0.35,0.5118161973734394,0.8333333333333333,0.6666666666666666,10,10,1.0,0.0008771712891757488,26,False,True,23,0.9259259259259259,nan
tabular,1,2026-10-02T18:05:27,nodeGcal1,3.11.9,unknown,13153035,12219,1,1,0.5517154335975647,random,attribution,5,30,0.0,0.49,0.3571454477485736,0.07777777777777777,0.0,10,10,0.0,2.6866793632507324e-05,26,False,False,30,0.7333333333333333,nan
tabular,1,2026-10-02T18:05:27,nodeGcal1,3.11.9,unknown,13153035,12282,1,1,0.5439417958259583,pyxai,set,26,30,0.0,1.0,0.13333333333333341,1.0,0.9259259259259259,10,10,1.0,0.057367607951164246,26,True,nan,26,1.0,nan
tabular,1,2026-10-02T18:05:27,nodeGcal1,3.11.9,unknown,13153035,12282,1,1,0.5439417958259583,anchors,set,8,30,0.06037424106894836,0.91,0.7333333333333334,0.3815073815073815,0.3333333333333333,10,10,0.7777777777777778,1.6605814048089087,26,False,nan,nan,0.25925925925925924,0.9568627450980393
tabular,1,2026-10-02T18:05:27,nodeGcal1,3.11.9,unknown,13153035,12282,1,1,0.5439417958259583,lime,attribution,5,30,0.0029981933696105853,0.46,0.5600782190900618,0.9333333333333332,0.6666666666666666,10,10,1.0,0.044311456847935915,26,False,False,28,0.7931034482758621,nan
tabular,1,2026-10-02T18:05:27,nodeGcal1,3.11.9,unknown,13153035,12282,1,1,0.5439417958259583,treeshap,attribution,5,30,0.03877576491954868,0.6,0.5445572681810182,0.7666666666666667,0.6666666666666666,10,10,1.0,0.0008574649691581726,26,False,True,24,0.9259259259259259,nan
tabular,1,2026-10-02T18:05:27,nodeGcal1,3.11.9,unknown,13153035,12282,1,1,0.5439417958259583,random,attribution,5,30,0.0029981933696105853,0.49,0.3142259715346618,0.1373015873015873,0.0,10,10,0.0,2.434477210044861e-05,26,False,False,29,0.7333333333333333,nan
tabular,1,2026-10-02T18:05:27,nodeGcal1,3.11.9,unknown,13153035,12424,0,0,0.5286660194396973,pyxai,set,25,30,0.14242490933017526,1.0,0.16666666666666652,0.9703703703703704,0.8518518518518519,10,10,1.0,0.0535858110524714,25,True,nan,25,1.0,nan
tabular,1,2026-10-02T18:05:27,nodeGcal1,3.11.9,unknown,13153035,12424,0,0,0.5286660194396973,anchors,set,5,30,0.11031773448556093,0.88,0.8333333333333333,0.5452380952380953,0.25,10,10,0.6666666666666666,1.1490186611190438,25,False,nan,nan,0.2,0.9629629629629629
tabular,1,2026-10-02T18:05:27,nodeGcal1,3.11.9,unknown,13153035,12424,0,0,0.5286660194396973,lime,attribution,5,30,0.02327008017548591,0.45,0.5430575008793238,0.8333333333333333,0.6666666666666666,10,10,1.0,0.02471920195966959,25,False,False,28,0.7241379310344828,nan
tabular,1,2026-10-02T18:05:27,nodeGcal1,3.11.9,unknown,13153035,12424,0,0,0.5286660194396973,treeshap,attribution,5,30,0.0,0.41,0.6016803042743648,0.8333333333333333,0.6666666666666666,10,10,1.0,0.0008372371084988117,25,False,True,24,0.9230769230769231,nan
tabular,1,2026-10-02T18:05:27,nodeGcal1,3.11.9,unknown,13153035,12424,0,0,0.5286660194396973,random,attribution,5,30,0.0,0.67,0.4241452915674112,0.16785714285714287,0.0,10,10,0.0,2.3035798221826553e-05,25,False,False,30,0.7241379310344828,nan
tabular,1,2026-10-02T18:05:27,nodeGcal1,3.11.9,unknown,13153035,12545,1,1,0.5078742504119873,pyxai,set,26,30,0.0,1.0,0.13333333333333341,1.0,0.9259259259259259,10,10,1.0,0.05535955214872956,26,True,nan,26,1.0,nan
tabular,1,2026-10-02T18:05:27,nodeGcal1,3.11.9,unknown,13153035,12545,1,1,0.5078742504119873,anchors,set,2,30,0.27149396834726097,0.86,0.9333333333333333,0.5666666666666667,0.0,10,10,1.0,0.37217885022982955,26,False,nan,nan,0.07692307692307693,0.9730941704035875
tabular,1,2026-10-02T18:05:27,nodeGcal1,3.11.9,unknown,13153035,12545,1,1,0.5078742504119873,lime,attribution,5,30,0.10382325851489475,0.68,0.48894635208242854,0.8666666666666666,0.6666666666666666,10,9,0.6666666666666666,0.043956710025668144,26,False,False,27,0.8571428571428571,nan
tabular,1,2026-10-02T18:05:27,nodeGcal1,3.11.9,unknown,13153035,12545,1,1,0.5078742504119873,treeshap,attribution,5,30,0.0,0.66,0.6932977382990787,1.0,1.0,10,10,1.0,0.0008901320397853851,26,False,True,22,0.9259259259259259,nan
tabular,1,2026-10-02T18:05:27,nodeGcal1,3.11.9,unknown,13153035,12545,1,1,0.5078742504119873,random,attribution,5,30,0.0,0.39,0.38067904538633945,0.08333333333333333,0.0,10,10,0.0,2.33394093811512e-05,26,False,False,29,0.7333333333333333,nan
tabular,1,2026-10-02T18:05:27,nodeGcal1,3.11.9,unknown,13153035,12633,1,1,0.6644744873046875,pyxai,set,26,30,0.1911913241727329,1.0,0.13333333333333341,0.9201058201058201,0.8571428571428571,10,10,1.0,0.062119279988110065,26,True,nan,26,1.0,nan
tabular,1,2026-10-02T18:05:27,nodeGcal1,3.11.9,unknown,13153035,12633,1,1,0.6644744873046875,anchors,set,3,30,0.4219908948951707,1.0,0.9,0.44000000000000006,0.2,10,10,0.5,0.4112394559197128,26,False,nan,nan,0.11538461538461539,0.9775280898876404
tabular,1,2026-10-02T18:05:27,nodeGcal1,3.11.9,unknown,13153035,12633,1,1,0.6644744873046875,lime,attribution,5,30,0.3067434234132087,0.99,0.6215643687507821,0.8333333333333333,0.6666666666666666,10,10,1.0,0.04805123992264271,26,False,True,24,0.7333333333333333,nan
tabular,1,2026-10-02T18:05:27,nodeGcal1,3.11.9,unknown,13153035,12633,1,1,0.6644744873046875,treeshap,attribution,5,30,0.31871809302305554,0.99,0.7648413527015593,0.5714285714285714,0.42857142857142855,10,10,1.0,0.0008952473290264606,26,False,True,19,0.7931034482758621,nan
tabular,1,2026-10-02T18:05:27,nodeGcal1,3.11.9,unknown,13153035,12633,1,1,0.6644744873046875,random,attribution,5,30,0.0,0.47,0.29176461653982066,0.14007936507936508,0.0,10,10,0.1111111111111111,2.2981315851211548e-05,26,False,False,30,0.7333333333333333,nan
tabular,1,2026-10-02T18:05:27,nodeGcal1,3.11.9,unknown,13153035,12696,0,0,0.7176792621612549,pyxai,set,24,30,0.5055748605142908,1.0,0.20000000000000018,0.976,0.8461538461538461,10,10,1.0,0.06134108221158385,24,True,nan,24,1.0,nan
tabular,1,2026-10-02T18:05:27,nodeGcal1,3.11.9,unknown,13153035,12696,0,0,0.7176792621612549,anchors,set,5,30,0.45926801354743013,0.92,0.8333333333333333,0.6380952380952382,0.25,10,10,0.6666666666666666,1.276320360135287,24,False,nan,nan,0.20833333333333334,0.9768518518518519
tabular,1,2026-10-02T18:05:27,nodeGcal1,3.11.9,unknown,13153035,12696,0,0,0.7176792621612549,lime,attribution,5,30,0.2331496778415801,0.74,0.548776507869054,0.7,0.6666666666666666,10,10,0.6666666666666666,0.05273153819143772,24,False,True,24,0.7777777777777778,nan
tabular,1,2026-10-02T18:05:27,nodeGcal1,3.11.9,unknown,13153035,12696,0,0,0.7176792621612549,treeshap,attribution,5,30,0.2734004614364993,0.87,0.6218679658686861,0.6666666666666667,0.6666666666666666,10,10,1.0,0.0008585387840867043,24,False,True,22,0.8461538461538461,nan
tabular,1,2026-10-02T18:05:27,nodeGcal1,3.11.9,unknown,13153035,12696,0,0,0.7176792621612549,random,attribution,5,30,0.0,0.54,0.32842129340014903,0.08333333333333333,0.0,10,10,0.25,2.301996573805809e-05,24,False,False,27,0.6,nan
tabular,1,2026-10-02T18:05:27,nodeGcal1,3.11.9,unknown,13153035,12740,0,0,0.7779288291931152,pyxai,set,28,30,0.41720785688672857,1.0,0.06666666666666687,0.9397701149425288,0.8666666666666667,10,10,1.0,0.06307665910571814,28,True,nan,28,1.0,nan
tabular,1,2026-10-02T18:05:27,nodeGcal1,3.11.9,unknown,13153035,12740,0,0,0.7779288291931152,anchors,set,3,30,0.19434240407984382,0.87,0.9,0.38,0.0,10,10,0.5,0.7168875993229449,28,False,nan,nan,0.10714285714285714,0.958963282937365
tabular,1,2026-10-02T18:05:27,nodeGcal1,3.11.9,unknown,13153035,12740,0,0,0.7779288291931152,lime,attribution,5,30,0.19434240407984382,0.93,0.5414967482305777,0.8333333333333334,0.6666666666666666,10,10,1.0,0.05027394229546189,28,False,True,23,0.9310344827586207,nan
tabular,1,2026-10-02T18:05:27,nodeGcal1,3.11.9,unknown,13153035,12740,0,0,0.7779288291931152,treeshap,attribution,5,30,0.34584330665947466,0.95,0.6572123539675401,0.7666666666666667,0.6666666666666666,10,10,1.0,0.0008338340558111668,28,False,True,18,0.8666666666666667,nan
tabular,1,2026-10-02T18:05:27,nodeGcal1,3.11.9,unknown,13153035,12740,0,0,0.7779288291931152,random,attribution,5,30,0.04896793313861723,0.45,0.3719584813975618,0.04722222222222222,0.0,10,10,0.1111111111111111,2.7971342206001282e-05,28,False,False,29,0.8666666666666667,nan
tabular,1,2026-10-02T18:05:27,nodeGcal1,3.11.9,unknown,13153035,12782,1,1,0.5463058948516846,pyxai,set,28,30,0.0,1.0,0.06666666666666687,0.9448275862068967,0.9310344827586207,10,10,1.0,0.06125036580488086,28,True,nan,28,1.0,nan
tabular,1,2026-10-02T18:05:27,nodeGcal1,3.11.9,unknown,13153035,12782,1,1,0.5463058948516846,anchors,set,8,30,0.147857856403126,0.88,0.7333333333333334,0.3454545454545455,0.3333333333333333,10,10,0.7777777777777778,1.5018147849477828,28,False,nan,nan,0.2857142857142857,0.9528619528619529
tabular,1,2026-10-02T18:05:27,nodeGcal1,3.11.9,unknown,13153035,12782,1,1,0.5463058948516846,lime,attribution,5,30,0.0,0.31,0.5127661756389836,0.7666666666666667,0.6666666666666666,10,10,1.0,0.051540681160986423,28,False,True,22,0.9310344827586207,nan
tabular,1,2026-10-02T18:05:27,nodeGcal1,3.11.9,unknown,13153035,12782,1,1,0.5463058948516846,treeshap,attribution,5,30,0.11881424368708193,0.85,0.5418798595953677,0.9333333333333332,0.6666666666666666,10,10,1.0,0.0008592270314693451,28,False,True,23,0.9310344827586207,nan
tabular,1,2026-10-02T18:05:27,nodeGcal1,3.11.9,unknown,13153035,12782,1,1,0.5463058948516846,random,attribution,5,30,0.0,0.44,0.3819262079436938,0.12341269841269842,0.0,10,10,0.25,2.17389315366745e-05,28,False,False,29,0.9310344827586207,nan
tabular,1,2026-10-02T18:05:27,nodeGcal1,3.11.9,unknown,13153035,12799,1,1,0.5405710339546204,pyxai,set,23,30,0.0004036705461747392,1.0,0.23333333333333328,0.8596153846153844,0.7692307692307693,10,10,1.0,0.05673432908952236,23,True,nan,23,1.0,nan
tabular,1,2026-10-02T18:05:27,nodeGcal1,3.11.9,unknown,13153035,12799,1,1,0.5405710339546204,anchors,set,7,30,0.07277592249084464,0.95,0.7666666666666666,0.24515151515151512,0.16666666666666666,10,10,0.5555555555555556,1.475352365989238,23,False,nan,nan,0.30434782608695654,0.961038961038961
tabular,1,2026-10-02T18:05:27,nodeGcal1,3.11.9,unknown,13153035,12799,1,1,0.5405710339546204,lime,attribution,5,30,0.00767117378816415,0.52,0.5080773007659416,0.9666666666666666,0.6666666666666666,10,10,1.0,0.05579066602513194,23,False,False,25,0.7037037037037037,nan
tabular,1,2026-10-02T18:05:27,nodeGcal1,3.11.9,unknown,13153035,12799,1,1,0.5405710339546204,treeshap,attribution,5,30,0.0,0.66,0.4908103321344478,0.8,0.6666666666666666,10,10,1.0,0.0008519580587744713,23,False,True,23,0.84,nan
tabular,1,2026-10-02T18:05:27,nodeGcal1,3.11.9,unknown,13153035,12799,1,1,0.5405710339546204,random,attribution,5,30,0.004892231210933352,0.45,0.2827998914049241,0.11666666666666665,0.0,10,10,0.1111111111111111,2.3725908249616623e-05,23,False,False,30,0.5333333333333333,nan
tabular,1,2026-10-02T18:05:27,nodeGcal1,3.11.9,unknown,13153035,12809,1,1,0.5572878122329712,pyxai,set,25,30,0.1195774683739801,1.0,0.16666666666666652,0.9461538461538461,0.9230769230769231,10,10,1.0,0.05976296914741397,25,True,nan,25,1.0,nan
tabular,1,2026-10-02T18:05:27,nodeGcal1,3.11.9,unknown,13153035,12809,1,1,0.5572878122329712,anchors,set,5,30,0.111593501336615,0.97,0.8333333333333333,0.44722222222222213,0.1111111111111111,10,10,0.6666666666666666,0.5184723171405494,25,False,nan,nan,0.2,0.9618320610687023
tabular,1,2026-10-02T18:05:27,nodeGcal1,3.11.9,unknown,13153035,12809,1,1,0.5572878122329712,lime,attribution,5,30,0.0,0.21,0.5194655964558827,1.0,1.0,10,10,1.0,0.061270411126315594,25,False,True,25,0.7241379310344828,nan
tabular,1,2026-10-02T18:05:27,nodeGcal1,3.11.9,unknown,13153035,12809,1,1,0.5572878122329712,treeshap,attribution,5,30,0.0,0.55,0.6524192077448187,0.8,0.6666666666666666,10,10,1.0,0.0008498509414494038,25,False,True,22,0.7857142857142857,nan
tabular,1,2026-10-02T18:05:27,nodeGcal1,3.11.9,unknown,13153035,12809,1,1,0.5572878122329712,random,attribution,5,30,0.11851866865146382,0.69,0.37466405503021805,0.06666666666666668,0.0,10,10,0.1111111111111111,2.219388261437416e-05,25,False,False,30,0.7241379310344828,nan
tabular,1,2026-10-02T18:05:27,nodeGcal1,3.11.9,unknown,13153035,12843,1,1,0.5153815746307373,pyxai,set,25,30,0.0,1.0,0.16666666666666652,0.9467236467236468,0.9230769230769231,10,10,1.0,0.05903730075806379,25,True,nan,25,1.0,nan
tabular,1,2026-10-02T18:05:27,nodeGcal1,3.11.9,unknown,13153035,12843,1,1,0.5153815746307373,anchors,set,6,30,0.11735867504106784,0.93,0.8,0.20779220779220778,0.09090909090909091,10,10,0.7142857142857143,1.3627354917116463,25,False,nan,nan,0.24,0.9566787003610109
tabular,1,2026-10-02T18:05:27,nodeGcal1,3.11.9,unknown,13153035,12843,1,1,0.5153815746307373,lime,attribution,5,30,0.00808843360240037,0.58,0.5391870696231871,0.8999999999999998,0.6666666666666666,10,10,1.0,0.025718738790601492,25,False,False,30,0.7857142857142857,nan
tabular,1,2026-10-02T18:05:27,nodeGcal1,3.11.9,unknown,13153035,12843,1,1,0.5153815746307373,treeshap,attribution,5,30,0.0,0.36,0.5016985929528168,0.8333333333333333,0.42857142857142855,10,10,1.0,0.0008503668941557407,25,False,False,26,0.9230769230769231,nan
tabular,1,2026-10-02T18:05:27,nodeGcal1,3.11.9,unknown,13153035,12843,1,1,0.5153815746307373,random,attribution,5,30,0.0,0.47,0.3195401264291259,0.06944444444444445,0.0,10,10,0.0,2.1650921553373337e-05,25,False,False,29,0.7241379310344828,nan
tabular,1,2026-10-02T18:05:27,nodeGcal1,3.11.9,unknown,13153035,12955,0,0,0.6958937048912048,pyxai,set,26,30,0.3485056606081339,1.0,0.13333333333333341,0.8994708994708993,0.8571428571428571,10,10,1.0,0.06189997075125575,26,True,nan,26,1.0,nan
tabular,1,2026-10-02T18:05:27,nodeGcal1,3.11.9,unknown,13153035,12955,0,0,0.6958937048912048,anchors,set,4,30,0.24574903005603607,0.96,0.8666666666666667,0.5999999999999999,0.3333333333333333,10,10,1.0,1.447860203217715,26,False,nan,nan,0.15384615384615385,0.9747634069400631
tabular,1,2026-10-02T18:05:27,nodeGcal1,3.11.9,unknown,13153035,12955,0,0,0.6958937048912048,lime,attribution,5,30,0.23592954922498272,0.92,0.5453813283707137,0.7666666666666667,0.6666666666666666,10,10,0.6666666666666666,0.06896787323057652,26,False,True,24,0.8571428571428571,nan
tabular,1,2026-10-02T18:05:27,nodeGcal1,3.11.9,unknown,13153035,12955,0,0,0.6958937048912048,treeshap,attribution,5,30,0.24998314798111101,0.92,0.6166591000928947,0.8,0.6666666666666666,10,10,1.0,0.0008530085906386375,26,False,True,22,0.9259259259259259,nan
tabular,1,2026-10-02T18:05:27,nodeGcal1,3.11.9,unknown,13153035,12955,0,0,0.6958937048912048,random,attribution,5,30,0.06242441751756871,0.76,0.3034150787705613,0.14404761904761904,0.0,10,10,0.1111111111111111,3.20938415825367e-05,26,False,False,28,0.7931034482758621,nan
tabular,1,2026-10-02T18:05:27,nodeGcal1,3.11.9,unknown,13153035,12962,0,0,0.6681806445121765,pyxai,set,25,30,0.30772123736118795,1.0,0.16666666666666652,0.8951566951566953,0.7857142857142857,10,10,1.0,0.06184676103293896,25,True,nan,25,1.0,nan
tabular,1,2026-10-02T18:05:27,nodeGcal1,3.11.9,unknown,13153035,12962,0,0,0.6681806445121765,anchors,set,3,30,0.29202902603706565,0.95,0.9,0.64,0.0,10,10,0.5,0.7217660001479089,25,False,nan,nan,0.12,0.9540358744394619
tabular,1,2026-10-02T18:05:27,nodeGcal1,3.11.9,unknown,13153035,12962,0,0,0.6681806445121765,lime,attribution,5,30,0.29202902603706565,0.96,0.5528990013093882,1.0,0.6666666666666666,10,10,0.6666666666666666,0.025371226016432047,25,False,True,23,0.7241379310344828,nan
tabular,1,2026-10-02T18:05:27,nodeGcal1,3.11.9,unknown,13153035,12962,0,0,0.6681806445121765,treeshap,attribution,5,30,0.25591882258059195,0.96,0.670830406744614,1.0,0.6666666666666666,10,10,1.0,0.0008386052213609219,25,False,True,20,0.9230769230769231,nan
tabular,1,2026-10-02T18:05:27,nodeGcal1,3.11.9,unknown,13153035,12962,0,0,0.6681806445121765,random,attribution,5,30,0.0,0.53,0.35661527096146417,0.09444444444444444,0.0,10,10,0.0,2.5401823222637177e-05,25,False,False,26,0.6666666666666666,nan
tabular,1,2026-10-02T18:05:27,nodeGcal1,3.11.9,unknown,13153035,13225,0,0,0.5940613746643066,pyxai,set,26,30,0.21760772075319645,1.0,0.13333333333333341,0.8851851851851851,0.8571428571428571,10,10,1.0,0.05863197613507509,26,True,nan,26,1.0,nan
tabular,1,2026-10-02T18:05:27,nodeGcal1,3.11.9,unknown,13153035,13225,0,0,0.5940613746643066,anchors,set,4,30,0.17988318295250502,0.85,0.8666666666666667,0.5161904761904762,0.14285714285714285,10,10,1.0,0.8245792193338275,26,False,nan,nan,0.15384615384615385,0.9601593625498008
tabular,1,2026-10-02T18:05:27,nodeGcal1,3.11.9,unknown,13153035,13225,0,0,0.5940613746643066,lime,attribution,5,30,0.11241769589440673,0.86,0.5347141913625464,0.8,0.6666666666666666,10,10,0.42857142857142855,0.04474583175033331,26,False,True,25,0.7931034482758621,nan
tabular,1,2026-10-02T18:05:27,nodeGcal1,3.11.9,unknown,13153035,13225,0,0,0.5940613746643066,treeshap,attribution,5,30,0.08340537325508875,0.67,0.6191686954725204,1.0,0.6666666666666666,10,10,1.0,0.0008697770535945892,26,False,True,26,0.8571428571428571,nan
tabular,1,2026-10-02T18:05:27,nodeGcal1,3.11.9,unknown,13153035,13225,0,0,0.5940613746643066,random,attribution,5,30,0.03571113235519574,0.37,0.3152367078388434,0.10555555555555556,0.0,10,10,0.1111111111111111,2.397596836090088e-05,26,False,True,23,0.7931034482758621,nan
tabular,1,2026-10-02T18:05:27,nodeGcal1,3.11.9,unknown,13153035,13236,1,1,0.6275479793548584,pyxai,set,26,30,0.21814942820008304,1.0,0.13333333333333341,0.9019521985039226,0.7931034482758621,10,10,1.0,0.06128738075494766,26,True,nan,26,1.0,nan
tabular,1,2026-10-02T18:05:27,nodeGcal1,3.11.9,unknown,13153035,13236,1,1,0.6275479793548584,anchors,set,2,30,0.29834393439222345,0.86,0.9333333333333333,0.4,0.3333333333333333,10,10,0.3333333333333333,0.29579807817935944,26,False,nan,nan,0.07692307692307693,0.9726775956284153
tabular,1,2026-10-02T18:05:27,nodeGcal1,3.11.9,unknown,13153035,13236,1,1,0.6275479793548584,lime,attribution,5,30,0.33045503693400813,0.95,0.5875963941288596,0.9,0.6666666666666666,10,10,0.6666666666666666,0.0236807600595057,26,False,False,29,0.7931034482758621,nan
tabular,1,2026-10-02T18:05:27,nodeGcal1,3.11.9,unknown,13153035,13236,1,1,0.6275479793548584,treeshap,attribution,5,30,0.2227663691759554,1.0,0.6985007225216986,0.8333333333333333,0.6666666666666666,10,10,1.0,0.0008313218131661415,26,False,True,20,0.8571428571428571,nan
tabular,1,2026-10-02T18:05:27,nodeGcal1,3.11.9,unknown,13153035,13236,1,1,0.6275479793548584,random,attribution,5,30,0.0,0.38,0.33862878241646444,0.09444444444444444,0.0,10,10,0.1111111111111111,2.567702904343605e-05,26,False,True,25,0.7931034482758621,nan
tabular,1,2026-10-02T18:05:27,nodeGcal1,3.11.9,unknown,13153035,13410,0,0,0.5286721587181091,pyxai,set,25,30,0.14248368621659915,1.0,0.16666666666666652,0.9247863247863248,0.8518518518518519,10,10,1.0,0.056621747091412544,25,True,nan,25,1.0,nan
tabular,1,2026-10-02T18:05:27,nodeGcal1,3.11.9,unknown,13153035,13410,0,0,0.5286721587181091,anchors,set,5,30,0.11073608679127817,0.7,0.8333333333333333,0.37857142857142856,0.25,10,10,0.6666666666666666,0.915610701777041,25,False,nan,nan,0.2,0.96
tabular,1,2026-10-02T18:05:27,nodeGcal1,3.11.9,unknown,13153035,13410,0,0,0.5286721587181091,lime,attribution,5,30,0.07096539467692457,0.8,0.5285051205400892,0.7333333333333334,0.6666666666666666,10,10,0.6666666666666666,0.049160981085151434,25,False,False,28,0.7241379310344828,nan
tabular,1,2026-10-02T18:05:27,nodeGcal1,3.11.9,unknown,13153035,13410,0,0,0.5286721587181091,treeshap,attribution,5,30,0.07096539467692457,0.44,0.6106898122673506,0.8666666666666666,0.6666666666666666,10,10,1.0,0.0008851848542690277,25,False,True,25,0.8518518518518519,nan
tabular,1,2026-10-02T18:05:27,nodeGcal1,3.11.9,unknown,13153035,13410,0,0,0.5286721587181091,random,attribution,5,30,0.0,0.37,0.34183374612042394,0.12063492063492062,0.0,10,10,0.25,2.2653955966234207e-05,25,False,False,29,0.7241379310344828,nan
tabular,1,2026-10-02T18:05:27,nodeGcal1,3.11.9,unknown,13153035,13447,0,0,0.606817901134491,pyxai,set,23,30,0.2519748367378912,1.0,0.23333333333333328,0.8153846153846154,0.7037037037037037,10,10,1.0,0.06021442264318466,23,True,nan,23,1.0,nan
tabular,1,2026-10-02T18:05:27,nodeGcal1,3.11.9,unknown,13153035,13447,0,0,0.606817901134491,anchors,set,7,30,0.06361783037831822,0.66,0.7666666666666666,0.5094949494949494,0.4,10,10,0.75,1.9525024993345141,23,False,nan,nan,0.30434782608695654,0.972318339100346
tabular,1,2026-10-02T18:05:27,nodeGcal1,3.11.9,unknown,13153035,13447,0,0,0.606817901134491,lime,attribution,5,30,0.0,0.55,0.5848859681155536,1.0,0.6666666666666666,10,10,1.0,0.06545788422226906,23,False,False,27,0.7037037037037037,nan
tabular,1,2026-10-02T18:05:27,nodeGcal1,3.11.9,unknown,13153035,13447,0,0,0.606817901134491,treeshap,attribution,5,30,0.13966356979838843,0.65,0.5578872958092826,0.8,0.6666666666666666,10,10,1.0,0.0008229827508330345,23,False,True,22,0.7037037037037037,nan
tabular,1,2026-10-02T18:05:27,nodeGcal1,3.11.9,unknown,13153035,13447,0,0,0.606817901134491,random,attribution,5,30,0.0,0.49,0.3743227274837735,0.14444444444444446,0.0,10,10,0.1111111111111111,2.433592453598976e-05,23,False,False,26,0.5862068965517241,nan
tabular,1,2026-10-02T18:05:27,nodeGcal1,3.11.9,unknown,13153035,13448,1,1,0.5508854985237122,pyxai,set,25,30,0.07733584352422145,1.0,0.16666666666666652,0.9094017094017094,0.8518518518518519,10,10,1.0,0.05887876870110631,25,True,nan,25,1.0,nan
tabular,1,2026-10-02T18:05:27,nodeGcal1,3.11.9,unknown,13153035,13448,1,1,0.5508854985237122,anchors,set,7,30,0.12068797623974487,0.94,0.7666666666666666,0.42181818181818176,0.2727272727272727,10,10,0.75,1.9115017750300467,25,False,nan,nan,0.28,0.9692307692307692
tabular,1,2026-10-02T18:05:27,nodeGcal1,3.11.9,unknown,13153035,13448,1,1,0.5508854985237122,lime,attribution,5,30,0.0029527202300286995,0.52,0.544920574343071,0.9333333333333332,0.6666666666666666,10,10,1.0,0.05070968484506011,25,False,False,30,0.7241379310344828,nan
tabular,1,2026-10-02T18:05:27,nodeGcal1,3.11.9,unknown,13153035,13448,1,1,0.5508854985237122,treeshap,attribution,5,30,0.0915152843034626,0.89,0.5576284149122696,0.6380952380952382,0.42857142857142855,10,10,1.0,0.0008430462330579758,25,False,True,24,0.8518518518518519,nan
tabular,1,2026-10-02T18:05:27,nodeGcal1,3.11.9,unknown,13153035,13448,1,1,0.5508854985237122,random,attribution,5,30,0.0,0.44,0.3279171554598972,0.14722222222222223,0.0,10,10,0.25,2.3795291781425476e-05,25,False,False,29,0.7241379310344828,nan
tabular,1,2026-10-02T18:05:27,nodeGcal1,3.11.9,unknown,13153035,13496,1,1,0.528939962387085,pyxai,set,27,30,0.0,1.0,0.10000000000000009,1.0,1.0,10,10,1.0,0.05854436894878745,27,True,nan,27,1.0,nan
tabular,1,2026-10-02T18:05:27,nodeGcal1,3.11.9,unknown,13153035,13496,1,1,0.528939962387085,anchors,set,7,30,0.0,0.91,0.7666666666666666,0.23737373737373738,0.16666666666666666,10,10,0.5555555555555556,1.3280000779777765,27,False,nan,nan,0.25925925925925924,0.9695712309820194
tabular,1,2026-10-02T18:05:27,nodeGcal1,3.11.9,unknown,13153035,13496,1,1,0.528939962387085,lime,attribution,5,30,0.0,0.53,0.5134442489325011,0.6666666666666667,0.6666666666666666,10,10,0.6666666666666666,0.049157578963786364,27,False,False,28,0.8,nan
tabular,1,2026-10-02T18:05:27,nodeGcal1,3.11.9,unknown,13153035,13496,1,1,0.528939962387085,treeshap,attribution,5,30,0.0,0.57,0.5187317940463383,0.8333333333333334,0.6666666666666666,10,10,1.0,0.0008821049705147743,27,False,True,23,0.9285714285714286,nan
tabular,1,2026-10-02T18:05:27,nodeGcal1,3.11.9,unknown,13153035,13496,1,1,0.528939962387085,random,attribution,5,30,0.0,0.39,0.37640287508788306,0.15515873015873016,0.0,10,10,0.1111111111111111,2.8660055249929428e-05,27,False,False,30,0.8,nan
tabular,1,2026-10-02T18:05:27,nodeGcal1,3.11.9,unknown,13153035,13564,0,0,0.5603677034378052,pyxai,set,27,30,0.19094050785999123,1.0,0.10000000000000009,1.0,0.9285714285714286,10,10,1.0,0.05398539965972304,27,True,nan,27,1.0,nan
tabular,1,2026-10-02T18:05:27,nodeGcal1,3.11.9,unknown,13153035,13564,0,0,0.5603677034378052,anchors,set,6,30,0.1443335627315477,0.79,0.8,0.39,0.2,10,10,0.3333333333333333,1.4957544566132128,27,False,nan,nan,0.17857142857142858,0.9659574468085106
tabular,1,2026-10-02T18:05:27,nodeGcal1,3.11.9,unknown,13153035,13564,0,0,0.5603677034378052,lime,attribution,5,30,0.0,0.5,0.5521972586102859,0.8,0.42857142857142855,10,10,0.6666666666666666,0.02408515987917781,27,False,False,28,0.8620689655172413,nan
tabular,1,2026-10-02T18:05:27,nodeGcal1,3.11.9,unknown,13153035,13564,0,0,0.5603677034378052,treeshap,attribution,5,30,0.0,0.62,0.5339213860167642,0.9333333333333332,0.6666666666666666,10,10,1.0,0.0008777049370110035,27,False,True,23,0.9285714285714286,nan
tabular,1,2026-10-02T18:05:27,nodeGcal1,3.11.9,unknown,13153035,13564,0,0,0.5603677034378052,random,attribution,5,30,0.08416950223423933,0.7,0.3492793577488753,0.14007936507936508,0.0,10,10,0.0,2.4145934730768204e-05,27,False,False,28,0.8,nan
tabular,1,2026-10-02T18:05:27,nodeGcal1,3.11.9,unknown,13153035,13649,1,1,0.6364365220069885,pyxai,set,26,30,0.14110964480611013,1.0,0.13333333333333341,0.8846560846560847,0.8571428571428571,10,10,1.0,0.06230481993407011,26,True,nan,26,1.0,nan
tabular,1,2026-10-02T18:05:27,nodeGcal1,3.11.9,unknown,13153035,13649,1,1,0.6364365220069885,anchors,set,2,30,0.15766453108099895,0.95,0.9333333333333333,0.7333333333333333,0.3333333333333333,10,10,0.3333333333333333,0.3484358084388077,26,False,nan,nan,0.07692307692307693,0.9632107023411371
tabular,1,2026-10-02T18:05:27,nodeGcal1,3.11.9,unknown,13153035,13649,1,1,0.6364365220069885,lime,attribution,5,30,0.17495394344420714,0.9,0.5475467740351471,0.7,0.6666666666666666,10,10,0.6666666666666666,0.05625317897647619,26,False,False,29,0.7931034482758621,nan
tabular,1,2026-10-02T18:05:27,nodeGcal1,3.11.9,unknown,13153035,13649,1,1,0.6364365220069885,treeshap,attribution,5,30,0.0908436354761397,0.98,0.6651937835957453,0.6190476190476191,0.42857142857142855,10,10,1.0,0.0008955569937825203,26,False,True,24,0.8571428571428571,nan
tabular,1,2026-10-02T18:05:27,nodeGcal1,3.11.9,unknown,13153035,13649,1,1,0.6364365220069885,random,attribution,5,30,0.0,0.71,0.3830428445575844,0.0984126984126984,0.0,10,10,0.0,2.2662803530693054e-05,26,False,False,27,0.7333333333333333,nan
tabular,1,2026-10-02T18:05:27,nodeGcal1,3.11.9,unknown,13153035,13672,1,1,0.6437172889709473,pyxai,set,26,30,0.15082412759366298,1.0,0.13333333333333341,0.919047619047619,0.8571428571428571,10,10,1.0,0.0640311106108129,26,True,nan,26,1.0,nan
tabular,1,2026-10-02T18:05:27,nodeGcal1,3.11.9,unknown,13153035,13672,1,1,0.6437172889709473,anchors,set,2,30,0.08565087968426036,0.95,0.9333333333333333,0.33333333333333337,0.3333333333333333,10,10,0.3333333333333333,0.37214036006480455,26,False,nan,nan,0.07692307692307693,0.9558011049723757
tabular,1,2026-10-02T18:05:27,nodeGcal1,3.11.9,unknown,13153035,13672,1,1,0.6437172889709473,lime,attribution,5,30,0.09686601139430195,0.91,0.5228732446034743,0.9666666666666666,1.0,10,10,1.0,0.044699050951749086,26,False,True,19,0.7931034482758621,nan
tabular,1,2026-10-02T18:05:27,nodeGcal1,3.11.9,unknown,13153035,13672,1,1,0.6437172889709473,treeshap,attribution,5,30,0.08415325713921686,0.87,0.6474035616910924,0.6761904761904762,0.6666666666666666,10,10,1.0,0.0008477629162371159,26,False,True,18,0.8571428571428571,nan
tabular,1,2026-10-02T18:05:27,nodeGcal1,3.11.9,unknown,13153035,13672,1,1,0.6437172889709473,random,attribution,5,30,0.09686601139430195,0.96,0.38094710102772966,0.13055555555555556,0.0,10,10,0.0,2.48737633228302e-05,26,False,False,29,0.7931034482758621,nan
tabular,1,2026-10-02T18:05:27,nodeGcal1,3.11.9,unknown,13153035,13694,0,0,0.7293788194656372,pyxai,set,26,30,0.37841516992883684,1.0,0.13333333333333341,0.8846560846560847,0.8571428571428571,10,10,1.0,0.06135385204106569,26,True,nan,26,1.0,nan
tabular,1,2026-10-02T18:05:27,nodeGcal1,3.11.9,unknown,13153035,13694,0,0,0.7293788194656372,anchors,set,3,30,0.14385926030890386,0.84,0.9,0.67,0.0,10,10,0.5,0.9549453291110694,26,False,nan,nan,0.11538461538461539,0.9698996655518395
tabular,1,2026-10-02T18:05:27,nodeGcal1,3.11.9,unknown,13153035,13694,0,0,0.7293788194656372,lime,attribution,5,30,0.18630432789357737,0.96,0.5743503667218417,0.8333333333333333,0.6666666666666666,10,10,1.0,0.024932377971708775,26,False,True,22,0.7931034482758621,nan
tabular,1,2026-10-02T18:05:27,nodeGcal1,3.11.9,unknown,13153035,13694,0,0,0.7293788194656372,treeshap,attribution,5,30,0.2902217595795552,0.97,0.6088105251634475,0.6142857142857143,0.42857142857142855,10,10,1.0,0.0008894987404346466,26,False,True,20,0.8571428571428571,nan
tabular,1,2026-10-02T18:05:27,nodeGcal1,3.11.9,unknown,13153035,13694,0,0,0.7293788194656372,random,attribution,5,30,0.016155011225840173,0.59,0.33940741762250104,0.09166666666666667,0.0,10,10,0.1111111111111111,2.3132190108299255e-05,26,False,True,26,0.7931034482758621,nan
tabular,1,2026-10-02T18:05:27,nodeGcal1,3.11.9,unknown,13153035,13801,0,0,0.6523967981338501,pyxai,set,27,30,0.29097250151250725,1.0,0.10000000000000009,0.8963054187192119,0.8,10,10,1.0,0.05968914879485965,27,True,nan,27,1.0,nan
tabular,1,2026-10-02T18:05:27,nodeGcal1,3.11.9,unknown,13153035,13801,0,0,0.6523967981338501,anchors,set,4,30,0.1903994937783007,0.69,0.8666666666666667,0.3761904761904762,0.0,10,10,0.6,1.149657711852342,27,False,nan,nan,0.14814814814814814,0.9621621621621622
tabular,1,2026-10-02T18:05:27,nodeGcal1,3.11.9,unknown,13153035,13801,0,0,0.6523967981338501,lime,attribution,5,30,0.18333132031148788,0.84,0.5690903376246272,1.0,1.0,10,10,1.0,0.040950264781713486,27,False,True,24,0.8,nan
tabular,1,2026-10-02T18:05:27,nodeGcal1,3.11.9,unknown,13153035,13801,0,0,0.6523967981338501,treeshap,attribution,5,30,0.1649301688508106,0.84,0.6167621118861419,0.6190476190476191,0.42857142857142855,10,10,1.0,0.0008478029631078243,27,False,True,22,0.9285714285714286,nan
tabular,1,2026-10-02T18:05:27,nodeGcal1,3.11.9,unknown,13153035,13801,0,0,0.6523967981338501,random,attribution,5,30,0.0,0.65,0.3084584826415616,0.06944444444444445,0.0,10,10,0.1111111111111111,2.545677125453949e-05,27,False,False,28,0.8,nan
