modality,seed,date,host,python,commit,slurm_job,instance,target_date,y_true,y_pred,p_pred,method,kind,k,d,fid_del,fid_suf,sparsity,stability,robustness,n_valid_stab,n_valid_rob,consistency,time_s,mean_lag_topk,top_variable
timeseries,2,2026-10-05T11:32:36,nodeC028,3.11.9,unknown,13155602,11871,2010-07-17,1,1,0.8667681217193604,integrated_gradients,attribution,14,140,0.5213726406543934,1.0,0.7542745442148879,0.9466666666666667,0.6470588235294118,10,10,1.0,0.07305818283930421,1.5,RH2
timeseries,2,2026-10-05T11:32:36,nodeC028,3.11.9,unknown,13155602,11871,2010-07-17,1,1,0.8667681217193604,gradient_shap,attribution,14,140,0.5039270164206245,1.0,0.7833932145951763,0.7101960784313726,0.5555555555555556,10,10,1.0,0.007316960953176022,1.2857142857142858,RH2
timeseries,2,2026-10-05T11:32:36,nodeC028,3.11.9,unknown,13155602,11871,2010-07-17,1,1,0.8667681217193604,lime,attribution,14,140,0.44231013351986487,0.98,0.7040535748759272,0.775,0.5555555555555556,10,10,0.75,0.18628164706751704,1.6428571428571428,MinT
timeseries,2,2026-10-05T11:32:36,nodeC028,3.11.9,unknown,13155602,11871,2010-07-17,1,1,0.8667681217193604,random,attribution,14,140,0.06928999097507928,0.45,0.34163014719715545,0.05826210826210826,0.0,10,10,0.0,1.2631062418222427e-05,5.428571428571429,MinT
timeseries,2,2026-10-05T11:32:36,nodeC028,3.11.9,unknown,13155602,11885,2010-07-31,1,1,0.9122017025947571,integrated_gradients,attribution,14,140,0.4554960875132031,1.0,0.7188115555546091,0.9333333333333333,0.75,10,10,1.0,0.00580877298489213,1.1428571428571428,RH2
timeseries,2,2026-10-05T11:32:36,nodeC028,3.11.9,unknown,13155602,11885,2010-07-31,1,1,0.9122017025947571,gradient_shap,attribution,14,140,0.4085094260041603,1.0,0.7454079649390931,0.9066666666666666,0.6470588235294118,10,10,0.8666666666666667,0.00301913870498538,0.7142857142857143,RH2
timeseries,2,2026-10-05T11:32:36,nodeC028,3.11.9,unknown,13155602,11885,2010-07-31,1,1,0.9122017025947571,lime,attribution,14,140,0.4088686736749802,1.0,0.6478516848023386,0.975,0.5555555555555556,10,10,1.0,0.012486346065998077,1.3571428571428572,RH2
timeseries,2,2026-10-05T11:32:36,nodeC028,3.11.9,unknown,13155602,11885,2010-07-31,1,1,0.9122017025947571,random,attribution,14,140,0.023748375038102273,0.43,0.3434499661113797,0.059470085470085456,0.0,10,10,0.07692307692307693,1.233397051692009e-05,7.357142857142857,RH2
timeseries,2,2026-10-05T11:32:36,nodeC028,3.11.9,unknown,13155602,11900,2010-08-15,1,1,0.9535641670227051,integrated_gradients,attribution,14,140,0.5468669131284664,1.0,0.8374783822218548,0.8683333333333334,0.75,10,10,1.0,0.00580631522461772,0.7142857142857143,MinT
timeseries,2,2026-10-05T11:32:36,nodeC028,3.11.9,unknown,13155602,11900,2010-08-15,1,1,0.9535641670227051,gradient_shap,attribution,14,140,0.5747252557670411,1.0,0.8516405198258974,0.7747058823529412,0.6470588235294118,10,10,0.8666666666666667,0.0030149519443511963,0.5,RH2
timeseries,2,2026-10-05T11:32:36,nodeC028,3.11.9,unknown,13155602,11900,2010-08-15,1,1,0.9535641670227051,lime,attribution,14,140,0.5649500017251993,1.0,0.7031968726242975,1.0,0.75,10,10,1.0,0.013186348136514425,0.5,MinT
timeseries,2,2026-10-05T11:32:36,nodeC028,3.11.9,unknown,13155602,11900,2010-08-15,1,1,0.9535641670227051,random,attribution,14,140,0.0,0.39,0.3478511939027811,0.04960683760683761,0.0,10,10,0.07692307692307693,1.230090856552124e-05,8.214285714285714,RH2
timeseries,2,2026-10-05T11:32:36,nodeC028,3.11.9,unknown,13155602,11903,2010-08-18,1,1,0.8699107766151428,integrated_gradients,attribution,14,140,0.6321340288287219,1.0,0.7529458927669522,0.9733333333333334,0.75,10,10,1.0,0.006043279077857733,1.7142857142857142,RH2
timeseries,2,2026-10-05T11:32:36,nodeC028,3.11.9,unknown,13155602,11903,2010-08-18,1,1,0.8699107766151428,gradient_shap,attribution,14,140,0.7408666725911995,0.99,0.7623296856824887,0.8200000000000001,0.6470588235294118,10,10,0.8666666666666667,0.0031330320052802563,1.6428571428571428,RH2
timeseries,2,2026-10-05T11:32:36,nodeC028,3.11.9,unknown,13155602,11903,2010-08-18,1,1,0.8699107766151428,lime,attribution,14,140,0.5769020234152429,0.99,0.6912204463393564,1.0,0.75,10,10,1.0,0.018398776650428772,1.0714285714285714,RH2
timeseries,2,2026-10-05T11:32:36,nodeC028,3.11.9,unknown,13155602,11903,2010-08-18,1,1,0.8699107766151428,random,attribution,14,140,0.00659473132711842,0.42,0.31895482828579746,0.054484330484330476,0.0,10,10,0.0,1.777196303009987e-05,5.785714285714286,RH2
timeseries,2,2026-10-05T11:32:36,nodeC028,3.11.9,unknown,13155602,11906,2010-08-21,1,1,0.8922731876373291,integrated_gradients,attribution,14,140,0.5252822337683852,1.0,0.833909072571963,0.9600000000000002,0.75,10,10,1.0,0.0060137477703392506,0.9285714285714286,RH2
timeseries,2,2026-10-05T11:32:36,nodeC028,3.11.9,unknown,13155602,11906,2010-08-21,1,1,0.8922731876373291,gradient_shap,attribution,14,140,0.6225965039085202,1.0,0.8586221327011256,0.8966666666666667,0.75,10,10,0.6470588235294118,0.003119101282209158,0.5,RH2
timeseries,2,2026-10-05T11:32:36,nodeC028,3.11.9,unknown,13155602,11906,2010-08-21,1,1,0.8922731876373291,lime,attribution,14,140,0.49544447977469397,1.0,0.6579657195061228,1.0,0.75,10,10,1.0,0.010866156779229641,1.6428571428571428,RH2
timeseries,2,2026-10-05T11:32:36,nodeC028,3.11.9,unknown,13155602,11906,2010-08-21,1,1,0.8922731876373291,random,attribution,14,140,0.0,0.37,0.3252794534689165,0.07756125356125357,0.0,10,10,0.07692307692307693,1.2385658919811249e-05,6.928571428571429,RH1
timeseries,2,2026-10-05T11:32:36,nodeC028,3.11.9,unknown,13155602,11909,2010-08-24,1,1,0.6613548994064331,integrated_gradients,attribution,14,140,0.46785919835208145,0.91,0.7929184463352856,1.0,0.75,10,10,1.0,0.005807437002658844,0.6428571428571429,Rain
timeseries,2,2026-10-05T11:32:36,nodeC028,3.11.9,unknown,13155602,11909,2010-08-24,1,1,0.6613548994064331,gradient_shap,attribution,14,140,0.5907332159664821,0.87,0.7962867043235633,0.8800000000000001,0.75,10,10,0.75,0.0032953619956970215,0.7142857142857143,RH2
timeseries,2,2026-10-05T11:32:36,nodeC028,3.11.9,unknown,13155602,11909,2010-08-24,1,1,0.6613548994064331,lime,attribution,14,140,0.4545324970209164,0.82,0.7171046743572372,1.0,0.75,10,10,1.0,0.010921629145741463,0.7857142857142857,RH2
timeseries,2,2026-10-05T11:32:36,nodeC028,3.11.9,unknown,13155602,11909,2010-08-24,1,1,0.6613548994064331,random,attribution,14,140,0.0,0.41,0.3405421150113772,0.04989173789173789,0.0,10,10,0.07692307692307693,1.2655742466449738e-05,6.785714285714286,MinT
timeseries,2,2026-10-05T11:32:36,nodeC028,3.11.9,unknown,13155602,11912,2010-08-27,1,1,0.9050909280776978,integrated_gradients,attribution,14,140,0.5888403260448237,1.0,0.833202810592937,1.0,0.6470588235294118,10,10,1.0,0.005808380898088217,0.8571428571428571,RH2
timeseries,2,2026-10-05T11:32:36,nodeC028,3.11.9,unknown,13155602,11912,2010-08-27,1,1,0.9050909280776978,gradient_shap,attribution,14,140,0.5967011254465454,1.0,0.8617799006699041,0.6699346405228759,0.6470588235294118,10,10,0.8666666666666667,0.003395529929548502,0.7142857142857143,RH2
timeseries,2,2026-10-05T11:32:36,nodeC028,3.11.9,unknown,13155602,11912,2010-08-27,1,1,0.9050909280776978,lime,attribution,14,140,0.6092220788195857,1.0,0.7418148808323342,0.9,0.75,10,10,1.0,0.012175480835139751,1.6428571428571428,RH2
timeseries,2,2026-10-05T11:32:36,nodeC028,3.11.9,unknown,13155602,11912,2010-08-27,1,1,0.9050909280776978,random,attribution,14,140,0.0,0.4,0.3329399818917318,0.018803418803418803,0.0,10,10,0.0,1.2891832739114761e-05,7.142857142857143,Wind
timeseries,2,2026-10-05T11:32:36,nodeC028,3.11.9,unknown,13155602,11920,2010-09-04,1,1,0.7343220114707947,integrated_gradients,attribution,14,140,0.5656763755553119,0.93,0.7384733483624364,0.8316666666666667,0.47368421052631576,10,10,1.0,0.0717821097932756,1.8571428571428572,RH2
timeseries,2,2026-10-05T11:32:36,nodeC028,3.11.9,unknown,13155602,11920,2010-09-04,1,1,0.7343220114707947,gradient_shap,attribution,14,140,0.6450343789902482,0.92,0.752008846968266,0.6299019607843138,0.47368421052631576,10,10,0.6470588235294118,0.0030245319940149784,1.7142857142857142,RH2
timeseries,2,2026-10-05T11:32:36,nodeC028,3.11.9,unknown,13155602,11920,2010-09-04,1,1,0.7343220114707947,lime,attribution,14,140,0.6221225062356538,0.92,0.6971789710049958,0.9,0.5555555555555556,10,10,1.0,0.010884889867156744,1.6428571428571428,RH2
timeseries,2,2026-10-05T11:32:36,nodeC028,3.11.9,unknown,13155602,11920,2010-09-04,1,1,0.7343220114707947,random,attribution,14,140,0.0,0.4,0.33891404408310066,0.033618233618233614,0.037037037037037035,10,10,0.07692307692307693,1.2530945241451263e-05,7.0,Wind
timeseries,2,2026-10-05T11:32:36,nodeC028,3.11.9,unknown,13155602,11926,2010-09-10,1,1,0.9101451635360718,integrated_gradients,attribution,14,140,0.5774760699324715,1.0,0.6857116212881441,1.0,0.6470588235294118,10,10,1.0,0.005814137868583202,0.8571428571428571,RH2
timeseries,2,2026-10-05T11:32:36,nodeC028,3.11.9,unknown,13155602,11926,2010-09-10,1,1,0.9101451635360718,gradient_shap,attribution,14,140,0.5140732281481328,1.0,0.7368073501660934,0.8138888888888889,0.75,10,10,0.8666666666666667,0.0030097910203039646,0.6428571428571429,RH2
timeseries,2,2026-10-05T11:32:36,nodeC028,3.11.9,unknown,13155602,11926,2010-09-10,1,1,0.9101451635360718,lime,attribution,14,140,0.405011571280173,1.0,0.6166171682006478,1.0,0.75,10,10,1.0,0.010911403223872185,0.7857142857142857,RH2
timeseries,2,2026-10-05T11:32:36,nodeC028,3.11.9,unknown,13155602,11926,2010-09-10,1,1,0.9101451635360718,random,attribution,14,140,0.020331896457442326,0.43,0.3367877163171147,0.06652421652421651,0.0,10,10,0.0,1.2061093002557755e-05,4.571428571428571,MinT
timeseries,2,2026-10-05T11:32:36,nodeC028,3.11.9,unknown,13155602,11930,2010-09-14,1,1,0.7823461294174194,integrated_gradients,attribution,14,140,0.4034102995125858,0.98,0.7137533924227968,0.8247058823529413,0.47368421052631576,10,10,1.0,0.005802224390208721,3.0,RH2
timeseries,2,2026-10-05T11:32:36,nodeC028,3.11.9,unknown,13155602,11930,2010-09-14,1,1,0.7823461294174194,gradient_shap,attribution,14,140,0.624841988079471,0.97,0.7186711579691882,0.7657843137254903,0.5555555555555556,10,10,0.75,0.0030112056992948055,3.642857142857143,RH2
timeseries,2,2026-10-05T11:32:36,nodeC028,3.11.9,unknown,13155602,11930,2010-09-14,1,1,0.7823461294174194,lime,attribution,14,140,0.6050707655700406,0.85,0.7012936399538667,1.0,0.5555555555555556,10,10,1.0,0.010829286184161901,1.6428571428571428,RH2
timeseries,2,2026-10-05T11:32:36,nodeC028,3.11.9,unknown,13155602,11930,2010-09-14,1,1,0.7823461294174194,random,attribution,14,140,0.17535353833945166,0.46,0.29568197755644143,0.057494116189768366,0.0,10,10,0.12,1.1995900422334671e-05,7.857142857142857,MinT
timeseries,2,2026-10-05T11:32:36,nodeC028,3.11.9,unknown,13155602,11952,2010-10-06,1,1,0.7887274622917175,integrated_gradients,attribution,14,140,0.5048268480120236,0.91,0.8134322668882362,0.8666666666666668,0.6470588235294118,10,10,1.0,0.005826972890645266,0.7857142857142857,RH2
timeseries,2,2026-10-05T11:32:36,nodeC028,3.11.9,unknown,13155602,11952,2010-10-06,1,1,0.7887274622917175,gradient_shap,attribution,14,140,0.6214261510088832,0.88,0.834829424160855,0.8463725490196079,0.75,10,10,0.8666666666666667,0.0031229727901518345,1.5,RH2
timeseries,2,2026-10-05T11:32:36,nodeC028,3.11.9,unknown,13155602,11952,2010-10-06,1,1,0.7887274622917175,lime,attribution,14,140,0.5549025622377132,0.89,0.7621863601150267,0.95,0.75,10,10,1.0,0.010887507814913988,1.3571428571428572,RH2
timeseries,2,2026-10-05T11:32:36,nodeC028,3.11.9,unknown,13155602,11952,2010-10-06,1,1,0.7887274622917175,random,attribution,14,140,0.003683993201060528,0.47,0.324365739057594,0.06128774928774929,0.0,10,10,0.037037037037037035,1.219799742102623e-05,6.571428571428571,Radiation
timeseries,2,2026-10-05T11:32:36,nodeC028,3.11.9,unknown,13155602,11963,2010-10-17,1,1,0.7449414134025574,integrated_gradients,attribution,14,140,0.4675392379430924,0.8,0.7586901032949668,0.8566666666666667,0.47368421052631576,10,10,1.0,0.07018352299928665,1.9285714285714286,Wind
timeseries,2,2026-10-05T11:32:36,nodeC028,3.11.9,unknown,13155602,11963,2010-10-17,1,1,0.7449414134025574,gradient_shap,attribution,14,140,0.5256944227188208,0.93,0.7938675110246072,0.57578259373925,0.47368421052631576,10,10,0.6470588235294118,0.0030116899870336056,1.4285714285714286,Wind
timeseries,2,2026-10-05T11:32:36,nodeC028,3.11.9,unknown,13155602,11963,2010-10-17,1,1,0.7449414134025574,lime,attribution,14,140,0.495330788988324,0.52,0.7314430441088402,0.825,0.4,10,10,0.75,0.010983224958181381,3.9285714285714284,RH2
timeseries,2,2026-10-05T11:32:36,nodeC028,3.11.9,unknown,13155602,11963,2010-10-17,1,1,0.7449414134025574,random,attribution,14,140,0.07971295986099584,0.33,0.32131414402795366,0.053880341880341874,0.0,10,10,0.07692307692307693,1.3218726962804794e-05,6.571428571428571,RH1
timeseries,2,2026-10-05T11:32:36,nodeC028,3.11.9,unknown,13155602,11965,2010-10-19,1,1,0.8917921185493469,integrated_gradients,attribution,14,140,0.4551901513916551,1.0,0.8607595489991691,0.96,0.75,10,10,1.0,0.005837078206241131,0.42857142857142855,MaxT
timeseries,2,2026-10-05T11:32:36,nodeC028,3.11.9,unknown,13155602,11965,2010-10-19,1,1,0.8917921185493469,gradient_shap,attribution,14,140,0.5282196868302313,1.0,0.8605228031852815,0.9200000000000002,0.75,10,10,0.75,0.003019174560904503,0.35714285714285715,MinT
timeseries,2,2026-10-05T11:32:36,nodeC028,3.11.9,unknown,13155602,11965,2010-10-19,1,1,0.8917921185493469,lime,attribution,14,140,0.5670651417420738,1.0,0.7722708037352537,0.875,0.75,10,10,1.0,0.012273070868104696,0.5,MaxT
timeseries,2,2026-10-05T11:32:36,nodeC028,3.11.9,unknown,13155602,11965,2010-10-19,1,1,0.8917921185493469,random,attribution,14,140,0.0,0.37,0.2963483724578384,0.05576638176638177,0.0,10,10,0.07692307692307693,1.240614801645279e-05,7.142857142857143,RH1
timeseries,2,2026-10-05T11:32:36,nodeC028,3.11.9,unknown,13155602,11980,2010-11-03,1,1,0.6652186512947083,integrated_gradients,attribution,14,140,0.28751026610055197,0.99,0.7982880216868646,0.9600000000000002,0.8666666666666667,10,10,1.0,0.005825364962220192,0.5714285714285714,Radiation
timeseries,2,2026-10-05T11:32:36,nodeC028,3.11.9,unknown,13155602,11980,2010-11-03,1,1,0.6652186512947083,gradient_shap,attribution,14,140,0.4304202994878912,0.98,0.8127624264212582,0.8716666666666667,0.75,10,10,0.8666666666666667,0.0030166590586304665,0.6428571428571429,Radiation
timeseries,2,2026-10-05T11:32:36,nodeC028,3.11.9,unknown,13155602,11980,2010-11-03,1,1,0.6652186512947083,lime,attribution,14,140,0.3845802676900839,0.69,0.7295018836929997,1.0,0.75,10,10,1.0,0.012798055075109005,0.7857142857142857,MaxT
timeseries,2,2026-10-05T11:32:36,nodeC028,3.11.9,unknown,13155602,11980,2010-11-03,1,1,0.6652186512947083,random,attribution,14,140,0.0,0.34,0.3332814175059997,0.07513960113960114,0.0,10,10,0.07692307692307693,1.2575648725032806e-05,6.928571428571429,RH2
timeseries,2,2026-10-05T11:32:36,nodeC028,3.11.9,unknown,13155602,11987,2010-11-10,1,1,0.9124043583869934,integrated_gradients,attribution,14,140,0.7894745265850193,1.0,0.7487691747810139,0.9733333333333334,0.75,10,10,1.0,0.005832577124238014,0.5,MinT
timeseries,2,2026-10-05T11:32:36,nodeC028,3.11.9,unknown,13155602,11987,2010-11-10,1,1,0.9124043583869934,gradient_shap,attribution,14,140,0.7894745265850193,1.0,0.7819821665171887,0.9066666666666668,0.8666666666666667,10,10,0.8666666666666667,0.003007778897881508,0.5,MinT
timeseries,2,2026-10-05T11:32:36,nodeC028,3.11.9,unknown,13155602,11987,2010-11-10,1,1,0.9124043583869934,lime,attribution,14,140,0.6604101908554479,1.0,0.662281769265659,0.975,0.75,10,10,1.0,0.016021976713091135,0.5,MaxT
timeseries,2,2026-10-05T11:32:36,nodeC028,3.11.9,unknown,13155602,11987,2010-11-10,1,1,0.9124043583869934,random,attribution,14,140,0.0,0.43,0.36250141081754783,0.07054700854700854,0.0,10,10,0.0,1.3418961316347122e-05,5.785714285714286,Radiation
timeseries,2,2026-10-05T11:32:36,nodeC028,3.11.9,unknown,13155602,12053,2011-01-15,0,0,0.9982957243919373,integrated_gradients,attribution,14,140,0.14338438449537017,1.0,0.8115494730323414,0.9066666666666666,0.5555555555555556,10,10,1.0,0.005810559261590242,1.3571428571428572,MinT
timeseries,2,2026-10-05T11:32:36,nodeC028,3.11.9,unknown,13155602,12053,2011-01-15,0,0,0.9982957243919373,gradient_shap,attribution,14,140,0.10304082908785994,1.0,0.8527049586337061,0.6434468524251806,0.5555555555555556,10,10,0.5555555555555556,0.003015480935573578,0.5,MinT
timeseries,2,2026-10-05T11:32:36,nodeC028,3.11.9,unknown,13155602,12053,2011-01-15,0,0,0.9982957243919373,lime,attribution,14,140,0.15442278448801433,1.0,0.6654051674003466,0.975,0.75,10,10,0.75,0.012670616153627634,1.3571428571428572,MinT
timeseries,2,2026-10-05T11:32:36,nodeC028,3.11.9,unknown,13155602,12053,2011-01-15,0,0,0.9982957243919373,random,attribution,14,140,0.0003102941656755902,0.69,0.31924209969236195,0.06550551220116436,0.0,10,10,0.07692307692307693,1.1975876986980438e-05,8.428571428571429,Radiation
timeseries,2,2026-10-05T11:32:36,nodeC028,3.11.9,unknown,13155602,12054,2011-01-16,0,0,0.996996283531189,integrated_gradients,attribution,14,140,0.1327961163214387,1.0,0.7979923578045278,0.9466666666666667,0.6470588235294118,10,10,1.0,0.005824923049658537,0.8571428571428571,MinT
timeseries,2,2026-10-05T11:32:36,nodeC028,3.11.9,unknown,13155602,12054,2011-01-16,0,0,0.996996283531189,gradient_shap,attribution,14,140,0.09013116777353164,0.99,0.8240362886136933,0.6242311661506709,0.6470588235294118,10,10,0.6470588235294118,0.003022619988769293,1.2142857142857142,RH2
timeseries,2,2026-10-05T11:32:36,nodeC028,3.11.9,unknown,13155602,12054,2011-01-16,0,0,0.996996283531189,lime,attribution,14,140,0.1604287413353236,0.99,0.6802945798358846,0.95,0.5555555555555556,10,10,0.75,0.010934785939753056,1.3571428571428572,MinT
timeseries,2,2026-10-05T11:32:36,nodeC028,3.11.9,unknown,13155602,12054,2011-01-16,0,0,0.996996283531189,random,attribution,14,140,0.00011329109618073296,0.69,0.33868533278428914,0.0624957264957265,0.0,10,10,0.12,1.230696216225624e-05,7.785714285714286,RH1
timeseries,2,2026-10-05T11:32:36,nodeC028,3.11.9,unknown,13155602,12075,2011-02-06,0,0,0.9972655773162842,integrated_gradients,attribution,14,140,0.19193830261055003,1.0,0.8378685411353004,0.96,0.5555555555555556,10,10,1.0,0.005820979829877615,0.7142857142857143,MinT
timeseries,2,2026-10-05T11:32:36,nodeC028,3.11.9,unknown,13155602,12075,2011-02-06,0,0,0.9972655773162842,gradient_shap,attribution,14,140,0.1602751483144805,1.0,0.8249599626073065,0.7230065359477125,0.5555555555555556,10,10,0.75,0.0030306149274110794,0.6428571428571429,MinT
timeseries,2,2026-10-05T11:32:36,nodeC028,3.11.9,unknown,13155602,12075,2011-02-06,0,0,0.9972655773162842,lime,attribution,14,140,0.2237520126899579,0.98,0.6773724280887903,0.95,0.5555555555555556,10,10,0.75,0.01094451593235135,1.3571428571428572,MinT
timeseries,2,2026-10-05T11:32:36,nodeC028,3.11.9,unknown,13155602,12075,2011-02-06,0,0,0.9972655773162842,random,attribution,14,140,0.0,0.58,0.33342523645601285,0.054484330484330476,0.0,10,10,0.037037037037037035,1.1635012924671173e-05,6.642857142857143,FAO56_ET
timeseries,2,2026-10-05T11:32:36,nodeC028,3.11.9,unknown,13155602,12083,2011-02-14,0,0,0.9928455948829651,integrated_gradients,attribution,14,140,0.1938180430847109,1.0,0.8124340141527977,0.9066666666666666,0.6470588235294118,10,10,1.0,0.005892493296414614,1.0714285714285714,RH2
timeseries,2,2026-10-05T11:32:36,nodeC028,3.11.9,unknown,13155602,12083,2011-02-14,0,0,0.9928455948829651,gradient_shap,attribution,14,140,0.19710917540989067,1.0,0.840346770586379,0.6617475060199518,0.5555555555555556,10,10,0.8666666666666667,0.0030216840095818043,1.0,RH2
timeseries,2,2026-10-05T11:32:36,nodeC028,3.11.9,unknown,13155602,12083,2011-02-14,0,0,0.9928455948829651,lime,attribution,14,140,0.15906913443057755,0.99,0.6938440890251529,0.8,0.5555555555555556,10,10,0.75,0.01219481322914362,1.0714285714285714,RH2
timeseries,2,2026-10-05T11:32:36,nodeC028,3.11.9,unknown,13155602,12083,2011-02-14,0,0,0.9928455948829651,random,attribution,14,140,0.0,0.68,0.30774931707797404,0.03821082621082621,0.0,10,10,0.037037037037037035,1.277867704629898e-05,8.0,MaxT
timeseries,2,2026-10-05T11:32:36,nodeC028,3.11.9,unknown,13155602,12116,2011-03-19,0,0,0.970772922039032,integrated_gradients,attribution,14,140,0.40499323780319446,1.0,0.7833022064479662,1.0,0.75,10,10,1.0,0.0699805598706007,0.6428571428571429,RH2
timeseries,2,2026-10-05T11:32:36,nodeC028,3.11.9,unknown,13155602,12116,2011-03-19,0,0,0.970772922039032,gradient_shap,attribution,14,140,0.4581947528643784,1.0,0.8144977111022549,0.9733333333333334,0.5555555555555556,10,10,0.8666666666666667,0.003024485893547535,0.8571428571428571,RH2
timeseries,2,2026-10-05T11:32:36,nodeC028,3.11.9,unknown,13155602,12116,2011-03-19,0,0,0.970772922039032,lime,attribution,14,140,0.3815485200437874,1.0,0.7043839990475522,0.975,0.75,10,10,1.0,0.011025605723261833,0.7857142857142857,RH2
timeseries,2,2026-10-05T11:32:36,nodeC028,3.11.9,unknown,13155602,12116,2011-03-19,0,0,0.970772922039032,random,attribution,14,140,0.005181352558475488,0.62,0.34132088586399956,0.03821082621082621,0.0,10,10,0.037037037037037035,1.1947005987167358e-05,5.785714285714286,MaxT
timeseries,2,2026-10-05T11:32:36,nodeC028,3.11.9,unknown,13155602,12134,2011-04-06,0,0,0.9652695059776306,integrated_gradients,attribution,14,140,0.41455021709484097,1.0,0.79071934073086,0.9333333333333333,0.75,10,10,1.0,0.07189545873552561,0.7857142857142857,MaxT
timeseries,2,2026-10-05T11:32:36,nodeC028,3.11.9,unknown,13155602,12134,2011-04-06,0,0,0.9652695059776306,gradient_shap,attribution,14,140,0.35676769972092437,1.0,0.8089964656887874,0.7204901960784315,0.5555555555555556,10,10,0.75,0.003035658970475197,0.5,RH2
timeseries,2,2026-10-05T11:32:36,nodeC028,3.11.9,unknown,13155602,12134,2011-04-06,0,0,0.9652695059776306,lime,attribution,14,140,0.3928556763130278,1.0,0.705807258107358,0.9,0.5555555555555556,10,10,1.0,0.013138752896338701,0.5,MinT
timeseries,2,2026-10-05T11:32:36,nodeC028,3.11.9,unknown,13155602,12134,2011-04-06,0,0,0.9652695059776306,random,attribution,14,140,0.04999211153639175,0.74,0.37664294707979584,0.07131178000743219,0.0,10,10,0.12,1.257704570889473e-05,7.142857142857143,Wind
timeseries,2,2026-10-05T11:32:36,nodeC028,3.11.9,unknown,13155602,12161,2011-05-03,0,0,0.548678457736969,integrated_gradients,attribution,14,140,0.06454392509008672,0.86,0.8328025643184335,0.96,0.6470588235294118,10,10,1.0,0.005823154002428055,0.42857142857142855,RH2
timeseries,2,2026-10-05T11:32:36,nodeC028,3.11.9,unknown,13155602,12161,2011-05-03,0,0,0.548678457736969,gradient_shap,attribution,14,140,0.0,0.68,0.8376921204600811,0.7774509803921569,0.5555555555555556,10,10,0.8666666666666667,0.0030039879493415356,1.0,MaxT
timeseries,2,2026-10-05T11:32:36,nodeC028,3.11.9,unknown,13155602,12161,2011-05-03,0,0,0.548678457736969,lime,attribution,14,140,0.0,0.81,0.7950213282125252,0.875,0.75,10,10,1.0,0.013021470047533512,0.7857142857142857,RH2
timeseries,2,2026-10-05T11:32:36,nodeC028,3.11.9,unknown,13155602,12161,2011-05-03,0,0,0.548678457736969,random,attribution,14,140,0.00830576134588596,0.58,0.35921690032915277,0.05698005698005697,0.0,10,10,0.0,1.3228971511125565e-05,7.857142857142857,Evap
timeseries,2,2026-10-05T11:32:36,nodeC028,3.11.9,unknown,13155602,12169,2011-05-11,0,0,0.566498875617981,integrated_gradients,attribution,14,140,0.11745463146369728,0.75,0.8644647261003156,0.9466666666666667,0.75,10,10,1.0,0.005823122803121805,0.5,MaxT
timeseries,2,2026-10-05T11:32:36,nodeC028,3.11.9,unknown,13155602,12169,2011-05-11,0,0,0.566498875617981,gradient_shap,attribution,14,140,0.07352849886272218,0.71,0.8718124416698667,0.811372549019608,0.6470588235294118,10,10,0.6470588235294118,0.003038326743990183,0.6428571428571429,MaxT
timeseries,2,2026-10-05T11:32:36,nodeC028,3.11.9,unknown,13155602,12169,2011-05-11,0,0,0.566498875617981,lime,attribution,14,140,0.2562346161316477,0.89,0.8328857034996677,1.0,0.75,10,10,1.0,0.013144642114639282,0.7857142857142857,MaxT
timeseries,2,2026-10-05T11:32:36,nodeC028,3.11.9,unknown,13155602,12169,2011-05-11,0,0,0.566498875617981,random,attribution,14,140,0.021119761488357765,0.46,0.32242069185698186,0.05327635327635327,0.0,10,10,0.07692307692307693,1.2428965419530869e-05,5.214285714285714,MaxT
timeseries,2,2026-10-05T11:32:36,nodeC028,3.11.9,unknown,13155602,12172,2011-05-14,0,0,0.7946228981018066,integrated_gradients,attribution,14,140,0.3134767424067401,1.0,0.8539078825704415,1.0,0.75,10,10,1.0,0.006463003810495138,0.42857142857142855,Radiation
timeseries,2,2026-10-05T11:32:36,nodeC028,3.11.9,unknown,13155602,12172,2011-05-14,0,0,0.7946228981018066,gradient_shap,attribution,14,140,0.3293844081262808,0.97,0.8528917357852479,0.8550000000000001,0.6470588235294118,10,10,0.8666666666666667,0.0030177729204297066,0.42857142857142855,Radiation
timeseries,2,2026-10-05T11:32:36,nodeC028,3.11.9,unknown,13155602,12172,2011-05-14,0,0,0.7946228981018066,lime,attribution,14,140,0.3197981331517092,1.0,0.8170278083575769,0.95,0.5555555555555556,10,10,1.0,0.012495358008891344,0.5,MinT
timeseries,2,2026-10-05T11:32:36,nodeC028,3.11.9,unknown,13155602,12172,2011-05-14,0,0,0.7946228981018066,random,attribution,14,140,0.20403786203565075,0.7,0.3402157292437191,0.06249572649572649,0.0,10,10,0.037037037037037035,1.2381933629512787e-05,4.642857142857143,MinT
timeseries,2,2026-10-05T11:32:36,nodeC028,3.11.9,unknown,13155602,12174,2011-05-16,0,0,0.7552251815795898,integrated_gradients,attribution,14,140,0.30025888325834593,0.99,0.8412830078371772,0.9466666666666667,0.6470588235294118,10,10,1.0,0.005806542932987213,0.7142857142857143,RH2
timeseries,2,2026-10-05T11:32:36,nodeC028,3.11.9,unknown,13155602,12174,2011-05-16,0,0,0.7552251815795898,gradient_shap,attribution,14,140,0.3031432825153332,0.98,0.8373544705253944,0.7410784313725489,0.6470588235294118,10,10,0.8666666666666667,0.0030127130448818207,0.5,RH2
timeseries,2,2026-10-05T11:32:36,nodeC028,3.11.9,unknown,13155602,12174,2011-05-16,0,0,0.7552251815795898,lime,attribution,14,140,0.28180313191760187,0.99,0.8116050366031837,0.85,0.5555555555555556,10,10,1.0,0.015662478283047676,0.5,MinT
timeseries,2,2026-10-05T11:32:36,nodeC028,3.11.9,unknown,13155602,12174,2011-05-16,0,0,0.7552251815795898,random,attribution,14,140,0.16301239975199233,0.72,0.35355538111023554,0.0541994301994302,0.0,10,10,0.037037037037037035,1.2279022485017776e-05,4.0,RH2
timeseries,2,2026-10-05T11:32:36,nodeC028,3.11.9,unknown,13155602,12179,2011-05-21,0,0,0.6455258727073669,integrated_gradients,attribution,14,140,0.1511118013666876,0.94,0.8540829748384409,0.9200000000000002,0.75,10,10,1.0,0.07217847788706422,1.0,MaxT
timeseries,2,2026-10-05T11:32:36,nodeC028,3.11.9,unknown,13155602,12179,2011-05-21,0,0,0.6455258727073669,gradient_shap,attribution,14,140,0.19634682030967873,0.94,0.8443845153999112,0.6862246302029584,0.47368421052631576,10,10,0.75,0.0030086622573435307,0.5714285714285714,RH2
timeseries,2,2026-10-05T11:32:36,nodeC028,3.11.9,unknown,13155602,12179,2011-05-21,0,0,0.6455258727073669,lime,attribution,14,140,0.13081397845103757,0.94,0.8267616489462626,0.925,0.5555555555555556,10,10,0.75,0.011523631867021322,0.5,MinT
timeseries,2,2026-10-05T11:32:36,nodeC028,3.11.9,unknown,13155602,12179,2011-05-21,0,0,0.6455258727073669,random,attribution,14,140,0.0,0.25,0.37001073290773057,0.06986894586894586,0.0,10,10,0.07692307692307693,1.1911150068044662e-05,7.142857142857143,MaxT
timeseries,2,2026-10-05T11:32:36,nodeC028,3.11.9,unknown,13155602,12236,2011-07-17,1,1,0.6856205463409424,integrated_gradients,attribution,14,140,0.23561359473742227,0.96,0.7210701857312544,0.8933333333333333,0.8666666666666667,10,10,1.0,0.005814841017127037,0.9285714285714286,RH2
timeseries,2,2026-10-05T11:32:36,nodeC028,3.11.9,unknown,13155602,12236,2011-07-17,1,1,0.6856205463409424,gradient_shap,attribution,14,140,0.3531332881965128,0.99,0.7410155082201599,0.8316666666666667,0.6470588235294118,10,10,0.8666666666666667,0.0030048107728362083,0.9285714285714286,RH2
timeseries,2,2026-10-05T11:32:36,nodeC028,3.11.9,unknown,13155602,12236,2011-07-17,1,1,0.6856205463409424,lime,attribution,14,140,0.446984317910659,0.86,0.6789307824592719,0.95,0.5555555555555556,10,10,1.0,0.01293369522318244,1.3571428571428572,RH2
timeseries,2,2026-10-05T11:32:36,nodeC028,3.11.9,unknown,13155602,12236,2011-07-17,1,1,0.6856205463409424,random,attribution,14,140,0.011051566209421633,0.47,0.3442990272131278,0.04928774928774929,0.07692307692307693,10,10,0.037037037037037035,1.9665807485580444e-05,6.214285714285714,Evap
timeseries,2,2026-10-05T11:32:36,nodeC028,3.11.9,unknown,13155602,12246,2011-07-27,1,1,0.923458993434906,integrated_gradients,attribution,14,140,0.4557006161012236,1.0,0.8766512601832732,0.9199999999999999,0.75,10,10,1.0,0.06977142114192247,0.7857142857142857,RH2
timeseries,2,2026-10-05T11:32:36,nodeC028,3.11.9,unknown,13155602,12246,2011-07-27,1,1,0.923458993434906,gradient_shap,attribution,14,140,0.4598393694833,1.0,0.8701057757749469,0.9066666666666666,0.8666666666666667,10,10,0.75,0.003010402899235487,0.5,RH2
timeseries,2,2026-10-05T11:32:36,nodeC028,3.11.9,unknown,13155602,12246,2011-07-27,1,1,0.923458993434906,lime,attribution,14,140,0.4288056254308781,1.0,0.7002087846001226,1.0,0.75,10,10,1.0,0.012936715967953205,0.5,MinT
timeseries,2,2026-10-05T11:32:36,nodeC028,3.11.9,unknown,13155602,12246,2011-07-27,1,1,0.923458993434906,random,attribution,14,140,0.012043061056132771,0.6,0.3438000111075503,0.06958404558404559,0.037037037037037035,10,10,0.07692307692307693,1.219380646944046e-05,6.214285714285714,Evap
timeseries,2,2026-10-05T11:32:36,nodeC028,3.11.9,unknown,13155602,12250,2011-07-31,1,1,0.8767681121826172,integrated_gradients,attribution,14,140,0.5262444349752762,0.94,0.7975589968449237,1.0,0.6470588235294118,10,10,1.0,0.005827141925692558,1.2142857142857142,RH2
timeseries,2,2026-10-05T11:32:36,nodeC028,3.11.9,unknown,13155602,12250,2011-07-31,1,1,0.8767681121826172,gradient_shap,attribution,14,140,0.5155758828443326,0.95,0.8094144075186492,0.9200000000000002,0.6470588235294118,10,10,0.8666666666666667,0.003008964005857706,0.7857142857142857,RH2
timeseries,2,2026-10-05T11:32:36,nodeC028,3.11.9,unknown,13155602,12250,2011-07-31,1,1,0.8767681121826172,lime,attribution,14,140,0.525312296733155,0.93,0.7463257873499086,1.0,0.75,10,10,1.0,0.013048449996858835,1.3571428571428572,RH2
timeseries,2,2026-10-05T11:32:36,nodeC028,3.11.9,unknown,13155602,12250,2011-07-31,1,1,0.8767681121826172,random,attribution,14,140,0.033719862121175864,0.4,0.35813629994354534,0.04618803418803419,0.0,10,10,0.037037037037037035,1.3018958270549774e-05,6.642857142857143,MaxT
timeseries,2,2026-10-05T11:32:36,nodeC028,3.11.9,unknown,13155602,12259,2011-08-09,1,1,0.6117486953735352,integrated_gradients,attribution,14,140,0.47107997210682073,0.69,0.7079819467062761,0.9066666666666666,0.5555555555555556,10,10,1.0,0.005808217916637659,0.8571428571428571,RH2
timeseries,2,2026-10-05T11:32:36,nodeC028,3.11.9,unknown,13155602,12259,2011-08-09,1,1,0.6117486953735352,gradient_shap,attribution,14,140,0.5634575674961253,0.77,0.7433784062841756,0.8550000000000001,0.75,10,10,0.8666666666666667,0.004701781086623669,1.1428571428571428,RH2
timeseries,2,2026-10-05T11:32:36,nodeC028,3.11.9,unknown,13155602,12259,2011-08-09,1,1,0.6117486953735352,lime,attribution,14,140,0.4604210225401013,0.73,0.676661644053348,0.975,0.75,10,10,1.0,0.012570603284984827,1.3571428571428572,RH2
timeseries,2,2026-10-05T11:32:36,nodeC028,3.11.9,unknown,13155602,12259,2011-08-09,1,1,0.6117486953735352,random,attribution,14,140,0.150865484587479,0.39,0.29456462546586915,0.05758404558404558,0.0,10,10,0.0,1.2046191841363907e-05,6.214285714285714,Evap
timeseries,2,2026-10-05T11:32:36,nodeC028,3.11.9,unknown,13155602,12263,2011-08-13,1,1,0.726679801940918,integrated_gradients,attribution,14,140,0.47299974802455186,0.76,0.7250558212093439,0.8966666666666667,0.5555555555555556,10,10,1.0,0.07002622820436954,2.0,RH2
timeseries,2,2026-10-05T11:32:36,nodeC028,3.11.9,unknown,13155602,12263,2011-08-13,1,1,0.726679801940918,gradient_shap,attribution,14,140,0.5172168048594515,0.79,0.7689379634751423,0.7877450980392158,0.47368421052631576,10,10,0.6470588235294118,0.0031085237860679626,2.642857142857143,RH2
timeseries,2,2026-10-05T11:32:36,nodeC028,3.11.9,unknown,13155602,12263,2011-08-13,1,1,0.726679801940918,lime,attribution,14,140,0.4857647405637163,0.85,0.718655673774189,0.95,0.5555555555555556,10,10,1.0,0.010885448195040226,0.7857142857142857,RH2
timeseries,2,2026-10-05T11:32:36,nodeC028,3.11.9,unknown,13155602,12263,2011-08-13,1,1,0.726679801940918,random,attribution,14,140,0.0,0.38,0.3213043343759693,0.05017663817663818,0.037037037037037035,10,10,0.07692307692307693,1.2570992112159729e-05,5.428571428571429,Rain
timeseries,2,2026-10-05T11:32:36,nodeC028,3.11.9,unknown,13155602,12275,2011-08-25,1,1,0.88408362865448,integrated_gradients,attribution,14,140,0.5781433318352678,1.0,0.755606225454533,0.9733333333333334,0.75,10,10,1.0,0.0058261072263121605,1.1428571428571428,RH2
timeseries,2,2026-10-05T11:32:36,nodeC028,3.11.9,unknown,13155602,12275,2011-08-25,1,1,0.88408362865448,gradient_shap,attribution,14,140,0.6507311463194715,1.0,0.7876670433494659,0.96,0.75,10,10,0.75,0.0030052377842366695,0.9285714285714286,RH2
timeseries,2,2026-10-05T11:32:36,nodeC028,3.11.9,unknown,13155602,12275,2011-08-25,1,1,0.88408362865448,lime,attribution,14,140,0.6439479164012016,1.0,0.699276802922352,0.9,0.5555555555555556,10,10,1.0,0.015353355091065168,1.3571428571428572,RH2
timeseries,2,2026-10-05T11:32:36,nodeC028,3.11.9,unknown,13155602,12275,2011-08-25,1,1,0.88408362865448,random,attribution,14,140,0.0031805913273197668,0.5,0.30089394784482393,0.045014245014245016,0.0,10,10,0.0,1.3344921171665192e-05,4.428571428571429,MinT
timeseries,2,2026-10-05T11:32:36,nodeC028,3.11.9,unknown,13155602,12286,2011-09-05,1,1,0.8636985421180725,integrated_gradients,attribution,14,140,0.6722276944060495,1.0,0.6416217041279286,0.9066666666666666,0.5555555555555556,10,10,1.0,0.005813213065266609,2.5,RH2
timeseries,2,2026-10-05T11:32:36,nodeC028,3.11.9,unknown,13155602,12286,2011-09-05,1,1,0.8636985421180725,gradient_shap,attribution,14,140,0.7210082987720815,1.0,0.6789320691721498,0.8230392156862745,0.6470588235294118,10,10,0.75,0.0030047791078686714,1.5714285714285714,RH2
timeseries,2,2026-10-05T11:32:36,nodeC028,3.11.9,unknown,13155602,12286,2011-09-05,1,1,0.8636985421180725,lime,attribution,14,140,0.6630787420990242,1.0,0.6301956911299462,1.0,0.75,10,10,1.0,0.013030644040554762,2.2142857142857144,RH2
timeseries,2,2026-10-05T11:32:36,nodeC028,3.11.9,unknown,13155602,12286,2011-09-05,1,1,0.8636985421180725,random,attribution,14,140,0.01453356509045919,0.35,0.3058021372305372,0.0791282051282051,0.0,10,10,0.037037037037037035,1.2450851500034332e-05,8.357142857142858,Radiation
timeseries,2,2026-10-05T11:32:36,nodeC028,3.11.9,unknown,13155602,12297,2011-09-16,1,1,0.9165552854537964,integrated_gradients,attribution,14,140,0.4814455072124098,1.0,0.844125873228,1.0,0.75,10,10,1.0,0.006674184929579496,0.35714285714285715,MinT
timeseries,2,2026-10-05T11:32:36,nodeC028,3.11.9,unknown,13155602,12297,2011-09-16,1,1,0.9165552854537964,gradient_shap,attribution,14,140,0.5875809621566827,0.99,0.8562760121867666,0.8800000000000001,0.6470588235294118,10,10,1.0,0.0030091488733887672,0.5714285714285714,RH2
timeseries,2,2026-10-05T11:32:36,nodeC028,3.11.9,unknown,13155602,12297,2011-09-16,1,1,0.9165552854537964,lime,attribution,14,140,0.5190388447970462,1.0,0.7364824756465255,1.0,1.0,10,10,1.0,0.010918030049651861,0.5,MinT
timeseries,2,2026-10-05T11:32:36,nodeC028,3.11.9,unknown,13155602,12297,2011-09-16,1,1,0.9165552854537964,random,attribution,14,140,0.0,0.36,0.3247193290950483,0.0661994301994302,0.0,10,10,0.0,1.378823071718216e-05,6.285714285714286,Radiation
timeseries,2,2026-10-05T11:32:36,nodeC028,3.11.9,unknown,13155602,12323,2011-10-12,1,1,0.728761613368988,integrated_gradients,attribution,14,140,0.42018920073469374,0.77,0.8143627953919714,0.9333333333333333,0.5555555555555556,10,10,1.0,0.005826776847243309,1.2142857142857142,RH2
timeseries,2,2026-10-05T11:32:36,nodeC028,3.11.9,unknown,13155602,12323,2011-10-12,1,1,0.728761613368988,gradient_shap,attribution,14,140,0.5048872167229607,0.84,0.8107725195217689,0.8466666666666667,0.6470588235294118,10,10,0.8666666666666667,0.0034329313784837723,0.9285714285714286,RH2
timeseries,2,2026-10-05T11:32:36,nodeC028,3.11.9,unknown,13155602,12323,2011-10-12,1,1,0.728761613368988,lime,attribution,14,140,0.39799883712475537,0.73,0.7533855839461756,0.85,0.75,10,10,1.0,0.012524071149528027,1.3571428571428572,RH2
timeseries,2,2026-10-05T11:32:36,nodeC028,3.11.9,unknown,13155602,12323,2011-10-12,1,1,0.728761613368988,random,attribution,14,140,0.03271467901396227,0.39,0.35806962101805584,0.04618803418803419,0.0,10,10,0.0,1.2279953807592392e-05,7.214285714285714,Rain
timeseries,2,2026-10-05T11:32:36,nodeC028,3.11.9,unknown,13155602,12387,2011-12-15,0,0,0.9866552352905273,integrated_gradients,attribution,14,140,0.13439726440507915,1.0,0.8055053576587785,0.8800000000000001,0.6470588235294118,10,10,1.0,0.005799371283501387,0.42857142857142855,FAO56_ET
timeseries,2,2026-10-05T11:32:36,nodeC028,3.11.9,unknown,13155602,12387,2011-12-15,0,0,0.9866552352905273,gradient_shap,attribution,14,140,0.16004709143683976,1.0,0.8269910357027475,0.8127450980392158,0.6470588235294118,10,10,0.75,0.0030037560500204563,0.42857142857142855,FAO56_ET
timeseries,2,2026-10-05T11:32:36,nodeC028,3.11.9,unknown,13155602,12387,2011-12-15,0,0,0.9866552352905273,lime,attribution,14,140,0.12844293304645446,0.97,0.6741818321564086,0.9,0.5555555555555556,10,10,0.5555555555555556,0.013069952838122845,0.7857142857142857,MaxT
timeseries,2,2026-10-05T11:32:36,nodeC028,3.11.9,unknown,13155602,12387,2011-12-15,0,0,0.9866552352905273,random,attribution,14,140,0.003480871036929855,0.64,0.325152067690174,0.04960683760683761,0.0,10,10,0.037037037037037035,1.285085454583168e-05,7.071428571428571,Rain
timeseries,2,2026-10-05T11:32:36,nodeC028,3.11.9,unknown,13155602,12443,2012-02-09,0,0,0.9762817025184631,integrated_gradients,attribution,14,140,0.1621914724137293,1.0,0.7975012733711172,0.8683333333333334,0.6470588235294118,10,10,1.0,0.005814827978610992,0.5,RH2
timeseries,2,2026-10-05T11:32:36,nodeC028,3.11.9,unknown,13155602,12443,2012-02-09,0,0,0.9762817025184631,gradient_shap,attribution,14,140,0.19315545381731772,1.0,0.7823161406001867,0.7747058823529412,0.5555555555555556,10,10,0.6470588235294118,0.0030017229728400707,0.7142857142857143,MinT
timeseries,2,2026-10-05T11:32:36,nodeC028,3.11.9,unknown,13155602,12443,2012-02-09,0,0,0.9762817025184631,lime,attribution,14,140,0.12147651830308386,1.0,0.6862643751200435,0.95,0.4,10,10,1.0,0.010816440917551517,0.5,MinT
timeseries,2,2026-10-05T11:32:36,nodeC028,3.11.9,unknown,13155602,12443,2012-02-09,0,0,0.9762817025184631,random,attribution,14,140,0.003552657261252305,0.65,0.3230667682921232,0.04957264957264958,0.0,10,10,0.12,1.2010801583528519e-05,7.428571428571429,FAO56_ET
timeseries,2,2026-10-05T11:32:36,nodeC028,3.11.9,unknown,13155602,12447,2012-02-13,0,0,0.5650660991668701,integrated_gradients,attribution,14,140,0.0,0.36,0.6973449567953476,0.7630392156862745,0.5555555555555556,10,10,1.0,0.005805421154946089,0.7857142857142857,RH2
timeseries,2,2026-10-05T11:32:36,nodeC028,3.11.9,unknown,13155602,12447,2012-02-13,0,0,0.5650660991668701,gradient_shap,attribution,14,140,0.0,0.5,0.7245295113981105,0.6985294117647058,0.5555555555555556,10,10,0.75,0.00300781661644578,0.6428571428571429,Wind
timeseries,2,2026-10-05T11:32:36,nodeC028,3.11.9,unknown,13155602,12447,2012-02-13,0,0,0.5650660991668701,lime,attribution,14,140,0.0,0.67,0.6106861002211166,0.9,0.4,10,10,1.0,0.012086893897503614,0.7857142857142857,RH2
timeseries,2,2026-10-05T11:32:36,nodeC028,3.11.9,unknown,13155602,12447,2012-02-13,0,0,0.5650660991668701,random,attribution,14,140,0.02975558836299012,0.63,0.3205383028856471,0.041595441595441596,0.0,10,10,0.0,1.2939795851707458e-05,6.571428571428571,RH1
timeseries,2,2026-10-05T11:32:36,nodeC028,3.11.9,unknown,13155602,12464,2012-03-01,0,0,0.9885385632514954,integrated_gradients,attribution,14,140,0.37854394879687425,1.0,0.8168403073478518,1.0,0.6470588235294118,10,10,1.0,0.005799512844532728,0.5714285714285714,RH2
timeseries,2,2026-10-05T11:32:36,nodeC028,3.11.9,unknown,13155602,12464,2012-03-01,0,0,0.9885385632514954,gradient_shap,attribution,14,140,0.4057387657767521,0.99,0.8314605877574952,0.8216666666666667,0.6470588235294118,10,10,0.75,0.003366997931152582,1.2857142857142858,RH2
timeseries,2,2026-10-05T11:32:36,nodeC028,3.11.9,unknown,13155602,12464,2012-03-01,0,0,0.9885385632514954,lime,attribution,14,140,0.30346516490125824,1.0,0.7116422636800024,0.875,0.5555555555555556,10,10,1.0,0.01085334038361907,0.5,MinT
timeseries,2,2026-10-05T11:32:36,nodeC028,3.11.9,unknown,13155602,12464,2012-03-01,0,0,0.9885385632514954,random,attribution,14,140,0.0,0.61,0.29300158100674245,0.058866096866096854,0.0,10,10,0.0,1.2681819498538971e-05,6.714285714285714,MaxT
timeseries,2,2026-10-05T11:32:36,nodeC028,3.11.9,unknown,13155602,12474,2012-03-11,0,0,0.9959149956703186,integrated_gradients,attribution,14,140,0.45529129438763,1.0,0.8177819973928682,0.9466666666666667,0.6470588235294118,10,10,1.0,0.005793670192360878,0.8571428571428571,RH2
timeseries,2,2026-10-05T11:32:36,nodeC028,3.11.9,unknown,13155602,12474,2012-03-11,0,0,0.9959149956703186,gradient_shap,attribution,14,140,0.5781412967307233,1.0,0.8236788028873601,0.7113398692810458,0.5555555555555556,10,10,0.8666666666666667,0.0030068010091781616,1.1428571428571428,RH2
timeseries,2,2026-10-05T11:32:36,nodeC028,3.11.9,unknown,13155602,12474,2012-03-11,0,0,0.9959149956703186,lime,attribution,14,140,0.3415856104979202,1.0,0.704858263265735,0.95,0.75,10,10,1.0,0.010884861927479506,0.7857142857142857,RH2
timeseries,2,2026-10-05T11:32:36,nodeC028,3.11.9,unknown,13155602,12474,2012-03-11,0,0,0.9959149956703186,random,attribution,14,140,0.0036487619818703822,0.66,0.31820712692889686,0.05758404558404558,0.0,10,10,0.12,1.2252945452928543e-05,5.0,MaxT
timeseries,2,2026-10-05T11:32:36,nodeC028,3.11.9,unknown,13155602,12494,2012-03-31,0,0,0.6680099964141846,integrated_gradients,attribution,14,140,0.3069833291515531,0.99,0.7993278926962692,0.9466666666666667,0.6470588235294118,10,10,1.0,0.005822392646223307,0.7857142857142857,RH2
timeseries,2,2026-10-05T11:32:36,nodeC028,3.11.9,unknown,13155602,12494,2012-03-31,0,0,0.6680099964141846,gradient_shap,attribution,14,140,0.1515756448358702,0.82,0.7731416893655909,0.5849329205366358,0.4,10,10,0.8666666666666667,0.002991889137774706,0.9285714285714286,RH2
timeseries,2,2026-10-05T11:32:36,nodeC028,3.11.9,unknown,13155602,12494,2012-03-31,0,0,0.6680099964141846,lime,attribution,14,140,0.20597575804730966,0.95,0.7590478751471547,0.85,0.5555555555555556,10,10,0.75,0.011645600199699402,0.7857142857142857,RH2
timeseries,2,2026-10-05T11:32:36,nodeC028,3.11.9,unknown,13155602,12494,2012-03-31,0,0,0.6680099964141846,random,attribution,14,140,0.14866255603020448,0.66,0.3231098402754322,0.04957264957264958,0.0,10,10,0.037037037037037035,1.2249220162630081e-05,5.357142857142857,MinT
timeseries,2,2026-10-05T11:32:36,nodeC028,3.11.9,unknown,13155602,12495,2012-04-01,0,0,0.6598519682884216,integrated_gradients,attribution,14,140,0.2630586264605172,0.99,0.7985598326109561,0.9466666666666667,0.6470588235294118,10,10,1.0,0.005778477992862463,0.42857142857142855,RH2
timeseries,2,2026-10-05T11:32:36,nodeC028,3.11.9,unknown,13155602,12495,2012-04-01,0,0,0.6598519682884216,gradient_shap,attribution,14,140,0.15972786724043286,0.98,0.7578855275549314,0.6504901960784314,0.47368421052631576,10,10,0.8666666666666667,0.0029950570315122604,0.9285714285714286,RH2
timeseries,2,2026-10-05T11:32:36,nodeC028,3.11.9,unknown,13155602,12495,2012-04-01,0,0,0.6598519682884216,lime,attribution,14,140,0.2841893742809141,0.93,0.7615709453706652,0.9,0.5555555555555556,10,10,0.75,0.013081710785627365,0.7857142857142857,RH2
timeseries,2,2026-10-05T11:32:36,nodeC028,3.11.9,unknown,13155602,12495,2012-04-01,0,0,0.6598519682884216,random,attribution,14,140,0.0474969511256017,0.65,0.3269241760646715,0.030803418803418803,0.0,10,10,0.07692307692307693,1.1968892067670822e-05,5.785714285714286,RH1
timeseries,2,2026-10-05T11:32:36,nodeC028,3.11.9,unknown,13155602,12506,2012-04-12,0,0,0.5215300917625427,integrated_gradients,attribution,14,140,0.0,0.59,0.7912286367929263,0.9200000000000002,0.6470588235294118,10,10,1.0,0.005802578758448362,1.5,MaxT
timeseries,2,2026-10-05T11:32:36,nodeC028,3.11.9,unknown,13155602,12506,2012-04-12,0,0,0.5215300917625427,gradient_shap,attribution,14,140,0.0032062359197167854,0.78,0.766076920139722,0.6034141726866186,0.47368421052631576,10,10,0.8666666666666667,0.0032516522333025932,2.0,MaxT
timeseries,2,2026-10-05T11:32:36,nodeC028,3.11.9,unknown,13155602,12506,2012-04-12,0,0,0.5215300917625427,lime,attribution,14,140,0.0,0.6,0.7434410970402862,0.95,0.5555555555555556,10,10,1.0,0.01553343702107668,1.0714285714285714,MaxT
timeseries,2,2026-10-05T11:32:36,nodeC028,3.11.9,unknown,13155602,12506,2012-04-12,0,0,0.5215300917625427,random,attribution,14,140,0.04312658174610141,0.7,0.3338892606395829,0.07453561253561251,0.0,10,10,0.037037037037037035,1.206807792186737e-05,6.714285714285714,MaxT
timeseries,2,2026-10-05T11:32:36,nodeC028,3.11.9,unknown,13155602,12510,2012-04-16,0,0,0.5542727112770081,integrated_gradients,attribution,14,140,0.026208085833193624,0.68,0.8158167398652144,0.9466666666666667,0.47368421052631576,10,10,1.0,0.005772807169705629,0.6428571428571429,MaxT
timeseries,2,2026-10-05T11:32:36,nodeC028,3.11.9,unknown,13155602,12510,2012-04-16,0,0,0.5542727112770081,gradient_shap,attribution,14,140,0.0,0.63,0.7598503437547717,0.6116013071895425,0.4,10,10,0.75,0.0034528691321611404,1.2857142857142858,MaxT
timeseries,2,2026-10-05T11:32:36,nodeC028,3.11.9,unknown,13155602,12510,2012-04-16,0,0,0.5542727112770081,lime,attribution,14,140,0.019074210307110765,0.82,0.7979250105349348,1.0,0.5555555555555556,10,10,1.0,0.01088741421699524,1.0714285714285714,RH2
timeseries,2,2026-10-05T11:32:36,nodeC028,3.11.9,unknown,13155602,12510,2012-04-16,0,0,0.5542727112770081,random,attribution,14,140,0.03190408846913262,0.57,0.3150120529398879,0.07054700854700854,0.0,10,10,0.07692307692307693,1.1685304343700409e-05,6.285714285714286,RH2
timeseries,2,2026-10-05T11:32:36,nodeC028,3.11.9,unknown,13155602,12572,2012-06-17,1,1,0.9079440832138062,integrated_gradients,attribution,14,140,0.39157969520193764,1.0,0.8105502341844748,0.9866666666666667,0.75,10,10,1.0,0.005771084688603878,1.0714285714285714,MinT
timeseries,2,2026-10-05T11:32:36,nodeC028,3.11.9,unknown,13155602,12572,2012-06-17,1,1,0.9079440832138062,gradient_shap,attribution,14,140,0.3986673733884583,1.0,0.8325343093142609,0.8466666666666667,0.6470588235294118,10,10,0.75,0.0030005411244928837,0.7142857142857143,MinT
timeseries,2,2026-10-05T11:32:36,nodeC028,3.11.9,unknown,13155602,12572,2012-06-17,1,1,0.9079440832138062,lime,attribution,14,140,0.30921839974780696,1.0,0.7445990135417823,0.9,0.5555555555555556,10,10,1.0,0.010888326913118362,0.7857142857142857,MinT
timeseries,2,2026-10-05T11:32:36,nodeC028,3.11.9,unknown,13155602,12572,2012-06-17,1,1,0.9079440832138062,random,attribution,14,140,0.03829230316159092,0.54,0.34702900315038,0.04647293447293448,0.0,10,10,0.037037037037037035,1.2098811566829681e-05,5.428571428571429,SSH
timeseries,2,2026-10-05T11:32:36,nodeC028,3.11.9,unknown,13155602,12577,2012-06-22,1,1,0.841051459312439,integrated_gradients,attribution,14,140,0.36316170749984655,1.0,0.8059289912741243,0.9733333333333334,0.6470588235294118,10,10,1.0,0.07936376566067338,0.7857142857142857,Rain
timeseries,2,2026-10-05T11:32:36,nodeC028,3.11.9,unknown,13155602,12577,2012-06-22,1,1,0.841051459312439,gradient_shap,attribution,14,140,0.5332849603791558,1.0,0.8166311245984269,0.7733333333333334,0.6470588235294118,10,10,0.8666666666666667,0.0029846499674022198,0.6428571428571429,RH2
timeseries,2,2026-10-05T11:32:36,nodeC028,3.11.9,unknown,13155602,12577,2012-06-22,1,1,0.841051459312439,lime,attribution,14,140,0.23032504442435853,0.99,0.7086731047652015,0.85,0.4,10,10,0.75,0.015237944200634956,1.0714285714285714,Rain
timeseries,2,2026-10-05T11:32:36,nodeC028,3.11.9,unknown,13155602,12577,2012-06-22,1,1,0.841051459312439,random,attribution,14,140,0.0,0.39,0.33234177134444653,0.05331054131054132,0.0,10,10,0.07692307692307693,1.2209173291921616e-05,5.428571428571429,RH1
timeseries,2,2026-10-05T11:32:36,nodeC028,3.11.9,unknown,13155602,12585,2012-06-30,1,1,0.8087127804756165,integrated_gradients,attribution,14,140,0.3816185482418898,0.92,0.7822355404705515,0.9466666666666667,0.6470588235294118,10,10,1.0,0.07014148822054267,1.2142857142857142,RH2
timeseries,2,2026-10-05T11:32:36,nodeC028,3.11.9,unknown,13155602,12585,2012-06-30,1,1,0.8087127804756165,gradient_shap,attribution,14,140,0.43225954785059995,0.9,0.8027889764825157,0.8683333333333334,0.5555555555555556,10,10,0.75,0.00300435908138752,0.7142857142857143,RH2
timeseries,2,2026-10-05T11:32:36,nodeC028,3.11.9,unknown,13155602,12585,2012-06-30,1,1,0.8087127804756165,lime,attribution,14,140,0.36065900601483686,0.87,0.7497610463554527,1.0,0.5555555555555556,10,10,1.0,0.010907474905252457,0.7857142857142857,RH2
timeseries,2,2026-10-05T11:32:36,nodeC028,3.11.9,unknown,13155602,12585,2012-06-30,1,1,0.8087127804756165,random,attribution,14,140,0.0,0.41,0.3169421394694557,0.037891737891737894,0.0,10,10,0.07692307692307693,1.2320932000875473e-05,5.642857142857143,MaxT
timeseries,2,2026-10-05T11:32:36,nodeC028,3.11.9,unknown,13155602,12594,2012-07-09,1,1,0.7785851955413818,integrated_gradients,attribution,14,140,0.30151696935010563,0.99,0.7796236513588856,0.9866666666666667,0.6470588235294118,10,10,1.0,0.005761214066296816,0.5714285714285714,Wind
timeseries,2,2026-10-05T11:32:36,nodeC028,3.11.9,unknown,13155602,12594,2012-07-09,1,1,0.7785851955413818,gradient_shap,attribution,14,140,0.40314355790610246,1.0,0.8029593033681257,0.6790849673202615,0.6470588235294118,10,10,0.8666666666666667,0.0030953623354434967,0.5714285714285714,RH2
timeseries,2,2026-10-05T11:32:36,nodeC028,3.11.9,unknown,13155602,12594,2012-07-09,1,1,0.7785851955413818,lime,attribution,14,140,0.3558096724575984,0.88,0.7054536673535867,0.85,0.4,10,10,0.75,0.012105389963835478,0.7857142857142857,MinT
timeseries,2,2026-10-05T11:32:36,nodeC028,3.11.9,unknown,13155602,12594,2012-07-09,1,1,0.7785851955413818,random,attribution,14,140,0.040934532246986254,0.41,0.3492381990338148,0.0758176638176638,0.0,10,10,0.07692307692307693,1.1943280696868896e-05,6.785714285714286,Wind
timeseries,2,2026-10-05T11:32:36,nodeC028,3.11.9,unknown,13155602,12617,2012-08-01,1,1,0.8466367125511169,integrated_gradients,attribution,14,140,0.402284055702652,1.0,0.7368450944763354,0.8933333333333333,0.6470588235294118,10,10,1.0,0.005803401116281748,1.2857142857142858,RH2
timeseries,2,2026-10-05T11:32:36,nodeC028,3.11.9,unknown,13155602,12617,2012-08-01,1,1,0.8466367125511169,gradient_shap,attribution,14,140,0.4870294765487436,1.0,0.7867574695104464,0.8816666666666668,0.75,10,10,0.8666666666666667,0.002995483111590147,0.8571428571428571,RH2
timeseries,2,2026-10-05T11:32:36,nodeC028,3.11.9,unknown,13155602,12617,2012-08-01,1,1,0.8466367125511169,lime,attribution,14,140,0.3385068240697985,0.98,0.6597483091156511,0.85,0.5555555555555556,10,10,0.75,0.01194027066230774,1.3571428571428572,RH2
timeseries,2,2026-10-05T11:32:36,nodeC028,3.11.9,unknown,13155602,12617,2012-08-01,1,1,0.8466367125511169,random,attribution,14,140,0.028848143370481718,0.42,0.3011436830004497,0.04618803418803419,0.0,10,10,0.07692307692307693,1.2023840099573135e-05,6.214285714285714,Evap
timeseries,2,2026-10-05T11:32:36,nodeC028,3.11.9,unknown,13155602,12686,2012-10-09,0,0,0.5880920886993408,integrated_gradients,attribution,14,140,0.0,0.4,0.7159117129665797,0.8933333333333333,0.6470588235294118,10,10,1.0,0.01030054409056902,1.2142857142857142,RH2
timeseries,2,2026-10-05T11:32:36,nodeC028,3.11.9,unknown,13155602,12686,2012-10-09,0,0,0.5880920886993408,gradient_shap,attribution,14,140,0.0,0.33,0.7308862126802844,0.8099999999999999,0.6470588235294118,10,10,0.8666666666666667,0.002991960383951664,1.2142857142857142,RH2
timeseries,2,2026-10-05T11:32:36,nodeC028,3.11.9,unknown,13155602,12686,2012-10-09,0,0,0.5880920886993408,lime,attribution,14,140,0.0,0.4,0.6774460622936751,0.9,0.5555555555555556,10,10,0.75,0.010985795874148607,2.2142857142857144,RH2
timeseries,2,2026-10-05T11:32:36,nodeC028,3.11.9,unknown,13155602,12686,2012-10-09,0,0,0.5880920886993408,random,attribution,14,140,0.061767195578433305,0.55,0.31044523835233584,0.054484330484330476,0.0,10,10,0.0,1.4083925634622574e-05,5.642857142857143,MaxT
timeseries,2,2026-10-05T11:32:36,nodeC028,3.11.9,unknown,13155602,12689,2012-10-12,0,0,0.9401998519897461,integrated_gradients,attribution,14,140,0.3011290904185233,1.0,0.7380832752886991,0.9200000000000002,0.6470588235294118,10,10,1.0,0.005762177053838968,1.8571428571428572,RH2
timeseries,2,2026-10-05T11:32:36,nodeC028,3.11.9,unknown,13155602,12689,2012-10-12,0,0,0.9401998519897461,gradient_shap,attribution,14,140,0.3049284592000373,1.0,0.7882696566080026,0.7204901960784313,0.6470588235294118,10,10,0.75,0.0029975431971251965,1.8571428571428572,RH2
timeseries,2,2026-10-05T11:32:36,nodeC028,3.11.9,unknown,13155602,12689,2012-10-12,0,0,0.9401998519897461,lime,attribution,14,140,0.22781466845053763,0.96,0.6936183539499429,0.8,0.5555555555555556,10,10,1.0,0.011969567742198706,1.9285714285714286,RH2
timeseries,2,2026-10-05T11:32:36,nodeC028,3.11.9,unknown,13155602,12689,2012-10-12,0,0,0.9401998519897461,random,attribution,14,140,0.04570438221633459,0.7,0.32303792489839855,0.054558404558404563,0.0,10,10,0.07692307692307693,1.2845266610383987e-05,6.285714285714286,RH2
timeseries,2,2026-10-05T11:32:36,nodeC028,3.11.9,unknown,13155602,12715,2012-11-07,0,0,0.9046506285667419,integrated_gradients,attribution,14,140,0.2376603185276856,0.9,0.7289640412901308,0.8949999999999999,0.5555555555555556,10,10,1.0,0.0057974159717559814,1.4285714285714286,RH2
timeseries,2,2026-10-05T11:32:36,nodeC028,3.11.9,unknown,13155602,12715,2012-11-07,0,0,0.9046506285667419,gradient_shap,attribution,14,140,0.08882281748420147,0.81,0.7686384128152812,0.6893790849673203,0.5555555555555556,10,10,0.75,0.002990019042044878,0.9285714285714286,RH2
timeseries,2,2026-10-05T11:32:36,nodeC028,3.11.9,unknown,13155602,12715,2012-11-07,0,0,0.9046506285667419,lime,attribution,14,140,0.13351714466639772,0.78,0.6801982856244305,0.975,0.5555555555555556,10,10,0.75,0.01911225402727723,1.0714285714285714,RH2
timeseries,2,2026-10-05T11:32:36,nodeC028,3.11.9,unknown,13155602,12715,2012-11-07,0,0,0.9046506285667419,random,attribution,14,140,0.0,0.63,0.32726487345684674,0.07485470085470085,0.0,10,10,0.0,1.2080185115337372e-05,6.714285714285714,RH1
timeseries,2,2026-10-05T11:32:36,nodeC028,3.11.9,unknown,13155602,12719,2012-11-11,0,0,0.6854374408721924,integrated_gradients,attribution,14,140,0.0,0.53,0.7693239283475919,0.8933333333333333,0.75,10,10,1.0,0.07058998104184866,2.2142857142857144,RH2
timeseries,2,2026-10-05T11:32:36,nodeC028,3.11.9,unknown,13155602,12719,2012-11-11,0,0,0.6854374408721924,gradient_shap,attribution,14,140,0.0,0.38,0.7910905736004474,0.9066666666666668,0.6470588235294118,10,10,0.8666666666666667,0.0029968409799039364,1.7857142857142858,RH2
timeseries,2,2026-10-05T11:32:36,nodeC028,3.11.9,unknown,13155602,12719,2012-11-11,0,0,0.6854374408721924,lime,attribution,14,140,0.0,0.25,0.7057310082281254,1.0,0.75,10,10,1.0,0.015189054887741804,1.3571428571428572,RH2
timeseries,2,2026-10-05T11:32:36,nodeC028,3.11.9,unknown,13155602,12719,2012-11-11,0,0,0.6854374408721924,random,attribution,14,140,0.1770727352602652,0.61,0.3699789626117562,0.05818803418803418,0.0,10,10,0.037037037037037035,1.25872902572155e-05,6.214285714285714,RH2
timeseries,2,2026-10-05T11:32:36,nodeC028,3.11.9,unknown,13155602,12751,2012-12-13,0,0,0.9828761219978333,integrated_gradients,attribution,14,140,0.15948532209819025,1.0,0.7353798361757666,0.8816666666666666,0.5555555555555556,10,10,1.0,0.0703089558519423,0.7142857142857143,FAO56_ET
timeseries,2,2026-10-05T11:32:36,nodeC028,3.11.9,unknown,13155602,12751,2012-12-13,0,0,0.9828761219978333,gradient_shap,attribution,14,140,0.13710371636014113,0.99,0.7748354044331927,0.6154901960784314,0.4,10,10,0.6470588235294118,0.002987208776175976,1.0,FAO56_ET
timeseries,2,2026-10-05T11:32:36,nodeC028,3.11.9,unknown,13155602,12751,2012-12-13,0,0,0.9828761219978333,lime,attribution,14,140,0.15600440875261712,1.0,0.6614435811035559,0.9,0.4,10,10,0.75,0.023234483785927296,0.7857142857142857,MinT
timeseries,2,2026-10-05T11:32:36,nodeC028,3.11.9,unknown,13155602,12751,2012-12-13,0,0,0.9828761219978333,random,attribution,14,140,0.001652584835892219,0.56,0.2979639834790264,0.04960683760683761,0.0,10,10,0.07692307692307693,1.2920238077640533e-05,5.857142857142857,Wind
timeseries,2,2026-10-05T11:32:36,nodeC028,3.11.9,unknown,13155602,12767,2012-12-29,0,0,0.9988306164741516,integrated_gradients,attribution,14,140,0.11990800351625594,1.0,0.83067929518587,0.96,0.6470588235294118,10,10,1.0,0.005785573739558458,0.42857142857142855,MinT
timeseries,2,2026-10-05T11:32:36,nodeC028,3.11.9,unknown,13155602,12767,2012-12-29,0,0,0.9988306164741516,gradient_shap,attribution,14,140,0.16463297213795033,0.99,0.8272394142438029,0.68718782249742,0.5555555555555556,10,10,0.8666666666666667,0.002990820910781622,0.8571428571428571,RH2
timeseries,2,2026-10-05T11:32:36,nodeC028,3.11.9,unknown,13155602,12767,2012-12-29,0,0,0.9988306164741516,lime,attribution,14,140,0.17818664573446896,1.0,0.6949908493438672,0.9,0.75,10,10,0.75,0.012353667058050632,1.0714285714285714,MinT
timeseries,2,2026-10-05T11:32:36,nodeC028,3.11.9,unknown,13155602,12767,2012-12-29,0,0,0.9988306164741516,random,attribution,14,140,0.0,0.57,0.32634806203141287,0.04957264957264958,0.037037037037037035,10,10,0.07692307692307693,1.2775883078575134e-05,6.785714285714286,MaxT
timeseries,2,2026-10-05T11:32:36,nodeC028,3.11.9,unknown,13155602,12796,2013-01-27,0,0,0.8896256685256958,integrated_gradients,attribution,14,140,0.0887660144336094,0.83,0.729757666270649,0.9466666666666667,0.5555555555555556,10,10,1.0,0.072104228194803,0.5,MinT
timeseries,2,2026-10-05T11:32:36,nodeC028,3.11.9,unknown,13155602,12796,2013-01-27,0,0,0.8896256685256958,gradient_shap,attribution,14,140,0.05552130382470415,0.8,0.8058802593003964,0.7541176470588236,0.4,10,10,0.8666666666666667,0.0030042841099202633,0.9285714285714286,FAO56_ET
timeseries,2,2026-10-05T11:32:36,nodeC028,3.11.9,unknown,13155602,12796,2013-01-27,0,0,0.8896256685256958,lime,attribution,14,140,0.08658222650960688,0.68,0.6107072432919731,0.8,0.5555555555555556,10,10,1.0,0.016319226007908583,2.2142857142857144,MinT
timeseries,2,2026-10-05T11:32:36,nodeC028,3.11.9,unknown,13155602,12796,2013-01-27,0,0,0.8896256685256958,random,attribution,14,140,0.0,0.56,0.3282344437866028,0.04618803418803419,0.0,10,10,0.037037037037037035,1.2315809726715088e-05,5.357142857142857,Wind
timeseries,2,2026-10-05T11:32:36,nodeC028,3.11.9,unknown,13155602,12810,2013-02-10,0,0,0.8466591835021973,integrated_gradients,attribution,14,140,0.136877132497913,0.77,0.6941600286392247,0.8566666666666667,0.47368421052631576,10,10,1.0,0.005801260005682707,2.5,MaxT
timeseries,2,2026-10-05T11:32:36,nodeC028,3.11.9,unknown,13155602,12810,2013-02-10,0,0,0.8466591835021973,gradient_shap,attribution,14,140,0.09421386867593325,0.89,0.7600320822312164,0.6413398692810458,0.47368421052631576,10,10,0.5555555555555556,0.002987917046993971,0.7142857142857143,RH2
timeseries,2,2026-10-05T11:32:36,nodeC028,3.11.9,unknown,13155602,12810,2013-02-10,0,0,0.8466591835021973,lime,attribution,14,140,0.11454272584924334,0.83,0.601971870616056,0.8555555555555555,0.5555555555555556,10,10,1.0,0.01297940593212843,2.5,MaxT
timeseries,2,2026-10-05T11:32:36,nodeC028,3.11.9,unknown,13155602,12810,2013-02-10,0,0,0.8466591835021973,random,attribution,14,140,0.006328871534869091,0.55,0.3487490249802927,0.06361947231512448,0.0,10,10,0.0,1.2811273336410522e-05,7.285714285714286,Radiation
timeseries,2,2026-10-05T11:32:36,nodeC028,3.11.9,unknown,13155602,12820,2013-02-20,0,0,0.9964237809181213,integrated_gradients,attribution,14,140,0.36895333714935924,1.0,0.8812288349308751,0.9866666666666667,0.75,10,10,1.0,0.0057909078896045685,0.5714285714285714,Radiation
timeseries,2,2026-10-05T11:32:36,nodeC028,3.11.9,unknown,13155602,12820,2013-02-20,0,0,0.9964237809181213,gradient_shap,attribution,14,140,0.5127459014260567,1.0,0.8383986356709312,0.7438235294117647,0.5555555555555556,10,10,0.75,0.0029964959248900414,0.7857142857142857,RH2
timeseries,2,2026-10-05T11:32:36,nodeC028,3.11.9,unknown,13155602,12820,2013-02-20,0,0,0.9964237809181213,lime,attribution,14,140,0.3552585337619294,1.0,0.7339725029496029,1.0,0.75,10,10,0.5555555555555556,0.01306293299421668,0.5,MaxT
timeseries,2,2026-10-05T11:32:36,nodeC028,3.11.9,unknown,13155602,12820,2013-02-20,0,0,0.9964237809181213,random,attribution,14,140,0.00010007646607685957,0.62,0.336486685234231,0.050854700854700854,0.037037037037037035,10,10,0.037037037037037035,1.1793803423643112e-05,6.928571428571429,Evap
timeseries,2,2026-10-05T11:32:36,nodeC028,3.11.9,unknown,13155602,12840,2013-03-12,0,0,0.8344100713729858,integrated_gradients,attribution,14,140,0.19849500088505828,1.0,0.726334654882392,0.8566666666666668,0.5555555555555556,10,10,1.0,0.07202290697023273,1.2857142857142858,RH2
timeseries,2,2026-10-05T11:32:36,nodeC028,3.11.9,unknown,13155602,12840,2013-03-12,0,0,0.8344100713729858,gradient_shap,attribution,14,140,0.3192420958008806,0.86,0.725844415867549,0.6034141726866186,0.47368421052631576,10,10,0.75,0.0030136159621179104,1.6428571428571428,RH2
timeseries,2,2026-10-05T11:32:36,nodeC028,3.11.9,unknown,13155602,12840,2013-03-12,0,0,0.8344100713729858,lime,attribution,14,140,0.1322045637576989,1.0,0.7125209103839298,0.9,0.5555555555555556,10,10,1.0,0.01084290910512209,0.7857142857142857,RH2
timeseries,2,2026-10-05T11:32:36,nodeC028,3.11.9,unknown,13155602,12840,2013-03-12,0,0,0.8344100713729858,random,attribution,14,140,0.0,0.59,0.3298188076729336,0.05359544159544159,0.0,10,10,0.0,1.2317206710577011e-05,7.071428571428571,Radiation
timeseries,2,2026-10-05T11:32:36,nodeC028,3.11.9,unknown,13155602,12846,2013-03-18,0,0,0.9483007788658142,integrated_gradients,attribution,14,140,0.42742088310728354,1.0,0.8138515182390038,0.7980392156862746,0.5555555555555556,10,10,1.0,0.005778143182396889,0.7857142857142857,FAO56_ET
timeseries,2,2026-10-05T11:32:36,nodeC028,3.11.9,unknown,13155602,12846,2013-03-18,0,0,0.9483007788658142,gradient_shap,attribution,14,140,0.478926978861202,1.0,0.8323970435615502,0.7816339869281046,0.47368421052631576,10,10,0.75,0.0029842881485819817,0.7857142857142857,RH2
timeseries,2,2026-10-05T11:32:36,nodeC028,3.11.9,unknown,13155602,12846,2013-03-18,0,0,0.9483007788658142,lime,attribution,14,140,0.37227672551178215,1.0,0.769636911626995,0.825,0.5555555555555556,10,10,1.0,0.020033108070492744,0.7857142857142857,MinT
timeseries,2,2026-10-05T11:32:36,nodeC028,3.11.9,unknown,13155602,12846,2013-03-18,0,0,0.9483007788658142,random,attribution,14,140,0.04247238109485039,0.62,0.29473457161542815,0.03418803418803419,0.0,10,10,0.037037037037037035,1.2192875146865845e-05,4.857142857142857,Evap
timeseries,2,2026-10-05T11:32:36,nodeC028,3.11.9,unknown,13155602,12902,2013-05-13,0,0,0.7137120962142944,integrated_gradients,attribution,14,140,0.3515053153881602,1.0,0.8687997831744659,0.9733333333333334,0.75,10,10,1.0,0.0057650599628686905,0.5,MaxT
timeseries,2,2026-10-05T11:32:36,nodeC028,3.11.9,unknown,13155602,12902,2013-05-13,0,0,0.7137120962142944,gradient_shap,attribution,14,140,0.3463161579882984,0.98,0.8722149505553287,0.7733333333333334,0.6470588235294118,10,10,0.75,0.002990520093590021,0.7142857142857143,MaxT
timeseries,2,2026-10-05T11:32:36,nodeC028,3.11.9,unknown,13155602,12902,2013-05-13,0,0,0.7137120962142944,lime,attribution,14,140,0.2669838623389044,0.88,0.8255951484645925,1.0,0.75,10,10,1.0,0.011623700149357319,0.7857142857142857,MaxT
timeseries,2,2026-10-05T11:32:36,nodeC028,3.11.9,unknown,13155602,12902,2013-05-13,0,0,0.7137120962142944,random,attribution,14,140,0.2725864536647508,0.72,0.32088659461203595,0.06986894586894585,0.037037037037037035,10,10,0.12,1.2508127838373184e-05,6.785714285714286,MaxT
timeseries,2,2026-10-05T11:32:36,nodeC028,3.11.9,unknown,13155602,12926,2013-06-06,1,1,0.725299060344696,integrated_gradients,attribution,14,140,0.29327355822603923,0.87,0.8042129944949699,0.9200000000000002,0.47368421052631576,10,10,1.0,0.005774955730885267,1.0714285714285714,MaxT
timeseries,2,2026-10-05T11:32:36,nodeC028,3.11.9,unknown,13155602,12926,2013-06-06,1,1,0.725299060344696,gradient_shap,attribution,14,140,0.3163924737143012,0.81,0.8399538866348308,0.6345252837977297,0.5555555555555556,10,10,0.5555555555555556,0.0029894281178712845,0.5714285714285714,RH2
timeseries,2,2026-10-05T11:32:36,nodeC028,3.11.9,unknown,13155602,12926,2013-06-06,1,1,0.725299060344696,lime,attribution,14,140,0.2567485110530066,0.75,0.7935277667022848,0.95,0.4,10,10,0.75,0.010905751027166843,0.7857142857142857,MinT
timeseries,2,2026-10-05T11:32:36,nodeC028,3.11.9,unknown,13155602,12926,2013-06-06,1,1,0.725299060344696,random,attribution,14,140,0.003939516287095064,0.33,0.3392729814456976,0.0459031339031339,0.0,10,10,0.037037037037037035,1.2950971722602844e-05,7.0,RH1
timeseries,2,2026-10-05T11:32:36,nodeC028,3.11.9,unknown,13155602,12932,2013-06-12,1,1,0.8718400001525879,integrated_gradients,attribution,14,140,0.477330319829401,1.0,0.8771780990755818,0.9733333333333334,0.6470588235294118,10,10,1.0,0.005775013938546181,0.5714285714285714,MinT
timeseries,2,2026-10-05T11:32:36,nodeC028,3.11.9,unknown,13155602,12932,2013-06-12,1,1,0.8718400001525879,gradient_shap,attribution,14,140,0.4692044491820906,1.0,0.8563075745797109,0.8700000000000001,0.75,10,10,0.8666666666666667,0.002997887786477804,0.42857142857142855,MinT
timeseries,2,2026-10-05T11:32:36,nodeC028,3.11.9,unknown,13155602,12932,2013-06-12,1,1,0.8718400001525879,lime,attribution,14,140,0.3754223682044388,1.0,0.8131338430336883,0.95,0.5555555555555556,10,10,0.75,0.011608760338276625,0.7857142857142857,MinT
timeseries,2,2026-10-05T11:32:36,nodeC028,3.11.9,unknown,13155602,12932,2013-06-12,1,1,0.8718400001525879,random,attribution,14,140,0.01881179305626125,0.44,0.3137200813966302,0.054558404558404563,0.0,10,10,0.037037037037037035,1.1589843779802322e-05,5.142857142857143,SSH
timeseries,2,2026-10-05T11:32:36,nodeC028,3.11.9,unknown,13155602,12934,2013-06-14,1,1,0.8649630546569824,integrated_gradients,attribution,14,140,0.41278916723035086,0.99,0.8392428799610152,0.9333333333333333,0.6470588235294118,10,10,1.0,0.07459315983578563,0.35714285714285715,MinT
timeseries,2,2026-10-05T11:32:36,nodeC028,3.11.9,unknown,13155602,12934,2013-06-14,1,1,0.8649630546569824,gradient_shap,attribution,14,140,0.4104332705424985,1.0,0.8552653343532146,0.7760784313725491,0.6470588235294118,10,10,0.8666666666666667,0.0029859840869903564,0.5,MinT
timeseries,2,2026-10-05T11:32:36,nodeC028,3.11.9,unknown,13155602,12934,2013-06-14,1,1,0.8649630546569824,lime,attribution,14,140,0.38528489342923405,1.0,0.7608575291998859,0.825,0.5555555555555556,10,10,1.0,0.011575166136026382,0.5,MinT
timeseries,2,2026-10-05T11:32:36,nodeC028,3.11.9,unknown,13155602,12934,2013-06-14,1,1,0.8649630546569824,random,attribution,14,140,0.0,0.38,0.3210255783545477,0.022507122507122508,0.0,10,10,0.0,1.2648757547140121e-05,8.285714285714286,MinT
timeseries,2,2026-10-05T11:32:36,nodeC028,3.11.9,unknown,13155602,12943,2013-06-23,1,1,0.6711574792861938,integrated_gradients,attribution,14,140,0.2438257949225206,1.0,0.8034076176083512,0.9216666666666666,0.6470588235294118,10,10,1.0,0.005794422701001167,0.9285714285714286,FAO56_ET
timeseries,2,2026-10-05T11:32:36,nodeC028,3.11.9,unknown,13155602,12943,2013-06-23,1,1,0.6711574792861938,gradient_shap,attribution,14,140,0.35967172385031326,0.85,0.7835109635884483,0.6448194014447883,0.2727272727272727,10,10,0.75,0.002993648871779442,1.1428571428571428,MinT
timeseries,2,2026-10-05T11:32:36,nodeC028,3.11.9,unknown,13155602,12943,2013-06-23,1,1,0.6711574792861938,lime,attribution,14,140,0.23056860501197407,0.79,0.7318971080203696,0.85,0.4,10,10,0.75,0.012859027832746506,0.7857142857142857,MinT
timeseries,2,2026-10-05T11:32:36,nodeC028,3.11.9,unknown,13155602,12943,2013-06-23,1,1,0.6711574792861938,random,attribution,14,140,0.0,0.39,0.3685237269860384,0.03821082621082621,0.0,10,10,0.037037037037037035,1.2835022062063217e-05,7.571428571428571,MinT
timeseries,2,2026-10-05T11:32:36,nodeC028,3.11.9,unknown,13155602,12959,2013-07-09,1,1,0.8414596319198608,integrated_gradients,attribution,14,140,0.42115825562162873,0.99,0.8153611864422037,0.9733333333333334,0.6470588235294118,10,10,1.0,0.005801128689199686,0.7857142857142857,RH2
timeseries,2,2026-10-05T11:32:36,nodeC028,3.11.9,unknown,13155602,12959,2013-07-09,1,1,0.8414596319198608,gradient_shap,attribution,14,140,0.5428647727795939,1.0,0.8194264576460175,0.8566666666666667,0.6470588235294118,10,10,0.8666666666666667,0.0030008750036358833,1.0714285714285714,RH2
timeseries,2,2026-10-05T11:32:36,nodeC028,3.11.9,unknown,13155602,12959,2013-07-09,1,1,0.8414596319198608,lime,attribution,14,140,0.3816271467378793,0.97,0.7674474560551723,0.975,0.5555555555555556,10,10,0.75,0.012078106869012117,0.5,MinT
timeseries,2,2026-10-05T11:32:36,nodeC028,3.11.9,unknown,13155602,12959,2013-07-09,1,1,0.8414596319198608,random,attribution,14,140,0.017775715697351133,0.4,0.31871622676311395,0.05017663817663818,0.0,10,10,0.07692307692307693,1.1956784874200821e-05,7.571428571428571,RH2
timeseries,2,2026-10-05T11:32:36,nodeC028,3.11.9,unknown,13155602,12969,2013-07-19,1,1,0.8913246989250183,integrated_gradients,attribution,14,140,0.4295379674677194,1.0,0.7818274756230835,0.9333333333333333,0.75,10,10,1.0,0.006476122885942459,0.7142857142857143,RH2
timeseries,2,2026-10-05T11:32:36,nodeC028,3.11.9,unknown,13155602,12969,2013-07-19,1,1,0.8913246989250183,gradient_shap,attribution,14,140,0.38945831491846267,1.0,0.8092724305230586,0.8450000000000001,0.75,10,10,0.8666666666666667,0.003284667618572712,0.42857142857142855,MinT
timeseries,2,2026-10-05T11:32:36,nodeC028,3.11.9,unknown,13155602,12969,2013-07-19,1,1,0.8913246989250183,lime,attribution,14,140,0.2652713026199705,1.0,0.6791031889675135,0.8,0.5555555555555556,10,10,0.75,0.012730028945952654,1.0714285714285714,RH2
timeseries,2,2026-10-05T11:32:36,nodeC028,3.11.9,unknown,13155602,12969,2013-07-19,1,1,0.8913246989250183,random,attribution,14,140,0.003503957851395354,0.46,0.32233483160787424,0.057584045584045576,0.0,10,10,0.037037037037037035,1.240801066160202e-05,7.0,MaxT
timeseries,2,2026-10-05T11:32:36,nodeC028,3.11.9,unknown,13155602,12973,2013-07-23,1,1,0.837394118309021,integrated_gradients,attribution,14,140,0.595317279873746,1.0,0.6718609128869404,0.9600000000000002,0.75,10,10,1.0,0.06823546625673771,1.2142857142857142,RH2
timeseries,2,2026-10-05T11:32:36,nodeC028,3.11.9,unknown,13155602,12973,2013-07-23,1,1,0.837394118309021,gradient_shap,attribution,14,140,0.4471392630240338,1.0,0.725778889103455,0.8200000000000001,0.6470588235294118,10,10,0.8666666666666667,0.0031015160493552685,0.6428571428571429,RH2
timeseries,2,2026-10-05T11:32:36,nodeC028,3.11.9,unknown,13155602,12973,2013-07-23,1,1,0.837394118309021,lime,attribution,14,140,0.519871177898266,0.99,0.6096891724433974,0.925,0.5555555555555556,10,10,1.0,0.010854830034077168,1.3571428571428572,RH2
timeseries,2,2026-10-05T11:32:36,nodeC028,3.11.9,unknown,13155602,12973,2013-07-23,1,1,0.837394118309021,random,attribution,14,140,0.12834862086239857,0.55,0.3441231453308956,0.041595441595441596,0.0,10,10,0.07692307692307693,1.2553296983242035e-05,5.857142857142857,MinT
timeseries,2,2026-10-05T11:32:36,nodeC028,3.11.9,unknown,13155602,12987,2013-08-06,1,1,0.8533930778503418,integrated_gradients,attribution,14,140,0.443572054176829,0.99,0.7076005974710162,0.885,0.5555555555555556,10,10,1.0,0.07000069320201874,1.2142857142857142,RH2
timeseries,2,2026-10-05T11:32:36,nodeC028,3.11.9,unknown,13155602,12987,2013-08-06,1,1,0.8533930778503418,gradient_shap,attribution,14,140,0.5436467526589727,1.0,0.7487889061498756,0.8933333333333333,0.75,10,10,0.75,0.003009216394275427,0.9285714285714286,RH2
timeseries,2,2026-10-05T11:32:36,nodeC028,3.11.9,unknown,13155602,12987,2013-08-06,1,1,0.8533930778503418,lime,attribution,14,140,0.44827561400126836,0.94,0.6565129668206224,0.95,0.5555555555555556,10,10,1.0,0.010978828649967909,1.3571428571428572,RH2
timeseries,2,2026-10-05T11:32:36,nodeC028,3.11.9,unknown,13155602,12987,2013-08-06,1,1,0.8533930778503418,random,attribution,14,140,0.021888366453501854,0.47,0.3357598283332226,0.06377777777777778,0.0,10,10,0.07692307692307693,1.2539327144622803e-05,6.928571428571429,Rain
timeseries,2,2026-10-05T11:32:36,nodeC028,3.11.9,unknown,13155602,13000,2013-08-19,1,1,0.7940282821655273,integrated_gradients,attribution,14,140,0.42786274515102707,1.0,0.6649189733731539,0.9733333333333334,0.75,10,10,1.0,0.06963467411696911,0.6428571428571429,Rain
timeseries,2,2026-10-05T11:32:36,nodeC028,3.11.9,unknown,13155602,13000,2013-08-19,1,1,0.7940282821655273,gradient_shap,attribution,14,140,0.42786274515102707,1.0,0.6981115833913247,0.7794117647058824,0.6470588235294118,10,10,0.75,0.00298898434266448,0.6428571428571429,Rain
timeseries,2,2026-10-05T11:32:36,nodeC028,3.11.9,unknown,13155602,13000,2013-08-19,1,1,0.7940282821655273,lime,attribution,14,140,0.5544429626386772,0.92,0.6227266401150096,1.0,0.75,10,10,1.0,0.010862948838621378,1.3571428571428572,RH2
timeseries,2,2026-10-05T11:32:36,nodeC028,3.11.9,unknown,13155602,13000,2013-08-19,1,1,0.7940282821655273,random,attribution,14,140,0.0,0.4,0.32331032572642204,0.0452991452991453,0.0,10,10,0.0,1.2761913239955902e-05,7.857142857142857,MinT
timeseries,2,2026-10-05T11:32:36,nodeC028,3.11.9,unknown,13155602,13021,2013-09-09,1,1,0.833294153213501,integrated_gradients,attribution,14,140,0.4374696538485858,0.95,0.767081806517422,0.9333333333333333,0.6470588235294118,10,10,1.0,0.005802325904369354,1.2857142857142858,RH2
timeseries,2,2026-10-05T11:32:36,nodeC028,3.11.9,unknown,13155602,13021,2013-09-09,1,1,0.833294153213501,gradient_shap,attribution,14,140,0.4134596071802463,0.92,0.8118310384604471,0.8522222222222224,0.5555555555555556,10,10,0.8666666666666667,0.0030141030438244343,0.6428571428571429,RH2
timeseries,2,2026-10-05T11:32:36,nodeC028,3.11.9,unknown,13155602,13021,2013-09-09,1,1,0.833294153213501,lime,attribution,14,140,0.4059380176012685,0.92,0.7169292279775699,0.975,0.75,10,10,1.0,0.01201955508440733,0.7857142857142857,RH2
timeseries,2,2026-10-05T11:32:36,nodeC028,3.11.9,unknown,13155602,13021,2013-09-09,1,1,0.833294153213501,random,attribution,14,140,0.0013980330686858046,0.5,0.3818185046773086,0.06655840455840453,0.0,10,10,0.037037037037037035,1.292303204536438e-05,7.571428571428571,MaxT
timeseries,2,2026-10-05T11:32:36,nodeC028,3.11.9,unknown,13155602,13048,2013-10-06,0,0,0.5501296520233154,integrated_gradients,attribution,14,140,0.0,0.32,0.7103652668320777,0.8566666666666667,0.47368421052631576,10,10,1.0,0.005789014045149088,1.2857142857142858,RH2
timeseries,2,2026-10-05T11:32:36,nodeC028,3.11.9,unknown,13155602,13048,2013-10-06,0,0,0.5501296520233154,gradient_shap,attribution,14,140,0.0,0.4,0.7295539552361873,0.7218627450980393,0.47368421052631576,10,10,0.6470588235294118,0.0029877708293497562,1.0714285714285714,RH2
timeseries,2,2026-10-05T11:32:36,nodeC028,3.11.9,unknown,13155602,13048,2013-10-06,0,0,0.5501296520233154,lime,attribution,14,140,0.0,0.31,0.665919087293124,0.85,0.4,10,10,1.0,0.012044224422425032,1.6428571428571428,RH2
timeseries,2,2026-10-05T11:32:36,nodeC028,3.11.9,unknown,13155602,13048,2013-10-06,0,0,0.5501296520233154,random,attribution,14,140,0.0,0.68,0.36100820068582706,0.0670883190883191,0.0,10,10,0.0,1.2923963367938995e-05,6.928571428571429,MinT
timeseries,2,2026-10-05T11:32:36,nodeC028,3.11.9,unknown,13155602,13065,2013-10-23,1,1,0.8233210444450378,integrated_gradients,attribution,14,140,0.5045429190615965,0.97,0.8039327142129034,0.8966666666666667,0.75,10,10,1.0,0.005797364749014378,1.5,RH2
timeseries,2,2026-10-05T11:32:36,nodeC028,3.11.9,unknown,13155602,13065,2013-10-23,1,1,0.8233210444450378,gradient_shap,attribution,14,140,0.5198435028941866,0.99,0.8360037209584656,0.7127124183006536,0.6470588235294118,10,10,0.75,0.0030030328780412674,0.2857142857142857,MaxT
timeseries,2,2026-10-05T11:32:36,nodeC028,3.11.9,unknown,13155602,13065,2013-10-23,1,1,0.8233210444450378,lime,attribution,14,140,0.4650115271553283,0.97,0.7477876965182099,0.95,0.75,10,10,1.0,0.013145832810550928,0.5,MinT
timeseries,2,2026-10-05T11:32:36,nodeC028,3.11.9,unknown,13155602,13065,2013-10-23,1,1,0.8233210444450378,random,attribution,14,140,0.3292636991074011,0.64,0.32816692224781163,0.0421994301994302,0.0,10,10,0.0,1.2185424566268921e-05,4.285714285714286,RH1
timeseries,2,2026-10-05T11:32:36,nodeC028,3.11.9,unknown,13155602,13066,2013-10-24,1,1,0.876296877861023,integrated_gradients,attribution,14,140,0.4797039781871934,1.0,0.8301170428872591,0.9200000000000002,0.75,10,10,1.0,0.005774480290710926,0.35714285714285715,MinT
timeseries,2,2026-10-05T11:32:36,nodeC028,3.11.9,unknown,13155602,13066,2013-10-24,1,1,0.876296877861023,gradient_shap,attribution,14,140,0.5318979851612949,1.0,0.8389389571213939,0.9733333333333334,0.75,10,10,1.0,0.0029840501956641674,0.2857142857142857,MinT
timeseries,2,2026-10-05T11:32:36,nodeC028,3.11.9,unknown,13155602,13066,2013-10-24,1,1,0.876296877861023,lime,attribution,14,140,0.5467542390324138,1.0,0.7545103677371457,0.9,0.75,10,10,1.0,0.01710219169035554,0.5,MinT
timeseries,2,2026-10-05T11:32:36,nodeC028,3.11.9,unknown,13155602,13066,2013-10-24,1,1,0.876296877861023,random,attribution,14,140,0.04651239825920896,0.43,0.3567954423066064,0.026814814814814812,0.0,10,10,0.07692307692307693,1.239776611328125e-05,6.857142857142857,SSH
timeseries,2,2026-10-05T11:32:36,nodeC028,3.11.9,unknown,13155602,13069,2013-10-27,1,1,0.9335682392120361,integrated_gradients,attribution,14,140,0.4673102157000502,1.0,0.8580811811729339,1.0,0.8666666666666667,10,10,1.0,0.005775548052042723,0.5714285714285714,Rain
timeseries,2,2026-10-05T11:32:36,nodeC028,3.11.9,unknown,13155602,13069,2013-10-27,1,1,0.9335682392120361,gradient_shap,attribution,14,140,0.680007426572573,1.0,0.8594369747046848,0.741078431372549,0.6470588235294118,10,10,0.8666666666666667,0.00299672968685627,0.5714285714285714,Radiation
timeseries,2,2026-10-05T11:32:36,nodeC028,3.11.9,unknown,13155602,13069,2013-10-27,1,1,0.9335682392120361,lime,attribution,14,140,0.47308014288235295,1.0,0.7049604294421705,1.0,0.5555555555555556,10,10,0.75,0.01867358200252056,0.5,MaxT
timeseries,2,2026-10-05T11:32:36,nodeC028,3.11.9,unknown,13155602,13069,2013-10-27,1,1,0.9335682392120361,random,attribution,14,140,0.0010802751713691837,0.42,0.30050872638035897,0.057584045584045576,0.037037037037037035,10,10,0.07692307692307693,1.2839678674936295e-05,8.357142857142858,Rain
timeseries,2,2026-10-05T11:32:36,nodeC028,3.11.9,unknown,13155602,13088,2013-11-15,0,0,0.9903659820556641,integrated_gradients,attribution,14,140,0.3067544300579504,1.0,0.7787709495264536,0.9200000000000002,0.5555555555555556,10,10,1.0,0.005775488913059235,0.5714285714285714,FAO56_ET
timeseries,2,2026-10-05T11:32:36,nodeC028,3.11.9,unknown,13155602,13088,2013-11-15,0,0,0.9903659820556641,gradient_shap,attribution,14,140,0.31535135930220687,1.0,0.8221989829433134,0.8583333333333334,0.5555555555555556,10,10,0.75,0.003337657079100609,0.35714285714285715,MinT
timeseries,2,2026-10-05T11:32:36,nodeC028,3.11.9,unknown,13155602,13088,2013-11-15,0,0,0.9903659820556641,lime,attribution,14,140,0.29380526137390056,0.99,0.6895337009272732,0.85,0.4,10,10,0.5555555555555556,0.019415881019085646,1.0714285714285714,MaxT
timeseries,2,2026-10-05T11:32:36,nodeC028,3.11.9,unknown,13155602,13088,2013-11-15,0,0,0.9903659820556641,random,attribution,14,140,0.0,0.65,0.2956359685406411,0.08646153846153845,0.0,10,10,0.07692307692307693,1.2433156371116638e-05,6.928571428571429,RH1
timeseries,2,2026-10-05T11:32:36,nodeC028,3.11.9,unknown,13155602,13097,2013-11-24,1,1,0.6289112567901611,integrated_gradients,attribution,14,140,0.7208087682188271,1.0,0.7355488345878698,1.0,0.75,10,10,1.0,0.005807358305901289,0.42857142857142855,Wind
timeseries,2,2026-10-05T11:32:36,nodeC028,3.11.9,unknown,13155602,13097,2013-11-24,1,1,0.6289112567901611,gradient_shap,attribution,14,140,0.8371612374079256,1.0,0.7704358143471228,0.8450000000000001,0.6470588235294118,10,10,0.8666666666666667,0.0029876790940761566,0.35714285714285715,MaxT
timeseries,2,2026-10-05T11:32:36,nodeC028,3.11.9,unknown,13155602,13097,2013-11-24,1,1,0.6289112567901611,lime,attribution,14,140,0.6239125947423555,0.76,0.6511242333647269,0.825,0.5555555555555556,10,10,0.75,0.010961857158690691,1.3571428571428572,MinT
timeseries,2,2026-10-05T11:32:36,nodeC028,3.11.9,unknown,13155602,13097,2013-11-24,1,1,0.6289112567901611,random,attribution,14,140,0.05766933402733425,0.43,0.31399004733431246,0.07054700854700854,0.0,10,10,0.12,1.1799857020378113e-05,5.428571428571429,MinT
timeseries,2,2026-10-05T11:32:36,nodeC028,3.11.9,unknown,13155602,13108,2013-12-05,0,0,0.8868283629417419,integrated_gradients,attribution,14,140,0.06170651081953026,0.73,0.6946030039472644,0.8933333333333333,0.6470588235294118,10,10,1.0,0.0057800039649009705,1.5,RH2
timeseries,2,2026-10-05T11:32:36,nodeC028,3.11.9,unknown,13155602,13108,2013-12-05,0,0,0.8868283629417419,gradient_shap,attribution,14,140,0.010655905016301698,0.71,0.7255076495552861,0.8083333333333333,0.6470588235294118,10,10,0.8666666666666667,0.003005889244377613,2.142857142857143,MaxT
timeseries,2,2026-10-05T11:32:36,nodeC028,3.11.9,unknown,13155602,13108,2013-12-05,0,0,0.8868283629417419,lime,attribution,14,140,0.08861209297086248,0.73,0.6315382702034698,1.0,0.5555555555555556,10,10,0.75,0.011544529348611832,1.0714285714285714,MaxT
timeseries,2,2026-10-05T11:32:36,nodeC028,3.11.9,unknown,13155602,13108,2013-12-05,0,0,0.8868283629417419,random,attribution,14,140,0.012405004775007392,0.62,0.32428103067561964,0.0459031339031339,0.0,10,10,0.037037037037037035,1.1839903891086578e-05,6.142857142857143,Radiation
timeseries,2,2026-10-05T11:32:36,nodeC028,3.11.9,unknown,13155602,13116,2013-12-13,0,0,0.9980040192604065,integrated_gradients,attribution,14,140,0.11861861834959225,1.0,0.7995648281651765,0.9333333333333333,0.5555555555555556,10,10,1.0,0.005776592995971441,0.5714285714285714,RH2
timeseries,2,2026-10-05T11:32:36,nodeC028,3.11.9,unknown,13155602,13116,2013-12-13,0,0,0.9980040192604065,gradient_shap,attribution,14,140,0.11376109825953347,1.0,0.8015424756588605,0.8316666666666668,0.6470588235294118,10,10,0.75,0.003087923862040043,0.5,MinT
timeseries,2,2026-10-05T11:32:36,nodeC028,3.11.9,unknown,13155602,13116,2013-12-13,0,0,0.9980040192604065,lime,attribution,14,140,0.19935385958528115,1.0,0.6522884228633241,0.875,0.5555555555555556,10,10,0.5555555555555556,0.011013553012162447,2.7857142857142856,MinT
timeseries,2,2026-10-05T11:32:36,nodeC028,3.11.9,unknown,13155602,13116,2013-12-13,0,0,0.9980040192604065,random,attribution,14,140,0.000159761305262406,0.68,0.3382189231826458,0.04131054131054131,0.0,10,10,0.0,1.285504549741745e-05,6.357142857142857,Radiation
timeseries,2,2026-10-05T11:32:36,nodeC028,3.11.9,unknown,13155602,13129,2013-12-26,0,0,0.9654875993728638,integrated_gradients,attribution,14,140,0.1476225065584472,1.0,0.8118528995815006,1.0,0.75,10,10,1.0,0.07085569202899933,0.35714285714285715,MinT
timeseries,2,2026-10-05T11:32:36,nodeC028,3.11.9,unknown,13155602,13129,2013-12-26,0,0,0.9654875993728638,gradient_shap,attribution,14,140,0.2047608517344588,0.98,0.8166397263844005,0.8566666666666668,0.75,10,10,0.8666666666666667,0.0033932309597730637,0.5714285714285714,MinT
timeseries,2,2026-10-05T11:32:36,nodeC028,3.11.9,unknown,13155602,13129,2013-12-26,0,0,0.9654875993728638,lime,attribution,14,140,0.1579279146798711,0.96,0.6966323673198396,0.975,0.75,10,10,1.0,0.01530726719647646,0.7857142857142857,MinT
timeseries,2,2026-10-05T11:32:36,nodeC028,3.11.9,unknown,13155602,13129,2013-12-26,0,0,0.9654875993728638,random,attribution,14,140,0.0,0.57,0.3543266668114493,0.06588034188034188,0.0,10,10,0.0,1.2740958482027054e-05,5.285714285714286,Rain
timeseries,2,2026-10-05T11:32:36,nodeC028,3.11.9,unknown,13155602,13149,2014-01-15,0,0,0.9658428430557251,integrated_gradients,attribution,14,140,0.16807628463664318,1.0,0.7748166509613806,0.9466666666666667,0.75,10,10,1.0,0.005786776077002287,0.42857142857142855,FAO56_ET
timeseries,2,2026-10-05T11:32:36,nodeC028,3.11.9,unknown,13155602,13149,2014-01-15,0,0,0.9658428430557251,gradient_shap,attribution,14,140,0.1358436855142206,1.0,0.7964432994389921,0.8316666666666668,0.6470588235294118,10,10,0.8666666666666667,0.003198788035660982,0.5,FAO56_ET
timeseries,2,2026-10-05T11:32:36,nodeC028,3.11.9,unknown,13155602,13149,2014-01-15,0,0,0.9658428430557251,lime,attribution,14,140,0.16416611444201284,1.0,0.6616642086912664,0.85,0.4,10,10,1.0,0.010825806763023138,0.5,MaxT
timeseries,2,2026-10-05T11:32:36,nodeC028,3.11.9,unknown,13155602,13149,2014-01-15,0,0,0.9658428430557251,random,attribution,14,140,0.0,0.71,0.3142855501643631,0.07357264957264957,0.0,10,10,0.07692307692307693,1.2023840099573135e-05,6.857142857142857,RH1
timeseries,2,2026-10-05T11:32:36,nodeC028,3.11.9,unknown,13155602,13161,2014-01-27,0,0,0.8852085471153259,integrated_gradients,attribution,14,140,0.13790208085670413,0.97,0.786516894132361,0.9333333333333333,0.6470588235294118,10,10,1.0,0.00577382231131196,0.5,MinT
timeseries,2,2026-10-05T11:32:36,nodeC028,3.11.9,unknown,13155602,13161,2014-01-27,0,0,0.8852085471153259,gradient_shap,attribution,14,140,0.12746470266814397,0.96,0.7504044216355046,0.7966666666666666,0.6470588235294118,10,10,0.6470588235294118,0.002986673265695572,0.6428571428571429,FAO56_ET
timeseries,2,2026-10-05T11:32:36,nodeC028,3.11.9,unknown,13155602,13161,2014-01-27,0,0,0.8852085471153259,lime,attribution,14,140,0.13358502787796517,0.85,0.629105080409327,0.7555555555555555,0.5555555555555556,10,10,0.75,0.01095703337341547,1.3571428571428572,MaxT
timeseries,2,2026-10-05T11:32:36,nodeC028,3.11.9,unknown,13155602,13161,2014-01-27,0,0,0.8852085471153259,random,attribution,14,140,0.0,0.66,0.3375449743971285,0.054484330484330476,0.0,10,10,0.037037037037037035,1.2850388884544373e-05,6.0,MinT
timeseries,2,2026-10-05T11:32:36,nodeC028,3.11.9,unknown,13155602,13166,2014-02-01,0,0,0.9848730564117432,integrated_gradients,attribution,14,140,0.1528407422479161,1.0,0.8075736971941723,0.9600000000000002,0.6470588235294118,10,10,1.0,0.07105848705396056,0.7142857142857143,MinT
timeseries,2,2026-10-05T11:32:36,nodeC028,3.11.9,unknown,13155602,13166,2014-02-01,0,0,0.9848730564117432,gradient_shap,attribution,14,140,0.15057922605406093,1.0,0.7724502695958242,0.8097058823529413,0.75,10,10,0.8666666666666667,0.0029925359413027763,0.42857142857142855,FAO56_ET
timeseries,2,2026-10-05T11:32:36,nodeC028,3.11.9,unknown,13155602,13166,2014-02-01,0,0,0.9848730564117432,lime,attribution,14,140,0.1338650188084458,0.93,0.687033895089349,0.825,0.4,10,10,0.5555555555555556,0.012664616107940674,1.6428571428571428,MaxT
timeseries,2,2026-10-05T11:32:36,nodeC028,3.11.9,unknown,13155602,13166,2014-02-01,0,0,0.9848730564117432,random,attribution,14,140,0.0,0.5,0.3035350478686972,0.058188034188034185,0.0,10,10,0.0,1.3054348528385162e-05,6.642857142857143,Rain
timeseries,2,2026-10-05T11:32:36,nodeC028,3.11.9,unknown,13155602,13170,2014-02-05,0,0,0.9923324584960938,integrated_gradients,attribution,14,140,0.15022894450552407,1.0,0.8033181271030746,0.8200000000000001,0.6470588235294118,10,10,1.0,0.005799654871225357,0.42857142857142855,MinT
timeseries,2,2026-10-05T11:32:36,nodeC028,3.11.9,unknown,13155602,13170,2014-02-05,0,0,0.9923324584960938,gradient_shap,attribution,14,140,0.1336128086870613,1.0,0.8406801165289617,0.8597058823529412,0.6470588235294118,10,10,1.0,0.003106149844825268,0.5,MinT
timeseries,2,2026-10-05T11:32:36,nodeC028,3.11.9,unknown,13155602,13170,2014-02-05,0,0,0.9923324584960938,lime,attribution,14,140,0.1499047125712133,0.98,0.6686629967532405,0.95,0.4,10,10,0.5555555555555556,0.010852287989109755,1.9285714285714286,Wind
timeseries,2,2026-10-05T11:32:36,nodeC028,3.11.9,unknown,13155602,13170,2014-02-05,0,0,0.9923324584960938,random,attribution,14,140,0.0,0.47,0.3410933946376925,0.05017663817663818,0.0,10,10,0.0,1.2074131518602371e-05,6.928571428571429,MaxT
timeseries,2,2026-10-05T11:32:36,nodeC028,3.11.9,unknown,13155602,13174,2014-02-09,0,0,0.9925436973571777,integrated_gradients,attribution,14,140,0.17097246476724887,1.0,0.7770370438545778,0.8816666666666666,0.5555555555555556,10,10,1.0,0.005776611622422934,1.3571428571428572,RH2
timeseries,2,2026-10-05T11:32:36,nodeC028,3.11.9,unknown,13155602,13174,2014-02-09,0,0,0.9925436973571777,gradient_shap,attribution,14,140,0.1218840003555103,1.0,0.8072419657413047,0.7569281045751634,0.6470588235294118,10,10,0.6470588235294118,0.002997877076268196,0.5714285714285714,RH2
timeseries,2,2026-10-05T11:32:36,nodeC028,3.11.9,unknown,13155602,13174,2014-02-09,0,0,0.9925436973571777,lime,attribution,14,140,0.18767171987710873,1.0,0.666171402316007,0.85,0.5555555555555556,10,10,0.75,0.010864533018320799,2.2142857142857144,MinT
timeseries,2,2026-10-05T11:32:36,nodeC028,3.11.9,unknown,13155602,13174,2014-02-09,0,0,0.9925436973571777,random,attribution,14,140,0.06680500741046785,0.9,0.346379518319311,0.06648433048433047,0.07692307692307693,10,10,0.0,1.3018958270549774e-05,6.5,SSH
timeseries,2,2026-10-05T11:32:36,nodeC028,3.11.9,unknown,13155602,13182,2014-02-17,0,0,0.8556140065193176,integrated_gradients,attribution,14,140,0.1307822647178951,0.99,0.8142844275722338,0.8700000000000001,0.6470588235294118,10,10,1.0,0.005784620996564627,0.35714285714285715,MinT
timeseries,2,2026-10-05T11:32:36,nodeC028,3.11.9,unknown,13155602,13182,2014-02-17,0,0,0.8556140065193176,gradient_shap,attribution,14,140,0.135532724511159,1.0,0.8296070350890007,0.9066666666666668,0.6470588235294118,10,10,0.75,0.0029978500679135323,0.2857142857142857,MinT
timeseries,2,2026-10-05T11:32:36,nodeC028,3.11.9,unknown,13155602,13182,2014-02-17,0,0,0.8556140065193176,lime,attribution,14,140,0.1199072423125304,0.97,0.7234158851149852,1.0,0.5555555555555556,10,10,1.0,0.011461860965937376,0.5,MinT
timeseries,2,2026-10-05T11:32:36,nodeC028,3.11.9,unknown,13155602,13182,2014-02-17,0,0,0.8556140065193176,random,attribution,14,140,0.0,0.55,0.35942761176465976,0.06748148148148148,0.0,10,10,0.037037037037037035,1.2501142919063568e-05,5.428571428571429,RH1
timeseries,2,2026-10-05T11:32:36,nodeC028,3.11.9,unknown,13155602,13207,2014-03-14,0,0,0.6659082770347595,integrated_gradients,attribution,14,140,0.03331875235128405,0.86,0.7087239691893923,0.9466666666666667,0.47368421052631576,10,10,1.0,0.005792180076241493,2.5714285714285716,RH2
timeseries,2,2026-10-05T11:32:36,nodeC028,3.11.9,unknown,13155602,13207,2014-03-14,0,0,0.6659082770347595,gradient_shap,attribution,14,140,0.00817089949263732,0.82,0.7649265595228827,0.6757017543859648,0.3333333333333333,10,10,0.8666666666666667,0.0029938467778265476,1.0,MaxT
timeseries,2,2026-10-05T11:32:36,nodeC028,3.11.9,unknown,13155602,13207,2014-03-14,0,0,0.6659082770347595,lime,attribution,14,140,0.09824556504080213,1.0,0.701844187658035,0.975,0.5555555555555556,10,10,1.0,0.011010101065039635,0.5,MinT
timeseries,2,2026-10-05T11:32:36,nodeC028,3.11.9,unknown,13155602,13207,2014-03-14,0,0,0.6659082770347595,random,attribution,14,140,0.0,0.61,0.3310721439859976,0.030803418803418803,0.037037037037037035,10,10,0.0,1.203315332531929e-05,6.714285714285714,Rain
timeseries,2,2026-10-05T11:32:36,nodeC028,3.11.9,unknown,13155602,13219,2014-03-26,0,0,0.6512315273284912,integrated_gradients,attribution,14,140,0.20997547834255856,0.88,0.815931823895418,0.9200000000000002,0.5555555555555556,10,10,1.0,0.005767389666289091,0.9285714285714286,RH2
timeseries,2,2026-10-05T11:32:36,nodeC028,3.11.9,unknown,13155602,13219,2014-03-26,0,0,0.6512315273284912,gradient_shap,attribution,14,140,0.15365803966592262,0.91,0.7530746927153721,0.6440849673202614,0.5555555555555556,10,10,0.75,0.0029904283583164215,0.6428571428571429,RH2
timeseries,2,2026-10-05T11:32:36,nodeC028,3.11.9,unknown,13155602,13219,2014-03-26,0,0,0.6512315273284912,lime,attribution,14,140,0.16398803498345027,0.92,0.7943164580489569,1.0,0.5555555555555556,10,10,1.0,0.01087550027295947,1.3571428571428572,RH2
timeseries,2,2026-10-05T11:32:36,nodeC028,3.11.9,unknown,13155602,13219,2014-03-26,0,0,0.6512315273284912,random,attribution,14,140,0.0,0.62,0.3024999774578667,0.03547008547008547,0.0,10,10,0.037037037037037035,1.2525822967290878e-05,7.357142857142857,RH2
timeseries,2,2026-10-05T11:32:36,nodeC028,3.11.9,unknown,13155602,13254,2014-04-30,0,0,0.6366719603538513,integrated_gradients,attribution,14,140,0.0578561194669255,0.85,0.8266115082832303,0.9333333333333333,0.5555555555555556,10,10,1.0,0.0057956380769610405,1.1428571428571428,MaxT
timeseries,2,2026-10-05T11:32:36,nodeC028,3.11.9,unknown,13155602,13254,2014-04-30,0,0,0.6366719603538513,gradient_shap,attribution,14,140,0.004055484654710387,0.68,0.8462867486072483,0.7527450980392156,0.47368421052631576,10,10,0.8666666666666667,0.002994419075548649,1.7142857142857142,MaxT
timeseries,2,2026-10-05T11:32:36,nodeC028,3.11.9,unknown,13155602,13254,2014-04-30,0,0,0.6366719603538513,lime,attribution,14,140,0.08371136715303648,0.84,0.7842018238844215,1.0,0.5555555555555556,10,10,1.0,0.01087456988170743,0.5,MaxT
timeseries,2,2026-10-05T11:32:36,nodeC028,3.11.9,unknown,13155602,13254,2014-04-30,0,0,0.6366719603538513,random,attribution,14,140,0.0,0.57,0.3198135247525774,0.0421994301994302,0.0,10,10,0.0,1.251930370926857e-05,4.714285714285714,Wind
timeseries,2,2026-10-05T11:32:36,nodeC028,3.11.9,unknown,13155602,13280,2014-05-26,0,0,0.5989124178886414,integrated_gradients,attribution,14,140,0.1625118940597923,0.75,0.8780749092905151,1.0,0.75,10,10,1.0,0.005796195939183235,0.35714285714285715,MaxT
timeseries,2,2026-10-05T11:32:36,nodeC028,3.11.9,unknown,13155602,13280,2014-05-26,0,0,0.5989124178886414,gradient_shap,attribution,14,140,0.018819410627877974,0.65,0.8674492429550995,0.7544117647058823,0.5555555555555556,10,10,0.8666666666666667,0.0030003641732037067,0.35714285714285715,MaxT
timeseries,2,2026-10-05T11:32:36,nodeC028,3.11.9,unknown,13155602,13280,2014-05-26,0,0,0.5989124178886414,lime,attribution,14,140,0.06145241833691063,0.78,0.8496144578181457,1.0,0.75,10,10,1.0,0.015294305980205536,0.5,MinT
timeseries,2,2026-10-05T11:32:36,nodeC028,3.11.9,unknown,13155602,13280,2014-05-26,0,0,0.5989124178886414,random,attribution,14,140,0.0,0.67,0.30180552409625494,0.0339031339031339,0.0,10,10,0.037037037037037035,1.2949109077453613e-05,6.714285714285714,MaxT
timeseries,2,2026-10-05T11:32:36,nodeC028,3.11.9,unknown,13155602,13288,2014-06-03,1,1,0.5283527970314026,integrated_gradients,attribution,14,140,0.0,0.69,0.8677399925343319,0.9466666666666667,0.75,10,10,1.0,0.005802480969578028,0.35714285714285715,MaxT
timeseries,2,2026-10-05T11:32:36,nodeC028,3.11.9,unknown,13155602,13288,2014-06-03,1,1,0.5283527970314026,gradient_shap,attribution,14,140,0.11176141707473662,0.76,0.8703072699835068,0.7747058823529412,0.5555555555555556,10,10,0.75,0.0029821093194186687,0.5714285714285714,MaxT
timeseries,2,2026-10-05T11:32:36,nodeC028,3.11.9,unknown,13155602,13288,2014-06-03,1,1,0.5283527970314026,lime,attribution,14,140,0.11740676550595315,0.68,0.83902147982899,1.0,0.5555555555555556,10,10,1.0,0.011532241944223642,0.5,MinT
timeseries,2,2026-10-05T11:32:36,nodeC028,3.11.9,unknown,13155602,13288,2014-06-03,1,1,0.5283527970314026,random,attribution,14,140,0.0,0.41,0.34371898153371805,0.07389173789173789,0.037037037037037035,10,10,0.037037037037037035,1.196097582578659e-05,5.571428571428571,MaxT
timeseries,2,2026-10-05T11:32:36,nodeC028,3.11.9,unknown,13155602,13323,2014-07-08,1,1,0.8648832440376282,integrated_gradients,attribution,14,140,0.3585484909271207,1.0,0.82683727938986,0.8683333333333334,0.6470588235294118,10,10,1.0,0.00578377116471529,1.2142857142857142,MinT
timeseries,2,2026-10-05T11:32:36,nodeC028,3.11.9,unknown,13155602,13323,2014-07-08,1,1,0.8648832440376282,gradient_shap,attribution,14,140,0.3888218140824197,0.99,0.8365498940946363,0.8833333333333334,0.75,10,10,0.75,0.002993302419781685,0.6428571428571429,MinT
timeseries,2,2026-10-05T11:32:36,nodeC028,3.11.9,unknown,13155602,13323,2014-07-08,1,1,0.8648832440376282,lime,attribution,14,140,0.34633615920461647,1.0,0.7932227523055415,0.9,0.5555555555555556,10,10,0.75,0.010870032012462616,0.7857142857142857,MinT
timeseries,2,2026-10-05T11:32:36,nodeC028,3.11.9,unknown,13155602,13323,2014-07-08,1,1,0.8648832440376282,random,attribution,14,140,0.004214789557207267,0.35,0.32890425619363506,0.04618803418803419,0.0,10,10,0.037037037037037035,1.195492222905159e-05,6.642857142857143,FAO56_ET
timeseries,2,2026-10-05T11:32:36,nodeC028,3.11.9,unknown,13155602,13339,2014-07-24,1,1,0.8215898871421814,integrated_gradients,attribution,14,140,0.2609259538837482,1.0,0.8093919612925428,0.96,0.75,10,10,1.0,0.005784906912595034,0.5,Wind
timeseries,2,2026-10-05T11:32:36,nodeC028,3.11.9,unknown,13155602,13339,2014-07-24,1,1,0.8215898871421814,gradient_shap,attribution,14,140,0.4233219174330569,1.0,0.7912692188412123,0.8730392156862745,0.6470588235294118,10,10,0.75,0.0030188611708581448,0.5714285714285714,RH2
timeseries,2,2026-10-05T11:32:36,nodeC028,3.11.9,unknown,13155602,13339,2014-07-24,1,1,0.8215898871421814,lime,attribution,14,140,0.23260839331656558,1.0,0.6988156866594343,0.9,0.5555555555555556,10,10,0.75,0.011934669222682714,0.7857142857142857,Wind
timeseries,2,2026-10-05T11:32:36,nodeC028,3.11.9,unknown,13155602,13339,2014-07-24,1,1,0.8215898871421814,random,attribution,14,140,0.0,0.32,0.35605527451370633,0.05790313390313391,0.0,10,10,0.037037037037037035,1.235026866197586e-05,6.285714285714286,Radiation
timeseries,2,2026-10-05T11:32:36,nodeC028,3.11.9,unknown,13155602,13346,2014-07-31,1,1,0.871332585811615,integrated_gradients,attribution,14,140,0.33582031304778487,1.0,0.803620348911456,1.0,0.8666666666666667,10,10,1.0,0.0058143362402915955,0.42857142857142855,Radiation
timeseries,2,2026-10-05T11:32:36,nodeC028,3.11.9,unknown,13155602,13346,2014-07-31,1,1,0.871332585811615,gradient_shap,attribution,14,140,0.470597942953928,1.0,0.8185036612978235,0.8983333333333334,0.75,10,10,0.8666666666666667,0.0030006389133632183,0.5,RH2
timeseries,2,2026-10-05T11:32:36,nodeC028,3.11.9,unknown,13155602,13346,2014-07-31,1,1,0.871332585811615,lime,attribution,14,140,0.27135420888618456,1.0,0.6965791409055877,0.95,0.75,10,10,0.75,0.01224786089733243,0.5,MaxT
timeseries,2,2026-10-05T11:32:36,nodeC028,3.11.9,unknown,13155602,13346,2014-07-31,1,1,0.871332585811615,random,attribution,14,140,0.05501850903664423,0.61,0.3620020868013476,0.038495726495726496,0.0,10,10,0.0,1.2149102985858917e-05,4.857142857142857,RH1
timeseries,2,2026-10-05T11:32:36,nodeC028,3.11.9,unknown,13155602,13373,2014-08-27,1,1,0.82631915807724,integrated_gradients,attribution,14,140,0.4550389570763456,0.97,0.8468292818527439,1.0,0.8666666666666667,10,10,1.0,0.005847420077770948,0.8571428571428571,RH2
timeseries,2,2026-10-05T11:32:36,nodeC028,3.11.9,unknown,13155602,13373,2014-08-27,1,1,0.82631915807724,gradient_shap,attribution,14,140,0.48705578419622697,0.94,0.8535513110008238,0.8700000000000001,0.75,10,10,1.0,0.00300393532961607,0.6428571428571429,RH2
timeseries,2,2026-10-05T11:32:36,nodeC028,3.11.9,unknown,13155602,13373,2014-08-27,1,1,0.82631915807724,lime,attribution,14,140,0.4057876405641211,0.94,0.7725558616052279,0.975,0.75,10,10,1.0,0.013188701122999191,0.5,MinT
timeseries,2,2026-10-05T11:32:36,nodeC028,3.11.9,unknown,13155602,13373,2014-08-27,1,1,0.82631915807724,random,attribution,14,140,0.0,0.34,0.3195936804753474,0.06157264957264956,0.0,10,10,0.037037037037037035,1.2533273547887802e-05,5.857142857142857,Wind
timeseries,2,2026-10-05T11:32:36,nodeC028,3.11.9,unknown,13155602,13376,2014-08-30,1,1,0.9397156834602356,integrated_gradients,attribution,14,140,0.4325380492588616,1.0,0.853217512371262,0.9866666666666667,0.75,10,10,1.0,0.009728808887302876,0.6428571428571429,RH2
timeseries,2,2026-10-05T11:32:36,nodeC028,3.11.9,unknown,13155602,13376,2014-08-30,1,1,0.9397156834602356,gradient_shap,attribution,14,140,0.5907839005828625,1.0,0.8516990793122785,0.8816666666666666,0.75,10,10,0.75,0.003009222913533449,0.5,RH2
timeseries,2,2026-10-05T11:32:36,nodeC028,3.11.9,unknown,13155602,13376,2014-08-30,1,1,0.9397156834602356,lime,attribution,14,140,0.48052609148668707,1.0,0.7362755803510123,1.0,0.75,10,10,1.0,0.0119083640165627,0.5,MaxT
timeseries,2,2026-10-05T11:32:36,nodeC028,3.11.9,unknown,13155602,13376,2014-08-30,1,1,0.9397156834602356,random,attribution,14,140,0.02215730961670039,0.49,0.3274884505059451,0.041595441595441596,0.0,10,10,0.037037037037037035,1.2759119272232056e-05,6.928571428571429,RH2
timeseries,2,2026-10-05T11:32:36,nodeC028,3.11.9,unknown,13155602,13384,2014-09-07,1,1,0.8162803649902344,integrated_gradients,attribution,14,140,0.6552658023651412,0.96,0.6884484773723196,0.8666666666666668,0.5555555555555556,10,10,1.0,0.005799205973744392,3.357142857142857,RH2
timeseries,2,2026-10-05T11:32:36,nodeC028,3.11.9,unknown,13155602,13384,2014-09-07,1,1,0.8162803649902344,gradient_shap,attribution,14,140,0.7098953063736372,0.99,0.7489174255179393,0.7863725490196078,0.6470588235294118,10,10,0.8666666666666667,0.002990088891237974,3.2857142857142856,RH2
timeseries,2,2026-10-05T11:32:36,nodeC028,3.11.9,unknown,13155602,13384,2014-09-07,1,1,0.8162803649902344,lime,attribution,14,140,0.6395508054378152,0.98,0.6697834120467029,0.95,0.75,10,10,0.75,0.010978888254612684,3.0714285714285716,RH2
timeseries,2,2026-10-05T11:32:36,nodeC028,3.11.9,unknown,13155602,13384,2014-09-07,1,1,0.8162803649902344,random,attribution,14,140,0.005796824397265203,0.41,0.2970418994281985,0.08279202279202279,0.0,10,10,0.0,1.160474494099617e-05,5.357142857142857,Evap
timeseries,2,2026-10-05T11:32:36,nodeC028,3.11.9,unknown,13155602,13389,2014-09-12,1,1,0.7768658995628357,integrated_gradients,attribution,14,140,0.529103210398194,0.96,0.7023088319012251,0.8583333333333334,0.5555555555555556,10,10,1.0,0.005809055641293526,1.6428571428571428,RH2
timeseries,2,2026-10-05T11:32:36,nodeC028,3.11.9,unknown,13155602,13389,2014-09-12,1,1,0.7768658995628357,gradient_shap,attribution,14,140,0.5594167112691704,0.79,0.7181443542316704,0.7763725490196078,0.5555555555555556,10,10,0.75,0.003002955112606287,1.5,RH2
timeseries,2,2026-10-05T11:32:36,nodeC028,3.11.9,unknown,13155602,13389,2014-09-12,1,1,0.7768658995628357,lime,attribution,14,140,0.523936813392536,0.85,0.6721054596240246,0.8055555555555556,0.4,10,10,0.75,0.01090186508372426,2.7857142857142856,RH2
timeseries,2,2026-10-05T11:32:36,nodeC028,3.11.9,unknown,13155602,13389,2014-09-12,1,1,0.7768658995628357,random,attribution,14,140,0.03505004891953504,0.43,0.3535405423146353,0.041914529914529916,0.0,10,10,0.037037037037037035,1.2170057743787766e-05,6.714285714285714,MaxT
timeseries,2,2026-10-05T11:32:36,nodeC028,3.11.9,unknown,13155602,13397,2014-09-20,1,1,0.8295928239822388,integrated_gradients,attribution,14,140,0.5335024995940585,0.97,0.7913298580530888,0.8933333333333333,0.5555555555555556,10,10,1.0,0.07078044721856713,1.4285714285714286,RH2
timeseries,2,2026-10-05T11:32:36,nodeC028,3.11.9,unknown,13155602,13397,2014-09-20,1,1,0.8295928239822388,gradient_shap,attribution,14,140,0.6324504643540213,0.99,0.8182147795658616,0.8713725490196079,0.6470588235294118,10,10,0.75,0.0030036638490855694,1.6428571428571428,RH2
timeseries,2,2026-10-05T11:32:36,nodeC028,3.11.9,unknown,13155602,13397,2014-09-20,1,1,0.8295928239822388,lime,attribution,14,140,0.4460811911833807,0.89,0.7428471261443774,0.875,0.4,10,10,1.0,0.013170863036066294,0.5,MinT
timeseries,2,2026-10-05T11:32:36,nodeC028,3.11.9,unknown,13155602,13397,2014-09-20,1,1,0.8295928239822388,random,attribution,14,140,0.0,0.5,0.33314411395964294,0.04989173789173789,0.0,10,10,0.12,1.2751203030347824e-05,6.714285714285714,Wind
timeseries,2,2026-10-05T11:32:36,nodeC028,3.11.9,unknown,13155602,13404,2014-09-27,0,0,0.6961801648139954,integrated_gradients,attribution,14,140,0.09057286639361793,0.98,0.7310431832422138,0.8966666666666667,0.6470588235294118,10,10,1.0,0.005773451179265976,2.142857142857143,RH2
timeseries,2,2026-10-05T11:32:36,nodeC028,3.11.9,unknown,13155602,13404,2014-09-27,0,0,0.6961801648139954,gradient_shap,attribution,14,140,0.017949881018489267,0.77,0.7037764170462216,0.6611093911248711,0.47368421052631576,10,10,0.8666666666666667,0.0029994938522577286,1.5,RH2
timeseries,2,2026-10-05T11:32:36,nodeC028,3.11.9,unknown,13155602,13404,2014-09-27,0,0,0.6961801648139954,lime,attribution,14,140,0.0,0.74,0.7131402410093899,0.975,0.75,10,10,1.0,0.020977872889488935,2.2142857142857144,RH2
timeseries,2,2026-10-05T11:32:36,nodeC028,3.11.9,unknown,13155602,13404,2014-09-27,0,0,0.6961801648139954,random,attribution,14,140,0.005188884967644598,0.65,0.28518001026462525,0.06285470085470084,0.037037037037037035,10,10,0.0,1.1846888810396194e-05,6.571428571428571,FAO56_ET
timeseries,2,2026-10-05T11:32:36,nodeC028,3.11.9,unknown,13155602,13411,2014-10-04,0,0,0.7543981671333313,integrated_gradients,attribution,14,140,0.25839519647377335,0.95,0.7402973824981395,0.8950000000000001,0.5555555555555556,10,10,1.0,0.005797582678496838,1.5,RH2
timeseries,2,2026-10-05T11:32:36,nodeC028,3.11.9,unknown,13155602,13411,2014-10-04,0,0,0.7543981671333313,gradient_shap,attribution,14,140,0.24196477091741592,0.94,0.7735279931061896,0.6757017543859649,0.5555555555555556,10,10,0.75,0.0029861899092793465,1.1428571428571428,Wind
timeseries,2,2026-10-05T11:32:36,nodeC028,3.11.9,unknown,13155602,13411,2014-10-04,0,0,0.7543981671333313,lime,attribution,14,140,0.2613541031463015,0.9,0.6967226567218261,0.825,0.4,10,10,1.0,0.011532247997820377,0.7857142857142857,SSH
timeseries,2,2026-10-05T11:32:36,nodeC028,3.11.9,unknown,13155602,13411,2014-10-04,0,0,0.7543981671333313,random,attribution,14,140,0.0,0.57,0.3349510124104541,0.0459031339031339,0.0,10,10,0.0,1.318473368883133e-05,5.428571428571429,MaxT
timeseries,2,2026-10-05T11:32:36,nodeC028,3.11.9,unknown,13155602,13430,2014-10-23,0,0,0.5667852759361267,integrated_gradients,attribution,14,140,0.0,0.6,0.7409658677203343,0.7966666666666666,0.5555555555555556,10,10,1.0,0.0058025820180773735,0.7142857142857143,RH2
timeseries,2,2026-10-05T11:32:36,nodeC028,3.11.9,unknown,13155602,13430,2014-10-23,0,0,0.5667852759361267,gradient_shap,attribution,14,140,0.0,0.68,0.7553467158246705,0.6217148262813897,0.4,10,10,0.8666666666666667,0.0029868101701140404,0.7857142857142857,RH2
timeseries,2,2026-10-05T11:32:36,nodeC028,3.11.9,unknown,13155602,13430,2014-10-23,0,0,0.5667852759361267,lime,attribution,14,140,0.0,0.71,0.6983070661990202,0.9,0.4,10,10,0.75,0.011541156098246574,0.7857142857142857,MinT
timeseries,2,2026-10-05T11:32:36,nodeC028,3.11.9,unknown,13155602,13430,2014-10-23,0,0,0.5667852759361267,random,attribution,14,140,0.0,0.64,0.34316062885417664,0.0339031339031339,0.0,10,10,0.0,1.1870171874761581e-05,7.285714285714286,MinT
timeseries,2,2026-10-05T11:32:36,nodeC028,3.11.9,unknown,13155602,13433,2014-10-26,1,1,0.5444177389144897,integrated_gradients,attribution,14,140,0.31442635184232476,0.69,0.8242825140702414,0.8597058823529412,0.47368421052631576,10,10,1.0,0.009196726139634848,0.8571428571428571,FAO56_ET
timeseries,2,2026-10-05T11:32:36,nodeC028,3.11.9,unknown,13155602,13433,2014-10-26,1,1,0.5444177389144897,gradient_shap,attribution,14,140,0.30030820644127487,0.59,0.8055965950532227,0.7983333333333335,0.47368421052631576,10,10,0.6470588235294118,0.003242943901568651,0.35714285714285715,MinT
timeseries,2,2026-10-05T11:32:36,nodeC028,3.11.9,unknown,13155602,13433,2014-10-26,1,1,0.5444177389144897,lime,attribution,14,140,0.27581389065004946,0.49,0.8063326865341257,0.925,0.2727272727272727,10,10,1.0,0.010794639121741056,0.7857142857142857,MinT
timeseries,2,2026-10-05T11:32:36,nodeC028,3.11.9,unknown,13155602,13433,2014-10-26,1,1,0.5444177389144897,random,attribution,14,140,0.572471212187068,0.59,0.2950624312125507,0.05391452991452992,0.0,10,10,0.037037037037037035,1.2103933840990067e-05,5.857142857142857,MaxT
timeseries,2,2026-10-05T11:32:36,nodeC028,3.11.9,unknown,13155602,13434,2014-10-27,1,1,0.8139298558235168,integrated_gradients,attribution,14,140,0.5069348730915808,1.0,0.8930175318560057,0.9066666666666666,0.6470588235294118,10,10,1.0,0.005786907859146595,0.42857142857142855,MinT
timeseries,2,2026-10-05T11:32:36,nodeC028,3.11.9,unknown,13155602,13434,2014-10-27,1,1,0.8139298558235168,gradient_shap,attribution,14,140,0.5403077827306948,1.0,0.8817241249475429,0.8966666666666667,0.75,10,10,0.8666666666666667,0.003190786112099886,0.35714285714285715,MinT
timeseries,2,2026-10-05T11:32:36,nodeC028,3.11.9,unknown,13155602,13434,2014-10-27,1,1,0.8139298558235168,lime,attribution,14,140,0.36670641384405683,0.94,0.7962810182531491,0.875,0.75,10,10,0.75,0.0157067165710032,0.5,MaxT
timeseries,2,2026-10-05T11:32:36,nodeC028,3.11.9,unknown,13155602,13434,2014-10-27,1,1,0.8139298558235168,random,attribution,14,140,0.005520788471907645,0.41,0.314269201113031,0.034507122507122505,0.0,10,10,0.037037037037037035,1.1956784874200821e-05,7.142857142857143,RH1
timeseries,2,2026-10-05T11:32:36,nodeC028,3.11.9,unknown,13155602,13445,2014-11-07,0,0,0.9856561422348022,integrated_gradients,attribution,14,140,0.22845964512825698,1.0,0.7486427764329964,0.8450000000000001,0.6470588235294118,10,10,1.0,0.005807135254144669,3.7857142857142856,RH2
timeseries,2,2026-10-05T11:32:36,nodeC028,3.11.9,unknown,13155602,13445,2014-11-07,0,0,0.9856561422348022,gradient_shap,attribution,14,140,0.1195489438375537,1.0,0.8041823977443522,0.7452614379084967,0.5555555555555556,10,10,1.0,0.002986116800457239,1.6428571428571428,MinT
timeseries,2,2026-10-05T11:32:36,nodeC028,3.11.9,unknown,13155602,13445,2014-11-07,0,0,0.9856561422348022,lime,attribution,14,140,0.20154172274945112,0.97,0.6687213094118936,0.7861111111111111,0.4,10,10,1.0,0.011903754901140928,4.785714285714286,Wind
timeseries,2,2026-10-05T11:32:36,nodeC028,3.11.9,unknown,13155602,13445,2014-11-07,0,0,0.9856561422348022,random,attribution,14,140,0.0023894924738304194,0.57,0.3245745755324856,0.030484330484330486,0.0,10,10,0.12,1.1594966053962708e-05,6.285714285714286,RH2
timeseries,2,2026-10-05T11:32:36,nodeC028,3.11.9,unknown,13155602,13450,2014-11-12,0,0,0.6847484707832336,integrated_gradients,attribution,14,140,0.0,0.1,0.7169945238120514,1.0,0.6470588235294118,10,10,1.0,0.06935184495523572,0.5,MinT
timeseries,2,2026-10-05T11:32:36,nodeC028,3.11.9,unknown,13155602,13450,2014-11-12,0,0,0.6847484707832336,gradient_shap,attribution,14,140,0.0,0.06,0.7403423841205204,0.7980392156862746,0.5555555555555556,10,10,0.75,0.003005575854331255,0.42857142857142855,MinT
timeseries,2,2026-10-05T11:32:36,nodeC028,3.11.9,unknown,13155602,13450,2014-11-12,0,0,0.6847484707832336,lime,attribution,14,140,0.0,0.25,0.6180882378713226,0.875,0.4,10,10,1.0,0.015283204149454832,0.7857142857142857,MinT
timeseries,2,2026-10-05T11:32:36,nodeC028,3.11.9,unknown,13155602,13450,2014-11-12,0,0,0.6847484707832336,random,attribution,14,140,0.0,0.41,0.32503588186934995,0.05826210826210826,0.0,10,10,0.12,1.2508127838373184e-05,6.785714285714286,Evap
timeseries,2,2026-10-05T11:32:36,nodeC028,3.11.9,unknown,13155602,13471,2014-12-03,0,0,0.9971200227737427,integrated_gradients,attribution,14,140,0.18259469332648212,1.0,0.8237421462736964,0.9333333333333333,0.6470588235294118,10,10,1.0,0.0703037902712822,0.7857142857142857,RH2
timeseries,2,2026-10-05T11:32:36,nodeC028,3.11.9,unknown,13155602,13471,2014-12-03,0,0,0.9971200227737427,gradient_shap,attribution,14,140,0.13769693616399598,1.0,0.8415586939012136,0.6331527347781217,0.5555555555555556,10,10,0.75,0.003002528101205826,0.8571428571428571,MinT
timeseries,2,2026-10-05T11:32:36,nodeC028,3.11.9,unknown,13155602,13471,2014-12-03,0,0,0.9971200227737427,lime,attribution,14,140,0.16597560700053285,1.0,0.6836557547033006,0.95,0.4,10,10,0.75,0.012902762275189161,2.2142857142857144,Wind
timeseries,2,2026-10-05T11:32:36,nodeC028,3.11.9,unknown,13155602,13471,2014-12-03,0,0,0.9971200227737427,random,attribution,14,140,7.776961758030923e-05,0.62,0.31191947134394804,0.06285470085470084,0.0,10,10,0.12,1.2293923646211624e-05,6.928571428571429,RH1
timeseries,2,2026-10-05T11:32:36,nodeC028,3.11.9,unknown,13155602,13486,2014-12-18,0,0,0.970436692237854,integrated_gradients,attribution,14,140,0.21165512965669783,1.0,0.7717717275235386,0.9733333333333334,0.6470588235294118,10,10,1.0,0.07017505075782537,0.6428571428571429,MaxT
timeseries,2,2026-10-05T11:32:36,nodeC028,3.11.9,unknown,13155602,13486,2014-12-18,0,0,0.970436692237854,gradient_shap,attribution,14,140,0.1578762557561697,1.0,0.7909690537975491,0.8230392156862745,0.6470588235294118,10,10,0.75,0.0030066859908401966,0.6428571428571429,FAO56_ET
timeseries,2,2026-10-05T11:32:36,nodeC028,3.11.9,unknown,13155602,13486,2014-12-18,0,0,0.970436692237854,lime,attribution,14,140,0.13000931256651066,0.96,0.6505995125438558,0.8555555555555555,0.5555555555555556,10,10,0.75,0.010912143159657717,1.0714285714285714,MaxT
timeseries,2,2026-10-05T11:32:36,nodeC028,3.11.9,unknown,13155602,13486,2014-12-18,0,0,0.970436692237854,random,attribution,14,140,0.043083794795305955,0.69,0.34333434327751966,0.037891737891737894,0.0,10,10,0.07692307692307693,1.3395212590694427e-05,6.285714285714286,MaxT
timeseries,2,2026-10-05T11:32:36,nodeC028,3.11.9,unknown,13155602,13495,2014-12-27,0,0,0.997861921787262,integrated_gradients,attribution,14,140,0.10958528123039099,1.0,0.8021912002101479,0.8816666666666668,0.5555555555555556,10,10,1.0,0.005806236993521452,0.35714285714285715,FAO56_ET
timeseries,2,2026-10-05T11:32:36,nodeC028,3.11.9,unknown,13155602,13495,2014-12-27,0,0,0.997861921787262,gradient_shap,attribution,14,140,0.1700757018029316,1.0,0.8230618068351401,0.6528259373925009,0.47368421052631576,10,10,0.8666666666666667,0.003001053351908922,0.9285714285714286,FAO56_ET
timeseries,2,2026-10-05T11:32:36,nodeC028,3.11.9,unknown,13155602,13495,2014-12-27,0,0,0.997861921787262,lime,attribution,14,140,0.18194165403078427,0.99,0.6417343247074118,0.8305555555555555,0.4,10,10,0.5555555555555556,0.01527675287798047,3.642857142857143,MinT
timeseries,2,2026-10-05T11:32:36,nodeC028,3.11.9,unknown,13155602,13495,2014-12-27,0,0,0.997861921787262,random,attribution,14,140,0.0,0.53,0.328254396912671,0.0541994301994302,0.0,10,10,0.12,1.2818723917007446e-05,5.357142857142857,MinT
timeseries,2,2026-10-05T11:32:36,nodeC028,3.11.9,unknown,13155602,13526,2015-01-27,0,0,0.9281434416770935,integrated_gradients,attribution,14,140,0.1697516186935204,1.0,0.7765437184046433,0.8316666666666667,0.5555555555555556,10,10,1.0,0.005805760156363249,0.7857142857142857,MinT
timeseries,2,2026-10-05T11:32:36,nodeC028,3.11.9,unknown,13155602,13526,2015-01-27,0,0,0.9281434416770935,gradient_shap,attribution,14,140,0.12785911177245488,1.0,0.8211640428523982,0.6574492604059168,0.3333333333333333,10,10,0.75,0.0029908823780715466,0.7857142857142857,MinT
timeseries,2,2026-10-05T11:32:36,nodeC028,3.11.9,unknown,13155602,13526,2015-01-27,0,0,0.9281434416770935,lime,attribution,14,140,0.10125411781644646,0.98,0.6774756424612348,0.875,0.5555555555555556,10,10,0.75,0.010845068376511335,1.0714285714285714,MaxT
timeseries,2,2026-10-05T11:32:36,nodeC028,3.11.9,unknown,13155602,13526,2015-01-27,0,0,0.9281434416770935,random,attribution,14,140,0.010875781218743302,0.63,0.34781447755883876,0.05017663817663818,0.0,10,10,0.07692307692307693,1.1702999472618103e-05,5.285714285714286,FAO56_ET
timeseries,2,2026-10-05T11:32:36,nodeC028,3.11.9,unknown,13155602,13535,2015-02-05,0,0,0.9945753812789917,integrated_gradients,attribution,14,140,0.2081437805574257,1.0,0.8259453890857171,0.8716666666666667,0.5555555555555556,10,10,1.0,0.005832158960402012,1.5,MaxT
timeseries,2,2026-10-05T11:32:36,nodeC028,3.11.9,unknown,13155602,13535,2015-02-05,0,0,0.9945753812789917,gradient_shap,attribution,14,140,0.1702869424002077,1.0,0.8022114642329066,0.7424509803921568,0.4,10,10,0.5555555555555556,0.002999008633196354,0.42857142857142855,MinT
timeseries,2,2026-10-05T11:32:36,nodeC028,3.11.9,unknown,13155602,13535,2015-02-05,0,0,0.9945753812789917,lime,attribution,14,140,0.1710621935267969,0.93,0.7214708249616373,0.875,0.4,10,10,0.75,0.012030893936753273,1.9285714285714286,MaxT
timeseries,2,2026-10-05T11:32:36,nodeC028,3.11.9,unknown,13155602,13535,2015-02-05,0,0,0.9945753812789917,random,attribution,14,140,0.0007735730938476967,0.56,0.3433587364033239,0.06716239316239316,0.0,10,10,0.037037037037037035,1.1756084859371185e-05,6.785714285714286,MinT
timeseries,2,2026-10-05T11:32:36,nodeC028,3.11.9,unknown,13155602,13546,2015-02-16,0,0,0.9970411658287048,integrated_gradients,attribution,14,140,0.24219529728606806,1.0,0.8416832615558549,0.9866666666666667,0.6470588235294118,10,10,1.0,0.010010074824094772,1.0714285714285714,MinT
timeseries,2,2026-10-05T11:32:36,nodeC028,3.11.9,unknown,13155602,13546,2015-02-16,0,0,0.9970411658287048,gradient_shap,attribution,14,140,0.3755357844756338,1.0,0.8479826784809414,0.6654076367389061,0.47368421052631576,10,10,0.6470588235294118,0.0029973438940942287,0.5714285714285714,Wind
timeseries,2,2026-10-05T11:32:36,nodeC028,3.11.9,unknown,13155602,13546,2015-02-16,0,0,0.9970411658287048,lime,attribution,14,140,0.18538676407070362,1.0,0.7010073539521433,0.8055555555555556,0.5555555555555556,10,10,0.5555555555555556,0.010842999909073114,1.3571428571428572,RH2
timeseries,2,2026-10-05T11:32:36,nodeC028,3.11.9,unknown,13155602,13546,2015-02-16,0,0,0.9970411658287048,random,attribution,14,140,0.0002081592819042808,0.58,0.34445126490445244,0.05021082621082621,0.0,10,10,0.0,1.1815223842859268e-05,7.0,RH2
timeseries,2,2026-10-05T11:32:36,nodeC028,3.11.9,unknown,13155602,13579,2015-03-21,0,0,0.8859694600105286,integrated_gradients,attribution,14,140,0.35728174882557645,1.0,0.761123076929803,0.9466666666666667,0.5555555555555556,10,10,1.0,0.06835438776761293,0.7142857142857143,RH2
timeseries,2,2026-10-05T11:32:36,nodeC028,3.11.9,unknown,13155602,13579,2015-03-21,0,0,0.8859694600105286,gradient_shap,attribution,14,140,0.32788723650357327,0.99,0.7546972512896691,0.7237409700722395,0.5555555555555556,10,10,0.75,0.0031993440352380276,0.6428571428571429,RH2
timeseries,2,2026-10-05T11:32:36,nodeC028,3.11.9,unknown,13155602,13579,2015-03-21,0,0,0.8859694600105286,lime,attribution,14,140,0.3896099737212496,1.0,0.7132139684861416,1.0,0.4,10,10,1.0,0.013032545801252127,0.7857142857142857,RH2
timeseries,2,2026-10-05T11:32:36,nodeC028,3.11.9,unknown,13155602,13579,2015-03-21,0,0,0.8859694600105286,random,attribution,14,140,0.006624618602901043,0.71,0.34879720645617984,0.045584045584045586,0.0,10,10,0.0,1.1363066732883453e-05,7.928571428571429,MaxT
timeseries,2,2026-10-05T11:32:36,nodeC028,3.11.9,unknown,13155602,13581,2015-03-23,0,0,0.9232614040374756,integrated_gradients,attribution,14,140,0.3729049702267744,1.0,0.7691827868674188,0.8583333333333334,0.5555555555555556,10,10,1.0,0.0057848719879984856,0.5,RH2
timeseries,2,2026-10-05T11:32:36,nodeC028,3.11.9,unknown,13155602,13581,2015-03-23,0,0,0.9232614040374756,gradient_shap,attribution,14,140,0.40026698935735333,1.0,0.7821953357460085,0.835,0.6470588235294118,10,10,0.6470588235294118,0.0029842560179531574,0.5714285714285714,RH2
timeseries,2,2026-10-05T11:32:36,nodeC028,3.11.9,unknown,13155602,13581,2015-03-23,0,0,0.9232614040374756,lime,attribution,14,140,0.39267493948904036,1.0,0.7198247612242852,0.9,0.4,10,10,1.0,0.01324997702613473,0.7857142857142857,RH2
timeseries,2,2026-10-05T11:32:36,nodeC028,3.11.9,unknown,13155602,13581,2015-03-23,0,0,0.9232614040374756,random,attribution,14,140,0.004352489477561816,0.6,0.3166164235261153,0.053880341880341874,0.0,10,10,0.0,1.2759119272232056e-05,5.928571428571429,RH1
timeseries,2,2026-10-05T11:32:36,nodeC028,3.11.9,unknown,13155602,13582,2015-03-24,0,0,0.9001057147979736,integrated_gradients,attribution,14,140,0.3807863684029712,1.0,0.7614250667462363,0.9066666666666668,0.6470588235294118,10,10,1.0,0.005773053038865328,0.7857142857142857,RH2
timeseries,2,2026-10-05T11:32:36,nodeC028,3.11.9,unknown,13155602,13582,2015-03-24,0,0,0.9001057147979736,gradient_shap,attribution,14,140,0.3608418180513054,1.0,0.7946007128268939,0.7466339869281046,0.5555555555555556,10,10,0.8666666666666667,0.0029904800467193127,0.7142857142857143,RH2
timeseries,2,2026-10-05T11:32:36,nodeC028,3.11.9,unknown,13155602,13582,2015-03-24,0,0,0.9001057147979736,lime,attribution,14,140,0.37793508465646725,1.0,0.7253473245433082,1.0,0.5555555555555556,10,10,1.0,0.010841371957212687,0.7857142857142857,RH2
timeseries,2,2026-10-05T11:32:36,nodeC028,3.11.9,unknown,13155602,13582,2015-03-24,0,0,0.9001057147979736,random,attribution,14,140,0.014648041475722436,0.65,0.3227368807439055,0.0799271646228168,0.0,10,10,0.0,1.2030825018882751e-05,4.857142857142857,Rain
timeseries,2,2026-10-05T11:32:36,nodeC028,3.11.9,unknown,13155602,13601,2015-04-12,1,1,0.6570901274681091,integrated_gradients,attribution,14,140,0.3533461512609189,0.68,0.7680249337431517,0.8230392156862745,0.5555555555555556,10,10,1.0,0.006749482359737158,1.1428571428571428,MinT
timeseries,2,2026-10-05T11:32:36,nodeC028,3.11.9,unknown,13155602,13601,2015-04-12,1,1,0.6570901274681091,gradient_shap,attribution,14,140,0.41353264376196863,0.69,0.7681226157914323,0.7321568627450981,0.4,10,10,0.47368421052631576,0.0031261183321475983,1.4285714285714286,MaxT
timeseries,2,2026-10-05T11:32:36,nodeC028,3.11.9,unknown,13155602,13601,2015-04-12,1,1,0.6570901274681091,lime,attribution,14,140,0.283366607272783,0.57,0.7368805774563488,0.85,0.4,10,10,1.0,0.012632288038730621,1.0714285714285714,MinT
timeseries,2,2026-10-05T11:32:36,nodeC028,3.11.9,unknown,13155602,13601,2015-04-12,1,1,0.6570901274681091,random,attribution,14,140,0.002550402330593861,0.34,0.3296050502876381,0.038495726495726496,0.0,10,10,0.07692307692307693,1.285504549741745e-05,5.142857142857143,MaxT
timeseries,2,2026-10-05T11:32:36,nodeC028,3.11.9,unknown,13155602,13603,2015-04-14,1,1,0.902359664440155,integrated_gradients,attribution,14,140,0.47223477802453423,1.0,0.9052122344476075,1.0,0.8666666666666667,10,10,1.0,0.005799539852887392,0.42857142857142855,MinT
timeseries,2,2026-10-05T11:32:36,nodeC028,3.11.9,unknown,13155602,13603,2015-04-14,1,1,0.902359664440155,gradient_shap,attribution,14,140,0.5014972174998974,1.0,0.8981027060099072,0.8097058823529413,0.75,10,10,0.6470588235294118,0.003394004888832569,0.42857142857142855,MinT
timeseries,2,2026-10-05T11:32:36,nodeC028,3.11.9,unknown,13155602,13603,2015-04-14,1,1,0.902359664440155,lime,attribution,14,140,0.4980154346204456,1.0,0.7473424075248177,1.0,0.75,10,10,1.0,0.012443591840565205,0.5,MaxT
timeseries,2,2026-10-05T11:32:36,nodeC028,3.11.9,unknown,13155602,13603,2015-04-14,1,1,0.902359664440155,random,attribution,14,140,0.0,0.29,0.3355210812942835,0.05726495726495726,0.0,10,10,0.037037037037037035,1.2870877981185913e-05,7.857142857142857,MaxT
timeseries,2,2026-10-05T11:32:36,nodeC028,3.11.9,unknown,13155602,13613,2015-04-24,1,1,0.70118647813797,integrated_gradients,attribution,14,140,0.4217324153769008,0.82,0.8397108326825852,0.9866666666666667,0.75,10,10,1.0,0.005805468186736107,0.6428571428571429,MinT
timeseries,2,2026-10-05T11:32:36,nodeC028,3.11.9,unknown,13155602,13613,2015-04-24,1,1,0.70118647813797,gradient_shap,attribution,14,140,0.46697578034329773,0.88,0.8328618586859953,0.7424509803921568,0.5555555555555556,10,10,0.8666666666666667,0.0032102749682962894,0.6428571428571429,Radiation
timeseries,2,2026-10-05T11:32:36,nodeC028,3.11.9,unknown,13155602,13613,2015-04-24,1,1,0.70118647813797,lime,attribution,14,140,0.37845331294563556,0.94,0.7825567385132033,0.7805555555555556,0.5555555555555556,10,10,1.0,0.01143632736057043,0.7857142857142857,MinT
timeseries,2,2026-10-05T11:32:36,nodeC028,3.11.9,unknown,13155602,13613,2015-04-24,1,1,0.70118647813797,random,attribution,14,140,0.14807364562791245,0.51,0.33529948852716174,0.041880341880341884,0.0,10,10,0.037037037037037035,1.1526979506015778e-05,6.214285714285714,Evap
timeseries,2,2026-10-05T11:32:36,nodeC028,3.11.9,unknown,13155602,13641,2015-05-22,0,0,0.6233594417572021,integrated_gradients,attribution,14,140,0.17718659028029107,0.98,0.8994804692190554,0.9333333333333333,0.75,10,10,1.0,0.005787511821836233,0.2857142857142857,MaxT
timeseries,2,2026-10-05T11:32:36,nodeC028,3.11.9,unknown,13155602,13641,2015-05-22,0,0,0.6233594417572021,gradient_shap,attribution,14,140,0.1487963313121191,0.96,0.9081841920105769,0.8333333333333334,0.75,10,10,0.8666666666666667,0.0029939310625195503,0.42857142857142855,MaxT
timeseries,2,2026-10-05T11:32:36,nodeC028,3.11.9,unknown,13155602,13641,2015-05-22,0,0,0.6233594417572021,lime,attribution,14,140,0.10932408766871274,0.91,0.839490633097771,0.975,0.75,10,10,1.0,0.010858486872166395,0.5,MinT
timeseries,2,2026-10-05T11:32:36,nodeC028,3.11.9,unknown,13155602,13641,2015-05-22,0,0,0.6233594417572021,random,attribution,14,140,0.16569927908485513,0.8,0.30558277351460994,0.06716239316239317,0.0,10,10,0.16666666666666666,1.2046191841363907e-05,7.5,MaxT
timeseries,2,2026-10-05T11:32:36,nodeC028,3.11.9,unknown,13155602,13643,2015-05-24,0,0,0.676476776599884,integrated_gradients,attribution,14,140,0.32049839299832406,0.97,0.8778956559883121,1.0,0.75,10,10,1.0,0.005799381993710995,0.35714285714285715,MaxT
timeseries,2,2026-10-05T11:32:36,nodeC028,3.11.9,unknown,13155602,13643,2015-05-24,0,0,0.676476776599884,gradient_shap,attribution,14,140,0.1766787257508042,0.96,0.8784222116524101,0.7424509803921568,0.5555555555555556,10,10,0.6470588235294118,0.002993497997522354,0.42857142857142855,MaxT
timeseries,2,2026-10-05T11:32:36,nodeC028,3.11.9,unknown,13155602,13643,2015-05-24,0,0,0.676476776599884,lime,attribution,14,140,0.2139854654833204,0.91,0.8341186943863937,0.975,0.75,10,10,1.0,0.0121855647303164,0.7857142857142857,MaxT
timeseries,2,2026-10-05T11:32:36,nodeC028,3.11.9,unknown,13155602,13643,2015-05-24,0,0,0.676476776599884,random,attribution,14,140,0.02780632310245205,0.5,0.3469152652979054,0.07191576861142078,0.0,10,10,0.0,1.1451076716184616e-05,8.071428571428571,MaxT
timeseries,2,2026-10-05T11:32:36,nodeC028,3.11.9,unknown,13155602,13663,2015-06-13,1,1,0.71678626537323,integrated_gradients,attribution,14,140,0.32821654629368924,0.84,0.8500366961369734,0.8933333333333333,0.75,10,10,1.0,0.005805681925266981,0.7142857142857143,MinT
timeseries,2,2026-10-05T11:32:36,nodeC028,3.11.9,unknown,13155602,13663,2015-06-13,1,1,0.71678626537323,gradient_shap,attribution,14,140,0.36487032165670824,0.95,0.8655521258945627,0.7747058823529412,0.47368421052631576,10,10,0.5555555555555556,0.0031012692488729954,0.2857142857142857,MinT
timeseries,2,2026-10-05T11:32:36,nodeC028,3.11.9,unknown,13155602,13663,2015-06-13,1,1,0.71678626537323,lime,attribution,14,140,0.33283878048289667,0.69,0.8252860546508097,0.836111111111111,0.5555555555555556,10,10,1.0,0.013161493930965662,0.7857142857142857,MinT
timeseries,2,2026-10-05T11:32:36,nodeC028,3.11.9,unknown,13155602,13663,2015-06-13,1,1,0.71678626537323,random,attribution,14,140,0.0,0.32,0.3286605460977494,0.046866096866096864,0.0,10,10,0.16666666666666666,1.2014992535114288e-05,8.571428571428571,RH2
timeseries,2,2026-10-05T11:32:36,nodeC028,3.11.9,unknown,13155602,13665,2015-06-15,1,1,0.9147281646728516,integrated_gradients,attribution,14,140,0.4307113918191088,1.0,0.8479911771516973,0.9866666666666667,0.6470588235294118,10,10,1.0,0.005793391726911068,0.5714285714285714,MinT
timeseries,2,2026-10-05T11:32:36,nodeC028,3.11.9,unknown,13155602,13665,2015-06-15,1,1,0.9147281646728516,gradient_shap,attribution,14,140,0.4353919098129409,1.0,0.8376069502504466,0.7733333333333333,0.6470588235294118,10,10,1.0,0.0029888045974075794,0.35714285714285715,MinT
timeseries,2,2026-10-05T11:32:36,nodeC028,3.11.9,unknown,13155602,13665,2015-06-15,1,1,0.9147281646728516,lime,attribution,14,140,0.38344428521980645,1.0,0.7881457276377313,1.0,0.75,10,10,1.0,0.013294605072587729,0.7857142857142857,MinT
timeseries,2,2026-10-05T11:32:36,nodeC028,3.11.9,unknown,13155602,13665,2015-06-15,1,1,0.9147281646728516,random,attribution,14,140,0.005806370560968846,0.37,0.3369395235153233,0.04957264957264958,0.0,10,10,0.037037037037037035,1.1845026165246964e-05,4.5,RH1
timeseries,2,2026-10-05T11:32:36,nodeC028,3.11.9,unknown,13155602,13695,2015-07-15,1,1,0.6665413975715637,integrated_gradients,attribution,14,140,0.2191673072389979,1.0,0.8556881599566359,0.96,0.6470588235294118,10,10,1.0,0.005795528180897236,0.5714285714285714,FAO56_ET
timeseries,2,2026-10-05T11:32:36,nodeC028,3.11.9,unknown,13155602,13695,2015-07-15,1,1,0.6665413975715637,gradient_shap,attribution,14,140,0.33023007486201017,0.76,0.8290255899580199,0.7115686274509805,0.5555555555555556,10,10,0.75,0.0029874900355935097,0.7857142857142857,FAO56_ET
timeseries,2,2026-10-05T11:32:36,nodeC028,3.11.9,unknown,13155602,13695,2015-07-15,1,1,0.6665413975715637,lime,attribution,14,140,0.2504872254555873,0.72,0.8173168098859043,0.975,0.5555555555555556,10,10,1.0,0.012218670919537544,0.7857142857142857,MinT
timeseries,2,2026-10-05T11:32:36,nodeC028,3.11.9,unknown,13155602,13695,2015-07-15,1,1,0.6665413975715637,random,attribution,14,140,0.010356883144941278,0.3,0.36329612769092956,0.05359544159544159,0.0,10,10,0.037037037037037035,1.1818017810583115e-05,7.428571428571429,Rain
timeseries,2,2026-10-05T11:32:36,nodeC028,3.11.9,unknown,13155602,13701,2015-07-21,1,1,0.8100185394287109,integrated_gradients,attribution,14,140,0.4076960418123636,0.97,0.8383079731393788,1.0,0.6470588235294118,10,10,1.0,0.005813721101731062,0.9285714285714286,MinT
timeseries,2,2026-10-05T11:32:36,nodeC028,3.11.9,unknown,13155602,13701,2015-07-21,1,1,0.8100185394287109,gradient_shap,attribution,14,140,0.38769520442306377,0.98,0.8289639666004949,0.7630392156862745,0.47368421052631576,10,10,0.75,0.0029897689819335938,0.7142857142857143,RH2
timeseries,2,2026-10-05T11:32:36,nodeC028,3.11.9,unknown,13155602,13701,2015-07-21,1,1,0.8100185394287109,lime,attribution,14,140,0.34526392332633987,0.98,0.7895382832418529,0.95,0.5555555555555556,10,10,1.0,0.012173729948699474,0.7857142857142857,MinT
timeseries,2,2026-10-05T11:32:36,nodeC028,3.11.9,unknown,13155602,13701,2015-07-21,1,1,0.8100185394287109,random,attribution,14,140,0.3281923664238974,0.84,0.3205866571849627,0.07425071225071225,0.0,10,10,0.07692307692307693,1.137610524892807e-05,5.785714285714286,Wind
timeseries,2,2026-10-05T11:32:36,nodeC028,3.11.9,unknown,13155602,13703,2015-07-23,1,1,0.8342068195343018,integrated_gradients,attribution,14,140,0.4348098282982992,0.99,0.8521952638353677,1.0,0.75,10,10,1.0,0.07795759756118059,0.7142857142857143,RH2
timeseries,2,2026-10-05T11:32:36,nodeC028,3.11.9,unknown,13155602,13703,2015-07-23,1,1,0.8342068195343018,gradient_shap,attribution,14,140,0.42285452184204425,0.99,0.8328512390161835,0.8683333333333334,0.75,10,10,1.0,0.0029836748726665974,0.5,MinT
timeseries,2,2026-10-05T11:32:36,nodeC028,3.11.9,unknown,13155602,13703,2015-07-23,1,1,0.8342068195343018,lime,attribution,14,140,0.4231640461891494,0.98,0.8027180397271331,0.975,0.5555555555555556,10,10,1.0,0.01708566164597869,0.7857142857142857,RH2
timeseries,2,2026-10-05T11:32:36,nodeC028,3.11.9,unknown,13155602,13703,2015-07-23,1,1,0.8342068195343018,random,attribution,14,140,0.0,0.47,0.3195790185526214,0.05327635327635327,0.0,10,10,0.07692307692307693,1.1983327567577362e-05,7.357142857142857,RH1
timeseries,2,2026-10-05T11:32:36,nodeC028,3.11.9,unknown,13155602,13740,2015-08-29,1,1,0.8213134407997131,integrated_gradients,attribution,14,140,0.4684093658098461,0.99,0.7725428256475415,0.9466666666666667,0.6470588235294118,10,10,1.0,0.007978680077940226,0.5714285714285714,RH2
timeseries,2,2026-10-05T11:32:36,nodeC028,3.11.9,unknown,13155602,13740,2015-08-29,1,1,0.8213134407997131,gradient_shap,attribution,14,140,0.6033947675192006,0.96,0.8251279456305347,0.7616666666666667,0.6470588235294118,10,10,0.75,0.002986242063343525,0.8571428571428571,RH2
timeseries,2,2026-10-05T11:32:36,nodeC028,3.11.9,unknown,13155602,13740,2015-08-29,1,1,0.8213134407997131,lime,attribution,14,140,0.5161575801127963,0.87,0.7231102602638426,0.875,0.4,10,10,0.75,0.010844625066965818,0.7857142857142857,RH2
timeseries,2,2026-10-05T11:32:36,nodeC028,3.11.9,unknown,13155602,13740,2015-08-29,1,1,0.8213134407997131,random,attribution,14,140,0.0,0.37,0.337460591548414,0.07018803418803418,0.0,10,10,0.037037037037037035,1.1712778359651566e-05,5.785714285714286,Rain
timeseries,2,2026-10-05T11:32:36,nodeC028,3.11.9,unknown,13155602,13752,2015-09-10,1,1,0.839449942111969,integrated_gradients,attribution,14,140,0.48264407344326565,1.0,0.8095127338654335,0.9733333333333334,0.6470588235294118,10,10,1.0,0.0057825809344649315,1.7142857142857142,RH2
timeseries,2,2026-10-05T11:32:36,nodeC028,3.11.9,unknown,13155602,13752,2015-09-10,1,1,0.839449942111969,gradient_shap,attribution,14,140,0.42658357399685154,1.0,0.8221906335610925,0.5881836945304438,0.47368421052631576,10,10,0.6470588235294118,0.0029693860560655594,0.42857142857142855,RH2
timeseries,2,2026-10-05T11:32:36,nodeC028,3.11.9,unknown,13155602,13752,2015-09-10,1,1,0.839449942111969,lime,attribution,14,140,0.4614074365612907,0.99,0.7497302244218187,1.0,0.75,10,10,1.0,0.010882866568863392,0.7857142857142857,RH2
timeseries,2,2026-10-05T11:32:36,nodeC028,3.11.9,unknown,13155602,13752,2015-09-10,1,1,0.839449942111969,random,attribution,14,140,0.0,0.36,0.35658781981437027,0.037606837606837605,0.0,10,10,0.07692307692307693,1.2505799531936646e-05,8.285714285714286,MaxT
timeseries,2,2026-10-05T11:32:36,nodeC028,3.11.9,unknown,13155602,13777,2015-10-05,1,1,0.8386706113815308,integrated_gradients,attribution,14,140,0.4636888982164817,0.99,0.8179962917988941,0.96,0.6470588235294118,10,10,1.0,0.07012660475447774,0.6428571428571429,RH2
timeseries,2,2026-10-05T11:32:36,nodeC028,3.11.9,unknown,13155602,13777,2015-10-05,1,1,0.8386706113815308,gradient_shap,attribution,14,140,0.48483425569659316,0.99,0.840233692289536,0.8666666666666668,0.75,10,10,1.0,0.002978258766233921,0.5714285714285714,RH2
timeseries,2,2026-10-05T11:32:36,nodeC028,3.11.9,unknown,13155602,13777,2015-10-05,1,1,0.8386706113815308,lime,attribution,14,140,0.42839758534113676,0.9,0.75656942049518,0.95,0.75,10,10,1.0,0.012238632421940565,0.7857142857142857,RH2
timeseries,2,2026-10-05T11:32:36,nodeC028,3.11.9,unknown,13155602,13777,2015-10-05,1,1,0.8386706113815308,random,attribution,14,140,0.0,0.35,0.34681017752633536,0.07118518518518517,0.0,10,10,0.07692307692307693,1.2545846402645111e-05,6.785714285714286,Wind
timeseries,2,2026-10-05T11:32:36,nodeC028,3.11.9,unknown,13155602,13795,2015-10-23,0,0,0.8542295694351196,integrated_gradients,attribution,14,140,0.2563474795615896,1.0,0.7598782991563368,0.8683333333333334,0.4,10,10,1.0,0.06986493710428476,1.5714285714285714,Wind
timeseries,2,2026-10-05T11:32:36,nodeC028,3.11.9,unknown,13155602,13795,2015-10-23,0,0,0.8542295694351196,gradient_shap,attribution,14,140,0.3536965950891436,1.0,0.7771735993068236,0.6804575163398693,0.47368421052631576,10,10,0.6470588235294118,0.002993064932525158,0.42857142857142855,FAO56_ET
timeseries,2,2026-10-05T11:32:36,nodeC028,3.11.9,unknown,13155602,13795,2015-10-23,0,0,0.8542295694351196,lime,attribution,14,140,0.32455538441850923,1.0,0.72042369968137,0.95,0.4,10,10,1.0,0.010900232009589672,0.5,MinT
timeseries,2,2026-10-05T11:32:36,nodeC028,3.11.9,unknown,13155602,13795,2015-10-23,0,0,0.8542295694351196,random,attribution,14,140,0.0,0.63,0.3472118331682257,0.053880341880341874,0.0,10,10,0.0,1.2565869837999344e-05,8.071428571428571,RH1
timeseries,2,2026-10-05T11:32:36,nodeC028,3.11.9,unknown,13155602,13807,2015-11-04,0,0,0.7049850225448608,integrated_gradients,attribution,14,140,0.15702006292693263,0.97,0.7866407112272333,0.8980392156862745,0.5555555555555556,10,10,1.0,0.005793244112282991,0.6428571428571429,FAO56_ET
timeseries,2,2026-10-05T11:32:36,nodeC028,3.11.9,unknown,13155602,13807,2015-11-04,0,0,0.7049850225448608,gradient_shap,attribution,14,140,0.2333137690669164,0.9,0.7419347288704521,0.770407636738906,0.5555555555555556,10,10,0.8666666666666667,0.0029908958822488785,0.5,FAO56_ET
timeseries,2,2026-10-05T11:32:36,nodeC028,3.11.9,unknown,13155602,13807,2015-11-04,0,0,0.7049850225448608,lime,attribution,14,140,0.16852391921801102,0.95,0.7509619729238882,0.85,0.5555555555555556,10,10,1.0,0.010786317754536867,0.7857142857142857,MinT
timeseries,2,2026-10-05T11:32:36,nodeC028,3.11.9,unknown,13155602,13807,2015-11-04,0,0,0.7049850225448608,random,attribution,14,140,0.0,0.58,0.31920454599746884,0.06556125356125356,0.0,10,10,0.07692307692307693,1.2459233403205872e-05,5.214285714285714,MinT
timeseries,2,2026-10-05T11:32:36,nodeC028,3.11.9,unknown,13155602,13812,2015-11-09,0,0,0.7138450741767883,integrated_gradients,attribution,14,140,0.060768099884998185,0.99,0.7375547679183023,0.975,0.6470588235294118,10,10,1.0,0.005782370921224356,1.2857142857142858,Wind
timeseries,2,2026-10-05T11:32:36,nodeC028,3.11.9,unknown,13155602,13812,2015-11-09,0,0,0.7138450741767883,gradient_shap,attribution,14,140,0.09688925650280432,0.95,0.7467451779098193,0.788888888888889,0.5555555555555556,10,10,0.75,0.002981534693390131,0.5,MinT
timeseries,2,2026-10-05T11:32:36,nodeC028,3.11.9,unknown,13155602,13812,2015-11-09,0,0,0.7138450741767883,lime,attribution,14,140,0.07049495033245987,0.68,0.6709664473160979,0.7555555555555555,0.4,10,10,1.0,0.01717876410111785,1.9285714285714286,Wind
timeseries,2,2026-10-05T11:32:36,nodeC028,3.11.9,unknown,13155602,13812,2015-11-09,0,0,0.7138450741767883,random,attribution,14,140,0.0,0.61,0.30985138514271116,0.07086609686609688,0.0,10,10,0.037037037037037035,1.1577736586332321e-05,6.857142857142857,MinT
timeseries,2,2026-10-05T11:32:36,nodeC028,3.11.9,unknown,13155602,13823,2015-11-20,0,0,0.9758498072624207,integrated_gradients,attribution,14,140,0.19330275396906788,0.99,0.7882115444309723,0.9066666666666668,0.47368421052631576,10,10,1.0,0.005796109791845083,0.7857142857142857,MinT
timeseries,2,2026-10-05T11:32:36,nodeC028,3.11.9,unknown,13155602,13823,2015-11-20,0,0,0.9758498072624207,gradient_shap,attribution,14,140,0.23078500343542954,1.0,0.8119516719686677,0.8466666666666667,0.5555555555555556,10,10,0.75,0.0029864120297133923,0.6428571428571429,MinT
timeseries,2,2026-10-05T11:32:36,nodeC028,3.11.9,unknown,13155602,13823,2015-11-20,0,0,0.9758498072624207,lime,attribution,14,140,0.23195510786283666,1.0,0.6801506077319954,0.8805555555555555,0.5555555555555556,10,10,0.75,0.010829134844243526,0.7857142857142857,MinT
timeseries,2,2026-10-05T11:32:36,nodeC028,3.11.9,unknown,13155602,13823,2015-11-20,0,0,0.9758498072624207,random,attribution,14,140,0.002789694603172005,0.56,0.3577033604412705,0.05480341880341879,0.0,10,10,0.037037037037037035,1.3026874512434006e-05,7.5,SSH
timeseries,2,2026-10-05T11:32:36,nodeC028,3.11.9,unknown,13155602,13840,2015-12-07,0,0,0.9671206474304199,integrated_gradients,attribution,14,140,0.1700212848936421,1.0,0.776305548839497,0.96,0.75,10,10,1.0,0.005813331343233585,0.8571428571428571,MinT
timeseries,2,2026-10-05T11:32:36,nodeC028,3.11.9,unknown,13155602,13840,2015-12-07,0,0,0.9671206474304199,gradient_shap,attribution,14,140,0.14719308854801724,0.98,0.7953491210263663,0.7243790849673204,0.47368421052631576,10,10,0.75,0.002977941185235977,1.1428571428571428,RH2
timeseries,2,2026-10-05T11:32:36,nodeC028,3.11.9,unknown,13155602,13840,2015-12-07,0,0,0.9671206474304199,lime,attribution,14,140,0.169748998988758,0.93,0.6765900764960846,0.8055555555555556,0.5555555555555556,10,10,0.75,0.010871320962905884,1.9285714285714286,FAO56_ET
timeseries,2,2026-10-05T11:32:36,nodeC028,3.11.9,unknown,13155602,13840,2015-12-07,0,0,0.9671206474304199,random,attribution,14,140,0.002404103344888741,0.65,0.3283366151426236,0.04618803418803419,0.0,10,10,0.0,1.1904630810022354e-05,7.142857142857143,SSH
timeseries,2,2026-10-05T11:32:36,nodeC028,3.11.9,unknown,13155602,13853,2015-12-20,0,0,0.9870004057884216,integrated_gradients,attribution,14,140,0.21303826610582363,1.0,0.7670009844467175,0.9333333333333333,0.6470588235294118,10,10,1.0,0.005775799974799156,0.5714285714285714,RH2
timeseries,2,2026-10-05T11:32:36,nodeC028,3.11.9,unknown,13155602,13853,2015-12-20,0,0,0.9870004057884216,gradient_shap,attribution,14,140,0.29653050986589324,1.0,0.7947311287661384,0.7294117647058823,0.6470588235294118,10,10,0.8666666666666667,0.0029853670857846737,1.6428571428571428,RH2
timeseries,2,2026-10-05T11:32:36,nodeC028,3.11.9,unknown,13155602,13853,2015-12-20,0,0,0.9870004057884216,lime,attribution,14,140,0.2582827625068701,1.0,0.6944777713188034,0.95,0.5555555555555556,10,10,1.0,0.01095660962164402,0.7857142857142857,RH2
timeseries,2,2026-10-05T11:32:36,nodeC028,3.11.9,unknown,13155602,13853,2015-12-20,0,0,0.9870004057884216,random,attribution,14,140,0.12371171437321031,0.91,0.3090264358063205,0.06986894586894588,0.0,10,10,0.12,1.217518001794815e-05,4.571428571428571,FAO56_ET
timeseries,2,2026-10-05T11:32:36,nodeC028,3.11.9,unknown,13155602,13869,2016-01-05,0,0,0.9961131811141968,integrated_gradients,attribution,14,140,0.15308443522578918,1.0,0.8184607910786483,0.8683333333333334,0.5555555555555556,10,10,1.0,0.005799030419439077,1.2857142857142858,MinT
timeseries,2,2026-10-05T11:32:36,nodeC028,3.11.9,unknown,13155602,13869,2016-01-05,0,0,0.9961131811141968,gradient_shap,attribution,14,140,0.17560297668634153,1.0,0.83800653971278,0.7251135190918474,0.5555555555555556,10,10,0.5555555555555556,0.0029831458814442158,1.0,MinT
timeseries,2,2026-10-05T11:32:36,nodeC028,3.11.9,unknown,13155602,13869,2016-01-05,0,0,0.9961131811141968,lime,attribution,14,140,0.22408770078229986,0.98,0.7208258572071368,0.925,0.5555555555555556,10,10,0.75,0.01955500664189458,1.6428571428571428,MinT
timeseries,2,2026-10-05T11:32:36,nodeC028,3.11.9,unknown,13155602,13869,2016-01-05,0,0,0.9961131811141968,random,attribution,14,140,0.0,0.64,0.3223051039533573,0.061606837606837606,0.0,10,10,0.0,1.1839903891086578e-05,6.071428571428571,RH2
timeseries,2,2026-10-05T11:32:36,nodeC028,3.11.9,unknown,13155602,13874,2016-01-10,0,0,0.9937763214111328,integrated_gradients,attribution,14,140,0.16121017465572668,1.0,0.8122992873924076,0.8566666666666668,0.5555555555555556,10,10,1.0,0.005792934913188219,0.5714285714285714,MinT
timeseries,2,2026-10-05T11:32:36,nodeC028,3.11.9,unknown,13155602,13874,2016-01-10,0,0,0.9937763214111328,gradient_shap,attribution,14,140,0.10823203061273451,0.98,0.8407504440025824,0.6473357413140695,0.3333333333333333,10,10,0.75,0.0029882113449275494,0.7857142857142857,FAO56_ET
timeseries,2,2026-10-05T11:32:36,nodeC028,3.11.9,unknown,13155602,13874,2016-01-10,0,0,0.9937763214111328,lime,attribution,14,140,0.19593037762103546,0.96,0.6646223823605655,0.8,0.5555555555555556,10,10,0.75,0.01135749276727438,1.9285714285714286,MinT
timeseries,2,2026-10-05T11:32:36,nodeC028,3.11.9,unknown,13155602,13874,2016-01-10,0,0,0.9937763214111328,random,attribution,14,140,0.0,0.6,0.3397532359650397,0.05056980056980057,0.0,10,10,0.037037037037037035,1.2694858014583588e-05,6.214285714285714,RH2
timeseries,2,2026-10-05T11:32:36,nodeC028,3.11.9,unknown,13155602,13883,2016-01-19,0,0,0.845295786857605,integrated_gradients,attribution,14,140,0.1093695330111813,0.97,0.7171532341398442,0.8450000000000001,0.47368421052631576,10,10,1.0,0.0681551187299192,0.7142857142857143,MinT
timeseries,2,2026-10-05T11:32:36,nodeC028,3.11.9,unknown,13155602,13883,2016-01-19,0,0,0.845295786857605,gradient_shap,attribution,14,140,0.10581171099959032,0.91,0.7191368721076057,0.7113398692810458,0.6470588235294118,10,10,0.5555555555555556,0.002995917573571205,0.6428571428571429,MinT
timeseries,2,2026-10-05T11:32:36,nodeC028,3.11.9,unknown,13155602,13883,2016-01-19,0,0,0.845295786857605,lime,attribution,14,140,0.04637071269966739,0.9,0.5630357022268492,0.875,0.4,10,10,0.75,0.01082419091835618,1.3571428571428572,FAO56_ET
timeseries,2,2026-10-05T11:32:36,nodeC028,3.11.9,unknown,13155602,13883,2016-01-19,0,0,0.845295786857605,random,attribution,14,140,0.0135568277732375,0.57,0.3431044294932263,0.06361947231512448,0.0,10,10,0.037037037037037035,1.1754687875509262e-05,6.785714285714286,MinT
timeseries,2,2026-10-05T11:32:36,nodeC028,3.11.9,unknown,13155602,13895,2016-01-31,0,0,0.9925442934036255,integrated_gradients,attribution,14,140,0.20619668474843758,1.0,0.8237135210583512,0.9333333333333333,0.5555555555555556,10,10,1.0,0.06790920998901129,0.5714285714285714,MinT
timeseries,2,2026-10-05T11:32:36,nodeC028,3.11.9,unknown,13155602,13895,2016-01-31,0,0,0.9925442934036255,gradient_shap,attribution,14,140,0.1821087752737938,1.0,0.8455665742427114,0.6932679738562092,0.5555555555555556,10,10,0.6470588235294118,0.002977851778268814,0.7857142857142857,FAO56_ET
timeseries,2,2026-10-05T11:32:36,nodeC028,3.11.9,unknown,13155602,13895,2016-01-31,0,0,0.9925442934036255,lime,attribution,14,140,0.23364398428309172,1.0,0.7139219747309935,0.825,0.4,10,10,0.5555555555555556,0.012326803058385849,1.0714285714285714,Wind
timeseries,2,2026-10-05T11:32:36,nodeC028,3.11.9,unknown,13155602,13895,2016-01-31,0,0,0.9925442934036255,random,attribution,14,140,0.0011773268644912093,0.51,0.3296188615976581,0.034507122507122505,0.0,10,10,0.037037037037037035,1.1435244232416153e-05,6.785714285714286,Wind
timeseries,2,2026-10-05T11:32:36,nodeC028,3.11.9,unknown,13155602,13907,2016-02-12,0,0,0.8107719421386719,integrated_gradients,attribution,14,140,0.11932385340511821,0.93,0.7459564280222395,0.8097058823529413,0.4,10,10,1.0,0.005794212222099304,0.9285714285714286,Wind
timeseries,2,2026-10-05T11:32:36,nodeC028,3.11.9,unknown,13155602,13907,2016-02-12,0,0,0.8107719421386719,gradient_shap,attribution,14,140,0.21260762915977027,0.91,0.7517510739014622,0.614671482628139,0.4,10,10,0.5555555555555556,0.0029805139638483524,1.2142857142857142,RH2
timeseries,2,2026-10-05T11:32:36,nodeC028,3.11.9,unknown,13155602,13907,2016-02-12,0,0,0.8107719421386719,lime,attribution,14,140,0.0561373524590417,0.88,0.6886418190905007,0.9,0.5555555555555556,10,10,1.0,0.010822850745171309,1.0714285714285714,Wind
timeseries,2,2026-10-05T11:32:36,nodeC028,3.11.9,unknown,13155602,13907,2016-02-12,0,0,0.8107719421386719,random,attribution,14,140,0.007065469023548182,0.66,0.3395604166869335,0.05994995664560883,0.0,10,10,0.16666666666666666,1.2466218322515488e-05,6.928571428571429,SSH
timeseries,2,2026-10-05T11:32:36,nodeC028,3.11.9,unknown,13155602,13952,2016-03-28,0,0,0.916183352470398,integrated_gradients,attribution,14,140,0.38608136643756436,1.0,0.7674237025387171,1.0,0.5555555555555556,10,10,1.0,0.005802648141980171,0.7857142857142857,RH2
timeseries,2,2026-10-05T11:32:36,nodeC028,3.11.9,unknown,13155602,13952,2016-03-28,0,0,0.916183352470398,gradient_shap,attribution,14,140,0.372762329284108,1.0,0.7943395434257736,0.8700000000000001,0.5555555555555556,10,10,0.75,0.0032196631655097008,1.0714285714285714,RH2
timeseries,2,2026-10-05T11:32:36,nodeC028,3.11.9,unknown,13155602,13952,2016-03-28,0,0,0.916183352470398,lime,attribution,14,140,0.4025288260247898,0.99,0.7080265007491512,0.875,0.5555555555555556,10,10,1.0,0.013070024084299803,0.7857142857142857,RH2
timeseries,2,2026-10-05T11:32:36,nodeC028,3.11.9,unknown,13155602,13952,2016-03-28,0,0,0.916183352470398,random,attribution,14,140,0.01838142539271665,0.63,0.3482381115734694,0.05818803418803418,0.0,10,10,0.12,1.2680888175964355e-05,4.5,Evap
timeseries,2,2026-10-05T11:32:36,nodeC028,3.11.9,unknown,13155602,13993,2016-05-08,1,1,0.722836434841156,integrated_gradients,attribution,14,140,0.29958894823307275,0.94,0.7855424887307434,0.9216666666666666,0.6470588235294118,10,10,1.0,0.07025276822969317,1.6428571428571428,MaxT
timeseries,2,2026-10-05T11:32:36,nodeC028,3.11.9,unknown,13155602,13993,2016-05-08,1,1,0.722836434841156,gradient_shap,attribution,14,140,0.4360862699936168,0.74,0.8027645241008645,0.7863725490196078,0.5555555555555556,10,10,0.6470588235294118,0.0030927779152989388,1.5714285714285714,FAO56_ET
timeseries,2,2026-10-05T11:32:36,nodeC028,3.11.9,unknown,13155602,13993,2016-05-08,1,1,0.722836434841156,lime,attribution,14,140,0.24052049020782484,0.78,0.7337242855368452,0.7166666666666666,0.5555555555555556,10,10,1.0,0.01092047244310379,0.7857142857142857,MinT
timeseries,2,2026-10-05T11:32:36,nodeC028,3.11.9,unknown,13155602,13993,2016-05-08,1,1,0.722836434841156,random,attribution,14,140,0.2600091876241993,0.7,0.329484849396917,0.03422222222222222,0.0,10,10,0.0,1.1976808309555054e-05,5.214285714285714,MaxT
timeseries,2,2026-10-05T11:32:36,nodeC028,3.11.9,unknown,13155602,14030,2016-06-14,1,1,0.7953254580497742,integrated_gradients,attribution,14,140,0.3320207441206468,0.93,0.7683133688959718,0.9200000000000002,0.6470588235294118,10,10,1.0,0.07571353809908032,1.3571428571428572,MinT
timeseries,2,2026-10-05T11:32:36,nodeC028,3.11.9,unknown,13155602,14030,2016-06-14,1,1,0.7953254580497742,gradient_shap,attribution,14,140,0.40444979809038917,0.95,0.759752056729831,0.7772222222222224,0.5555555555555556,10,10,0.6470588235294118,0.0029807048849761486,1.3571428571428572,MinT
timeseries,2,2026-10-05T11:32:36,nodeC028,3.11.9,unknown,13155602,14030,2016-06-14,1,1,0.7953254580497742,lime,attribution,14,140,0.3174088929861451,0.87,0.6916749292140622,0.9,0.4,10,10,1.0,0.015899634920060635,2.2142857142857144,MinT
timeseries,2,2026-10-05T11:32:36,nodeC028,3.11.9,unknown,13155602,14030,2016-06-14,1,1,0.7953254580497742,random,attribution,14,140,0.0,0.42,0.32186283329392107,0.07015384615384615,0.0,10,10,0.0,1.2193340808153152e-05,6.142857142857143,FAO56_ET
timeseries,2,2026-10-05T11:32:36,nodeC028,3.11.9,unknown,13155602,14036,2016-06-20,1,1,0.8459128141403198,integrated_gradients,attribution,14,140,0.4285815197256044,1.0,0.8279539691854929,0.8816666666666668,0.6470588235294118,10,10,1.0,0.005788912996649742,0.9285714285714286,FAO56_ET
timeseries,2,2026-10-05T11:32:36,nodeC028,3.11.9,unknown,13155602,14036,2016-06-20,1,1,0.8459128141403198,gradient_shap,attribution,14,140,0.4493905113999643,1.0,0.8303320614444205,0.7307843137254901,0.5555555555555556,10,10,0.6470588235294118,0.002985095139592886,0.5714285714285714,FAO56_ET
timeseries,2,2026-10-05T11:32:36,nodeC028,3.11.9,unknown,13155602,14036,2016-06-20,1,1,0.8459128141403198,lime,attribution,14,140,0.3498051939175576,1.0,0.7689665219044213,0.975,0.5555555555555556,10,10,0.75,0.010831253603100777,0.7857142857142857,MinT
timeseries,2,2026-10-05T11:32:36,nodeC028,3.11.9,unknown,13155602,14036,2016-06-20,1,1,0.8459128141403198,random,attribution,14,140,0.01862435493869742,0.4,0.3567877845699544,0.07018803418803418,0.0,10,10,0.07692307692307693,1.249881461262703e-05,7.357142857142857,FAO56_ET
timeseries,2,2026-10-05T11:32:36,nodeC028,3.11.9,unknown,13155602,14046,2016-06-30,1,1,0.9129891395568848,integrated_gradients,attribution,14,140,0.41604346530034375,1.0,0.8338805828309329,0.9333333333333333,0.6470588235294118,10,10,1.0,0.005787131376564503,0.42857142857142855,RH2
timeseries,2,2026-10-05T11:32:36,nodeC028,3.11.9,unknown,13155602,14046,2016-06-30,1,1,0.9129891395568848,gradient_shap,attribution,14,140,0.47380086481960987,1.0,0.83156978069047,0.8966666666666667,0.75,10,10,0.8666666666666667,0.0029713748954236507,0.5714285714285714,RH2
timeseries,2,2026-10-05T11:32:36,nodeC028,3.11.9,unknown,13155602,14046,2016-06-30,1,1,0.9129891395568848,lime,attribution,14,140,0.4287838012343337,1.0,0.7502980994555329,0.8,0.75,10,10,1.0,0.010845242068171501,0.5,MaxT
timeseries,2,2026-10-05T11:32:36,nodeC028,3.11.9,unknown,13155602,14046,2016-06-30,1,1,0.9129891395568848,random,attribution,14,140,0.014546972485042189,0.45,0.3463910195939528,0.06792716462281681,0.037037037037037035,10,10,0.0,1.360289752483368e-05,4.785714285714286,MaxT
timeseries,2,2026-10-05T11:32:36,nodeC028,3.11.9,unknown,13155602,14056,2016-07-10,1,1,0.8956820368766785,integrated_gradients,attribution,14,140,0.34562689645493316,1.0,0.7781580617782423,0.9600000000000002,0.75,10,10,1.0,0.005762160290032625,0.35714285714285715,MinT
timeseries,2,2026-10-05T11:32:36,nodeC028,3.11.9,unknown,13155602,14056,2016-07-10,1,1,0.8956820368766785,gradient_shap,attribution,14,140,0.3994475695863413,1.0,0.8032746458613438,0.9066666666666668,0.75,10,10,0.75,0.002968990243971348,0.35714285714285715,MinT
timeseries,2,2026-10-05T11:32:36,nodeC028,3.11.9,unknown,13155602,14056,2016-07-10,1,1,0.8956820368766785,lime,attribution,14,140,0.3380709894443028,1.0,0.6825323832378924,1.0,0.75,10,10,0.75,0.010939798783510923,0.5,MaxT
timeseries,2,2026-10-05T11:32:36,nodeC028,3.11.9,unknown,13155602,14056,2016-07-10,1,1,0.8956820368766785,random,attribution,14,140,0.01734891297034927,0.44,0.3437817713324681,0.05017663817663818,0.0,10,10,0.07692307692307693,1.2865755707025528e-05,7.0,RH1
timeseries,2,2026-10-05T11:32:36,nodeC028,3.11.9,unknown,13155602,14076,2016-07-30,1,1,0.8302364945411682,integrated_gradients,attribution,14,140,0.5972954165313978,0.9,0.6776908354337265,0.9733333333333334,0.5555555555555556,10,10,1.0,0.06598728988319635,1.6428571428571428,RH2
timeseries,2,2026-10-05T11:32:36,nodeC028,3.11.9,unknown,13155602,14076,2016-07-30,1,1,0.8302364945411682,gradient_shap,attribution,14,140,0.6840096078284691,0.94,0.6861271522612389,0.8583333333333334,0.5555555555555556,10,10,0.8666666666666667,0.0029783882200717926,1.5,RH2
timeseries,2,2026-10-05T11:32:36,nodeC028,3.11.9,unknown,13155602,14076,2016-07-30,1,1,0.8302364945411682,lime,attribution,14,140,0.5739982919160793,0.8,0.639979724798357,0.875,0.75,10,10,1.0,0.010803215205669403,1.9285714285714286,RH2
timeseries,2,2026-10-05T11:32:36,nodeC028,3.11.9,unknown,13155602,14076,2016-07-30,1,1,0.8302364945411682,random,attribution,14,140,0.056214425986308623,0.5,0.3286259269635252,0.05698005698005698,0.0,10,10,0.037037037037037035,1.284899190068245e-05,7.642857142857143,Evap
timeseries,2,2026-10-05T11:32:36,nodeC028,3.11.9,unknown,13155602,14082,2016-08-05,1,1,0.8145849704742432,integrated_gradients,attribution,14,140,0.46697328819706746,1.0,0.7057551500853596,0.9866666666666667,0.75,10,10,1.0,0.005792034789919853,0.5714285714285714,Radiation
timeseries,2,2026-10-05T11:32:36,nodeC028,3.11.9,unknown,13155602,14082,2016-08-05,1,1,0.8145849704742432,gradient_shap,attribution,14,140,0.5318982929605514,1.0,0.767043403908826,0.8683333333333334,0.75,10,10,1.0,0.002984583843499422,0.42857142857142855,MinT
timeseries,2,2026-10-05T11:32:36,nodeC028,3.11.9,unknown,13155602,14082,2016-08-05,1,1,0.8145849704742432,lime,attribution,14,140,0.3987604551519822,1.0,0.6494896936240525,0.975,0.5555555555555556,10,10,1.0,0.010869578924030066,1.0714285714285714,RH2
timeseries,2,2026-10-05T11:32:36,nodeC028,3.11.9,unknown,13155602,14082,2016-08-05,1,1,0.8145849704742432,random,attribution,14,140,0.0,0.33,0.31531615723645134,0.06616524216524217,0.0,10,10,0.12,1.3659242540597916e-05,6.428571428571429,Rain
timeseries,2,2026-10-05T11:32:36,nodeC028,3.11.9,unknown,13155602,14087,2016-08-10,1,1,0.7525188326835632,integrated_gradients,attribution,14,140,0.5397448478123583,0.87,0.6182172957764871,0.8816666666666666,0.5555555555555556,10,10,1.0,0.005798941943794489,1.5,RH2
timeseries,2,2026-10-05T11:32:36,nodeC028,3.11.9,unknown,13155602,14087,2016-08-10,1,1,0.7525188326835632,gradient_shap,attribution,14,140,0.5814263822644462,0.89,0.6605433616417222,0.8983333333333334,0.47368421052631576,10,10,0.75,0.0029918840155005455,1.1428571428571428,RH2
timeseries,2,2026-10-05T11:32:36,nodeC028,3.11.9,unknown,13155602,14087,2016-08-10,1,1,0.7525188326835632,lime,attribution,14,140,0.5963634076718644,0.9,0.6263288807834476,0.85,0.5555555555555556,10,10,0.75,0.011959112249314785,2.2142857142857144,RH2
timeseries,2,2026-10-05T11:32:36,nodeC028,3.11.9,unknown,13155602,14087,2016-08-10,1,1,0.7525188326835632,random,attribution,14,140,0.07577077569880043,0.37,0.35441015260996167,0.06559544159544159,0.0,10,10,0.0,1.1508818715810776e-05,7.928571428571429,RH2
timeseries,2,2026-10-05T11:32:36,nodeC028,3.11.9,unknown,13155602,14119,2016-09-11,1,1,0.8564702272415161,integrated_gradients,attribution,14,140,0.5580573596862063,1.0,0.7583553513544737,0.9333333333333333,0.6470588235294118,10,10,1.0,0.005779764149338007,1.0,RH2
timeseries,2,2026-10-05T11:32:36,nodeC028,3.11.9,unknown,13155602,14119,2016-09-11,1,1,0.8564702272415161,gradient_shap,attribution,14,140,0.6209926226857945,1.0,0.8045522934421839,0.701045751633987,0.5555555555555556,10,10,0.8666666666666667,0.0031560473144054413,2.2142857142857144,RH2
timeseries,2,2026-10-05T11:32:36,nodeC028,3.11.9,unknown,13155602,14119,2016-09-11,1,1,0.8564702272415161,lime,attribution,14,140,0.5818836571535785,0.99,0.7256791215128637,0.9,0.5555555555555556,10,10,1.0,0.01081513287499547,0.7857142857142857,RH2
timeseries,2,2026-10-05T11:32:36,nodeC028,3.11.9,unknown,13155602,14119,2016-09-11,1,1,0.8564702272415161,random,attribution,14,140,0.0,0.44,0.2942328546308335,0.0624957264957265,0.0,10,10,0.037037037037037035,1.2672040611505508e-05,6.142857142857143,FAO56_ET
timeseries,2,2026-10-05T11:32:36,nodeC028,3.11.9,unknown,13155602,14122,2016-09-14,1,1,0.9072191119194031,integrated_gradients,attribution,14,140,0.5654089379197721,1.0,0.7822136478873629,0.8700000000000001,0.75,10,10,1.0,0.0704688630066812,0.5714285714285714,Radiation
timeseries,2,2026-10-05T11:32:36,nodeC028,3.11.9,unknown,13155602,14122,2016-09-14,1,1,0.9072191119194031,gradient_shap,attribution,14,140,0.6251528601578478,1.0,0.8136680160293095,0.9200000000000002,0.75,10,10,0.8666666666666667,0.0030011851340532303,0.5,RH2
timeseries,2,2026-10-05T11:32:36,nodeC028,3.11.9,unknown,13155602,14122,2016-09-14,1,1,0.9072191119194031,lime,attribution,14,140,0.49273090942275577,0.95,0.6794448368975718,0.925,0.75,10,10,1.0,0.01166554493829608,0.5,MaxT
timeseries,2,2026-10-05T11:32:36,nodeC028,3.11.9,unknown,13155602,14122,2016-09-14,1,1,0.9072191119194031,random,attribution,14,140,0.025039796365599252,0.4,0.32749545629554233,0.030803418803418803,0.0,10,10,0.16666666666666666,1.2592412531375885e-05,5.285714285714286,RH1
timeseries,2,2026-10-05T11:32:36,nodeC028,3.11.9,unknown,13155602,14124,2016-09-16,1,1,0.865218997001648,integrated_gradients,attribution,14,140,0.46911621314075824,1.0,0.7941467666482981,1.0,0.8666666666666667,10,10,1.0,0.0057992832735180855,0.7142857142857143,Radiation
timeseries,2,2026-10-05T11:32:36,nodeC028,3.11.9,unknown,13155602,14124,2016-09-16,1,1,0.865218997001648,gradient_shap,attribution,14,140,0.6515011126369405,1.0,0.8121902966068024,0.6724509803921569,0.5555555555555556,10,10,0.75,0.0029812310822308064,0.42857142857142855,RH2
timeseries,2,2026-10-05T11:32:36,nodeC028,3.11.9,unknown,13155602,14124,2016-09-16,1,1,0.865218997001648,lime,attribution,14,140,0.5018436940400659,1.0,0.6905014860160114,0.975,0.75,10,10,1.0,0.010944837238639593,0.5,MaxT
timeseries,2,2026-10-05T11:32:36,nodeC028,3.11.9,unknown,13155602,14124,2016-09-16,1,1,0.865218997001648,random,attribution,14,140,0.0,0.45,0.3648644936532798,0.041595441595441596,0.037037037037037035,10,10,0.037037037037037035,1.2089964002370834e-05,8.5,SSH
timeseries,2,2026-10-05T11:32:36,nodeC028,3.11.9,unknown,13155602,14129,2016-09-21,1,1,0.8363345861434937,integrated_gradients,attribution,14,140,0.674540490213141,1.0,0.6985140565718643,0.9200000000000002,0.6470588235294118,10,10,1.0,0.005792451091110706,2.0714285714285716,RH2
timeseries,2,2026-10-05T11:32:36,nodeC028,3.11.9,unknown,13155602,14129,2016-09-21,1,1,0.8363345861434937,gradient_shap,attribution,14,140,0.7184778196221238,1.0,0.7278200483460003,0.8200000000000001,0.75,10,10,0.8666666666666667,0.0031119822524487972,1.0,RH2
timeseries,2,2026-10-05T11:32:36,nodeC028,3.11.9,unknown,13155602,14129,2016-09-21,1,1,0.8363345861434937,lime,attribution,14,140,0.6403605678876882,0.96,0.6335628676952487,1.0,0.75,10,10,1.0,0.012031576130539179,2.2142857142857144,RH2
timeseries,2,2026-10-05T11:32:36,nodeC028,3.11.9,unknown,13155602,14129,2016-09-21,1,1,0.8363345861434937,random,attribution,14,140,0.021581576590618476,0.39,0.3261962226401729,0.07976638176638176,0.0,10,10,0.0,1.3228040188550949e-05,8.071428571428571,RH2
timeseries,2,2026-10-05T11:32:36,nodeC028,3.11.9,unknown,13155602,14147,2016-10-09,1,1,0.8686886429786682,integrated_gradients,attribution,14,140,0.5346483029539164,1.0,0.7367297883533286,1.0,0.6470588235294118,10,10,1.0,0.005766297224909067,0.7857142857142857,RH2
timeseries,2,2026-10-05T11:32:36,nodeC028,3.11.9,unknown,13155602,14147,2016-10-09,1,1,0.8686886429786682,gradient_shap,attribution,14,140,0.5988021484849539,1.0,0.7796959499286013,0.8083333333333333,0.6470588235294118,10,10,0.8666666666666667,0.0032695261761546135,1.7142857142857142,RH2
timeseries,2,2026-10-05T11:32:36,nodeC028,3.11.9,unknown,13155602,14147,2016-10-09,1,1,0.8686886429786682,lime,attribution,14,140,0.5037481018653747,1.0,0.6890455409318081,1.0,0.75,10,10,1.0,0.012035233899950981,1.3571428571428572,RH2
timeseries,2,2026-10-05T11:32:36,nodeC028,3.11.9,unknown,13155602,14147,2016-10-09,1,1,0.8686886429786682,random,attribution,14,140,0.05437761597104248,0.48,0.353920529657487,0.03821082621082621,0.0,10,10,0.07692307692307693,1.2242700904607773e-05,5.928571428571429,Radiation
timeseries,2,2026-10-05T11:32:36,nodeC028,3.11.9,unknown,13155602,14174,2016-11-05,0,0,0.9128535389900208,integrated_gradients,attribution,14,140,0.26021164284416315,0.97,0.7542448253493814,0.8566666666666668,0.47368421052631576,10,10,1.0,0.00579405901953578,0.7857142857142857,Wind
timeseries,2,2026-10-05T11:32:36,nodeC028,3.11.9,unknown,13155602,14174,2016-11-05,0,0,0.9128535389900208,gradient_shap,attribution,14,140,0.2650227640738012,1.0,0.796836667294003,0.7877450980392158,0.75,10,10,1.0,0.003166132140904665,0.7142857142857143,FAO56_ET
timeseries,2,2026-10-05T11:32:36,nodeC028,3.11.9,unknown,13155602,14174,2016-11-05,0,0,0.9128535389900208,lime,attribution,14,140,0.2431077846426618,0.93,0.6807766357347547,0.8055555555555556,0.4,10,10,1.0,0.011952095665037632,1.6428571428571428,Wind
timeseries,2,2026-10-05T11:32:36,nodeC028,3.11.9,unknown,13155602,14174,2016-11-05,0,0,0.9128535389900208,random,attribution,14,140,0.0,0.61,0.31296569682915076,0.04131054131054131,0.0,10,10,0.037037037037037035,1.2082047760486603e-05,7.214285714285714,SSH
timeseries,2,2026-10-05T11:32:36,nodeC028,3.11.9,unknown,13155602,14198,2016-11-29,0,0,0.9979216456413269,integrated_gradients,attribution,14,140,0.1215192230814473,1.0,0.8270371035348769,0.96,0.6470588235294118,10,10,1.0,0.07152773905545473,0.5714285714285714,RH2
timeseries,2,2026-10-05T11:32:36,nodeC028,3.11.9,unknown,13155602,14198,2016-11-29,0,0,0.9979216456413269,gradient_shap,attribution,14,140,0.11070849266234896,1.0,0.8328608675045721,0.7527450980392157,0.6470588235294118,10,10,0.6470588235294118,0.002981447149068117,0.5714285714285714,RH2
timeseries,2,2026-10-05T11:32:36,nodeC028,3.11.9,unknown,13155602,14198,2016-11-29,0,0,0.9979216456413269,lime,attribution,14,140,0.1802752624826137,1.0,0.6718493186406944,0.825,0.5555555555555556,10,10,0.75,0.012056129053235054,1.3571428571428572,MinT
timeseries,2,2026-10-05T11:32:36,nodeC028,3.11.9,unknown,13155602,14198,2016-11-29,0,0,0.9979216456413269,random,attribution,14,140,0.0,0.58,0.2909124961505192,0.06853115322680539,0.0,10,10,0.07692307692307693,1.453980803489685e-05,5.357142857142857,Wind
timeseries,2,2026-10-05T11:32:36,nodeC028,3.11.9,unknown,13155602,14199,2016-11-30,0,0,0.9978717565536499,integrated_gradients,attribution,14,140,0.11125436116574909,1.0,0.8209115262734334,0.9083333333333334,0.6470588235294118,10,10,1.0,0.00580139784142375,0.5714285714285714,RH2
timeseries,2,2026-10-05T11:32:36,nodeC028,3.11.9,unknown,13155602,14199,2016-11-30,0,0,0.9978717565536499,gradient_shap,attribution,14,140,0.11061170706823936,1.0,0.8556557098689118,0.7049346405228757,0.5555555555555556,10,10,0.75,0.0029822220094501972,0.5,MinT
timeseries,2,2026-10-05T11:32:36,nodeC028,3.11.9,unknown,13155602,14199,2016-11-30,0,0,0.9978717565536499,lime,attribution,14,140,0.2249501986379962,1.0,0.6727919001353708,0.85,0.5555555555555556,10,10,0.75,0.015257157851010561,1.9285714285714286,MinT
timeseries,2,2026-10-05T11:32:36,nodeC028,3.11.9,unknown,13155602,14199,2016-11-30,0,0,0.9978717565536499,random,attribution,14,140,0.0,0.51,0.36611711371182676,0.04957264957264958,0.0,10,10,0.0,1.2561213225126266e-05,6.071428571428571,FAO56_ET
timeseries,2,2026-10-05T11:32:36,nodeC028,3.11.9,unknown,13155602,14201,2016-12-02,0,0,0.9881393909454346,integrated_gradients,attribution,14,140,0.11851906005877105,1.0,0.808790389090571,0.8950000000000001,0.6470588235294118,10,10,1.0,0.00576539384201169,0.6428571428571429,MinT
timeseries,2,2026-10-05T11:32:36,nodeC028,3.11.9,unknown,13155602,14201,2016-12-02,0,0,0.9881393909454346,gradient_shap,attribution,14,140,0.14492097707909435,1.0,0.8048185008589595,0.6390522875816995,0.5555555555555556,10,10,0.6470588235294118,0.003101188223809004,0.7142857142857143,RH2
timeseries,2,2026-10-05T11:32:36,nodeC028,3.11.9,unknown,13155602,14201,2016-12-02,0,0,0.9881393909454346,lime,attribution,14,140,0.17682281845804027,1.0,0.685362884558553,1.0,0.75,10,10,1.0,0.010787883773446083,1.0714285714285714,MinT
timeseries,2,2026-10-05T11:32:36,nodeC028,3.11.9,unknown,13155602,14201,2016-12-02,0,0,0.9881393909454346,random,attribution,14,140,0.0007470641615014584,0.62,0.35679681614062453,0.029914529914529912,0.0,10,10,0.16666666666666666,1.3096723705530167e-05,5.428571428571429,Rain
timeseries,2,2026-10-05T11:32:36,nodeC028,3.11.9,unknown,13155602,14210,2016-12-11,0,0,0.9979427456855774,integrated_gradients,attribution,14,140,0.14797833396176638,1.0,0.8148111216551313,0.9866666666666667,0.75,10,10,1.0,0.00604322599247098,0.5,MinT
timeseries,2,2026-10-05T11:32:36,nodeC028,3.11.9,unknown,13155602,14210,2016-12-11,0,0,0.9979427456855774,gradient_shap,attribution,14,140,0.1256278183549954,1.0,0.8342143278174767,0.7230065359477125,0.5555555555555556,10,10,0.75,0.0029878029599785805,0.42857142857142855,MinT
timeseries,2,2026-10-05T11:32:36,nodeC028,3.11.9,unknown,13155602,14210,2016-12-11,0,0,0.9979427456855774,lime,attribution,14,140,0.17759619550035566,1.0,0.6393014664043916,0.95,0.4,10,10,0.75,0.016535909846425056,1.3571428571428572,MinT
timeseries,2,2026-10-05T11:32:36,nodeC028,3.11.9,unknown,13155602,14210,2016-12-11,0,0,0.9979427456855774,random,attribution,14,140,0.0,0.56,0.32210496810846023,0.037606837606837605,0.0,10,10,0.07692307692307693,1.2160278856754303e-05,6.928571428571429,MinT
timeseries,2,2026-10-05T11:32:36,nodeC028,3.11.9,unknown,13155602,14232,2017-01-02,0,0,0.9849311113357544,integrated_gradients,attribution,14,140,0.1127403581684832,1.0,0.8061959831297428,0.9083333333333334,0.6470588235294118,10,10,1.0,0.07019755989313126,0.8571428571428571,Wind
timeseries,2,2026-10-05T11:32:36,nodeC028,3.11.9,unknown,13155602,14232,2017-01-02,0,0,0.9849311113357544,gradient_shap,attribution,14,140,0.10670431523028791,1.0,0.8038446362451674,0.7894117647058824,0.6470588235294118,10,10,0.6470588235294118,0.0029813172295689583,0.5,MinT
timeseries,2,2026-10-05T11:32:36,nodeC028,3.11.9,unknown,13155602,14232,2017-01-02,0,0,0.9849311113357544,lime,attribution,14,140,0.16625739315710183,1.0,0.6906872980633758,0.975,0.5555555555555556,10,10,1.0,0.020107270684093237,1.0714285714285714,MinT
timeseries,2,2026-10-05T11:32:36,nodeC028,3.11.9,unknown,13155602,14232,2017-01-02,0,0,0.9849311113357544,random,attribution,14,140,0.009756359110605031,0.67,0.31420750634308525,0.05847293447293447,0.037037037037037035,10,10,0.037037037037037035,1.2903939932584763e-05,7.142857142857143,Evap
timeseries,2,2026-10-05T11:32:36,nodeC028,3.11.9,unknown,13155602,14291,2017-03-02,0,0,0.9971984624862671,integrated_gradients,attribution,14,140,0.24428826792054184,1.0,0.8236065148969505,1.0,0.8666666666666667,10,10,1.0,0.005786498077213764,0.6428571428571429,RH2
timeseries,2,2026-10-05T11:32:36,nodeC028,3.11.9,unknown,13155602,14291,2017-03-02,0,0,0.9971984624862671,gradient_shap,attribution,14,140,0.24428826792054184,1.0,0.8629631779960986,0.8950000000000001,0.5555555555555556,10,10,0.75,0.0029727467335760593,0.6428571428571429,RH2
timeseries,2,2026-10-05T11:32:36,nodeC028,3.11.9,unknown,13155602,14291,2017-03-02,0,0,0.9971984624862671,lime,attribution,14,140,0.2004106462714703,1.0,0.6714155135805457,0.85,0.5555555555555556,10,10,1.0,0.011405234225094318,0.7857142857142857,RH2
timeseries,2,2026-10-05T11:32:36,nodeC028,3.11.9,unknown,13155602,14291,2017-03-02,0,0,0.9971984624862671,random,attribution,14,140,4.727972995444051e-05,0.68,0.3203335829842682,0.05391452991452992,0.0,10,10,0.0,1.232139766216278e-05,6.714285714285714,Evap
timeseries,2,2026-10-05T11:32:36,nodeC028,3.11.9,unknown,13155602,14311,2017-03-22,0,0,0.9801675081253052,integrated_gradients,attribution,14,140,0.4468882023769432,1.0,0.8269521942253334,1.0,0.75,10,10,1.0,0.005805769935250282,0.5,RH2
timeseries,2,2026-10-05T11:32:36,nodeC028,3.11.9,unknown,13155602,14311,2017-03-22,0,0,0.9801675081253052,gradient_shap,attribution,14,140,0.43234916125664524,1.0,0.8338734461198494,0.7554901960784315,0.5555555555555556,10,10,0.75,0.0029829679988324642,1.5,RH2
timeseries,2,2026-10-05T11:32:36,nodeC028,3.11.9,unknown,13155602,14311,2017-03-22,0,0,0.9801675081253052,lime,attribution,14,140,0.4227024603146514,1.0,0.6999918934429578,0.95,0.75,10,10,1.0,0.014571486972272396,0.7857142857142857,RH2
timeseries,2,2026-10-05T11:32:36,nodeC028,3.11.9,unknown,13155602,14311,2017-03-22,0,0,0.9801675081253052,random,attribution,14,140,0.007681847321186523,0.64,0.34169927160052527,0.0452991452991453,0.0,10,10,0.037037037037037035,1.2177973985671997e-05,7.928571428571429,RH1
timeseries,2,2026-10-05T11:32:36,nodeC028,3.11.9,unknown,13155602,14312,2017-03-23,0,0,0.9804875254631042,integrated_gradients,attribution,14,140,0.42918358348656166,1.0,0.8270056926616043,0.9600000000000002,0.75,10,10,1.0,0.005785705056041479,0.6428571428571429,RH2
timeseries,2,2026-10-05T11:32:36,nodeC028,3.11.9,unknown,13155602,14312,2017-03-23,0,0,0.9804875254631042,gradient_shap,attribution,14,140,0.448187403034836,1.0,0.8686733347494779,0.8597058823529412,0.6470588235294118,10,10,0.8666666666666667,0.0029773288406431675,0.7142857142857143,RH2
timeseries,2,2026-10-05T11:32:36,nodeC028,3.11.9,unknown,13155602,14312,2017-03-23,0,0,0.9804875254631042,lime,attribution,14,140,0.4241915017953658,1.0,0.7366716611922769,0.975,0.75,10,10,1.0,0.010844958014786243,0.7857142857142857,RH2
timeseries,2,2026-10-05T11:32:36,nodeC028,3.11.9,unknown,13155602,14312,2017-03-23,0,0,0.9804875254631042,random,attribution,14,140,0.0,0.63,0.332364570247741,0.05359544159544159,0.0,10,10,0.07692307692307693,1.1480879038572311e-05,5.357142857142857,Evap
timeseries,2,2026-10-05T11:32:36,nodeC028,3.11.9,unknown,13155602,14338,2017-04-18,0,0,0.9110990166664124,integrated_gradients,attribution,14,140,0.3971762506210868,1.0,0.8559543276797728,0.9333333333333333,0.6470588235294118,10,10,1.0,0.005783080589026213,0.5714285714285714,RH2
timeseries,2,2026-10-05T11:32:36,nodeC028,3.11.9,unknown,13155602,14338,2017-04-18,0,0,0.9110990166664124,gradient_shap,attribution,14,140,0.37185232869533985,1.0,0.8607090479866715,0.835,0.6470588235294118,10,10,0.6470588235294118,0.002987738698720932,0.5714285714285714,RH2
timeseries,2,2026-10-05T11:32:36,nodeC028,3.11.9,unknown,13155602,14338,2017-04-18,0,0,0.9110990166664124,lime,attribution,14,140,0.3531407939640337,0.99,0.7908225691734758,0.9,0.5555555555555556,10,10,1.0,0.010999236721545458,0.7857142857142857,RH2
timeseries,2,2026-10-05T11:32:36,nodeC028,3.11.9,unknown,13155602,14338,2017-04-18,0,0,0.9110990166664124,random,attribution,14,140,0.028598157559628423,0.7,0.34619727350506313,0.05854700854700854,0.0,10,10,0.0,1.2372154742479324e-05,6.142857142857143,Rain
timeseries,2,2026-10-05T11:32:36,nodeC028,3.11.9,unknown,13155602,14341,2017-04-21,0,0,0.8165990710258484,integrated_gradients,attribution,14,140,0.38121914337531865,1.0,0.8542625141704345,0.9600000000000002,0.75,10,10,1.0,0.005801909137517214,0.5714285714285714,RH2
timeseries,2,2026-10-05T11:32:36,nodeC028,3.11.9,unknown,13155602,14341,2017-04-21,0,0,0.8165990710258484,gradient_shap,attribution,14,140,0.32356235017162815,0.97,0.841501336014323,0.7849999999999999,0.75,10,10,0.75,0.0029772790148854256,0.6428571428571429,RH2
timeseries,2,2026-10-05T11:32:36,nodeC028,3.11.9,unknown,13155602,14341,2017-04-21,0,0,0.8165990710258484,lime,attribution,14,140,0.2837640514679321,0.98,0.804849207638886,0.975,0.75,10,10,1.0,0.01587167475372553,0.7857142857142857,RH2
timeseries,2,2026-10-05T11:32:36,nodeC028,3.11.9,unknown,13155602,14341,2017-04-21,0,0,0.8165990710258484,random,attribution,14,140,0.006209371662243757,0.63,0.360619645796449,0.02678062678062678,0.0,10,10,0.037037037037037035,1.3095326721668243e-05,9.142857142857142,MaxT
timeseries,2,2026-10-05T11:32:36,nodeC028,3.11.9,unknown,13155602,14369,2017-05-19,0,0,0.6525078415870667,integrated_gradients,attribution,14,140,0.28603068565247247,0.96,0.8706233187772395,0.9066666666666668,0.6470588235294118,10,10,1.0,0.005759851075708866,0.5,MaxT
timeseries,2,2026-10-05T11:32:36,nodeC028,3.11.9,unknown,13155602,14369,2017-05-19,0,0,0.6525078415870667,gradient_shap,attribution,14,140,0.1354583875097216,0.9,0.8591165850236403,0.7863725490196078,0.5555555555555556,10,10,0.75,0.002986311912536621,0.5714285714285714,RH2
timeseries,2,2026-10-05T11:32:36,nodeC028,3.11.9,unknown,13155602,14369,2017-05-19,0,0,0.6525078415870667,lime,attribution,14,140,0.23030563064787135,0.96,0.8467520523796204,1.0,0.75,10,10,1.0,0.01085724774748087,0.5,MinT
timeseries,2,2026-10-05T11:32:36,nodeC028,3.11.9,unknown,13155602,14369,2017-05-19,0,0,0.6525078415870667,random,attribution,14,140,0.13656670076346003,0.66,0.34874705918193505,0.03821082621082621,0.0,10,10,0.07692307692307693,1.2371223419904709e-05,7.785714285714286,RH1
timeseries,2,2026-10-05T11:32:36,nodeC028,3.11.9,unknown,13155602,14374,2017-05-24,0,0,0.6387820243835449,integrated_gradients,attribution,14,140,0.29729595565319494,0.84,0.8824213596939952,0.96,0.75,10,10,1.0,0.00577378086745739,0.35714285714285715,MaxT
timeseries,2,2026-10-05T11:32:36,nodeC028,3.11.9,unknown,13155602,14374,2017-05-24,0,0,0.6387820243835449,gradient_shap,attribution,14,140,0.2235365845465478,0.81,0.8759147711657356,0.7365686274509804,0.5555555555555556,10,10,0.75,0.0029813828878104687,0.42857142857142855,MaxT
timeseries,2,2026-10-05T11:32:36,nodeC028,3.11.9,unknown,13155602,14374,2017-05-24,0,0,0.6387820243835449,lime,attribution,14,140,0.12503583097632692,0.84,0.8384202207572748,1.0,0.75,10,10,1.0,0.015366226900368929,0.7857142857142857,MaxT
timeseries,2,2026-10-05T11:32:36,nodeC028,3.11.9,unknown,13155602,14374,2017-05-24,0,0,0.6387820243835449,random,attribution,14,140,0.0,0.08,0.34833399488838124,0.053880341880341874,0.0,10,10,0.0,1.329183578491211e-05,6.0,RH1
timeseries,2,2026-10-05T11:32:36,nodeC028,3.11.9,unknown,13155602,14391,2017-06-10,1,1,0.8377024531364441,integrated_gradients,attribution,14,140,0.34279889739185404,0.99,0.8159387415791746,0.9083333333333334,0.5555555555555556,10,10,1.0,0.07025484973564744,0.9285714285714286,MinT
timeseries,2,2026-10-05T11:32:36,nodeC028,3.11.9,unknown,13155602,14391,2017-06-10,1,1,0.8377024531364441,gradient_shap,attribution,14,140,0.40938358210749964,0.9,0.8217235309704143,0.7983333333333335,0.6470588235294118,10,10,0.8666666666666667,0.0029907068237662315,0.5,MinT
timeseries,2,2026-10-05T11:32:36,nodeC028,3.11.9,unknown,13155602,14391,2017-06-10,1,1,0.8377024531364441,lime,attribution,14,140,0.36475607167707164,0.9,0.7943981616966422,0.875,0.5555555555555556,10,10,1.0,0.01589912176132202,0.7857142857142857,MinT
timeseries,2,2026-10-05T11:32:36,nodeC028,3.11.9,unknown,13155602,14391,2017-06-10,1,1,0.8377024531364441,random,attribution,14,140,0.007143074158089406,0.39,0.3428630127724914,0.04960683760683761,0.0,10,10,0.0,1.196330413222313e-05,7.142857142857143,MinT
timeseries,2,2026-10-05T11:32:36,nodeC028,3.11.9,unknown,13155602,14395,2017-06-14,1,1,0.9149870872497559,integrated_gradients,attribution,14,140,0.41091352202712306,1.0,0.8083369078884605,0.8800000000000001,0.75,10,10,1.0,0.005794537253677845,0.6428571428571429,RH2
timeseries,2,2026-10-05T11:32:36,nodeC028,3.11.9,unknown,13155602,14395,2017-06-14,1,1,0.9149870872497559,gradient_shap,attribution,14,140,0.43279381364187647,1.0,0.8024293250701264,0.8216666666666667,0.75,10,10,0.75,0.0029841354116797447,0.5,RH2
timeseries,2,2026-10-05T11:32:36,nodeC028,3.11.9,unknown,13155602,14395,2017-06-14,1,1,0.9149870872497559,lime,attribution,14,140,0.41038313098522056,0.99,0.7164446651792497,1.0,0.75,10,10,0.75,0.018927942030131817,0.5,MinT
timeseries,2,2026-10-05T11:32:36,nodeC028,3.11.9,unknown,13155602,14395,2017-06-14,1,1,0.9149870872497559,random,attribution,14,140,0.016617746746159748,0.51,0.3366494321434591,0.045584045584045586,0.0,10,10,0.12,1.1894386261701584e-05,7.357142857142857,Wind
timeseries,2,2026-10-05T11:32:36,nodeC028,3.11.9,unknown,13155602,14397,2017-06-16,1,1,0.9012244343757629,integrated_gradients,attribution,14,140,0.4037068290630732,1.0,0.8138021988031026,1.0,0.75,10,10,1.0,0.005779976025223732,0.5,RH2
timeseries,2,2026-10-05T11:32:36,nodeC028,3.11.9,unknown,13155602,14397,2017-06-16,1,1,0.9012244343757629,gradient_shap,attribution,14,140,0.4685919791609003,1.0,0.8159448182063839,0.9466666666666667,0.6470588235294118,10,10,0.8666666666666667,0.0029760501347482204,0.5,RH2
timeseries,2,2026-10-05T11:32:36,nodeC028,3.11.9,unknown,13155602,14397,2017-06-16,1,1,0.9012244343757629,lime,attribution,14,140,0.5029078959386282,1.0,0.7215431804633323,0.95,0.5555555555555556,10,10,1.0,0.011892811860889196,0.7857142857142857,RH2
timeseries,2,2026-10-05T11:32:36,nodeC028,3.11.9,unknown,13155602,14397,2017-06-16,1,1,0.9012244343757629,random,attribution,14,140,0.003571353222038647,0.37,0.33005062937095286,0.0452991452991453,0.037037037037037035,10,10,0.037037037037037035,1.2720003724098206e-05,5.928571428571429,Rain
timeseries,2,2026-10-05T11:32:36,nodeC028,3.11.9,unknown,13155602,14407,2017-06-26,1,1,0.8213270902633667,integrated_gradients,attribution,14,140,0.34954122701254653,0.79,0.6966852031971931,0.9216666666666666,0.6470588235294118,10,10,1.0,0.005780891980975866,2.7142857142857144,RH2
timeseries,2,2026-10-05T11:32:36,nodeC028,3.11.9,unknown,13155602,14407,2017-06-26,1,1,0.8213270902633667,gradient_shap,attribution,14,140,0.5202916895447192,0.99,0.6930159615246175,0.7747058823529411,0.47368421052631576,10,10,0.75,0.002985002938657999,3.7142857142857144,RH2
timeseries,2,2026-10-05T11:32:36,nodeC028,3.11.9,unknown,13155602,14407,2017-06-26,1,1,0.8213270902633667,lime,attribution,14,140,0.37183363036701694,0.76,0.6811532173015519,0.925,0.5555555555555556,10,10,1.0,0.010896129067987204,1.0714285714285714,RH2
timeseries,2,2026-10-05T11:32:36,nodeC028,3.11.9,unknown,13155602,14407,2017-06-26,1,1,0.8213270902633667,random,attribution,14,140,0.016014128730465118,0.48,0.34604146911169154,0.037606837606837605,0.0,10,10,0.0,1.203315332531929e-05,4.214285714285714,SSH
timeseries,2,2026-10-05T11:32:36,nodeC028,3.11.9,unknown,13155602,14417,2017-07-06,1,1,0.7798486351966858,integrated_gradients,attribution,14,140,0.41346416136916736,0.96,0.8039193297308755,0.8933333333333333,0.5555555555555556,10,10,1.0,0.005790586117655039,0.9285714285714286,MinT
timeseries,2,2026-10-05T11:32:36,nodeC028,3.11.9,unknown,13155602,14417,2017-07-06,1,1,0.7798486351966858,gradient_shap,attribution,14,140,0.4938624343638862,0.98,0.7987087844043208,0.6607843137254903,0.4,10,10,0.8666666666666667,0.0029751919209957123,1.5714285714285714,RH2
timeseries,2,2026-10-05T11:32:36,nodeC028,3.11.9,unknown,13155602,14417,2017-07-06,1,1,0.7798486351966858,lime,attribution,14,140,0.3705566144227366,0.77,0.7511240028653554,0.85,0.5555555555555556,10,10,1.0,0.010880079120397568,0.7857142857142857,MinT
timeseries,2,2026-10-05T11:32:36,nodeC028,3.11.9,unknown,13155602,14417,2017-07-06,1,1,0.7798486351966858,random,attribution,14,140,0.013559784247393835,0.41,0.35007312213900743,0.0459031339031339,0.0,10,10,0.037037037037037035,1.2455042451620102e-05,6.071428571428571,RH1
timeseries,2,2026-10-05T11:32:36,nodeC028,3.11.9,unknown,13155602,14421,2017-07-10,1,1,0.7853477001190186,integrated_gradients,attribution,14,140,0.3886436187632481,0.75,0.7665447243069422,0.9333333333333333,0.6470588235294118,10,10,1.0,0.005788435693830252,1.0714285714285714,RH2
timeseries,2,2026-10-05T11:32:36,nodeC028,3.11.9,unknown,13155602,14421,2017-07-10,1,1,0.7853477001190186,gradient_shap,attribution,14,140,0.5155412335005243,1.0,0.7735255939708598,0.6916666666666667,0.47368421052631576,10,10,0.8666666666666667,0.0029906551353633404,1.2857142857142858,RH2
timeseries,2,2026-10-05T11:32:36,nodeC028,3.11.9,unknown,13155602,14421,2017-07-10,1,1,0.7853477001190186,lime,attribution,14,140,0.37434650817182125,0.73,0.7078435712930461,0.925,0.5555555555555556,10,10,1.0,0.01215323805809021,1.6428571428571428,RH2
timeseries,2,2026-10-05T11:32:36,nodeC028,3.11.9,unknown,13155602,14421,2017-07-10,1,1,0.7853477001190186,random,attribution,14,140,0.019175468878939953,0.4,0.3324823640397143,0.057584045584045576,0.037037037037037035,10,10,0.037037037037037035,1.1939089745283127e-05,6.214285714285714,MaxT
timeseries,2,2026-10-05T11:32:36,nodeC028,3.11.9,unknown,13155602,14436,2017-07-25,1,1,0.8209273815155029,integrated_gradients,attribution,14,140,0.36790166411140274,0.85,0.6989623028947551,0.8583333333333334,0.5555555555555556,10,10,1.0,0.005784990265965462,1.6428571428571428,RH2
timeseries,2,2026-10-05T11:32:36,nodeC028,3.11.9,unknown,13155602,14436,2017-07-25,1,1,0.8209273815155029,gradient_shap,attribution,14,140,0.3993006253741049,0.96,0.7515720952269819,0.821372549019608,0.6470588235294118,10,10,0.8666666666666667,0.002986280247569084,0.5714285714285714,RH2
timeseries,2,2026-10-05T11:32:36,nodeC028,3.11.9,unknown,13155602,14436,2017-07-25,1,1,0.8209273815155029,lime,attribution,14,140,0.42959800117273983,0.84,0.6433809039546565,0.95,0.5555555555555556,10,10,1.0,0.01671026786789298,2.2142857142857144,RH2
timeseries,2,2026-10-05T11:32:36,nodeC028,3.11.9,unknown,13155602,14436,2017-07-25,1,1,0.8209273815155029,random,attribution,14,140,0.055987507620049726,0.48,0.3413458658063402,0.06189173789173787,0.0,10,10,0.037037037037037035,1.2525822967290878e-05,5.214285714285714,SSH
timeseries,2,2026-10-05T11:32:36,nodeC028,3.11.9,unknown,13155602,14440,2017-07-29,1,1,0.7909331917762756,integrated_gradients,attribution,14,140,0.40256760216183435,0.96,0.7476770482612322,0.8683333333333334,0.47368421052631576,10,10,1.0,0.07139497203752398,1.7857142857142858,RH2
timeseries,2,2026-10-05T11:32:36,nodeC028,3.11.9,unknown,13155602,14440,2017-07-29,1,1,0.7909331917762756,gradient_shap,attribution,14,140,0.4568569104687484,0.92,0.7798431882976579,0.6827450980392158,0.6470588235294118,10,10,0.6470588235294118,0.002969545777887106,0.6428571428571429,RH2
timeseries,2,2026-10-05T11:32:36,nodeC028,3.11.9,unknown,13155602,14440,2017-07-29,1,1,0.7909331917762756,lime,attribution,14,140,0.3737018598144624,0.98,0.7113819163000192,0.825,0.4,10,10,0.75,0.019930448848754168,0.7857142857142857,RH2
timeseries,2,2026-10-05T11:32:36,nodeC028,3.11.9,unknown,13155602,14440,2017-07-29,1,1,0.7909331917762756,random,attribution,14,140,0.0,0.43,0.3631817816424907,0.045014245014245016,0.0,10,10,0.07692307692307693,1.2448988854885101e-05,6.785714285714286,RH2
timeseries,2,2026-10-05T11:32:36,nodeC028,3.11.9,unknown,13155602,14455,2017-08-13,1,1,0.7843226194381714,integrated_gradients,attribution,14,140,0.5567946380321355,0.93,0.7948276599112236,0.96,0.6470588235294118,10,10,1.0,0.005774672143161297,1.0,RH2
timeseries,2,2026-10-05T11:32:36,nodeC028,3.11.9,unknown,13155602,14455,2017-08-13,1,1,0.7843226194381714,gradient_shap,attribution,14,140,0.6003557252508236,0.99,0.7941605173619437,0.7966666666666666,0.75,10,10,0.8666666666666667,0.0029848022386431694,0.8571428571428571,RH2
timeseries,2,2026-10-05T11:32:36,nodeC028,3.11.9,unknown,13155602,14455,2017-08-13,1,1,0.7843226194381714,lime,attribution,14,140,0.4652056262786643,0.95,0.7027103662820641,0.875,0.4,10,10,0.75,0.015279437880963087,1.0714285714285714,RH2
timeseries,2,2026-10-05T11:32:36,nodeC028,3.11.9,unknown,13155602,14455,2017-08-13,1,1,0.7843226194381714,random,attribution,14,140,0.21681100280718132,0.49,0.3287408548160482,0.05356125356125356,0.0,10,10,0.037037037037037035,1.255003735423088e-05,5.071428571428571,FAO56_ET
timeseries,2,2026-10-05T11:32:36,nodeC028,3.11.9,unknown,13155602,14467,2017-08-25,1,1,0.698132336139679,integrated_gradients,attribution,14,140,0.36939537598321553,0.7,0.6945795134391084,0.9466666666666667,0.6470588235294118,10,10,1.0,0.07109289010986686,1.7857142857142858,RH2
timeseries,2,2026-10-05T11:32:36,nodeC028,3.11.9,unknown,13155602,14467,2017-08-25,1,1,0.698132336139679,gradient_shap,attribution,14,140,0.6259331203853042,0.82,0.7021858583858298,0.8933333333333333,0.6470588235294118,10,10,0.6470588235294118,0.0029762769117951393,1.2142857142857142,RH2
timeseries,2,2026-10-05T11:32:36,nodeC028,3.11.9,unknown,13155602,14467,2017-08-25,1,1,0.698132336139679,lime,attribution,14,140,0.5239883709305023,0.79,0.658154419787572,1.0,0.75,10,10,1.0,0.010882474016398191,1.9285714285714286,RH2
timeseries,2,2026-10-05T11:32:36,nodeC028,3.11.9,unknown,13155602,14467,2017-08-25,1,1,0.698132336139679,random,attribution,14,140,0.0,0.42,0.3457130416451968,0.0519385606342128,0.0,10,10,0.037037037037037035,1.157401129603386e-05,6.714285714285714,Wind
timeseries,2,2026-10-05T11:32:36,nodeC028,3.11.9,unknown,13155602,14469,2017-08-27,1,1,0.9394674301147461,integrated_gradients,attribution,14,140,0.4463747065027718,1.0,0.8581825509765939,0.9466666666666667,0.6470588235294118,10,10,1.0,0.005756179336458445,0.9285714285714286,RH2
timeseries,2,2026-10-05T11:32:36,nodeC028,3.11.9,unknown,13155602,14469,2017-08-27,1,1,0.9394674301147461,gradient_shap,attribution,14,140,0.4848270307774923,1.0,0.86681303003478,0.8433333333333334,0.6470588235294118,10,10,0.8666666666666667,0.003341701813042164,0.42857142857142855,RH2
timeseries,2,2026-10-05T11:32:36,nodeC028,3.11.9,unknown,13155602,14469,2017-08-27,1,1,0.9394674301147461,lime,attribution,14,140,0.5676515234955126,1.0,0.6650458601190627,1.0,0.75,10,10,0.75,0.01185482507571578,1.3571428571428572,RH2
timeseries,2,2026-10-05T11:32:36,nodeC028,3.11.9,unknown,13155602,14469,2017-08-27,1,1,0.9394674301147461,random,attribution,14,140,0.04744097825303547,0.91,0.3309606571182806,0.07884330484330485,0.0,10,10,0.07692307692307693,1.2077856808900833e-05,5.0,Rain
timeseries,2,2026-10-05T11:32:36,nodeC028,3.11.9,unknown,13155602,14480,2017-09-07,1,1,0.763352632522583,integrated_gradients,attribution,14,140,0.44513760204239394,0.78,0.7528433359527024,1.0,0.75,10,10,1.0,0.005788993556052446,2.5,RH2
timeseries,2,2026-10-05T11:32:36,nodeC028,3.11.9,unknown,13155602,14480,2017-09-07,1,1,0.763352632522583,gradient_shap,attribution,14,140,0.5576364425141009,0.81,0.790757894793196,0.7966666666666666,0.5555555555555556,10,10,0.75,0.003088955767452717,1.7857142857142858,RH2
timeseries,2,2026-10-05T11:32:36,nodeC028,3.11.9,unknown,13155602,14480,2017-09-07,1,1,0.763352632522583,lime,attribution,14,140,0.506037706766929,0.83,0.7136491391101645,0.85,0.5555555555555556,10,10,1.0,0.010978998616337776,2.5,RH2
timeseries,2,2026-10-05T11:32:36,nodeC028,3.11.9,unknown,13155602,14480,2017-09-07,1,1,0.763352632522583,random,attribution,14,140,0.04557258522181581,0.39,0.35977028582064174,0.03422222222222222,0.037037037037037035,10,10,0.0,1.1879950761795044e-05,6.357142857142857,RH2
timeseries,2,2026-10-05T11:32:36,nodeC028,3.11.9,unknown,13155602,14503,2017-09-30,1,1,0.9445580840110779,integrated_gradients,attribution,14,140,0.4554851989849218,1.0,0.8456561600758211,1.0,0.8666666666666667,10,10,1.0,0.06874053366482258,0.5,MinT
timeseries,2,2026-10-05T11:32:36,nodeC028,3.11.9,unknown,13155602,14503,2017-09-30,1,1,0.9445580840110779,gradient_shap,attribution,14,140,0.5341066210724958,1.0,0.847592124736049,0.8683333333333334,0.5555555555555556,10,10,0.8666666666666667,0.0029804171063005924,0.42857142857142855,RH2
timeseries,2,2026-10-05T11:32:36,nodeC028,3.11.9,unknown,13155602,14503,2017-09-30,1,1,0.9445580840110779,lime,attribution,14,140,0.4682665643553329,1.0,0.6795281330537163,1.0,1.0,10,10,1.0,0.01217607082799077,0.5,MinT
timeseries,2,2026-10-05T11:32:36,nodeC028,3.11.9,unknown,13155602,14503,2017-09-30,1,1,0.9445580840110779,random,attribution,14,140,0.10299074496807135,0.79,0.343839248180132,0.05017663817663818,0.0,10,10,0.07692307692307693,1.1777970939874649e-05,5.571428571428571,MaxT
timeseries,2,2026-10-05T11:32:36,nodeC028,3.11.9,unknown,13155602,14509,2017-10-06,1,1,0.8485599160194397,integrated_gradients,attribution,14,140,0.4382017318191476,1.0,0.7715567453510876,1.0,0.8666666666666667,10,10,1.0,0.0754766701720655,0.5,Rain
timeseries,2,2026-10-05T11:32:36,nodeC028,3.11.9,unknown,13155602,14509,2017-10-06,1,1,0.8485599160194397,gradient_shap,attribution,14,140,0.6136410522970047,1.0,0.781765870784211,0.9066666666666668,0.8666666666666667,10,10,0.8666666666666667,0.002976012881845236,0.42857142857142855,MinT
timeseries,2,2026-10-05T11:32:36,nodeC028,3.11.9,unknown,13155602,14509,2017-10-06,1,1,0.8485599160194397,lime,attribution,14,140,0.5273327491531435,1.0,0.6666919686474169,1.0,0.5555555555555556,10,10,0.75,0.012096128892153502,0.5,MaxT
timeseries,2,2026-10-05T11:32:36,nodeC028,3.11.9,unknown,13155602,14509,2017-10-06,1,1,0.8485599160194397,random,attribution,14,140,0.0,0.36,0.31228882421122717,0.06345868945868945,0.037037037037037035,10,10,0.0,1.1709053069353104e-05,8.714285714285714,MaxT
timeseries,2,2026-10-05T11:32:36,nodeC028,3.11.9,unknown,13155602,14541,2017-11-07,0,0,0.8176953792572021,integrated_gradients,attribution,14,140,0.22687595157862095,0.91,0.7396741115160763,0.86,0.5555555555555556,10,10,1.0,0.070345857180655,1.6428571428571428,Wind
timeseries,2,2026-10-05T11:32:36,nodeC028,3.11.9,unknown,13155602,14541,2017-11-07,0,0,0.8176953792572021,gradient_shap,attribution,14,140,0.18643742741177685,0.96,0.7375104430046159,0.7113398692810458,0.5555555555555556,10,10,0.75,0.002977619878947735,0.7857142857142857,FAO56_ET
timeseries,2,2026-10-05T11:32:36,nodeC028,3.11.9,unknown,13155602,14541,2017-11-07,0,0,0.8176953792572021,lime,attribution,14,140,0.11579637094055385,0.9,0.7133415073684339,0.95,0.2727272727272727,10,10,1.0,0.011732839047908783,2.2142857142857144,RH2
timeseries,2,2026-10-05T11:32:36,nodeC028,3.11.9,unknown,13155602,14541,2017-11-07,0,0,0.8176953792572021,random,attribution,14,140,0.0,0.67,0.2934267267368862,0.03418803418803419,0.0,10,10,0.037037037037037035,1.1315103620290756e-05,6.214285714285714,Rain
timeseries,2,2026-10-05T11:32:36,nodeC028,3.11.9,unknown,13155602,14545,2017-11-11,0,0,0.9769431352615356,integrated_gradients,attribution,14,140,0.256610063972868,1.0,0.8001937024384058,0.9733333333333334,0.6470588235294118,10,10,1.0,0.005782728083431721,0.6428571428571429,MinT
timeseries,2,2026-10-05T11:32:36,nodeC028,3.11.9,unknown,13155602,14545,2017-11-11,0,0,0.9769431352615356,gradient_shap,attribution,14,140,0.22917629883762347,0.96,0.8022524275043184,0.7980392156862746,0.6470588235294118,10,10,1.0,0.002984616905450821,0.7857142857142857,FAO56_ET
timeseries,2,2026-10-05T11:32:36,nodeC028,3.11.9,unknown,13155602,14545,2017-11-11,0,0,0.9769431352615356,lime,attribution,14,140,0.25321471989738376,1.0,0.7055879368887603,0.825,0.4,10,10,1.0,0.010864019859582186,1.3571428571428572,Wind
timeseries,2,2026-10-05T11:32:36,nodeC028,3.11.9,unknown,13155602,14545,2017-11-11,0,0,0.9769431352615356,random,attribution,14,140,0.004492023555760066,0.6,0.37240080193121206,0.04618803418803419,0.0,10,10,0.037037037037037035,1.1824071407318115e-05,7.0,SSH
timeseries,2,2026-10-05T11:32:36,nodeC028,3.11.9,unknown,13155602,14566,2017-12-02,0,0,0.9306516051292419,integrated_gradients,attribution,14,140,0.2336898974192159,0.92,0.7426751891324868,0.9466666666666667,0.6470588235294118,10,10,1.0,0.005791053641587496,0.7142857142857143,MinT
timeseries,2,2026-10-05T11:32:36,nodeC028,3.11.9,unknown,13155602,14566,2017-12-02,0,0,0.9306516051292419,gradient_shap,attribution,14,140,0.17065869471529024,0.97,0.7833910945965218,0.7894117647058824,0.5555555555555556,10,10,0.8666666666666667,0.0029739136807620525,0.5714285714285714,FAO56_ET
timeseries,2,2026-10-05T11:32:36,nodeC028,3.11.9,unknown,13155602,14566,2017-12-02,0,0,0.9306516051292419,lime,attribution,14,140,0.18870004456971015,0.96,0.6515837137523348,0.8,0.4,10,10,0.75,0.016066106967628002,1.3571428571428572,FAO56_ET
timeseries,2,2026-10-05T11:32:36,nodeC028,3.11.9,unknown,13155602,14566,2017-12-02,0,0,0.9306516051292419,random,attribution,14,140,0.009498427122823784,0.48,0.3207774744916956,0.0428034188034188,0.0,10,10,0.0,1.319684088230133e-05,6.928571428571429,RH1
timeseries,2,2026-10-05T11:32:36,nodeC028,3.11.9,unknown,13155602,14568,2017-12-04,0,0,0.9075168967247009,integrated_gradients,attribution,14,140,0.24161677100952364,0.99,0.716339865721715,0.9066666666666668,0.5555555555555556,10,10,1.0,0.005771464202553034,0.6428571428571429,MinT
timeseries,2,2026-10-05T11:32:36,nodeC028,3.11.9,unknown,13155602,14568,2017-12-04,0,0,0.9075168967247009,gradient_shap,attribution,14,140,0.1530376424401339,0.95,0.7922539791312689,0.8316339869281044,0.6470588235294118,10,10,0.8666666666666667,0.002980574034154415,0.42857142857142855,FAO56_ET
timeseries,2,2026-10-05T11:32:36,nodeC028,3.11.9,unknown,13155602,14568,2017-12-04,0,0,0.9075168967247009,lime,attribution,14,140,0.129215735044258,0.91,0.646165022233556,0.85,0.4,10,10,1.0,0.010830452665686607,0.7857142857142857,MaxT
timeseries,2,2026-10-05T11:32:36,nodeC028,3.11.9,unknown,13155602,14568,2017-12-04,0,0,0.9075168967247009,random,attribution,14,140,0.28500663388986724,0.73,0.36426614656197676,0.06559544159544159,0.0,10,10,0.037037037037037035,1.1907890439033508e-05,6.785714285714286,SSH
timeseries,2,2026-10-05T11:32:36,nodeC028,3.11.9,unknown,13155602,14578,2017-12-14,0,0,0.9914581179618835,integrated_gradients,attribution,14,140,0.11065938988356734,1.0,0.8165701926469804,0.9333333333333333,0.8666666666666667,10,10,1.0,0.06533758016303182,0.42857142857142855,FAO56_ET
timeseries,2,2026-10-05T11:32:36,nodeC028,3.11.9,unknown,13155602,14578,2017-12-14,0,0,0.9914581179618835,gradient_shap,attribution,14,140,0.0952573559537155,1.0,0.8362111487467749,0.8333333333333334,0.75,10,10,0.8666666666666667,0.0029925471171736717,0.6428571428571429,FAO56_ET
timeseries,2,2026-10-05T11:32:36,nodeC028,3.11.9,unknown,13155602,14578,2017-12-14,0,0,0.9914581179618835,lime,attribution,14,140,0.2188663192598107,0.99,0.7130082312250559,0.95,0.5555555555555556,10,10,0.5555555555555556,0.010858302004635334,1.3571428571428572,MinT
timeseries,2,2026-10-05T11:32:36,nodeC028,3.11.9,unknown,13155602,14578,2017-12-14,0,0,0.9914581179618835,random,attribution,14,140,0.005151285263287814,0.68,0.3318074659064534,0.0716308683265205,0.0,10,10,0.037037037037037035,1.1635944247245789e-05,5.785714285714286,MinT
timeseries,2,2026-10-05T11:32:36,nodeC028,3.11.9,unknown,13155602,14617,2018-01-22,0,0,0.9985523819923401,integrated_gradients,attribution,14,140,0.11282576318445568,1.0,0.8338278720485026,0.9600000000000002,0.6470588235294118,10,10,1.0,0.07049048319458961,0.35714285714285715,FAO56_ET
timeseries,2,2026-10-05T11:32:36,nodeC028,3.11.9,unknown,13155602,14617,2018-01-22,0,0,0.9985523819923401,gradient_shap,attribution,14,140,0.268033786808265,0.99,0.8053566162574342,0.6999019607843138,0.5555555555555556,10,10,0.75,0.00316884508356452,0.7142857142857143,RH2
timeseries,2,2026-10-05T11:32:36,nodeC028,3.11.9,unknown,13155602,14617,2018-01-22,0,0,0.9985523819923401,lime,attribution,14,140,0.1884152317484304,1.0,0.6935320174427106,0.925,0.5555555555555556,10,10,0.5555555555555556,0.010808181017637253,1.3571428571428572,MinT
timeseries,2,2026-10-05T11:32:36,nodeC028,3.11.9,unknown,13155602,14617,2018-01-22,0,0,0.9985523819923401,random,attribution,14,140,0.002263007262789689,0.74,0.331235675735545,0.0270997150997151,0.0,10,10,0.0,1.1885073035955429e-05,7.0,Radiation
timeseries,2,2026-10-05T11:32:36,nodeC028,3.11.9,unknown,13155602,14628,2018-02-02,0,0,0.9992490410804749,integrated_gradients,attribution,14,140,0.18824826120393923,1.0,0.8434329898821591,0.8950000000000001,0.5555555555555556,10,10,1.0,0.005755855236202478,0.7857142857142857,MinT
timeseries,2,2026-10-05T11:32:36,nodeC028,3.11.9,unknown,13155602,14628,2018-02-02,0,0,0.9992490410804749,gradient_shap,attribution,14,140,0.13254821150999155,1.0,0.8629846633806029,0.517922256621947,0.4,10,10,0.5555555555555556,0.0029816990718245506,0.5714285714285714,Wind
timeseries,2,2026-10-05T11:32:36,nodeC028,3.11.9,unknown,13155602,14628,2018-02-02,0,0,0.9992490410804749,lime,attribution,14,140,0.1831159041688814,1.0,0.682875580770299,0.95,0.5555555555555556,10,10,0.75,0.018841329030692577,1.0714285714285714,MinT
timeseries,2,2026-10-05T11:32:36,nodeC028,3.11.9,unknown,13155602,14628,2018-02-02,0,0,0.9992490410804749,random,attribution,14,140,0.0007153757225709361,0.74,0.33833078455824905,0.05419943019943019,0.0,10,10,0.037037037037037035,1.2384727597236633e-05,7.785714285714286,RH2
timeseries,2,2026-10-05T11:32:36,nodeC028,3.11.9,unknown,13155602,14635,2018-02-09,0,0,0.873375654220581,integrated_gradients,attribution,14,140,0.06753031431782514,1.0,0.8550670738684243,1.0,0.6470588235294118,10,10,1.0,0.005805770866572857,0.5714285714285714,MinT
timeseries,2,2026-10-05T11:32:36,nodeC028,3.11.9,unknown,13155602,14635,2018-02-09,0,0,0.873375654220581,gradient_shap,attribution,14,140,0.015183228993861384,0.98,0.8774825547891675,0.8213725490196078,0.6470588235294118,10,10,0.75,0.002976073883473873,0.6428571428571429,RH2
timeseries,2,2026-10-05T11:32:36,nodeC028,3.11.9,unknown,13155602,14635,2018-02-09,0,0,0.873375654220581,lime,attribution,14,140,0.10820257572403168,0.96,0.7727234232670281,0.95,0.5555555555555556,10,10,0.75,0.012051541358232498,1.0714285714285714,MinT
timeseries,2,2026-10-05T11:32:36,nodeC028,3.11.9,unknown,13155602,14635,2018-02-09,0,0,0.873375654220581,random,attribution,14,140,0.023023840065647467,0.6,0.35550386554626057,0.025925925925925925,0.0,10,10,0.12,1.3049691915512085e-05,7.357142857142857,Wind
timeseries,2,2026-10-05T11:32:36,nodeC028,3.11.9,unknown,13155602,14646,2018-02-20,0,0,0.9879905581474304,integrated_gradients,attribution,14,140,0.21791877534692136,1.0,0.8089898534553462,0.9333333333333333,0.5555555555555556,10,10,1.0,0.005768260918557644,0.6428571428571429,RH2
timeseries,2,2026-10-05T11:32:36,nodeC028,3.11.9,unknown,13155602,14646,2018-02-20,0,0,0.9879905581474304,gradient_shap,attribution,14,140,0.21853202130271057,1.0,0.8389055312461231,0.5777450980392157,0.5555555555555556,10,10,0.75,0.003196779638528824,0.8571428571428571,MinT
timeseries,2,2026-10-05T11:32:36,nodeC028,3.11.9,unknown,13155602,14646,2018-02-20,0,0,0.9879905581474304,lime,attribution,14,140,0.19088063144847126,1.0,0.6917450015179456,0.925,0.5555555555555556,10,10,0.75,0.01079639233648777,0.7857142857142857,Wind
timeseries,2,2026-10-05T11:32:36,nodeC028,3.11.9,unknown,13155602,14646,2018-02-20,0,0,0.9879905581474304,random,attribution,14,140,0.00022713930384126046,0.69,0.33829444141857756,0.05476923076923077,0.0,10,10,0.0,1.2659933418035507e-05,5.928571428571429,MinT
timeseries,2,2026-10-05T11:32:36,nodeC028,3.11.9,unknown,13155602,14707,2018-04-22,0,0,0.9353567957878113,integrated_gradients,attribution,14,140,0.39152323410853324,1.0,0.8029835119213249,0.9733333333333334,0.75,10,10,1.0,0.005798459053039551,0.7142857142857143,RH2
timeseries,2,2026-10-05T11:32:36,nodeC028,3.11.9,unknown,13155602,14707,2018-04-22,0,0,0.9353567957878113,gradient_shap,attribution,14,140,0.39152323410853324,1.0,0.8127946713777318,0.8550000000000001,0.6470588235294118,10,10,0.8666666666666667,0.0032454528845846653,0.7142857142857143,RH2
timeseries,2,2026-10-05T11:32:36,nodeC028,3.11.9,unknown,13155602,14707,2018-04-22,0,0,0.9353567957878113,lime,attribution,14,140,0.36629243068250344,0.98,0.7533540305534381,0.85,0.5555555555555556,10,10,0.75,0.01081278407946229,0.5,MinT
timeseries,2,2026-10-05T11:32:36,nodeC028,3.11.9,unknown,13155602,14707,2018-04-22,0,0,0.9353567957878113,random,attribution,14,140,0.004236815336166543,0.71,0.3575918251654566,0.0270997150997151,0.0,10,10,0.07692307692307693,1.2209173291921616e-05,5.857142857142857,FAO56_ET
timeseries,2,2026-10-05T11:32:36,nodeC028,3.11.9,unknown,13155602,14716,2018-05-01,0,0,0.8339889049530029,integrated_gradients,attribution,14,140,0.3721499544061316,1.0,0.8303222774571845,0.9483333333333335,0.6470588235294118,10,10,1.0,0.07021516421809793,0.35714285714285715,RH2
timeseries,2,2026-10-05T11:32:36,nodeC028,3.11.9,unknown,13155602,14716,2018-05-01,0,0,0.8339889049530029,gradient_shap,attribution,14,140,0.404575274479805,1.0,0.8296372391677556,0.8083333333333333,0.75,10,10,1.0,0.0032019522041082382,0.42857142857142855,RH2
timeseries,2,2026-10-05T11:32:36,nodeC028,3.11.9,unknown,13155602,14716,2018-05-01,0,0,0.8339889049530029,lime,attribution,14,140,0.3384663807845233,1.0,0.7835837778280316,0.925,0.75,10,10,1.0,0.010959002189338207,0.5,MinT
timeseries,2,2026-10-05T11:32:36,nodeC028,3.11.9,unknown,13155602,14716,2018-05-01,0,0,0.8339889049530029,random,attribution,14,140,0.21514195276976944,0.79,0.3207365273945455,0.057584045584045576,0.0,10,10,0.0,1.2394040822982788e-05,5.5,MinT
timeseries,2,2026-10-05T11:32:36,nodeC028,3.11.9,unknown,13155602,14736,2018-05-21,0,0,0.6428408622741699,integrated_gradients,attribution,14,140,0.22841133306382522,0.98,0.8767744084344882,0.9066666666666666,0.6470588235294118,10,10,1.0,0.005781312007457018,0.5,MaxT
timeseries,2,2026-10-05T11:32:36,nodeC028,3.11.9,unknown,13155602,14736,2018-05-21,0,0,0.6428408622741699,gradient_shap,attribution,14,140,0.24156111962080948,0.98,0.880262384625627,0.821372549019608,0.6470588235294118,10,10,0.8666666666666667,0.002974206116050482,0.5,MaxT
timeseries,2,2026-10-05T11:32:36,nodeC028,3.11.9,unknown,13155602,14736,2018-05-21,0,0,0.6428408622741699,lime,attribution,14,140,0.1758398639602117,0.97,0.8441528169039578,1.0,0.75,10,10,1.0,0.012901566922664642,0.5,MinT
timeseries,2,2026-10-05T11:32:36,nodeC028,3.11.9,unknown,13155602,14736,2018-05-21,0,0,0.6428408622741699,random,attribution,14,140,0.21405367414984405,0.72,0.3228907553218414,0.04650712250712251,0.0,10,10,0.037037037037037035,1.2225937098264694e-05,7.214285714285714,MaxT
timeseries,2,2026-10-05T11:32:36,nodeC028,3.11.9,unknown,13155602,14740,2018-05-25,1,1,0.545081377029419,integrated_gradients,attribution,14,140,0.07265716546447284,0.62,0.8483877791461593,0.9200000000000002,0.5555555555555556,10,10,1.0,0.005795226898044348,0.7142857142857143,MaxT
timeseries,2,2026-10-05T11:32:36,nodeC028,3.11.9,unknown,13155602,14740,2018-05-25,1,1,0.545081377029419,gradient_shap,attribution,14,140,0.23248360734254586,0.67,0.8688648239299721,0.5860767113863089,0.47368421052631576,10,10,0.75,0.0029847510159015656,0.9285714285714286,MaxT
timeseries,2,2026-10-05T11:32:36,nodeC028,3.11.9,unknown,13155602,14740,2018-05-25,1,1,0.545081377029419,lime,attribution,14,140,0.0,0.51,0.8264459021158964,1.0,0.4,10,10,1.0,0.012865559663623571,0.7857142857142857,MaxT
timeseries,2,2026-10-05T11:32:36,nodeC028,3.11.9,unknown,13155602,14740,2018-05-25,1,1,0.545081377029419,random,attribution,14,140,0.0008682389446063553,0.43,0.3225146595826174,0.062250712250712256,0.0,10,10,0.07692307692307693,1.2400094419717789e-05,6.5,MaxT
timeseries,2,2026-10-05T11:32:36,nodeC028,3.11.9,unknown,13155602,14747,2018-06-01,1,1,0.5194655656814575,integrated_gradients,attribution,14,140,0.014718102401945293,0.69,0.8552262011329651,0.9866666666666667,0.8666666666666667,10,10,1.0,0.0057790870778262615,0.6428571428571429,MaxT
timeseries,2,2026-10-05T11:32:36,nodeC028,3.11.9,unknown,13155602,14747,2018-06-01,1,1,0.5194655656814575,gradient_shap,attribution,14,140,0.05790553408728167,0.78,0.8542370841244318,0.821372549019608,0.5555555555555556,10,10,0.75,0.0030699241906404495,0.8571428571428571,MaxT
timeseries,2,2026-10-05T11:32:36,nodeC028,3.11.9,unknown,13155602,14747,2018-06-01,1,1,0.5194655656814575,lime,attribution,14,140,0.04327492264651609,0.69,0.82318470515501,1.0,0.75,10,10,1.0,0.012040579691529274,0.7857142857142857,MaxT
timeseries,2,2026-10-05T11:32:36,nodeC028,3.11.9,unknown,13155602,14747,2018-06-01,1,1,0.5194655656814575,random,attribution,14,140,0.0,0.42,0.3168510256803774,0.0459031339031339,0.0,10,10,0.037037037037037035,1.2302771210670471e-05,6.214285714285714,MinT
timeseries,2,2026-10-05T11:32:36,nodeC028,3.11.9,unknown,13155602,14748,2018-06-02,1,1,0.5898491144180298,integrated_gradients,attribution,14,140,0.08269026374829654,0.62,0.799616689777862,0.8816666666666666,0.6470588235294118,10,10,1.0,0.005791272968053818,0.6428571428571429,MaxT
timeseries,2,2026-10-05T11:32:36,nodeC028,3.11.9,unknown,13155602,14748,2018-06-02,1,1,0.5898491144180298,gradient_shap,attribution,14,140,0.398680995785581,0.76,0.8084486610203514,0.5319573443412453,0.4,10,10,0.75,0.002968049142509699,1.7142857142857142,MaxT
timeseries,2,2026-10-05T11:32:36,nodeC028,3.11.9,unknown,13155602,14748,2018-06-02,1,1,0.5898491144180298,lime,attribution,14,140,0.07602445668594646,0.37,0.7859696822073098,0.975,0.5555555555555556,10,10,1.0,0.010832994244992733,1.3571428571428572,RH2
timeseries,2,2026-10-05T11:32:36,nodeC028,3.11.9,unknown,13155602,14748,2018-06-02,1,1,0.5898491144180298,random,attribution,14,140,0.0,0.39,0.30953150419249964,0.04989173789173789,0.037037037037037035,10,10,0.0,1.2252014130353928e-05,6.142857142857143,Evap
timeseries,2,2026-10-05T11:32:36,nodeC028,3.11.9,unknown,13155602,14792,2018-07-16,1,1,0.8552091717720032,integrated_gradients,attribution,14,140,0.25550861376151385,1.0,0.7791069389469676,0.9333333333333333,0.75,10,10,1.0,0.005838628858327866,0.7142857142857143,RH2
timeseries,2,2026-10-05T11:32:36,nodeC028,3.11.9,unknown,13155602,14792,2018-07-16,1,1,0.8552091717720032,gradient_shap,attribution,14,140,0.33361599701255135,1.0,0.7818171546780431,0.8247058823529413,0.6470588235294118,10,10,0.75,0.0029648425988852978,0.5714285714285714,RH2
timeseries,2,2026-10-05T11:32:36,nodeC028,3.11.9,unknown,13155602,14792,2018-07-16,1,1,0.8552091717720032,lime,attribution,14,140,0.2451030730422973,1.0,0.6750171689117624,0.95,0.5555555555555556,10,10,0.75,0.01169722992926836,1.9285714285714286,RH2
timeseries,2,2026-10-05T11:32:36,nodeC028,3.11.9,unknown,13155602,14792,2018-07-16,1,1,0.8552091717720032,random,attribution,14,140,0.0,0.32,0.3349353267321715,0.0459031339031339,0.0,10,10,0.0,1.1253170669078827e-05,6.5,Evap
timeseries,2,2026-10-05T11:32:36,nodeC028,3.11.9,unknown,13155602,14793,2018-07-17,1,1,0.8616857528686523,integrated_gradients,attribution,14,140,0.3053627497529171,1.0,0.7754489711611251,0.96,0.75,10,10,1.0,0.007583203725516796,1.4285714285714286,RH2
timeseries,2,2026-10-05T11:32:36,nodeC028,3.11.9,unknown,13155602,14793,2018-07-17,1,1,0.8616857528686523,gradient_shap,attribution,14,140,0.40061437308462355,1.0,0.7792448206775509,0.7616666666666667,0.6470588235294118,10,10,0.75,0.0029766219668090343,0.5714285714285714,RH2
timeseries,2,2026-10-05T11:32:36,nodeC028,3.11.9,unknown,13155602,14793,2018-07-17,1,1,0.8616857528686523,lime,attribution,14,140,0.25865882974025584,1.0,0.6688265600556287,0.95,0.75,10,10,0.75,0.01083557540550828,1.0714285714285714,RH2
timeseries,2,2026-10-05T11:32:36,nodeC028,3.11.9,unknown,13155602,14793,2018-07-17,1,1,0.8616857528686523,random,attribution,14,140,0.002156372192579656,0.39,0.36190680712094436,0.05049572649572649,0.037037037037037035,10,10,0.0,1.3319775462150574e-05,9.142857142857142,FAO56_ET
timeseries,2,2026-10-05T11:32:36,nodeC028,3.11.9,unknown,13155602,14828,2018-08-21,1,1,0.9203689694404602,integrated_gradients,attribution,14,140,0.42155469480086755,1.0,0.7483042370861153,1.0,0.75,10,10,1.0,0.005756758153438568,0.5,RH2
timeseries,2,2026-10-05T11:32:36,nodeC028,3.11.9,unknown,13155602,14828,2018-08-21,1,1,0.9203689694404602,gradient_shap,attribution,14,140,0.4876137781769976,1.0,0.7943711703916081,0.8833333333333334,0.75,10,10,0.75,0.0029724380001425743,0.5,RH2
timeseries,2,2026-10-05T11:32:36,nodeC028,3.11.9,unknown,13155602,14828,2018-08-21,1,1,0.9203689694404602,lime,attribution,14,140,0.35693335310723306,1.0,0.6234756260757894,1.0,0.75,10,10,1.0,0.01083732396364212,0.7857142857142857,RH2
timeseries,2,2026-10-05T11:32:36,nodeC028,3.11.9,unknown,13155602,14828,2018-08-21,1,1,0.9203689694404602,random,attribution,14,140,0.019985972620056823,0.53,0.30869756448570906,0.0459031339031339,0.0,10,10,0.16666666666666666,1.2528151273727417e-05,6.071428571428571,MinT
timeseries,2,2026-10-05T11:32:36,nodeC028,3.11.9,unknown,13155602,14834,2018-08-27,1,1,0.82350093126297,integrated_gradients,attribution,14,140,0.45859472910320637,0.88,0.6752733050509211,0.8800000000000001,0.5555555555555556,10,10,1.0,0.0058178650215268135,2.2857142857142856,RH2
timeseries,2,2026-10-05T11:32:36,nodeC028,3.11.9,unknown,13155602,14834,2018-08-27,1,1,0.82350093126297,gradient_shap,attribution,14,140,0.6074613194576889,0.95,0.6952351583429806,0.7204901960784313,0.47368421052631576,10,10,0.8666666666666667,0.0029841698706150055,3.142857142857143,RH2
timeseries,2,2026-10-05T11:32:36,nodeC028,3.11.9,unknown,13155602,14834,2018-08-27,1,1,0.82350093126297,lime,attribution,14,140,0.5638649744807762,0.98,0.6480268926862397,0.925,0.5555555555555556,10,10,0.75,0.019593951757997274,3.357142857142857,RH2
timeseries,2,2026-10-05T11:32:36,nodeC028,3.11.9,unknown,13155602,14834,2018-08-27,1,1,0.82350093126297,random,attribution,14,140,0.05165881288110101,0.42,0.3240195260481471,0.05021082621082621,0.0,10,10,0.037037037037037035,1.2183096259832382e-05,5.857142857142857,SSH
timeseries,2,2026-10-05T11:32:36,nodeC028,3.11.9,unknown,13155602,14836,2018-08-29,1,1,0.918677031993866,integrated_gradients,attribution,14,140,0.37826389329989285,1.0,0.7653949793858954,0.9066666666666666,0.5555555555555556,10,10,1.0,0.005777261685580015,1.5,RH2
timeseries,2,2026-10-05T11:32:36,nodeC028,3.11.9,unknown,13155602,14836,2018-08-29,1,1,0.918677031993866,gradient_shap,attribution,14,140,0.4285919216850519,1.0,0.79209701247918,0.7994117647058824,0.6470588235294118,10,10,0.75,0.002990799956023693,0.42857142857142855,RH2
timeseries,2,2026-10-05T11:32:36,nodeC028,3.11.9,unknown,13155602,14836,2018-08-29,1,1,0.918677031993866,lime,attribution,14,140,0.47479699235241674,1.0,0.6946957152795948,1.0,0.75,10,10,0.75,0.010974181815981865,1.3571428571428572,RH2
timeseries,2,2026-10-05T11:32:36,nodeC028,3.11.9,unknown,13155602,14836,2018-08-29,1,1,0.918677031993866,random,attribution,14,140,0.038938760357190426,0.44,0.3193986166214835,0.042165242165242166,0.0,10,10,0.037037037037037035,1.28881074488163e-05,6.928571428571429,FAO56_ET
