modality,seed,date,host,python,commit,slurm_job,instance,target_date,y_true,y_pred,p_pred,method,kind,k,d,fid_del,fid_suf,sparsity,stability,robustness,n_valid_stab,n_valid_rob,consistency,time_s,mean_lag_topk,top_variable
timeseries,1,2026-10-05T11:32:36,nodeC027,3.11.9,unknown,13155604,11903,2010-08-18,1,1,0.9055386781692505,integrated_gradients,attribution,14,140,0.6346869866271452,1.0,0.7988539786612499,1.0,0.8666666666666667,10,10,1.0,0.03578449506312609,0.9285714285714286,RH2
timeseries,1,2026-10-05T11:32:36,nodeC027,3.11.9,unknown,13155604,11903,2010-08-18,1,1,0.9055386781692505,gradient_shap,attribution,14,140,0.6658369326067779,1.0,0.8030953627036287,0.8800000000000001,0.75,10,10,1.0,0.022460682783275843,1.0714285714285714,RH2
timeseries,1,2026-10-05T11:32:36,nodeC027,3.11.9,unknown,13155604,11903,2010-08-18,1,1,0.9055386781692505,lime,attribution,14,140,0.6711752533401859,1.0,0.6941084481803237,1.0,0.75,10,10,1.0,0.19848374323919415,1.3571428571428572,RH2
timeseries,1,2026-10-05T11:32:36,nodeC027,3.11.9,unknown,13155604,11903,2010-08-18,1,1,0.9055386781692505,random,attribution,14,140,0.0,0.4,0.31204724327725875,0.08555679425244642,0.0,10,10,0.037037037037037035,1.3528857380151749e-05,7.0,RH1
timeseries,1,2026-10-05T11:32:36,nodeC027,3.11.9,unknown,13155604,11916,2010-08-31,1,1,0.9460051655769348,integrated_gradients,attribution,14,140,0.6218681029335221,1.0,0.8149934077152754,1.0,0.75,10,10,1.0,0.07097835512831807,0.5714285714285714,RH2
timeseries,1,2026-10-05T11:32:36,nodeC027,3.11.9,unknown,13155604,11916,2010-08-31,1,1,0.9460051655769348,gradient_shap,attribution,14,140,0.6274550949759664,1.0,0.8307628529847129,0.8833333333333334,0.75,10,10,0.8666666666666667,0.0031004883348941803,0.5,RH2
timeseries,1,2026-10-05T11:32:36,nodeC027,3.11.9,unknown,13155604,11916,2010-08-31,1,1,0.9460051655769348,lime,attribution,14,140,0.3431951611367692,1.0,0.7083548438237479,0.95,0.5555555555555556,10,10,0.75,0.011590794194489717,0.7857142857142857,RH2
timeseries,1,2026-10-05T11:32:36,nodeC027,3.11.9,unknown,13155604,11916,2010-08-31,1,1,0.9460051655769348,random,attribution,14,140,0.0,0.44,0.3196883301586406,0.05028490028490028,0.0,10,10,0.0,1.3904180377721786e-05,7.642857142857143,Radiation
timeseries,1,2026-10-05T11:32:36,nodeC027,3.11.9,unknown,13155604,11920,2010-09-04,1,1,0.7086361050605774,integrated_gradients,attribution,14,140,0.5674763687931809,0.96,0.7465162213366544,0.9066666666666668,0.5555555555555556,10,10,1.0,0.0059538050554692745,1.4285714285714286,RH2
timeseries,1,2026-10-05T11:32:36,nodeC027,3.11.9,unknown,13155604,11920,2010-09-04,1,1,0.7086361050605774,gradient_shap,attribution,14,140,0.6369081263762791,1.0,0.7603871378318647,0.6265187478500172,0.47368421052631576,10,10,0.5555555555555556,0.0030666631646454334,1.3571428571428572,RH2
timeseries,1,2026-10-05T11:32:36,nodeC027,3.11.9,unknown,13155604,11920,2010-09-04,1,1,0.7086361050605774,lime,attribution,14,140,0.5881083595341553,0.94,0.7274764527448075,0.925,0.5555555555555556,10,10,1.0,0.015652901027351618,2.5,RH2
timeseries,1,2026-10-05T11:32:36,nodeC027,3.11.9,unknown,13155604,11920,2010-09-04,1,1,0.7086361050605774,random,attribution,14,140,0.13914453264967272,0.54,0.33588064074628465,0.03422222222222222,0.0,10,10,0.0,1.4019198715686798e-05,6.857142857142857,RH2
timeseries,1,2026-10-05T11:32:36,nodeC027,3.11.9,unknown,13155604,11921,2010-09-05,1,1,0.8828874826431274,integrated_gradients,attribution,14,140,0.577154239888569,1.0,0.7587680366844489,0.9333333333333333,0.75,10,10,1.0,0.005958502646535635,1.1428571428571428,RH2
timeseries,1,2026-10-05T11:32:36,nodeC027,3.11.9,unknown,13155604,11921,2010-09-05,1,1,0.8828874826431274,gradient_shap,attribution,14,140,0.661897293577257,1.0,0.7756409822486866,0.9483333333333335,0.75,10,10,1.0,0.0030612670816481113,1.1428571428571428,RH2
timeseries,1,2026-10-05T11:32:36,nodeC027,3.11.9,unknown,13155604,11921,2010-09-05,1,1,0.8828874826431274,lime,attribution,14,140,0.5408925795519617,1.0,0.6783765379421238,0.975,0.5555555555555556,10,10,1.0,0.010922878980636597,2.2142857142857144,RH2
timeseries,1,2026-10-05T11:32:36,nodeC027,3.11.9,unknown,13155604,11921,2010-09-05,1,1,0.8828874826431274,random,attribution,14,140,0.0,0.35,0.3535813027474075,0.08283190883190883,0.037037037037037035,10,10,0.07692307692307693,1.3581011444330215e-05,7.285714285714286,FAO56_ET
timeseries,1,2026-10-05T11:32:36,nodeC027,3.11.9,unknown,13155604,11924,2010-09-08,1,1,0.9199628829956055,integrated_gradients,attribution,14,140,0.6029960576415719,1.0,0.7385475342382468,0.8666666666666668,0.6470588235294118,10,10,1.0,0.008339658845216036,0.8571428571428571,RH2
timeseries,1,2026-10-05T11:32:36,nodeC027,3.11.9,unknown,13155604,11924,2010-09-08,1,1,0.9199628829956055,gradient_shap,attribution,14,140,0.5366165781717948,1.0,0.7735897915219951,0.8800000000000001,0.75,10,10,1.0,0.0035807769745588303,0.35714285714285715,MinT
timeseries,1,2026-10-05T11:32:36,nodeC027,3.11.9,unknown,13155604,11924,2010-09-08,1,1,0.9199628829956055,lime,attribution,14,140,0.46208913897357695,1.0,0.6572124692680659,0.925,0.5555555555555556,10,10,1.0,0.011174374725669622,1.6428571428571428,RH2
timeseries,1,2026-10-05T11:32:36,nodeC027,3.11.9,unknown,13155604,11924,2010-09-08,1,1,0.9199628829956055,random,attribution,14,140,0.0,0.38,0.32979762068059637,0.07018803418803418,0.0,10,10,0.12,1.4858786016702652e-05,6.142857142857143,FAO56_ET
timeseries,1,2026-10-05T11:32:36,nodeC027,3.11.9,unknown,13155604,11926,2010-09-10,1,1,0.9067959785461426,integrated_gradients,attribution,14,140,0.5971310897838711,1.0,0.7069128800537716,0.9733333333333334,0.8666666666666667,10,10,1.0,0.07008369127288461,0.8571428571428571,RH2
timeseries,1,2026-10-05T11:32:36,nodeC027,3.11.9,unknown,13155604,11926,2010-09-10,1,1,0.9067959785461426,gradient_shap,attribution,14,140,0.5803762471150645,1.0,0.7693586150958645,0.8550000000000001,0.6470588235294118,10,10,0.8666666666666667,0.0037299832329154015,0.5714285714285714,RH2
timeseries,1,2026-10-05T11:32:36,nodeC027,3.11.9,unknown,13155604,11926,2010-09-10,1,1,0.9067959785461426,lime,attribution,14,140,0.585822721275666,1.0,0.6380026823862492,0.85,0.5555555555555556,10,10,0.75,0.011164469178766012,2.5,RH2
timeseries,1,2026-10-05T11:32:36,nodeC027,3.11.9,unknown,13155604,11926,2010-09-10,1,1,0.9067959785461426,random,attribution,14,140,0.0,0.36,0.33098865544055567,0.06684330484330485,0.0,10,10,0.12,1.3822689652442932e-05,6.428571428571429,Wind
timeseries,1,2026-10-05T11:32:36,nodeC027,3.11.9,unknown,13155604,11940,2010-09-24,1,1,0.8643813729286194,integrated_gradients,attribution,14,140,0.49514546804962906,0.99,0.7780468295981535,0.96,0.75,10,10,1.0,0.005971022881567478,1.2142857142857142,RH2
timeseries,1,2026-10-05T11:32:36,nodeC027,3.11.9,unknown,13155604,11940,2010-09-24,1,1,0.8643813729286194,gradient_shap,attribution,14,140,0.49198495398503633,0.99,0.819553884732955,0.8966666666666667,0.6470588235294118,10,10,0.75,0.0033075036481022835,0.8571428571428571,RH2
timeseries,1,2026-10-05T11:32:36,nodeC027,3.11.9,unknown,13155604,11940,2010-09-24,1,1,0.8643813729286194,lime,attribution,14,140,0.38234755649134017,0.71,0.6978325965292254,0.9,0.75,10,10,1.0,0.012322056107223034,1.3571428571428572,RH2
timeseries,1,2026-10-05T11:32:36,nodeC027,3.11.9,unknown,13155604,11940,2010-09-24,1,1,0.8643813729286194,random,attribution,14,140,0.07185527867944043,0.44,0.35128209350446205,0.053880341880341874,0.0,10,10,0.037037037037037035,1.4467164874076843e-05,6.285714285714286,Evap
timeseries,1,2026-10-05T11:32:36,nodeC027,3.11.9,unknown,13155604,11965,2010-10-19,1,1,0.8982972502708435,integrated_gradients,attribution,14,140,0.4759690944007024,1.0,0.839189200051337,1.0,0.8666666666666667,10,10,1.0,0.06913234293460846,0.35714285714285715,RH2
timeseries,1,2026-10-05T11:32:36,nodeC027,3.11.9,unknown,13155604,11965,2010-10-19,1,1,0.8982972502708435,gradient_shap,attribution,14,140,0.530566701740822,1.0,0.8531827198829984,0.8683333333333334,0.75,10,10,0.8666666666666667,0.003079724032431841,0.35714285714285715,MinT
timeseries,1,2026-10-05T11:32:36,nodeC027,3.11.9,unknown,13155604,11965,2010-10-19,1,1,0.8982972502708435,lime,attribution,14,140,0.3984089630590715,1.0,0.7474407767200794,0.975,0.75,10,10,1.0,0.012492773123085499,0.5,MaxT
timeseries,1,2026-10-05T11:32:36,nodeC027,3.11.9,unknown,13155604,11965,2010-10-19,1,1,0.8982972502708435,random,attribution,14,140,0.0,0.43,0.3195187349663804,0.06527635327635327,0.0,10,10,0.037037037037037035,1.2890901416540146e-05,6.285714285714286,Radiation
timeseries,1,2026-10-05T11:32:36,nodeC027,3.11.9,unknown,13155604,11986,2010-11-09,1,1,0.8431726098060608,integrated_gradients,attribution,14,140,0.7037391571620962,1.0,0.6852852232401956,1.0,0.75,10,10,1.0,0.005950807128101587,1.1428571428571428,RH2
timeseries,1,2026-10-05T11:32:36,nodeC027,3.11.9,unknown,13155604,11986,2010-11-09,1,1,0.8431726098060608,gradient_shap,attribution,14,140,0.7037391571620962,1.0,0.7180928022656474,0.8847058823529412,0.5555555555555556,10,10,0.75,0.003083605784922838,1.1428571428571428,RH2
timeseries,1,2026-10-05T11:32:36,nodeC027,3.11.9,unknown,13155604,11986,2010-11-09,1,1,0.8431726098060608,lime,attribution,14,140,0.7366557286611162,1.0,0.6113762604235109,0.9,0.5555555555555556,10,10,0.75,0.011115978006273508,2.2142857142857144,RH2
timeseries,1,2026-10-05T11:32:36,nodeC027,3.11.9,unknown,13155604,11986,2010-11-09,1,1,0.8431726098060608,random,attribution,14,140,0.0,0.44,0.34687394169502606,0.08060522730087946,0.0,10,10,0.16666666666666666,1.5694648027420044e-05,6.428571428571429,Evap
timeseries,1,2026-10-05T11:32:36,nodeC027,3.11.9,unknown,13155604,11987,2010-11-10,1,1,0.9198050498962402,integrated_gradients,attribution,14,140,0.7567262059668082,1.0,0.6929094271374663,0.9199999999999999,0.75,10,10,1.0,0.005969326943159103,1.2857142857142858,RH2
timeseries,1,2026-10-05T11:32:36,nodeC027,3.11.9,unknown,13155604,11987,2010-11-10,1,1,0.9198050498962402,gradient_shap,attribution,14,140,0.6680200868753341,1.0,0.774552762780475,0.9333333333333333,0.8666666666666667,10,10,1.0,0.0031033619306981564,0.42857142857142855,MinT
timeseries,1,2026-10-05T11:32:36,nodeC027,3.11.9,unknown,13155604,11987,2010-11-10,1,1,0.9198050498962402,lime,attribution,14,140,0.470546796711822,0.97,0.5953713868264687,0.95,0.5555555555555556,10,10,0.75,0.012381116859614849,1.3571428571428572,RH2
timeseries,1,2026-10-05T11:32:36,nodeC027,3.11.9,unknown,13155604,11987,2010-11-10,1,1,0.9198050498962402,random,attribution,14,140,0.0,0.47,0.3679001290690548,0.05858119658119656,0.0,10,10,0.12,1.3222917914390564e-05,7.0,FAO56_ET
timeseries,1,2026-10-05T11:32:36,nodeC027,3.11.9,unknown,13155604,12023,2010-12-16,0,0,0.9113664031028748,integrated_gradients,attribution,14,140,0.1628245193274564,1.0,0.7532317235259611,0.9199999999999999,0.5555555555555556,10,10,1.0,0.006335652898997068,0.5,MinT
timeseries,1,2026-10-05T11:32:36,nodeC027,3.11.9,unknown,13155604,12023,2010-12-16,0,0,0.9113664031028748,gradient_shap,attribution,14,140,0.2162838253622862,0.91,0.7577899989486216,0.7983333333333333,0.6470588235294118,10,10,1.0,0.003570545930415392,1.1428571428571428,MinT
timeseries,1,2026-10-05T11:32:36,nodeC027,3.11.9,unknown,13155604,12023,2010-12-16,0,0,0.9113664031028748,lime,attribution,14,140,0.17955589959602206,0.98,0.6138064070473406,0.925,0.5555555555555556,10,10,0.75,0.012220331933349371,2.2142857142857144,MaxT
timeseries,1,2026-10-05T11:32:36,nodeC027,3.11.9,unknown,13155604,12023,2010-12-16,0,0,0.9113664031028748,random,attribution,14,140,0.0,0.45,0.34391417339676056,0.0339031339031339,0.0,10,10,0.037037037037037035,1.2187287211418152e-05,5.571428571428571,RH1
timeseries,1,2026-10-05T11:32:36,nodeC027,3.11.9,unknown,13155604,12034,2010-12-27,0,0,0.9974035620689392,integrated_gradients,attribution,14,140,0.3090877635519556,1.0,0.8259573605305628,0.9600000000000002,0.6470588235294118,10,10,1.0,0.005948327016085386,0.7857142857142857,MinT
timeseries,1,2026-10-05T11:32:36,nodeC027,3.11.9,unknown,13155604,12034,2010-12-27,0,0,0.9974035620689392,gradient_shap,attribution,14,140,0.15538488154560376,1.0,0.8366391173534001,0.8022222222222222,0.6470588235294118,10,10,0.8666666666666667,0.003071834333240986,0.5714285714285714,MinT
timeseries,1,2026-10-05T11:32:36,nodeC027,3.11.9,unknown,13155604,12034,2010-12-27,0,0,0.9974035620689392,lime,attribution,14,140,0.2370554430577181,1.0,0.6786207871555956,0.825,0.4,10,10,1.0,0.010941204149276018,1.3571428571428572,MinT
timeseries,1,2026-10-05T11:32:36,nodeC027,3.11.9,unknown,13155604,12034,2010-12-27,0,0,0.9974035620689392,random,attribution,14,140,0.0,0.62,0.37816704757929254,0.041880341880341884,0.037037037037037035,10,10,0.037037037037037035,1.2925826013088226e-05,6.214285714285714,MaxT
timeseries,1,2026-10-05T11:32:36,nodeC027,3.11.9,unknown,13155604,12045,2011-01-07,0,0,0.9986829161643982,integrated_gradients,attribution,14,140,0.2527432362611092,1.0,0.8178621988176549,1.0,0.75,10,10,1.0,0.07164464890956879,0.5,Evap
timeseries,1,2026-10-05T11:32:36,nodeC027,3.11.9,unknown,13155604,12045,2011-01-07,0,0,0.9986829161643982,gradient_shap,attribution,14,140,0.15467028315346493,1.0,0.8244687735539125,0.7099673202614378,0.5555555555555556,10,10,0.5555555555555556,0.0030579492449760437,0.35714285714285715,MinT
timeseries,1,2026-10-05T11:32:36,nodeC027,3.11.9,unknown,13155604,12045,2011-01-07,0,0,0.9986829161643982,lime,attribution,14,140,0.24223713361868693,0.99,0.71611373070818,0.736111111111111,0.5555555555555556,10,10,0.5555555555555556,0.015366360079497099,2.2142857142857144,MaxT
timeseries,1,2026-10-05T11:32:36,nodeC027,3.11.9,unknown,13155604,12045,2011-01-07,0,0,0.9986829161643982,random,attribution,14,140,0.0,0.54,0.3059278741571627,0.018803418803418803,0.0,10,10,0.037037037037037035,1.3009179383516312e-05,5.428571428571429,Rain
timeseries,1,2026-10-05T11:32:36,nodeC027,3.11.9,unknown,13155604,12054,2011-01-16,0,0,0.9952869415283203,integrated_gradients,attribution,14,140,0.25825960058794556,1.0,0.8159267898976685,0.9733333333333334,0.6470588235294118,10,10,1.0,0.07222922006621957,0.7142857142857143,MinT
timeseries,1,2026-10-05T11:32:36,nodeC027,3.11.9,unknown,13155604,12054,2011-01-16,0,0,0.9952869415283203,gradient_shap,attribution,14,140,0.12884168444109717,1.0,0.8022246234458887,0.6228586171310629,0.5555555555555556,10,10,0.75,0.003073565661907196,1.2142857142857142,RH2
timeseries,1,2026-10-05T11:32:36,nodeC027,3.11.9,unknown,13155604,12054,2011-01-16,0,0,0.9952869415283203,lime,attribution,14,140,0.1679265671681835,0.97,0.696824954946821,0.85,0.5555555555555556,10,10,0.75,0.015470766928046942,0.7857142857142857,MinT
timeseries,1,2026-10-05T11:32:36,nodeC027,3.11.9,unknown,13155604,12054,2011-01-16,0,0,0.9952869415283203,random,attribution,14,140,0.0,0.53,0.31274776529472326,0.05790313390313391,0.037037037037037035,10,10,0.0,1.451093703508377e-05,5.142857142857143,MinT
timeseries,1,2026-10-05T11:32:36,nodeC027,3.11.9,unknown,13155604,12078,2011-02-09,0,0,0.9930205941200256,integrated_gradients,attribution,14,140,0.32050835645191295,1.0,0.8378635967730883,0.9333333333333333,0.6470588235294118,10,10,1.0,0.06947781099006534,0.7857142857142857,MinT
timeseries,1,2026-10-05T11:32:36,nodeC027,3.11.9,unknown,13155604,12078,2011-02-09,0,0,0.9930205941200256,gradient_shap,attribution,14,140,0.17633761483485025,1.0,0.8429732217809087,0.7894117647058824,0.6470588235294118,10,10,0.6470588235294118,0.003081083297729492,0.5,MinT
timeseries,1,2026-10-05T11:32:36,nodeC027,3.11.9,unknown,13155604,12078,2011-02-09,0,0,0.9930205941200256,lime,attribution,14,140,0.19157063745215297,0.97,0.7015175756054427,0.7861111111111111,0.5555555555555556,10,10,0.75,0.012263755779713392,1.0714285714285714,RH2
timeseries,1,2026-10-05T11:32:36,nodeC027,3.11.9,unknown,13155604,12078,2011-02-09,0,0,0.9930205941200256,random,attribution,14,140,0.00010348064098694121,0.57,0.34406038724868915,0.05331054131054132,0.0,10,10,0.0,1.3018958270549774e-05,7.285714285714286,FAO56_ET
timeseries,1,2026-10-05T11:32:36,nodeC027,3.11.9,unknown,13155604,12087,2011-02-18,0,0,0.9839879870414734,integrated_gradients,attribution,14,140,0.36169060947038506,1.0,0.8186999882336381,0.9866666666666667,0.6470588235294118,10,10,1.0,0.07116334373131394,0.6428571428571429,MinT
timeseries,1,2026-10-05T11:32:36,nodeC027,3.11.9,unknown,13155604,12087,2011-02-18,0,0,0.9839879870414734,gradient_shap,attribution,14,140,0.24703034706984775,1.0,0.8344835893005385,0.7894117647058824,0.6470588235294118,10,10,0.6470588235294118,0.003081270959228277,0.5,MinT
timeseries,1,2026-10-05T11:32:36,nodeC027,3.11.9,unknown,13155604,12087,2011-02-18,0,0,0.9839879870414734,lime,attribution,14,140,0.30732118130821556,0.98,0.7186486741213609,0.775,0.5555555555555556,10,10,0.75,0.010983884800225496,1.0714285714285714,RH2
timeseries,1,2026-10-05T11:32:36,nodeC027,3.11.9,unknown,13155604,12087,2011-02-18,0,0,0.9839879870414734,random,attribution,14,140,0.040473319962911404,0.67,0.35042070955280447,0.04650712250712251,0.037037037037037035,10,10,0.16666666666666666,1.3384968042373657e-05,5.5,SSH
timeseries,1,2026-10-05T11:32:36,nodeC027,3.11.9,unknown,13155604,12089,2011-02-20,0,0,0.8791219592094421,integrated_gradients,attribution,14,140,0.24495676686338444,0.99,0.7793520459260053,0.8933333333333333,0.6470588235294118,10,10,1.0,0.005937899928539991,0.8571428571428571,MinT
timeseries,1,2026-10-05T11:32:36,nodeC027,3.11.9,unknown,13155604,12089,2011-02-20,0,0,0.8791219592094421,gradient_shap,attribution,14,140,0.1604878875281464,0.98,0.7542210266864295,0.7056690746474028,0.47368421052631576,10,10,0.75,0.0030847578309476376,1.6428571428571428,RH2
timeseries,1,2026-10-05T11:32:36,nodeC027,3.11.9,unknown,13155604,12089,2011-02-20,0,0,0.8791219592094421,lime,attribution,14,140,0.22745821321115375,0.99,0.6796696702585873,0.7805555555555556,0.2727272727272727,10,10,1.0,0.012374937068670988,0.7857142857142857,RH2
timeseries,1,2026-10-05T11:32:36,nodeC027,3.11.9,unknown,13155604,12089,2011-02-20,0,0,0.8791219592094421,random,attribution,14,140,0.12727460348917458,0.76,0.3614332365445394,0.051173789173789175,0.0,10,10,0.0,1.3528857380151749e-05,5.0,SSH
timeseries,1,2026-10-05T11:32:36,nodeC027,3.11.9,unknown,13155604,12123,2011-03-26,0,0,0.6875481605529785,integrated_gradients,attribution,14,140,0.25508801623976257,0.94,0.8029439936558128,0.9333333333333333,0.6470588235294118,10,10,1.0,0.07075925031676888,0.9285714285714286,RH2
timeseries,1,2026-10-05T11:32:36,nodeC027,3.11.9,unknown,13155604,12123,2011-03-26,0,0,0.6875481605529785,gradient_shap,attribution,14,140,0.12396654952898724,0.86,0.7892175035752379,0.7204901960784313,0.6470588235294118,10,10,0.75,0.003084417898207903,0.9285714285714286,RH2
timeseries,1,2026-10-05T11:32:36,nodeC027,3.11.9,unknown,13155604,12123,2011-03-26,0,0,0.6875481605529785,lime,attribution,14,140,0.218003000222624,0.92,0.801405252653066,0.875,0.5555555555555556,10,10,1.0,0.019823825918138027,1.3571428571428572,RH2
timeseries,1,2026-10-05T11:32:36,nodeC027,3.11.9,unknown,13155604,12123,2011-03-26,0,0,0.6875481605529785,random,attribution,14,140,0.09513292595220312,0.67,0.328342026997011,0.03821082621082621,0.0,10,10,0.037037037037037035,1.3061799108982086e-05,5.857142857142857,RH1
timeseries,1,2026-10-05T11:32:36,nodeC027,3.11.9,unknown,13155604,12140,2011-04-12,0,0,0.8355780839920044,integrated_gradients,attribution,14,140,0.34670946767147875,0.99,0.7726964455762784,0.9733333333333334,0.6470588235294118,10,10,1.0,0.0059381467290222645,0.8571428571428571,RH2
timeseries,1,2026-10-05T11:32:36,nodeC027,3.11.9,unknown,13155604,12140,2011-04-12,0,0,0.8355780839920044,gradient_shap,attribution,14,140,0.3439937329308036,1.0,0.7691032022022048,0.8247058823529411,0.47368421052631576,10,10,0.75,0.003088179975748062,0.6428571428571429,RH2
timeseries,1,2026-10-05T11:32:36,nodeC027,3.11.9,unknown,13155604,12140,2011-04-12,0,0,0.8355780839920044,lime,attribution,14,140,0.298733246810647,0.98,0.7511937591300737,0.9,0.4,10,10,0.75,0.019602066837251186,0.5,MaxT
timeseries,1,2026-10-05T11:32:36,nodeC027,3.11.9,unknown,13155604,12140,2011-04-12,0,0,0.8355780839920044,random,attribution,14,140,0.0,0.53,0.314095670392331,0.0624957264957265,0.0,10,10,0.037037037037037035,1.361081376671791e-05,6.428571428571429,RH1
timeseries,1,2026-10-05T11:32:36,nodeC027,3.11.9,unknown,13155604,12199,2011-06-10,1,1,0.7711877822875977,integrated_gradients,attribution,14,140,0.255030767366311,0.93,0.8551598650272845,1.0,0.6470588235294118,10,10,1.0,0.006823014933615923,0.7142857142857143,MinT
timeseries,1,2026-10-05T11:32:36,nodeC027,3.11.9,unknown,13155604,12199,2011-06-10,1,1,0.7711877822875977,gradient_shap,attribution,14,140,0.346355464484591,0.99,0.8446684338824018,0.7699673202614379,0.5555555555555556,10,10,0.8666666666666667,0.003455356229096651,0.42857142857142855,MinT
timeseries,1,2026-10-05T11:32:36,nodeC027,3.11.9,unknown,13155604,12199,2011-06-10,1,1,0.7711877822875977,lime,attribution,14,140,0.20754330679936536,1.0,0.7686913345323967,0.925,0.5555555555555556,10,10,1.0,0.012572482228279114,0.7857142857142857,MinT
timeseries,1,2026-10-05T11:32:36,nodeC027,3.11.9,unknown,13155604,12199,2011-06-10,1,1,0.7711877822875977,random,attribution,14,140,0.0,0.51,0.34778523476488354,0.07115099715099714,0.0,10,10,0.07692307692307693,1.3402663171291351e-05,7.357142857142857,MinT
timeseries,1,2026-10-05T11:32:36,nodeC027,3.11.9,unknown,13155604,12200,2011-06-11,1,1,0.7649657130241394,integrated_gradients,attribution,14,140,0.27991471089088005,0.95,0.8175214460990199,0.9333333333333333,0.6470588235294118,10,10,1.0,0.07074551470577717,0.7857142857142857,MinT
timeseries,1,2026-10-05T11:32:36,nodeC027,3.11.9,unknown,13155604,12200,2011-06-11,1,1,0.7649657130241394,gradient_shap,attribution,14,140,0.4028170106034793,1.0,0.7862022131019704,0.836372549019608,0.6470588235294118,10,10,0.75,0.003089836798608303,0.5,MinT
timeseries,1,2026-10-05T11:32:36,nodeC027,3.11.9,unknown,13155604,12200,2011-06-11,1,1,0.7649657130241394,lime,attribution,14,140,0.25913053573731326,0.94,0.7831127627175293,0.975,0.4,10,10,0.75,0.011050038039684296,1.0714285714285714,MinT
timeseries,1,2026-10-05T11:32:36,nodeC027,3.11.9,unknown,13155604,12200,2011-06-11,1,1,0.7649657130241394,random,attribution,14,140,0.0,0.45,0.3134995023429683,0.058262108262108245,0.0,10,10,0.07692307692307693,1.5810132026672363e-05,6.571428571428571,SSH
timeseries,1,2026-10-05T11:32:36,nodeC027,3.11.9,unknown,13155604,12205,2011-06-16,1,1,0.6725809574127197,integrated_gradients,attribution,14,140,0.1748472798208017,0.84,0.8408757042115622,1.0,0.75,10,10,1.0,0.0703195771202445,0.8571428571428571,MinT
timeseries,1,2026-10-05T11:32:36,nodeC027,3.11.9,unknown,13155604,12205,2011-06-16,1,1,0.6725809574127197,gradient_shap,attribution,14,140,0.22545452708587602,0.71,0.790867512532343,0.701045751633987,0.6470588235294118,10,10,0.75,0.003264215774834156,0.7857142857142857,MinT
timeseries,1,2026-10-05T11:32:36,nodeC027,3.11.9,unknown,13155604,12205,2011-06-16,1,1,0.6725809574127197,lime,attribution,14,140,0.26120388130629857,0.76,0.8008296259202254,0.825,0.5555555555555556,10,10,1.0,0.012633871752768755,1.0714285714285714,MinT
timeseries,1,2026-10-05T11:32:36,nodeC027,3.11.9,unknown,13155604,12205,2011-06-16,1,1,0.6725809574127197,random,attribution,14,140,0.0,0.43,0.32173542018994017,0.050854700854700854,0.0,10,10,0.037037037037037035,1.475634053349495e-05,3.7857142857142856,MinT
timeseries,1,2026-10-05T11:32:36,nodeC027,3.11.9,unknown,13155604,12206,2011-06-17,1,1,0.8490933775901794,integrated_gradients,attribution,14,140,0.3349034282800869,1.0,0.8379984245200359,0.8933333333333333,0.6470588235294118,10,10,1.0,0.007894969079643488,0.9285714285714286,MinT
timeseries,1,2026-10-05T11:32:36,nodeC027,3.11.9,unknown,13155604,12206,2011-06-17,1,1,0.8490933775901794,gradient_shap,attribution,14,140,0.2794739756060596,0.91,0.8195753945714431,0.7088235294117646,0.5555555555555556,10,10,0.8666666666666667,0.0031493366695940495,0.9285714285714286,MinT
timeseries,1,2026-10-05T11:32:36,nodeC027,3.11.9,unknown,13155604,12206,2011-06-17,1,1,0.8490933775901794,lime,attribution,14,140,0.25951977698380735,0.98,0.7682744563970676,1.0,0.75,10,10,1.0,0.013691081199795008,1.0714285714285714,MinT
timeseries,1,2026-10-05T11:32:36,nodeC027,3.11.9,unknown,13155604,12206,2011-06-17,1,1,0.8490933775901794,random,attribution,14,140,0.0,0.43,0.38392531032005683,0.07115099715099715,0.0,10,10,0.07692307692307693,1.3255048543214798e-05,5.714285714285714,SSH
timeseries,1,2026-10-05T11:32:36,nodeC027,3.11.9,unknown,13155604,12210,2011-06-21,1,1,0.6369187831878662,integrated_gradients,attribution,14,140,0.1671524549950944,0.88,0.8643613053947419,0.9733333333333334,0.6470588235294118,10,10,1.0,0.07011936418712139,0.7142857142857143,MinT
timeseries,1,2026-10-05T11:32:36,nodeC027,3.11.9,unknown,13155604,12210,2011-06-21,1,1,0.6369187831878662,gradient_shap,attribution,14,140,0.1671524549950944,0.86,0.8428630535221766,0.8110784313725491,0.6470588235294118,10,10,0.75,0.003093860112130642,0.7142857142857143,MinT
timeseries,1,2026-10-05T11:32:36,nodeC027,3.11.9,unknown,13155604,12210,2011-06-21,1,1,0.6369187831878662,lime,attribution,14,140,0.07594983737180559,0.72,0.7932423712454807,0.975,0.75,10,10,1.0,0.011005046777427197,1.0714285714285714,MinT
timeseries,1,2026-10-05T11:32:36,nodeC027,3.11.9,unknown,13155604,12210,2011-06-21,1,1,0.6369187831878662,random,attribution,14,140,0.0,0.36,0.36037859918870385,0.04586894586894587,0.0,10,10,0.037037037037037035,1.3917218893766403e-05,6.5,RH1
timeseries,1,2026-10-05T11:32:36,nodeC027,3.11.9,unknown,13155604,12232,2011-07-13,1,1,0.7271084189414978,integrated_gradients,attribution,14,140,0.30045716578200726,0.89,0.8071892702854304,0.9333333333333333,0.6470588235294118,10,10,1.0,0.005949946120381355,1.1428571428571428,MinT
timeseries,1,2026-10-05T11:32:36,nodeC027,3.11.9,unknown,13155604,12232,2011-07-13,1,1,0.7271084189414978,gradient_shap,attribution,14,140,0.3731108578451243,0.99,0.7846524713312498,0.6549329205366357,0.47368421052631576,10,10,0.47368421052631576,0.0030678031034767628,0.7857142857142857,MinT
timeseries,1,2026-10-05T11:32:36,nodeC027,3.11.9,unknown,13155604,12232,2011-07-13,1,1,0.7271084189414978,lime,attribution,14,140,0.3584534190375377,0.94,0.7447298376365985,0.825,0.75,10,10,0.75,0.010980924125760794,1.3571428571428572,MinT
timeseries,1,2026-10-05T11:32:36,nodeC027,3.11.9,unknown,13155604,12232,2011-07-13,1,1,0.7271084189414978,random,attribution,14,140,0.0,0.34,0.3452385770034909,0.061891737891737894,0.0,10,10,0.037037037037037035,1.3576820492744446e-05,6.642857142857143,Wind
timeseries,1,2026-10-05T11:32:36,nodeC027,3.11.9,unknown,13155604,12233,2011-07-14,1,1,0.9183257222175598,integrated_gradients,attribution,14,140,0.5017863368016601,1.0,0.831702225957675,0.9733333333333334,0.75,10,10,1.0,0.00598306767642498,1.0,MinT
timeseries,1,2026-10-05T11:32:36,nodeC027,3.11.9,unknown,13155604,12233,2011-07-14,1,1,0.9183257222175598,gradient_shap,attribution,14,140,0.5085155081645302,1.0,0.8348274169178889,0.8950000000000001,0.75,10,10,0.8666666666666667,0.0030820779502391815,0.5714285714285714,MinT
timeseries,1,2026-10-05T11:32:36,nodeC027,3.11.9,unknown,13155604,12233,2011-07-14,1,1,0.9183257222175598,lime,attribution,14,140,0.30276364256154803,1.0,0.742187411140286,0.925,0.75,10,10,1.0,0.012010835111141205,0.7857142857142857,MinT
timeseries,1,2026-10-05T11:32:36,nodeC027,3.11.9,unknown,13155604,12233,2011-07-14,1,1,0.9183257222175598,random,attribution,14,140,0.0,0.43,0.3453458370246789,0.0301994301994302,0.0,10,10,0.037037037037037035,1.3418029993772507e-05,7.142857142857143,MinT
timeseries,1,2026-10-05T11:32:36,nodeC027,3.11.9,unknown,13155604,12243,2011-07-24,1,1,0.7058306336402893,integrated_gradients,attribution,14,140,0.43054569999188474,0.96,0.7424529823169144,0.9066666666666666,0.5555555555555556,10,10,1.0,0.00593716511502862,1.1428571428571428,RH2
timeseries,1,2026-10-05T11:32:36,nodeC027,3.11.9,unknown,13155604,12243,2011-07-24,1,1,0.7058306336402893,gradient_shap,attribution,14,140,0.4288876852504667,0.91,0.7616637416058192,0.9233333333333335,0.6470588235294118,10,10,0.75,0.0030761477537453175,0.5714285714285714,MinT
timeseries,1,2026-10-05T11:32:36,nodeC027,3.11.9,unknown,13155604,12243,2011-07-24,1,1,0.7058306336402893,lime,attribution,14,140,0.39042784870265035,0.9,0.6941900016707703,1.0,0.5555555555555556,10,10,1.0,0.010950100142508745,2.2142857142857144,RH2
timeseries,1,2026-10-05T11:32:36,nodeC027,3.11.9,unknown,13155604,12243,2011-07-24,1,1,0.7058306336402893,random,attribution,14,140,0.02152581774859433,0.39,0.3170078383274719,0.037891737891737894,0.0,10,10,0.037037037037037035,1.3255048543214798e-05,8.642857142857142,Rain
timeseries,1,2026-10-05T11:32:36,nodeC027,3.11.9,unknown,13155604,12245,2011-07-26,1,1,0.8170969486236572,integrated_gradients,attribution,14,140,0.43911535318090555,0.96,0.7412708704963482,1.0,0.6470588235294118,10,10,1.0,0.06968787591904402,2.0714285714285716,RH2
timeseries,1,2026-10-05T11:32:36,nodeC027,3.11.9,unknown,13155604,12245,2011-07-26,1,1,0.8170969486236572,gradient_shap,attribution,14,140,0.47636744697420863,0.99,0.7895845570051078,0.788888888888889,0.6470588235294118,10,10,0.75,0.003093163948506117,0.6428571428571429,RH2
timeseries,1,2026-10-05T11:32:36,nodeC027,3.11.9,unknown,13155604,12245,2011-07-26,1,1,0.8170969486236572,lime,attribution,14,140,0.36224374867419107,0.92,0.7218341717551648,0.95,0.5555555555555556,10,10,1.0,0.019228394608944654,0.7857142857142857,RH2
timeseries,1,2026-10-05T11:32:36,nodeC027,3.11.9,unknown,13155604,12245,2011-07-26,1,1,0.8170969486236572,random,attribution,14,140,0.0015089054967782297,0.38,0.3565957770273237,0.04989173789173789,0.0,10,10,0.037037037037037035,1.3628043234348297e-05,7.785714285714286,Radiation
timeseries,1,2026-10-05T11:32:36,nodeC027,3.11.9,unknown,13155604,12269,2011-08-19,1,1,0.900904655456543,integrated_gradients,attribution,14,140,0.526416517672365,1.0,0.7927906900821311,1.0,0.6470588235294118,10,10,1.0,0.07236659713089466,0.5,RH2
timeseries,1,2026-10-05T11:32:36,nodeC027,3.11.9,unknown,13155604,12269,2011-08-19,1,1,0.900904655456543,gradient_shap,attribution,14,140,0.5910162655200192,1.0,0.8244522615878036,0.8550000000000001,0.6470588235294118,10,10,0.75,0.0030842279084026814,0.5714285714285714,RH2
timeseries,1,2026-10-05T11:32:36,nodeC027,3.11.9,unknown,13155604,12269,2011-08-19,1,1,0.900904655456543,lime,attribution,14,140,0.5663391504625439,1.0,0.7292757930658816,1.0,0.75,10,10,1.0,0.015698911622166634,0.7857142857142857,RH2
timeseries,1,2026-10-05T11:32:36,nodeC027,3.11.9,unknown,13155604,12269,2011-08-19,1,1,0.900904655456543,random,attribution,14,140,0.015907788141218016,0.47,0.2892376095254221,0.038176638176638175,0.0,10,10,0.12,1.406809315085411e-05,6.857142857142857,RH2
timeseries,1,2026-10-05T11:32:36,nodeC027,3.11.9,unknown,13155604,12275,2011-08-25,1,1,0.9100020527839661,integrated_gradients,attribution,14,140,0.5571124195429172,1.0,0.7916180218928086,0.9466666666666667,0.75,10,10,1.0,0.07027623802423477,1.3571428571428572,RH2
timeseries,1,2026-10-05T11:32:36,nodeC027,3.11.9,unknown,13155604,12275,2011-08-25,1,1,0.9100020527839661,gradient_shap,attribution,14,140,0.6881526079822491,1.0,0.798574903425979,0.8816666666666668,0.6470588235294118,10,10,0.75,0.003460180014371872,1.2142857142857142,RH2
timeseries,1,2026-10-05T11:32:36,nodeC027,3.11.9,unknown,13155604,12275,2011-08-25,1,1,0.9100020527839661,lime,attribution,14,140,0.6228079213215224,1.0,0.7142965138785559,0.975,0.75,10,10,1.0,0.012045484036207199,2.2142857142857144,RH2
timeseries,1,2026-10-05T11:32:36,nodeC027,3.11.9,unknown,13155604,12275,2011-08-25,1,1,0.9100020527839661,random,attribution,14,140,0.0014734103951968983,0.31,0.34199930258385614,0.045584045584045586,0.037037037037037035,10,10,0.0,1.3558194041252136e-05,6.285714285714286,MaxT
timeseries,1,2026-10-05T11:32:36,nodeC027,3.11.9,unknown,13155604,12282,2011-09-01,1,1,0.9019237756729126,integrated_gradients,attribution,14,140,0.6225636194576047,1.0,0.7151147223170948,0.9200000000000002,0.6470588235294118,10,10,1.0,0.07125575607642531,0.8571428571428571,RH2
timeseries,1,2026-10-05T11:32:36,nodeC027,3.11.9,unknown,13155604,12282,2011-09-01,1,1,0.9019237756729126,gradient_shap,attribution,14,140,0.6921458626452821,1.0,0.7630587430545128,0.7849999999999999,0.75,10,10,0.8666666666666667,0.003102684859186411,0.7857142857142857,RH2
timeseries,1,2026-10-05T11:32:36,nodeC027,3.11.9,unknown,13155604,12282,2011-09-01,1,1,0.9019237756729126,lime,attribution,14,140,0.5779664573278606,1.0,0.6318100891544723,0.825,0.5555555555555556,10,10,1.0,0.011831819079816341,2.2142857142857144,RH2
timeseries,1,2026-10-05T11:32:36,nodeC027,3.11.9,unknown,13155604,12282,2011-09-01,1,1,0.9019237756729126,random,attribution,14,140,0.025039172548882254,0.45,0.2969385490051888,0.05017663817663818,0.0,10,10,0.0,1.3163313269615173e-05,6.571428571428571,SSH
timeseries,1,2026-10-05T11:32:36,nodeC027,3.11.9,unknown,13155604,12283,2011-09-02,1,1,0.9425546526908875,integrated_gradients,attribution,14,140,0.523068663794469,1.0,0.7509983442338649,0.9733333333333334,0.8666666666666667,10,10,1.0,0.07046101102605462,1.2142857142857142,RH2
timeseries,1,2026-10-05T11:32:36,nodeC027,3.11.9,unknown,13155604,12283,2011-09-02,1,1,0.9425546526908875,gradient_shap,attribution,14,140,0.7228960195448898,1.0,0.7860763758791307,0.8730392156862745,0.8666666666666667,10,10,0.8666666666666667,0.0030937129631638527,0.8571428571428571,RH2
timeseries,1,2026-10-05T11:32:36,nodeC027,3.11.9,unknown,13155604,12283,2011-09-02,1,1,0.9425546526908875,lime,attribution,14,140,0.6466443771922408,1.0,0.6266530132710038,1.0,1.0,10,10,1.0,0.010995439253747463,1.3571428571428572,RH2
timeseries,1,2026-10-05T11:32:36,nodeC027,3.11.9,unknown,13155604,12283,2011-09-02,1,1,0.9425546526908875,random,attribution,14,140,0.03586069143829083,0.5,0.31711100791028113,0.053880341880341874,0.0,10,10,0.12,1.4332123100757599e-05,5.571428571428571,RH2
timeseries,1,2026-10-05T11:32:36,nodeC027,3.11.9,unknown,13155604,12310,2011-09-29,1,1,0.7318981885910034,integrated_gradients,attribution,14,140,0.4330928266255479,0.95,0.7688246502964249,0.8716666666666667,0.6470588235294118,10,10,1.0,0.0059828688390553,1.2142857142857142,RH2
timeseries,1,2026-10-05T11:32:36,nodeC027,3.11.9,unknown,13155604,12310,2011-09-29,1,1,0.7318981885910034,gradient_shap,attribution,14,140,0.4517245159177126,0.84,0.7928867045300216,0.7747058823529411,0.5555555555555556,10,10,0.8666666666666667,0.0030856896191835403,0.6428571428571429,RH2
timeseries,1,2026-10-05T11:32:36,nodeC027,3.11.9,unknown,13155604,12310,2011-09-29,1,1,0.7318981885910034,lime,attribution,14,140,0.4587602268353658,0.8,0.7260514389969699,0.9,0.5555555555555556,10,10,1.0,0.022285629995167255,1.3571428571428572,RH2
timeseries,1,2026-10-05T11:32:36,nodeC027,3.11.9,unknown,13155604,12310,2011-09-29,1,1,0.7318981885910034,random,attribution,14,140,0.014988418639824991,0.44,0.3331489373255392,0.03917378917378917,0.0,10,10,0.037037037037037035,1.2972857803106308e-05,7.785714285714286,Radiation
timeseries,1,2026-10-05T11:32:36,nodeC027,3.11.9,unknown,13155604,12322,2011-10-11,0,0,0.5356332659721375,integrated_gradients,attribution,14,140,0.0,0.7,0.7839243159241898,0.9733333333333334,0.5555555555555556,10,10,1.0,0.0697232591919601,0.9285714285714286,RH2
timeseries,1,2026-10-05T11:32:36,nodeC027,3.11.9,unknown,13155604,12322,2011-10-11,0,0,0.5356332659721375,gradient_shap,attribution,14,140,0.0,0.47,0.7872410552274449,0.7552614379084968,0.5555555555555556,10,10,0.5555555555555556,0.0030793240293860435,0.7142857142857143,RH2
timeseries,1,2026-10-05T11:32:36,nodeC027,3.11.9,unknown,13155604,12322,2011-10-11,0,0,0.5356332659721375,lime,attribution,14,140,0.0,0.63,0.7202775727981112,0.825,0.5555555555555556,10,10,1.0,0.016047096345573664,1.3571428571428572,RH2
timeseries,1,2026-10-05T11:32:36,nodeC027,3.11.9,unknown,13155604,12322,2011-10-11,0,0,0.5356332659721375,random,attribution,14,140,0.060916703898709554,0.54,0.3112144041940407,0.053880341880341874,0.0,10,10,0.07692307692307693,1.3732817023992538e-05,5.642857142857143,MaxT
timeseries,1,2026-10-05T11:32:36,nodeC027,3.11.9,unknown,13155604,12323,2011-10-12,1,1,0.7639915347099304,integrated_gradients,attribution,14,140,0.4657174703851743,0.9,0.8128156705554309,0.8833333333333334,0.6470588235294118,10,10,1.0,0.06937499530613422,1.1428571428571428,RH2
timeseries,1,2026-10-05T11:32:36,nodeC027,3.11.9,unknown,13155604,12323,2011-10-12,1,1,0.7639915347099304,gradient_shap,attribution,14,140,0.45752724114582305,0.91,0.8122761215397278,0.8613725490196078,0.6470588235294118,10,10,0.75,0.0030834171921014786,0.6428571428571429,RH2
timeseries,1,2026-10-05T11:32:36,nodeC027,3.11.9,unknown,13155604,12323,2011-10-12,1,1,0.7639915347099304,lime,attribution,14,140,0.4649022274050058,0.84,0.7383575084967393,0.95,0.75,10,10,1.0,0.012912893202155828,0.7857142857142857,RH2
timeseries,1,2026-10-05T11:32:36,nodeC027,3.11.9,unknown,13155604,12323,2011-10-12,1,1,0.7639915347099304,random,attribution,14,140,0.0605758418605718,0.49,0.3423472841942341,0.04618803418803419,0.0,10,10,0.0,1.4404300600290298e-05,5.071428571428571,MaxT
timeseries,1,2026-10-05T11:32:36,nodeC027,3.11.9,unknown,13155604,12324,2011-10-13,1,1,0.8147566914558411,integrated_gradients,attribution,14,140,0.43772816101191064,0.85,0.8141813838915163,1.0,0.6470588235294118,10,10,1.0,0.005959449801594019,0.8571428571428571,MinT
timeseries,1,2026-10-05T11:32:36,nodeC027,3.11.9,unknown,13155604,12324,2011-10-13,1,1,0.8147566914558411,gradient_shap,attribution,14,140,0.5079961379287339,0.96,0.8074376416018008,0.742450980392157,0.6470588235294118,10,10,0.8666666666666667,0.0030739610083401203,0.5,RH2
timeseries,1,2026-10-05T11:32:36,nodeC027,3.11.9,unknown,13155604,12324,2011-10-13,1,1,0.8147566914558411,lime,attribution,14,140,0.43244133279499997,0.91,0.7395154283674602,0.975,0.5555555555555556,10,10,1.0,0.020314855966717005,0.5,MinT
timeseries,1,2026-10-05T11:32:36,nodeC027,3.11.9,unknown,13155604,12324,2011-10-13,1,1,0.8147566914558411,random,attribution,14,140,0.06234386143773196,0.41,0.32712189430019667,0.08012535612535612,0.0,10,10,0.037037037037037035,1.4081131666898727e-05,5.214285714285714,Radiation
timeseries,1,2026-10-05T11:32:36,nodeC027,3.11.9,unknown,13155604,12336,2011-10-25,0,0,0.8195769786834717,integrated_gradients,attribution,14,140,0.287967610700047,1.0,0.795406460550023,0.8683333333333334,0.47368421052631576,10,10,1.0,0.07058019191026688,0.7857142857142857,RH2
timeseries,1,2026-10-05T11:32:36,nodeC027,3.11.9,unknown,13155604,12336,2011-10-25,0,0,0.8195769786834717,gradient_shap,attribution,14,140,0.3304820577416216,1.0,0.8178191267480801,0.8097058823529413,0.6470588235294118,10,10,0.75,0.0030965949408710003,0.7142857142857143,RH2
timeseries,1,2026-10-05T11:32:36,nodeC027,3.11.9,unknown,13155604,12336,2011-10-25,0,0,0.8195769786834717,lime,attribution,14,140,0.2549366482863547,1.0,0.7359270414861953,0.925,0.5555555555555556,10,10,1.0,0.01099188206717372,1.9285714285714286,Wind
timeseries,1,2026-10-05T11:32:36,nodeC027,3.11.9,unknown,13155604,12336,2011-10-25,0,0,0.8195769786834717,random,attribution,14,140,0.0,0.64,0.3132741916456385,0.0421994301994302,0.037037037037037035,10,10,0.07692307692307693,1.3757031410932541e-05,6.571428571428571,Radiation
timeseries,1,2026-10-05T11:32:36,nodeC027,3.11.9,unknown,13155604,12340,2011-10-29,0,0,0.5013636350631714,integrated_gradients,attribution,14,140,0.0,0.36,0.7738615531907591,1.0,0.6470588235294118,10,10,1.0,0.005963775794953108,0.5,MinT
timeseries,1,2026-10-05T11:32:36,nodeC027,3.11.9,unknown,13155604,12340,2011-10-29,0,0,0.5013636350631714,gradient_shap,attribution,14,140,0.0,0.4,0.7603978814771951,0.8466666666666667,0.47368421052631576,10,10,0.8666666666666667,0.003094211220741272,0.42857142857142855,MinT
timeseries,1,2026-10-05T11:32:36,nodeC027,3.11.9,unknown,13155604,12340,2011-10-29,0,0,0.5013636350631714,lime,attribution,14,140,0.0,0.33,0.7161338852003762,0.85,0.4,10,10,1.0,0.01097982982173562,1.3571428571428572,Wind
timeseries,1,2026-10-05T11:32:36,nodeC027,3.11.9,unknown,13155604,12340,2011-10-29,0,0,0.5013636350631714,random,attribution,14,140,0.0,0.61,0.3726506535069525,0.0459031339031339,0.0,10,10,0.037037037037037035,1.4091841876506805e-05,9.285714285714286,Radiation
timeseries,1,2026-10-05T11:32:36,nodeC027,3.11.9,unknown,13155604,12359,2011-11-17,0,0,0.9585695266723633,integrated_gradients,attribution,14,140,0.3181267655466036,1.0,0.7908139332028077,0.9066666666666668,0.5555555555555556,10,10,1.0,0.005953934043645859,0.5714285714285714,MinT
timeseries,1,2026-10-05T11:32:36,nodeC027,3.11.9,unknown,13155604,12359,2011-11-17,0,0,0.9585695266723633,gradient_shap,attribution,14,140,0.21076474322742075,1.0,0.7856110154411229,0.5677760577915376,0.4,10,10,0.75,0.0030818721279501915,2.5714285714285716,RH2
timeseries,1,2026-10-05T11:32:36,nodeC027,3.11.9,unknown,13155604,12359,2011-11-17,0,0,0.9585695266723633,lime,attribution,14,140,0.1816471449988279,0.97,0.6856843520326577,0.8305555555555555,0.4,10,10,0.75,0.01201582420617342,4.214285714285714,Wind
timeseries,1,2026-10-05T11:32:36,nodeC027,3.11.9,unknown,13155604,12359,2011-11-17,0,0,0.9585695266723633,random,attribution,14,140,0.0,0.59,0.34773449095868414,0.0339031339031339,0.0,10,10,0.037037037037037035,1.2772157788276672e-05,5.571428571428571,RH1
timeseries,1,2026-10-05T11:32:36,nodeC027,3.11.9,unknown,13155604,12372,2011-11-30,0,0,0.9427616000175476,integrated_gradients,attribution,14,140,0.38029084685603987,0.97,0.7819498559777202,0.8583333333333334,0.47368421052631576,10,10,1.0,0.07095119310542941,0.35714285714285715,MinT
timeseries,1,2026-10-05T11:32:36,nodeC027,3.11.9,unknown,13155604,12372,2011-11-30,0,0,0.9427616000175476,gradient_shap,attribution,14,140,0.3008008831052073,0.94,0.8328378930929525,0.45256512493354606,0.4,10,10,0.4,0.0030821412801742554,0.6428571428571429,FAO56_ET
timeseries,1,2026-10-05T11:32:36,nodeC027,3.11.9,unknown,13155604,12372,2011-11-30,0,0,0.9427616000175476,lime,attribution,14,140,0.37727129468673254,0.89,0.7525656157247387,0.8055555555555556,0.4,10,10,0.75,0.010977122001349926,0.7857142857142857,MaxT
timeseries,1,2026-10-05T11:32:36,nodeC027,3.11.9,unknown,13155604,12372,2011-11-30,0,0,0.9427616000175476,random,attribution,14,140,0.0,0.59,0.30356224121728426,0.05088888888888889,0.0,10,10,0.07692307692307693,1.3592187315225601e-05,7.714285714285714,Evap
timeseries,1,2026-10-05T11:32:36,nodeC027,3.11.9,unknown,13155604,12391,2011-12-19,0,0,0.9912119507789612,integrated_gradients,attribution,14,140,0.1921841164797339,1.0,0.8292370252428062,0.9333333333333333,0.75,10,10,1.0,0.00683542201295495,0.5,MinT
timeseries,1,2026-10-05T11:32:36,nodeC027,3.11.9,unknown,13155604,12391,2011-12-19,0,0,0.9912119507789612,gradient_shap,attribution,14,140,0.14219066196738536,1.0,0.8315637072858335,0.8597058823529412,0.75,10,10,0.8666666666666667,0.0034636599011719227,0.42857142857142855,MinT
timeseries,1,2026-10-05T11:32:36,nodeC027,3.11.9,unknown,13155604,12391,2011-12-19,0,0,0.9912119507789612,lime,attribution,14,140,0.1495771711190114,0.99,0.6955915220601316,0.9,0.4,10,10,0.75,0.012563733849674463,0.7857142857142857,Wind
timeseries,1,2026-10-05T11:32:36,nodeC027,3.11.9,unknown,13155604,12391,2011-12-19,0,0,0.9912119507789612,random,attribution,14,140,0.0,0.61,0.3253337641452033,0.06246153846153847,0.0,10,10,0.037037037037037035,1.377798616886139e-05,7.571428571428571,Radiation
timeseries,1,2026-10-05T11:32:36,nodeC027,3.11.9,unknown,13155604,12404,2012-01-01,0,0,0.5221346616744995,integrated_gradients,attribution,14,140,0.0,0.5,0.7813079456575118,0.9866666666666667,0.6470588235294118,10,10,1.0,0.06993289105594158,0.8571428571428571,MinT
timeseries,1,2026-10-05T11:32:36,nodeC027,3.11.9,unknown,13155604,12404,2012-01-01,0,0,0.5221346616744995,gradient_shap,attribution,14,140,0.0,0.59,0.7817442972912385,0.6768937048503613,0.47368421052631576,10,10,0.6470588235294118,0.0030886619351804256,1.0714285714285714,MinT
timeseries,1,2026-10-05T11:32:36,nodeC027,3.11.9,unknown,13155604,12404,2012-01-01,0,0,0.5221346616744995,lime,attribution,14,140,0.0,0.53,0.7191906486489421,0.95,0.5555555555555556,10,10,1.0,0.012141198851168156,1.3571428571428572,MinT
timeseries,1,2026-10-05T11:32:36,nodeC027,3.11.9,unknown,13155604,12404,2012-01-01,0,0,0.5221346616744995,random,attribution,14,140,0.061563994654773774,0.65,0.3176830975029118,0.05790313390313388,0.0,10,10,0.07692307692307693,1.3784971088171005e-05,5.571428571428571,Wind
timeseries,1,2026-10-05T11:32:36,nodeC027,3.11.9,unknown,13155604,12467,2012-03-04,0,0,0.9973964691162109,integrated_gradients,attribution,14,140,0.45865512226465466,1.0,0.8377996266190123,0.96,0.8666666666666667,10,10,1.0,0.07065560203045607,0.5714285714285714,RH2
timeseries,1,2026-10-05T11:32:36,nodeC027,3.11.9,unknown,13155604,12467,2012-03-04,0,0,0.9973964691162109,gradient_shap,attribution,14,140,0.33699219340132297,1.0,0.8050113686759335,0.835,0.75,10,10,0.8666666666666667,0.003102417103946209,0.7857142857142857,RH2
timeseries,1,2026-10-05T11:32:36,nodeC027,3.11.9,unknown,13155604,12467,2012-03-04,0,0,0.9973964691162109,lime,attribution,14,140,0.38110462725869776,1.0,0.6852003933364197,1.0,0.75,10,10,1.0,0.015552091877907515,0.7857142857142857,RH2
timeseries,1,2026-10-05T11:32:36,nodeC027,3.11.9,unknown,13155604,12467,2012-03-04,0,0,0.9973964691162109,random,attribution,14,140,0.0019203353074926902,0.63,0.3462811014519487,0.06285470085470084,0.0,10,10,0.037037037037037035,1.3940967619419098e-05,6.714285714285714,MinT
timeseries,1,2026-10-05T11:32:36,nodeC027,3.11.9,unknown,13155604,12494,2012-03-31,0,0,0.6469654440879822,integrated_gradients,attribution,14,140,0.2993196968679357,0.99,0.8158152227166173,1.0,0.6470588235294118,10,10,1.0,0.07422416284680367,0.8571428571428571,RH2
timeseries,1,2026-10-05T11:32:36,nodeC027,3.11.9,unknown,13155604,12494,2012-03-31,0,0,0.6469654440879822,gradient_shap,attribution,14,140,0.2144976188653341,0.86,0.8172926290406128,0.7424509803921568,0.6470588235294118,10,10,0.75,0.003086606040596962,1.0,RH2
timeseries,1,2026-10-05T11:32:36,nodeC027,3.11.9,unknown,13155604,12494,2012-03-31,0,0,0.6469654440879822,lime,attribution,14,140,0.14281906702416622,0.88,0.7968406902138853,0.95,0.5555555555555556,10,10,1.0,0.01099251676350832,0.7857142857142857,RH2
timeseries,1,2026-10-05T11:32:36,nodeC027,3.11.9,unknown,13155604,12494,2012-03-31,0,0,0.6469654440879822,random,attribution,14,140,0.0,0.55,0.3186079291262972,0.07182905982905982,0.0,10,10,0.037037037037037035,1.3061799108982086e-05,6.928571428571429,MaxT
timeseries,1,2026-10-05T11:32:36,nodeC027,3.11.9,unknown,13155604,12540,2012-05-16,0,0,0.8166704773902893,integrated_gradients,attribution,14,140,0.32852849153195895,1.0,0.8747202795026627,0.9066666666666668,0.75,10,10,1.0,0.07443895284086466,0.6428571428571429,RH2
timeseries,1,2026-10-05T11:32:36,nodeC027,3.11.9,unknown,13155604,12540,2012-05-16,0,0,0.8166704773902893,gradient_shap,attribution,14,140,0.35917085314357444,1.0,0.85875566448182,0.9200000000000002,0.6470588235294118,10,10,0.8666666666666667,0.003082568757236004,0.6428571428571429,RH2
timeseries,1,2026-10-05T11:32:36,nodeC027,3.11.9,unknown,13155604,12540,2012-05-16,0,0,0.8166704773902893,lime,attribution,14,140,0.18872087837081852,0.93,0.8021632617496914,1.0,0.75,10,10,0.75,0.011005217675119638,0.5,MaxT
timeseries,1,2026-10-05T11:32:36,nodeC027,3.11.9,unknown,13155604,12540,2012-05-16,0,0,0.8166704773902893,random,attribution,14,140,0.04604999307737856,0.58,0.32917810714804996,0.0661994301994302,0.037037037037037035,10,10,0.037037037037037035,1.3725832104682922e-05,6.214285714285714,Rain
timeseries,1,2026-10-05T11:32:36,nodeC027,3.11.9,unknown,13155604,12554,2012-05-30,0,0,0.7918144464492798,integrated_gradients,attribution,14,140,0.4229407545262913,0.89,0.8374093044277895,0.9733333333333334,0.6470588235294118,10,10,1.0,0.07091168966144323,0.6428571428571429,MaxT
timeseries,1,2026-10-05T11:32:36,nodeC027,3.11.9,unknown,13155604,12554,2012-05-30,0,0,0.7918144464492798,gradient_shap,attribution,14,140,0.446603473943691,1.0,0.8165346231038351,0.7747058823529411,0.5555555555555556,10,10,0.8666666666666667,0.003080405294895172,0.5714285714285714,MinT
timeseries,1,2026-10-05T11:32:36,nodeC027,3.11.9,unknown,13155604,12554,2012-05-30,0,0,0.7918144464492798,lime,attribution,14,140,0.383469240444517,0.95,0.7675738940238501,1.0,0.75,10,10,1.0,0.010956971906125546,0.7857142857142857,MinT
timeseries,1,2026-10-05T11:32:36,nodeC027,3.11.9,unknown,13155604,12554,2012-05-30,0,0,0.7918144464492798,random,attribution,14,140,0.0936483514812554,0.6,0.31783154003616754,0.07724216524216523,0.0,10,10,0.0,1.4078803360462189e-05,6.071428571428571,RH2
timeseries,1,2026-10-05T11:32:36,nodeC027,3.11.9,unknown,13155604,12601,2012-07-16,1,1,0.9280634522438049,integrated_gradients,attribution,14,140,0.41556554935508394,1.0,0.7875988656788225,0.9866666666666667,0.75,10,10,1.0,0.005962535738945007,0.35714285714285715,MinT
timeseries,1,2026-10-05T11:32:36,nodeC027,3.11.9,unknown,13155604,12601,2012-07-16,1,1,0.9280634522438049,gradient_shap,attribution,14,140,0.457244458865042,1.0,0.7939419604296339,0.7966666666666666,0.75,10,10,0.75,0.003184703178703785,0.42857142857142855,MinT
timeseries,1,2026-10-05T11:32:36,nodeC027,3.11.9,unknown,13155604,12601,2012-07-16,1,1,0.9280634522438049,lime,attribution,14,140,0.5114188718395722,1.0,0.6942964589242526,0.975,0.5555555555555556,10,10,1.0,0.01275660889223218,0.5,MinT
timeseries,1,2026-10-05T11:32:36,nodeC027,3.11.9,unknown,13155604,12601,2012-07-16,1,1,0.9280634522438049,random,attribution,14,140,0.05242884844827541,0.44,0.3756299762707923,0.05850712250712251,0.037037037037037035,10,10,0.07692307692307693,1.4473218470811844e-05,6.785714285714286,Rain
timeseries,1,2026-10-05T11:32:36,nodeC027,3.11.9,unknown,13155604,12602,2012-07-17,1,1,0.9433539509773254,integrated_gradients,attribution,14,140,0.47247267034071777,1.0,0.8143730287912969,0.9066666666666666,0.75,10,10,1.0,0.007008661981672049,0.35714285714285715,RH2
timeseries,1,2026-10-05T11:32:36,nodeC027,3.11.9,unknown,13155604,12602,2012-07-17,1,1,0.9433539509773254,gradient_shap,attribution,14,140,0.5289832413304149,1.0,0.8256920697216513,0.8800000000000001,0.75,10,10,0.8666666666666667,0.003449995070695877,0.5,RH2
timeseries,1,2026-10-05T11:32:36,nodeC027,3.11.9,unknown,13155604,12602,2012-07-17,1,1,0.9433539509773254,lime,attribution,14,140,0.34295731438208216,1.0,0.7183374148707371,0.975,0.5555555555555556,10,10,1.0,0.011291248723864555,0.7857142857142857,RH2
timeseries,1,2026-10-05T11:32:36,nodeC027,3.11.9,unknown,13155604,12602,2012-07-17,1,1,0.9433539509773254,random,attribution,14,140,0.004391713248363399,0.43,0.30307980398569057,0.058866096866096874,0.0,10,10,0.07692307692307693,1.4309771358966827e-05,8.0,RH1
timeseries,1,2026-10-05T11:32:36,nodeC027,3.11.9,unknown,13155604,12605,2012-07-20,1,1,0.9284350275993347,integrated_gradients,attribution,14,140,0.5955461589549166,1.0,0.7925835733869098,1.0,0.75,10,10,1.0,0.06908649113029242,0.7857142857142857,RH2
timeseries,1,2026-10-05T11:32:36,nodeC027,3.11.9,unknown,13155604,12605,2012-07-20,1,1,0.9284350275993347,gradient_shap,attribution,14,140,0.6619901833235912,1.0,0.7659825078120738,0.9066666666666666,0.75,10,10,1.0,0.003510253969579935,0.7857142857142857,RH2
timeseries,1,2026-10-05T11:32:36,nodeC027,3.11.9,unknown,13155604,12605,2012-07-20,1,1,0.9284350275993347,lime,attribution,14,140,0.46263458126652524,0.9,0.7084937562983659,0.95,0.75,10,10,1.0,0.013301433064043522,1.3571428571428572,RH2
timeseries,1,2026-10-05T11:32:36,nodeC027,3.11.9,unknown,13155604,12605,2012-07-20,1,1,0.9284350275993347,random,attribution,14,140,0.0,0.34,0.2925267603225974,0.05021082621082621,0.0,10,10,0.037037037037037035,1.3835728168487549e-05,7.428571428571429,MinT
timeseries,1,2026-10-05T11:32:36,nodeC027,3.11.9,unknown,13155604,12606,2012-07-21,1,1,0.9178206324577332,integrated_gradients,attribution,14,140,0.607273739769685,1.0,0.7914738047571366,0.9600000000000002,0.75,10,10,1.0,0.006173124071210623,0.8571428571428571,RH2
timeseries,1,2026-10-05T11:32:36,nodeC027,3.11.9,unknown,13155604,12606,2012-07-21,1,1,0.9178206324577332,gradient_shap,attribution,14,140,0.5636878976651909,1.0,0.782437000468025,0.9866666666666667,0.75,10,10,1.0,0.0031575667671859264,0.5714285714285714,RH2
timeseries,1,2026-10-05T11:32:36,nodeC027,3.11.9,unknown,13155604,12606,2012-07-21,1,1,0.9178206324577332,lime,attribution,14,140,0.4105733847020565,1.0,0.702911448273649,0.975,0.75,10,10,1.0,0.010906814597547054,1.3571428571428572,RH2
timeseries,1,2026-10-05T11:32:36,nodeC027,3.11.9,unknown,13155604,12606,2012-07-21,1,1,0.9178206324577332,random,attribution,14,140,0.0,0.32,0.34870507155217756,0.03479202279202279,0.0,10,10,0.0,1.6630161553621292e-05,6.642857142857143,Wind
timeseries,1,2026-10-05T11:32:36,nodeC027,3.11.9,unknown,13155604,12611,2012-07-26,1,1,0.8482772707939148,integrated_gradients,attribution,14,140,0.5687060533048336,0.98,0.7127139374053798,0.9199999999999999,0.6470588235294118,10,10,1.0,0.006052397657185793,2.2142857142857144,RH2
timeseries,1,2026-10-05T11:32:36,nodeC027,3.11.9,unknown,13155604,12611,2012-07-26,1,1,0.8482772707939148,gradient_shap,attribution,14,140,0.6105840259757598,0.98,0.7318935702487006,0.8333333333333334,0.6470588235294118,10,10,0.8666666666666667,0.0031552170403301716,1.2142857142857142,RH2
timeseries,1,2026-10-05T11:32:36,nodeC027,3.11.9,unknown,13155604,12611,2012-07-26,1,1,0.8482772707939148,lime,attribution,14,140,0.6368372994709709,0.96,0.6429168837031531,0.975,0.5555555555555556,10,10,1.0,0.010968456044793129,3.357142857142857,RH2
timeseries,1,2026-10-05T11:32:36,nodeC027,3.11.9,unknown,13155604,12611,2012-07-26,1,1,0.8482772707939148,random,attribution,14,140,0.05483029821392058,0.38,0.3142035944904973,0.05790313390313388,0.0,10,10,0.07692307692307693,1.2977048754692078e-05,6.357142857142857,MaxT
timeseries,1,2026-10-05T11:32:36,nodeC027,3.11.9,unknown,13155604,12614,2012-07-29,1,1,0.8716179728507996,integrated_gradients,attribution,14,140,0.45767200109031303,1.0,0.6941411673785582,0.9066666666666668,0.6470588235294118,10,10,1.0,0.005945681128650904,0.8571428571428571,RH2
timeseries,1,2026-10-05T11:32:36,nodeC027,3.11.9,unknown,13155604,12614,2012-07-29,1,1,0.8716179728507996,gradient_shap,attribution,14,140,0.45109593079493626,0.99,0.7628788272311303,0.7397058823529411,0.6470588235294118,10,10,0.8666666666666667,0.003087859135121107,1.2142857142857142,RH2
timeseries,1,2026-10-05T11:32:36,nodeC027,3.11.9,unknown,13155604,12614,2012-07-29,1,1,0.8716179728507996,lime,attribution,14,140,0.40121270657838853,0.98,0.6072597276726638,0.875,0.5555555555555556,10,10,1.0,0.011004586704075336,2.2142857142857144,RH2
timeseries,1,2026-10-05T11:32:36,nodeC027,3.11.9,unknown,13155604,12614,2012-07-29,1,1,0.8716179728507996,random,attribution,14,140,0.09815566543938063,0.51,0.3187577220433695,0.0541994301994302,0.0,10,10,0.07692307692307693,1.354701817035675e-05,6.785714285714286,RH2
timeseries,1,2026-10-05T11:32:36,nodeC027,3.11.9,unknown,13155604,12628,2012-08-12,1,1,0.890009343624115,integrated_gradients,attribution,14,140,0.689436954949672,1.0,0.7158901152564124,0.8933333333333333,0.6470588235294118,10,10,1.0,0.07015291787683964,2.0,RH2
timeseries,1,2026-10-05T11:32:36,nodeC027,3.11.9,unknown,13155604,12628,2012-08-12,1,1,0.890009343624115,gradient_shap,attribution,14,140,0.5409886150958373,1.0,0.7732061812490043,0.744967320261438,0.6470588235294118,10,10,0.8666666666666667,0.003089390229433775,0.9285714285714286,RH2
timeseries,1,2026-10-05T11:32:36,nodeC027,3.11.9,unknown,13155604,12628,2012-08-12,1,1,0.890009343624115,lime,attribution,14,140,0.5746161668344733,1.0,0.6680932837910647,1.0,0.5555555555555556,10,10,1.0,0.012848037760704756,2.2142857142857144,RH2
timeseries,1,2026-10-05T11:32:36,nodeC027,3.11.9,unknown,13155604,12628,2012-08-12,1,1,0.890009343624115,random,attribution,14,140,0.0,0.38,0.3397368301731163,0.06157264957264956,0.0,10,10,0.037037037037037035,1.3583805412054062e-05,6.5,MinT
timeseries,1,2026-10-05T11:32:36,nodeC027,3.11.9,unknown,13155604,12629,2012-08-13,1,1,0.8590545058250427,integrated_gradients,attribution,14,140,0.5951725868224643,0.99,0.6952899131609626,0.9866666666666667,0.5555555555555556,10,10,1.0,0.005971534177660942,2.0714285714285716,RH2
timeseries,1,2026-10-05T11:32:36,nodeC027,3.11.9,unknown,13155604,12629,2012-08-13,1,1,0.8590545058250427,gradient_shap,attribution,14,140,0.534707025678952,0.97,0.7406839222507662,0.8966666666666667,0.6470588235294118,10,10,1.0,0.0031020138412714005,1.1428571428571428,RH2
timeseries,1,2026-10-05T11:32:36,nodeC027,3.11.9,unknown,13155604,12629,2012-08-13,1,1,0.8590545058250427,lime,attribution,14,140,0.5774305408837288,0.9,0.665803383610752,1.0,0.75,10,10,1.0,0.012066357769072056,2.7857142857142856,RH2
timeseries,1,2026-10-05T11:32:36,nodeC027,3.11.9,unknown,13155604,12629,2012-08-13,1,1,0.8590545058250427,random,attribution,14,140,0.0,0.37,0.31029720961961615,0.061891737891737894,0.0,10,10,0.07692307692307693,1.4013145118951797e-05,6.214285714285714,MinT
timeseries,1,2026-10-05T11:32:36,nodeC027,3.11.9,unknown,13155604,12683,2012-10-06,1,1,0.5618737936019897,integrated_gradients,attribution,14,140,0.41077402877238406,0.98,0.7636140982252899,0.9866666666666667,0.6470588235294118,10,10,1.0,0.007537337951362133,0.5714285714285714,RH2
timeseries,1,2026-10-05T11:32:36,nodeC027,3.11.9,unknown,13155604,12683,2012-10-06,1,1,0.5618737936019897,gradient_shap,attribution,14,140,0.5175631860980082,0.95,0.7857996490255585,0.7669281045751635,0.6470588235294118,10,10,0.8666666666666667,0.0030716899782419205,0.6428571428571429,RH2
timeseries,1,2026-10-05T11:32:36,nodeC027,3.11.9,unknown,13155604,12683,2012-10-06,1,1,0.5618737936019897,lime,attribution,14,140,0.2559465805451295,0.59,0.7140424775275478,0.9,0.75,10,10,0.75,0.012482906691730022,0.7857142857142857,RH2
timeseries,1,2026-10-05T11:32:36,nodeC027,3.11.9,unknown,13155604,12683,2012-10-06,1,1,0.5618737936019897,random,attribution,14,140,0.0,0.5,0.3389545321592049,0.0421994301994302,0.0,10,10,0.12,1.3560056686401367e-05,7.142857142857143,MinT
timeseries,1,2026-10-05T11:32:36,nodeC027,3.11.9,unknown,13155604,12693,2012-10-16,0,0,0.9612659215927124,integrated_gradients,attribution,14,140,0.38209027836167153,1.0,0.79305147017882,0.9866666666666667,0.6470588235294118,10,10,1.0,0.07034919783473015,1.5,Wind
timeseries,1,2026-10-05T11:32:36,nodeC027,3.11.9,unknown,13155604,12693,2012-10-16,0,0,0.9612659215927124,gradient_shap,attribution,14,140,0.39733108274855083,1.0,0.8546254933895606,0.8113725490196078,0.6470588235294118,10,10,0.8666666666666667,0.0030717668123543262,0.5,MinT
timeseries,1,2026-10-05T11:32:36,nodeC027,3.11.9,unknown,13155604,12693,2012-10-16,0,0,0.9612659215927124,lime,attribution,14,140,0.3925162227379502,1.0,0.7106803529444503,0.9,0.4,10,10,1.0,0.01229259604588151,1.3571428571428572,Wind
timeseries,1,2026-10-05T11:32:36,nodeC027,3.11.9,unknown,13155604,12693,2012-10-16,0,0,0.9612659215927124,random,attribution,14,140,0.016741483605132244,0.64,0.36897328931136064,0.045584045584045586,0.0,10,10,0.0,1.3239216059446335e-05,7.571428571428571,RH1
timeseries,1,2026-10-05T11:32:36,nodeC027,3.11.9,unknown,13155604,12708,2012-10-31,0,0,0.9812247157096863,integrated_gradients,attribution,14,140,0.29189734385139693,1.0,0.758445823282651,0.8683333333333334,0.6470588235294118,10,10,1.0,0.005950900726020336,1.8571428571428572,Wind
timeseries,1,2026-10-05T11:32:36,nodeC027,3.11.9,unknown,13155604,12708,2012-10-31,0,0,0.9812247157096863,gradient_shap,attribution,14,140,0.3582278306466461,1.0,0.8039056388859851,0.7047058823529413,0.4,10,10,0.5555555555555556,0.0030759605579078197,0.8571428571428571,RH2
timeseries,1,2026-10-05T11:32:36,nodeC027,3.11.9,unknown,13155604,12708,2012-10-31,0,0,0.9812247157096863,lime,attribution,14,140,0.22949427413157364,0.99,0.6864298814847551,0.9,0.4,10,10,0.5555555555555556,0.015497487969696522,3.357142857142857,RH2
timeseries,1,2026-10-05T11:32:36,nodeC027,3.11.9,unknown,13155604,12708,2012-10-31,0,0,0.9812247157096863,random,attribution,14,140,0.0,0.67,0.3125274758849522,0.08382905982905982,0.0,10,10,0.0,1.2812204658985138e-05,6.214285714285714,Wind
timeseries,1,2026-10-05T11:32:36,nodeC027,3.11.9,unknown,13155604,12710,2012-11-02,1,1,0.6714084148406982,integrated_gradients,attribution,14,140,0.48246101599699726,0.56,0.7237244910800696,0.8816666666666668,0.6470588235294118,10,10,1.0,0.00597213301807642,2.0714285714285716,Wind
timeseries,1,2026-10-05T11:32:36,nodeC027,3.11.9,unknown,13155604,12710,2012-11-02,1,1,0.6714084148406982,gradient_shap,attribution,14,140,0.5468580383233355,0.69,0.7924369638704256,0.712483660130719,0.47368421052631576,10,10,0.75,0.0030944300815463066,0.5714285714285714,MinT
timeseries,1,2026-10-05T11:32:36,nodeC027,3.11.9,unknown,13155604,12710,2012-11-02,1,1,0.6714084148406982,lime,attribution,14,140,0.6634901224782864,0.65,0.6751245504748014,0.7861111111111111,0.5555555555555556,10,10,1.0,0.015426830854266882,3.0714285714285716,Wind
timeseries,1,2026-10-05T11:32:36,nodeC027,3.11.9,unknown,13155604,12710,2012-11-02,1,1,0.6714084148406982,random,attribution,14,140,0.11490963892857156,0.47,0.36491099814109795,0.0301994301994302,0.0,10,10,0.0,1.2878794223070145e-05,5.142857142857143,MinT
timeseries,1,2026-10-05T11:32:36,nodeC027,3.11.9,unknown,13155604,12711,2012-11-03,1,1,0.921192467212677,integrated_gradients,attribution,14,140,0.707003376567328,1.0,0.8086568943781025,0.96,0.6470588235294118,10,10,1.0,0.005953494925051928,0.2857142857142857,MinT
timeseries,1,2026-10-05T11:32:36,nodeC027,3.11.9,unknown,13155604,12711,2012-11-03,1,1,0.921192467212677,gradient_shap,attribution,14,140,0.6474876650310627,1.0,0.865222361421549,0.8800000000000001,0.75,10,10,0.8666666666666667,0.0031085326336324215,0.42857142857142855,MinT
timeseries,1,2026-10-05T11:32:36,nodeC027,3.11.9,unknown,13155604,12711,2012-11-03,1,1,0.921192467212677,lime,attribution,14,140,0.4969597953289686,1.0,0.6920249429740595,0.875,0.75,10,10,1.0,0.012334675993770361,0.5,MaxT
timeseries,1,2026-10-05T11:32:36,nodeC027,3.11.9,unknown,13155604,12711,2012-11-03,1,1,0.921192467212677,random,attribution,14,140,0.0,0.5,0.3304230922359599,0.05484330484330484,0.0,10,10,0.12,1.3222917914390564e-05,6.428571428571429,MaxT
timeseries,1,2026-10-05T11:32:36,nodeC027,3.11.9,unknown,13155604,12730,2012-11-22,0,0,0.9712565541267395,integrated_gradients,attribution,14,140,0.2034149656265325,1.0,0.7651345144861628,0.9466666666666667,0.6470588235294118,10,10,1.0,0.005975963082164526,0.6428571428571429,MinT
timeseries,1,2026-10-05T11:32:36,nodeC027,3.11.9,unknown,13155604,12730,2012-11-22,0,0,0.9712565541267395,gradient_shap,attribution,14,140,0.18848533790864808,1.0,0.8011760965419327,0.7218627450980393,0.5555555555555556,10,10,0.75,0.003097205888479948,1.0714285714285714,MinT
timeseries,1,2026-10-05T11:32:36,nodeC027,3.11.9,unknown,13155604,12730,2012-11-22,0,0,0.9712565541267395,lime,attribution,14,140,0.1412047059152754,0.97,0.6119094083090026,0.6972222222222222,0.4,10,10,0.5555555555555556,0.01999743701890111,1.9285714285714286,Wind
timeseries,1,2026-10-05T11:32:36,nodeC027,3.11.9,unknown,13155604,12730,2012-11-22,0,0,0.9712565541267395,random,attribution,14,140,0.0,0.45,0.35817940317273034,0.034507122507122505,0.0,10,10,0.07692307692307693,1.4238059520721436e-05,7.785714285714286,RH2
timeseries,1,2026-10-05T11:32:36,nodeC027,3.11.9,unknown,13155604,12733,2012-11-25,0,0,0.6809937953948975,integrated_gradients,attribution,14,140,0.03828105990452667,0.58,0.7244789573993734,0.9066666666666666,0.6470588235294118,10,10,1.0,0.07009608717635274,0.42857142857142855,Evap
timeseries,1,2026-10-05T11:32:36,nodeC027,3.11.9,unknown,13155604,12733,2012-11-25,0,0,0.6809937953948975,gradient_shap,attribution,14,140,0.0875113564950399,0.6,0.729940655811574,0.7410784313725489,0.6470588235294118,10,10,0.8666666666666667,0.0030957753770053387,0.5714285714285714,Evap
timeseries,1,2026-10-05T11:32:36,nodeC027,3.11.9,unknown,13155604,12733,2012-11-25,0,0,0.6809937953948975,lime,attribution,14,140,0.0,0.43,0.6052567148360368,0.825,0.16666666666666666,10,10,1.0,0.015412345062941313,0.7857142857142857,Wind
timeseries,1,2026-10-05T11:32:36,nodeC027,3.11.9,unknown,13155604,12733,2012-11-25,0,0,0.6809937953948975,random,attribution,14,140,0.02977125962129262,0.68,0.34187293673112795,0.0459031339031339,0.0,10,10,0.037037037037037035,1.2674834579229355e-05,6.357142857142857,SSH
timeseries,1,2026-10-05T11:32:36,nodeC027,3.11.9,unknown,13155604,12755,2012-12-17,0,0,0.9834843277931213,integrated_gradients,attribution,14,140,0.2728814423208449,1.0,0.803756485161239,0.8950000000000001,0.6470588235294118,10,10,1.0,0.005977627821266651,0.35714285714285715,MinT
timeseries,1,2026-10-05T11:32:36,nodeC027,3.11.9,unknown,13155604,12755,2012-12-17,0,0,0.9834843277931213,gradient_shap,attribution,14,140,0.17640710566565873,1.0,0.7890163961635506,0.821372549019608,0.5555555555555556,10,10,0.8666666666666667,0.003088506869971752,0.5,MinT
timeseries,1,2026-10-05T11:32:36,nodeC027,3.11.9,unknown,13155604,12755,2012-12-17,0,0,0.9834843277931213,lime,attribution,14,140,0.20207732921360796,1.0,0.6957235808248726,0.9,0.5555555555555556,10,10,0.5555555555555556,0.011004928965121508,0.5,MinT
timeseries,1,2026-10-05T11:32:36,nodeC027,3.11.9,unknown,13155604,12755,2012-12-17,0,0,0.9834843277931213,random,attribution,14,140,0.00045126919916807924,0.65,0.36776890300065934,0.05359544159544159,0.0,10,10,0.07692307692307693,1.3598240911960602e-05,8.142857142857142,RH2
timeseries,1,2026-10-05T11:32:36,nodeC027,3.11.9,unknown,13155604,12757,2012-12-19,0,0,0.9886903762817383,integrated_gradients,attribution,14,140,0.2801598700513255,1.0,0.8270428491765911,1.0,0.6470588235294118,10,10,1.0,0.006999104283750057,0.35714285714285715,MinT
timeseries,1,2026-10-05T11:32:36,nodeC027,3.11.9,unknown,13155604,12757,2012-12-19,0,0,0.9886903762817383,gradient_shap,attribution,14,140,0.22954697376429634,1.0,0.8434096059357108,0.7101960784313726,0.5555555555555556,10,10,0.8666666666666667,0.0034471689723432064,0.6428571428571429,MinT
timeseries,1,2026-10-05T11:32:36,nodeC027,3.11.9,unknown,13155604,12757,2012-12-19,0,0,0.9886903762817383,lime,attribution,14,140,0.26411269902972556,1.0,0.6875870823295525,0.925,0.4,10,10,0.5555555555555556,0.012276133056730032,1.0714285714285714,Wind
timeseries,1,2026-10-05T11:32:36,nodeC027,3.11.9,unknown,13155604,12757,2012-12-19,0,0,0.9886903762817383,random,attribution,14,140,0.0,0.53,0.31634428350270005,0.07122507122507123,0.0,10,10,0.12,2.7306843549013138e-05,7.428571428571429,SSH
timeseries,1,2026-10-05T11:32:36,nodeC027,3.11.9,unknown,13155604,12763,2012-12-25,0,0,0.9815739989280701,integrated_gradients,attribution,14,140,0.2598492513911307,1.0,0.8247342504726931,0.9866666666666667,0.75,10,10,1.0,0.007023375015705824,0.5714285714285714,MinT
timeseries,1,2026-10-05T11:32:36,nodeC027,3.11.9,unknown,13155604,12763,2012-12-25,0,0,0.9815739989280701,gradient_shap,attribution,14,140,0.17256967251614472,1.0,0.8239657858627022,0.7966666666666666,0.6470588235294118,10,10,0.8666666666666667,0.0034752697683870792,0.5714285714285714,MinT
timeseries,1,2026-10-05T11:32:36,nodeC027,3.11.9,unknown,13155604,12763,2012-12-25,0,0,0.9815739989280701,lime,attribution,14,140,0.20409113898469883,0.99,0.6955304576222688,0.7305555555555555,0.5555555555555556,10,10,0.75,0.011194377206265926,1.0714285714285714,Wind
timeseries,1,2026-10-05T11:32:36,nodeC027,3.11.9,unknown,13155604,12763,2012-12-25,0,0,0.9815739989280701,random,attribution,14,140,0.4453414997584114,0.98,0.3555801752998169,0.06994301994301995,0.0,10,10,0.16666666666666666,1.382315531373024e-05,4.285714285714286,MaxT
timeseries,1,2026-10-05T11:32:36,nodeC027,3.11.9,unknown,13155604,12771,2013-01-02,0,0,0.6922407150268555,integrated_gradients,attribution,14,140,0.047476242204150344,0.42,0.7717526526130651,0.9349999999999999,0.6470588235294118,10,10,1.0,0.0059464420191943645,0.8571428571428571,Evap
timeseries,1,2026-10-05T11:32:36,nodeC027,3.11.9,unknown,13155604,12771,2013-01-02,0,0,0.6922407150268555,gradient_shap,attribution,14,140,0.0,0.12,0.7741833917514592,0.8450000000000001,0.75,10,10,0.75,0.00308354664593935,0.7857142857142857,Evap
timeseries,1,2026-10-05T11:32:36,nodeC027,3.11.9,unknown,13155604,12771,2013-01-02,0,0,0.6922407150268555,lime,attribution,14,140,0.06512901123759587,0.49,0.7076612619966345,1.0,0.5555555555555556,10,10,1.0,0.012264521792531013,1.0714285714285714,MinT
timeseries,1,2026-10-05T11:32:36,nodeC027,3.11.9,unknown,13155604,12771,2013-01-02,0,0,0.6922407150268555,random,attribution,14,140,0.0,0.57,0.3552746179451778,0.042484330484330486,0.0,10,10,0.16666666666666666,1.413607969880104e-05,7.642857142857143,MaxT
timeseries,1,2026-10-05T11:32:36,nodeC027,3.11.9,unknown,13155604,12803,2013-02-03,0,0,0.9823724627494812,integrated_gradients,attribution,14,140,0.2764679132177187,1.0,0.820439264532638,0.9866666666666667,0.6470588235294118,10,10,1.0,0.006000544875860214,0.5,FAO56_ET
timeseries,1,2026-10-05T11:32:36,nodeC027,3.11.9,unknown,13155604,12803,2013-02-03,0,0,0.9823724627494812,gradient_shap,attribution,14,140,0.20814271780893398,1.0,0.8340032706258514,0.9216666666666666,0.6470588235294118,10,10,1.0,0.003085548058152199,0.5714285714285714,MinT
timeseries,1,2026-10-05T11:32:36,nodeC027,3.11.9,unknown,13155604,12803,2013-02-03,0,0,0.9823724627494812,lime,attribution,14,140,0.22569988426399942,1.0,0.735106222595211,0.825,0.4,10,10,0.75,0.011836191639304161,0.7857142857142857,MinT
timeseries,1,2026-10-05T11:32:36,nodeC027,3.11.9,unknown,13155604,12803,2013-02-03,0,0,0.9823724627494812,random,attribution,14,140,0.0,0.61,0.3232584741146576,0.05299145299145299,0.0,10,10,0.12,1.329183578491211e-05,5.714285714285714,RH1
timeseries,1,2026-10-05T11:32:36,nodeC027,3.11.9,unknown,13155604,12817,2013-02-17,1,1,0.5471051335334778,integrated_gradients,attribution,14,140,0.48456421961626994,0.73,0.7722674218452692,1.0,0.5555555555555556,10,10,1.0,0.005970877129584551,0.5714285714285714,RH1
timeseries,1,2026-10-05T11:32:36,nodeC027,3.11.9,unknown,13155604,12817,2013-02-17,1,1,0.5471051335334778,gradient_shap,attribution,14,140,0.5166467096660047,0.88,0.7151817654229885,0.6827450980392158,0.5555555555555556,10,10,0.6470588235294118,0.003091617953032255,0.6428571428571429,RH1
timeseries,1,2026-10-05T11:32:36,nodeC027,3.11.9,unknown,13155604,12817,2013-02-17,1,1,0.5471051335334778,lime,attribution,14,140,0.4465818947170255,0.67,0.7380862120460832,0.9,0.5555555555555556,10,10,1.0,0.011547805741429329,0.5,MinT
timeseries,1,2026-10-05T11:32:36,nodeC027,3.11.9,unknown,13155604,12817,2013-02-17,1,1,0.5471051335334778,random,attribution,14,140,0.0484402217651111,0.34,0.3402519119020828,0.04989173789173789,0.0,10,10,0.16666666666666666,1.3056211173534393e-05,5.642857142857143,RH1
timeseries,1,2026-10-05T11:32:36,nodeC027,3.11.9,unknown,13155604,12850,2013-03-22,0,0,0.7875514030456543,integrated_gradients,attribution,14,140,0.4220083448624528,1.0,0.7685216632311184,0.8816666666666668,0.6470588235294118,10,10,1.0,0.005966302938759327,0.5,RH2
timeseries,1,2026-10-05T11:32:36,nodeC027,3.11.9,unknown,13155604,12850,2013-03-22,0,0,0.7875514030456543,gradient_shap,attribution,14,140,0.44767538136914475,0.86,0.7229805900919151,0.5595889232886138,0.4,10,10,0.8666666666666667,0.003086383920162916,1.0714285714285714,RH2
timeseries,1,2026-10-05T11:32:36,nodeC027,3.11.9,unknown,13155604,12850,2013-03-22,0,0,0.7875514030456543,lime,attribution,14,140,0.44392984291133225,0.98,0.7358812948320608,0.975,0.5555555555555556,10,10,1.0,0.019111542031168938,0.7857142857142857,RH2
timeseries,1,2026-10-05T11:32:36,nodeC027,3.11.9,unknown,13155604,12850,2013-03-22,0,0,0.7875514030456543,random,attribution,14,140,0.0,0.61,0.3533149653249952,0.08382905982905983,0.0,10,10,0.07692307692307693,1.2953300029039383e-05,7.214285714285714,Wind
timeseries,1,2026-10-05T11:32:36,nodeC027,3.11.9,unknown,13155604,12876,2013-04-17,0,0,0.7702564001083374,integrated_gradients,attribution,14,140,0.3441523860463842,1.0,0.7949797122619049,0.9349999999999999,0.6470588235294118,10,10,1.0,0.00599136995151639,0.5,MinT
timeseries,1,2026-10-05T11:32:36,nodeC027,3.11.9,unknown,13155604,12876,2013-04-17,0,0,0.7702564001083374,gradient_shap,attribution,14,140,0.3990827267677689,0.85,0.8003821058523009,0.7218627450980393,0.5555555555555556,10,10,0.75,0.003086258191615343,0.6428571428571429,RH2
timeseries,1,2026-10-05T11:32:36,nodeC027,3.11.9,unknown,13155604,12876,2013-04-17,0,0,0.7702564001083374,lime,attribution,14,140,0.18291830582914267,0.88,0.7312987942504048,0.836111111111111,0.4,10,10,0.75,0.011870346963405609,0.7857142857142857,MaxT
timeseries,1,2026-10-05T11:32:36,nodeC027,3.11.9,unknown,13155604,12876,2013-04-17,0,0,0.7702564001083374,random,attribution,14,140,0.0918878152790604,0.67,0.34068708414286886,0.07823931623931624,0.0,10,10,0.0,1.4597084373235703e-05,6.285714285714286,Evap
timeseries,1,2026-10-05T11:32:36,nodeC027,3.11.9,unknown,13155604,12893,2013-05-04,0,0,0.7165446281433105,integrated_gradients,attribution,14,140,0.3069858115675553,0.94,0.8682768261448118,0.9466666666666667,0.75,10,10,1.0,0.005962266121059656,0.42857142857142855,MinT
timeseries,1,2026-10-05T11:32:36,nodeC027,3.11.9,unknown,13155604,12893,2013-05-04,0,0,0.7165446281433105,gradient_shap,attribution,14,140,0.21872693739215268,0.92,0.849744966523329,0.7966666666666666,0.6470588235294118,10,10,0.8666666666666667,0.0030772602185606956,0.6428571428571429,RH2
timeseries,1,2026-10-05T11:32:36,nodeC027,3.11.9,unknown,13155604,12893,2013-05-04,0,0,0.7165446281433105,lime,attribution,14,140,0.2533873127291288,0.92,0.8024035483918693,1.0,0.75,10,10,1.0,0.0110713429749012,1.0714285714285714,MinT
timeseries,1,2026-10-05T11:32:36,nodeC027,3.11.9,unknown,13155604,12893,2013-05-04,0,0,0.7165446281433105,random,attribution,14,140,0.2042068525849752,0.65,0.3028981023754165,0.0459031339031339,0.0,10,10,0.037037037037037035,1.3945158571004868e-05,4.571428571428571,MinT
timeseries,1,2026-10-05T11:32:36,nodeC027,3.11.9,unknown,13155604,12901,2013-05-12,0,0,0.803003191947937,integrated_gradients,attribution,14,140,0.2862674264954434,1.0,0.8447300154678026,0.9200000000000002,0.6470588235294118,10,10,1.0,0.005955174099653959,0.42857142857142855,MinT
timeseries,1,2026-10-05T11:32:36,nodeC027,3.11.9,unknown,13155604,12901,2013-05-12,0,0,0.803003191947937,gradient_shap,attribution,14,140,0.24571772391624266,0.99,0.8091048938550026,0.7733333333333333,0.5555555555555556,10,10,0.75,0.0030761612579226494,0.5714285714285714,RH2
timeseries,1,2026-10-05T11:32:36,nodeC027,3.11.9,unknown,13155604,12901,2013-05-12,0,0,0.803003191947937,lime,attribution,14,140,0.18398210591057498,0.95,0.7675092000054942,0.975,0.75,10,10,1.0,0.011007511988282204,0.5,MaxT
timeseries,1,2026-10-05T11:32:36,nodeC027,3.11.9,unknown,13155604,12901,2013-05-12,0,0,0.803003191947937,random,attribution,14,140,0.11492442413457443,0.74,0.363835913757123,0.030518518518518518,0.0,10,10,0.0,1.3972166925668716e-05,8.642857142857142,RH2
timeseries,1,2026-10-05T11:32:36,nodeC027,3.11.9,unknown,13155604,12923,2013-06-03,1,1,0.6757089495658875,integrated_gradients,attribution,14,140,0.21025652153739677,1.0,0.7880754416851268,0.8566666666666668,0.5555555555555556,10,10,1.0,0.007013209629803896,0.9285714285714286,MinT
timeseries,1,2026-10-05T11:32:36,nodeC027,3.11.9,unknown,13155604,12923,2013-06-03,1,1,0.6757089495658875,gradient_shap,attribution,14,140,0.2880319293920512,0.97,0.7860038097384353,0.6999019607843138,0.5555555555555556,10,10,0.75,0.0034463191404938698,1.0714285714285714,MinT
timeseries,1,2026-10-05T11:32:36,nodeC027,3.11.9,unknown,13155604,12923,2013-06-03,1,1,0.6757089495658875,lime,attribution,14,140,0.10808648937407037,0.67,0.7373064798107418,0.925,0.5555555555555556,10,10,1.0,0.011267045047134161,1.3571428571428572,MinT
timeseries,1,2026-10-05T11:32:36,nodeC027,3.11.9,unknown,13155604,12923,2013-06-03,1,1,0.6757089495658875,random,attribution,14,140,0.0,0.43,0.3134128704634549,0.08553846153846154,0.0,10,10,0.037037037037037035,1.326901838183403e-05,6.357142857142857,RH2
timeseries,1,2026-10-05T11:32:36,nodeC027,3.11.9,unknown,13155604,12935,2013-06-15,1,1,0.8541966080665588,integrated_gradients,attribution,14,140,0.4123352937166253,1.0,0.8414932966084383,0.9199999999999999,0.6470588235294118,10,10,1.0,0.006111786235123873,0.42857142857142855,MinT
timeseries,1,2026-10-05T11:32:36,nodeC027,3.11.9,unknown,13155604,12935,2013-06-15,1,1,0.8541966080665588,gradient_shap,attribution,14,140,0.4506161485407794,1.0,0.8086573119080226,0.8316666666666667,0.6470588235294118,10,10,1.0,0.003105397801846266,0.42857142857142855,RH2
timeseries,1,2026-10-05T11:32:36,nodeC027,3.11.9,unknown,13155604,12935,2013-06-15,1,1,0.8541966080665588,lime,attribution,14,140,0.32772643662103823,1.0,0.7579148831020175,1.0,0.75,10,10,1.0,0.011933150701224804,0.5,MaxT
timeseries,1,2026-10-05T11:32:36,nodeC027,3.11.9,unknown,13155604,12935,2013-06-15,1,1,0.8541966080665588,random,attribution,14,140,0.0,0.39,0.3195133217242312,0.038495726495726496,0.0,10,10,0.0,1.348322257399559e-05,6.785714285714286,RH2
timeseries,1,2026-10-05T11:32:36,nodeC027,3.11.9,unknown,13155604,12956,2013-07-06,1,1,0.806129515171051,integrated_gradients,attribution,14,140,0.4454543196036203,0.77,0.7519890228781223,0.8816666666666668,0.5555555555555556,10,10,1.0,0.007024080026894808,0.5,RH2
timeseries,1,2026-10-05T11:32:36,nodeC027,3.11.9,unknown,13155604,12956,2013-07-06,1,1,0.806129515171051,gradient_shap,attribution,14,140,0.46025752019892036,0.91,0.7267124286701502,0.7307843137254901,0.5555555555555556,10,10,0.6470588235294118,0.0034563071094453335,0.9285714285714286,RH2
timeseries,1,2026-10-05T11:32:36,nodeC027,3.11.9,unknown,13155604,12956,2013-07-06,1,1,0.806129515171051,lime,attribution,14,140,0.43189196818924674,0.86,0.710025097563502,0.825,0.5555555555555556,10,10,1.0,0.011954180896282196,0.7857142857142857,RH2
timeseries,1,2026-10-05T11:32:36,nodeC027,3.11.9,unknown,13155604,12956,2013-07-06,1,1,0.806129515171051,random,attribution,14,140,0.003825397096507559,0.48,0.2808854170163606,0.07561947231512449,0.037037037037037035,10,10,0.037037037037037035,1.360895112156868e-05,6.785714285714286,FAO56_ET
timeseries,1,2026-10-05T11:32:36,nodeC027,3.11.9,unknown,13155604,12960,2013-07-10,1,1,0.8623594045639038,integrated_gradients,attribution,14,140,0.5485480360437075,0.99,0.7998690411068411,0.8933333333333333,0.6470588235294118,10,10,1.0,0.005935159046202898,1.0,RH2
timeseries,1,2026-10-05T11:32:36,nodeC027,3.11.9,unknown,13155604,12960,2013-07-10,1,1,0.8623594045639038,gradient_shap,attribution,14,140,0.47150678843432986,1.0,0.798401054685582,0.8316666666666668,0.6470588235294118,10,10,1.0,0.0030864723958075047,0.5714285714285714,RH2
timeseries,1,2026-10-05T11:32:36,nodeC027,3.11.9,unknown,13155604,12960,2013-07-10,1,1,0.8623594045639038,lime,attribution,14,140,0.4932105634576745,1.0,0.7420975242981838,0.925,0.4,10,10,1.0,0.011617750395089388,1.3571428571428572,RH2
timeseries,1,2026-10-05T11:32:36,nodeC027,3.11.9,unknown,13155604,12960,2013-07-10,1,1,0.8623594045639038,random,attribution,14,140,0.0009522400831076051,0.45,0.2870959698237425,0.037891737891737894,0.037037037037037035,10,10,0.037037037037037035,1.2388918548822403e-05,6.428571428571429,MaxT
timeseries,1,2026-10-05T11:32:36,nodeC027,3.11.9,unknown,13155604,12988,2013-08-07,1,1,0.9435309171676636,integrated_gradients,attribution,14,140,0.6208433044919899,1.0,0.7482030161359874,0.9200000000000002,0.75,10,10,1.0,0.00597815727815032,0.9285714285714286,RH2
timeseries,1,2026-10-05T11:32:36,nodeC027,3.11.9,unknown,13155604,12988,2013-08-07,1,1,0.9435309171676636,gradient_shap,attribution,14,140,0.6379799153774439,1.0,0.7945999926393336,0.9200000000000002,0.75,10,10,0.75,0.0030864309519529343,0.8571428571428571,RH2
timeseries,1,2026-10-05T11:32:36,nodeC027,3.11.9,unknown,13155604,12988,2013-08-07,1,1,0.9435309171676636,lime,attribution,14,140,0.4300568256547673,0.98,0.649788687333037,0.875,0.5555555555555556,10,10,1.0,0.019999356009066105,1.3571428571428572,RH2
timeseries,1,2026-10-05T11:32:36,nodeC027,3.11.9,unknown,13155604,12988,2013-08-07,1,1,0.9435309171676636,random,attribution,14,140,0.03425250138630744,0.91,0.3254079074651841,0.06256980056980058,0.0,10,10,0.0,1.326901838183403e-05,5.571428571428571,Wind
timeseries,1,2026-10-05T11:32:36,nodeC027,3.11.9,unknown,13155604,12992,2013-08-11,1,1,0.7409601211547852,integrated_gradients,attribution,14,140,0.6599643897378606,0.92,0.6231183879333314,0.8950000000000001,0.5555555555555556,10,10,1.0,0.0731246150098741,3.142857142857143,RH2
timeseries,1,2026-10-05T11:32:36,nodeC027,3.11.9,unknown,13155604,12992,2013-08-11,1,1,0.7409601211547852,gradient_shap,attribution,14,140,0.6170135934863499,0.98,0.6539895396342414,0.5419263845889233,0.3333333333333333,10,10,0.6470588235294118,0.003465790767222643,1.4285714285714286,RH2
timeseries,1,2026-10-05T11:32:36,nodeC027,3.11.9,unknown,13155604,12992,2013-08-11,1,1,0.7409601211547852,lime,attribution,14,140,0.5239788072766306,0.57,0.6188808120336159,0.875,0.4,10,10,1.0,0.011718650814145803,4.5,RH2
timeseries,1,2026-10-05T11:32:36,nodeC027,3.11.9,unknown,13155604,12992,2013-08-11,1,1,0.7409601211547852,random,attribution,14,140,0.1486203155145807,0.33,0.3482426961799254,0.08322507122507122,0.037037037037037035,10,10,0.0,1.42659991979599e-05,6.142857142857143,Radiation
timeseries,1,2026-10-05T11:32:36,nodeC027,3.11.9,unknown,13155604,12998,2013-08-17,1,1,0.9552130103111267,integrated_gradients,attribution,14,140,0.6496062446746078,1.0,0.7949702627077336,0.9466666666666667,0.8666666666666667,10,10,1.0,0.06917234417051077,0.5,RH2
timeseries,1,2026-10-05T11:32:36,nodeC027,3.11.9,unknown,13155604,12998,2013-08-17,1,1,0.9552130103111267,gradient_shap,attribution,14,140,0.6567957698251228,1.0,0.8273123677373735,0.8683333333333334,0.75,10,10,1.0,0.0031137410551309586,0.5714285714285714,RH2
timeseries,1,2026-10-05T11:32:36,nodeC027,3.11.9,unknown,13155604,12998,2013-08-17,1,1,0.9552130103111267,lime,attribution,14,140,0.43864839323304305,1.0,0.6750290883787883,0.875,0.5555555555555556,10,10,1.0,0.012096480932086706,0.7857142857142857,RH2
timeseries,1,2026-10-05T11:32:36,nodeC027,3.11.9,unknown,13155604,12998,2013-08-17,1,1,0.9552130103111267,random,attribution,14,140,0.011106517827642463,0.61,0.33255714096944766,0.030518518518518518,0.0,10,10,0.07692307692307693,1.2584030628204346e-05,6.571428571428571,MinT
timeseries,1,2026-10-05T11:32:36,nodeC027,3.11.9,unknown,13155604,13007,2013-08-26,1,1,0.7353604435920715,integrated_gradients,attribution,14,140,0.6769745060122956,0.97,0.6706887462540629,0.9333333333333333,0.75,10,10,1.0,0.07134408503770828,3.0714285714285716,RH2
timeseries,1,2026-10-05T11:32:36,nodeC027,3.11.9,unknown,13155604,13007,2013-08-26,1,1,0.7353604435920715,gradient_shap,attribution,14,140,0.47936440879573256,0.94,0.6955541984543845,0.6965187478500171,0.47368421052631576,10,10,0.8666666666666667,0.003462362103164196,1.3571428571428572,RH2
timeseries,1,2026-10-05T11:32:36,nodeC027,3.11.9,unknown,13155604,13007,2013-08-26,1,1,0.7353604435920715,lime,attribution,14,140,0.7358019594399131,0.9,0.6196994378524199,0.975,0.5555555555555556,10,10,1.0,0.012607868760824203,3.357142857142857,RH2
timeseries,1,2026-10-05T11:32:36,nodeC027,3.11.9,unknown,13155604,13007,2013-08-26,1,1,0.7353604435920715,random,attribution,14,140,0.0,0.41,0.3198603615617778,0.07050712250712252,0.0,10,10,0.037037037037037035,1.3907905668020248e-05,6.5,Radiation
timeseries,1,2026-10-05T11:32:36,nodeC027,3.11.9,unknown,13155604,13067,2013-10-25,1,1,0.9411436319351196,integrated_gradients,attribution,14,140,0.5262067781861294,1.0,0.8463361293798333,0.96,0.8666666666666667,10,10,1.0,0.007041908800601959,0.35714285714285715,MinT
timeseries,1,2026-10-05T11:32:36,nodeC027,3.11.9,unknown,13155604,13067,2013-10-25,1,1,0.9411436319351196,gradient_shap,attribution,14,140,0.6544747010247774,1.0,0.8464130286915951,0.9616666666666667,0.8666666666666667,10,10,1.0,0.0034688529558479786,0.2857142857142857,MinT
timeseries,1,2026-10-05T11:32:36,nodeC027,3.11.9,unknown,13155604,13067,2013-10-25,1,1,0.9411436319351196,lime,attribution,14,140,0.39541139611279963,0.98,0.6921635767901786,1.0,0.75,10,10,1.0,0.011928868014365435,0.5,MaxT
timeseries,1,2026-10-05T11:32:36,nodeC027,3.11.9,unknown,13155604,13067,2013-10-25,1,1,0.9411436319351196,random,attribution,14,140,0.0,0.32,0.36147901934494175,0.061891737891737894,0.037037037037037035,10,10,0.037037037037037035,1.3006851077079773e-05,6.142857142857143,RH1
timeseries,1,2026-10-05T11:32:36,nodeC027,3.11.9,unknown,13155604,13084,2013-11-11,0,0,0.8188682794570923,integrated_gradients,attribution,14,140,0.42054005108335585,0.99,0.7538743560451162,0.9866666666666667,0.75,10,10,1.0,0.0748093780130148,0.5,Evap
timeseries,1,2026-10-05T11:32:36,nodeC027,3.11.9,unknown,13155604,13084,2013-11-11,0,0,0.8188682794570923,gradient_shap,attribution,14,140,0.3381844809376394,0.98,0.79729218482341,0.8316666666666668,0.6470588235294118,10,10,0.75,0.003204727079719305,0.35714285714285715,MinT
timeseries,1,2026-10-05T11:32:36,nodeC027,3.11.9,unknown,13155604,13084,2013-11-11,0,0,0.8188682794570923,lime,attribution,14,140,0.2062247740445891,0.87,0.6568286092901126,0.825,0.4,10,10,0.75,0.01096399687230587,1.6428571428571428,Wind
timeseries,1,2026-10-05T11:32:36,nodeC027,3.11.9,unknown,13155604,13084,2013-11-11,0,0,0.8188682794570923,random,attribution,14,140,0.0,0.65,0.3108995992947978,0.037606837606837605,0.0,10,10,0.07692307692307693,1.3309996575117111e-05,7.571428571428571,RH2
timeseries,1,2026-10-05T11:32:36,nodeC027,3.11.9,unknown,13155604,13085,2013-11-12,0,0,0.9637503027915955,integrated_gradients,attribution,14,140,0.46678267432830145,0.98,0.7565528914839007,0.9083333333333334,0.6470588235294118,10,10,1.0,0.005954556167125702,1.0,Wind
timeseries,1,2026-10-05T11:32:36,nodeC027,3.11.9,unknown,13155604,13085,2013-11-12,0,0,0.9637503027915955,gradient_shap,attribution,14,140,0.40887412845048937,0.96,0.8273321915827372,0.7863725490196078,0.6470588235294118,10,10,0.75,0.003356737084686756,0.7142857142857143,MinT
timeseries,1,2026-10-05T11:32:36,nodeC027,3.11.9,unknown,13155604,13085,2013-11-12,0,0,0.9637503027915955,lime,attribution,14,140,0.33885973613658243,0.95,0.6605730700615254,0.875,0.5555555555555556,10,10,0.75,0.012703992892056704,1.6428571428571428,Wind
timeseries,1,2026-10-05T11:32:36,nodeC027,3.11.9,unknown,13155604,13085,2013-11-12,0,0,0.9637503027915955,random,attribution,14,140,0.007240191707031342,0.63,0.30931217899883,0.0301994301994302,0.0,10,10,0.16666666666666666,1.264084130525589e-05,7.642857142857143,RH1
timeseries,1,2026-10-05T11:32:36,nodeC027,3.11.9,unknown,13155604,13109,2013-12-06,0,0,0.9783143401145935,integrated_gradients,attribution,14,140,0.1888274641114685,0.99,0.7168042997029471,0.8583333333333334,0.6470588235294118,10,10,1.0,0.005983129143714905,1.5714285714285714,RH2
timeseries,1,2026-10-05T11:32:36,nodeC027,3.11.9,unknown,13155604,13109,2013-12-06,0,0,0.9783143401145935,gradient_shap,attribution,14,140,0.20791803473151893,1.0,0.7472889846523504,0.7702614379084968,0.47368421052631576,10,10,0.5555555555555556,0.003505013883113861,0.7142857142857143,MinT
timeseries,1,2026-10-05T11:32:36,nodeC027,3.11.9,unknown,13155604,13109,2013-12-06,0,0,0.9783143401145935,lime,attribution,14,140,0.15354097151527066,0.93,0.6183675497779962,1.0,0.5555555555555556,10,10,1.0,0.015512512065470219,2.7857142857142856,RH2
timeseries,1,2026-10-05T11:32:36,nodeC027,3.11.9,unknown,13155604,13109,2013-12-06,0,0,0.9783143401145935,random,attribution,14,140,0.009492188421027684,0.62,0.287399799808285,0.05698005698005698,0.0,10,10,0.07692307692307693,1.198379322886467e-05,6.642857142857143,FAO56_ET
timeseries,1,2026-10-05T11:32:36,nodeC027,3.11.9,unknown,13155604,13127,2013-12-24,0,0,0.9806964993476868,integrated_gradients,attribution,14,140,0.3441528680135002,0.99,0.793462546607822,0.8816666666666668,0.6470588235294118,10,10,1.0,0.007009400986135006,0.6428571428571429,MinT
timeseries,1,2026-10-05T11:32:36,nodeC027,3.11.9,unknown,13155604,13127,2013-12-24,0,0,0.9806964993476868,gradient_shap,attribution,14,140,0.46345928068053227,0.99,0.8118376796443227,0.622858617131063,0.4,10,10,0.5555555555555556,0.0036575840786099434,1.0,MinT
timeseries,1,2026-10-05T11:32:36,nodeC027,3.11.9,unknown,13155604,13127,2013-12-24,0,0,0.9806964993476868,lime,attribution,14,140,0.26693367195521256,0.88,0.710086760500069,0.925,0.5555555555555556,10,10,1.0,0.011357180774211884,1.0714285714285714,MinT
timeseries,1,2026-10-05T11:32:36,nodeC027,3.11.9,unknown,13155604,13127,2013-12-24,0,0,0.9806964993476868,random,attribution,14,140,0.0014139971557172192,0.57,0.3219107092867064,0.034507122507122505,0.037037037037037035,10,10,0.07692307692307693,1.3875775039196014e-05,6.714285714285714,FAO56_ET
timeseries,1,2026-10-05T11:32:36,nodeC027,3.11.9,unknown,13155604,13134,2013-12-31,0,0,0.9295335412025452,integrated_gradients,attribution,14,140,0.21100289612333709,0.98,0.7959285417975267,0.9466666666666667,0.75,10,10,1.0,0.005987256299704313,0.5714285714285714,MinT
timeseries,1,2026-10-05T11:32:36,nodeC027,3.11.9,unknown,13155604,13134,2013-12-31,0,0,0.9295335412025452,gradient_shap,attribution,14,140,0.10582068530364089,0.92,0.8244239076395014,0.7657843137254903,0.6470588235294118,10,10,0.6470588235294118,0.0031021698378026485,0.5714285714285714,MinT
timeseries,1,2026-10-05T11:32:36,nodeC027,3.11.9,unknown,13155604,13134,2013-12-31,0,0,0.9295335412025452,lime,attribution,14,140,0.14981104502505133,0.96,0.687006465670001,0.8305555555555555,0.4,10,10,0.75,0.011149304918944836,0.7857142857142857,MaxT
timeseries,1,2026-10-05T11:32:36,nodeC027,3.11.9,unknown,13155604,13134,2013-12-31,0,0,0.9295335412025452,random,attribution,14,140,0.0,0.55,0.3534281948995669,0.0639385606342128,0.0,10,10,0.037037037037037035,1.4219898730516434e-05,6.428571428571429,MinT
timeseries,1,2026-10-05T11:32:36,nodeC027,3.11.9,unknown,13155604,13141,2014-01-07,0,0,0.9621796011924744,integrated_gradients,attribution,14,140,0.19167995182960465,0.99,0.787782895513472,0.9466666666666667,0.6470588235294118,10,10,1.0,0.0060067446902394295,0.7142857142857143,MinT
timeseries,1,2026-10-05T11:32:36,nodeC027,3.11.9,unknown,13155604,13141,2014-01-07,0,0,0.9621796011924744,gradient_shap,attribution,14,140,0.1268713185747485,0.98,0.7762014983888516,0.8700000000000001,0.6470588235294118,10,10,0.8666666666666667,0.0032424097880721092,0.5714285714285714,MinT
timeseries,1,2026-10-05T11:32:36,nodeC027,3.11.9,unknown,13155604,13141,2014-01-07,0,0,0.9621796011924744,lime,attribution,14,140,0.12807260497705,0.92,0.7026438783793715,0.7805555555555556,0.5555555555555556,10,10,0.75,0.01216082414612174,0.7857142857142857,MinT
timeseries,1,2026-10-05T11:32:36,nodeC027,3.11.9,unknown,13155604,13141,2014-01-07,0,0,0.9621796011924744,random,attribution,14,140,0.005979856523337646,0.55,0.34941447657495717,0.05484330484330484,0.0,10,10,0.0,1.3299286365509033e-05,6.642857142857143,Wind
timeseries,1,2026-10-05T11:32:36,nodeC027,3.11.9,unknown,13155604,13159,2014-01-25,0,0,0.8789349794387817,integrated_gradients,attribution,14,140,0.18541345423143585,0.97,0.818863532531493,0.9466666666666667,0.75,10,10,1.0,0.006006012670695782,0.42857142857142855,Evap
timeseries,1,2026-10-05T11:32:36,nodeC027,3.11.9,unknown,13155604,13159,2014-01-25,0,0,0.8789349794387817,gradient_shap,attribution,14,140,0.1338232759047454,0.93,0.8303331699423466,0.8333333333333334,0.6470588235294118,10,10,0.8666666666666667,0.003101885784417391,0.35714285714285715,MinT
timeseries,1,2026-10-05T11:32:36,nodeC027,3.11.9,unknown,13155604,13159,2014-01-25,0,0,0.8789349794387817,lime,attribution,14,140,0.1564696981883052,0.96,0.73752981093153,0.8,0.5555555555555556,10,10,0.75,0.011092388071119785,0.7857142857142857,MaxT
timeseries,1,2026-10-05T11:32:36,nodeC027,3.11.9,unknown,13155604,13159,2014-01-25,0,0,0.8789349794387817,random,attribution,14,140,0.02000144852035951,0.61,0.33365088045529756,0.06559544159544159,0.037037037037037035,10,10,0.037037037037037035,1.295795664191246e-05,8.0,RH1
timeseries,1,2026-10-05T11:32:36,nodeC027,3.11.9,unknown,13155604,13163,2014-01-29,0,0,0.9617951512336731,integrated_gradients,attribution,14,140,0.17366481483145552,1.0,0.846458672957467,1.0,0.75,10,10,1.0,0.005974201951175928,0.2857142857142857,MinT
timeseries,1,2026-10-05T11:32:36,nodeC027,3.11.9,unknown,13155604,13163,2014-01-29,0,0,0.9617951512336731,gradient_shap,attribution,14,140,0.1302898536803327,0.98,0.83986938411886,0.7733333333333334,0.6470588235294118,10,10,0.75,0.003087567165493965,0.5,MinT
timeseries,1,2026-10-05T11:32:36,nodeC027,3.11.9,unknown,13155604,13163,2014-01-29,0,0,0.9617951512336731,lime,attribution,14,140,0.18138804907833267,0.97,0.7184962236636018,0.825,0.5555555555555556,10,10,0.75,0.010948981158435345,0.5,MaxT
timeseries,1,2026-10-05T11:32:36,nodeC027,3.11.9,unknown,13155604,13163,2014-01-29,0,0,0.9617951512336731,random,attribution,14,140,0.0,0.72,0.32403744362480946,0.05359544159544159,0.0,10,10,0.0,1.4911871403455734e-05,6.571428571428571,RH2
timeseries,1,2026-10-05T11:32:36,nodeC027,3.11.9,unknown,13155604,13177,2014-02-12,0,0,0.9949104189872742,integrated_gradients,attribution,14,140,0.30794484031017094,1.0,0.8334844196198872,0.9466666666666667,0.47368421052631576,10,10,1.0,0.06950432574376464,0.9285714285714286,RH2
timeseries,1,2026-10-05T11:32:36,nodeC027,3.11.9,unknown,13155604,13177,2014-02-12,0,0,0.9949104189872742,gradient_shap,attribution,14,140,0.31219734065060706,1.0,0.834893600613097,0.631045751633987,0.47368421052631576,10,10,1.0,0.00329651590436697,1.9285714285714286,RH2
timeseries,1,2026-10-05T11:32:36,nodeC027,3.11.9,unknown,13155604,13177,2014-02-12,0,0,0.9949104189872742,lime,attribution,14,140,0.2768134368993879,1.0,0.7054152725199155,0.975,0.4,10,10,0.75,0.012035878840833902,1.0714285714285714,RH2
timeseries,1,2026-10-05T11:32:36,nodeC027,3.11.9,unknown,13155604,13177,2014-02-12,0,0,0.9949104189872742,random,attribution,14,140,0.0,0.62,0.3741942101796695,0.038814814814814816,0.0,10,10,0.037037037037037035,1.333700492978096e-05,8.428571428571429,Wind
timeseries,1,2026-10-05T11:32:36,nodeC027,3.11.9,unknown,13155604,13182,2014-02-17,0,0,0.7622061967849731,integrated_gradients,attribution,14,140,0.273649721787299,1.0,0.8426014825423215,0.9466666666666667,0.6470588235294118,10,10,1.0,0.006269239820539951,0.42857142857142855,MinT
timeseries,1,2026-10-05T11:32:36,nodeC027,3.11.9,unknown,13155604,13182,2014-02-17,0,0,0.7622061967849731,gradient_shap,attribution,14,140,0.1798043713575344,0.95,0.8478184478760256,0.9083333333333334,0.75,10,10,0.8666666666666667,0.003102871123701334,0.35714285714285715,MinT
timeseries,1,2026-10-05T11:32:36,nodeC027,3.11.9,unknown,13155604,13182,2014-02-17,0,0,0.7622061967849731,lime,attribution,14,140,0.192359563073823,1.0,0.7663910691409499,0.9,0.5555555555555556,10,10,1.0,0.01260809414088726,0.5,MinT
timeseries,1,2026-10-05T11:32:36,nodeC027,3.11.9,unknown,13155604,13182,2014-02-17,0,0,0.7622061967849731,random,attribution,14,140,0.01735722879911615,0.5,0.32337330668507636,0.0301994301994302,0.0,10,10,0.037037037037037035,1.3552140444517136e-05,7.214285714285714,RH1
timeseries,1,2026-10-05T11:32:36,nodeC027,3.11.9,unknown,13155604,13191,2014-02-26,0,0,0.7684898972511292,integrated_gradients,attribution,14,140,0.25677196390230106,0.99,0.768852936670502,0.8466666666666667,0.47368421052631576,10,10,1.0,0.06988778803497553,1.5,Wind
timeseries,1,2026-10-05T11:32:36,nodeC027,3.11.9,unknown,13155604,13191,2014-02-26,0,0,0.7684898972511292,gradient_shap,attribution,14,140,0.20878443628970828,0.84,0.7499469502875927,0.5482989336085311,0.3333333333333333,10,10,0.6470588235294118,0.003087522927671671,0.5714285714285714,MinT
timeseries,1,2026-10-05T11:32:36,nodeC027,3.11.9,unknown,13155604,13191,2014-02-26,0,0,0.7684898972511292,lime,attribution,14,140,0.2884062749430491,0.97,0.7167602546352707,0.9,0.5555555555555556,10,10,1.0,0.012373737059533596,0.5,MaxT
timeseries,1,2026-10-05T11:32:36,nodeC027,3.11.9,unknown,13155604,13191,2014-02-26,0,0,0.7684898972511292,random,attribution,14,140,0.0,0.66,0.33980939146448574,0.08507370246500681,0.0,10,10,0.037037037037037035,1.3049226254224777e-05,6.785714285714286,Evap
timeseries,1,2026-10-05T11:32:36,nodeC027,3.11.9,unknown,13155604,13192,2014-02-27,0,0,0.8957960605621338,integrated_gradients,attribution,14,140,0.3556359573421029,1.0,0.8125864371465521,0.8666666666666668,0.5555555555555556,10,10,1.0,0.005941606592386961,0.9285714285714286,Wind
timeseries,1,2026-10-05T11:32:36,nodeC027,3.11.9,unknown,13155604,13192,2014-02-27,0,0,0.8957960605621338,gradient_shap,attribution,14,140,0.3544931639998605,0.98,0.8056875358617973,0.6790849673202615,0.4,10,10,0.75,0.0030587310902774334,0.7142857142857143,MinT
timeseries,1,2026-10-05T11:32:36,nodeC027,3.11.9,unknown,13155604,13192,2014-02-27,0,0,0.8957960605621338,lime,attribution,14,140,0.3590857626646787,0.88,0.7901311156860565,0.825,0.4,10,10,1.0,0.015568105038255453,1.6428571428571428,MaxT
timeseries,1,2026-10-05T11:32:36,nodeC027,3.11.9,unknown,13155604,13192,2014-02-27,0,0,0.8957960605621338,random,attribution,14,140,0.0017121605986946272,0.57,0.31965150702461687,0.05455840455840455,0.0,10,10,0.0,1.3796146959066391e-05,6.928571428571429,Wind
timeseries,1,2026-10-05T11:32:36,nodeC027,3.11.9,unknown,13155604,13224,2014-03-31,0,0,0.9096903800964355,integrated_gradients,attribution,14,140,0.4595498894252366,1.0,0.8097459311932935,0.96,0.6470588235294118,10,10,1.0,0.06934031005948782,0.6428571428571429,RH2
timeseries,1,2026-10-05T11:32:36,nodeC027,3.11.9,unknown,13155604,13224,2014-03-31,0,0,0.9096903800964355,gradient_shap,attribution,14,140,0.4595498894252366,1.0,0.8253516946185188,0.9200000000000002,0.6470588235294118,10,10,0.8666666666666667,0.0034393989481031895,0.6428571428571429,RH2
timeseries,1,2026-10-05T11:32:36,nodeC027,3.11.9,unknown,13155604,13224,2014-03-31,0,0,0.9096903800964355,lime,attribution,14,140,0.46200365192878134,0.99,0.7629984683215536,0.925,0.5555555555555556,10,10,1.0,0.011209154035896063,0.7857142857142857,RH2
timeseries,1,2026-10-05T11:32:36,nodeC027,3.11.9,unknown,13155604,13224,2014-03-31,0,0,0.9096903800964355,random,attribution,14,140,0.03349551751557718,0.7,0.3406237141019266,0.06527635327635326,0.0,10,10,0.0,1.3942830264568329e-05,7.5,SSH
timeseries,1,2026-10-05T11:32:36,nodeC027,3.11.9,unknown,13155604,13246,2014-04-22,0,0,0.7750927805900574,integrated_gradients,attribution,14,140,0.27404646468670124,0.99,0.8464774441686225,0.9200000000000002,0.6470588235294118,10,10,1.0,0.00704016862437129,0.5714285714285714,MinT
timeseries,1,2026-10-05T11:32:36,nodeC027,3.11.9,unknown,13155604,13246,2014-04-22,0,0,0.7750927805900574,gradient_shap,attribution,14,140,0.22027619874257692,0.99,0.8137153208292256,0.7760784313725491,0.47368421052631576,10,10,0.75,0.0034577022306621075,0.9285714285714286,RH2
timeseries,1,2026-10-05T11:32:36,nodeC027,3.11.9,unknown,13155604,13246,2014-04-22,0,0,0.7750927805900574,lime,attribution,14,140,0.1830323632984789,0.95,0.8150135579223182,1.0,0.75,10,10,1.0,0.016091530211269855,0.5,MaxT
timeseries,1,2026-10-05T11:32:36,nodeC027,3.11.9,unknown,13155604,13246,2014-04-22,0,0,0.7750927805900574,random,attribution,14,140,0.0,0.5,0.32423244604353263,0.06256980056980058,0.0,10,10,0.12,1.4907214790582657e-05,6.642857142857143,MaxT
timeseries,1,2026-10-05T11:32:36,nodeC027,3.11.9,unknown,13155604,13248,2014-04-24,0,0,0.7172076106071472,integrated_gradients,attribution,14,140,0.266148868583375,0.98,0.8383311387752814,0.9333333333333333,0.75,10,10,1.0,0.005955330096185207,0.6428571428571429,RH2
timeseries,1,2026-10-05T11:32:36,nodeC027,3.11.9,unknown,13155604,13248,2014-04-24,0,0,0.7172076106071472,gradient_shap,attribution,14,140,0.24856119720625722,0.99,0.82785937012302,0.7566339869281046,0.5555555555555556,10,10,0.8666666666666667,0.0030954056419432163,0.5,RH2
timeseries,1,2026-10-05T11:32:36,nodeC027,3.11.9,unknown,13155604,13248,2014-04-24,0,0,0.7172076106071472,lime,attribution,14,140,0.13136684416284994,0.88,0.7918143336585872,0.925,0.75,10,10,1.0,0.022529076784849167,0.7857142857142857,RH2
timeseries,1,2026-10-05T11:32:36,nodeC027,3.11.9,unknown,13155604,13248,2014-04-24,0,0,0.7172076106071472,random,attribution,14,140,0.14502972596365568,0.7,0.325766226908188,0.06958404558404559,0.0,10,10,0.07692307692307693,1.3985671103000641e-05,7.285714285714286,MinT
timeseries,1,2026-10-05T11:32:36,nodeC027,3.11.9,unknown,13155604,13255,2014-05-01,0,0,0.5615130662918091,integrated_gradients,attribution,14,140,0.0,0.58,0.8688179682671907,0.9333333333333333,0.75,10,10,1.0,0.007034069858491421,0.35714285714285715,MinT
timeseries,1,2026-10-05T11:32:36,nodeC027,3.11.9,unknown,13155604,13255,2014-05-01,0,0,0.5615130662918091,gradient_shap,attribution,14,140,0.059582558526365445,0.63,0.8690638809766322,0.7230065359477124,0.5555555555555556,10,10,0.8666666666666667,0.0034326682798564434,0.35714285714285715,MinT
timeseries,1,2026-10-05T11:32:36,nodeC027,3.11.9,unknown,13155604,13255,2014-05-01,0,0,0.5615130662918091,lime,attribution,14,140,0.0,0.47,0.8319168969528057,0.875,0.5555555555555556,10,10,1.0,0.011899526696652174,0.7857142857142857,MinT
timeseries,1,2026-10-05T11:32:36,nodeC027,3.11.9,unknown,13155604,13255,2014-05-01,0,0,0.5615130662918091,random,attribution,14,140,0.013072485841174462,0.57,0.3451620240981479,0.05903910903910903,0.0,10,10,0.0,1.3940036296844482e-05,6.0,Radiation
timeseries,1,2026-10-05T11:32:36,nodeC027,3.11.9,unknown,13155604,13263,2014-05-09,1,1,0.6289785504341125,integrated_gradients,attribution,14,140,0.21845676701152303,0.84,0.8765507128817247,0.9866666666666667,0.75,10,10,1.0,0.06982788490131497,0.6428571428571429,MinT
timeseries,1,2026-10-05T11:32:36,nodeC027,3.11.9,unknown,13155604,13263,2014-05-09,1,1,0.6289785504341125,gradient_shap,attribution,14,140,0.26378319127706973,0.91,0.8722779437237284,0.7191176470588235,0.5555555555555556,10,10,0.75,0.0031081759370863438,0.8571428571428571,MinT
timeseries,1,2026-10-05T11:32:36,nodeC027,3.11.9,unknown,13155604,13263,2014-05-09,1,1,0.6289785504341125,lime,attribution,14,140,0.15834101634028458,0.66,0.8262507506313264,0.95,0.5555555555555556,10,10,1.0,0.012286320328712463,0.7857142857142857,MinT
timeseries,1,2026-10-05T11:32:36,nodeC027,3.11.9,unknown,13155604,13263,2014-05-09,1,1,0.6289785504341125,random,attribution,14,140,0.0,0.42,0.31009283805650467,0.07932317601882818,0.0,10,10,0.07692307692307693,1.3825949281454086e-05,6.5,MaxT
timeseries,1,2026-10-05T11:32:36,nodeC027,3.11.9,unknown,13155604,13301,2014-06-16,1,1,0.767372727394104,integrated_gradients,attribution,14,140,0.2697672850680631,0.9,0.8154346970456241,0.9866666666666667,0.6470588235294118,10,10,1.0,0.0712920380756259,1.2142857142857142,MinT
timeseries,1,2026-10-05T11:32:36,nodeC027,3.11.9,unknown,13155604,13301,2014-06-16,1,1,0.767372727394104,gradient_shap,attribution,14,140,0.2030881025863929,1.0,0.7947967352924715,0.6619281045751634,0.47368421052631576,10,10,0.8666666666666667,0.0030822250992059708,0.7857142857142857,MinT
timeseries,1,2026-10-05T11:32:36,nodeC027,3.11.9,unknown,13155604,13301,2014-06-16,1,1,0.767372727394104,lime,attribution,14,140,0.2548304081175805,0.66,0.7679280571617023,0.8555555555555555,0.4,10,10,0.75,0.011804755311459303,1.6428571428571428,MinT
timeseries,1,2026-10-05T11:32:36,nodeC027,3.11.9,unknown,13155604,13301,2014-06-16,1,1,0.767372727394104,random,attribution,14,140,0.010263253106285989,0.49,0.3447530245321857,0.054484330484330476,0.0,10,10,0.12,1.4319084584712982e-05,8.642857142857142,MaxT
timeseries,1,2026-10-05T11:32:36,nodeC027,3.11.9,unknown,13155604,13330,2014-07-15,1,1,0.8739422559738159,integrated_gradients,attribution,14,140,0.43393929936589837,1.0,0.8437425341251676,0.9333333333333333,0.75,10,10,1.0,0.07012797519564629,0.7142857142857143,RH2
timeseries,1,2026-10-05T11:32:36,nodeC027,3.11.9,unknown,13155604,13330,2014-07-15,1,1,0.8739422559738159,gradient_shap,attribution,14,140,0.46547210338774536,1.0,0.8239309016951744,0.8433333333333334,0.6470588235294118,10,10,0.8666666666666667,0.0034531219862401485,0.5,MinT
timeseries,1,2026-10-05T11:32:36,nodeC027,3.11.9,unknown,13155604,13330,2014-07-15,1,1,0.8739422559738159,lime,attribution,14,140,0.2430867343076313,1.0,0.7104361857289655,0.85,0.5555555555555556,10,10,0.75,0.011233814060688019,1.0714285714285714,RH2
timeseries,1,2026-10-05T11:32:36,nodeC027,3.11.9,unknown,13155604,13330,2014-07-15,1,1,0.8739422559738159,random,attribution,14,140,0.0064224497108847315,0.38,0.3243558409493049,0.04650712250712251,0.0,10,10,0.07692307692307693,1.3073906302452087e-05,6.571428571428571,MaxT
timeseries,1,2026-10-05T11:32:36,nodeC027,3.11.9,unknown,13155604,13346,2014-07-31,1,1,0.8595136404037476,integrated_gradients,attribution,14,140,0.37448567975291963,1.0,0.751420890878316,0.9066666666666668,0.5555555555555556,10,10,1.0,0.0059746308252215385,0.42857142857142855,RH2
timeseries,1,2026-10-05T11:32:36,nodeC027,3.11.9,unknown,13155604,13346,2014-07-31,1,1,0.8595136404037476,gradient_shap,attribution,14,140,0.5226421919125241,1.0,0.8092571897396067,0.8316666666666668,0.6470588235294118,10,10,0.8666666666666667,0.0031106197275221348,0.42857142857142855,RH2
timeseries,1,2026-10-05T11:32:36,nodeC027,3.11.9,unknown,13155604,13346,2014-07-31,1,1,0.8595136404037476,lime,attribution,14,140,0.31383241909795306,1.0,0.6474986955518403,0.8555555555555555,0.5555555555555556,10,10,0.75,0.01096349861472845,0.7857142857142857,RH2
timeseries,1,2026-10-05T11:32:36,nodeC027,3.11.9,unknown,13155604,13346,2014-07-31,1,1,0.8595136404037476,random,attribution,14,140,0.010047262019853058,0.5,0.3441127768399108,0.04658119658119658,0.0,10,10,0.21739130434782608,1.4214776456356049e-05,6.785714285714286,Wind
timeseries,1,2026-10-05T11:32:36,nodeC027,3.11.9,unknown,13155604,13368,2014-08-22,1,1,0.8753806352615356,integrated_gradients,attribution,14,140,0.4720275832485046,1.0,0.8893475126707545,0.9066666666666666,0.6470588235294118,10,10,1.0,0.005949052050709724,0.8571428571428571,MinT
timeseries,1,2026-10-05T11:32:36,nodeC027,3.11.9,unknown,13155604,13368,2014-08-22,1,1,0.8753806352615356,gradient_shap,attribution,14,140,0.49172151881496207,1.0,0.8359334241839795,0.6985294117647058,0.5555555555555556,10,10,0.75,0.003090767189860344,0.7857142857142857,RH2
timeseries,1,2026-10-05T11:32:36,nodeC027,3.11.9,unknown,13155604,13368,2014-08-22,1,1,0.8753806352615356,lime,attribution,14,140,0.4247063109192487,1.0,0.8053238341159696,0.825,0.4,10,10,0.75,0.01112770289182663,1.0714285714285714,MinT
timeseries,1,2026-10-05T11:32:36,nodeC027,3.11.9,unknown,13155604,13368,2014-08-22,1,1,0.8753806352615356,random,attribution,14,140,0.0,0.44,0.3054577216399581,0.05758404558404558,0.0,10,10,0.037037037037037035,1.3242941349744797e-05,6.5,Wind
timeseries,1,2026-10-05T11:32:36,nodeC027,3.11.9,unknown,13155604,13374,2014-08-28,1,1,0.9154766798019409,integrated_gradients,attribution,14,140,0.525638821158723,1.0,0.8536365230903374,0.96,0.6470588235294118,10,10,1.0,0.0700724609196186,0.5714285714285714,RH2
timeseries,1,2026-10-05T11:32:36,nodeC027,3.11.9,unknown,13155604,13374,2014-08-28,1,1,0.9154766798019409,gradient_shap,attribution,14,140,0.5570011686844649,1.0,0.815677601068939,0.8833333333333334,0.6470588235294118,10,10,0.8666666666666667,0.0034553278237581253,0.7142857142857143,RH2
timeseries,1,2026-10-05T11:32:36,nodeC027,3.11.9,unknown,13155604,13374,2014-08-28,1,1,0.9154766798019409,lime,attribution,14,140,0.5226764176402992,1.0,0.762416677777724,0.85,0.75,10,10,0.75,0.012428740970790386,0.5,MinT
timeseries,1,2026-10-05T11:32:36,nodeC027,3.11.9,unknown,13155604,13374,2014-08-28,1,1,0.9154766798019409,random,attribution,14,140,0.04185088367520338,0.42,0.29538723148190726,0.06616524216524215,0.0,10,10,0.07692307692307693,1.3023149222135544e-05,6.571428571428571,MinT
timeseries,1,2026-10-05T11:32:36,nodeC027,3.11.9,unknown,13155604,13375,2014-08-29,1,1,0.9060436487197876,integrated_gradients,attribution,14,140,0.4456294335397467,1.0,0.8312585665883643,0.8566666666666667,0.75,10,10,1.0,0.005957881920039654,0.35714285714285715,RH2
timeseries,1,2026-10-05T11:32:36,nodeC027,3.11.9,unknown,13155604,13375,2014-08-29,1,1,0.9060436487197876,gradient_shap,attribution,14,140,0.45558102190069133,1.0,0.8180406295559085,0.8800000000000001,0.8666666666666667,10,10,0.8666666666666667,0.0031007579527795315,0.2857142857142857,MinT
timeseries,1,2026-10-05T11:32:36,nodeC027,3.11.9,unknown,13155604,13375,2014-08-29,1,1,0.9060436487197876,lime,attribution,14,140,0.48420776678207655,1.0,0.7458825175578828,0.975,0.5555555555555556,10,10,1.0,0.011677616275846958,0.5,MaxT
timeseries,1,2026-10-05T11:32:36,nodeC027,3.11.9,unknown,13155604,13375,2014-08-29,1,1,0.9060436487197876,random,attribution,14,140,0.0,0.32,0.30339741047527313,0.04308831908831909,0.0,10,10,0.16666666666666666,1.3306736946105957e-05,6.571428571428571,FAO56_ET
timeseries,1,2026-10-05T11:32:36,nodeC027,3.11.9,unknown,13155604,13376,2014-08-30,1,1,0.9405032396316528,integrated_gradients,attribution,14,140,0.5224974596023861,1.0,0.8330002493692654,0.9083333333333334,0.6470588235294118,10,10,1.0,0.005952734965831041,0.42857142857142855,RH2
timeseries,1,2026-10-05T11:32:36,nodeC027,3.11.9,unknown,13155604,13376,2014-08-30,1,1,0.9405032396316528,gradient_shap,attribution,14,140,0.6209955227908237,1.0,0.8481355045490141,0.8816666666666668,0.8666666666666667,10,10,0.8666666666666667,0.0030878200195729733,0.42857142857142855,RH2
timeseries,1,2026-10-05T11:32:36,nodeC027,3.11.9,unknown,13155604,13376,2014-08-30,1,1,0.9405032396316528,lime,attribution,14,140,0.45808575256799755,1.0,0.7110003182283992,1.0,0.75,10,10,1.0,0.01098053203895688,0.7857142857142857,RH2
timeseries,1,2026-10-05T11:32:36,nodeC027,3.11.9,unknown,13155604,13376,2014-08-30,1,1,0.9405032396316528,random,attribution,14,140,0.0,0.41,0.3693234956115561,0.045584045584045586,0.0,10,10,0.07692307692307693,1.2475065886974335e-05,7.642857142857143,FAO56_ET
timeseries,1,2026-10-05T11:32:36,nodeC027,3.11.9,unknown,13155604,13378,2014-09-01,1,1,0.7618491053581238,integrated_gradients,attribution,14,140,0.5949922025281913,1.0,0.7651342680038951,0.9466666666666667,0.5555555555555556,10,10,1.0,0.007006685249507427,0.9285714285714286,RH2
timeseries,1,2026-10-05T11:32:36,nodeC027,3.11.9,unknown,13155604,13378,2014-09-01,1,1,0.7618491053581238,gradient_shap,attribution,14,140,0.6643573115860033,0.98,0.7545646964319992,0.7863725490196078,0.6470588235294118,10,10,0.8666666666666667,0.0037748487666249275,0.9285714285714286,RH2
timeseries,1,2026-10-05T11:32:36,nodeC027,3.11.9,unknown,13155604,13378,2014-09-01,1,1,0.7618491053581238,lime,attribution,14,140,0.5815003035197098,0.89,0.7042735067664457,1.0,0.75,10,10,1.0,0.01561105391010642,1.3571428571428572,RH2
timeseries,1,2026-10-05T11:32:36,nodeC027,3.11.9,unknown,13155604,13378,2014-09-01,1,1,0.7618491053581238,random,attribution,14,140,0.0,0.44,0.34620814596900207,0.04989173789173789,0.0,10,10,0.07692307692307693,1.2746080756187439e-05,4.571428571428571,Rain
timeseries,1,2026-10-05T11:32:36,nodeC027,3.11.9,unknown,13155604,13395,2014-09-18,1,1,0.8022413849830627,integrated_gradients,attribution,14,140,0.5378461796560123,0.89,0.755090161549062,0.8433333333333334,0.5555555555555556,10,10,1.0,0.0070449537597596645,2.2857142857142856,RH2
timeseries,1,2026-10-05T11:32:36,nodeC027,3.11.9,unknown,13155604,13395,2014-09-18,1,1,0.8022413849830627,gradient_shap,attribution,14,140,0.507348482771528,0.87,0.8011339761173917,0.6674183006535948,0.5555555555555556,10,10,0.75,0.00346970371901989,0.5714285714285714,RH2
timeseries,1,2026-10-05T11:32:36,nodeC027,3.11.9,unknown,13155604,13395,2014-09-18,1,1,0.8022413849830627,lime,attribution,14,140,0.5211883506940923,0.87,0.6952228960081324,0.875,0.5555555555555556,10,10,0.75,0.012019061017781496,2.5,RH2
timeseries,1,2026-10-05T11:32:36,nodeC027,3.11.9,unknown,13155604,13395,2014-09-18,1,1,0.8022413849830627,random,attribution,14,140,0.013654421003290123,0.42,0.3432996755454494,0.03945868945868946,0.0,10,10,0.07692307692307693,1.3644807040691376e-05,6.714285714285714,SSH
timeseries,1,2026-10-05T11:32:36,nodeC027,3.11.9,unknown,13155604,13396,2014-09-19,1,1,0.8704690933227539,integrated_gradients,attribution,14,140,0.5665502126533685,1.0,0.7853551457832922,0.9200000000000002,0.6470588235294118,10,10,1.0,0.07146261306479573,2.0,RH2
timeseries,1,2026-10-05T11:32:36,nodeC027,3.11.9,unknown,13155604,13396,2014-09-19,1,1,0.8704690933227539,gradient_shap,attribution,14,140,0.5535081095323707,0.99,0.8194889255503386,0.8463725490196079,0.75,10,10,0.8666666666666667,0.0030898689292371273,0.5,RH2
timeseries,1,2026-10-05T11:32:36,nodeC027,3.11.9,unknown,13155604,13396,2014-09-19,1,1,0.8704690933227539,lime,attribution,14,140,0.4982038199271873,0.98,0.7170994963193162,0.95,0.5555555555555556,10,10,1.0,0.025828807149082422,2.2142857142857144,RH2
timeseries,1,2026-10-05T11:32:36,nodeC027,3.11.9,unknown,13155604,13396,2014-09-19,1,1,0.8704690933227539,random,attribution,14,140,0.0,0.49,0.3252774778576477,0.08685470085470084,0.0,10,10,0.07692307692307693,1.3237819075584412e-05,7.071428571428571,SSH
timeseries,1,2026-10-05T11:32:36,nodeC027,3.11.9,unknown,13155604,13424,2014-10-17,1,1,0.5526623725891113,integrated_gradients,attribution,14,140,0.07222327196236121,0.25,0.7291570104068426,0.7630392156862745,0.47368421052631576,10,10,1.0,0.005979297216981649,1.7142857142857142,RH2
timeseries,1,2026-10-05T11:32:36,nodeC027,3.11.9,unknown,13155604,13424,2014-10-17,1,1,0.5526623725891113,gradient_shap,attribution,14,140,0.08405323217864794,0.3,0.7075427776993142,0.6907516339869282,0.47368421052631576,10,10,0.6470588235294118,0.0030978568829596043,1.2857142857142858,RH2
timeseries,1,2026-10-05T11:32:36,nodeC027,3.11.9,unknown,13155604,13424,2014-10-17,1,1,0.5526623725891113,lime,attribution,14,140,0.14427808220241808,0.44,0.6544905734549467,0.9,0.5555555555555556,10,10,1.0,0.010980389080941677,1.6428571428571428,RH2
timeseries,1,2026-10-05T11:32:36,nodeC027,3.11.9,unknown,13155604,13424,2014-10-17,1,1,0.5526623725891113,random,attribution,14,140,0.22489488937608335,0.52,0.321170709011398,0.0624957264957265,0.0,10,10,0.0,1.3416167348623276e-05,7.071428571428571,FAO56_ET
timeseries,1,2026-10-05T11:32:36,nodeC027,3.11.9,unknown,13155604,13438,2014-10-31,0,0,0.976954460144043,integrated_gradients,attribution,14,140,0.4303801769992708,1.0,0.8137642894065491,0.9600000000000002,0.6470588235294118,10,10,1.0,0.009917172137647867,1.0,RH2
timeseries,1,2026-10-05T11:32:36,nodeC027,3.11.9,unknown,13155604,13438,2014-10-31,0,0,0.976954460144043,gradient_shap,attribution,14,140,0.3854294687386215,1.0,0.8074033583635642,0.7877450980392158,0.6470588235294118,10,10,0.75,0.003089854959398508,0.9285714285714286,MinT
timeseries,1,2026-10-05T11:32:36,nodeC027,3.11.9,unknown,13155604,13438,2014-10-31,0,0,0.976954460144043,lime,attribution,14,140,0.23916310201667104,0.96,0.7085776894193636,0.875,0.5555555555555556,10,10,1.0,0.012434700038284063,1.3571428571428572,MaxT
timeseries,1,2026-10-05T11:32:36,nodeC027,3.11.9,unknown,13155604,13438,2014-10-31,0,0,0.976954460144043,random,attribution,14,140,0.0026173576816336413,0.65,0.32701377347286165,0.07449572649572649,0.0,10,10,0.0,1.2920703738927841e-05,8.071428571428571,MinT
timeseries,1,2026-10-05T11:32:36,nodeC027,3.11.9,unknown,13155604,13444,2014-11-06,0,0,0.9917908906936646,integrated_gradients,attribution,14,140,0.305962081770535,1.0,0.7824785353374375,0.9066666666666666,0.6470588235294118,10,10,1.0,0.0745299062691629,3.2142857142857144,Wind
timeseries,1,2026-10-05T11:32:36,nodeC027,3.11.9,unknown,13155604,13444,2014-11-06,0,0,0.9917908906936646,gradient_shap,attribution,14,140,0.36981025259788614,1.0,0.8076187146458378,0.8097058823529413,0.6470588235294118,10,10,0.75,0.0031080548651516438,0.7857142857142857,RH2
timeseries,1,2026-10-05T11:32:36,nodeC027,3.11.9,unknown,13155604,13444,2014-11-06,0,0,0.9917908906936646,lime,attribution,14,140,0.2227916841201263,1.0,0.6920202935106624,0.975,0.5555555555555556,10,10,1.0,0.010980979073792696,4.785714285714286,RH2
timeseries,1,2026-10-05T11:32:36,nodeC027,3.11.9,unknown,13155604,13444,2014-11-06,0,0,0.9917908906936646,random,attribution,14,140,0.0,0.58,0.3173804630637411,0.058866096866096854,0.0,10,10,0.0,1.262035220861435e-05,7.857142857142857,MinT
timeseries,1,2026-10-05T11:32:36,nodeC027,3.11.9,unknown,13155604,13447,2014-11-09,0,0,0.9961515069007874,integrated_gradients,attribution,14,140,0.26283810543738456,1.0,0.7698974181748717,0.9600000000000002,0.5555555555555556,10,10,1.0,0.07097036065533757,2.2857142857142856,Wind
timeseries,1,2026-10-05T11:32:36,nodeC027,3.11.9,unknown,13155604,13447,2014-11-09,0,0,0.9961515069007874,gradient_shap,attribution,14,140,0.3005678513322454,1.0,0.7948211967780299,0.8510784313725491,0.5555555555555556,10,10,0.8666666666666667,0.003104128874838352,1.0,RH2
timeseries,1,2026-10-05T11:32:36,nodeC027,3.11.9,unknown,13155604,13447,2014-11-09,0,0,0.9961515069007874,lime,attribution,14,140,0.15501869272788532,1.0,0.6329701967607125,0.825,0.2727272727272727,10,10,0.5555555555555556,0.010993951931595802,3.0714285714285716,RH2
timeseries,1,2026-10-05T11:32:36,nodeC027,3.11.9,unknown,13155604,13447,2014-11-09,0,0,0.9961515069007874,random,attribution,14,140,0.00564775817406325,0.67,0.3155779414290164,0.05419943019943019,0.0,10,10,0.07692307692307693,1.4320015907287598e-05,5.857142857142857,RH2
timeseries,1,2026-10-05T11:32:36,nodeC027,3.11.9,unknown,13155604,13459,2014-11-21,0,0,0.9857497215270996,integrated_gradients,attribution,14,140,0.2841165413079201,0.9,0.7292836134794636,0.9200000000000002,0.5555555555555556,10,10,1.0,0.07129564369097352,1.3571428571428572,Wind
timeseries,1,2026-10-05T11:32:36,nodeC027,3.11.9,unknown,13155604,13459,2014-11-21,0,0,0.9857497215270996,gradient_shap,attribution,14,140,0.20582095829904895,1.0,0.7550682915077952,0.6724509803921569,0.4,10,10,0.47368421052631576,0.0031056897714734077,0.5,RH1
timeseries,1,2026-10-05T11:32:36,nodeC027,3.11.9,unknown,13155604,13459,2014-11-21,0,0,0.9857497215270996,lime,attribution,14,140,0.21279211877324022,0.95,0.6315213120679964,0.875,0.4,10,10,0.5555555555555556,0.01203233702108264,2.2142857142857144,MinT
timeseries,1,2026-10-05T11:32:36,nodeC027,3.11.9,unknown,13155604,13459,2014-11-21,0,0,0.9857497215270996,random,attribution,14,140,0.0,0.57,0.3086654005327769,0.08115306915306916,0.0,10,10,0.12,1.3490207493305206e-05,5.5,MinT
timeseries,1,2026-10-05T11:32:36,nodeC027,3.11.9,unknown,13155604,13472,2014-12-04,0,0,0.9947202205657959,integrated_gradients,attribution,14,140,0.2772128890581591,1.0,0.8346386809904691,0.8950000000000001,0.6470588235294118,10,10,1.0,0.005957452114671469,0.8571428571428571,MinT
timeseries,1,2026-10-05T11:32:36,nodeC027,3.11.9,unknown,13155604,13472,2014-12-04,0,0,0.9947202205657959,gradient_shap,attribution,14,140,0.23080112718618825,1.0,0.8432704480244567,0.7644117647058823,0.6470588235294118,10,10,1.0,0.0030897241085767746,0.7142857142857143,RH2
timeseries,1,2026-10-05T11:32:36,nodeC027,3.11.9,unknown,13155604,13472,2014-12-04,0,0,0.9947202205657959,lime,attribution,14,140,0.18154934891024047,1.0,0.6497280099950191,0.8,0.4,10,10,0.4,0.01097476202994585,2.5,Wind
timeseries,1,2026-10-05T11:32:36,nodeC027,3.11.9,unknown,13155604,13472,2014-12-04,0,0,0.9947202205657959,random,attribution,14,140,0.0,0.59,0.3370699444974943,0.04928774928774929,0.0,10,10,0.037037037037037035,1.2699048966169357e-05,5.928571428571429,FAO56_ET
timeseries,1,2026-10-05T11:32:36,nodeC027,3.11.9,unknown,13155604,13479,2014-12-11,0,0,0.9291963577270508,integrated_gradients,attribution,14,140,0.24256183460890682,0.98,0.8211309326619504,0.9333333333333333,0.6470588235294118,10,10,1.0,0.005974360276013613,0.7142857142857143,MinT
timeseries,1,2026-10-05T11:32:36,nodeC027,3.11.9,unknown,13155604,13479,2014-12-11,0,0,0.9291963577270508,gradient_shap,attribution,14,140,0.13753139327108904,1.0,0.8039611026330716,0.7168954248366013,0.5555555555555556,10,10,1.0,0.0030860882252454758,0.6428571428571429,MinT
timeseries,1,2026-10-05T11:32:36,nodeC027,3.11.9,unknown,13155604,13479,2014-12-11,0,0,0.9291963577270508,lime,attribution,14,140,0.21406163241930634,0.91,0.718695573613252,0.875,0.4,10,10,1.0,0.0123702147975564,1.0714285714285714,MinT
timeseries,1,2026-10-05T11:32:36,nodeC027,3.11.9,unknown,13155604,13479,2014-12-11,0,0,0.9291963577270508,random,attribution,14,140,0.0,0.56,0.3418470195433757,0.06217663817663817,0.037037037037037035,10,10,0.037037037037037035,1.4382414519786835e-05,6.5,MaxT
timeseries,1,2026-10-05T11:32:36,nodeC027,3.11.9,unknown,13155604,13513,2015-01-14,0,0,0.9996311664581299,integrated_gradients,attribution,14,140,0.29937759331151315,1.0,0.8358990011643095,0.9333333333333333,0.6470588235294118,10,10,1.0,0.005967752076685429,0.7142857142857143,MinT
timeseries,1,2026-10-05T11:32:36,nodeC027,3.11.9,unknown,13155604,13513,2015-01-14,0,0,0.9996311664581299,gradient_shap,attribution,14,140,0.2601657453556216,1.0,0.855056464101708,0.8005555555555557,0.6470588235294118,10,10,0.75,0.003088937606662512,0.7142857142857143,MinT
timeseries,1,2026-10-05T11:32:36,nodeC027,3.11.9,unknown,13155604,13513,2015-01-14,0,0,0.9996311664581299,lime,attribution,14,140,0.13937678715937984,1.0,0.6397622910519691,0.975,0.5555555555555556,10,10,0.5555555555555556,0.012299644760787487,2.2142857142857144,RH2
timeseries,1,2026-10-05T11:32:36,nodeC027,3.11.9,unknown,13155604,13513,2015-01-14,0,0,0.9996311664581299,random,attribution,14,140,0.17359627567254673,0.99,0.3637204787706698,0.04131054131054131,0.0,10,10,0.07692307692307693,1.2882053852081299e-05,8.0,RH2
timeseries,1,2026-10-05T11:32:36,nodeC027,3.11.9,unknown,13155604,13572,2015-03-14,0,0,0.8841936588287354,integrated_gradients,attribution,14,140,0.3554980791823926,1.0,0.7466282290277977,0.9066666666666668,0.75,10,10,1.0,0.006982746068388224,0.8571428571428571,RH2
timeseries,1,2026-10-05T11:32:36,nodeC027,3.11.9,unknown,13155604,13572,2015-03-14,0,0,0.8841936588287354,gradient_shap,attribution,14,140,0.392500074826544,1.0,0.774253450157211,0.8083333333333333,0.6470588235294118,10,10,0.8666666666666667,0.0034684836864471436,1.0,MinT
timeseries,1,2026-10-05T11:32:36,nodeC027,3.11.9,unknown,13155604,13572,2015-03-14,0,0,0.8841936588287354,lime,attribution,14,140,0.3454980171639958,0.98,0.6751636076781804,0.825,0.4,10,10,1.0,0.01195113966241479,1.3571428571428572,RH2
timeseries,1,2026-10-05T11:32:36,nodeC027,3.11.9,unknown,13155604,13572,2015-03-14,0,0,0.8841936588287354,random,attribution,14,140,0.0,0.62,0.3216169581145556,0.06221082621082621,0.0,10,10,0.0,1.3419892638921738e-05,5.142857142857143,RH1
timeseries,1,2026-10-05T11:32:36,nodeC027,3.11.9,unknown,13155604,13587,2015-03-29,0,0,0.9005741477012634,integrated_gradients,attribution,14,140,0.4708531472400755,0.94,0.7872023071391723,0.9200000000000002,0.6470588235294118,10,10,1.0,0.005968006793409586,0.7857142857142857,RH2
timeseries,1,2026-10-05T11:32:36,nodeC027,3.11.9,unknown,13155604,13587,2015-03-29,0,0,0.9005741477012634,gradient_shap,attribution,14,140,0.46215959399904444,1.0,0.8143276801823371,0.8480392156862745,0.75,10,10,0.8666666666666667,0.0030920421704649925,0.7857142857142857,RH2
timeseries,1,2026-10-05T11:32:36,nodeC027,3.11.9,unknown,13155604,13587,2015-03-29,0,0,0.9005741477012634,lime,attribution,14,140,0.35009064388696975,0.98,0.7401037931137224,0.8,0.5555555555555556,10,10,1.0,0.011063448619097471,0.7857142857142857,RH2
timeseries,1,2026-10-05T11:32:36,nodeC027,3.11.9,unknown,13155604,13587,2015-03-29,0,0,0.9005741477012634,random,attribution,14,140,0.0031808588279124265,0.69,0.3462453760568629,0.06217663817663817,0.0,10,10,0.037037037037037035,1.2833159416913986e-05,7.0,RH1
timeseries,1,2026-10-05T11:32:36,nodeC027,3.11.9,unknown,13155604,13603,2015-04-14,1,1,0.875436544418335,integrated_gradients,attribution,14,140,0.4423586072622307,1.0,0.8925776285641138,0.9866666666666667,0.5555555555555556,10,10,1.0,0.0059774648398160934,0.5714285714285714,MinT
timeseries,1,2026-10-05T11:32:36,nodeC027,3.11.9,unknown,13155604,13603,2015-04-14,1,1,0.875436544418335,gradient_shap,attribution,14,140,0.4697468671761105,1.0,0.8593556982681377,0.8316666666666668,0.6470588235294118,10,10,0.75,0.0030991812236607075,0.7142857142857143,MinT
timeseries,1,2026-10-05T11:32:36,nodeC027,3.11.9,unknown,13155604,13603,2015-04-14,1,1,0.875436544418335,lime,attribution,14,140,0.41171854382821504,1.0,0.7395363127689087,0.95,0.75,10,10,0.75,0.010999354999512434,0.7857142857142857,MinT
timeseries,1,2026-10-05T11:32:36,nodeC027,3.11.9,unknown,13155604,13603,2015-04-14,1,1,0.875436544418335,random,attribution,14,140,0.1714125071115436,0.72,0.3295978053964205,0.05359544159544159,0.0,10,10,0.037037037037037035,1.354701817035675e-05,5.714285714285714,Rain
timeseries,1,2026-10-05T11:32:36,nodeC027,3.11.9,unknown,13155604,13622,2015-05-03,0,0,0.7195635437965393,integrated_gradients,attribution,14,140,0.28814151237302205,0.98,0.8600530521963978,0.9466666666666667,0.6470588235294118,10,10,1.0,0.007019929122179747,0.42857142857142855,RH2
timeseries,1,2026-10-05T11:32:36,nodeC027,3.11.9,unknown,13155604,13622,2015-05-03,0,0,0.7195635437965393,gradient_shap,attribution,14,140,0.2811730649232336,0.99,0.8479824536858415,0.8700000000000001,0.6470588235294118,10,10,0.75,0.0034672035835683346,0.5,RH2
timeseries,1,2026-10-05T11:32:36,nodeC027,3.11.9,unknown,13155604,13622,2015-05-03,0,0,0.7195635437965393,lime,attribution,14,140,0.09195252625582606,0.83,0.8203989274251948,0.975,0.4,10,10,1.0,0.011228930205106735,0.7857142857142857,RH2
timeseries,1,2026-10-05T11:32:36,nodeC027,3.11.9,unknown,13155604,13622,2015-05-03,0,0,0.7195635437965393,random,attribution,14,140,0.0,0.25,0.3318324335745032,0.07079202279202279,0.0,10,10,0.037037037037037035,1.4046207070350647e-05,6.642857142857143,RH2
timeseries,1,2026-10-05T11:32:36,nodeC027,3.11.9,unknown,13155604,13646,2015-05-27,0,0,0.6043729186058044,integrated_gradients,attribution,14,140,0.0880127064965958,0.21,0.8492279082729849,0.8950000000000001,0.5555555555555556,10,10,1.0,0.06992186699062586,0.6428571428571429,MinT
timeseries,1,2026-10-05T11:32:36,nodeC027,3.11.9,unknown,13155604,13646,2015-05-27,0,0,0.6043729186058044,gradient_shap,attribution,14,140,0.11478422181337801,0.34,0.8386892912105713,0.7980392156862746,0.5555555555555556,10,10,0.75,0.0031263860873878,0.7142857142857143,MinT
timeseries,1,2026-10-05T11:32:36,nodeC027,3.11.9,unknown,13155604,13646,2015-05-27,0,0,0.6043729186058044,lime,attribution,14,140,0.25111997944711356,0.68,0.7906686602485924,0.95,0.75,10,10,0.75,0.022546302992850542,1.0714285714285714,MinT
timeseries,1,2026-10-05T11:32:36,nodeC027,3.11.9,unknown,13155604,13646,2015-05-27,0,0,0.6043729186058044,random,attribution,14,140,0.0,0.11,0.3316381234364426,0.04989173789173789,0.0,10,10,0.07692307692307693,1.2965407222509384e-05,6.285714285714286,MaxT
timeseries,1,2026-10-05T11:32:36,nodeC027,3.11.9,unknown,13155604,13672,2015-06-22,1,1,0.8645484447479248,integrated_gradients,attribution,14,140,0.4686773943040319,1.0,0.800038830951845,0.8700000000000001,0.6470588235294118,10,10,1.0,0.010917332954704762,0.7142857142857143,RH2
timeseries,1,2026-10-05T11:32:36,nodeC027,3.11.9,unknown,13155604,13672,2015-06-22,1,1,0.8645484447479248,gradient_shap,attribution,14,140,0.4686773943040319,1.0,0.8071517640076724,0.8433333333333334,0.6470588235294118,10,10,1.0,0.003108993638306856,0.7142857142857143,RH2
timeseries,1,2026-10-05T11:32:36,nodeC027,3.11.9,unknown,13155604,13672,2015-06-22,1,1,0.8645484447479248,lime,attribution,14,140,0.406899728336632,1.0,0.7063899582645177,0.9,0.5555555555555556,10,10,0.75,0.010985616594552994,1.3571428571428572,RH2
timeseries,1,2026-10-05T11:32:36,nodeC027,3.11.9,unknown,13155604,13672,2015-06-22,1,1,0.8645484447479248,random,attribution,14,140,0.0,0.45,0.32542857346401477,0.04259259259259259,0.0,10,10,0.037037037037037035,1.364806666970253e-05,7.5,MinT
timeseries,1,2026-10-05T11:32:36,nodeC027,3.11.9,unknown,13155604,13698,2015-07-18,1,1,0.7649654150009155,integrated_gradients,attribution,14,140,0.2679482374538238,0.83,0.8139932859936199,0.96,0.5555555555555556,10,10,1.0,0.005972991697490215,0.6428571428571429,MinT
timeseries,1,2026-10-05T11:32:36,nodeC027,3.11.9,unknown,13155604,13698,2015-07-18,1,1,0.7649654150009155,gradient_shap,attribution,14,140,0.2871052572115141,0.92,0.7776020110479214,0.7997058823529412,0.5555555555555556,10,10,0.6470588235294118,0.003199661150574684,0.9285714285714286,MinT
timeseries,1,2026-10-05T11:32:36,nodeC027,3.11.9,unknown,13155604,13698,2015-07-18,1,1,0.7649654150009155,lime,attribution,14,140,0.28353045311707425,0.9,0.7693834460576316,0.875,0.5555555555555556,10,10,1.0,0.011302344966679811,0.7857142857142857,MinT
timeseries,1,2026-10-05T11:32:36,nodeC027,3.11.9,unknown,13155604,13698,2015-07-18,1,1,0.7649654150009155,random,attribution,14,140,0.026136610672129246,0.46,0.34358399561120967,0.0428034188034188,0.0,10,10,0.037037037037037035,2.2071879357099533e-05,4.857142857142857,MaxT
timeseries,1,2026-10-05T11:32:36,nodeC027,3.11.9,unknown,13155604,13719,2015-08-08,1,1,0.8011391758918762,integrated_gradients,attribution,14,140,0.4204504762893217,1.0,0.8536298511094997,0.9200000000000002,0.6470588235294118,10,10,1.0,0.00703783193603158,0.9285714285714286,MinT
timeseries,1,2026-10-05T11:32:36,nodeC027,3.11.9,unknown,13155604,13719,2015-08-08,1,1,0.8011391758918762,gradient_shap,attribution,14,140,0.45584862901512807,1.0,0.8303920652457382,0.7438235294117647,0.6470588235294118,10,10,0.6470588235294118,0.0034537389874458313,0.5714285714285714,MinT
timeseries,1,2026-10-05T11:32:36,nodeC027,3.11.9,unknown,13155604,13719,2015-08-08,1,1,0.8011391758918762,lime,attribution,14,140,0.3737391548249985,0.94,0.7789718290436561,0.975,0.75,10,10,1.0,0.011269667185842991,1.0714285714285714,MinT
timeseries,1,2026-10-05T11:32:36,nodeC027,3.11.9,unknown,13155604,13719,2015-08-08,1,1,0.8011391758918762,random,attribution,14,140,0.014979593977628705,0.47,0.31109250787336196,0.04989173789173789,0.0,10,10,0.12,1.336587592959404e-05,7.5,MaxT
timeseries,1,2026-10-05T11:32:36,nodeC027,3.11.9,unknown,13155604,13734,2015-08-23,1,1,0.8058717846870422,integrated_gradients,attribution,14,140,0.46620385590984215,0.81,0.7198286741842981,0.9083333333333334,0.5555555555555556,10,10,1.0,0.07069486286491156,1.0,RH2
timeseries,1,2026-10-05T11:32:36,nodeC027,3.11.9,unknown,13155604,13734,2015-08-23,1,1,0.8058717846870422,gradient_shap,attribution,14,140,0.536213104975228,0.84,0.7365823943340645,0.8566666666666667,0.5555555555555556,10,10,0.8666666666666667,0.003095056861639023,0.6428571428571429,RH2
timeseries,1,2026-10-05T11:32:36,nodeC027,3.11.9,unknown,13155604,13734,2015-08-23,1,1,0.8058717846870422,lime,attribution,14,140,0.5163703649738153,0.81,0.6823711140094144,0.875,0.5555555555555556,10,10,1.0,0.011005362030118704,2.5,RH2
timeseries,1,2026-10-05T11:32:36,nodeC027,3.11.9,unknown,13155604,13734,2015-08-23,1,1,0.8058717846870422,random,attribution,14,140,0.0,0.41,0.3499381141007688,0.0428034188034188,0.0,10,10,0.0,1.4440156519412994e-05,7.785714285714286,Wind
timeseries,1,2026-10-05T11:32:36,nodeC027,3.11.9,unknown,13155604,13758,2015-09-16,1,1,0.9187036752700806,integrated_gradients,attribution,14,140,0.6139018665061126,1.0,0.7948441542932428,1.0,0.8666666666666667,10,10,1.0,0.006993263028562069,0.8571428571428571,RH2
timeseries,1,2026-10-05T11:32:36,nodeC027,3.11.9,unknown,13155604,13758,2015-09-16,1,1,0.9187036752700806,gradient_shap,attribution,14,140,0.5845567364268109,1.0,0.7915136660894099,0.8097058823529413,0.75,10,10,0.8666666666666667,0.0034575029276311398,0.7857142857142857,RH2
timeseries,1,2026-10-05T11:32:36,nodeC027,3.11.9,unknown,13155604,13758,2015-09-16,1,1,0.9187036752700806,lime,attribution,14,140,0.5439640401238153,1.0,0.6935718894705064,1.0,0.75,10,10,1.0,0.02365684090182185,1.3571428571428572,RH2
timeseries,1,2026-10-05T11:32:36,nodeC027,3.11.9,unknown,13155604,13758,2015-09-16,1,1,0.9187036752700806,random,attribution,14,140,0.006749629702678663,0.3,0.3282484401703585,0.05359544159544159,0.0,10,10,0.037037037037037035,1.3617798686027527e-05,8.142857142857142,RH2
timeseries,1,2026-10-05T11:32:36,nodeC027,3.11.9,unknown,13155604,13777,2015-10-05,1,1,0.8721714615821838,integrated_gradients,attribution,14,140,0.4653386145970278,1.0,0.8159254356624664,0.9216666666666666,0.6470588235294118,10,10,1.0,0.005967651028186083,0.6428571428571429,RH2
timeseries,1,2026-10-05T11:32:36,nodeC027,3.11.9,unknown,13155604,13777,2015-10-05,1,1,0.8721714615821838,gradient_shap,attribution,14,140,0.5119557968097145,0.99,0.8179577307683993,0.96,0.75,10,10,0.8666666666666667,0.0030835638754069805,0.5714285714285714,RH2
timeseries,1,2026-10-05T11:32:36,nodeC027,3.11.9,unknown,13155604,13777,2015-10-05,1,1,0.8721714615821838,lime,attribution,14,140,0.39550158143363223,1.0,0.7366304815098983,1.0,0.75,10,10,1.0,0.010949724353849888,0.7857142857142857,RH2
timeseries,1,2026-10-05T11:32:36,nodeC027,3.11.9,unknown,13155604,13777,2015-10-05,1,1,0.8721714615821838,random,attribution,14,140,0.0015764789450739784,0.36,0.3178729690632349,0.04586894586894587,0.0,10,10,0.07692307692307693,1.3784971088171005e-05,6.785714285714286,Rain
timeseries,1,2026-10-05T11:32:36,nodeC027,3.11.9,unknown,13155604,13815,2015-11-12,0,0,0.6889804005622864,integrated_gradients,attribution,14,140,0.007121443722660782,0.79,0.7532972030450137,0.8683333333333334,0.5555555555555556,10,10,1.0,0.005984132178127766,3.0714285714285716,Wind
timeseries,1,2026-10-05T11:32:36,nodeC027,3.11.9,unknown,13155604,13815,2015-11-12,0,0,0.6889804005622864,gradient_shap,attribution,14,140,0.16120487166339667,0.9,0.7815839070821521,0.6738235294117647,0.47368421052631576,10,10,0.75,0.0030955420807003975,0.7857142857142857,MinT
timeseries,1,2026-10-05T11:32:36,nodeC027,3.11.9,unknown,13155604,13815,2015-11-12,0,0,0.6889804005622864,lime,attribution,14,140,0.0,0.75,0.6653584685647966,0.7861111111111111,0.5555555555555556,10,10,1.0,0.011968090198934078,3.0714285714285716,Wind
timeseries,1,2026-10-05T11:32:36,nodeC027,3.11.9,unknown,13155604,13815,2015-11-12,0,0,0.6889804005622864,random,attribution,14,140,0.0,0.66,0.3596174973949422,0.058866096866096874,0.0,10,10,0.0,1.4089979231357574e-05,7.214285714285714,RH2
timeseries,1,2026-10-05T11:32:36,nodeC027,3.11.9,unknown,13155604,13876,2016-01-12,0,0,0.9907671213150024,integrated_gradients,attribution,14,140,0.2821661893765212,1.0,0.8418021124865777,0.8433333333333334,0.5555555555555556,10,10,1.0,0.005973111838102341,0.6428571428571429,MinT
timeseries,1,2026-10-05T11:32:36,nodeC027,3.11.9,unknown,13155604,13876,2016-01-12,0,0,0.9907671213150024,gradient_shap,attribution,14,140,0.23482705235865475,1.0,0.8322280786952118,0.6551461988304093,0.47368421052631576,10,10,0.75,0.0030588628724217415,0.6428571428571429,MinT
timeseries,1,2026-10-05T11:32:36,nodeC027,3.11.9,unknown,13155604,13876,2016-01-12,0,0,0.9907671213150024,lime,attribution,14,140,0.25229706285177866,0.99,0.722020001676557,0.85,0.5555555555555556,10,10,0.75,0.015464159194380045,1.9285714285714286,Wind
timeseries,1,2026-10-05T11:32:36,nodeC027,3.11.9,unknown,13155604,13876,2016-01-12,0,0,0.9907671213150024,random,attribution,14,140,0.0,0.53,0.3547628749308851,0.04650712250712251,0.0,10,10,0.12,1.4459248632192612e-05,6.571428571428571,MaxT
timeseries,1,2026-10-05T11:32:36,nodeC027,3.11.9,unknown,13155604,13932,2016-03-08,0,0,0.895810604095459,integrated_gradients,attribution,14,140,0.38776594215743104,1.0,0.8057906824782686,0.9733333333333334,0.6470588235294118,10,10,1.0,0.005985233932733536,0.35714285714285715,MinT
timeseries,1,2026-10-05T11:32:36,nodeC027,3.11.9,unknown,13155604,13932,2016-03-08,0,0,0.895810604095459,gradient_shap,attribution,14,140,0.40078126538670567,1.0,0.7870273097529864,0.8583333333333334,0.5555555555555556,10,10,0.8666666666666667,0.0031036408618092537,0.7142857142857143,RH2
timeseries,1,2026-10-05T11:32:36,nodeC027,3.11.9,unknown,13155604,13932,2016-03-08,0,0,0.895810604095459,lime,attribution,14,140,0.32717519113448956,0.98,0.730895139070785,0.925,0.5555555555555556,10,10,1.0,0.010951177217066288,0.5,MaxT
timeseries,1,2026-10-05T11:32:36,nodeC027,3.11.9,unknown,13155604,13932,2016-03-08,0,0,0.895810604095459,random,attribution,14,140,0.010450850104676175,0.6,0.3200740023851598,0.04647293447293448,0.0,10,10,0.037037037037037035,1.3940036296844482e-05,6.857142857142857,Rain
timeseries,1,2026-10-05T11:32:36,nodeC027,3.11.9,unknown,13155604,13938,2016-03-14,0,0,0.8960028290748596,integrated_gradients,attribution,14,140,0.48392136522411244,1.0,0.8170035680464609,0.9333333333333333,0.8666666666666667,10,10,1.0,0.06974598485976458,0.5,RH2
timeseries,1,2026-10-05T11:32:36,nodeC027,3.11.9,unknown,13155604,13938,2016-03-14,0,0,0.8960028290748596,gradient_shap,attribution,14,140,0.5235431616425631,1.0,0.8091933891107764,0.7321568627450981,0.5555555555555556,10,10,0.75,0.003091452643275261,0.6428571428571429,MinT
timeseries,1,2026-10-05T11:32:36,nodeC027,3.11.9,unknown,13155604,13938,2016-03-14,0,0,0.8960028290748596,lime,attribution,14,140,0.5080929680511465,0.99,0.7556638685655304,0.95,0.4,10,10,1.0,0.011097713839262724,0.7857142857142857,RH2
timeseries,1,2026-10-05T11:32:36,nodeC027,3.11.9,unknown,13155604,13938,2016-03-14,0,0,0.8960028290748596,random,attribution,14,140,0.0,0.54,0.32378531420879963,0.057584045584045576,0.0,10,10,0.037037037037037035,1.3471115380525589e-05,5.142857142857143,MaxT
timeseries,1,2026-10-05T11:32:36,nodeC027,3.11.9,unknown,13155604,13940,2016-03-16,0,0,0.6304194927215576,integrated_gradients,attribution,14,140,0.254474842965905,0.95,0.8369744346291947,0.9200000000000002,0.5555555555555556,10,10,1.0,0.006701942998915911,0.7857142857142857,RH2
timeseries,1,2026-10-05T11:32:36,nodeC027,3.11.9,unknown,13155604,13940,2016-03-16,0,0,0.6304194927215576,gradient_shap,attribution,14,140,0.26118384552285007,0.91,0.7985039057819419,0.86,0.6470588235294118,10,10,0.8666666666666667,0.003086008131504059,0.9285714285714286,RH2
timeseries,1,2026-10-05T11:32:36,nodeC027,3.11.9,unknown,13155604,13940,2016-03-16,0,0,0.6304194927215576,lime,attribution,14,140,0.23581663213158302,0.93,0.8044534074072617,0.95,0.75,10,10,1.0,0.016170193906873465,1.0714285714285714,RH2
timeseries,1,2026-10-05T11:32:36,nodeC027,3.11.9,unknown,13155604,13940,2016-03-16,0,0,0.6304194927215576,random,attribution,14,140,0.08604454855605027,0.63,0.34667256496249843,0.055162393162393165,0.0,10,10,0.0,1.338217407464981e-05,6.071428571428571,RH1
timeseries,1,2026-10-05T11:32:36,nodeC027,3.11.9,unknown,13155604,13943,2016-03-19,0,0,0.6866428852081299,integrated_gradients,attribution,14,140,0.18365920842058772,1.0,0.8505042807438302,0.9466666666666667,0.6470588235294118,10,10,1.0,0.005957880988717079,0.5,RH2
timeseries,1,2026-10-05T11:32:36,nodeC027,3.11.9,unknown,13155604,13943,2016-03-19,0,0,0.6866428852081299,gradient_shap,attribution,14,140,0.16810038163340207,0.95,0.8272439027128737,0.8333333333333334,0.6470588235294118,10,10,0.8666666666666667,0.003088539931923151,0.7857142857142857,RH2
timeseries,1,2026-10-05T11:32:36,nodeC027,3.11.9,unknown,13155604,13943,2016-03-19,0,0,0.6866428852081299,lime,attribution,14,140,0.07195739289282008,0.85,0.8210829147036336,0.825,0.75,10,10,1.0,0.011052492074668407,0.5,MaxT
timeseries,1,2026-10-05T11:32:36,nodeC027,3.11.9,unknown,13155604,13943,2016-03-19,0,0,0.6866428852081299,random,attribution,14,140,0.155820039590429,0.75,0.3343155390309416,0.053880341880341874,0.0,10,10,0.037037037037037035,1.4432240277528763e-05,7.857142857142857,RH1
timeseries,1,2026-10-05T11:32:36,nodeC027,3.11.9,unknown,13155604,13954,2016-03-30,0,0,0.7907856702804565,integrated_gradients,attribution,14,140,0.4475173778425592,1.0,0.8306149032745936,0.8933333333333333,0.6470588235294118,10,10,1.0,0.0059631639160215855,0.42857142857142855,RH2
timeseries,1,2026-10-05T11:32:36,nodeC027,3.11.9,unknown,13155604,13954,2016-03-30,0,0,0.7907856702804565,gradient_shap,attribution,14,140,0.42141846701130653,1.0,0.8153293355463697,0.7997058823529412,0.5555555555555556,10,10,0.75,0.0030784159898757935,0.5714285714285714,RH2
timeseries,1,2026-10-05T11:32:36,nodeC027,3.11.9,unknown,13155604,13954,2016-03-30,0,0,0.7907856702804565,lime,attribution,14,140,0.37258507496166104,0.98,0.789156279865608,0.8305555555555555,0.5555555555555556,10,10,1.0,0.012422345113009214,0.7857142857142857,RH2
timeseries,1,2026-10-05T11:32:36,nodeC027,3.11.9,unknown,13155604,13954,2016-03-30,0,0,0.7907856702804565,random,attribution,14,140,0.0,0.42,0.30494898098015444,0.0548034188034188,0.0,10,10,0.037037037037037035,1.3700220733880997e-05,6.142857142857143,RH1
timeseries,1,2026-10-05T11:32:36,nodeC027,3.11.9,unknown,13155604,13966,2016-04-11,0,0,0.7773232460021973,integrated_gradients,attribution,14,140,0.37250025304187,0.96,0.8544441351227873,0.9350000000000002,0.75,10,10,1.0,0.0059609562158584595,0.6428571428571429,RH2
timeseries,1,2026-10-05T11:32:36,nodeC027,3.11.9,unknown,13155604,13966,2016-04-11,0,0,0.7773232460021973,gradient_shap,attribution,14,140,0.37250025304187,0.99,0.8510291098068496,0.9083333333333334,0.75,10,10,0.8666666666666667,0.003118826076388359,0.6428571428571429,RH2
timeseries,1,2026-10-05T11:32:36,nodeC027,3.11.9,unknown,13155604,13966,2016-04-11,0,0,0.7773232460021973,lime,attribution,14,140,0.30085137087350056,0.97,0.7805107746276133,1.0,0.5555555555555556,10,10,1.0,0.010942563880234957,1.0714285714285714,RH2
timeseries,1,2026-10-05T11:32:36,nodeC027,3.11.9,unknown,13155604,13966,2016-04-11,0,0,0.7773232460021973,random,attribution,14,140,0.0,0.49,0.3112314339024771,0.06189173789173787,0.0,10,10,0.07692307692307693,1.4699064195156097e-05,5.857142857142857,Wind
timeseries,1,2026-10-05T11:32:36,nodeC027,3.11.9,unknown,13155604,13969,2016-04-14,0,0,0.9055615663528442,integrated_gradients,attribution,14,140,0.4046569553134438,1.0,0.8462206848055015,1.0,0.75,10,10,1.0,0.005952632986009121,0.6428571428571429,RH2
timeseries,1,2026-10-05T11:32:36,nodeC027,3.11.9,unknown,13155604,13969,2016-04-14,0,0,0.9055615663528442,gradient_shap,attribution,14,140,0.4426081508861894,1.0,0.8239419088014418,0.7997058823529413,0.75,10,10,0.8666666666666667,0.0030920878052711487,0.6428571428571429,RH2
timeseries,1,2026-10-05T11:32:36,nodeC027,3.11.9,unknown,13155604,13969,2016-04-14,0,0,0.9055615663528442,lime,attribution,14,140,0.4457666202718893,0.99,0.7654315728660368,1.0,0.75,10,10,1.0,0.020240467973053455,0.7857142857142857,RH2
timeseries,1,2026-10-05T11:32:36,nodeC027,3.11.9,unknown,13155604,13969,2016-04-14,0,0,0.9055615663528442,random,attribution,14,140,0.0,0.56,0.3302239170560385,0.05299145299145299,0.0,10,10,0.037037037037037035,1.4535151422023773e-05,4.714285714285714,MaxT
timeseries,1,2026-10-05T11:32:36,nodeC027,3.11.9,unknown,13155604,13996,2016-05-11,1,1,0.7418327927589417,integrated_gradients,attribution,14,140,0.34496382701147343,1.0,0.8556798031864958,0.9200000000000002,0.6470588235294118,10,10,1.0,0.0697978800162673,0.5,MinT
timeseries,1,2026-10-05T11:32:36,nodeC027,3.11.9,unknown,13155604,13996,2016-05-11,1,1,0.7418327927589417,gradient_shap,attribution,14,140,0.3674365085531455,1.0,0.8429318539919342,0.82,0.6470588235294118,10,10,0.8666666666666667,0.0030758799985051155,0.6428571428571429,RH2
timeseries,1,2026-10-05T11:32:36,nodeC027,3.11.9,unknown,13155604,13996,2016-05-11,1,1,0.7418327927589417,lime,attribution,14,140,0.41461108161899884,1.0,0.7886152102774359,1.0,0.5555555555555556,10,10,1.0,0.0117188710719347,0.5,MaxT
timeseries,1,2026-10-05T11:32:36,nodeC027,3.11.9,unknown,13155604,13996,2016-05-11,1,1,0.7418327927589417,random,attribution,14,140,0.0,0.34,0.34092766611532355,0.058188034188034185,0.0,10,10,0.12,1.4398712664842606e-05,5.5,Radiation
timeseries,1,2026-10-05T11:32:36,nodeC027,3.11.9,unknown,13155604,14006,2016-05-21,1,1,0.7662295699119568,integrated_gradients,attribution,14,140,0.33700287331219064,1.0,0.8493127185952083,0.8933333333333333,0.6470588235294118,10,10,1.0,0.007020120043307543,0.5714285714285714,MinT
timeseries,1,2026-10-05T11:32:36,nodeC027,3.11.9,unknown,13155604,14006,2016-05-21,1,1,0.7662295699119568,gradient_shap,attribution,14,140,0.4296858803974952,1.0,0.854453554839927,0.7894117647058824,0.5555555555555556,10,10,0.75,0.00373337185010314,0.6428571428571429,MinT
timeseries,1,2026-10-05T11:32:36,nodeC027,3.11.9,unknown,13155604,14006,2016-05-21,1,1,0.7662295699119568,lime,attribution,14,140,0.3031128495171487,1.0,0.7529654694957753,0.875,0.4,10,10,1.0,0.011204116977751255,0.7857142857142857,MinT
timeseries,1,2026-10-05T11:32:36,nodeC027,3.11.9,unknown,13155604,14006,2016-05-21,1,1,0.7662295699119568,random,attribution,14,140,0.0,0.38,0.30877583254874874,0.037606837606837605,0.0,10,10,0.037037037037037035,1.3938173651695251e-05,5.714285714285714,RH1
timeseries,1,2026-10-05T11:32:36,nodeC027,3.11.9,unknown,13155604,14014,2016-05-29,1,1,0.5141964554786682,integrated_gradients,attribution,14,140,0.0,0.56,0.8281669192114192,0.8816666666666666,0.6470588235294118,10,10,1.0,0.007021954748779535,0.7142857142857143,MinT
timeseries,1,2026-10-05T11:32:36,nodeC027,3.11.9,unknown,13155604,14014,2016-05-29,1,1,0.5141964554786682,gradient_shap,attribution,14,140,0.19210690888900095,0.62,0.8149804939165091,0.6504901960784314,0.47368421052631576,10,10,0.8666666666666667,0.0034647700376808643,1.0714285714285714,MinT
timeseries,1,2026-10-05T11:32:36,nodeC027,3.11.9,unknown,13155604,14014,2016-05-29,1,1,0.5141964554786682,lime,attribution,14,140,0.0,0.43,0.7654804726472988,0.95,0.5555555555555556,10,10,1.0,0.011205462738871574,0.7857142857142857,MinT
timeseries,1,2026-10-05T11:32:36,nodeC027,3.11.9,unknown,13155604,14014,2016-05-29,1,1,0.5141964554786682,random,attribution,14,140,0.7011685117920523,0.81,0.32798166641392856,0.043481481481481475,0.0,10,10,0.07692307692307693,1.4429911971092224e-05,6.714285714285714,MinT
timeseries,1,2026-10-05T11:32:36,nodeC027,3.11.9,unknown,13155604,14028,2016-06-12,1,1,0.7801887392997742,integrated_gradients,attribution,14,140,0.4079643864365007,0.95,0.761864447498423,0.8933333333333333,0.6470588235294118,10,10,1.0,0.07007743418216705,1.4285714285714286,RH2
timeseries,1,2026-10-05T11:32:36,nodeC027,3.11.9,unknown,13155604,14028,2016-06-12,1,1,0.7801887392997742,gradient_shap,attribution,14,140,0.41256444625591937,0.82,0.7580343768658898,0.5419263845889234,0.4,10,10,0.8666666666666667,0.0034521580673754215,1.7142857142857142,MinT
timeseries,1,2026-10-05T11:32:36,nodeC027,3.11.9,unknown,13155604,14028,2016-06-12,1,1,0.7801887392997742,lime,attribution,14,140,0.33706920755313746,0.79,0.7154101920800183,0.975,0.5555555555555556,10,10,1.0,0.011183334980159998,1.9285714285714286,RH2
timeseries,1,2026-10-05T11:32:36,nodeC027,3.11.9,unknown,13155604,14028,2016-06-12,1,1,0.7801887392997742,random,attribution,14,140,0.0,0.47,0.33009795374738704,0.06684330484330483,0.0,10,10,0.037037037037037035,1.4223624020814896e-05,6.285714285714286,RH1
timeseries,1,2026-10-05T11:32:36,nodeC027,3.11.9,unknown,13155604,14030,2016-06-14,1,1,0.7810518145561218,integrated_gradients,attribution,14,140,0.29185517323271376,0.93,0.7698544964577166,0.9066666666666668,0.6470588235294118,10,10,1.0,0.0070154801942408085,0.7142857142857143,MinT
timeseries,1,2026-10-05T11:32:36,nodeC027,3.11.9,unknown,13155604,14030,2016-06-14,1,1,0.7810518145561218,gradient_shap,attribution,14,140,0.33309701648580925,0.94,0.7696841472309348,0.8097058823529413,0.6470588235294118,10,10,0.75,0.0034579019993543625,0.7142857142857143,MinT
timeseries,1,2026-10-05T11:32:36,nodeC027,3.11.9,unknown,13155604,14030,2016-06-14,1,1,0.7810518145561218,lime,attribution,14,140,0.3077700063706342,0.8,0.7140068012383325,0.95,0.5555555555555556,10,10,1.0,0.011200692970305681,2.5,RH2
timeseries,1,2026-10-05T11:32:36,nodeC027,3.11.9,unknown,13155604,14030,2016-06-14,1,1,0.7810518145561218,random,attribution,14,140,0.0,0.36,0.3286190876859324,0.07884330484330483,0.0,10,10,0.07692307692307693,1.4398712664842606e-05,7.214285714285714,RH1
timeseries,1,2026-10-05T11:32:36,nodeC027,3.11.9,unknown,13155604,14034,2016-06-18,1,1,0.5284115076065063,integrated_gradients,attribution,14,140,0.12116168095876112,0.42,0.8355865187004685,0.8800000000000001,0.75,10,10,1.0,0.06837734393775463,0.6428571428571429,MinT
timeseries,1,2026-10-05T11:32:36,nodeC027,3.11.9,unknown,13155604,14034,2016-06-18,1,1,0.5284115076065063,gradient_shap,attribution,14,140,0.20973987944422248,0.62,0.8192108893401692,0.8330392156862747,0.75,10,10,1.0,0.0030877627432346344,0.5714285714285714,FAO56_ET
timeseries,1,2026-10-05T11:32:36,nodeC027,3.11.9,unknown,13155604,14034,2016-06-18,1,1,0.5284115076065063,lime,attribution,14,140,0.029790506193040394,0.43,0.7949234204666961,0.9,0.4,10,10,1.0,0.012345049995929003,0.7857142857142857,MinT
timeseries,1,2026-10-05T11:32:36,nodeC027,3.11.9,unknown,13155604,14034,2016-06-18,1,1,0.5284115076065063,random,attribution,14,140,0.0,0.36,0.3179766881555981,0.04960683760683761,0.0,10,10,0.07692307692307693,1.471908763051033e-05,6.285714285714286,RH1
timeseries,1,2026-10-05T11:32:36,nodeC027,3.11.9,unknown,13155604,14074,2016-07-28,1,1,0.9315709471702576,integrated_gradients,attribution,14,140,0.6273652332206828,1.0,0.7983147730279796,0.9466666666666667,0.75,10,10,1.0,0.00596806313842535,1.7142857142857142,RH2
timeseries,1,2026-10-05T11:32:36,nodeC027,3.11.9,unknown,13155604,14074,2016-07-28,1,1,0.9315709471702576,gradient_shap,attribution,14,140,0.6270154704982037,1.0,0.8298939280176478,0.9333333333333333,0.6470588235294118,10,10,0.75,0.0031043789349496365,1.1428571428571428,RH2
timeseries,1,2026-10-05T11:32:36,nodeC027,3.11.9,unknown,13155604,14074,2016-07-28,1,1,0.9315709471702576,lime,attribution,14,140,0.6361378376723469,1.0,0.6656108039714018,1.0,0.75,10,10,1.0,0.010958856903016567,2.2142857142857144,RH2
timeseries,1,2026-10-05T11:32:36,nodeC027,3.11.9,unknown,13155604,14074,2016-07-28,1,1,0.9315709471702576,random,attribution,14,140,0.0,0.48,0.3644886732682805,0.06648433048433047,0.0,10,10,0.07692307692307693,1.3899989426136017e-05,8.142857142857142,RH2
timeseries,1,2026-10-05T11:32:36,nodeC027,3.11.9,unknown,13155604,14075,2016-07-29,1,1,0.8726023435592651,integrated_gradients,attribution,14,140,0.66031130262507,0.99,0.7500489820942193,0.9600000000000002,0.75,10,10,1.0,0.06990761030465364,1.5714285714285714,RH2
timeseries,1,2026-10-05T11:32:36,nodeC027,3.11.9,unknown,13155604,14075,2016-07-29,1,1,0.8726023435592651,gradient_shap,attribution,14,140,0.6619007327813327,1.0,0.7688421016811475,0.7513725490196078,0.5555555555555556,10,10,1.0,0.003073472995311022,1.5,RH2
timeseries,1,2026-10-05T11:32:36,nodeC027,3.11.9,unknown,13155604,14075,2016-07-29,1,1,0.8726023435592651,lime,attribution,14,140,0.3729286485273949,0.9,0.6801030757919453,0.95,0.75,10,10,0.75,0.015435840003192425,2.2142857142857144,RH2
timeseries,1,2026-10-05T11:32:36,nodeC027,3.11.9,unknown,13155604,14075,2016-07-29,1,1,0.8726023435592651,random,attribution,14,140,0.0,0.44,0.32066777486545817,0.0459031339031339,0.0,10,10,0.037037037037037035,1.3353768736124039e-05,6.857142857142857,Wind
timeseries,1,2026-10-05T11:32:36,nodeC027,3.11.9,unknown,13155604,14079,2016-08-02,1,1,0.919430673122406,integrated_gradients,attribution,14,140,0.492857308167969,1.0,0.7278549888813199,1.0,0.6470588235294118,10,10,1.0,0.006321922410279512,0.6428571428571429,RH2
timeseries,1,2026-10-05T11:32:36,nodeC027,3.11.9,unknown,13155604,14079,2016-08-02,1,1,0.919430673122406,gradient_shap,attribution,14,140,0.4962954167994826,1.0,0.7321941943894603,0.9200000000000002,0.8666666666666667,10,10,1.0,0.0030949958600103855,0.35714285714285715,MinT
timeseries,1,2026-10-05T11:32:36,nodeC027,3.11.9,unknown,13155604,14079,2016-08-02,1,1,0.919430673122406,lime,attribution,14,140,0.28339001549837617,0.99,0.636258851327207,0.825,0.4,10,10,1.0,0.012524416204541922,0.7857142857142857,RH2
timeseries,1,2026-10-05T11:32:36,nodeC027,3.11.9,unknown,13155604,14079,2016-08-02,1,1,0.919430673122406,random,attribution,14,140,0.0,0.39,0.3155252776430265,0.03821082621082621,0.0,10,10,0.07692307692307693,1.3239681720733643e-05,7.714285714285714,Evap
timeseries,1,2026-10-05T11:32:36,nodeC027,3.11.9,unknown,13155604,14087,2016-08-10,1,1,0.8062726855278015,integrated_gradients,attribution,14,140,0.5269295633750871,0.94,0.6788806495041453,0.9066666666666666,0.5555555555555556,10,10,1.0,0.007059247232973576,1.8571428571428572,RH2
timeseries,1,2026-10-05T11:32:36,nodeC027,3.11.9,unknown,13155604,14087,2016-08-10,1,1,0.8062726855278015,gradient_shap,attribution,14,140,0.5379487382689346,0.98,0.7459264101158007,0.7243790849673204,0.5555555555555556,10,10,0.6470588235294118,0.003107004798948765,0.9285714285714286,RH2
timeseries,1,2026-10-05T11:32:36,nodeC027,3.11.9,unknown,13155604,14087,2016-08-10,1,1,0.8062726855278015,lime,attribution,14,140,0.6005666366353957,0.91,0.6689296460739935,0.9,0.5555555555555556,10,10,0.75,0.013309479225426912,3.642857142857143,RH2
timeseries,1,2026-10-05T11:32:36,nodeC027,3.11.9,unknown,13155604,14087,2016-08-10,1,1,0.8062726855278015,random,attribution,14,140,0.06306226852332714,0.41,0.3563137989210905,0.061572649572649574,0.037037037037037035,10,10,0.0,1.3848766684532166e-05,7.071428571428571,FAO56_ET
timeseries,1,2026-10-05T11:32:36,nodeC027,3.11.9,unknown,13155604,14105,2016-08-28,1,1,0.6870872378349304,integrated_gradients,attribution,14,140,0.38363076496535087,0.69,0.8494655436981057,0.9866666666666667,0.75,10,10,1.0,0.005945633165538311,0.7142857142857143,MinT
timeseries,1,2026-10-05T11:32:36,nodeC027,3.11.9,unknown,13155604,14105,2016-08-28,1,1,0.6870872378349304,gradient_shap,attribution,14,140,0.4183350450504454,0.74,0.8211694307311797,0.7644117647058823,0.5555555555555556,10,10,0.75,0.0030892672948539257,0.6428571428571429,MinT
timeseries,1,2026-10-05T11:32:36,nodeC027,3.11.9,unknown,13155604,14105,2016-08-28,1,1,0.6870872378349304,lime,attribution,14,140,0.3981621718875123,0.64,0.7975709582975593,0.825,0.5555555555555556,10,10,0.75,0.015809264965355396,0.7857142857142857,RH2
timeseries,1,2026-10-05T11:32:36,nodeC027,3.11.9,unknown,13155604,14105,2016-08-28,1,1,0.6870872378349304,random,attribution,14,140,0.0,0.3,0.3645943342884628,0.046866096866096864,0.0,10,10,0.12,1.319916918873787e-05,5.142857142857143,Wind
timeseries,1,2026-10-05T11:32:36,nodeC027,3.11.9,unknown,13155604,14110,2016-09-02,1,1,0.9266965985298157,integrated_gradients,attribution,14,140,0.5954663834551255,1.0,0.8462682116127587,0.9200000000000002,0.75,10,10,1.0,0.0059534600004553795,0.5,RH2
timeseries,1,2026-10-05T11:32:36,nodeC027,3.11.9,unknown,13155604,14110,2016-09-02,1,1,0.9266965985298157,gradient_shap,attribution,14,140,0.4258520835877973,1.0,0.8341918705191849,0.7966666666666666,0.75,10,10,0.75,0.0030806497670710087,0.5,RH2
timeseries,1,2026-10-05T11:32:36,nodeC027,3.11.9,unknown,13155604,14110,2016-09-02,1,1,0.9266965985298157,lime,attribution,14,140,0.3162846829136391,1.0,0.7123342607459529,0.925,0.75,10,10,0.75,0.014409133698791265,0.7857142857142857,RH2
timeseries,1,2026-10-05T11:32:36,nodeC027,3.11.9,unknown,13155604,14110,2016-09-02,1,1,0.9266965985298157,random,attribution,14,140,0.060823203175787266,0.82,0.3159141711890465,0.0301994301994302,0.0,10,10,0.12,1.2891832739114761e-05,5.642857142857143,SSH
timeseries,1,2026-10-05T11:32:36,nodeC027,3.11.9,unknown,13155604,14119,2016-09-11,1,1,0.8670316338539124,integrated_gradients,attribution,14,140,0.48840941631032936,0.99,0.7708214582948557,0.8466666666666667,0.5555555555555556,10,10,1.0,0.005963943898677826,0.7142857142857143,RH2
timeseries,1,2026-10-05T11:32:36,nodeC027,3.11.9,unknown,13155604,14119,2016-09-11,1,1,0.8670316338539124,gradient_shap,attribution,14,140,0.562503879832071,1.0,0.832028117306985,0.8097058823529413,0.6470588235294118,10,10,0.75,0.0030870819464325905,0.5714285714285714,RH2
timeseries,1,2026-10-05T11:32:36,nodeC027,3.11.9,unknown,13155604,14119,2016-09-11,1,1,0.8670316338539124,lime,attribution,14,140,0.49187055305936317,0.99,0.6899855473640557,0.875,0.75,10,10,0.75,0.014896072912961245,1.3571428571428572,RH2
timeseries,1,2026-10-05T11:32:36,nodeC027,3.11.9,unknown,13155604,14119,2016-09-11,1,1,0.8670316338539124,random,attribution,14,140,0.0,0.33,0.31149152734545194,0.05419943019943019,0.0,10,10,0.0,1.4513731002807617e-05,6.857142857142857,MinT
timeseries,1,2026-10-05T11:32:36,nodeC027,3.11.9,unknown,13155604,14122,2016-09-14,1,1,0.9262146949768066,integrated_gradients,attribution,14,140,0.6322049710585531,1.0,0.775548932120445,0.9733333333333334,0.75,10,10,1.0,0.06980789825320244,0.35714285714285715,RH2
timeseries,1,2026-10-05T11:32:36,nodeC027,3.11.9,unknown,13155604,14122,2016-09-14,1,1,0.9262146949768066,gradient_shap,attribution,14,140,0.6322049710585531,1.0,0.8195347203337178,0.9733333333333334,0.8666666666666667,10,10,1.0,0.003471262287348509,0.35714285714285715,RH2
timeseries,1,2026-10-05T11:32:36,nodeC027,3.11.9,unknown,13155604,14122,2016-09-14,1,1,0.9262146949768066,lime,attribution,14,140,0.40416238665999626,0.93,0.6738126282105408,1.0,0.75,10,10,1.0,0.01132173091173172,0.7857142857142857,RH2
timeseries,1,2026-10-05T11:32:36,nodeC027,3.11.9,unknown,13155604,14122,2016-09-14,1,1,0.9262146949768066,random,attribution,14,140,0.015150419201475277,0.53,0.34986728852992,0.05359544159544159,0.0,10,10,0.12,1.3757962733507156e-05,6.785714285714286,SSH
timeseries,1,2026-10-05T11:32:36,nodeC027,3.11.9,unknown,13155604,14131,2016-09-23,1,1,0.9008688926696777,integrated_gradients,attribution,14,140,0.6674643008184691,1.0,0.6946106384153073,0.9866666666666667,0.6470588235294118,10,10,1.0,0.00596564682200551,2.0,RH2
timeseries,1,2026-10-05T11:32:36,nodeC027,3.11.9,unknown,13155604,14131,2016-09-23,1,1,0.9008688926696777,gradient_shap,attribution,14,140,0.6919561452400121,1.0,0.7125742695144262,0.7997058823529412,0.75,10,10,0.75,0.003096827771514654,1.5,RH2
timeseries,1,2026-10-05T11:32:36,nodeC027,3.11.9,unknown,13155604,14131,2016-09-23,1,1,0.9008688926696777,lime,attribution,14,140,0.7379603590614098,1.0,0.6198969378985606,0.825,0.5555555555555556,10,10,0.75,0.012425906956195831,3.357142857142857,RH2
timeseries,1,2026-10-05T11:32:36,nodeC027,3.11.9,unknown,13155604,14131,2016-09-23,1,1,0.9008688926696777,random,attribution,14,140,0.0,0.41,0.3507584156870249,0.03418803418803419,0.0,10,10,0.037037037037037035,1.3221055269241333e-05,6.071428571428571,MinT
timeseries,1,2026-10-05T11:32:36,nodeC027,3.11.9,unknown,13155604,14134,2016-09-26,1,1,0.951103687286377,integrated_gradients,attribution,14,140,0.5373202216574777,1.0,0.7445077145510021,0.96,0.75,10,10,1.0,0.006993487011641264,0.7142857142857143,RH2
timeseries,1,2026-10-05T11:32:36,nodeC027,3.11.9,unknown,13155604,14134,2016-09-26,1,1,0.951103687286377,gradient_shap,attribution,14,140,0.5386772232051494,1.0,0.7675593636628628,0.8983333333333334,0.6470588235294118,10,10,0.75,0.003104167990386486,0.7142857142857143,RH2
timeseries,1,2026-10-05T11:32:36,nodeC027,3.11.9,unknown,13155604,14134,2016-09-26,1,1,0.951103687286377,lime,attribution,14,140,0.39830406611020003,1.0,0.6160784001259096,0.95,0.75,10,10,1.0,0.011789760086685419,0.7857142857142857,RH2
timeseries,1,2026-10-05T11:32:36,nodeC027,3.11.9,unknown,13155604,14134,2016-09-26,1,1,0.951103687286377,random,attribution,14,140,0.019605095535014633,0.74,0.3704534334876163,0.07848433048433048,0.0,10,10,0.037037037037037035,1.2994278222322464e-05,4.642857142857143,Radiation
timeseries,1,2026-10-05T11:32:36,nodeC027,3.11.9,unknown,13155604,14144,2016-10-06,1,1,0.7205214500427246,integrated_gradients,attribution,14,140,0.41561462016633544,0.81,0.7104668959069986,0.9333333333333333,0.6470588235294118,10,10,1.0,0.005977782886475325,0.8571428571428571,RH2
timeseries,1,2026-10-05T11:32:36,nodeC027,3.11.9,unknown,13155604,14144,2016-10-06,1,1,0.7205214500427246,gradient_shap,attribution,14,140,0.4926503580639333,0.77,0.7391520118218591,0.7513725490196078,0.5555555555555556,10,10,0.6470588235294118,0.0030994187109172344,1.0,RH2
timeseries,1,2026-10-05T11:32:36,nodeC027,3.11.9,unknown,13155604,14144,2016-10-06,1,1,0.7205214500427246,lime,attribution,14,140,0.3538352730531163,0.71,0.6439014246682115,0.9,0.5555555555555556,10,10,1.0,0.012684628367424011,1.6428571428571428,RH2
timeseries,1,2026-10-05T11:32:36,nodeC027,3.11.9,unknown,13155604,14144,2016-10-06,1,1,0.7205214500427246,random,attribution,14,140,0.0829812586405549,0.47,0.2942552156307474,0.053880341880341874,0.0,10,10,0.037037037037037035,1.2808945029973984e-05,7.785714285714286,MinT
timeseries,1,2026-10-05T11:32:36,nodeC027,3.11.9,unknown,13155604,14175,2016-11-06,0,0,0.9530174136161804,integrated_gradients,attribution,14,140,0.2573834764558763,1.0,0.7583946191080414,0.8699999999999999,0.47368421052631576,10,10,1.0,0.005958988796919584,1.7142857142857142,Wind
timeseries,1,2026-10-05T11:32:36,nodeC027,3.11.9,unknown,13155604,14175,2016-11-06,0,0,0.9530174136161804,gradient_shap,attribution,14,140,0.31094042965470153,0.98,0.7841805156834418,0.6774836601307189,0.47368421052631576,10,10,0.5555555555555556,0.003097512759268284,0.5,Evap
timeseries,1,2026-10-05T11:32:36,nodeC027,3.11.9,unknown,13155604,14175,2016-11-06,0,0,0.9530174136161804,lime,attribution,14,140,0.11383697483122593,0.91,0.6847318929180196,0.8,0.5555555555555556,10,10,0.75,0.011899731121957302,2.5,Wind
timeseries,1,2026-10-05T11:32:36,nodeC027,3.11.9,unknown,13155604,14175,2016-11-06,0,0,0.9530174136161804,random,attribution,14,140,0.12525433925455778,0.81,0.33781917809179673,0.037606837606837605,0.0,10,10,0.0,1.3002194464206696e-05,6.928571428571429,Evap
timeseries,1,2026-10-05T11:32:36,nodeC027,3.11.9,unknown,13155604,14177,2016-11-08,0,0,0.9521961212158203,integrated_gradients,attribution,14,140,0.2880854699784666,0.99,0.7978078986467548,0.96,0.5555555555555556,10,10,1.0,0.005977240856736898,1.2142857142857142,Wind
timeseries,1,2026-10-05T11:32:36,nodeC027,3.11.9,unknown,13155604,14177,2016-11-08,0,0,0.9521961212158203,gradient_shap,attribution,14,140,0.30253449096098955,1.0,0.7941787896721858,0.821372549019608,0.5555555555555556,10,10,0.8666666666666667,0.0030947038903832436,1.0714285714285714,MinT
timeseries,1,2026-10-05T11:32:36,nodeC027,3.11.9,unknown,13155604,14177,2016-11-08,0,0,0.9521961212158203,lime,attribution,14,140,0.226527492613551,1.0,0.6785816830325532,0.925,0.5555555555555556,10,10,0.75,0.015674011316150427,2.2142857142857144,Wind
timeseries,1,2026-10-05T11:32:36,nodeC027,3.11.9,unknown,13155604,14177,2016-11-08,0,0,0.9521961212158203,random,attribution,14,140,0.35344984726325807,0.91,0.31018387397447,0.041880341880341884,0.0,10,10,0.037037037037037035,1.2773554772138596e-05,5.357142857142857,Radiation
timeseries,1,2026-10-05T11:32:36,nodeC027,3.11.9,unknown,13155604,14188,2016-11-19,0,0,0.9361830949783325,integrated_gradients,attribution,14,140,0.3752716224178123,1.0,0.800005438306637,0.9866666666666667,0.75,10,10,1.0,0.024640618823468685,0.5,Evap
timeseries,1,2026-10-05T11:32:36,nodeC027,3.11.9,unknown,13155604,14188,2016-11-19,0,0,0.9361830949783325,gradient_shap,attribution,14,140,0.31816505041910553,1.0,0.8049138088377873,0.6907516339869282,0.6470588235294118,10,10,0.47368421052631576,0.003099306020885706,1.1428571428571428,MinT
timeseries,1,2026-10-05T11:32:36,nodeC027,3.11.9,unknown,13155604,14188,2016-11-19,0,0,0.9361830949783325,lime,attribution,14,140,0.22538838265268507,0.97,0.6977845887924259,0.8055555555555556,0.4,10,10,0.75,0.010927719064056873,1.6428571428571428,RH2
timeseries,1,2026-10-05T11:32:36,nodeC027,3.11.9,unknown,13155604,14188,2016-11-19,0,0,0.9361830949783325,random,attribution,14,140,0.3665929479339379,0.91,0.3128968242037127,0.045584045584045586,0.0,10,10,0.0,1.4452729374170303e-05,6.214285714285714,Evap
timeseries,1,2026-10-05T11:32:36,nodeC027,3.11.9,unknown,13155604,14191,2016-11-22,0,0,0.9887449145317078,integrated_gradients,attribution,14,140,0.2639647242375042,1.0,0.8055245937797579,0.9200000000000002,0.75,10,10,1.0,0.005944052245467901,0.5714285714285714,MinT
timeseries,1,2026-10-05T11:32:36,nodeC027,3.11.9,unknown,13155604,14191,2016-11-22,0,0,0.9887449145317078,gradient_shap,attribution,14,140,0.25803268274365676,1.0,0.8336407319843051,0.7141812865497077,0.5555555555555556,10,10,0.4,0.003081835340708494,0.6428571428571429,MinT
timeseries,1,2026-10-05T11:32:36,nodeC027,3.11.9,unknown,13155604,14191,2016-11-22,0,0,0.9887449145317078,lime,attribution,14,140,0.24335566803451114,1.0,0.69785300113156,0.7555555555555555,0.4,10,10,0.5555555555555556,0.011598408222198486,0.7857142857142857,MinT
timeseries,1,2026-10-05T11:32:36,nodeC027,3.11.9,unknown,13155604,14191,2016-11-22,0,0,0.9887449145317078,random,attribution,14,140,0.0,0.63,0.3520815401602575,0.04989173789173789,0.0,10,10,0.12,1.3479962944984436e-05,7.214285714285714,MinT
timeseries,1,2026-10-05T11:32:36,nodeC027,3.11.9,unknown,13155604,14193,2016-11-24,0,0,0.9966539144515991,integrated_gradients,attribution,14,140,0.23495644240162028,1.0,0.8079207751743505,0.9200000000000002,0.6470588235294118,10,10,1.0,0.0059631140902638435,0.7857142857142857,MinT
timeseries,1,2026-10-05T11:32:36,nodeC027,3.11.9,unknown,13155604,14193,2016-11-24,0,0,0.9966539144515991,gradient_shap,attribution,14,140,0.16711159412090537,1.0,0.8249709272768975,0.7218627450980393,0.5555555555555556,10,10,0.75,0.0032018329948186874,0.7142857142857143,MinT
timeseries,1,2026-10-05T11:32:36,nodeC027,3.11.9,unknown,13155604,14193,2016-11-24,0,0,0.9966539144515991,lime,attribution,14,140,0.1964936112372659,0.99,0.6700324929906122,0.8555555555555555,0.4,10,10,0.5555555555555556,0.012206869665533304,1.0714285714285714,Wind
timeseries,1,2026-10-05T11:32:36,nodeC027,3.11.9,unknown,13155604,14193,2016-11-24,0,0,0.9966539144515991,random,attribution,14,140,0.03968577863221498,0.88,0.34640120155811416,0.04989173789173789,0.0,10,10,0.0,1.4345627278089523e-05,5.928571428571429,FAO56_ET
timeseries,1,2026-10-05T11:32:36,nodeC027,3.11.9,unknown,13155604,14215,2016-12-16,0,0,0.6917139887809753,integrated_gradients,attribution,14,140,0.0,0.38,0.8384642208407775,0.9066666666666668,0.75,10,10,1.0,0.005944047123193741,0.6428571428571429,MinT
timeseries,1,2026-10-05T11:32:36,nodeC027,3.11.9,unknown,13155604,14215,2016-12-16,0,0,0.6917139887809753,gradient_shap,attribution,14,140,0.0,0.09,0.8270597972575404,0.8566666666666667,0.6470588235294118,10,10,0.8666666666666667,0.0030908240005373955,0.6428571428571429,MinT
timeseries,1,2026-10-05T11:32:36,nodeC027,3.11.9,unknown,13155604,14215,2016-12-16,0,0,0.6917139887809753,lime,attribution,14,140,0.0,0.49,0.7620231110287333,0.8,0.5555555555555556,10,10,0.75,0.010979040060192347,0.5,MaxT
timeseries,1,2026-10-05T11:32:36,nodeC027,3.11.9,unknown,13155604,14215,2016-12-16,0,0,0.6917139887809753,random,attribution,14,140,0.0,0.6,0.31841745006823396,0.06148272017837235,0.0,10,10,0.0,1.2805219739675522e-05,8.0,Rain
timeseries,1,2026-10-05T11:32:36,nodeC027,3.11.9,unknown,13155604,14222,2016-12-23,0,0,0.9990866184234619,integrated_gradients,attribution,14,140,0.22213059241761013,1.0,0.8192366764002429,0.9333333333333333,0.5555555555555556,10,10,1.0,0.005980223882943392,1.0,MinT
timeseries,1,2026-10-05T11:32:36,nodeC027,3.11.9,unknown,13155604,14222,2016-12-23,0,0,0.9990866184234619,gradient_shap,attribution,14,140,0.13688878319941447,1.0,0.8356756362489514,0.7480065359477125,0.5555555555555556,10,10,0.75,0.0030971099622547626,0.6428571428571429,MinT
timeseries,1,2026-10-05T11:32:36,nodeC027,3.11.9,unknown,13155604,14222,2016-12-23,0,0,0.9990866184234619,lime,attribution,14,140,0.1850277999643477,1.0,0.6749685132532326,0.975,0.5555555555555556,10,10,0.5555555555555556,0.012037897016853094,1.0714285714285714,Wind
timeseries,1,2026-10-05T11:32:36,nodeC027,3.11.9,unknown,13155604,14222,2016-12-23,0,0,0.9990866184234619,random,attribution,14,140,0.0,0.55,0.32553748135343796,0.06361947231512448,0.0,10,10,0.037037037037037035,1.3988930732011795e-05,7.928571428571429,MaxT
timeseries,1,2026-10-05T11:32:36,nodeC027,3.11.9,unknown,13155604,14228,2016-12-29,0,0,0.9988184571266174,integrated_gradients,attribution,14,140,0.3300593356019042,1.0,0.8392132897948845,0.8333333333333334,0.5555555555555556,10,10,1.0,0.006029009819030762,1.0,MinT
timeseries,1,2026-10-05T11:32:36,nodeC027,3.11.9,unknown,13155604,14228,2016-12-29,0,0,0.9988184571266174,gradient_shap,attribution,14,140,0.25587339271687426,1.0,0.8460941818474239,0.7307843137254901,0.5555555555555556,10,10,0.5555555555555556,0.0032015489414334297,0.6428571428571429,MinT
timeseries,1,2026-10-05T11:32:36,nodeC027,3.11.9,unknown,13155604,14228,2016-12-29,0,0,0.9988184571266174,lime,attribution,14,140,0.17740128192971305,1.0,0.7042346394519579,0.925,0.5555555555555556,10,10,0.5555555555555556,0.012195675168186426,1.3571428571428572,RH2
timeseries,1,2026-10-05T11:32:36,nodeC027,3.11.9,unknown,13155604,14228,2016-12-29,0,0,0.9988184571266174,random,attribution,14,140,1.605261629896727e-05,0.62,0.31814900411907554,0.06926495726495725,0.0,10,10,0.07692307692307693,1.496216282248497e-05,6.0,SSH
timeseries,1,2026-10-05T11:32:36,nodeC027,3.11.9,unknown,13155604,14250,2017-01-20,0,0,0.9921352863311768,integrated_gradients,attribution,14,140,0.3208568945840944,1.0,0.8184478038121648,0.8566666666666667,0.47368421052631576,10,10,1.0,0.006981231272220612,0.6428571428571429,Wind
timeseries,1,2026-10-05T11:32:36,nodeC027,3.11.9,unknown,13155604,14250,2017-01-20,0,0,0.9921352863311768,gradient_shap,attribution,14,140,0.2223579097675087,1.0,0.8282851250284007,0.6514533883728931,0.5555555555555556,10,10,0.6470588235294118,0.003457126673310995,1.3571428571428572,RH2
timeseries,1,2026-10-05T11:32:36,nodeC027,3.11.9,unknown,13155604,14250,2017-01-20,0,0,0.9921352863311768,lime,attribution,14,140,0.23278693980775797,1.0,0.7297131106829349,0.95,0.5555555555555556,10,10,1.0,0.01128733390942216,0.7857142857142857,Wind
timeseries,1,2026-10-05T11:32:36,nodeC027,3.11.9,unknown,13155604,14250,2017-01-20,0,0,0.9921352863311768,random,attribution,14,140,0.24197249332362808,0.88,0.29728551492869026,0.0762234609191131,0.0,10,10,0.07692307692307693,1.2393109500408173e-05,5.285714285714286,Wind
timeseries,1,2026-10-05T11:32:36,nodeC027,3.11.9,unknown,13155604,14252,2017-01-22,0,0,0.9878906011581421,integrated_gradients,attribution,14,140,0.27651333825749574,1.0,0.8335576122922249,0.8800000000000001,0.6470588235294118,10,10,1.0,0.0059612407349050045,0.5714285714285714,MaxT
timeseries,1,2026-10-05T11:32:36,nodeC027,3.11.9,unknown,13155604,14252,2017-01-22,0,0,0.9878906011581421,gradient_shap,attribution,14,140,0.21683536206651674,1.0,0.8533671375292193,0.7644117647058823,0.5555555555555556,10,10,0.6470588235294118,0.0030887178145349026,0.6428571428571429,MinT
timeseries,1,2026-10-05T11:32:36,nodeC027,3.11.9,unknown,13155604,14252,2017-01-22,0,0,0.9878906011581421,lime,attribution,14,140,0.21188159517279237,1.0,0.7064228727723154,0.925,0.4,10,10,0.75,0.010956807993352413,0.7857142857142857,Wind
timeseries,1,2026-10-05T11:32:36,nodeC027,3.11.9,unknown,13155604,14252,2017-01-22,0,0,0.9878906011581421,random,attribution,14,140,0.0,0.59,0.33816620727698243,0.04960683760683761,0.0,10,10,0.07692307692307693,1.3149809092283249e-05,7.642857142857143,RH2
timeseries,1,2026-10-05T11:32:36,nodeC027,3.11.9,unknown,13155604,14286,2017-02-25,0,0,0.9922101497650146,integrated_gradients,attribution,14,140,0.24848208550926307,1.0,0.8192790993766568,0.9866666666666667,0.6470588235294118,10,10,1.0,0.005989954806864262,0.8571428571428571,RH2
timeseries,1,2026-10-05T11:32:36,nodeC027,3.11.9,unknown,13155604,14286,2017-02-25,0,0,0.9922101497650146,gradient_shap,attribution,14,140,0.2100424689262455,1.0,0.8047828915244352,0.7863725490196078,0.5555555555555556,10,10,0.8666666666666667,0.0032044602558016777,0.9285714285714286,RH2
timeseries,1,2026-10-05T11:32:36,nodeC027,3.11.9,unknown,13155604,14286,2017-02-25,0,0,0.9922101497650146,lime,attribution,14,140,0.26303178969975954,1.0,0.7236234217842261,0.975,0.5555555555555556,10,10,0.75,0.010957101825624704,1.0714285714285714,RH2
timeseries,1,2026-10-05T11:32:36,nodeC027,3.11.9,unknown,13155604,14286,2017-02-25,0,0,0.9922101497650146,random,attribution,14,140,0.010152690135189785,0.79,0.32072906477142193,0.0642234609191131,0.0,10,10,0.07692307692307693,1.359032467007637e-05,6.428571428571429,RH2
timeseries,1,2026-10-05T11:32:36,nodeC027,3.11.9,unknown,13155604,14290,2017-03-01,0,0,0.9986574649810791,integrated_gradients,attribution,14,140,0.25014025921813426,1.0,0.846568836976947,0.9866666666666667,0.75,10,10,1.0,0.005973438732326031,0.6428571428571429,RH2
timeseries,1,2026-10-05T11:32:36,nodeC027,3.11.9,unknown,13155604,14290,2017-03-01,0,0,0.9986574649810791,gradient_shap,attribution,14,140,0.27192000903388736,1.0,0.8428608090085714,0.86,0.75,10,10,0.8666666666666667,0.003088038880378008,0.7857142857142857,RH2
timeseries,1,2026-10-05T11:32:36,nodeC027,3.11.9,unknown,13155604,14290,2017-03-01,0,0,0.9986574649810791,lime,attribution,14,140,0.24126238787319992,1.0,0.6682096295529831,1.0,1.0,10,10,1.0,0.010970280040055513,0.7857142857142857,RH2
timeseries,1,2026-10-05T11:32:36,nodeC027,3.11.9,unknown,13155604,14290,2017-03-01,0,0,0.9986574649810791,random,attribution,14,140,0.0007679639828652177,0.75,0.3307732602047021,0.06655840455840456,0.0,10,10,0.037037037037037035,1.368718221783638e-05,6.785714285714286,RH1
timeseries,1,2026-10-05T11:32:36,nodeC027,3.11.9,unknown,13155604,14313,2017-03-24,0,0,0.9780233502388,integrated_gradients,attribution,14,140,0.4762500358807738,1.0,0.8177355674780679,1.0,0.6470588235294118,10,10,1.0,0.006684930995106697,0.6428571428571429,RH2
timeseries,1,2026-10-05T11:32:36,nodeC027,3.11.9,unknown,13155604,14313,2017-03-24,0,0,0.9780233502388,gradient_shap,attribution,14,140,0.5034398311266429,1.0,0.7918678926050329,0.8200000000000001,0.6470588235294118,10,10,0.8666666666666667,0.0034381169825792313,1.0,RH2
timeseries,1,2026-10-05T11:32:36,nodeC027,3.11.9,unknown,13155604,14313,2017-03-24,0,0,0.9780233502388,lime,attribution,14,140,0.494299542999306,1.0,0.7041668108321936,0.875,0.5555555555555556,10,10,1.0,0.01552268909290433,0.7857142857142857,RH2
timeseries,1,2026-10-05T11:32:36,nodeC027,3.11.9,unknown,13155604,14313,2017-03-24,0,0,0.9780233502388,random,attribution,14,140,0.006341161162175064,0.65,0.3531399959002378,0.05818803418803418,0.0,10,10,0.037037037037037035,1.4808960258960724e-05,7.214285714285714,SSH
timeseries,1,2026-10-05T11:32:36,nodeC027,3.11.9,unknown,13155604,14329,2017-04-09,0,0,0.6237847805023193,integrated_gradients,attribution,14,140,0.13078445754245524,0.72,0.8574075689438831,0.9200000000000002,0.6470588235294118,10,10,1.0,0.00700616929680109,0.5714285714285714,MinT
timeseries,1,2026-10-05T11:32:36,nodeC027,3.11.9,unknown,13155604,14329,2017-04-09,0,0,0.6237847805023193,gradient_shap,attribution,14,140,0.029877963248702483,0.78,0.8271717641876737,0.6610130718954249,0.5555555555555556,10,10,0.6470588235294118,0.003442684654146433,0.5,RH2
timeseries,1,2026-10-05T11:32:36,nodeC027,3.11.9,unknown,13155604,14329,2017-04-09,0,0,0.6237847805023193,lime,attribution,14,140,0.12476728013108374,0.8,0.8275291678032324,0.825,0.5555555555555556,10,10,0.75,0.011218016967177391,0.7857142857142857,RH2
timeseries,1,2026-10-05T11:32:36,nodeC027,3.11.9,unknown,13155604,14329,2017-04-09,0,0,0.6237847805023193,random,attribution,14,140,0.014556864294933806,0.66,0.3454026601075826,0.057584045584045576,0.0,10,10,0.07692307692307693,1.3232231140136719e-05,6.428571428571429,MinT
timeseries,1,2026-10-05T11:32:36,nodeC027,3.11.9,unknown,13155604,14361,2017-05-11,0,0,0.5553716421127319,integrated_gradients,attribution,14,140,0.05582774086432221,0.7,0.8288724720874767,0.9200000000000002,0.6470588235294118,10,10,1.0,0.005976160988211632,0.7142857142857143,MinT
timeseries,1,2026-10-05T11:32:36,nodeC027,3.11.9,unknown,13155604,14361,2017-05-11,0,0,0.5553716421127319,gradient_shap,attribution,14,140,0.010178597684594407,0.41,0.8168689332732253,0.6999019607843138,0.5555555555555556,10,10,0.6470588235294118,0.0030925995670259,0.7857142857142857,MinT
timeseries,1,2026-10-05T11:32:36,nodeC027,3.11.9,unknown,13155604,14361,2017-05-11,0,0,0.5553716421127319,lime,attribution,14,140,0.0,0.45,0.7777530070606972,0.9,0.75,10,10,1.0,0.010973529890179634,0.7857142857142857,MinT
timeseries,1,2026-10-05T11:32:36,nodeC027,3.11.9,unknown,13155604,14361,2017-05-11,0,0,0.5553716421127319,random,attribution,14,140,0.05391147281646864,0.58,0.3129047957129478,0.04679202279202279,0.0,10,10,0.16666666666666666,1.2559816241264343e-05,7.0,Evap
timeseries,1,2026-10-05T11:32:36,nodeC027,3.11.9,unknown,13155604,14365,2017-05-15,1,1,0.5047110319137573,integrated_gradients,attribution,14,140,0.03855262725909893,0.25,0.8559804120988215,0.9333333333333333,0.6470588235294118,10,10,1.0,0.006671558134257793,0.7857142857142857,MinT
timeseries,1,2026-10-05T11:32:36,nodeC027,3.11.9,unknown,13155604,14365,2017-05-15,1,1,0.5047110319137573,gradient_shap,attribution,14,140,0.10777924584943678,0.46,0.8475345842798241,0.7980392156862746,0.6470588235294118,10,10,0.75,0.0031018019653856754,0.7857142857142857,MinT
timeseries,1,2026-10-05T11:32:36,nodeC027,3.11.9,unknown,13155604,14365,2017-05-15,1,1,0.5047110319137573,lime,attribution,14,140,0.06320947994283181,0.38,0.8149411317856154,1.0,0.75,10,10,1.0,0.010971583891659975,0.7857142857142857,MinT
timeseries,1,2026-10-05T11:32:36,nodeC027,3.11.9,unknown,13155604,14365,2017-05-15,1,1,0.5047110319137573,random,attribution,14,140,0.0,0.33,0.3236004673220261,0.046866096866096864,0.0,10,10,0.07692307692307693,1.3221055269241333e-05,6.642857142857143,RH2
timeseries,1,2026-10-05T11:32:36,nodeC027,3.11.9,unknown,13155604,14378,2017-05-28,0,0,0.5987704992294312,integrated_gradients,attribution,14,140,0.18192189873061124,0.78,0.846253859494857,0.8800000000000001,0.6470588235294118,10,10,1.0,0.07017882214859128,0.5714285714285714,MaxT
timeseries,1,2026-10-05T11:32:36,nodeC027,3.11.9,unknown,13155604,14378,2017-05-28,0,0,0.5987704992294312,gradient_shap,attribution,14,140,0.17518817253270827,0.85,0.8293922528743936,0.7513725490196078,0.5555555555555556,10,10,0.8666666666666667,0.0034556882455945015,0.7142857142857143,MinT
timeseries,1,2026-10-05T11:32:36,nodeC027,3.11.9,unknown,13155604,14378,2017-05-28,0,0,0.5987704992294312,lime,attribution,14,140,0.07415629830113399,0.82,0.795929674872459,0.8555555555555555,0.5555555555555556,10,10,1.0,0.011673326138406992,1.0714285714285714,MinT
timeseries,1,2026-10-05T11:32:36,nodeC027,3.11.9,unknown,13155604,14378,2017-05-28,0,0,0.5987704992294312,random,attribution,14,140,0.0,0.13,0.3271049046357799,0.05790313390313391,0.0,10,10,0.12,1.3448763638734818e-05,5.357142857142857,MinT
timeseries,1,2026-10-05T11:32:36,nodeC027,3.11.9,unknown,13155604,14400,2017-06-19,1,1,0.8405083417892456,integrated_gradients,attribution,14,140,0.5173845627984192,1.0,0.7589072857899,0.9333333333333333,0.75,10,10,1.0,0.06977169075980783,1.3571428571428572,RH2
timeseries,1,2026-10-05T11:32:36,nodeC027,3.11.9,unknown,13155604,14400,2017-06-19,1,1,0.8405083417892456,gradient_shap,attribution,14,140,0.5852993215562438,0.99,0.7487229426647646,0.7980392156862746,0.5555555555555556,10,10,0.8666666666666667,0.0031031272374093533,1.2142857142857142,RH2
timeseries,1,2026-10-05T11:32:36,nodeC027,3.11.9,unknown,13155604,14400,2017-06-19,1,1,0.8405083417892456,lime,attribution,14,140,0.6237630829301225,0.95,0.6926006240288304,0.975,0.5555555555555556,10,10,0.75,0.010987863875925541,2.2142857142857144,RH2
timeseries,1,2026-10-05T11:32:36,nodeC027,3.11.9,unknown,13155604,14400,2017-06-19,1,1,0.8405083417892456,random,attribution,14,140,0.0,0.46,0.3270608420212233,0.038176638176638175,0.0,10,10,0.037037037037037035,1.3016164302825928e-05,4.214285714285714,MaxT
timeseries,1,2026-10-05T11:32:36,nodeC027,3.11.9,unknown,13155604,14410,2017-06-29,1,1,0.8582659959793091,integrated_gradients,attribution,14,140,0.4006542950587785,0.93,0.7694727667399487,0.9200000000000002,0.6470588235294118,10,10,1.0,0.07020420813933015,1.5714285714285714,RH2
timeseries,1,2026-10-05T11:32:36,nodeC027,3.11.9,unknown,13155604,14410,2017-06-29,1,1,0.8582659959793091,gradient_shap,attribution,14,140,0.48412125744323653,0.97,0.7751450399438296,0.9083333333333334,0.6470588235294118,10,10,1.0,0.003467945847660303,0.7142857142857143,RH2
timeseries,1,2026-10-05T11:32:36,nodeC027,3.11.9,unknown,13155604,14410,2017-06-29,1,1,0.8582659959793091,lime,attribution,14,140,0.4441753266857018,0.98,0.7146958756847082,1.0,0.75,10,10,1.0,0.013010119087994099,1.6428571428571428,RH2
timeseries,1,2026-10-05T11:32:36,nodeC027,3.11.9,unknown,13155604,14410,2017-06-29,1,1,0.8582659959793091,random,attribution,14,140,0.0,0.38,0.35070510043406,0.06256980056980058,0.0,10,10,0.12,1.49519182741642e-05,6.642857142857143,MinT
timeseries,1,2026-10-05T11:32:36,nodeC027,3.11.9,unknown,13155604,14430,2017-07-19,1,1,0.9356256127357483,integrated_gradients,attribution,14,140,0.5754696715521049,1.0,0.8204559373558157,0.9466666666666667,0.75,10,10,1.0,0.00700232433155179,0.5,RH2
timeseries,1,2026-10-05T11:32:36,nodeC027,3.11.9,unknown,13155604,14430,2017-07-19,1,1,0.9356256127357483,gradient_shap,attribution,14,140,0.5349401004370654,1.0,0.8656178992907442,0.96,0.75,10,10,0.8666666666666667,0.0034550949931144714,0.5,RH2
timeseries,1,2026-10-05T11:32:36,nodeC027,3.11.9,unknown,13155604,14430,2017-07-19,1,1,0.9356256127357483,lime,attribution,14,140,0.3452944739865274,1.0,0.6717649415945017,1.0,0.5555555555555556,10,10,1.0,0.015536658931523561,1.6428571428571428,RH2
timeseries,1,2026-10-05T11:32:36,nodeC027,3.11.9,unknown,13155604,14430,2017-07-19,1,1,0.9356256127357483,random,attribution,14,140,0.0,0.45,0.32313825722299616,0.059829059829059825,0.0,10,10,0.0,1.2810342013835907e-05,5.428571428571429,MaxT
timeseries,1,2026-10-05T11:32:36,nodeC027,3.11.9,unknown,13155604,14436,2017-07-25,1,1,0.8486676812171936,integrated_gradients,attribution,14,140,0.5108263420282266,0.88,0.6815126398019328,0.9066666666666666,0.6470588235294118,10,10,1.0,0.0059784469194710255,1.6428571428571428,RH2
timeseries,1,2026-10-05T11:32:36,nodeC027,3.11.9,unknown,13155604,14436,2017-07-25,1,1,0.8486676812171936,gradient_shap,attribution,14,140,0.49865004771292265,0.97,0.7349408613380286,0.8583333333333334,0.5555555555555556,10,10,0.75,0.003103171940892935,1.2142857142857142,RH2
timeseries,1,2026-10-05T11:32:36,nodeC027,3.11.9,unknown,13155604,14436,2017-07-25,1,1,0.8486676812171936,lime,attribution,14,140,0.5920193245237961,0.94,0.6107696144330459,0.875,0.5555555555555556,10,10,0.75,0.015380932949483395,3.357142857142857,RH2
timeseries,1,2026-10-05T11:32:36,nodeC027,3.11.9,unknown,13155604,14436,2017-07-25,1,1,0.8486676812171936,random,attribution,14,140,0.0,0.45,0.3191893882982475,0.06333457203022422,0.0,10,10,0.0,1.3872981071472168e-05,4.285714285714286,MaxT
timeseries,1,2026-10-05T11:32:36,nodeC027,3.11.9,unknown,13155604,14462,2017-08-20,1,1,0.889211118221283,integrated_gradients,attribution,14,140,0.5750015065200647,1.0,0.7495428956468506,0.96,0.6470588235294118,10,10,1.0,0.005946245044469833,0.5714285714285714,RH2
timeseries,1,2026-10-05T11:32:36,nodeC027,3.11.9,unknown,13155604,14462,2017-08-20,1,1,0.889211118221283,gradient_shap,attribution,14,140,0.6188433183606353,1.0,0.7862484924031816,0.8613725490196078,0.6470588235294118,10,10,0.75,0.0030736331827938557,0.8571428571428571,RH2
timeseries,1,2026-10-05T11:32:36,nodeC027,3.11.9,unknown,13155604,14462,2017-08-20,1,1,0.889211118221283,lime,attribution,14,140,0.42652033011122376,1.0,0.6817335211373476,1.0,0.75,10,10,1.0,0.010948842857033014,1.3571428571428572,RH2
timeseries,1,2026-10-05T11:32:36,nodeC027,3.11.9,unknown,13155604,14462,2017-08-20,1,1,0.889211118221283,random,attribution,14,140,0.0,0.44,0.33286388154472446,0.055481481481481465,0.0,10,10,0.037037037037037035,1.3266224414110184e-05,8.071428571428571,MaxT
timeseries,1,2026-10-05T11:32:36,nodeC027,3.11.9,unknown,13155604,14472,2017-08-30,1,1,0.884131908416748,integrated_gradients,attribution,14,140,0.5656289118139275,1.0,0.7276369777053091,0.9466666666666667,0.75,10,10,1.0,0.0059586637653410435,0.5714285714285714,RH2
timeseries,1,2026-10-05T11:32:36,nodeC027,3.11.9,unknown,13155604,14472,2017-08-30,1,1,0.884131908416748,gradient_shap,attribution,14,140,0.6412827527196966,1.0,0.7684044625651147,0.9083333333333334,0.75,10,10,0.8666666666666667,0.0030912919901311398,1.2857142857142858,RH2
timeseries,1,2026-10-05T11:32:36,nodeC027,3.11.9,unknown,13155604,14472,2017-08-30,1,1,0.884131908416748,lime,attribution,14,140,0.4312701203079132,1.0,0.6461127347549248,0.975,0.5555555555555556,10,10,0.75,0.010961228050291538,1.9285714285714286,RH2
timeseries,1,2026-10-05T11:32:36,nodeC027,3.11.9,unknown,13155604,14472,2017-08-30,1,1,0.884131908416748,random,attribution,14,140,0.0,0.35,0.3278950629429227,0.03821082621082621,0.0,10,10,0.037037037037037035,1.260591670870781e-05,5.642857142857143,MaxT
timeseries,1,2026-10-05T11:32:36,nodeC027,3.11.9,unknown,13155604,14488,2017-09-15,1,1,0.8989381194114685,integrated_gradients,attribution,14,140,0.4714632899957624,1.0,0.8630564595846488,0.9600000000000002,0.6470588235294118,10,10,1.0,0.005954058840870857,0.5714285714285714,MinT
timeseries,1,2026-10-05T11:32:36,nodeC027,3.11.9,unknown,13155604,14488,2017-09-15,1,1,0.8989381194114685,gradient_shap,attribution,14,140,0.47152850156802834,1.0,0.8360436290669846,0.8950000000000001,0.75,10,10,0.8666666666666667,0.003077397122979164,0.5,MinT
timeseries,1,2026-10-05T11:32:36,nodeC027,3.11.9,unknown,13155604,14488,2017-09-15,1,1,0.8989381194114685,lime,attribution,14,140,0.35828006948032776,0.92,0.7463337952426757,0.975,0.5555555555555556,10,10,1.0,0.010925364214926958,1.0714285714285714,RH2
timeseries,1,2026-10-05T11:32:36,nodeC027,3.11.9,unknown,13155604,14488,2017-09-15,1,1,0.8989381194114685,random,attribution,14,140,0.00932237053977876,0.38,0.36131673409789644,0.06588034188034186,0.0,10,10,0.0,1.316610723733902e-05,7.571428571428571,FAO56_ET
timeseries,1,2026-10-05T11:32:36,nodeC027,3.11.9,unknown,13155604,14503,2017-09-30,1,1,0.9437474608421326,integrated_gradients,attribution,14,140,0.5578253767102632,1.0,0.7958887602312947,0.96,0.75,10,10,1.0,0.005967950914055109,0.9285714285714286,RH2
timeseries,1,2026-10-05T11:32:36,nodeC027,3.11.9,unknown,13155604,14503,2017-09-30,1,1,0.9437474608421326,gradient_shap,attribution,14,140,0.5515362566161334,1.0,0.7999761773870029,0.8433333333333334,0.75,10,10,0.75,0.0030864430591464043,0.5714285714285714,RH2
timeseries,1,2026-10-05T11:32:36,nodeC027,3.11.9,unknown,13155604,14503,2017-09-30,1,1,0.9437474608421326,lime,attribution,14,140,0.3263144398995671,1.0,0.6406055292492,0.9,0.5555555555555556,10,10,1.0,0.02760957507416606,1.3571428571428572,RH2
timeseries,1,2026-10-05T11:32:36,nodeC027,3.11.9,unknown,13155604,14503,2017-09-30,1,1,0.9437474608421326,random,attribution,14,140,0.006475655502857715,0.43,0.313033032705323,0.08186894586894586,0.0,10,10,0.037037037037037035,1.330394297838211e-05,8.571428571428571,Radiation
timeseries,1,2026-10-05T11:32:36,nodeC027,3.11.9,unknown,13155604,14506,2017-10-03,1,1,0.5947985649108887,integrated_gradients,attribution,14,140,0.36912510031000906,0.77,0.7304065335539921,0.9466666666666667,0.6470588235294118,10,10,1.0,0.07105435198172927,0.8571428571428571,RH2
timeseries,1,2026-10-05T11:32:36,nodeC027,3.11.9,unknown,13155604,14506,2017-10-03,1,1,0.5947985649108887,gradient_shap,attribution,14,140,0.30885597086059374,0.7,0.7450549769734214,0.7657843137254903,0.6470588235294118,10,10,0.8666666666666667,0.0030897390097379684,1.0,RH2
timeseries,1,2026-10-05T11:32:36,nodeC027,3.11.9,unknown,13155604,14506,2017-10-03,1,1,0.5947985649108887,lime,attribution,14,140,0.33481912732496755,0.62,0.6634737085469065,0.85,0.4,10,10,1.0,0.01097640534862876,2.5,RH2
timeseries,1,2026-10-05T11:32:36,nodeC027,3.11.9,unknown,13155604,14506,2017-10-03,1,1,0.5947985649108887,random,attribution,14,140,0.0,0.47,0.3556737073997387,0.08315099715099714,0.037037037037037035,10,10,0.07692307692307693,1.3045035302639008e-05,5.785714285714286,MaxT
timeseries,1,2026-10-05T11:32:36,nodeC027,3.11.9,unknown,13155604,14507,2017-10-04,1,1,0.91246098279953,integrated_gradients,attribution,14,140,0.44636237711527965,1.0,0.7839736653049324,0.9199999999999999,0.75,10,10,1.0,0.005974486004561186,1.0714285714285714,RH2
timeseries,1,2026-10-05T11:32:36,nodeC027,3.11.9,unknown,13155604,14507,2017-10-04,1,1,0.91246098279953,gradient_shap,attribution,14,140,0.5766992704406131,1.0,0.7719748191570035,0.86,0.75,10,10,0.8666666666666667,0.0030885771848261356,0.8571428571428571,RH2
timeseries,1,2026-10-05T11:32:36,nodeC027,3.11.9,unknown,13155604,14507,2017-10-04,1,1,0.91246098279953,lime,attribution,14,140,0.43406591935032407,1.0,0.6478466610061397,0.95,0.4,10,10,1.0,0.012213872279971838,1.3571428571428572,RH2
timeseries,1,2026-10-05T11:32:36,nodeC027,3.11.9,unknown,13155604,14507,2017-10-04,1,1,0.91246098279953,random,attribution,14,140,0.0047003129949234265,0.43,0.35330684164920534,0.06559544159544159,0.0,10,10,0.07692307692307693,1.284666359424591e-05,5.857142857142857,MaxT
timeseries,1,2026-10-05T11:32:36,nodeC027,3.11.9,unknown,13155604,14518,2017-10-15,1,1,0.80491042137146,integrated_gradients,attribution,14,140,0.42859631508996193,0.88,0.7768251547611251,0.9216666666666666,0.75,10,10,1.0,0.005965310614556074,1.1428571428571428,RH2
timeseries,1,2026-10-05T11:32:36,nodeC027,3.11.9,unknown,13155604,14518,2017-10-15,1,1,0.80491042137146,gradient_shap,attribution,14,140,0.4722619836441463,0.83,0.8234619842832995,0.9466666666666667,0.75,10,10,0.8666666666666667,0.0030953241512179375,0.6428571428571429,RH2
timeseries,1,2026-10-05T11:32:36,nodeC027,3.11.9,unknown,13155604,14518,2017-10-15,1,1,0.80491042137146,lime,attribution,14,140,0.3847959472624576,0.82,0.7219776582125588,1.0,0.75,10,10,1.0,0.015429093968123198,1.3571428571428572,RH2
timeseries,1,2026-10-05T11:32:36,nodeC027,3.11.9,unknown,13155604,14518,2017-10-15,1,1,0.80491042137146,random,attribution,14,140,0.008745085586985222,0.44,0.3285126394146014,0.0452991452991453,0.0,10,10,0.0,1.3109762221574783e-05,5.785714285714286,RH2
timeseries,1,2026-10-05T11:32:36,nodeC027,3.11.9,unknown,13155604,14519,2017-10-16,1,1,0.9378283023834229,integrated_gradients,attribution,14,140,0.594986871866211,1.0,0.8189837514152661,0.96,0.75,10,10,1.0,0.06995195941999555,0.5714285714285714,RH2
timeseries,1,2026-10-05T11:32:36,nodeC027,3.11.9,unknown,13155604,14519,2017-10-16,1,1,0.9378283023834229,gradient_shap,attribution,14,140,0.594986871866211,1.0,0.834505880864086,0.9466666666666667,0.8666666666666667,10,10,1.0,0.0033785072155296803,0.5714285714285714,RH2
timeseries,1,2026-10-05T11:32:36,nodeC027,3.11.9,unknown,13155604,14519,2017-10-16,1,1,0.9378283023834229,lime,attribution,14,140,0.41317629654939053,1.0,0.7143988913278811,0.9,0.5555555555555556,10,10,0.75,0.011037944816052914,0.5,MinT
timeseries,1,2026-10-05T11:32:36,nodeC027,3.11.9,unknown,13155604,14519,2017-10-16,1,1,0.9378283023834229,random,attribution,14,140,0.00295586389552202,0.31,0.33782174726716496,0.037891737891737894,0.0,10,10,0.0,1.3999175280332565e-05,7.642857142857143,Radiation
timeseries,1,2026-10-05T11:32:36,nodeC027,3.11.9,unknown,13155604,14563,2017-11-29,0,0,0.9940862655639648,integrated_gradients,attribution,14,140,0.30243218611344286,1.0,0.8224350445418471,0.9066666666666666,0.6470588235294118,10,10,1.0,0.006976255215704441,0.42857142857142855,FAO56_ET
timeseries,1,2026-10-05T11:32:36,nodeC027,3.11.9,unknown,13155604,14563,2017-11-29,0,0,0.9940862655639648,gradient_shap,attribution,14,140,0.23226304113203022,1.0,0.8504453014671493,0.7088235294117646,0.5555555555555556,10,10,0.8666666666666667,0.0030871620401740074,0.7142857142857143,MinT
timeseries,1,2026-10-05T11:32:36,nodeC027,3.11.9,unknown,13155604,14563,2017-11-29,0,0,0.9940862655639648,lime,attribution,14,140,0.2526328096894112,1.0,0.6474935480334209,0.7861111111111111,0.4,10,10,0.5555555555555556,0.01184860710054636,1.9285714285714286,Wind
timeseries,1,2026-10-05T11:32:36,nodeC027,3.11.9,unknown,13155604,14563,2017-11-29,0,0,0.9940862655639648,random,attribution,14,140,0.0005621177599232521,0.57,0.35158137316766047,0.04316239316239316,0.0,10,10,0.037037037037037035,1.2897886335849762e-05,6.0,SSH
timeseries,1,2026-10-05T11:32:36,nodeC027,3.11.9,unknown,13155604,14564,2017-11-30,0,0,0.968299925327301,integrated_gradients,attribution,14,140,0.24991368313582382,1.0,0.804137605136629,0.9733333333333334,0.5555555555555556,10,10,1.0,0.07012324314564466,0.5714285714285714,Evap
timeseries,1,2026-10-05T11:32:36,nodeC027,3.11.9,unknown,13155604,14564,2017-11-30,0,0,0.968299925327301,gradient_shap,attribution,14,140,0.16515720133795603,1.0,0.7945742335872104,0.7894117647058824,0.5555555555555556,10,10,0.6470588235294118,0.003090033307671547,0.7142857142857143,RH2
timeseries,1,2026-10-05T11:32:36,nodeC027,3.11.9,unknown,13155604,14564,2017-11-30,0,0,0.968299925327301,lime,attribution,14,140,0.16498619884290774,0.94,0.6611924126895115,0.7611111111111111,0.2727272727272727,10,10,0.75,0.010908400174230337,2.7857142857142856,Wind
timeseries,1,2026-10-05T11:32:36,nodeC027,3.11.9,unknown,13155604,14564,2017-11-30,0,0,0.968299925327301,random,attribution,14,140,0.07511823209766076,0.79,0.35391079518696755,0.06595441595441595,0.0,10,10,0.12,1.354096457362175e-05,6.428571428571429,Wind
timeseries,1,2026-10-05T11:32:36,nodeC027,3.11.9,unknown,13155604,14573,2017-12-09,0,0,0.954443097114563,integrated_gradients,attribution,14,140,0.27217996392657967,1.0,0.8057906549342971,0.9733333333333334,0.6470588235294118,10,10,1.0,0.0707823927514255,0.5,Evap
timeseries,1,2026-10-05T11:32:36,nodeC027,3.11.9,unknown,13155604,14573,2017-12-09,0,0,0.954443097114563,gradient_shap,attribution,14,140,0.20601586296246938,1.0,0.7973910289204756,0.7113398692810458,0.47368421052631576,10,10,0.75,0.003087152261286974,0.6428571428571429,MinT
timeseries,1,2026-10-05T11:32:36,nodeC027,3.11.9,unknown,13155604,14573,2017-12-09,0,0,0.954443097114563,lime,attribution,14,140,0.2724548673200816,1.0,0.6763603342945692,0.825,0.4,10,10,0.75,0.011022306978702545,1.9285714285714286,Wind
timeseries,1,2026-10-05T11:32:36,nodeC027,3.11.9,unknown,13155604,14573,2017-12-09,0,0,0.954443097114563,random,attribution,14,140,0.0,0.64,0.33204337379222415,0.0750154837111359,0.0,10,10,0.12,1.3601034879684448e-05,8.785714285714286,MaxT
timeseries,1,2026-10-05T11:32:36,nodeC027,3.11.9,unknown,13155604,14577,2017-12-13,0,0,0.9965711832046509,integrated_gradients,attribution,14,140,0.18901630353194349,1.0,0.8262630705893564,0.9199999999999999,0.6470588235294118,10,10,1.0,0.005948041100054979,0.5,MinT
timeseries,1,2026-10-05T11:32:36,nodeC027,3.11.9,unknown,13155604,14577,2017-12-13,0,0,0.9965711832046509,gradient_shap,attribution,14,140,0.1473657107278903,1.0,0.8222716177265458,0.7541176470588236,0.5555555555555556,10,10,0.8666666666666667,0.003082479815930128,0.6428571428571429,MinT
timeseries,1,2026-10-05T11:32:36,nodeC027,3.11.9,unknown,13155604,14577,2017-12-13,0,0,0.9965711832046509,lime,attribution,14,140,0.22105039028833667,0.98,0.6880070652320789,0.95,0.5555555555555556,10,10,0.75,0.012568555772304535,1.0714285714285714,Wind
timeseries,1,2026-10-05T11:32:36,nodeC027,3.11.9,unknown,13155604,14577,2017-12-13,0,0,0.9965711832046509,random,attribution,14,140,0.0005088012995456255,0.61,0.34571422694846565,0.05790313390313391,0.0,10,10,0.0,1.4361459761857986e-05,6.857142857142857,Rain
timeseries,1,2026-10-05T11:32:36,nodeC027,3.11.9,unknown,13155604,14624,2018-01-29,0,0,0.9887068271636963,integrated_gradients,attribution,14,140,0.30995744570028433,1.0,0.8388220988459668,0.9216666666666666,0.6470588235294118,10,10,1.0,0.07088815979659557,0.6428571428571429,MinT
timeseries,1,2026-10-05T11:32:36,nodeC027,3.11.9,unknown,13155604,14624,2018-01-29,0,0,0.9887068271636963,gradient_shap,attribution,14,140,0.14447753848201697,1.0,0.8451148179175716,0.7294117647058823,0.5555555555555556,10,10,0.75,0.0031478828750550747,1.5714285714285714,RH2
timeseries,1,2026-10-05T11:32:36,nodeC027,3.11.9,unknown,13155604,14624,2018-01-29,0,0,0.9887068271636963,lime,attribution,14,140,0.24310093208553687,1.0,0.693084228844048,0.95,0.75,10,10,0.5555555555555556,0.010929693933576345,0.7857142857142857,Wind
timeseries,1,2026-10-05T11:32:36,nodeC027,3.11.9,unknown,13155604,14624,2018-01-29,0,0,0.9887068271636963,random,attribution,14,140,0.0007888352294717764,0.56,0.3448426823036862,0.04650712250712251,0.0,10,10,0.037037037037037035,1.3037584722042084e-05,6.714285714285714,Wind
timeseries,1,2026-10-05T11:32:36,nodeC027,3.11.9,unknown,13155604,14630,2018-02-04,0,0,0.9985328912734985,integrated_gradients,attribution,14,140,0.28142875954433827,1.0,0.8435511505236276,0.8566666666666668,0.6470588235294118,10,10,1.0,0.07091252179816365,0.8571428571428571,RH2
timeseries,1,2026-10-05T11:32:36,nodeC027,3.11.9,unknown,13155604,14630,2018-02-04,0,0,0.9985328912734985,gradient_shap,attribution,14,140,0.20204753864504152,1.0,0.8503666039370377,0.7980392156862746,0.6470588235294118,10,10,0.75,0.0030890749767422676,1.1428571428571428,RH2
timeseries,1,2026-10-05T11:32:36,nodeC027,3.11.9,unknown,13155604,14630,2018-02-04,0,0,0.9985328912734985,lime,attribution,14,140,0.2212847293811433,1.0,0.7270445467939949,1.0,0.5555555555555556,10,10,0.75,0.010963174048811197,1.3571428571428572,MinT
timeseries,1,2026-10-05T11:32:36,nodeC027,3.11.9,unknown,13155604,14630,2018-02-04,0,0,0.9985328912734985,random,attribution,14,140,0.0005007580314986292,0.73,0.3296914021018674,0.06687749287749287,0.0,10,10,0.07692307692307693,1.4724675565958023e-05,5.285714285714286,RH1
timeseries,1,2026-10-05T11:32:36,nodeC027,3.11.9,unknown,13155604,14646,2018-02-20,0,0,0.983814001083374,integrated_gradients,attribution,14,140,0.32671665356005153,1.0,0.8305160461996004,0.9066666666666666,0.6470588235294118,10,10,1.0,0.06999934883788228,0.7857142857142857,MinT
timeseries,1,2026-10-05T11:32:36,nodeC027,3.11.9,unknown,13155604,14646,2018-02-20,0,0,0.983814001083374,gradient_shap,attribution,14,140,0.23638067184226502,1.0,0.8170587494599268,0.7994117647058824,0.5555555555555556,10,10,0.8666666666666667,0.003454709891229868,0.5714285714285714,MinT
timeseries,1,2026-10-05T11:32:36,nodeC027,3.11.9,unknown,13155604,14646,2018-02-20,0,0,0.983814001083374,lime,attribution,14,140,0.2770859208295821,1.0,0.7345178056573993,0.975,0.5555555555555556,10,10,1.0,0.011273124255239964,0.7857142857142857,Wind
timeseries,1,2026-10-05T11:32:36,nodeC027,3.11.9,unknown,13155604,14646,2018-02-20,0,0,0.983814001083374,random,attribution,14,140,0.025393955770323634,0.57,0.369185148299102,0.05359544159544159,0.0,10,10,0.07692307692307693,1.2876931577920914e-05,6.285714285714286,MinT
timeseries,1,2026-10-05T11:32:36,nodeC027,3.11.9,unknown,13155604,14650,2018-02-24,0,0,0.9597945213317871,integrated_gradients,attribution,14,140,0.3442782195261907,1.0,0.8251911374419241,0.8933333333333333,0.6470588235294118,10,10,1.0,0.06987928971648216,0.6428571428571429,RH2
timeseries,1,2026-10-05T11:32:36,nodeC027,3.11.9,unknown,13155604,14650,2018-02-24,0,0,0.9597945213317871,gradient_shap,attribution,14,140,0.3265534681183505,1.0,0.7727607527984268,0.7849999999999999,0.5555555555555556,10,10,0.6470588235294118,0.0030946899205446243,0.7142857142857143,RH2
timeseries,1,2026-10-05T11:32:36,nodeC027,3.11.9,unknown,13155604,14650,2018-02-24,0,0,0.9597945213317871,lime,attribution,14,140,0.37339082686857095,1.0,0.7336348948106555,0.975,0.5555555555555556,10,10,1.0,0.01171071082353592,1.0714285714285714,RH2
timeseries,1,2026-10-05T11:32:36,nodeC027,3.11.9,unknown,13155604,14650,2018-02-24,0,0,0.9597945213317871,random,attribution,14,140,0.030018791902962735,0.63,0.36294073535582594,0.041880341880341884,0.0,10,10,0.07692307692307693,1.4308374375104904e-05,6.142857142857143,Radiation
timeseries,1,2026-10-05T11:32:36,nodeC027,3.11.9,unknown,13155604,14695,2018-04-10,0,0,0.5991496443748474,integrated_gradients,attribution,14,140,0.22905410271960067,0.97,0.7912633409635409,0.9083333333333334,0.5555555555555556,10,10,1.0,0.005975106731057167,0.6428571428571429,Rain
timeseries,1,2026-10-05T11:32:36,nodeC027,3.11.9,unknown,13155604,14695,2018-04-10,0,0,0.5991496443748474,gradient_shap,attribution,14,140,0.3149925229286244,0.99,0.7882321482803547,0.7218627450980393,0.5555555555555556,10,10,0.6470588235294118,0.003104408271610737,0.9285714285714286,RH2
timeseries,1,2026-10-05T11:32:36,nodeC027,3.11.9,unknown,13155604,14695,2018-04-10,0,0,0.5991496443748474,lime,attribution,14,140,0.2818138642969245,0.98,0.7508342940461522,0.925,0.5555555555555556,10,10,1.0,0.012046623975038528,0.5,MinT
timeseries,1,2026-10-05T11:32:36,nodeC027,3.11.9,unknown,13155604,14695,2018-04-10,0,0,0.5991496443748474,random,attribution,14,140,0.0,0.64,0.34051042284605937,0.05858119658119658,0.0,10,10,0.037037037037037035,1.4494173228740692e-05,5.928571428571429,SSH
timeseries,1,2026-10-05T11:32:36,nodeC027,3.11.9,unknown,13155604,14700,2018-04-15,0,0,0.6435056924819946,integrated_gradients,attribution,14,140,0.22973084873855087,0.98,0.858292828023545,0.9066666666666666,0.75,10,10,1.0,0.06753556802868843,0.2857142857142857,MinT
timeseries,1,2026-10-05T11:32:36,nodeC027,3.11.9,unknown,13155604,14700,2018-04-15,0,0,0.6435056924819946,gradient_shap,attribution,14,140,0.22973084873855087,0.97,0.8398397891348534,0.8216666666666667,0.6470588235294118,10,10,1.0,0.003277717623859644,0.2857142857142857,MinT
timeseries,1,2026-10-05T11:32:36,nodeC027,3.11.9,unknown,13155604,14700,2018-04-15,0,0,0.6435056924819946,lime,attribution,14,140,0.0708553556730986,0.82,0.8294177709259266,0.825,0.5555555555555556,10,10,0.75,0.011847411282360554,0.5,MaxT
timeseries,1,2026-10-05T11:32:36,nodeC027,3.11.9,unknown,13155604,14700,2018-04-15,0,0,0.6435056924819946,random,attribution,14,140,0.0,0.59,0.29602896287096303,0.02621082621082621,0.0,10,10,0.12,1.3803131878376007e-05,7.285714285714286,MinT
timeseries,1,2026-10-05T11:32:36,nodeC027,3.11.9,unknown,13155604,14704,2018-04-19,0,0,0.7116466760635376,integrated_gradients,attribution,14,140,0.22038360225973558,0.96,0.8466204040496466,0.9866666666666667,0.6470588235294118,10,10,1.0,0.07012162590399384,0.5,MinT
timeseries,1,2026-10-05T11:32:36,nodeC027,3.11.9,unknown,13155604,14704,2018-04-19,0,0,0.7116466760635376,gradient_shap,attribution,14,140,0.2100337117706427,0.94,0.8338795100094549,0.7307843137254902,0.5555555555555556,10,10,0.6470588235294118,0.0034471829421818256,0.7857142857142857,RH2
timeseries,1,2026-10-05T11:32:36,nodeC027,3.11.9,unknown,13155604,14704,2018-04-19,0,0,0.7116466760635376,lime,attribution,14,140,0.09979463040592322,0.86,0.8115616480145593,0.925,0.5555555555555556,10,10,1.0,0.012530257925391197,0.5,MaxT
timeseries,1,2026-10-05T11:32:36,nodeC027,3.11.9,unknown,13155604,14704,2018-04-19,0,0,0.7116466760635376,random,attribution,14,140,0.0,0.57,0.33405366738436304,0.05056980056980057,0.0,10,10,0.0,1.2917909771203995e-05,8.5,MaxT
timeseries,1,2026-10-05T11:32:36,nodeC027,3.11.9,unknown,13155604,14714,2018-04-29,0,0,0.6798739433288574,integrated_gradients,attribution,14,140,0.20250075571661924,0.99,0.8585795049776608,0.9333333333333333,0.75,10,10,1.0,0.07096382696181536,0.7857142857142857,MinT
timeseries,1,2026-10-05T11:32:36,nodeC027,3.11.9,unknown,13155604,14714,2018-04-29,0,0,0.6798739433288574,gradient_shap,attribution,14,140,0.18243034256581747,0.92,0.8365808344185537,0.8950000000000001,0.6470588235294118,10,10,0.75,0.0030807829461991787,0.7857142857142857,RH2
timeseries,1,2026-10-05T11:32:36,nodeC027,3.11.9,unknown,13155604,14714,2018-04-29,0,0,0.6798739433288574,lime,attribution,14,140,0.2039786112909323,0.98,0.8079569592871052,1.0,0.5555555555555556,10,10,1.0,0.01201357925310731,0.7857142857142857,RH2
timeseries,1,2026-10-05T11:32:36,nodeC027,3.11.9,unknown,13155604,14714,2018-04-29,0,0,0.6798739433288574,random,attribution,14,140,0.0,0.58,0.324515266766896,0.07425071225071225,0.0,10,10,0.12,1.5035737305879593e-05,5.285714285714286,SSH
timeseries,1,2026-10-05T11:32:36,nodeC027,3.11.9,unknown,13155604,14734,2018-05-19,0,0,0.5904536247253418,integrated_gradients,attribution,14,140,0.19607223499540893,0.98,0.803978645776215,0.9466666666666667,0.75,10,10,1.0,0.07000321801751852,0.42857142857142855,MinT
timeseries,1,2026-10-05T11:32:36,nodeC027,3.11.9,unknown,13155604,14734,2018-05-19,0,0,0.5904536247253418,gradient_shap,attribution,14,140,0.18833468198803008,0.94,0.7772062176739486,0.74359477124183,0.5555555555555556,10,10,0.8666666666666667,0.003455360885709524,0.5,MinT
timeseries,1,2026-10-05T11:32:36,nodeC027,3.11.9,unknown,13155604,14734,2018-05-19,0,0,0.5904536247253418,lime,attribution,14,140,0.17142718556761807,0.75,0.7635980853822433,0.8,0.5555555555555556,10,10,0.75,0.01123307691887021,0.7857142857142857,MinT
timeseries,1,2026-10-05T11:32:36,nodeC027,3.11.9,unknown,13155604,14734,2018-05-19,0,0,0.5904536247253418,random,attribution,14,140,0.0,0.61,0.3394748287237299,0.030803418803418803,0.0,10,10,0.07692307692307693,1.4103949069976807e-05,6.285714285714286,MinT
timeseries,1,2026-10-05T11:32:36,nodeC027,3.11.9,unknown,13155604,14742,2018-05-27,0,0,0.5929046273231506,integrated_gradients,attribution,14,140,0.11673321243607178,0.73,0.8479514844650765,0.9600000000000002,0.75,10,10,1.0,0.005957986228168011,0.5714285714285714,MinT
timeseries,1,2026-10-05T11:32:36,nodeC027,3.11.9,unknown,13155604,14742,2018-05-27,0,0,0.5929046273231506,gradient_shap,attribution,14,140,0.11673321243607178,0.75,0.8338894430112632,0.8566666666666667,0.75,10,10,0.6470588235294118,0.003093650098890066,0.5714285714285714,MinT
timeseries,1,2026-10-05T11:32:36,nodeC027,3.11.9,unknown,13155604,14742,2018-05-27,0,0,0.5929046273231506,lime,attribution,14,140,0.05413877087516006,0.74,0.811402380511989,1.0,0.75,10,10,1.0,0.012284378986805677,0.7857142857142857,MinT
timeseries,1,2026-10-05T11:32:36,nodeC027,3.11.9,unknown,13155604,14742,2018-05-27,0,0,0.5929046273231506,random,attribution,14,140,0.04376448698735907,0.55,0.3296596248673245,0.06684330484330483,0.0,10,10,0.037037037037037035,1.4023855328559875e-05,7.071428571428571,MinT
timeseries,1,2026-10-05T11:32:36,nodeC027,3.11.9,unknown,13155604,14747,2018-06-01,1,1,0.5678874254226685,integrated_gradients,attribution,14,140,0.0,0.78,0.8426114593582297,0.9733333333333334,0.6470588235294118,10,10,1.0,0.005981536116451025,0.6428571428571429,MinT
timeseries,1,2026-10-05T11:32:36,nodeC027,3.11.9,unknown,13155604,14747,2018-06-01,1,1,0.5678874254226685,gradient_shap,attribution,14,140,0.1866591901187816,0.71,0.8284192514027551,0.6724509803921569,0.5555555555555556,10,10,0.8666666666666667,0.0032017631456255913,0.5,RH2
timeseries,1,2026-10-05T11:32:36,nodeC027,3.11.9,unknown,13155604,14747,2018-06-01,1,1,0.5678874254226685,lime,attribution,14,140,0.12035681711076382,0.88,0.7910132102145284,0.9,0.4,10,10,1.0,0.010985426139086485,0.7857142857142857,MinT
timeseries,1,2026-10-05T11:32:36,nodeC027,3.11.9,unknown,13155604,14747,2018-06-01,1,1,0.5678874254226685,random,attribution,14,140,0.0,0.34,0.3162524581130779,0.05854700854700854,0.0,10,10,0.07692307692307693,1.340918242931366e-05,6.785714285714286,RH1
timeseries,1,2026-10-05T11:32:36,nodeC027,3.11.9,unknown,13155604,14750,2018-06-04,1,1,0.8412225246429443,integrated_gradients,attribution,14,140,0.3965424421605269,1.0,0.8654154100207625,0.9733333333333334,0.75,10,10,1.0,0.005952212959527969,0.6428571428571429,MinT
timeseries,1,2026-10-05T11:32:36,nodeC027,3.11.9,unknown,13155604,14750,2018-06-04,1,1,0.8412225246429443,gradient_shap,attribution,14,140,0.4688758646764218,1.0,0.8452874494885051,0.9100000000000001,0.6470588235294118,10,10,0.75,0.003346230834722519,0.35714285714285715,MinT
timeseries,1,2026-10-05T11:32:36,nodeC027,3.11.9,unknown,13155604,14750,2018-06-04,1,1,0.8412225246429443,lime,attribution,14,140,0.40043017359706806,1.0,0.7492330219663783,0.875,0.75,10,10,0.75,0.015475564170628786,0.5,MinT
timeseries,1,2026-10-05T11:32:36,nodeC027,3.11.9,unknown,13155604,14750,2018-06-04,1,1,0.8412225246429443,random,attribution,14,140,0.04960061989438102,0.42,0.3589771743894723,0.06246153846153846,0.0,10,10,0.0,1.3426877558231354e-05,6.142857142857143,Wind
timeseries,1,2026-10-05T11:32:36,nodeC027,3.11.9,unknown,13155604,14752,2018-06-06,0,0,0.5404919981956482,integrated_gradients,attribution,14,140,0.0,0.64,0.7878709156278308,0.9866666666666667,0.75,10,10,1.0,0.005969666875898838,0.8571428571428571,MinT
timeseries,1,2026-10-05T11:32:36,nodeC027,3.11.9,unknown,13155604,14752,2018-06-06,0,0,0.5404919981956482,gradient_shap,attribution,14,140,0.0,0.65,0.7327593613725369,0.6169590643274854,0.47368421052631576,10,10,0.8666666666666667,0.003064338117837906,1.1428571428571428,RH2
timeseries,1,2026-10-05T11:32:36,nodeC027,3.11.9,unknown,13155604,14752,2018-06-06,0,0,0.5404919981956482,lime,attribution,14,140,0.0,0.64,0.752014223129302,0.875,0.5555555555555556,10,10,1.0,0.010952963028103113,1.0714285714285714,MinT
timeseries,1,2026-10-05T11:32:36,nodeC027,3.11.9,unknown,13155604,14752,2018-06-06,0,0,0.5404919981956482,random,attribution,14,140,0.18394486251635017,0.68,0.3703098744401099,0.05327635327635327,0.0,10,10,0.12,1.3526063412427902e-05,7.214285714285714,MinT
timeseries,1,2026-10-05T11:32:36,nodeC027,3.11.9,unknown,13155604,14790,2018-07-14,1,1,0.7849933505058289,integrated_gradients,attribution,14,140,0.40986364999309416,1.0,0.7588860834869633,0.9333333333333333,0.75,10,10,1.0,0.06954172207042575,1.2142857142857142,RH2
timeseries,1,2026-10-05T11:32:36,nodeC027,3.11.9,unknown,13155604,14790,2018-07-14,1,1,0.7849933505058289,gradient_shap,attribution,14,140,0.44776819716745697,0.83,0.7615684530997138,0.7397058823529412,0.5555555555555556,10,10,0.75,0.003183733206242323,1.0714285714285714,RH2
timeseries,1,2026-10-05T11:32:36,nodeC027,3.11.9,unknown,13155604,14790,2018-07-14,1,1,0.7849933505058289,lime,attribution,14,140,0.3956743593756205,0.93,0.6865248978860217,0.925,0.5555555555555556,10,10,1.0,0.022503570187836885,1.3571428571428572,RH2
timeseries,1,2026-10-05T11:32:36,nodeC027,3.11.9,unknown,13155604,14790,2018-07-14,1,1,0.7849933505058289,random,attribution,14,140,0.0,0.47,0.32113898181534184,0.04647293447293448,0.0,10,10,0.037037037037037035,1.3961922377347946e-05,6.428571428571429,FAO56_ET
timeseries,1,2026-10-05T11:32:36,nodeC027,3.11.9,unknown,13155604,14824,2018-08-17,1,1,0.8759364485740662,integrated_gradients,attribution,14,140,0.5627554518220372,1.0,0.744705488798953,1.0,0.8666666666666667,10,10,1.0,0.0069955517537891865,0.8571428571428571,RH2
timeseries,1,2026-10-05T11:32:36,nodeC027,3.11.9,unknown,13155604,14824,2018-08-17,1,1,0.8759364485740662,gradient_shap,attribution,14,140,0.43510947874474126,1.0,0.7826118000556119,0.8683333333333334,0.6470588235294118,10,10,0.8666666666666667,0.0034543550573289394,0.5714285714285714,RH2
timeseries,1,2026-10-05T11:32:36,nodeC027,3.11.9,unknown,13155604,14824,2018-08-17,1,1,0.8759364485740662,lime,attribution,14,140,0.3424936759034484,1.0,0.6378643756682609,0.95,0.75,10,10,0.75,0.011181386653333902,0.7857142857142857,RH2
timeseries,1,2026-10-05T11:32:36,nodeC027,3.11.9,unknown,13155604,14824,2018-08-17,1,1,0.8759364485740662,random,attribution,14,140,0.055253771917438854,0.5,0.32318213994175904,0.05918518518518516,0.0,10,10,0.07692307692307693,1.2680888175964355e-05,7.285714285714286,MinT
