modality,seed,date,host,python,commit,slurm_job,instance,target_date,y_true,y_pred,p_pred,method,kind,k,d,fid_del,fid_suf,sparsity,stability,robustness,n_valid_stab,n_valid_rob,consistency,time_s,mean_lag_topk,top_variable
timeseries,0,2026-10-05T11:32:36,nodeC027,3.11.9,unknown,13155603,11879,2010-07-25,1,1,0.9291186332702637,integrated_gradients,attribution,14,140,0.7275411880299902,1.0,0.7835211465064948,0.9066666666666666,0.75,10,10,1.0,0.03579994896426797,1.5714285714285714,RH2
timeseries,0,2026-10-05T11:32:36,nodeC027,3.11.9,unknown,13155603,11879,2010-07-25,1,1,0.9291186332702637,gradient_shap,attribution,14,140,0.7153614531258099,1.0,0.7950153441865014,0.885,0.75,10,10,0.75,0.02399831125512719,0.9285714285714286,RH2
timeseries,0,2026-10-05T11:32:36,nodeC027,3.11.9,unknown,13155603,11879,2010-07-25,1,1,0.9291186332702637,lime,attribution,14,140,0.6546902609336501,1.0,0.6870200974426577,1.0,0.75,10,10,1.0,0.19814793672412634,2.2142857142857144,RH2
timeseries,0,2026-10-05T11:32:36,nodeC027,3.11.9,unknown,13155603,11879,2010-07-25,1,1,0.9291186332702637,random,attribution,14,140,0.01368473643612558,0.36,0.323856229753708,0.053880341880341874,0.0,10,10,0.037037037037037035,1.3917218893766403e-05,7.0,MinT
timeseries,0,2026-10-05T11:32:36,nodeC027,3.11.9,unknown,13155603,11891,2010-08-06,1,1,0.7951510548591614,integrated_gradients,attribution,14,140,0.4698988884983465,0.83,0.6896369956437691,0.8450000000000001,0.6470588235294118,10,10,1.0,0.07441260432824492,2.7142857142857144,RH2
timeseries,0,2026-10-05T11:32:36,nodeC027,3.11.9,unknown,13155603,11891,2010-08-06,1,1,0.7951510548591614,gradient_shap,attribution,14,140,0.5600315012547206,0.91,0.7079454007248636,0.7760784313725491,0.47368421052631576,10,10,0.6470588235294118,0.0030452818609774113,2.2142857142857144,RH2
timeseries,0,2026-10-05T11:32:36,nodeC027,3.11.9,unknown,13155603,11891,2010-08-06,1,1,0.7951510548591614,lime,attribution,14,140,0.5233301107963534,0.9,0.6380266252217972,0.9,0.5555555555555556,10,10,1.0,0.012510315049439669,2.2142857142857144,RH2
timeseries,0,2026-10-05T11:32:36,nodeC027,3.11.9,unknown,13155603,11891,2010-08-06,1,1,0.7951510548591614,random,attribution,14,140,0.03163745731862585,0.44,0.31879360062041606,0.038176638176638175,0.0,10,10,0.07692307692307693,1.3129785656929016e-05,6.928571428571429,Rain
timeseries,0,2026-10-05T11:32:36,nodeC027,3.11.9,unknown,13155603,11899,2010-08-14,1,1,0.9137404561042786,integrated_gradients,attribution,14,140,0.47017274144634247,1.0,0.7683190200971322,0.8683333333333334,0.5555555555555556,10,10,1.0,0.07006924180313945,1.5714285714285714,RH2
timeseries,0,2026-10-05T11:32:36,nodeC027,3.11.9,unknown,13155603,11899,2010-08-14,1,1,0.9137404561042786,gradient_shap,attribution,14,140,0.7017846224737723,1.0,0.7709686491071429,0.8083333333333333,0.6470588235294118,10,10,0.6470588235294118,0.0031523010693490505,1.7142857142857142,RH2
timeseries,0,2026-10-05T11:32:36,nodeC027,3.11.9,unknown,13155603,11899,2010-08-14,1,1,0.9137404561042786,lime,attribution,14,140,0.603630712573714,1.0,0.6976924210425922,0.7805555555555556,0.4,10,10,0.75,0.010970347095280886,1.6428571428571428,RH2
timeseries,0,2026-10-05T11:32:36,nodeC027,3.11.9,unknown,13155603,11899,2010-08-14,1,1,0.9137404561042786,random,attribution,14,140,0.012882565522904371,0.53,0.3339356252571031,0.0421994301994302,0.0,10,10,0.07692307692307693,1.2643169611692429e-05,5.928571428571429,Rain
timeseries,0,2026-10-05T11:32:36,nodeC027,3.11.9,unknown,13155603,11903,2010-08-18,1,1,0.8571487665176392,integrated_gradients,attribution,14,140,0.5986644131630388,0.9,0.7841297389999149,0.9466666666666667,0.75,10,10,1.0,0.005813342984765768,1.7142857142857142,RH2
timeseries,0,2026-10-05T11:32:36,nodeC027,3.11.9,unknown,13155603,11903,2010-08-18,1,1,0.8571487665176392,gradient_shap,attribution,14,140,0.6802130235449638,1.0,0.7878186417191761,0.7657843137254903,0.6470588235294118,10,10,0.5555555555555556,0.003051900304853916,1.0714285714285714,RH2
timeseries,0,2026-10-05T11:32:36,nodeC027,3.11.9,unknown,13155603,11903,2010-08-18,1,1,0.8571487665176392,lime,attribution,14,140,0.7650374602675694,0.99,0.694478942043271,0.975,0.75,10,10,1.0,0.01366089889779687,1.3571428571428572,RH2
timeseries,0,2026-10-05T11:32:36,nodeC027,3.11.9,unknown,13155603,11903,2010-08-18,1,1,0.8571487665176392,random,attribution,14,140,0.0,0.34,0.2935048904832598,0.05327635327635327,0.0,10,10,0.037037037037037035,1.3089273124933243e-05,6.5,Wind
timeseries,0,2026-10-05T11:32:36,nodeC027,3.11.9,unknown,13155603,11904,2010-08-19,1,1,0.8770294785499573,integrated_gradients,attribution,14,140,0.475319443312689,1.0,0.7838215343750811,0.9733333333333334,0.8666666666666667,10,10,1.0,0.005806421395391226,1.6428571428571428,RH2
timeseries,0,2026-10-05T11:32:36,nodeC027,3.11.9,unknown,13155603,11904,2010-08-19,1,1,0.8770294785499573,gradient_shap,attribution,14,140,0.5169539611392138,1.0,0.7809863884659296,0.8583333333333334,0.5555555555555556,10,10,0.6470588235294118,0.0030768588185310364,1.7857142857142858,RH2
timeseries,0,2026-10-05T11:32:36,nodeC027,3.11.9,unknown,13155603,11904,2010-08-19,1,1,0.8770294785499573,lime,attribution,14,140,0.49327845993842784,0.8,0.6847109531261809,1.0,0.75,10,10,1.0,0.012482814956456423,1.6428571428571428,RH2
timeseries,0,2026-10-05T11:32:36,nodeC027,3.11.9,unknown,13155603,11904,2010-08-19,1,1,0.8770294785499573,random,attribution,14,140,0.05725673032414526,0.52,0.36354016277427537,0.042484330484330486,0.0,10,10,0.12,1.2416858226060867e-05,5.642857142857143,RH1
timeseries,0,2026-10-05T11:32:36,nodeC027,3.11.9,unknown,13155603,11915,2010-08-30,1,1,0.9177114963531494,integrated_gradients,attribution,14,140,0.5757383881838146,1.0,0.7633747791287078,0.9733333333333334,0.75,10,10,1.0,0.07021495420485735,0.5714285714285714,MinT
timeseries,0,2026-10-05T11:32:36,nodeC027,3.11.9,unknown,13155603,11915,2010-08-30,1,1,0.9177114963531494,gradient_shap,attribution,14,140,0.6486314160410541,1.0,0.7354854140073392,0.8127450980392157,0.6470588235294118,10,10,0.75,0.003053070977330208,0.5714285714285714,RH2
timeseries,0,2026-10-05T11:32:36,nodeC027,3.11.9,unknown,13155603,11915,2010-08-30,1,1,0.9177114963531494,lime,attribution,14,140,0.762939085946262,1.0,0.6789826122947109,0.925,0.4,10,10,1.0,0.011129813734441996,0.7857142857142857,RH2
timeseries,0,2026-10-05T11:32:36,nodeC027,3.11.9,unknown,13155603,11915,2010-08-30,1,1,0.9177114963531494,random,attribution,14,140,0.03906461693860039,0.44,0.3438941873257063,0.06994301994301995,0.0,10,10,0.07692307692307693,1.2735836207866669e-05,6.571428571428571,FAO56_ET
timeseries,0,2026-10-05T11:32:36,nodeC027,3.11.9,unknown,13155603,11916,2010-08-31,1,1,0.9236882925033569,integrated_gradients,attribution,14,140,0.5986994962482217,1.0,0.7864098468915249,0.9733333333333334,0.75,10,10,1.0,0.005816217046231031,0.8571428571428571,RH2
timeseries,0,2026-10-05T11:32:36,nodeC027,3.11.9,unknown,13155603,11916,2010-08-31,1,1,0.9236882925033569,gradient_shap,attribution,14,140,0.6906277751485812,1.0,0.7657296405868961,0.9466666666666667,0.8666666666666667,10,10,0.8666666666666667,0.0030615259893238544,0.5714285714285714,RH2
timeseries,0,2026-10-05T11:32:36,nodeC027,3.11.9,unknown,13155603,11916,2010-08-31,1,1,0.9236882925033569,lime,attribution,14,140,0.43706406654536084,1.0,0.6847706875507674,0.85,0.5555555555555556,10,10,0.75,0.011659988202154636,0.7857142857142857,RH2
timeseries,0,2026-10-05T11:32:36,nodeC027,3.11.9,unknown,13155603,11916,2010-08-31,1,1,0.9236882925033569,random,attribution,14,140,0.0,0.42,0.31327997676864017,0.05484330484330484,0.0,10,10,0.07692307692307693,1.2258999049663544e-05,5.071428571428571,Radiation
timeseries,0,2026-10-05T11:32:36,nodeC027,3.11.9,unknown,13155603,11918,2010-09-02,1,1,0.6990810632705688,integrated_gradients,attribution,14,140,0.7122042548003241,1.0,0.7285556252643836,0.9333333333333333,0.75,10,10,1.0,0.006432016380131245,0.9285714285714286,RH2
timeseries,0,2026-10-05T11:32:36,nodeC027,3.11.9,unknown,13155603,11918,2010-09-02,1,1,0.6990810632705688,gradient_shap,attribution,14,140,0.7400946913259727,1.0,0.7494266156600957,0.8550000000000001,0.6470588235294118,10,10,1.0,0.003045874647796154,0.7142857142857143,RH2
timeseries,0,2026-10-05T11:32:36,nodeC027,3.11.9,unknown,13155603,11918,2010-09-02,1,1,0.6990810632705688,lime,attribution,14,140,0.5508686219666653,0.99,0.6564247974114945,0.875,0.75,10,10,1.0,0.011035589966922998,1.3571428571428572,RH2
timeseries,0,2026-10-05T11:32:36,nodeC027,3.11.9,unknown,13155603,11918,2010-09-02,1,1,0.6990810632705688,random,attribution,14,140,0.0,0.36,0.2879203708401581,0.039384615384615386,0.0,10,10,0.16666666666666666,1.32792629301548e-05,7.642857142857143,Rain
timeseries,0,2026-10-05T11:32:36,nodeC027,3.11.9,unknown,13155603,11933,2010-09-17,1,1,0.901810884475708,integrated_gradients,attribution,14,140,0.6068914246223829,0.99,0.7218578028064512,0.9333333333333333,0.6470588235294118,10,10,1.0,0.005794921889901161,1.3571428571428572,RH2
timeseries,0,2026-10-05T11:32:36,nodeC027,3.11.9,unknown,13155603,11933,2010-09-17,1,1,0.901810884475708,gradient_shap,attribution,14,140,0.6834825348205101,1.0,0.7334404066406834,0.7157516339869281,0.5555555555555556,10,10,0.75,0.003037296701222658,3.2857142857142856,RH2
timeseries,0,2026-10-05T11:32:36,nodeC027,3.11.9,unknown,13155603,11933,2010-09-17,1,1,0.901810884475708,lime,attribution,14,140,0.6902422068759849,0.98,0.6467058288719756,1.0,0.5555555555555556,10,10,1.0,0.011044156737625599,3.0714285714285716,RH2
timeseries,0,2026-10-05T11:32:36,nodeC027,3.11.9,unknown,13155603,11933,2010-09-17,1,1,0.901810884475708,random,attribution,14,140,0.04295811809693616,0.39,0.33925572446842267,0.07916239316239315,0.0,10,10,0.07692307692307693,1.3326294720172882e-05,6.285714285714286,Evap
timeseries,0,2026-10-05T11:32:36,nodeC027,3.11.9,unknown,13155603,11962,2010-10-16,0,0,0.7440512776374817,integrated_gradients,attribution,14,140,0.1971670679155329,1.0,0.700592621800116,0.9216666666666666,0.6470588235294118,10,10,1.0,0.005804795306175947,2.0714285714285716,RH2
timeseries,0,2026-10-05T11:32:36,nodeC027,3.11.9,unknown,13155603,11962,2010-10-16,0,0,0.7440512776374817,gradient_shap,attribution,14,140,0.20022311749420757,0.93,0.7246837633328734,0.5675954592363261,0.4,10,10,0.5555555555555556,0.003250208217650652,2.5,RH2
timeseries,0,2026-10-05T11:32:36,nodeC027,3.11.9,unknown,13155603,11962,2010-10-16,0,0,0.7440512776374817,lime,attribution,14,140,0.0,0.64,0.6008665028557272,0.9,0.2727272727272727,10,10,1.0,0.013494913000613451,3.9285714285714284,RH2
timeseries,0,2026-10-05T11:32:36,nodeC027,3.11.9,unknown,13155603,11962,2010-10-16,0,0,0.7440512776374817,random,attribution,14,140,0.0002515399008372033,0.65,0.32377370230265967,0.04586894586894587,0.0,10,10,0.0,1.2460164725780487e-05,6.571428571428571,MaxT
timeseries,0,2026-10-05T11:32:36,nodeC027,3.11.9,unknown,13155603,11975,2010-10-29,0,0,0.9758704900741577,integrated_gradients,attribution,14,140,0.19848562121962646,1.0,0.7208857744452827,0.9466666666666667,0.75,10,10,1.0,0.06974250404164195,4.285714285714286,RH2
timeseries,0,2026-10-05T11:32:36,nodeC027,3.11.9,unknown,13155603,11975,2010-10-29,0,0,0.9758704900741577,gradient_shap,attribution,14,140,0.1161964135963045,1.0,0.7858239337509488,0.6687908496732027,0.47368421052631576,10,10,1.0,0.0030571380630135536,2.7857142857142856,RH2
timeseries,0,2026-10-05T11:32:36,nodeC027,3.11.9,unknown,13155603,11975,2010-10-29,0,0,0.9758704900741577,lime,attribution,14,140,0.05228430302478746,0.95,0.6638938954645454,0.9,0.5555555555555556,10,10,0.75,0.011041037738323212,2.7857142857142856,RH2
timeseries,0,2026-10-05T11:32:36,nodeC027,3.11.9,unknown,13155603,11975,2010-10-29,0,0,0.9758704900741577,random,attribution,14,140,0.00950123958688988,0.57,0.3495112686675699,0.033618233618233614,0.0,10,10,0.0,1.2580770999193192e-05,7.428571428571429,MaxT
timeseries,0,2026-10-05T11:32:36,nodeC027,3.11.9,unknown,13155603,11992,2010-11-15,1,1,0.503303587436676,integrated_gradients,attribution,14,140,0.7345526716913588,0.64,0.642800871653073,0.9200000000000002,0.75,10,10,1.0,0.0058104610070586205,6.857142857142857,RH2
timeseries,0,2026-10-05T11:32:36,nodeC027,3.11.9,unknown,13155603,11992,2010-11-15,1,1,0.503303587436676,gradient_shap,attribution,14,140,0.7345526716913588,0.56,0.6364558110608465,0.8316666666666668,0.6470588235294118,10,10,0.75,0.0030484162271022797,6.857142857142857,RH2
timeseries,0,2026-10-05T11:32:36,nodeC027,3.11.9,unknown,13155603,11992,2010-11-15,1,1,0.503303587436676,lime,attribution,14,140,0.7543950118385373,0.6,0.6086138777450605,1.0,0.5555555555555556,10,10,1.0,0.012291644234210253,4.214285714285714,RH2
timeseries,0,2026-10-05T11:32:36,nodeC027,3.11.9,unknown,13155603,11992,2010-11-15,1,1,0.503303587436676,random,attribution,14,140,0.0,0.41,0.35048346883640946,0.08944936544936544,0.037037037037037035,10,10,0.12,1.2164004147052765e-05,8.5,FAO56_ET
timeseries,0,2026-10-05T11:32:36,nodeC027,3.11.9,unknown,13155603,11994,2010-11-17,0,0,0.6109596490859985,integrated_gradients,attribution,14,140,0.0,0.56,0.6432058126123954,0.8833333333333334,0.5555555555555556,10,10,1.0,0.06998984608799219,4.928571428571429,RH2
timeseries,0,2026-10-05T11:32:36,nodeC027,3.11.9,unknown,13155603,11994,2010-11-17,0,0,0.6109596490859985,gradient_shap,attribution,14,140,0.0,0.56,0.6790469348642689,0.7630392156862745,0.47368421052631576,10,10,0.8666666666666667,0.003051439765840769,3.7142857142857144,RH2
timeseries,0,2026-10-05T11:32:36,nodeC027,3.11.9,unknown,13155603,11994,2010-11-17,0,0,0.6109596490859985,lime,attribution,14,140,0.0,0.7,0.5842492803026835,1.0,0.5555555555555556,10,10,1.0,0.011860812082886696,4.5,RH2
timeseries,0,2026-10-05T11:32:36,nodeC027,3.11.9,unknown,13155603,11994,2010-11-17,0,0,0.6109596490859985,random,attribution,14,140,0.18316240822984836,0.6,0.3566726314294528,0.05850712250712251,0.0,10,10,0.0,1.3134907931089401e-05,5.357142857142857,MaxT
timeseries,0,2026-10-05T11:32:36,nodeC027,3.11.9,unknown,13155603,12013,2010-12-06,0,0,0.556601881980896,integrated_gradients,attribution,14,140,0.0,0.77,0.6601571520466558,0.8833333333333334,0.47368421052631576,10,10,1.0,0.06996805313974619,2.142857142857143,MinT
timeseries,0,2026-10-05T11:32:36,nodeC027,3.11.9,unknown,13155603,12013,2010-12-06,0,0,0.556601881980896,gradient_shap,attribution,14,140,0.0,0.8,0.6874554126165742,0.5347024423804609,0.3333333333333333,10,10,0.5555555555555556,0.003060830757021904,1.7857142857142858,MaxT
timeseries,0,2026-10-05T11:32:36,nodeC027,3.11.9,unknown,13155603,12013,2010-12-06,0,0,0.556601881980896,lime,attribution,14,140,0.0,0.64,0.5720775405923575,0.975,0.4,10,10,1.0,0.011075773276388645,3.357142857142857,Wind
timeseries,0,2026-10-05T11:32:36,nodeC027,3.11.9,unknown,13155603,12013,2010-12-06,0,0,0.556601881980896,random,attribution,14,140,0.037778144252176266,0.54,0.3416519316654347,0.061891737891737894,0.037037037037037035,10,10,0.07692307692307693,1.2297648936510086e-05,7.214285714285714,MaxT
timeseries,0,2026-10-05T11:32:36,nodeC027,3.11.9,unknown,13155603,12026,2010-12-19,0,0,0.9989455342292786,integrated_gradients,attribution,14,140,0.1883781312417864,1.0,0.7977953934182758,1.0,0.75,10,10,1.0,0.005815355107188225,2.9285714285714284,MaxT
timeseries,0,2026-10-05T11:32:36,nodeC027,3.11.9,unknown,13155603,12026,2010-12-19,0,0,0.9989455342292786,gradient_shap,attribution,14,140,0.173467923464418,1.0,0.7991545536419796,0.7644117647058823,0.6470588235294118,10,10,0.6470588235294118,0.003043724223971367,1.6428571428571428,MinT
timeseries,0,2026-10-05T11:32:36,nodeC027,3.11.9,unknown,13155603,12026,2010-12-19,0,0,0.9989455342292786,lime,attribution,14,140,0.1963861744291679,1.0,0.6286546461067583,0.95,0.5555555555555556,10,10,0.5555555555555556,0.011033690068870783,4.214285714285714,MaxT
timeseries,0,2026-10-05T11:32:36,nodeC027,3.11.9,unknown,13155603,12026,2010-12-19,0,0,0.9989455342292786,random,attribution,14,140,0.00016169909350056163,0.63,0.3407142763446016,0.08391576861142078,0.0,10,10,0.0,1.3214070349931717e-05,6.0,Evap
timeseries,0,2026-10-05T11:32:36,nodeC027,3.11.9,unknown,13155603,12036,2010-12-29,0,0,0.9887356162071228,integrated_gradients,attribution,14,140,0.16199768377954227,1.0,0.7961033433352489,0.9466666666666667,0.6470588235294118,10,10,1.0,0.005802145227789879,0.7142857142857143,MinT
timeseries,0,2026-10-05T11:32:36,nodeC027,3.11.9,unknown,13155603,12036,2010-12-29,0,0,0.9887356162071228,gradient_shap,attribution,14,140,0.1116729686245628,0.96,0.7622323365494899,0.6207516339869282,0.47368421052631576,10,10,0.5555555555555556,0.0031550461426377296,1.1428571428571428,MinT
timeseries,0,2026-10-05T11:32:36,nodeC027,3.11.9,unknown,13155603,12036,2010-12-29,0,0,0.9887356162071228,lime,attribution,14,140,0.13857861034127147,0.93,0.6937313005112539,0.9,0.5555555555555556,10,10,1.0,0.011823906097561121,1.0714285714285714,MinT
timeseries,0,2026-10-05T11:32:36,nodeC027,3.11.9,unknown,13155603,12036,2010-12-29,0,0,0.9887356162071228,random,attribution,14,140,0.0006068760436239404,0.66,0.33716340492147867,0.05017663817663818,0.0,10,10,0.0,1.2458767741918564e-05,6.5,MaxT
timeseries,0,2026-10-05T11:32:36,nodeC027,3.11.9,unknown,13155603,12043,2011-01-05,0,0,0.9332993030548096,integrated_gradients,attribution,14,140,0.38150430663518403,0.93,0.7756377838286723,0.9733333333333334,0.75,10,10,1.0,0.0058240280486643314,0.7142857142857143,MinT
timeseries,0,2026-10-05T11:32:36,nodeC027,3.11.9,unknown,13155603,12043,2011-01-05,0,0,0.9332993030548096,gradient_shap,attribution,14,140,0.25595484885712017,0.97,0.7850706009211184,0.7418128654970761,0.4,10,10,0.5555555555555556,0.0030528130009770393,0.5714285714285714,MinT
timeseries,0,2026-10-05T11:32:36,nodeC027,3.11.9,unknown,13155603,12043,2011-01-05,0,0,0.9332993030548096,lime,attribution,14,140,0.24429850140795561,0.92,0.6985480905547236,0.85,0.4,10,10,0.5555555555555556,0.012493463233113289,0.7857142857142857,Wind
timeseries,0,2026-10-05T11:32:36,nodeC027,3.11.9,unknown,13155603,12043,2011-01-05,0,0,0.9332993030548096,random,attribution,14,140,0.0,0.49,0.32662322925060083,0.0572991452991453,0.0,10,10,0.037037037037037035,1.326296478509903e-05,5.785714285714286,RH2
timeseries,0,2026-10-05T11:32:36,nodeC027,3.11.9,unknown,13155603,12053,2011-01-15,0,0,0.9987651109695435,integrated_gradients,attribution,14,140,0.21666329086184954,1.0,0.8094867936868761,0.9083333333333334,0.6470588235294118,10,10,1.0,0.0058042979799211025,1.5,MaxT
timeseries,0,2026-10-05T11:32:36,nodeC027,3.11.9,unknown,13155603,12053,2011-01-15,0,0,0.9987651109695435,gradient_shap,attribution,14,140,0.10962827674374442,1.0,0.7717326931920432,0.6734141726866185,0.5555555555555556,10,10,0.6470588235294118,0.0030614719726145267,1.9285714285714286,RH2
timeseries,0,2026-10-05T11:32:36,nodeC027,3.11.9,unknown,13155603,12053,2011-01-15,0,0,0.9987651109695435,lime,attribution,14,140,0.15756335243796168,0.98,0.6807820257667897,0.825,0.5555555555555556,10,10,0.75,0.012088716961443424,2.5,MinT
timeseries,0,2026-10-05T11:32:36,nodeC027,3.11.9,unknown,13155603,12053,2011-01-15,0,0,0.9987651109695435,random,attribution,14,140,0.00010873393712695815,0.63,0.29948261917435115,0.062176638176638176,0.0,10,10,0.037037037037037035,1.20578333735466e-05,5.357142857142857,MaxT
timeseries,0,2026-10-05T11:32:36,nodeC027,3.11.9,unknown,13155603,12069,2011-01-31,0,0,0.9815736413002014,integrated_gradients,attribution,14,140,0.2297339828406153,1.0,0.7727375281458512,0.8833333333333334,0.6470588235294118,10,10,1.0,0.06866433983668685,2.2142857142857144,Wind
timeseries,0,2026-10-05T11:32:36,nodeC027,3.11.9,unknown,13155603,12069,2011-01-31,0,0,0.9815736413002014,gradient_shap,attribution,14,140,0.15976204380439654,0.99,0.7852332064585137,0.6882352941176471,0.5555555555555556,10,10,0.75,0.0030504739843308926,2.5,RH2
timeseries,0,2026-10-05T11:32:36,nodeC027,3.11.9,unknown,13155603,12069,2011-01-31,0,0,0.9815736413002014,lime,attribution,14,140,0.20927226883193922,0.98,0.7046336012256982,0.9,0.5555555555555556,10,10,0.75,0.011914171278476715,2.2142857142857144,MinT
timeseries,0,2026-10-05T11:32:36,nodeC027,3.11.9,unknown,13155603,12069,2011-01-31,0,0,0.9815736413002014,random,attribution,14,140,0.0,0.64,0.31123628399358627,0.042484330484330486,0.0,10,10,0.0,1.2542586773633957e-05,7.285714285714286,MinT
timeseries,0,2026-10-05T11:32:36,nodeC027,3.11.9,unknown,13155603,12106,2011-03-09,0,0,0.9848101735115051,integrated_gradients,attribution,14,140,0.32299863948114477,1.0,0.7899291965553639,0.9466666666666667,0.6470588235294118,10,10,1.0,0.005811748094856739,0.6428571428571429,RH2
timeseries,0,2026-10-05T11:32:36,nodeC027,3.11.9,unknown,13155603,12106,2011-03-09,0,0,0.9848101735115051,gradient_shap,attribution,14,140,0.4014209702201978,1.0,0.7992516958915425,0.8316666666666668,0.6470588235294118,10,10,0.6470588235294118,0.0030464972369372845,0.6428571428571429,RH2
timeseries,0,2026-10-05T11:32:36,nodeC027,3.11.9,unknown,13155603,12106,2011-03-09,0,0,0.9848101735115051,lime,attribution,14,140,0.3510679125813223,1.0,0.7113631041387417,0.85,0.4,10,10,1.0,0.011056219227612019,0.7857142857142857,RH2
timeseries,0,2026-10-05T11:32:36,nodeC027,3.11.9,unknown,13155603,12106,2011-03-09,0,0,0.9848101735115051,random,attribution,14,140,0.0,0.66,0.3175733243512826,0.07143589743589743,0.0,10,10,0.07692307692307693,1.292908564209938e-05,8.428571428571429,MinT
timeseries,0,2026-10-05T11:32:36,nodeC027,3.11.9,unknown,13155603,12109,2011-03-12,0,0,0.9079647064208984,integrated_gradients,attribution,14,140,0.3283806159460843,1.0,0.7137336237779619,0.8583333333333334,0.47368421052631576,10,10,1.0,0.00580188212916255,1.1428571428571428,RH2
timeseries,0,2026-10-05T11:32:36,nodeC027,3.11.9,unknown,13155603,12109,2011-03-12,0,0,0.9079647064208984,gradient_shap,attribution,14,140,0.31889424614880246,0.99,0.767977650463479,0.777450980392157,0.6470588235294118,10,10,0.6470588235294118,0.0030622021295130253,1.1428571428571428,RH2
timeseries,0,2026-10-05T11:32:36,nodeC027,3.11.9,unknown,13155603,12109,2011-03-12,0,0,0.9079647064208984,lime,attribution,14,140,0.37618113532757147,1.0,0.6737575009619773,0.925,0.4,10,10,1.0,0.011727744713425636,1.6428571428571428,RH2
timeseries,0,2026-10-05T11:32:36,nodeC027,3.11.9,unknown,13155603,12109,2011-03-12,0,0,0.9079647064208984,random,attribution,14,140,0.0558954472816762,0.7,0.3733100737011432,0.05331054131054132,0.0,10,10,0.037037037037037035,1.2610107660293579e-05,6.928571428571429,RH2
timeseries,0,2026-10-05T11:32:36,nodeC027,3.11.9,unknown,13155603,12117,2011-03-20,0,0,0.9558684825897217,integrated_gradients,attribution,14,140,0.43235138409696194,1.0,0.7358803833247481,0.9200000000000002,0.6470588235294118,10,10,1.0,0.005804693792015314,0.9285714285714286,RH2
timeseries,0,2026-10-05T11:32:36,nodeC027,3.11.9,unknown,13155603,12117,2011-03-20,0,0,0.9558684825897217,gradient_shap,attribution,14,140,0.4808584749710198,1.0,0.7467704691470796,0.8130392156862746,0.6470588235294118,10,10,0.75,0.003036648966372013,1.1428571428571428,RH2
timeseries,0,2026-10-05T11:32:36,nodeC027,3.11.9,unknown,13155603,12117,2011-03-20,0,0,0.9558684825897217,lime,attribution,14,140,0.4354314854388123,1.0,0.6754867560263238,0.875,0.5555555555555556,10,10,1.0,0.01115269074216485,0.7857142857142857,RH2
timeseries,0,2026-10-05T11:32:36,nodeC027,3.11.9,unknown,13155603,12117,2011-03-20,0,0,0.9558684825897217,random,attribution,14,140,0.0,0.64,0.33478335044566077,0.07884330484330485,0.0,10,10,0.07692307692307693,1.2474600225687027e-05,6.857142857142857,SSH
timeseries,0,2026-10-05T11:32:36,nodeC027,3.11.9,unknown,13155603,12128,2011-03-31,0,0,0.9047657251358032,integrated_gradients,attribution,14,140,0.40532305188923184,1.0,0.7277262322312055,0.8950000000000001,0.5555555555555556,10,10,1.0,0.070047945715487,1.0,MaxT
timeseries,0,2026-10-05T11:32:36,nodeC027,3.11.9,unknown,13155603,12128,2011-03-31,0,0,0.9047657251358032,gradient_shap,attribution,14,140,0.4571177150687278,1.0,0.7738497233374199,0.7424509803921568,0.6470588235294118,10,10,0.75,0.003113703802227974,1.0,RH2
timeseries,0,2026-10-05T11:32:36,nodeC027,3.11.9,unknown,13155603,12128,2011-03-31,0,0,0.9047657251358032,lime,attribution,14,140,0.32371620842652404,0.98,0.6888893380797877,0.825,0.5555555555555556,10,10,1.0,0.011043014004826546,2.5,MaxT
timeseries,0,2026-10-05T11:32:36,nodeC027,3.11.9,unknown,13155603,12128,2011-03-31,0,0,0.9047657251358032,random,attribution,14,140,0.0,0.5,0.3340161595699691,0.05915099715099714,0.0,10,10,0.12,1.1905096471309662e-05,6.857142857142857,FAO56_ET
timeseries,0,2026-10-05T11:32:36,nodeC027,3.11.9,unknown,13155603,12130,2011-04-02,0,0,0.9760544300079346,integrated_gradients,attribution,14,140,0.39541397147783675,1.0,0.7565574203013712,0.9733333333333334,0.75,10,10,1.0,0.0057985358871519566,0.5714285714285714,RH2
timeseries,0,2026-10-05T11:32:36,nodeC027,3.11.9,unknown,13155603,12130,2011-04-02,0,0,0.9760544300079346,gradient_shap,attribution,14,140,0.42555941579957735,0.99,0.8020011212104223,0.8450000000000001,0.6470588235294118,10,10,0.5555555555555556,0.0030362317338585854,0.8571428571428571,RH2
timeseries,0,2026-10-05T11:32:36,nodeC027,3.11.9,unknown,13155603,12130,2011-04-02,0,0,0.9760544300079346,lime,attribution,14,140,0.3550692511167309,1.0,0.7152673470750913,0.775,0.5555555555555556,10,10,0.75,0.010996483732014894,0.7857142857142857,RH2
timeseries,0,2026-10-05T11:32:36,nodeC027,3.11.9,unknown,13155603,12130,2011-04-02,0,0,0.9760544300079346,random,attribution,14,140,0.007251331197945025,0.67,0.30858894811445925,0.050854700854700854,0.0,10,10,0.037037037037037035,1.230509951710701e-05,7.428571428571429,SSH
timeseries,0,2026-10-05T11:32:36,nodeC027,3.11.9,unknown,13155603,12197,2011-06-08,1,1,0.6497339606285095,integrated_gradients,attribution,14,140,0.2908979832262564,0.73,0.8386694426933183,0.9066666666666668,0.6470588235294118,10,10,1.0,0.00585020100697875,1.1428571428571428,MaxT
timeseries,0,2026-10-05T11:32:36,nodeC027,3.11.9,unknown,13155603,12197,2011-06-08,1,1,0.6497339606285095,gradient_shap,attribution,14,140,0.30567392431715795,0.76,0.8382912370589954,0.7760784313725491,0.5555555555555556,10,10,1.0,0.003029727842658758,0.5,MinT
timeseries,0,2026-10-05T11:32:36,nodeC027,3.11.9,unknown,13155603,12197,2011-06-08,1,1,0.6497339606285095,lime,attribution,14,140,0.26122248543606313,0.66,0.790436728596977,0.95,0.4,10,10,1.0,0.01625531120225787,0.7857142857142857,MinT
timeseries,0,2026-10-05T11:32:36,nodeC027,3.11.9,unknown,13155603,12197,2011-06-08,1,1,0.6497339606285095,random,attribution,14,140,0.0,0.37,0.32342859269804225,0.05818803418803418,0.0,10,10,0.037037037037037035,1.2536067515611649e-05,6.142857142857143,Radiation
timeseries,0,2026-10-05T11:32:36,nodeC027,3.11.9,unknown,13155603,12199,2011-06-10,1,1,0.7623772621154785,integrated_gradients,attribution,14,140,0.2683484214033011,0.9,0.831061090593449,0.9333333333333333,0.6470588235294118,10,10,1.0,0.009801345877349377,1.0714285714285714,MinT
timeseries,0,2026-10-05T11:32:36,nodeC027,3.11.9,unknown,13155603,12199,2011-06-10,1,1,0.7623772621154785,gradient_shap,attribution,14,140,0.4201523794602101,0.99,0.8106884534006878,0.7608169934640523,0.6470588235294118,10,10,0.75,0.0030472748912870884,0.42857142857142855,MinT
timeseries,0,2026-10-05T11:32:36,nodeC027,3.11.9,unknown,13155603,12199,2011-06-10,1,1,0.7623772621154785,lime,attribution,14,140,0.22720466931533695,0.99,0.7651660433591022,1.0,0.5555555555555556,10,10,1.0,0.01101425988599658,0.7857142857142857,MinT
timeseries,0,2026-10-05T11:32:36,nodeC027,3.11.9,unknown,13155603,12199,2011-06-10,1,1,0.7623772621154785,random,attribution,14,140,0.014825063685595222,0.43,0.2814260387583545,0.06221082621082621,0.0,10,10,0.07692307692307693,1.2679025530815125e-05,4.5,Radiation
timeseries,0,2026-10-05T11:32:36,nodeC027,3.11.9,unknown,13155603,12205,2011-06-16,1,1,0.6095958948135376,integrated_gradients,attribution,14,140,0.23154399558359462,0.82,0.8099514495678726,0.9733333333333334,0.6470588235294118,10,10,1.0,0.005826713051646948,1.2857142857142858,MinT
timeseries,0,2026-10-05T11:32:36,nodeC027,3.11.9,unknown,13155603,12205,2011-06-16,1,1,0.6095958948135376,gradient_shap,attribution,14,140,0.3040954416024058,0.96,0.8020862339476638,0.7230065359477125,0.47368421052631576,10,10,0.5555555555555556,0.0030444571748375893,1.2857142857142858,MinT
timeseries,0,2026-10-05T11:32:36,nodeC027,3.11.9,unknown,13155603,12205,2011-06-16,1,1,0.6095958948135376,lime,attribution,14,140,0.21067504279223828,0.8,0.7765848599566951,1.0,0.5555555555555556,10,10,1.0,0.015529303811490536,0.7857142857142857,MinT
timeseries,0,2026-10-05T11:32:36,nodeC027,3.11.9,unknown,13155603,12205,2011-06-16,1,1,0.6095958948135376,random,attribution,14,140,0.0,0.28,0.31584134207127734,0.06285470085470084,0.0,10,10,0.037037037037037035,1.3045035302639008e-05,4.857142857142857,RH1
timeseries,0,2026-10-05T11:32:36,nodeC027,3.11.9,unknown,13155603,12222,2011-07-03,1,1,0.6466130614280701,integrated_gradients,attribution,14,140,0.25102284979849965,0.95,0.793034020464623,0.9200000000000002,0.75,10,10,1.0,0.005827890709042549,0.7142857142857143,MinT
timeseries,0,2026-10-05T11:32:36,nodeC027,3.11.9,unknown,13155603,12222,2011-07-03,1,1,0.6466130614280701,gradient_shap,attribution,14,140,0.2855420543939931,0.97,0.7964097407913293,0.6816013071895426,0.47368421052631576,10,10,0.6470588235294118,0.003056541085243225,0.9285714285714286,MinT
timeseries,0,2026-10-05T11:32:36,nodeC027,3.11.9,unknown,13155603,12222,2011-07-03,1,1,0.6466130614280701,lime,attribution,14,140,0.11665138172408805,0.93,0.7777714570040429,0.85,0.5555555555555556,10,10,0.75,0.011077806819230318,1.0714285714285714,MinT
timeseries,0,2026-10-05T11:32:36,nodeC027,3.11.9,unknown,13155603,12222,2011-07-03,1,1,0.6466130614280701,random,attribution,14,140,0.0,0.37,0.3230971745028517,0.05790313390313388,0.0,10,10,0.07692307692307693,1.3208016753196716e-05,5.571428571428571,SSH
timeseries,0,2026-10-05T11:32:36,nodeC027,3.11.9,unknown,13155603,12236,2011-07-17,1,1,0.6418686509132385,integrated_gradients,attribution,14,140,0.4237584630146677,0.97,0.750438886715343,0.9333333333333333,0.6470588235294118,10,10,1.0,0.0057907188311219215,0.7142857142857143,RH2
timeseries,0,2026-10-05T11:32:36,nodeC027,3.11.9,unknown,13155603,12236,2011-07-17,1,1,0.6418686509132385,gradient_shap,attribution,14,140,0.3082031474535297,1.0,0.7520194755706342,0.6999019607843138,0.5555555555555556,10,10,0.8666666666666667,0.003281107172369957,0.7857142857142857,RH2
timeseries,0,2026-10-05T11:32:36,nodeC027,3.11.9,unknown,13155603,12236,2011-07-17,1,1,0.6418686509132385,lime,attribution,14,140,0.3417875339326157,0.87,0.6859403469685433,0.825,0.5555555555555556,10,10,1.0,0.016122772358357906,1.0714285714285714,RH2
timeseries,0,2026-10-05T11:32:36,nodeC027,3.11.9,unknown,13155603,12236,2011-07-17,1,1,0.6418686509132385,random,attribution,14,140,0.09862473603064566,0.52,0.3238689677591503,0.058188034188034185,0.0,10,10,0.07692307692307693,1.3039913028478622e-05,8.785714285714286,Wind
timeseries,0,2026-10-05T11:32:36,nodeC027,3.11.9,unknown,13155603,12269,2011-08-19,1,1,0.8737404942512512,integrated_gradients,attribution,14,140,0.5325553322939217,1.0,0.767910585801091,0.8716666666666667,0.5555555555555556,10,10,1.0,0.00594314094632864,1.4285714285714286,RH2
timeseries,0,2026-10-05T11:32:36,nodeC027,3.11.9,unknown,13155603,12269,2011-08-19,1,1,0.8737404942512512,gradient_shap,attribution,14,140,0.6339805040407096,1.0,0.7805463402353883,0.8083333333333333,0.6470588235294118,10,10,0.75,0.0030203433707356453,1.8571428571428572,RH2
timeseries,0,2026-10-05T11:32:36,nodeC027,3.11.9,unknown,13155603,12269,2011-08-19,1,1,0.8737404942512512,lime,attribution,14,140,0.6442571032615944,1.0,0.7038472813527894,1.0,0.5555555555555556,10,10,0.75,0.011018825694918633,1.3571428571428572,RH2
timeseries,0,2026-10-05T11:32:36,nodeC027,3.11.9,unknown,13155603,12269,2011-08-19,1,1,0.8737404942512512,random,attribution,14,140,0.014389244511964886,0.32,0.3116702228368413,0.05854700854700854,0.0,10,10,0.037037037037037035,1.2231990694999695e-05,7.142857142857143,Evap
timeseries,0,2026-10-05T11:32:36,nodeC027,3.11.9,unknown,13155603,12271,2011-08-21,1,1,0.8331343531608582,integrated_gradients,attribution,14,140,0.5471149495810319,0.97,0.7423688610162669,0.9333333333333333,0.6470588235294118,10,10,1.0,0.07019343785941601,0.7857142857142857,RH2
timeseries,0,2026-10-05T11:32:36,nodeC027,3.11.9,unknown,13155603,12271,2011-08-21,1,1,0.8331343531608582,gradient_shap,attribution,14,140,0.56716302481185,0.97,0.773444610277834,0.8450000000000001,0.6470588235294118,10,10,1.0,0.0030586877837777138,0.5,RH2
timeseries,0,2026-10-05T11:32:36,nodeC027,3.11.9,unknown,13155603,12271,2011-08-21,1,1,0.8331343531608582,lime,attribution,14,140,0.5401466595734513,0.85,0.6720928199025594,0.95,0.5555555555555556,10,10,1.0,0.011170062702149153,1.3571428571428572,RH2
timeseries,0,2026-10-05T11:32:36,nodeC027,3.11.9,unknown,13155603,12271,2011-08-21,1,1,0.8331343531608582,random,attribution,14,140,0.0,0.32,0.32849756794143714,0.046153846153846156,0.0,10,10,0.12,1.219380646944046e-05,7.357142857142857,Evap
timeseries,0,2026-10-05T11:32:36,nodeC027,3.11.9,unknown,13155603,12277,2011-08-27,1,1,0.9308735728263855,integrated_gradients,attribution,14,140,0.6174703938865375,1.0,0.7363240376587737,0.9199999999999999,0.6470588235294118,10,10,1.0,0.005804647225886583,1.3571428571428572,RH2
timeseries,0,2026-10-05T11:32:36,nodeC027,3.11.9,unknown,13155603,12277,2011-08-27,1,1,0.9308735728263855,gradient_shap,attribution,14,140,0.6958849024620958,1.0,0.7504025115518761,0.8316666666666667,0.6470588235294118,10,10,0.8666666666666667,0.003030179999768734,2.0714285714285716,RH2
timeseries,0,2026-10-05T11:32:36,nodeC027,3.11.9,unknown,13155603,12277,2011-08-27,1,1,0.9308735728263855,lime,attribution,14,140,0.4885502239255572,0.83,0.6431485247591023,1.0,0.5555555555555556,10,10,1.0,0.015610383823513985,2.2142857142857144,RH2
timeseries,0,2026-10-05T11:32:36,nodeC027,3.11.9,unknown,13155603,12277,2011-08-27,1,1,0.9308735728263855,random,attribution,14,140,0.001372245576059165,0.41,0.3247508523136722,0.053880341880341874,0.0,10,10,0.037037037037037035,1.4043878763914108e-05,6.928571428571429,MaxT
timeseries,0,2026-10-05T11:32:36,nodeC027,3.11.9,unknown,13155603,12278,2011-08-28,1,1,0.9277846217155457,integrated_gradients,attribution,14,140,0.735375692478621,1.0,0.7582515448486113,0.9333333333333333,0.75,10,10,1.0,0.005800236016511917,1.7142857142857142,RH2
timeseries,0,2026-10-05T11:32:36,nodeC027,3.11.9,unknown,13155603,12278,2011-08-28,1,1,0.9277846217155457,gradient_shap,attribution,14,140,0.6563495963514003,1.0,0.7865286739832585,0.8833333333333334,0.75,10,10,0.8666666666666667,0.003026365302503109,0.9285714285714286,RH2
timeseries,0,2026-10-05T11:32:36,nodeC027,3.11.9,unknown,13155603,12278,2011-08-28,1,1,0.9277846217155457,lime,attribution,14,140,0.39274349283225884,0.89,0.6771269650003016,0.8,0.5555555555555556,10,10,0.75,0.011045294813811779,1.6428571428571428,RH2
timeseries,0,2026-10-05T11:32:36,nodeC027,3.11.9,unknown,13155603,12278,2011-08-28,1,1,0.9277846217155457,random,attribution,14,140,0.0,0.45,0.3331707467620725,0.03479202279202279,0.0,10,10,0.07692307692307693,1.2760981917381287e-05,6.785714285714286,Rain
timeseries,0,2026-10-05T11:32:36,nodeC027,3.11.9,unknown,13155603,12282,2011-09-01,1,1,0.8640684485435486,integrated_gradients,attribution,14,140,0.7624021317736547,1.0,0.6976606373872318,0.9066666666666666,0.6470588235294118,10,10,1.0,0.007409763988107443,2.4285714285714284,RH2
timeseries,0,2026-10-05T11:32:36,nodeC027,3.11.9,unknown,13155603,12282,2011-09-01,1,1,0.8640684485435486,gradient_shap,attribution,14,140,0.7846079693799834,1.0,0.7284137547914598,0.8566666666666668,0.75,10,10,0.75,0.0030469829216599464,2.357142857142857,RH2
timeseries,0,2026-10-05T11:32:36,nodeC027,3.11.9,unknown,13155603,12282,2011-09-01,1,1,0.8640684485435486,lime,attribution,14,140,0.6952189887036746,1.0,0.6279542716894498,1.0,0.75,10,10,1.0,0.022534918040037155,2.2142857142857144,RH2
timeseries,0,2026-10-05T11:32:36,nodeC027,3.11.9,unknown,13155603,12282,2011-09-01,1,1,0.8640684485435486,random,attribution,14,140,0.08218140715299889,0.62,0.33022299711116254,0.04658119658119658,0.0,10,10,0.0,1.2343283742666245e-05,7.071428571428571,MaxT
timeseries,0,2026-10-05T11:32:36,nodeC027,3.11.9,unknown,13155603,12300,2011-09-19,1,1,0.7274491786956787,integrated_gradients,attribution,14,140,0.30576287312656275,0.75,0.7620997422138834,0.96,0.5555555555555556,10,10,1.0,0.0057929689064621925,0.7857142857142857,MinT
timeseries,0,2026-10-05T11:32:36,nodeC027,3.11.9,unknown,13155603,12300,2011-09-19,1,1,0.7274491786956787,gradient_shap,attribution,14,140,0.5269918519059906,0.73,0.7669179266247428,0.7307843137254901,0.6470588235294118,10,10,0.6470588235294118,0.0030186930671334267,1.2857142857142858,RH2
timeseries,0,2026-10-05T11:32:36,nodeC027,3.11.9,unknown,13155603,12300,2011-09-19,1,1,0.7274491786956787,lime,attribution,14,140,0.510130301988468,0.91,0.6991364742564945,0.925,0.5555555555555556,10,10,0.75,0.012575762812048197,0.7857142857142857,RH2
timeseries,0,2026-10-05T11:32:36,nodeC027,3.11.9,unknown,13155603,12300,2011-09-19,1,1,0.7274491786956787,random,attribution,14,140,0.0,0.41,0.30964683521423,0.02222222222222222,0.0,10,10,0.07692307692307693,1.284480094909668e-05,5.714285714285714,MinT
timeseries,0,2026-10-05T11:32:36,nodeC027,3.11.9,unknown,13155603,12311,2011-09-30,1,1,0.9246169924736023,integrated_gradients,attribution,14,140,0.5441878191257257,1.0,0.8128749842542344,1.0,0.6470588235294118,10,10,1.0,0.005769533105194569,1.7142857142857142,RH2
timeseries,0,2026-10-05T11:32:36,nodeC027,3.11.9,unknown,13155603,12311,2011-09-30,1,1,0.9246169924736023,gradient_shap,attribution,14,140,0.4804446723896646,1.0,0.844609422827,0.6816013071895426,0.5555555555555556,10,10,0.47368421052631576,0.0030165878124535084,3.4285714285714284,RH2
timeseries,0,2026-10-05T11:32:36,nodeC027,3.11.9,unknown,13155603,12311,2011-09-30,1,1,0.9246169924736023,lime,attribution,14,140,0.40512299146642977,0.85,0.7082297873696269,0.8305555555555555,0.5555555555555556,10,10,0.75,0.012280690018087626,1.9285714285714286,RH2
timeseries,0,2026-10-05T11:32:36,nodeC027,3.11.9,unknown,13155603,12311,2011-09-30,1,1,0.9246169924736023,random,attribution,14,140,0.017751234021030397,0.48,0.31678881508646684,0.037891737891737894,0.0,10,10,0.12,1.2024771422147751e-05,6.571428571428571,MaxT
timeseries,0,2026-10-05T11:32:36,nodeC027,3.11.9,unknown,13155603,12335,2011-10-24,0,0,0.9122167825698853,integrated_gradients,attribution,14,140,0.29184672858065275,1.0,0.7703689676000736,0.9733333333333334,0.47368421052631576,10,10,1.0,0.06988598313182592,2.857142857142857,Wind
timeseries,0,2026-10-05T11:32:36,nodeC027,3.11.9,unknown,13155603,12335,2011-10-24,0,0,0.9122167825698853,gradient_shap,attribution,14,140,0.4588734210646336,1.0,0.7646401292568237,0.6331527347781217,0.4,10,10,0.6470588235294118,0.003046451136469841,1.8571428571428572,RH2
timeseries,0,2026-10-05T11:32:36,nodeC027,3.11.9,unknown,13155603,12335,2011-10-24,0,0,0.9122167825698853,lime,attribution,14,140,0.30063560565163433,0.98,0.7051538470490075,0.875,0.5555555555555556,10,10,1.0,0.01621870370581746,3.357142857142857,Wind
timeseries,0,2026-10-05T11:32:36,nodeC027,3.11.9,unknown,13155603,12335,2011-10-24,0,0,0.9122167825698853,random,attribution,14,140,0.0,0.54,0.3143023302782758,0.05081481481481481,0.0,10,10,0.07692307692307693,1.1858996003866196e-05,6.857142857142857,MaxT
timeseries,0,2026-10-05T11:32:36,nodeC027,3.11.9,unknown,13155603,12362,2011-11-20,0,0,0.997355580329895,integrated_gradients,attribution,14,140,0.2556741977606923,1.0,0.8234790986698748,0.9733333333333334,0.5555555555555556,10,10,1.0,0.005783188156783581,2.0,Wind
timeseries,0,2026-10-05T11:32:36,nodeC027,3.11.9,unknown,13155603,12362,2011-11-20,0,0,0.997355580329895,gradient_shap,attribution,14,140,0.1775456063969975,1.0,0.8474008188299588,0.6034141726866187,0.47368421052631576,10,10,0.4,0.0030112997628748417,1.9285714285714286,RH2
timeseries,0,2026-10-05T11:32:36,nodeC027,3.11.9,unknown,13155603,12362,2011-11-20,0,0,0.997355580329895,lime,attribution,14,140,0.22087074228239661,1.0,0.7032529111720749,0.975,0.5555555555555556,10,10,0.5555555555555556,0.011180516798049212,3.357142857142857,Wind
timeseries,0,2026-10-05T11:32:36,nodeC027,3.11.9,unknown,13155603,12362,2011-11-20,0,0,0.997355580329895,random,attribution,14,140,0.19559817962869444,0.92,0.34368357922044956,0.06723646723646723,0.0,10,10,0.037037037037037035,1.2348871678113937e-05,4.928571428571429,SSH
timeseries,0,2026-10-05T11:32:36,nodeC027,3.11.9,unknown,13155603,12417,2012-01-14,0,0,0.9956907629966736,integrated_gradients,attribution,14,140,0.3343531327508981,1.0,0.8210219523962705,0.9333333333333333,0.75,10,10,1.0,0.0057939691469073296,1.2142857142857142,MinT
timeseries,0,2026-10-05T11:32:36,nodeC027,3.11.9,unknown,13155603,12417,2012-01-14,0,0,0.9956907629966736,gradient_shap,attribution,14,140,0.28766754271601075,1.0,0.8098907509663549,0.7218627450980393,0.5555555555555556,10,10,0.6470588235294118,0.0032001929357647896,0.35714285714285715,MinT
timeseries,0,2026-10-05T11:32:36,nodeC027,3.11.9,unknown,13155603,12417,2012-01-14,0,0,0.9956907629966736,lime,attribution,14,140,0.23923342579512058,1.0,0.7310806073002601,0.925,0.5555555555555556,10,10,0.75,0.011093596927821636,2.5,RH2
timeseries,0,2026-10-05T11:32:36,nodeC027,3.11.9,unknown,13155603,12417,2012-01-14,0,0,0.9956907629966736,random,attribution,14,140,0.17707802115053656,0.98,0.3297793565030558,0.045014245014245016,0.037037037037037035,10,10,0.0,1.2126285582780838e-05,5.0,MinT
timeseries,0,2026-10-05T11:32:36,nodeC027,3.11.9,unknown,13155603,12422,2012-01-19,0,0,0.9956669807434082,integrated_gradients,attribution,14,140,0.2446993987256144,1.0,0.8404262775522751,0.8433333333333334,0.5555555555555556,10,10,1.0,0.07066311873495579,1.3571428571428572,MinT
timeseries,0,2026-10-05T11:32:36,nodeC027,3.11.9,unknown,13155603,12422,2012-01-19,0,0,0.9956669807434082,gradient_shap,attribution,14,140,0.21173107637932728,1.0,0.8128030886426203,0.6883006535947712,0.5555555555555556,10,10,0.6470588235294118,0.003027366939932108,1.2857142857142858,RH2
timeseries,0,2026-10-05T11:32:36,nodeC027,3.11.9,unknown,13155603,12422,2012-01-19,0,0,0.9956669807434082,lime,attribution,14,140,0.24960160483509852,0.99,0.7270976740126242,0.8055555555555556,0.5555555555555556,10,10,0.75,0.011070281267166138,1.9285714285714286,MinT
timeseries,0,2026-10-05T11:32:36,nodeC027,3.11.9,unknown,13155603,12422,2012-01-19,0,0,0.9956669807434082,random,attribution,14,140,0.003512761815364943,0.64,0.3549639089705572,0.08813675213675212,0.0,10,10,0.037037037037037035,1.2667383998632431e-05,4.142857142857143,SSH
timeseries,0,2026-10-05T11:32:36,nodeC027,3.11.9,unknown,13155603,12521,2012-04-27,0,0,0.6098844408988953,integrated_gradients,attribution,14,140,0.07677213508033442,0.89,0.8359858942792797,0.9066666666666668,0.6470588235294118,10,10,1.0,0.07091434998437762,0.2857142857142857,MaxT
timeseries,0,2026-10-05T11:32:36,nodeC027,3.11.9,unknown,13155603,12521,2012-04-27,0,0,0.6098844408988953,gradient_shap,attribution,14,140,0.0,0.7,0.8309124619906925,0.7880392156862746,0.6470588235294118,10,10,0.8666666666666667,0.003033138345927,0.6428571428571429,RH2
timeseries,0,2026-10-05T11:32:36,nodeC027,3.11.9,unknown,13155603,12521,2012-04-27,0,0,0.6098844408988953,lime,attribution,14,140,0.20813253268150633,0.96,0.8114519820969763,0.95,0.4,10,10,1.0,0.011906620115041733,0.5,MinT
timeseries,0,2026-10-05T11:32:36,nodeC027,3.11.9,unknown,13155603,12521,2012-04-27,0,0,0.6098844408988953,random,attribution,14,140,0.0,0.63,0.30139806139199043,0.07545868945868947,0.0,10,10,0.037037037037037035,1.264084130525589e-05,7.071428571428571,RH1
timeseries,0,2026-10-05T11:32:36,nodeC027,3.11.9,unknown,13155603,12571,2012-06-16,1,1,0.7648578882217407,integrated_gradients,attribution,14,140,0.12658521315074453,0.9,0.7507257026359637,0.9200000000000002,0.6470588235294118,10,10,1.0,0.00620089890435338,1.4285714285714286,MinT
timeseries,0,2026-10-05T11:32:36,nodeC027,3.11.9,unknown,13155603,12571,2012-06-16,1,1,0.7648578882217407,gradient_shap,attribution,14,140,0.20417799430276337,0.84,0.7384573083747954,0.6837082903336774,0.5555555555555556,10,10,0.6470588235294118,0.003021462820470333,1.5714285714285714,MinT
timeseries,0,2026-10-05T11:32:36,nodeC027,3.11.9,unknown,13155603,12571,2012-06-16,1,1,0.7648578882217407,lime,attribution,14,140,0.06868580302685762,0.72,0.7125211538485865,0.825,0.5555555555555556,10,10,0.75,0.012417420744895935,1.3571428571428572,MinT
timeseries,0,2026-10-05T11:32:36,nodeC027,3.11.9,unknown,13155603,12571,2012-06-16,1,1,0.7648578882217407,random,attribution,14,140,0.055970432473469445,0.4,0.31332913182333333,0.05775705775705775,0.0,10,10,0.16666666666666666,1.237308606505394e-05,6.785714285714286,Wind
timeseries,0,2026-10-05T11:32:36,nodeC027,3.11.9,unknown,13155603,12585,2012-06-30,1,1,0.8061090111732483,integrated_gradients,attribution,14,140,0.3927701431464113,0.96,0.7723594107524446,0.9466666666666667,0.75,10,10,1.0,0.005787440109997988,2.142857142857143,RH2
timeseries,0,2026-10-05T11:32:36,nodeC027,3.11.9,unknown,13155603,12585,2012-06-30,1,1,0.8061090111732483,gradient_shap,attribution,14,140,0.48972598510898746,1.0,0.7534620022680202,0.7088235294117647,0.5555555555555556,10,10,0.8666666666666667,0.0030355961062014103,1.9285714285714286,RH2
timeseries,0,2026-10-05T11:32:36,nodeC027,3.11.9,unknown,13155603,12585,2012-06-30,1,1,0.8061090111732483,lime,attribution,14,140,0.361880812007159,0.87,0.706198379794939,1.0,0.5555555555555556,10,10,1.0,0.011209510266780853,1.3571428571428572,MinT
timeseries,0,2026-10-05T11:32:36,nodeC027,3.11.9,unknown,13155603,12585,2012-06-30,1,1,0.8061090111732483,random,attribution,14,140,0.0,0.4,0.33825536257079936,0.04989173789173789,0.0,10,10,0.12,1.2462027370929718e-05,7.142857142857143,MinT
timeseries,0,2026-10-05T11:32:36,nodeC027,3.11.9,unknown,13155603,12606,2012-07-21,1,1,0.9084193110466003,integrated_gradients,attribution,14,140,0.6726454317029777,1.0,0.7611137770010202,0.9733333333333334,0.75,10,10,1.0,0.06990547105669975,1.1428571428571428,RH2
timeseries,0,2026-10-05T11:32:36,nodeC027,3.11.9,unknown,13155603,12606,2012-07-21,1,1,0.9084193110466003,gradient_shap,attribution,14,140,0.5574854772519322,1.0,0.7919253626580758,0.8550000000000001,0.6470588235294118,10,10,0.8666666666666667,0.003332796972244978,0.6428571428571429,RH2
timeseries,0,2026-10-05T11:32:36,nodeC027,3.11.9,unknown,13155603,12606,2012-07-21,1,1,0.9084193110466003,lime,attribution,14,140,0.46169531082634085,1.0,0.6641026525330521,0.9,0.5555555555555556,10,10,0.75,0.012213224079459906,1.3571428571428572,RH2
timeseries,0,2026-10-05T11:32:36,nodeC027,3.11.9,unknown,13155603,12606,2012-07-21,1,1,0.9084193110466003,random,attribution,14,140,0.029365034320828806,0.53,0.29457528836661995,0.04989173789173789,0.0,10,10,0.037037037037037035,1.2428034096956253e-05,7.142857142857143,MinT
timeseries,0,2026-10-05T11:32:36,nodeC027,3.11.9,unknown,13155603,12607,2012-07-22,1,1,0.9306517243385315,integrated_gradients,attribution,14,140,0.5952113986746933,1.0,0.8139252627425697,0.96,0.5555555555555556,10,10,1.0,0.0058101932518184185,1.2142857142857142,RH2
timeseries,0,2026-10-05T11:32:36,nodeC027,3.11.9,unknown,13155603,12607,2012-07-22,1,1,0.9306517243385315,gradient_shap,attribution,14,140,0.722821558825253,1.0,0.7967967787092934,0.8566666666666668,0.75,10,10,0.8666666666666667,0.003227096050977707,0.9285714285714286,RH2
timeseries,0,2026-10-05T11:32:36,nodeC027,3.11.9,unknown,13155603,12607,2012-07-22,1,1,0.9306517243385315,lime,attribution,14,140,0.4981341119635296,1.0,0.7072348523468244,0.875,0.75,10,10,1.0,0.013403505086898804,1.3571428571428572,RH2
timeseries,0,2026-10-05T11:32:36,nodeC027,3.11.9,unknown,13155603,12607,2012-07-22,1,1,0.9306517243385315,random,attribution,14,140,0.0,0.3,0.2936515544966527,0.033618233618233614,0.0,10,10,0.07692307692307693,1.2656208127737045e-05,7.357142857142857,RH1
timeseries,0,2026-10-05T11:32:36,nodeC027,3.11.9,unknown,13155603,12611,2012-07-26,1,1,0.8172220587730408,integrated_gradients,attribution,14,140,0.6232418946034236,0.99,0.6941137534807506,0.96,0.6470588235294118,10,10,1.0,0.0702972449362278,2.4285714285714284,RH2
timeseries,0,2026-10-05T11:32:36,nodeC027,3.11.9,unknown,13155603,12611,2012-07-26,1,1,0.8172220587730408,gradient_shap,attribution,14,140,0.6834269572161502,1.0,0.7014528292953436,0.7657843137254903,0.47368421052631576,10,10,0.75,0.0030061760917305946,2.4285714285714284,RH2
timeseries,0,2026-10-05T11:32:36,nodeC027,3.11.9,unknown,13155603,12611,2012-07-26,1,1,0.8172220587730408,lime,attribution,14,140,0.6802176415212895,0.93,0.6356794479472119,0.95,0.5555555555555556,10,10,1.0,0.011140930000692606,3.357142857142857,RH2
timeseries,0,2026-10-05T11:32:36,nodeC027,3.11.9,unknown,13155603,12611,2012-07-26,1,1,0.8172220587730408,random,attribution,14,140,0.18289635016010475,0.61,0.36482987759706464,0.05331054131054132,0.0,10,10,0.07692307692307693,1.2239906936883926e-05,5.357142857142857,RH1
timeseries,0,2026-10-05T11:32:36,nodeC027,3.11.9,unknown,13155603,12614,2012-07-29,1,1,0.8497096300125122,integrated_gradients,attribution,14,140,0.5409395863932072,1.0,0.697346460432623,0.96,0.6470588235294118,10,10,1.0,0.005788689013570547,1.1428571428571428,RH2
timeseries,0,2026-10-05T11:32:36,nodeC027,3.11.9,unknown,13155603,12614,2012-07-29,1,1,0.8497096300125122,gradient_shap,attribution,14,140,0.5756974969138795,1.0,0.7275370152661513,0.9866666666666667,0.5555555555555556,10,10,1.0,0.003018326126039028,0.8571428571428571,RH2
timeseries,0,2026-10-05T11:32:36,nodeC027,3.11.9,unknown,13155603,12614,2012-07-29,1,1,0.8497096300125122,lime,attribution,14,140,0.4331642531630368,0.97,0.6196693397997189,1.0,0.75,10,10,1.0,0.012381848879158497,2.2142857142857144,RH2
timeseries,0,2026-10-05T11:32:36,nodeC027,3.11.9,unknown,13155603,12614,2012-07-29,1,1,0.8497096300125122,random,attribution,14,140,0.0,0.45,0.3269582087557804,0.0744957264957265,0.0,10,10,0.037037037037037035,1.2407079339027405e-05,6.071428571428571,MinT
timeseries,0,2026-10-05T11:32:36,nodeC027,3.11.9,unknown,13155603,12650,2012-09-03,1,1,0.8240347504615784,integrated_gradients,attribution,14,140,0.7287431949406467,1.0,0.7183613092976184,0.9466666666666667,0.6470588235294118,10,10,1.0,0.07057329220697284,2.0,RH2
timeseries,0,2026-10-05T11:32:36,nodeC027,3.11.9,unknown,13155603,12650,2012-09-03,1,1,0.8240347504615784,gradient_shap,attribution,14,140,0.7998512188926039,0.99,0.723054563299078,0.75,0.6470588235294118,10,10,0.8666666666666667,0.0030165929347276688,2.0,RH2
timeseries,0,2026-10-05T11:32:36,nodeC027,3.11.9,unknown,13155603,12650,2012-09-03,1,1,0.8240347504615784,lime,attribution,14,140,0.7685885606720806,0.97,0.6442363452136266,0.925,0.75,10,10,1.0,0.011085392907261848,2.2142857142857144,RH2
timeseries,0,2026-10-05T11:32:36,nodeC027,3.11.9,unknown,13155603,12650,2012-09-03,1,1,0.8240347504615784,random,attribution,14,140,0.0,0.39,0.3565881299962814,0.0339031339031339,0.0,10,10,0.037037037037037035,1.2697651982307434e-05,7.071428571428571,MaxT
timeseries,0,2026-10-05T11:32:36,nodeC027,3.11.9,unknown,13155603,12676,2012-09-29,0,0,0.5342944264411926,integrated_gradients,attribution,14,140,0.0,0.76,0.7338915738236482,0.9200000000000002,0.5555555555555556,10,10,1.0,0.005789938848465681,2.2142857142857144,RH2
timeseries,0,2026-10-05T11:32:36,nodeC027,3.11.9,unknown,13155603,12676,2012-09-29,0,0,0.5342944264411926,gradient_shap,attribution,14,140,0.0,0.67,0.7412852245704479,0.6790849673202615,0.47368421052631576,10,10,0.75,0.0031564082019031048,1.3571428571428572,RH2
timeseries,0,2026-10-05T11:32:36,nodeC027,3.11.9,unknown,13155603,12676,2012-09-29,0,0,0.5342944264411926,lime,attribution,14,140,0.0,0.66,0.6694156423212994,1.0,0.5555555555555556,10,10,1.0,0.012070578057318926,1.3571428571428572,RH2
timeseries,0,2026-10-05T11:32:36,nodeC027,3.11.9,unknown,13155603,12676,2012-09-29,0,0,0.5342944264411926,random,attribution,14,140,0.0,0.62,0.35102584340424703,0.07553276353276353,0.0,10,10,0.0,1.3673678040504456e-05,7.785714285714286,Evap
timeseries,0,2026-10-05T11:32:36,nodeC027,3.11.9,unknown,13155603,12690,2012-10-13,0,0,0.964223325252533,integrated_gradients,attribution,14,140,0.2011239054896701,1.0,0.7356833234453481,0.9066666666666668,0.6470588235294118,10,10,1.0,0.005806528963148594,2.642857142857143,RH2
timeseries,0,2026-10-05T11:32:36,nodeC027,3.11.9,unknown,13155603,12690,2012-10-13,0,0,0.964223325252533,gradient_shap,attribution,14,140,0.39371939749210344,1.0,0.8064614193673985,0.7980392156862746,0.6470588235294118,10,10,0.75,0.0030359658412635326,0.7142857142857143,MinT
timeseries,0,2026-10-05T11:32:36,nodeC027,3.11.9,unknown,13155603,12690,2012-10-13,0,0,0.964223325252533,lime,attribution,14,140,0.1513604854502227,0.99,0.668212097189445,1.0,0.75,10,10,0.75,0.012169254012405872,3.0714285714285716,RH2
timeseries,0,2026-10-05T11:32:36,nodeC027,3.11.9,unknown,13155603,12690,2012-10-13,0,0,0.964223325252533,random,attribution,14,140,0.0,0.59,0.33496369245651947,0.07453561253561253,0.0,10,10,0.07692307692307693,1.1897645890712738e-05,7.142857142857143,RH1
timeseries,0,2026-10-05T11:32:36,nodeC027,3.11.9,unknown,13155603,12692,2012-10-15,0,0,0.9688175916671753,integrated_gradients,attribution,14,140,0.24476890761214026,1.0,0.7527386769539695,0.96,0.6470588235294118,10,10,1.0,0.005812843330204487,3.357142857142857,RH2
timeseries,0,2026-10-05T11:32:36,nodeC027,3.11.9,unknown,13155603,12692,2012-10-15,0,0,0.9688175916671753,gradient_shap,attribution,14,140,0.41678590865471044,1.0,0.8152599614350586,0.7644117647058823,0.5555555555555556,10,10,0.6470588235294118,0.0030263359658420086,0.7142857142857143,MinT
timeseries,0,2026-10-05T11:32:36,nodeC027,3.11.9,unknown,13155603,12692,2012-10-15,0,0,0.9688175916671753,lime,attribution,14,140,0.1237963777915945,0.99,0.6752730004332582,0.925,0.4,10,10,1.0,0.012032824102789164,3.9285714285714284,RH2
timeseries,0,2026-10-05T11:32:36,nodeC027,3.11.9,unknown,13155603,12692,2012-10-15,0,0,0.9688175916671753,random,attribution,14,140,0.0,0.62,0.3104065189332714,0.037891737891737894,0.0,10,10,0.037037037037037035,1.3053882867097855e-05,6.428571428571429,MaxT
timeseries,0,2026-10-05T11:32:36,nodeC027,3.11.9,unknown,13155603,12719,2012-11-11,0,0,0.7513282299041748,integrated_gradients,attribution,14,140,0.0,0.52,0.7404796242120324,0.9733333333333334,0.75,10,10,1.0,0.005778228864073753,2.642857142857143,RH2
timeseries,0,2026-10-05T11:32:36,nodeC027,3.11.9,unknown,13155603,12719,2012-11-11,0,0,0.7513282299041748,gradient_shap,attribution,14,140,0.0,0.59,0.7586317380347382,0.9733333333333334,0.75,10,10,0.8666666666666667,0.0030340529046952724,2.642857142857143,RH2
timeseries,0,2026-10-05T11:32:36,nodeC027,3.11.9,unknown,13155603,12719,2012-11-11,0,0,0.7513282299041748,lime,attribution,14,140,0.0,0.66,0.6700946289211025,0.975,0.75,10,10,1.0,0.012374924961477518,1.3571428571428572,MaxT
timeseries,0,2026-10-05T11:32:36,nodeC027,3.11.9,unknown,13155603,12719,2012-11-11,0,0,0.7513282299041748,random,attribution,14,140,0.08533496821469495,0.61,0.3377198793739543,0.08649572649572648,0.0,10,10,0.037037037037037035,1.2180767953395844e-05,9.285714285714286,Rain
timeseries,0,2026-10-05T11:32:36,nodeC027,3.11.9,unknown,13155603,12720,2012-11-12,0,0,0.948777437210083,integrated_gradients,attribution,14,140,0.1488200914646481,0.95,0.7007490500835825,0.96,0.75,10,10,1.0,0.005814393982291222,3.2142857142857144,RH2
timeseries,0,2026-10-05T11:32:36,nodeC027,3.11.9,unknown,13155603,12720,2012-11-12,0,0,0.948777437210083,gradient_shap,attribution,14,140,0.1857582597241184,0.92,0.7104037972304458,0.7966666666666666,0.5555555555555556,10,10,0.75,0.003030837047845125,3.2142857142857144,MaxT
timeseries,0,2026-10-05T11:32:36,nodeC027,3.11.9,unknown,13155603,12720,2012-11-12,0,0,0.948777437210083,lime,attribution,14,140,0.10970543498227524,0.92,0.6219927475429203,1.0,0.75,10,10,1.0,0.011093256995081902,3.642857142857143,MaxT
timeseries,0,2026-10-05T11:32:36,nodeC027,3.11.9,unknown,13155603,12720,2012-11-12,0,0,0.948777437210083,random,attribution,14,140,0.0,0.53,0.3461125384746866,0.054558404558404563,0.0,10,10,0.037037037037037035,1.250067725777626e-05,6.714285714285714,SSH
timeseries,0,2026-10-05T11:32:36,nodeC027,3.11.9,unknown,13155603,12760,2012-12-22,0,0,0.9870162010192871,integrated_gradients,attribution,14,140,0.2621694140313432,1.0,0.8232268618139396,0.96,0.6470588235294118,10,10,1.0,0.07041974505409598,0.5714285714285714,MinT
timeseries,0,2026-10-05T11:32:36,nodeC027,3.11.9,unknown,13155603,12760,2012-12-22,0,0,0.9870162010192871,gradient_shap,attribution,14,140,0.1802654615654785,0.98,0.7930078097340326,0.5401444788441693,0.3333333333333333,10,10,0.5555555555555556,0.0030391202308237553,2.142857142857143,RH2
timeseries,0,2026-10-05T11:32:36,nodeC027,3.11.9,unknown,13155603,12760,2012-12-22,0,0,0.9870162010192871,lime,attribution,14,140,0.20606086554910497,0.98,0.7087105526918683,0.975,0.4,10,10,0.75,0.019210802391171455,1.0714285714285714,MinT
timeseries,0,2026-10-05T11:32:36,nodeC027,3.11.9,unknown,13155603,12760,2012-12-22,0,0,0.9870162010192871,random,attribution,14,140,0.0,0.53,0.3474357444533316,0.0339031339031339,0.0,10,10,0.0,1.2360978871583939e-05,5.285714285714286,SSH
timeseries,0,2026-10-05T11:32:36,nodeC027,3.11.9,unknown,13155603,12762,2012-12-24,0,0,0.9884541630744934,integrated_gradients,attribution,14,140,0.28469047172103323,1.0,0.8151040194859929,1.0,0.75,10,10,1.0,0.005795694887638092,0.7142857142857143,MinT
timeseries,0,2026-10-05T11:32:36,nodeC027,3.11.9,unknown,13155603,12762,2012-12-24,0,0,0.9884541630744934,gradient_shap,attribution,14,140,0.1469871062873364,1.0,0.8245029572461273,0.6423030615755074,0.47368421052631576,10,10,0.47368421052631576,0.0030242102220654488,0.42857142857142855,MinT
timeseries,0,2026-10-05T11:32:36,nodeC027,3.11.9,unknown,13155603,12762,2012-12-24,0,0,0.9884541630744934,lime,attribution,14,140,0.2263100650169997,0.92,0.7299354238840667,0.85,0.5555555555555556,10,10,0.75,0.011096954345703125,1.0714285714285714,MinT
timeseries,0,2026-10-05T11:32:36,nodeC027,3.11.9,unknown,13155603,12762,2012-12-24,0,0,0.9884541630744934,random,attribution,14,140,0.023367491162455425,0.71,0.32852652270832405,0.05049572649572649,0.0,10,10,0.07692307692307693,1.2631993740797043e-05,7.785714285714286,MaxT
timeseries,0,2026-10-05T11:32:36,nodeC027,3.11.9,unknown,13155603,12787,2013-01-18,0,0,0.980494499206543,integrated_gradients,attribution,14,140,0.1861977482266227,1.0,0.7948393450375821,0.8433333333333334,0.6470588235294118,10,10,1.0,0.07088327128440142,1.1428571428571428,Wind
timeseries,0,2026-10-05T11:32:36,nodeC027,3.11.9,unknown,13155603,12787,2013-01-18,0,0,0.980494499206543,gradient_shap,attribution,14,140,0.16751649608072186,1.0,0.8032339994775597,0.4776608187134503,0.3333333333333333,10,10,0.5555555555555556,0.0030255098827183247,1.0714285714285714,MinT
timeseries,0,2026-10-05T11:32:36,nodeC027,3.11.9,unknown,13155603,12787,2013-01-18,0,0,0.980494499206543,lime,attribution,14,140,0.18271366850075332,0.96,0.7187476714461147,0.925,0.5555555555555556,10,10,0.75,0.012919476255774498,1.0714285714285714,MinT
timeseries,0,2026-10-05T11:32:36,nodeC027,3.11.9,unknown,13155603,12787,2013-01-18,0,0,0.980494499206543,random,attribution,14,140,0.15544893461190928,0.91,0.3461971621863027,0.05117378917378916,0.0,10,10,0.037037037037037035,1.258915290236473e-05,3.9285714285714284,RH1
timeseries,0,2026-10-05T11:32:36,nodeC027,3.11.9,unknown,13155603,12811,2013-02-11,0,0,0.7210497856140137,integrated_gradients,attribution,14,140,0.0,0.68,0.7208650094362862,0.9200000000000002,0.5555555555555556,10,10,1.0,0.005825208034366369,0.5714285714285714,MaxT
timeseries,0,2026-10-05T11:32:36,nodeC027,3.11.9,unknown,13155603,12811,2013-02-11,0,0,0.7210497856140137,gradient_shap,attribution,14,140,0.0,0.77,0.669993172100131,0.5630684554523564,0.4,10,10,0.4,0.003026721067726612,1.2142857142857142,RH2
timeseries,0,2026-10-05T11:32:36,nodeC027,3.11.9,unknown,13155603,12811,2013-02-11,0,0,0.7210497856140137,lime,attribution,14,140,0.0,0.59,0.6343754733259667,0.9,0.4,10,10,1.0,0.013785101938992739,0.7857142857142857,Wind
timeseries,0,2026-10-05T11:32:36,nodeC027,3.11.9,unknown,13155603,12811,2013-02-11,0,0,0.7210497856140137,random,attribution,14,140,0.060558771954551165,0.63,0.29949559082517774,0.05915099715099714,0.0,10,10,0.037037037037037035,1.3077165931463242e-05,5.642857142857143,MinT
timeseries,0,2026-10-05T11:32:36,nodeC027,3.11.9,unknown,13155603,12825,2013-02-25,0,0,0.9650084376335144,integrated_gradients,attribution,14,140,0.1923701780495616,1.0,0.7781292846380512,0.8949999999999999,0.47368421052631576,10,10,1.0,0.005814126692712307,1.3571428571428572,Wind
timeseries,0,2026-10-05T11:32:36,nodeC027,3.11.9,unknown,13155603,12825,2013-02-25,0,0,0.9650084376335144,gradient_shap,attribution,14,140,0.19701466724685465,1.0,0.7698291832244315,0.6504901960784313,0.47368421052631576,10,10,0.75,0.0030335797928273678,1.0,MinT
timeseries,0,2026-10-05T11:32:36,nodeC027,3.11.9,unknown,13155603,12825,2013-02-25,0,0,0.9650084376335144,lime,attribution,14,140,0.2098496895181053,1.0,0.7229289633514808,0.85,0.5555555555555556,10,10,1.0,0.01567460922524333,0.7857142857142857,Wind
timeseries,0,2026-10-05T11:32:36,nodeC027,3.11.9,unknown,13155603,12825,2013-02-25,0,0,0.9650084376335144,random,attribution,14,140,0.0,0.6,0.31796680993922277,0.029914529914529912,0.0,10,10,0.037037037037037035,1.1811032891273499e-05,7.0,RH2
timeseries,0,2026-10-05T11:32:36,nodeC027,3.11.9,unknown,13155603,12840,2013-03-12,0,0,0.8054588437080383,integrated_gradients,attribution,14,140,0.22306115349427977,0.96,0.6925460228144918,0.8433333333333334,0.5555555555555556,10,10,1.0,0.005816006101667881,1.5,RH2
timeseries,0,2026-10-05T11:32:36,nodeC027,3.11.9,unknown,13155603,12840,2013-03-12,0,0,0.8054588437080383,gradient_shap,attribution,14,140,0.26724565923922533,0.95,0.6889583192991602,0.49347781217750264,0.3333333333333333,10,10,0.6470588235294118,0.0030197007581591606,1.2857142857142858,RH2
timeseries,0,2026-10-05T11:32:36,nodeC027,3.11.9,unknown,13155603,12840,2013-03-12,0,0,0.8054588437080383,lime,attribution,14,140,0.24202224510164277,0.95,0.682697232510797,0.875,0.5555555555555556,10,10,1.0,0.01242121309041977,2.2142857142857144,RH2
timeseries,0,2026-10-05T11:32:36,nodeC027,3.11.9,unknown,13155603,12840,2013-03-12,0,0,0.8054588437080383,random,attribution,14,140,0.08777367459469916,0.67,0.32859800231819936,0.03821082621082621,0.0,10,10,0.037037037037037035,1.2231990694999695e-05,6.0,RH1
timeseries,0,2026-10-05T11:32:36,nodeC027,3.11.9,unknown,13155603,12872,2013-04-13,0,0,0.8701030015945435,integrated_gradients,attribution,14,140,0.3209832752051373,1.0,0.8002194978480259,0.96,0.6470588235294118,10,10,1.0,0.06983540719375014,0.5714285714285714,MaxT
timeseries,0,2026-10-05T11:32:36,nodeC027,3.11.9,unknown,13155603,12872,2013-04-13,0,0,0.8701030015945435,gradient_shap,attribution,14,140,0.4373778035440286,0.98,0.8227765310708471,0.7980392156862746,0.47368421052631576,10,10,0.5555555555555556,0.0031692516058683395,0.5,RH2
timeseries,0,2026-10-05T11:32:36,nodeC027,3.11.9,unknown,13155603,12872,2013-04-13,0,0,0.8701030015945435,lime,attribution,14,140,0.23875861108034185,0.9,0.7583381232566366,0.875,0.5555555555555556,10,10,1.0,0.011151134967803955,0.5,MaxT
timeseries,0,2026-10-05T11:32:36,nodeC027,3.11.9,unknown,13155603,12872,2013-04-13,0,0,0.8701030015945435,random,attribution,14,140,0.16846469839820188,0.83,0.36035267744007515,0.06285470085470085,0.0,10,10,0.037037037037037035,1.2942124158143997e-05,6.214285714285714,Wind
timeseries,0,2026-10-05T11:32:36,nodeC027,3.11.9,unknown,13155603,12902,2013-05-13,0,0,0.6845046281814575,integrated_gradients,attribution,14,140,0.16698078261719135,0.98,0.8615366439407046,0.96,0.75,10,10,1.0,0.07103940984234214,0.6428571428571429,MaxT
timeseries,0,2026-10-05T11:32:36,nodeC027,3.11.9,unknown,13155603,12902,2013-05-13,0,0,0.6845046281814575,gradient_shap,attribution,14,140,0.12874942899223465,0.92,0.8608317321616712,0.7980392156862746,0.75,10,10,0.8666666666666667,0.003021057229489088,0.7142857142857143,MaxT
timeseries,0,2026-10-05T11:32:36,nodeC027,3.11.9,unknown,13155603,12902,2013-05-13,0,0,0.6845046281814575,lime,attribution,14,140,0.16658902296239264,0.86,0.8175800495630442,0.875,0.75,10,10,0.75,0.012097482103854418,0.7857142857142857,MinT
timeseries,0,2026-10-05T11:32:36,nodeC027,3.11.9,unknown,13155603,12902,2013-05-13,0,0,0.6845046281814575,random,attribution,14,140,0.10932471572390375,0.74,0.34782613820525665,0.07018803418803418,0.0,10,10,0.037037037037037035,1.3117678463459015e-05,7.571428571428571,Rain
timeseries,0,2026-10-05T11:32:36,nodeC027,3.11.9,unknown,13155603,12903,2013-05-14,0,0,0.6733973622322083,integrated_gradients,attribution,14,140,0.16825685294563078,0.88,0.7974002481028231,0.9600000000000002,0.75,10,10,1.0,0.07060781912878156,0.6428571428571429,MaxT
timeseries,0,2026-10-05T11:32:36,nodeC027,3.11.9,unknown,13155603,12903,2013-05-14,0,0,0.6733973622322083,gradient_shap,attribution,14,140,0.20095288143205367,0.91,0.806958940723515,0.8127450980392158,0.6470588235294118,10,10,0.6470588235294118,0.003017085138708353,0.6428571428571429,MaxT
timeseries,0,2026-10-05T11:32:36,nodeC027,3.11.9,unknown,13155603,12903,2013-05-14,0,0,0.6733973622322083,lime,attribution,14,140,0.2074734816268007,0.98,0.8005949576687582,0.95,0.5555555555555556,10,10,1.0,0.011148885823786259,0.7857142857142857,MinT
timeseries,0,2026-10-05T11:32:36,nodeC027,3.11.9,unknown,13155603,12903,2013-05-14,0,0,0.6733973622322083,random,attribution,14,140,0.06669683201045731,0.53,0.3579679872600421,0.037891737891737894,0.0,10,10,0.07692307692307693,1.2670177966356277e-05,6.142857142857143,FAO56_ET
timeseries,0,2026-10-05T11:32:36,nodeC027,3.11.9,unknown,13155603,12908,2013-05-19,0,0,0.533980667591095,integrated_gradients,attribution,14,140,0.06608050334038085,0.34,0.8131130478513415,0.9866666666666667,0.8666666666666667,10,10,1.0,0.005804080981761217,0.5714285714285714,MaxT
timeseries,0,2026-10-05T11:32:36,nodeC027,3.11.9,unknown,13155603,12908,2013-05-19,0,0,0.533980667591095,gradient_shap,attribution,14,140,0.123742327158969,0.38,0.8065330712566764,0.8260784313725491,0.5555555555555556,10,10,0.6470588235294118,0.003121247049421072,0.5714285714285714,MaxT
timeseries,0,2026-10-05T11:32:36,nodeC027,3.11.9,unknown,13155603,12908,2013-05-19,0,0,0.533980667591095,lime,attribution,14,140,0.0,0.53,0.8098541614518999,0.925,0.75,10,10,0.75,0.011210119351744652,0.7857142857142857,MinT
timeseries,0,2026-10-05T11:32:36,nodeC027,3.11.9,unknown,13155603,12908,2013-05-19,0,0,0.533980667591095,random,attribution,14,140,0.0,0.32,0.35588032463350017,0.03479202279202279,0.0,10,10,0.21739130434782608,1.3263896107673645e-05,5.142857142857143,MaxT
timeseries,0,2026-10-05T11:32:36,nodeC027,3.11.9,unknown,13155603,12915,2013-05-26,0,0,0.8921940922737122,integrated_gradients,attribution,14,140,0.40308405640018297,1.0,0.8534293700753146,0.9466666666666667,0.8666666666666667,10,10,1.0,0.005827317945659161,0.42857142857142855,MaxT
timeseries,0,2026-10-05T11:32:36,nodeC027,3.11.9,unknown,13155603,12915,2013-05-26,0,0,0.8921940922737122,gradient_shap,attribution,14,140,0.4015146307256696,1.0,0.8235888045471512,0.7541176470588236,0.6470588235294118,10,10,0.8666666666666667,0.0030228239484131336,0.5,RH2
timeseries,0,2026-10-05T11:32:36,nodeC027,3.11.9,unknown,13155603,12915,2013-05-26,0,0,0.8921940922737122,lime,attribution,14,140,0.4395259709151191,0.98,0.7983446359642792,1.0,0.75,10,10,1.0,0.015687990002334118,0.7857142857142857,MinT
timeseries,0,2026-10-05T11:32:36,nodeC027,3.11.9,unknown,13155603,12915,2013-05-26,0,0,0.8921940922737122,random,attribution,14,140,0.1264284215427123,0.69,0.33256491426958146,0.04618803418803419,0.0,10,10,0.037037037037037035,1.2491829693317413e-05,5.285714285714286,RH1
timeseries,0,2026-10-05T11:32:36,nodeC027,3.11.9,unknown,13155603,12917,2013-05-28,0,0,0.790021538734436,integrated_gradients,attribution,14,140,0.414007328304448,0.97,0.8461378972685617,0.9200000000000002,0.6470588235294118,10,10,1.0,0.005933582782745361,0.5,MaxT
timeseries,0,2026-10-05T11:32:36,nodeC027,3.11.9,unknown,13155603,12917,2013-05-28,0,0,0.790021538734436,gradient_shap,attribution,14,140,0.5144385674693358,0.99,0.8412225112778386,0.7527450980392156,0.6470588235294118,10,10,0.75,0.00301918713375926,0.5714285714285714,RH2
timeseries,0,2026-10-05T11:32:36,nodeC027,3.11.9,unknown,13155603,12917,2013-05-28,0,0,0.790021538734436,lime,attribution,14,140,0.4731733221108643,0.93,0.7973847832637433,0.8,0.5555555555555556,10,10,0.75,0.011178306303918362,0.7857142857142857,MaxT
timeseries,0,2026-10-05T11:32:36,nodeC027,3.11.9,unknown,13155603,12917,2013-05-28,0,0,0.790021538734436,random,attribution,14,140,0.5066882510074796,0.88,0.342579031966213,0.05356125356125356,0.0,10,10,0.037037037037037035,1.3513024896383286e-05,5.357142857142857,RH1
timeseries,0,2026-10-05T11:32:36,nodeC027,3.11.9,unknown,13155603,12934,2013-06-14,1,1,0.8441123366355896,integrated_gradients,attribution,14,140,0.4271440429237554,1.0,0.8155774338845004,0.9733333333333334,0.6470588235294118,10,10,1.0,0.006435368210077286,0.42857142857142855,MinT
timeseries,0,2026-10-05T11:32:36,nodeC027,3.11.9,unknown,13155603,12934,2013-06-14,1,1,0.8441123366355896,gradient_shap,attribution,14,140,0.4464079387905045,1.0,0.841420188188969,0.8800000000000001,0.6470588235294118,10,10,0.8666666666666667,0.003019580151885748,0.35714285714285715,MinT
timeseries,0,2026-10-05T11:32:36,nodeC027,3.11.9,unknown,13155603,12934,2013-06-14,1,1,0.8441123366355896,lime,attribution,14,140,0.3624535768795825,1.0,0.7199597004282283,0.825,0.4,10,10,1.0,0.015556121245026588,0.7857142857142857,MinT
timeseries,0,2026-10-05T11:32:36,nodeC027,3.11.9,unknown,13155603,12934,2013-06-14,1,1,0.8441123366355896,random,attribution,14,140,0.0,0.43,0.32564445617553095,0.04989173789173789,0.0,10,10,0.12,1.291278749704361e-05,6.714285714285714,MaxT
timeseries,0,2026-10-05T11:32:36,nodeC027,3.11.9,unknown,13155603,12941,2013-06-21,1,1,0.6184512972831726,integrated_gradients,attribution,14,140,0.3500929221403733,0.78,0.7631292536286379,0.8816666666666666,0.5555555555555556,10,10,1.0,0.005824356805533171,1.5,RH2
timeseries,0,2026-10-05T11:32:36,nodeC027,3.11.9,unknown,13155603,12941,2013-06-21,1,1,0.6184512972831726,gradient_shap,attribution,14,140,0.3151560188903295,0.69,0.763397802784186,0.7173357413140694,0.6470588235294118,10,10,0.75,0.0034728320315480232,1.0714285714285714,MinT
timeseries,0,2026-10-05T11:32:36,nodeC027,3.11.9,unknown,13155603,12941,2013-06-21,1,1,0.6184512972831726,lime,attribution,14,140,0.36237249408267685,0.76,0.6819048529842064,0.85,0.4,10,10,1.0,0.011142984963953495,1.3571428571428572,MinT
timeseries,0,2026-10-05T11:32:36,nodeC027,3.11.9,unknown,13155603,12941,2013-06-21,1,1,0.6184512972831726,random,attribution,14,140,0.2770631938982397,0.59,0.3159994345431809,0.053880341880341874,0.0,10,10,0.037037037037037035,1.252535730600357e-05,6.142857142857143,FAO56_ET
timeseries,0,2026-10-05T11:32:36,nodeC027,3.11.9,unknown,13155603,12960,2013-07-10,1,1,0.8494020700454712,integrated_gradients,attribution,14,140,0.5178466846523396,0.99,0.7830763778404723,0.96,0.75,10,10,1.0,0.0708383983001113,0.8571428571428571,RH2
timeseries,0,2026-10-05T11:32:36,nodeC027,3.11.9,unknown,13155603,12960,2013-07-10,1,1,0.8494020700454712,gradient_shap,attribution,14,140,0.6359570634279169,1.0,0.7777183686116167,0.8216666666666667,0.6470588235294118,10,10,0.75,0.003025962971150875,1.0,RH2
timeseries,0,2026-10-05T11:32:36,nodeC027,3.11.9,unknown,13155603,12960,2013-07-10,1,1,0.8494020700454712,lime,attribution,14,140,0.4429916013372628,0.99,0.7095546767024323,0.9055555555555556,0.4,10,10,0.75,0.016046343836933374,1.0714285714285714,RH2
timeseries,0,2026-10-05T11:32:36,nodeC027,3.11.9,unknown,13155603,12960,2013-07-10,1,1,0.8494020700454712,random,attribution,14,140,0.0175828361496588,0.4,0.359918479684757,0.0572991452991453,0.0,10,10,0.0,1.3099052011966705e-05,6.785714285714286,RH1
timeseries,0,2026-10-05T11:32:36,nodeC027,3.11.9,unknown,13155603,12969,2013-07-19,1,1,0.8993461728096008,integrated_gradients,attribution,14,140,0.43617504030380705,1.0,0.7699737928232933,0.9466666666666667,0.75,10,10,1.0,0.07001031236723065,1.4285714285714286,RH2
timeseries,0,2026-10-05T11:32:36,nodeC027,3.11.9,unknown,13155603,12969,2013-07-19,1,1,0.8993461728096008,gradient_shap,attribution,14,140,0.6206906241663781,1.0,0.7821683362491653,0.7877450980392158,0.6470588235294118,10,10,0.8666666666666667,0.0030259438790380955,1.0714285714285714,RH2
timeseries,0,2026-10-05T11:32:36,nodeC027,3.11.9,unknown,13155603,12969,2013-07-19,1,1,0.8993461728096008,lime,attribution,14,140,0.2023125520884248,0.99,0.6520216827549263,0.9,0.5555555555555556,10,10,1.0,0.012091766577214003,2.7857142857142856,RH2
timeseries,0,2026-10-05T11:32:36,nodeC027,3.11.9,unknown,13155603,12969,2013-07-19,1,1,0.8993461728096008,random,attribution,14,140,0.04790680334890256,0.64,0.2884739841837367,0.07453561253561251,0.0,10,10,0.07692307692307693,1.2611038982868195e-05,4.428571428571429,RH2
timeseries,0,2026-10-05T11:32:36,nodeC027,3.11.9,unknown,13155603,12972,2013-07-22,1,1,0.6888812780380249,integrated_gradients,attribution,14,140,0.4058350803936142,1.0,0.6871917797968878,0.96,0.5555555555555556,10,10,1.0,0.005809848662465811,2.142857142857143,RH2
timeseries,0,2026-10-05T11:32:36,nodeC027,3.11.9,unknown,13155603,12972,2013-07-22,1,1,0.6888812780380249,gradient_shap,attribution,14,140,0.5644907077735603,1.0,0.6851216529697133,0.8233333333333335,0.6470588235294118,10,10,0.75,0.0030253631994128227,1.5714285714285714,RH2
timeseries,0,2026-10-05T11:32:36,nodeC027,3.11.9,unknown,13155603,12972,2013-07-22,1,1,0.6888812780380249,lime,attribution,14,140,0.38149272637445264,0.83,0.6175036545708728,0.95,0.5555555555555556,10,10,0.75,0.010996119119226933,2.7857142857142856,RH2
timeseries,0,2026-10-05T11:32:36,nodeC027,3.11.9,unknown,13155603,12972,2013-07-22,1,1,0.6888812780380249,random,attribution,14,140,0.021475560047103572,0.4,0.3287582765867476,0.04989173789173789,0.0,10,10,0.12,1.2819655239582062e-05,6.214285714285714,MaxT
timeseries,0,2026-10-05T11:32:36,nodeC027,3.11.9,unknown,13155603,12977,2013-07-27,1,1,0.7464292645454407,integrated_gradients,attribution,14,140,0.46336478345253396,0.95,0.6871538001878205,0.9066666666666668,0.6470588235294118,10,10,1.0,0.07079739309847355,3.7857142857142856,RH2
timeseries,0,2026-10-05T11:32:36,nodeC027,3.11.9,unknown,13155603,12977,2013-07-27,1,1,0.7464292645454407,gradient_shap,attribution,14,140,0.6716049781981241,1.0,0.7391848358326694,0.6918954248366014,0.5555555555555556,10,10,0.8666666666666667,0.0030332207679748535,1.3571428571428572,RH2
timeseries,0,2026-10-05T11:32:36,nodeC027,3.11.9,unknown,13155603,12977,2013-07-27,1,1,0.7464292645454407,lime,attribution,14,140,0.5849562065973782,0.95,0.6178529228552361,0.95,0.5555555555555556,10,10,0.75,0.012328800279647112,3.0714285714285716,RH2
timeseries,0,2026-10-05T11:32:36,nodeC027,3.11.9,unknown,13155603,12977,2013-07-27,1,1,0.7464292645454407,random,attribution,14,140,0.09410960069088849,0.52,0.30821162180607686,0.030484330484330486,0.0,10,10,0.037037037037037035,1.3330020010471344e-05,7.571428571428571,MinT
timeseries,0,2026-10-05T11:32:36,nodeC027,3.11.9,unknown,13155603,12981,2013-07-31,1,1,0.7975605726242065,integrated_gradients,attribution,14,140,0.29899170799813407,0.87,0.6722920959841199,0.8333333333333334,0.47368421052631576,10,10,1.0,0.005781295709311962,5.071428571428571,RH2
timeseries,0,2026-10-05T11:32:36,nodeC027,3.11.9,unknown,13155603,12981,2013-07-31,1,1,0.7975605726242065,gradient_shap,attribution,14,140,0.470671921640829,0.99,0.6598991504537742,0.6377760577915377,0.4,10,10,0.6470588235294118,0.0030344612896442413,5.214285714285714,RH2
timeseries,0,2026-10-05T11:32:36,nodeC027,3.11.9,unknown,13155603,12981,2013-07-31,1,1,0.7975605726242065,lime,attribution,14,140,0.4531370064344213,0.85,0.6076457500798513,1.0,0.5555555555555556,10,10,1.0,0.01302256714552641,3.0714285714285716,RH2
timeseries,0,2026-10-05T11:32:36,nodeC027,3.11.9,unknown,13155603,12981,2013-07-31,1,1,0.7975605726242065,random,attribution,14,140,0.06255351866391706,0.48,0.32208416673470674,0.0699031339031339,0.0,10,10,0.037037037037037035,1.2759119272232056e-05,6.928571428571429,RH1
timeseries,0,2026-10-05T11:32:36,nodeC027,3.11.9,unknown,13155603,12996,2013-08-15,1,1,0.8562904000282288,integrated_gradients,attribution,14,140,0.5853525042062362,1.0,0.7193238812648505,0.8816666666666666,0.6470588235294118,10,10,1.0,0.005781145766377449,2.2142857142857144,RH2
timeseries,0,2026-10-05T11:32:36,nodeC027,3.11.9,unknown,13155603,12996,2013-08-15,1,1,0.8562904000282288,gradient_shap,attribution,14,140,0.8520028547624631,1.0,0.7449782013089243,0.7630392156862745,0.6470588235294118,10,10,0.5555555555555556,0.0030226539820432663,2.9285714285714284,RH2
timeseries,0,2026-10-05T11:32:36,nodeC027,3.11.9,unknown,13155603,12996,2013-08-15,1,1,0.8562904000282288,lime,attribution,14,140,0.7135867954776253,0.88,0.6519959905873042,0.925,0.5555555555555556,10,10,1.0,0.011227235198020935,3.0714285714285716,RH2
timeseries,0,2026-10-05T11:32:36,nodeC027,3.11.9,unknown,13155603,12996,2013-08-15,1,1,0.8562904000282288,random,attribution,14,140,0.0,0.45,0.36278502037396465,0.037891737891737894,0.0,10,10,0.037037037037037035,1.2494157999753952e-05,6.857142857142857,MinT
timeseries,0,2026-10-05T11:32:36,nodeC027,3.11.9,unknown,13155603,13011,2013-08-30,1,1,0.8114675879478455,integrated_gradients,attribution,14,140,0.738541972490862,1.0,0.7147770072164921,0.8816666666666668,0.6470588235294118,10,10,1.0,0.005816482938826084,2.0,RH2
timeseries,0,2026-10-05T11:32:36,nodeC027,3.11.9,unknown,13155603,13011,2013-08-30,1,1,0.8114675879478455,gradient_shap,attribution,14,140,0.7192742493903593,0.99,0.7309291772615762,0.8024509803921568,0.5555555555555556,10,10,0.6470588235294118,0.0030246800743043423,1.5,RH2
timeseries,0,2026-10-05T11:32:36,nodeC027,3.11.9,unknown,13155603,13011,2013-08-30,1,1,0.8114675879478455,lime,attribution,14,140,0.4025453779140509,0.93,0.6349277502679977,0.8,0.5555555555555556,10,10,1.0,0.015571741852909327,0.7857142857142857,RH2
timeseries,0,2026-10-05T11:32:36,nodeC027,3.11.9,unknown,13155603,13011,2013-08-30,1,1,0.8114675879478455,random,attribution,14,140,0.042770372950471376,0.42,0.3366308203728694,0.04928774928774929,0.0,10,10,0.12,1.3996846973896027e-05,7.142857142857143,RH2
timeseries,0,2026-10-05T11:32:36,nodeC027,3.11.9,unknown,13155603,13022,2013-09-10,1,1,0.933667778968811,integrated_gradients,attribution,14,140,0.43059614490129366,0.89,0.7919168479900157,0.9466666666666667,0.6470588235294118,10,10,1.0,0.005817296914756298,1.1428571428571428,RH2
timeseries,0,2026-10-05T11:32:36,nodeC027,3.11.9,unknown,13155603,13022,2013-09-10,1,1,0.933667778968811,gradient_shap,attribution,14,140,0.5060617276967707,1.0,0.8204126242723337,0.6681527347781219,0.47368421052631576,10,10,0.5555555555555556,0.0030128126963973045,2.357142857142857,RH2
timeseries,0,2026-10-05T11:32:36,nodeC027,3.11.9,unknown,13155603,13022,2013-09-10,1,1,0.933667778968811,lime,attribution,14,140,0.47918448047559725,0.92,0.7084645359425276,0.95,0.4,10,10,0.75,0.0135538331232965,1.0714285714285714,RH2
timeseries,0,2026-10-05T11:32:36,nodeC027,3.11.9,unknown,13155603,13022,2013-09-10,1,1,0.933667778968811,random,attribution,14,140,0.0016389449007318915,0.53,0.31196790389012996,0.059829059829059825,0.037037037037037035,10,10,0.07692307692307693,1.2574717402458191e-05,6.071428571428571,MinT
timeseries,0,2026-10-05T11:32:36,nodeC027,3.11.9,unknown,13155603,13029,2013-09-17,1,1,0.9224215745925903,integrated_gradients,attribution,14,140,0.6418279187467603,1.0,0.7996533039404217,0.9333333333333333,0.75,10,10,1.0,0.0058258469216525555,1.7142857142857142,RH2
timeseries,0,2026-10-05T11:32:36,nodeC027,3.11.9,unknown,13155603,13029,2013-09-17,1,1,0.9224215745925903,gradient_shap,attribution,14,140,0.6120507188511305,1.0,0.8050476980513674,0.7438235294117648,0.6470588235294118,10,10,0.6470588235294118,0.0032438631169497967,1.5714285714285714,RH2
timeseries,0,2026-10-05T11:32:36,nodeC027,3.11.9,unknown,13155603,13029,2013-09-17,1,1,0.9224215745925903,lime,attribution,14,140,0.605564148257012,1.0,0.6952058964859683,1.0,0.75,10,10,1.0,0.01205200282856822,1.9285714285714286,RH2
timeseries,0,2026-10-05T11:32:36,nodeC027,3.11.9,unknown,13155603,13029,2013-09-17,1,1,0.9224215745925903,random,attribution,14,140,0.23263897010959012,0.81,0.3052764485515169,0.05419943019943019,0.0,10,10,0.037037037037037035,1.2991949915885925e-05,5.071428571428571,RH1
timeseries,0,2026-10-05T11:32:36,nodeC027,3.11.9,unknown,13155603,13039,2013-09-27,0,0,0.7506171464920044,integrated_gradients,attribution,14,140,0.0943492414397696,0.97,0.7061905486069622,0.9083333333333334,0.5555555555555556,10,10,1.0,0.00582899572327733,2.7142857142857144,RH2
timeseries,0,2026-10-05T11:32:36,nodeC027,3.11.9,unknown,13155603,13039,2013-09-27,0,0,0.7506171464920044,gradient_shap,attribution,14,140,0.27405950720484323,0.68,0.6457018397985383,0.7349673202614379,0.47368421052631576,10,10,0.8666666666666667,0.003026599995791912,2.0,Rain
timeseries,0,2026-10-05T11:32:36,nodeC027,3.11.9,unknown,13155603,13039,2013-09-27,0,0,0.7506171464920044,lime,attribution,14,140,0.0,0.76,0.6672927722954187,0.875,0.5555555555555556,10,10,0.75,0.01219033868983388,2.7857142857142856,RH2
timeseries,0,2026-10-05T11:32:36,nodeC027,3.11.9,unknown,13155603,13039,2013-09-27,0,0,0.7506171464920044,random,attribution,14,140,0.0,0.53,0.3322987367972713,0.06958404558404559,0.0,10,10,0.07692307692307693,1.2726988643407822e-05,4.785714285714286,RH1
timeseries,0,2026-10-05T11:32:36,nodeC027,3.11.9,unknown,13155603,13051,2013-10-09,1,1,0.6767750382423401,integrated_gradients,attribution,14,140,0.5951168626156501,0.79,0.7790164916193492,0.9866666666666667,0.6470588235294118,10,10,1.0,0.005789728369563818,1.6428571428571428,RH2
timeseries,0,2026-10-05T11:32:36,nodeC027,3.11.9,unknown,13155603,13051,2013-10-09,1,1,0.6767750382423401,gradient_shap,attribution,14,140,0.5868225457247811,0.59,0.7871488282479222,0.8816666666666668,0.6470588235294118,10,10,0.8666666666666667,0.003006625920534134,1.2142857142857142,RH2
timeseries,0,2026-10-05T11:32:36,nodeC027,3.11.9,unknown,13155603,13051,2013-10-09,1,1,0.6767750382423401,lime,attribution,14,140,0.5531659926402106,0.66,0.7050218396333165,0.85,0.75,10,10,1.0,0.011155637912452221,1.3571428571428572,RH2
timeseries,0,2026-10-05T11:32:36,nodeC027,3.11.9,unknown,13155603,13051,2013-10-09,1,1,0.6767750382423401,random,attribution,14,140,0.33829644558088096,0.59,0.30534987881971587,0.07716446516446517,0.037037037037037035,10,10,0.12,1.2516975402832031e-05,7.142857142857143,Rain
timeseries,0,2026-10-05T11:32:36,nodeC027,3.11.9,unknown,13155603,13064,2013-10-22,1,1,0.5614372491836548,integrated_gradients,attribution,14,140,0.287990078725144,0.41,0.7397787163502112,0.96,0.6470588235294118,10,10,1.0,0.00576113210991025,2.0714285714285716,RH2
timeseries,0,2026-10-05T11:32:36,nodeC027,3.11.9,unknown,13155603,13064,2013-10-22,1,1,0.5614372491836548,gradient_shap,attribution,14,140,0.10097433433333114,0.52,0.7606473860170153,0.7338235294117647,0.5555555555555556,10,10,0.6470588235294118,0.003027237020432949,2.142857142857143,RH2
timeseries,0,2026-10-05T11:32:36,nodeC027,3.11.9,unknown,13155603,13064,2013-10-22,1,1,0.5614372491836548,lime,attribution,14,140,0.32901534436437996,0.27,0.6706280286714644,0.875,0.5555555555555556,10,10,0.75,0.011124038137495518,2.5,RH2
timeseries,0,2026-10-05T11:32:36,nodeC027,3.11.9,unknown,13155603,13064,2013-10-22,1,1,0.5614372491836548,random,attribution,14,140,0.05961523476026063,0.4,0.3306136872779727,0.0421994301994302,0.0,10,10,0.037037037037037035,1.2328848242759705e-05,7.857142857142857,RH2
timeseries,0,2026-10-05T11:32:36,nodeC027,3.11.9,unknown,13155603,13079,2013-11-06,0,0,0.6690118908882141,integrated_gradients,attribution,14,140,0.0,0.95,0.7059434021439455,0.96,0.75,10,10,1.0,0.005794289987534285,3.5,RH2
timeseries,0,2026-10-05T11:32:36,nodeC027,3.11.9,unknown,13155603,13079,2013-11-06,0,0,0.6690118908882141,gradient_shap,attribution,14,140,0.058191091037741983,0.98,0.727584122993103,0.8010784313725491,0.5555555555555556,10,10,0.8666666666666667,0.003030841238796711,3.0,RH2
timeseries,0,2026-10-05T11:32:36,nodeC027,3.11.9,unknown,13155603,13079,2013-11-06,0,0,0.6690118908882141,lime,attribution,14,140,0.0,0.83,0.6271530603941509,1.0,0.5555555555555556,10,10,1.0,0.01114265713840723,3.0714285714285716,RH2
timeseries,0,2026-10-05T11:32:36,nodeC027,3.11.9,unknown,13155603,13079,2013-11-06,0,0,0.6690118908882141,random,attribution,14,140,0.03186136545832659,0.75,0.3120000890116288,0.04618803418803419,0.0,10,10,0.07692307692307693,1.2334901839494705e-05,7.642857142857143,Evap
timeseries,0,2026-10-05T11:32:36,nodeC027,3.11.9,unknown,13155603,13081,2013-11-08,0,0,0.8400288820266724,integrated_gradients,attribution,14,140,0.20754446814830205,0.96,0.7339156344027277,0.9333333333333333,0.6470588235294118,10,10,1.0,0.07050941418856382,4.5,RH2
timeseries,0,2026-10-05T11:32:36,nodeC027,3.11.9,unknown,13155603,13081,2013-11-08,0,0,0.8400288820266724,gradient_shap,attribution,14,140,0.3467669068793174,1.0,0.7949401915860852,0.7390849673202615,0.5555555555555556,10,10,0.5555555555555556,0.003030894324183464,2.0,MinT
timeseries,0,2026-10-05T11:32:36,nodeC027,3.11.9,unknown,13155603,13081,2013-11-08,0,0,0.8400288820266724,lime,attribution,14,140,0.30274953868300686,0.91,0.6356848773474757,0.825,0.5555555555555556,10,10,1.0,0.01115852128714323,5.928571428571429,RH2
timeseries,0,2026-10-05T11:32:36,nodeC027,3.11.9,unknown,13155603,13081,2013-11-08,0,0,0.8400288820266724,random,attribution,14,140,0.0,0.57,0.3823138534389058,0.02222222222222222,0.0,10,10,0.0,1.2754928320646286e-05,7.714285714285714,Evap
timeseries,0,2026-10-05T11:32:36,nodeC027,3.11.9,unknown,13155603,13113,2013-12-10,0,0,0.9989522695541382,integrated_gradients,attribution,14,140,0.21520005384364507,1.0,0.8132270861991495,0.9066666666666666,0.6470588235294118,10,10,1.0,0.005807119887322187,1.7142857142857142,MinT
timeseries,0,2026-10-05T11:32:36,nodeC027,3.11.9,unknown,13155603,13113,2013-12-10,0,0,0.9989522695541382,gradient_shap,attribution,14,140,0.1677051139171383,0.99,0.8254271402631361,0.6525971792225662,0.5555555555555556,10,10,0.8666666666666667,0.0030485698953270912,0.7857142857142857,MinT
timeseries,0,2026-10-05T11:32:36,nodeC027,3.11.9,unknown,13155603,13113,2013-12-10,0,0,0.9989522695541382,lime,attribution,14,140,0.12383256726666769,1.0,0.6190855610291792,0.775,0.5555555555555556,10,10,0.5555555555555556,0.012909961864352226,4.214285714285714,MaxT
timeseries,0,2026-10-05T11:32:36,nodeC027,3.11.9,unknown,13155603,13113,2013-12-10,0,0,0.9989522695541382,random,attribution,14,140,0.00021748679774587017,0.66,0.3051296542904045,0.05017663817663818,0.0,10,10,0.07692307692307693,1.2577977031469345e-05,6.142857142857143,Rain
timeseries,0,2026-10-05T11:32:36,nodeC027,3.11.9,unknown,13155603,13128,2013-12-25,0,0,0.9701096415519714,integrated_gradients,attribution,14,140,0.21587277849564926,1.0,0.8167014498962162,0.9466666666666667,0.75,10,10,1.0,0.005814500153064728,0.5714285714285714,MinT
timeseries,0,2026-10-05T11:32:36,nodeC027,3.11.9,unknown,13155603,13128,2013-12-25,0,0,0.9701096415519714,gradient_shap,attribution,14,140,0.2048965027025808,1.0,0.8025221446064308,0.6125644994840043,0.47368421052631576,10,10,0.6470588235294118,0.003006122075021267,2.2857142857142856,MinT
timeseries,0,2026-10-05T11:32:36,nodeC027,3.11.9,unknown,13155603,13128,2013-12-25,0,0,0.9701096415519714,lime,attribution,14,140,0.25443188785467746,0.99,0.7392824101780782,0.7555555555555555,0.5555555555555556,10,10,0.75,0.012007205747067928,1.0714285714285714,MinT
timeseries,0,2026-10-05T11:32:36,nodeC027,3.11.9,unknown,13155603,13128,2013-12-25,0,0,0.9701096415519714,random,attribution,14,140,0.0,0.65,0.3192560715391124,0.07884330484330485,0.0,10,10,0.12,1.2172851711511612e-05,7.714285714285714,RH2
timeseries,0,2026-10-05T11:32:36,nodeC027,3.11.9,unknown,13155603,13177,2014-02-12,0,0,0.9948220252990723,integrated_gradients,attribution,14,140,0.26262442523653196,1.0,0.8237752229471476,0.8816666666666666,0.6470588235294118,10,10,1.0,0.07060030894353986,2.2142857142857144,Wind
timeseries,0,2026-10-05T11:32:36,nodeC027,3.11.9,unknown,13155603,13177,2014-02-12,0,0,0.9948220252990723,gradient_shap,attribution,14,140,0.19506080881256851,1.0,0.7801410368239614,0.6644926040591675,0.5555555555555556,10,10,0.75,0.0030547352507710457,1.3571428571428572,RH2
timeseries,0,2026-10-05T11:32:36,nodeC027,3.11.9,unknown,13155603,13177,2014-02-12,0,0,0.9948220252990723,lime,attribution,14,140,0.21289015972349043,0.98,0.7187829974744047,0.875,0.5555555555555556,10,10,0.5555555555555556,0.013127831742167473,1.9285714285714286,Wind
timeseries,0,2026-10-05T11:32:36,nodeC027,3.11.9,unknown,13155603,13177,2014-02-12,0,0,0.9948220252990723,random,attribution,14,140,0.11392946724165781,0.86,0.33853326269897743,0.05021082621082621,0.0,10,10,0.07692307692307693,1.28219835460186e-05,8.857142857142858,Wind
timeseries,0,2026-10-05T11:32:36,nodeC027,3.11.9,unknown,13155603,13208,2014-03-15,0,0,0.9767804145812988,integrated_gradients,attribution,14,140,0.23233615594567034,1.0,0.7530501575426718,0.8816666666666666,0.5555555555555556,10,10,1.0,0.0702671050094068,3.9285714285714284,RH2
timeseries,0,2026-10-05T11:32:36,nodeC027,3.11.9,unknown,13155603,13208,2014-03-15,0,0,0.9767804145812988,gradient_shap,attribution,14,140,0.3692533575271534,1.0,0.7818173580032503,0.6713071895424838,0.47368421052631576,10,10,0.6470588235294118,0.0030275750905275345,3.2857142857142856,MaxT
timeseries,0,2026-10-05T11:32:36,nodeC027,3.11.9,unknown,13155603,13208,2014-03-15,0,0,0.9767804145812988,lime,attribution,14,140,0.2877526230719024,0.98,0.6751345024429511,0.925,0.5555555555555556,10,10,0.75,0.01216792082414031,3.9285714285714284,MaxT
timeseries,0,2026-10-05T11:32:36,nodeC027,3.11.9,unknown,13155603,13208,2014-03-15,0,0,0.9767804145812988,random,attribution,14,140,0.0,0.62,0.34184886034202744,0.04647293447293448,0.0,10,10,0.037037037037037035,1.2978911399841309e-05,8.857142857142858,MinT
timeseries,0,2026-10-05T11:32:36,nodeC027,3.11.9,unknown,13155603,13229,2014-04-05,0,0,0.8135926723480225,integrated_gradients,attribution,14,140,0.28366359409867675,0.99,0.7621718858927661,0.8666666666666668,0.5555555555555556,10,10,1.0,0.006840861868113279,1.5,MaxT
timeseries,0,2026-10-05T11:32:36,nodeC027,3.11.9,unknown,13155603,13229,2014-04-05,0,0,0.8135926723480225,gradient_shap,attribution,14,140,0.3623338622780374,0.99,0.7522982105548788,0.8097058823529413,0.47368421052631576,10,10,0.75,0.0031649586744606495,1.2142857142857142,RH2
timeseries,0,2026-10-05T11:32:36,nodeC027,3.11.9,unknown,13155603,13229,2014-04-05,0,0,0.8135926723480225,lime,attribution,14,140,0.340488079696289,1.0,0.7315554887949192,0.925,0.5555555555555556,10,10,0.75,0.011147936806082726,0.7857142857142857,RH2
timeseries,0,2026-10-05T11:32:36,nodeC027,3.11.9,unknown,13155603,13229,2014-04-05,0,0,0.8135926723480225,random,attribution,14,140,0.0,0.56,0.36555846466462594,0.041914529914529916,0.0,10,10,0.037037037037037035,1.3854820281267166e-05,5.214285714285714,RH1
timeseries,0,2026-10-05T11:32:36,nodeC027,3.11.9,unknown,13155603,13233,2014-04-09,0,0,0.8048622012138367,integrated_gradients,attribution,14,140,0.36881559808838504,1.0,0.780907946237011,0.9200000000000002,0.6470588235294118,10,10,1.0,0.0057742721401154995,0.5714285714285714,MinT
timeseries,0,2026-10-05T11:32:36,nodeC027,3.11.9,unknown,13155603,13233,2014-04-09,0,0,0.8048622012138367,gradient_shap,attribution,14,140,0.29217541399180513,1.0,0.8067716176550555,0.8200000000000001,0.5555555555555556,10,10,0.8666666666666667,0.003010361921042204,0.8571428571428571,RH2
timeseries,0,2026-10-05T11:32:36,nodeC027,3.11.9,unknown,13155603,13233,2014-04-09,0,0,0.8048622012138367,lime,attribution,14,140,0.299813964641507,1.0,0.73677721319619,0.85,0.5555555555555556,10,10,1.0,0.015546178910881281,0.7857142857142857,RH2
timeseries,0,2026-10-05T11:32:36,nodeC027,3.11.9,unknown,13155603,13233,2014-04-09,0,0,0.8048622012138367,random,attribution,14,140,0.00996338167122566,0.7,0.31654786144367564,0.07026210826210826,0.0,10,10,0.037037037037037035,1.2277625501155853e-05,6.214285714285714,RH1
timeseries,0,2026-10-05T11:32:36,nodeC027,3.11.9,unknown,13155603,13235,2014-04-11,0,0,0.7505987286567688,integrated_gradients,attribution,14,140,0.3679447964445523,0.99,0.7874067085288801,0.8433333333333334,0.6470588235294118,10,10,1.0,0.005773055367171764,0.7857142857142857,RH2
timeseries,0,2026-10-05T11:32:36,nodeC027,3.11.9,unknown,13155603,13235,2014-04-11,0,0,0.7505987286567688,gradient_shap,attribution,14,140,0.22716459684568127,0.94,0.7954784988215493,0.6607843137254902,0.5555555555555556,10,10,0.75,0.00300807598978281,0.8571428571428571,RH2
timeseries,0,2026-10-05T11:32:36,nodeC027,3.11.9,unknown,13155603,13235,2014-04-11,0,0,0.7505987286567688,lime,attribution,14,140,0.3559182327073776,1.0,0.756545827261635,1.0,0.4,10,10,1.0,0.011054167058318853,0.7857142857142857,RH2
timeseries,0,2026-10-05T11:32:36,nodeC027,3.11.9,unknown,13155603,13235,2014-04-11,0,0,0.7505987286567688,random,attribution,14,140,0.0,0.65,0.37030401441859406,0.06324786324786325,0.0,10,10,0.037037037037037035,1.2758653610944748e-05,8.142857142857142,MaxT
timeseries,0,2026-10-05T11:32:36,nodeC027,3.11.9,unknown,13155603,13239,2014-04-15,1,1,0.628143310546875,integrated_gradients,attribution,14,140,0.17397919019943642,0.68,0.7722765606286238,0.9066666666666668,0.6470588235294118,10,10,1.0,0.005811543203890324,0.7857142857142857,MinT
timeseries,0,2026-10-05T11:32:36,nodeC027,3.11.9,unknown,13155603,13239,2014-04-15,1,1,0.628143310546875,gradient_shap,attribution,14,140,0.37560283744473594,0.64,0.738477888111482,0.7321568627450981,0.6470588235294118,10,10,0.8666666666666667,0.003027386963367462,0.8571428571428571,RH2
timeseries,0,2026-10-05T11:32:36,nodeC027,3.11.9,unknown,13155603,13239,2014-04-15,1,1,0.628143310546875,lime,attribution,14,140,0.10363328884880726,0.42,0.708568767473466,0.925,0.5555555555555556,10,10,1.0,0.01610122388228774,1.3571428571428572,MinT
timeseries,0,2026-10-05T11:32:36,nodeC027,3.11.9,unknown,13155603,13239,2014-04-15,1,1,0.628143310546875,random,attribution,14,140,0.0,0.42,0.3212152713263867,0.05327635327635327,0.0,10,10,0.037037037037037035,1.2214295566082e-05,6.571428571428571,Evap
timeseries,0,2026-10-05T11:32:36,nodeC027,3.11.9,unknown,13155603,13346,2014-07-31,1,1,0.8461640477180481,integrated_gradients,attribution,14,140,0.4772204328248079,1.0,0.7683382155632834,0.9066666666666666,0.75,10,10,1.0,0.00581183610484004,0.42857142857142855,RH2
timeseries,0,2026-10-05T11:32:36,nodeC027,3.11.9,unknown,13155603,13346,2014-07-31,1,1,0.8461640477180481,gradient_shap,attribution,14,140,0.5110667410993377,1.0,0.8115180178288474,0.8097058823529413,0.6470588235294118,10,10,0.75,0.0030105900950729847,0.5,RH2
timeseries,0,2026-10-05T11:32:36,nodeC027,3.11.9,unknown,13155603,13346,2014-07-31,1,1,0.8461640477180481,lime,attribution,14,140,0.2655250761203203,1.0,0.6521867651372943,0.9,0.5555555555555556,10,10,0.75,0.019888233859091997,0.5,MaxT
timeseries,0,2026-10-05T11:32:36,nodeC027,3.11.9,unknown,13155603,13346,2014-07-31,1,1,0.8461640477180481,random,attribution,14,140,0.05181443723793742,0.57,0.31446148629799575,0.05299145299145299,0.0,10,10,0.21739130434782608,1.3337936252355576e-05,6.785714285714286,RH1
timeseries,0,2026-10-05T11:32:36,nodeC027,3.11.9,unknown,13155603,13367,2014-08-21,1,1,0.6157879829406738,integrated_gradients,attribution,14,140,0.2124041060832383,0.46,0.8360753281716937,0.9466666666666667,0.6470588235294118,10,10,1.0,0.005801856052130461,1.1428571428571428,MinT
timeseries,0,2026-10-05T11:32:36,nodeC027,3.11.9,unknown,13155603,13367,2014-08-21,1,1,0.6157879829406738,gradient_shap,attribution,14,140,0.29434510465765473,0.47,0.7929020444942562,0.7980392156862746,0.6470588235294118,10,10,0.8666666666666667,0.003019789233803749,0.5714285714285714,RH2
timeseries,0,2026-10-05T11:32:36,nodeC027,3.11.9,unknown,13155603,13367,2014-08-21,1,1,0.6157879829406738,lime,attribution,14,140,0.3242431572377596,0.54,0.7974895380884026,0.8555555555555555,0.5555555555555556,10,10,1.0,0.012471324764192104,0.5,MaxT
timeseries,0,2026-10-05T11:32:36,nodeC027,3.11.9,unknown,13155603,13367,2014-08-21,1,1,0.6157879829406738,random,attribution,14,140,0.0,0.39,0.3263873205374639,0.045584045584045586,0.0,10,10,0.037037037037037035,1.2408941984176636e-05,5.714285714285714,Rain
timeseries,0,2026-10-05T11:32:36,nodeC027,3.11.9,unknown,13155603,13377,2014-08-31,1,1,0.8955544233322144,integrated_gradients,attribution,14,140,0.606039903067639,1.0,0.8096669762184361,0.9600000000000002,0.8666666666666667,10,10,1.0,0.00581681402400136,0.5714285714285714,RH2
timeseries,0,2026-10-05T11:32:36,nodeC027,3.11.9,unknown,13155603,13377,2014-08-31,1,1,0.8955544233322144,gradient_shap,attribution,14,140,0.606039903067639,1.0,0.7759114939087279,0.9083333333333334,0.75,10,10,0.8666666666666667,0.0030267578549683094,0.5714285714285714,RH2
timeseries,0,2026-10-05T11:32:36,nodeC027,3.11.9,unknown,13155603,13377,2014-08-31,1,1,0.8955544233322144,lime,attribution,14,140,0.5353156524731263,1.0,0.6922842967624483,0.925,0.5555555555555556,10,10,1.0,0.015736794099211693,0.7857142857142857,RH2
timeseries,0,2026-10-05T11:32:36,nodeC027,3.11.9,unknown,13155603,13377,2014-08-31,1,1,0.8955544233322144,random,attribution,14,140,0.0467788492576661,0.55,0.3336509983881978,0.0668034188034188,0.0,10,10,0.07692307692307693,1.2587755918502808e-05,6.857142857142857,Radiation
timeseries,0,2026-10-05T11:32:36,nodeC027,3.11.9,unknown,13155603,13378,2014-09-01,1,1,0.786558210849762,integrated_gradients,attribution,14,140,0.6101543414924399,0.95,0.7591420144650609,0.9200000000000002,0.75,10,10,1.0,0.07005875185132027,1.0,RH2
timeseries,0,2026-10-05T11:32:36,nodeC027,3.11.9,unknown,13155603,13378,2014-09-01,1,1,0.786558210849762,gradient_shap,attribution,14,140,0.6942666393963076,1.0,0.7524322863176897,0.7397058823529411,0.5555555555555556,10,10,1.0,0.003022977150976658,1.0,RH2
timeseries,0,2026-10-05T11:32:36,nodeC027,3.11.9,unknown,13155603,13378,2014-09-01,1,1,0.786558210849762,lime,attribution,14,140,0.5552835550262473,1.0,0.6722000514914817,1.0,0.5555555555555556,10,10,1.0,0.015554286073893309,1.3571428571428572,RH2
timeseries,0,2026-10-05T11:32:36,nodeC027,3.11.9,unknown,13155603,13378,2014-09-01,1,1,0.786558210849762,random,attribution,14,140,0.0,0.38,0.34187017776164463,0.06096866096866096,0.037037037037037035,10,10,0.12,1.2991949915885925e-05,8.142857142857142,Rain
timeseries,0,2026-10-05T11:32:36,nodeC027,3.11.9,unknown,13155603,13387,2014-09-10,1,1,0.5836054682731628,integrated_gradients,attribution,14,140,0.5666799335816769,0.98,0.6734745912249439,0.8933333333333333,0.5555555555555556,10,10,1.0,0.005799575708806515,2.0,RH2
timeseries,0,2026-10-05T11:32:36,nodeC027,3.11.9,unknown,13155603,13387,2014-09-10,1,1,0.5836054682731628,gradient_shap,attribution,14,140,0.35412470328171797,0.84,0.673790062135534,0.7081854145166838,0.4,10,10,0.8666666666666667,0.003017595037817955,0.6428571428571429,RH2
timeseries,0,2026-10-05T11:32:36,nodeC027,3.11.9,unknown,13155603,13387,2014-09-10,1,1,0.5836054682731628,lime,attribution,14,140,0.5015621562628112,0.63,0.6438950964050207,0.875,0.5555555555555556,10,10,0.75,0.011108842678368092,1.3571428571428572,RH2
timeseries,0,2026-10-05T11:32:36,nodeC027,3.11.9,unknown,13155603,13387,2014-09-10,1,1,0.5836054682731628,random,attribution,14,140,0.0703796053506418,0.4,0.3193879474718002,0.04251851851851852,0.0,10,10,0.0,1.2417323887348175e-05,5.5,Evap
timeseries,0,2026-10-05T11:32:36,nodeC027,3.11.9,unknown,13155603,13416,2014-10-09,1,1,0.729513943195343,integrated_gradients,attribution,14,140,0.3793021659154065,0.83,0.8225362733749674,0.9200000000000002,0.6470588235294118,10,10,1.0,0.07058328296989202,1.0,Wind
timeseries,0,2026-10-05T11:32:36,nodeC027,3.11.9,unknown,13155603,13416,2014-10-09,1,1,0.729513943195343,gradient_shap,attribution,14,140,0.412689320792113,0.91,0.7929712053478911,0.7241503267973857,0.6470588235294118,10,10,0.6470588235294118,0.003018191084265709,0.9285714285714286,MinT
timeseries,0,2026-10-05T11:32:36,nodeC027,3.11.9,unknown,13155603,13416,2014-10-09,1,1,0.729513943195343,lime,attribution,14,140,0.37708437625850616,0.82,0.7453823893764739,0.85,0.5555555555555556,10,10,0.75,0.011138437781482935,0.5,MinT
timeseries,0,2026-10-05T11:32:36,nodeC027,3.11.9,unknown,13155603,13416,2014-10-09,1,1,0.729513943195343,random,attribution,14,140,0.015459817555262744,0.36,0.33858059152533326,0.05088888888888889,0.0,10,10,0.07692307692307693,1.3107899576425552e-05,4.5,RH1
timeseries,0,2026-10-05T11:32:36,nodeC027,3.11.9,unknown,13155603,13429,2014-10-22,0,0,0.7939770221710205,integrated_gradients,attribution,14,140,0.24414168479130713,1.0,0.6992962290573089,0.8816666666666668,0.5555555555555556,10,10,1.0,0.005801746156066656,2.142857142857143,RH2
timeseries,0,2026-10-05T11:32:36,nodeC027,3.11.9,unknown,13155603,13429,2014-10-22,0,0,0.7939770221710205,gradient_shap,attribution,14,140,0.29277139891195103,1.0,0.7515881073846683,0.6374183006535948,0.4,10,10,0.47368421052631576,0.0030247950926423073,1.5,RH2
timeseries,0,2026-10-05T11:32:36,nodeC027,3.11.9,unknown,13155603,13429,2014-10-22,0,0,0.7939770221710205,lime,attribution,14,140,0.19508691869901365,0.64,0.6535506896182758,0.85,0.4,10,10,1.0,0.01959751918911934,1.3571428571428572,Rain
timeseries,0,2026-10-05T11:32:36,nodeC027,3.11.9,unknown,13155603,13429,2014-10-22,0,0,0.7939770221710205,random,attribution,14,140,0.0,0.58,0.32592890831757404,0.06716239316239317,0.0,10,10,0.037037037037037035,1.237494871020317e-05,6.5,RH2
timeseries,0,2026-10-05T11:32:36,nodeC027,3.11.9,unknown,13155603,13444,2014-11-06,0,0,0.9939917922019958,integrated_gradients,attribution,14,140,0.21076394416905553,1.0,0.7808880604532495,0.9333333333333333,0.6470588235294118,10,10,1.0,0.07089954102411866,3.7142857142857144,MaxT
timeseries,0,2026-10-05T11:32:36,nodeC027,3.11.9,unknown,13155603,13444,2014-11-06,0,0,0.9939917922019958,gradient_shap,attribution,14,140,0.2550112239351203,1.0,0.7687174723459118,0.6759305125558995,0.47368421052631576,10,10,0.6470588235294118,0.003015343099832535,2.857142857142857,MaxT
timeseries,0,2026-10-05T11:32:36,nodeC027,3.11.9,unknown,13155603,13444,2014-11-06,0,0,0.9939917922019958,lime,attribution,14,140,0.15230995390795923,1.0,0.676903398901805,0.975,0.5555555555555556,10,10,0.75,0.015694005880504847,5.071428571428571,MaxT
timeseries,0,2026-10-05T11:32:36,nodeC027,3.11.9,unknown,13155603,13444,2014-11-06,0,0,0.9939917922019958,random,attribution,14,140,0.0,0.61,0.2955746871666819,0.06559544159544159,0.0,10,10,0.037037037037037035,1.3023149222135544e-05,7.928571428571429,Wind
timeseries,0,2026-10-05T11:32:36,nodeC027,3.11.9,unknown,13155603,13462,2014-11-24,0,0,0.9517546892166138,integrated_gradients,attribution,14,140,0.19670913840697093,1.0,0.7229659090736382,0.8700000000000001,0.6470588235294118,10,10,1.0,0.005818899720907211,2.9285714285714284,MaxT
timeseries,0,2026-10-05T11:32:36,nodeC027,3.11.9,unknown,13155603,13462,2014-11-24,0,0,0.9517546892166138,gradient_shap,attribution,14,140,0.3053704224891679,0.87,0.7529641127678466,0.6755211558307535,0.47368421052631576,10,10,0.6470588235294118,0.0030503650195896626,1.8571428571428572,MaxT
timeseries,0,2026-10-05T11:32:36,nodeC027,3.11.9,unknown,13155603,13462,2014-11-24,0,0,0.9517546892166138,lime,attribution,14,140,0.11882067115845808,0.95,0.6342614349060343,1.0,0.75,10,10,0.75,0.01109440578147769,3.642857142857143,Wind
timeseries,0,2026-10-05T11:32:36,nodeC027,3.11.9,unknown,13155603,13462,2014-11-24,0,0,0.9517546892166138,random,attribution,14,140,0.0,0.58,0.29317701865915313,0.06588034188034189,0.0,10,10,0.07692307692307693,1.2330245226621628e-05,6.642857142857143,RH1
timeseries,0,2026-10-05T11:32:36,nodeC027,3.11.9,unknown,13155603,13468,2014-11-30,0,0,0.9646116495132446,integrated_gradients,attribution,14,140,0.1451175141492896,1.0,0.7561868660944774,0.96,0.6470588235294118,10,10,1.0,0.005781908053904772,2.857142857142857,Wind
timeseries,0,2026-10-05T11:32:36,nodeC027,3.11.9,unknown,13155603,13468,2014-11-30,0,0,0.9646116495132446,gradient_shap,attribution,14,140,0.17610834196661315,1.0,0.7675337626982598,0.6055211558307534,0.4,10,10,0.47368421052631576,0.003011074848473072,1.7857142857142858,Wind
timeseries,0,2026-10-05T11:32:36,nodeC027,3.11.9,unknown,13155603,13468,2014-11-30,0,0,0.9646116495132446,lime,attribution,14,140,0.10875701903259728,0.96,0.6617164186221296,0.85,0.4,10,10,1.0,0.012145573273301125,3.0714285714285716,Wind
timeseries,0,2026-10-05T11:32:36,nodeC027,3.11.9,unknown,13155603,13468,2014-11-30,0,0,0.9646116495132446,random,attribution,14,140,0.0,0.6,0.31635009335689146,0.07823931623931624,0.0,10,10,0.037037037037037035,1.2162141501903534e-05,6.357142857142857,SSH
timeseries,0,2026-10-05T11:32:36,nodeC027,3.11.9,unknown,13155603,13476,2014-12-08,0,0,0.997097373008728,integrated_gradients,attribution,14,140,0.23435208068042848,1.0,0.8270758137193218,0.9483333333333335,0.5555555555555556,10,10,1.0,0.025194728281348944,0.5714285714285714,MinT
timeseries,0,2026-10-05T11:32:36,nodeC027,3.11.9,unknown,13155603,13476,2014-12-08,0,0,0.997097373008728,gradient_shap,attribution,14,140,0.1831840692642349,1.0,0.8206579530425281,0.5740006879944961,0.3333333333333333,10,10,0.5555555555555556,0.0030304365791380405,1.1428571428571428,MinT
timeseries,0,2026-10-05T11:32:36,nodeC027,3.11.9,unknown,13155603,13476,2014-12-08,0,0,0.997097373008728,lime,attribution,14,140,0.1715287630380647,1.0,0.6727408619408803,0.8305555555555555,0.5555555555555556,10,10,1.0,0.012008760124444962,2.2142857142857144,Wind
timeseries,0,2026-10-05T11:32:36,nodeC027,3.11.9,unknown,13155603,13476,2014-12-08,0,0,0.997097373008728,random,attribution,14,140,0.0,0.69,0.3231407898494758,0.08120921590486807,0.0,10,10,0.0,1.2696720659732819e-05,7.642857142857143,SSH
timeseries,0,2026-10-05T11:32:36,nodeC027,3.11.9,unknown,13155603,13485,2014-12-17,0,0,0.700660228729248,integrated_gradients,attribution,14,140,0.08984155680822871,0.67,0.7476650867352186,0.9333333333333333,0.5555555555555556,10,10,1.0,0.07072431780397892,0.6428571428571429,MinT
timeseries,0,2026-10-05T11:32:36,nodeC027,3.11.9,unknown,13155603,13485,2014-12-17,0,0,0.700660228729248,gradient_shap,attribution,14,140,0.0,0.58,0.7374842202225802,0.6823357413140695,0.47368421052631576,10,10,0.6470588235294118,0.0030149598605930805,0.7857142857142857,MinT
timeseries,0,2026-10-05T11:32:36,nodeC027,3.11.9,unknown,13155603,13485,2014-12-17,0,0,0.700660228729248,lime,attribution,14,140,0.0,0.73,0.6512514548025568,0.825,0.4,10,10,1.0,0.011147156823426485,1.0714285714285714,RH2
timeseries,0,2026-10-05T11:32:36,nodeC027,3.11.9,unknown,13155603,13485,2014-12-17,0,0,0.700660228729248,random,attribution,14,140,0.0229417323231189,0.66,0.3244353707168379,0.06655840455840453,0.0,10,10,0.0,1.2764707207679749e-05,7.142857142857143,RH1
timeseries,0,2026-10-05T11:32:36,nodeC027,3.11.9,unknown,13155603,13489,2014-12-21,0,0,0.9982935786247253,integrated_gradients,attribution,14,140,0.27341661717492943,1.0,0.8103259574293935,0.9083333333333334,0.6470588235294118,10,10,1.0,0.005809219088405371,1.5714285714285714,MaxT
timeseries,0,2026-10-05T11:32:36,nodeC027,3.11.9,unknown,13155603,13489,2014-12-21,0,0,0.9982935786247253,gradient_shap,attribution,14,140,0.2152451427693572,1.0,0.8026139682055655,0.6116013071895425,0.47368421052631576,10,10,0.8666666666666667,0.0030074911192059517,2.2142857142857144,MaxT
timeseries,0,2026-10-05T11:32:36,nodeC027,3.11.9,unknown,13155603,13489,2014-12-21,0,0,0.9982935786247253,lime,attribution,14,140,0.18373579813031393,1.0,0.6268348731627903,1.0,0.5555555555555556,10,10,0.75,0.011891101021319628,2.5,MaxT
timeseries,0,2026-10-05T11:32:36,nodeC027,3.11.9,unknown,13155603,13489,2014-12-21,0,0,0.9982935786247253,random,attribution,14,140,0.0,0.56,0.33058615266297253,0.041880341880341884,0.0,10,10,0.037037037037037035,1.2201257050037384e-05,6.5,Evap
timeseries,0,2026-10-05T11:32:36,nodeC027,3.11.9,unknown,13155603,13543,2015-02-13,0,0,0.9766075015068054,integrated_gradients,attribution,14,140,0.3278108217059089,1.0,0.8182293716979044,0.7849999999999999,0.4,10,10,1.0,0.005780448205769062,1.0,Wind
timeseries,0,2026-10-05T11:32:36,nodeC027,3.11.9,unknown,13155603,13543,2015-02-13,0,0,0.9766075015068054,gradient_shap,attribution,14,140,0.3950420375525908,1.0,0.8258901335719736,0.695374957000344,0.47368421052631576,10,10,0.4,0.003027456346899271,1.1428571428571428,RH2
timeseries,0,2026-10-05T11:32:36,nodeC027,3.11.9,unknown,13155603,13543,2015-02-13,0,0,0.9766075015068054,lime,attribution,14,140,0.2852164710427467,1.0,0.7353259172060371,0.85,0.4,10,10,0.75,0.011294845957309008,0.7857142857142857,Wind
timeseries,0,2026-10-05T11:32:36,nodeC027,3.11.9,unknown,13155603,13543,2015-02-13,0,0,0.9766075015068054,random,attribution,14,140,0.004003477622948894,0.52,0.3376246852780005,0.05327635327635327,0.0,10,10,0.037037037037037035,1.1876225471496582e-05,5.857142857142857,Evap
timeseries,0,2026-10-05T11:32:36,nodeC027,3.11.9,unknown,13155603,13546,2015-02-16,0,0,0.9983183145523071,integrated_gradients,attribution,14,140,0.2614782659886243,1.0,0.838271263384508,0.9333333333333333,0.5555555555555556,10,10,1.0,0.0057916040532290936,1.6428571428571428,MinT
timeseries,0,2026-10-05T11:32:36,nodeC027,3.11.9,unknown,13155603,13546,2015-02-16,0,0,0.9983183145523071,gradient_shap,attribution,14,140,0.2021380139545031,1.0,0.8220568786134215,0.7031527347781219,0.47368421052631576,10,10,0.5555555555555556,0.0030188257806003094,1.7857142857142858,RH2
timeseries,0,2026-10-05T11:32:36,nodeC027,3.11.9,unknown,13155603,13546,2015-02-16,0,0,0.9983183145523071,lime,attribution,14,140,0.2158404423141152,1.0,0.7112103995100842,0.9,0.4,10,10,0.5555555555555556,0.012443083804100752,2.2142857142857144,MinT
timeseries,0,2026-10-05T11:32:36,nodeC027,3.11.9,unknown,13155603,13546,2015-02-16,0,0,0.9983183145523071,random,attribution,14,140,0.003610901712233362,0.7,0.33850933848958376,0.053880341880341874,0.0,10,10,0.037037037037037035,1.306319609284401e-05,5.214285714285714,RH1
timeseries,0,2026-10-05T11:32:36,nodeC027,3.11.9,unknown,13155603,13557,2015-02-27,0,0,0.9867715239524841,integrated_gradients,attribution,14,140,0.33454034021901297,1.0,0.7643090610517072,0.9733333333333334,0.5555555555555556,10,10,1.0,0.07405049307271838,1.2857142857142858,MinT
timeseries,0,2026-10-05T11:32:36,nodeC027,3.11.9,unknown,13155603,13557,2015-02-27,0,0,0.9867715239524841,gradient_shap,attribution,14,140,0.31737276277527704,1.0,0.8196941415719347,0.8527450980392157,0.6470588235294118,10,10,0.8666666666666667,0.0030160928145051003,0.7142857142857143,RH2
timeseries,0,2026-10-05T11:32:36,nodeC027,3.11.9,unknown,13155603,13557,2015-02-27,0,0,0.9867715239524841,lime,attribution,14,140,0.31632113434284426,1.0,0.6955561600227977,0.7416666666666666,0.2727272727272727,10,10,0.75,0.0110771250911057,2.5,RH2
timeseries,0,2026-10-05T11:32:36,nodeC027,3.11.9,unknown,13155603,13557,2015-02-27,0,0,0.9867715239524841,random,attribution,14,140,0.02367347885511067,0.75,0.3145239478365718,0.037606837606837605,0.0,10,10,0.07692307692307693,1.254212111234665e-05,6.642857142857143,RH2
timeseries,0,2026-10-05T11:32:36,nodeC027,3.11.9,unknown,13155603,13565,2015-03-07,1,1,0.761570394039154,integrated_gradients,attribution,14,140,0.3833270420960863,0.74,0.70517176949428,0.8966666666666667,0.5555555555555556,10,10,1.0,0.005839796271175146,2.2857142857142856,RH2
timeseries,0,2026-10-05T11:32:36,nodeC027,3.11.9,unknown,13155603,13565,2015-03-07,1,1,0.761570394039154,gradient_shap,attribution,14,140,0.6041487650769573,0.88,0.7456674459076307,0.7140849673202615,0.3333333333333333,10,10,0.75,0.003026779741048813,0.9285714285714286,MinT
timeseries,0,2026-10-05T11:32:36,nodeC027,3.11.9,unknown,13155603,13565,2015-03-07,1,1,0.761570394039154,lime,attribution,14,140,0.39485507235601136,0.5,0.7158193831003863,0.825,0.4,10,10,0.75,0.022964520379900932,3.0714285714285716,RH2
timeseries,0,2026-10-05T11:32:36,nodeC027,3.11.9,unknown,13155603,13565,2015-03-07,1,1,0.761570394039154,random,attribution,14,140,0.0,0.37,0.32355428547072684,0.0339031339031339,0.0,10,10,0.07692307692307693,1.230090856552124e-05,8.214285714285714,Wind
timeseries,0,2026-10-05T11:32:36,nodeC027,3.11.9,unknown,13155603,13566,2015-03-08,1,1,0.6043857336044312,integrated_gradients,attribution,14,140,0.33048350527766024,0.72,0.7330635684768041,0.9333333333333333,0.6470588235294118,10,10,1.0,0.005801871884614229,2.5,RH2
timeseries,0,2026-10-05T11:32:36,nodeC027,3.11.9,unknown,13155603,13566,2015-03-08,1,1,0.6043857336044312,gradient_shap,attribution,14,140,0.2560041953035086,0.75,0.7790688010966115,0.7113398692810458,0.5555555555555556,10,10,0.6470588235294118,0.003015391994267702,2.642857142857143,RH2
timeseries,0,2026-10-05T11:32:36,nodeC027,3.11.9,unknown,13155603,13566,2015-03-08,1,1,0.6043857336044312,lime,attribution,14,140,0.5276742594362277,0.82,0.702302028301391,1.0,0.75,10,10,1.0,0.011796859093010426,1.0714285714285714,RH2
timeseries,0,2026-10-05T11:32:36,nodeC027,3.11.9,unknown,13155603,13566,2015-03-08,1,1,0.6043857336044312,random,attribution,14,140,0.0,0.21,0.3472048238231529,0.0661994301994302,0.0,10,10,0.037037037037037035,1.2699980288743973e-05,6.142857142857143,Rain
timeseries,0,2026-10-05T11:32:36,nodeC027,3.11.9,unknown,13155603,13588,2015-03-30,0,0,0.7509733438491821,integrated_gradients,attribution,14,140,0.32551101090049706,1.0,0.7522038622748721,0.9066666666666666,0.5555555555555556,10,10,1.0,0.005768799223005772,0.6428571428571429,RH2
timeseries,0,2026-10-05T11:32:36,nodeC027,3.11.9,unknown,13155603,13588,2015-03-30,0,0,0.7509733438491821,gradient_shap,attribution,14,140,0.30317204796923497,0.99,0.7847304846987349,0.7321568627450981,0.5555555555555556,10,10,0.75,0.0030129579827189445,0.7142857142857143,RH2
timeseries,0,2026-10-05T11:32:36,nodeC027,3.11.9,unknown,13155603,13588,2015-03-30,0,0,0.7509733438491821,lime,attribution,14,140,0.25768280345754135,0.98,0.6979204393631266,0.95,0.5555555555555556,10,10,1.0,0.019891303963959217,0.7857142857142857,RH2
timeseries,0,2026-10-05T11:32:36,nodeC027,3.11.9,unknown,13155603,13588,2015-03-30,0,0,0.7509733438491821,random,attribution,14,140,0.039360859962845385,0.64,0.3020347878547991,0.0459031339031339,0.0,10,10,0.07692307692307693,1.2463890016078949e-05,6.428571428571429,Rain
timeseries,0,2026-10-05T11:32:36,nodeC027,3.11.9,unknown,13155603,13610,2015-04-21,0,0,0.5350515842437744,integrated_gradients,attribution,14,140,0.0,0.58,0.8170950693878494,0.9333333333333333,0.75,10,10,1.0,0.0059334151446819305,1.2857142857142858,MaxT
timeseries,0,2026-10-05T11:32:36,nodeC027,3.11.9,unknown,13155603,13610,2015-04-21,0,0,0.5350515842437744,gradient_shap,attribution,14,140,0.0,0.55,0.7946167615476589,0.7438235294117648,0.5555555555555556,10,10,0.8666666666666667,0.003003224730491638,0.42857142857142855,MaxT
timeseries,0,2026-10-05T11:32:36,nodeC027,3.11.9,unknown,13155603,13610,2015-04-21,0,0,0.5350515842437744,lime,attribution,14,140,0.0,0.73,0.7756161338205962,1.0,0.5555555555555556,10,10,1.0,0.012594721745699644,1.3571428571428572,RH2
timeseries,0,2026-10-05T11:32:36,nodeC027,3.11.9,unknown,13155603,13610,2015-04-21,0,0,0.5350515842437744,random,attribution,14,140,0.0,0.6,0.347217095280006,0.031088319088319088,0.037037037037037035,10,10,0.037037037037037035,1.2573320418596268e-05,5.5,SSH
timeseries,0,2026-10-05T11:32:36,nodeC027,3.11.9,unknown,13155603,13615,2015-04-26,0,0,0.5339703559875488,integrated_gradients,attribution,14,140,0.0,0.64,0.8225981254383663,0.9200000000000002,0.6470588235294118,10,10,1.0,0.005793588235974312,1.2857142857142858,MaxT
timeseries,0,2026-10-05T11:32:36,nodeC027,3.11.9,unknown,13155603,13615,2015-04-26,0,0,0.5339703559875488,gradient_shap,attribution,14,140,0.0,0.6,0.79458208471315,0.6584967320261439,0.47368421052631576,10,10,0.75,0.0030104131437838078,1.4285714285714286,MaxT
timeseries,0,2026-10-05T11:32:36,nodeC027,3.11.9,unknown,13155603,13615,2015-04-26,0,0,0.5339703559875488,lime,attribution,14,140,0.0,0.58,0.777070353064555,0.975,0.5555555555555556,10,10,1.0,0.011142035946249962,0.5,MaxT
timeseries,0,2026-10-05T11:32:36,nodeC027,3.11.9,unknown,13155603,13615,2015-04-26,0,0,0.5339703559875488,random,attribution,14,140,0.0,0.72,0.3191684780827412,0.04957264957264958,0.0,10,10,0.12,1.1708121746778488e-05,8.0,FAO56_ET
timeseries,0,2026-10-05T11:32:36,nodeC027,3.11.9,unknown,13155603,13618,2015-04-29,0,0,0.5370423793792725,integrated_gradients,attribution,14,140,0.0,0.6,0.8349357917417928,0.8683333333333334,0.5555555555555556,10,10,1.0,0.0057899528183043,1.6428571428571428,MaxT
timeseries,0,2026-10-05T11:32:36,nodeC027,3.11.9,unknown,13155603,13618,2015-04-29,0,0,0.5370423793792725,gradient_shap,attribution,14,140,0.0,0.75,0.821843401724202,0.7994117647058824,0.6470588235294118,10,10,0.8666666666666667,0.0030017797835171223,0.7857142857142857,MaxT
timeseries,0,2026-10-05T11:32:36,nodeC027,3.11.9,unknown,13155603,13618,2015-04-29,0,0,0.5370423793792725,lime,attribution,14,140,0.0,0.66,0.8047632712601164,0.95,0.75,10,10,1.0,0.011127782985568047,0.5,MaxT
timeseries,0,2026-10-05T11:32:36,nodeC027,3.11.9,unknown,13155603,13618,2015-04-29,0,0,0.5370423793792725,random,attribution,14,140,0.004707729435356594,0.55,0.3502915155562948,0.04989173789173789,0.0,10,10,0.07692307692307693,1.2013129889965057e-05,6.714285714285714,Wind
timeseries,0,2026-10-05T11:32:36,nodeC027,3.11.9,unknown,13155603,13651,2015-06-01,0,0,0.5611421465873718,integrated_gradients,attribution,14,140,0.11576257145567276,0.67,0.8247221495000141,0.8816666666666666,0.75,10,10,1.0,0.005792877171188593,0.8571428571428571,MaxT
timeseries,0,2026-10-05T11:32:36,nodeC027,3.11.9,unknown,13155603,13651,2015-06-01,0,0,0.5611421465873718,gradient_shap,attribution,14,140,0.0,0.69,0.8018467362907719,0.7410784313725489,0.5555555555555556,10,10,0.75,0.0030115842819213867,0.5714285714285714,MaxT
timeseries,0,2026-10-05T11:32:36,nodeC027,3.11.9,unknown,13155603,13651,2015-06-01,0,0,0.5611421465873718,lime,attribution,14,140,0.051812950858381564,0.58,0.8020409687236204,0.925,0.75,10,10,0.75,0.01113653602078557,1.3571428571428572,MinT
timeseries,0,2026-10-05T11:32:36,nodeC027,3.11.9,unknown,13155603,13651,2015-06-01,0,0,0.5611421465873718,random,attribution,14,140,0.30057567112858885,0.66,0.35162605033063965,0.037891737891737894,0.0,10,10,0.0,1.2116972357034683e-05,7.357142857142857,MinT
timeseries,0,2026-10-05T11:32:36,nodeC027,3.11.9,unknown,13155603,13658,2015-06-08,1,1,0.7356684803962708,integrated_gradients,attribution,14,140,0.35437690789419846,0.95,0.8035135459810844,0.9866666666666667,0.6470588235294118,10,10,1.0,0.005772989708930254,1.5,MaxT
timeseries,0,2026-10-05T11:32:36,nodeC027,3.11.9,unknown,13155603,13658,2015-06-08,1,1,0.7356684803962708,gradient_shap,attribution,14,140,0.5365909770565355,0.93,0.7688455594849886,0.561045751633987,0.4,10,10,0.4,0.0030205780640244484,2.142857142857143,MaxT
timeseries,0,2026-10-05T11:32:36,nodeC027,3.11.9,unknown,13155603,13658,2015-06-08,1,1,0.7356684803962708,lime,attribution,14,140,0.3061701025945457,0.83,0.7606876596183318,0.925,0.2727272727272727,10,10,1.0,0.01109208120033145,0.7857142857142857,MinT
timeseries,0,2026-10-05T11:32:36,nodeC027,3.11.9,unknown,13155603,13658,2015-06-08,1,1,0.7356684803962708,random,attribution,14,140,0.0,0.34,0.32560281110350875,0.025925925925925925,0.0,10,10,0.037037037037037035,1.2218020856380463e-05,4.785714285714286,Wind
timeseries,0,2026-10-05T11:32:36,nodeC027,3.11.9,unknown,13155603,13664,2015-06-14,1,1,0.8586298227310181,integrated_gradients,attribution,14,140,0.4172484269460282,1.0,0.8311574769265625,0.8933333333333333,0.75,10,10,1.0,0.005788543727248907,0.9285714285714286,MaxT
timeseries,0,2026-10-05T11:32:36,nodeC027,3.11.9,unknown,13155603,13664,2015-06-14,1,1,0.8586298227310181,gradient_shap,attribution,14,140,0.48240078837004247,1.0,0.8099750387647802,0.7630392156862745,0.5555555555555556,10,10,0.8666666666666667,0.003014759160578251,0.9285714285714286,MaxT
timeseries,0,2026-10-05T11:32:36,nodeC027,3.11.9,unknown,13155603,13664,2015-06-14,1,1,0.8586298227310181,lime,attribution,14,140,0.2749129528903639,1.0,0.7615232670625434,1.0,0.75,10,10,1.0,0.011989574879407883,0.7857142857142857,MinT
timeseries,0,2026-10-05T11:32:36,nodeC027,3.11.9,unknown,13155603,13664,2015-06-14,1,1,0.8586298227310181,random,attribution,14,140,0.01685817100204937,0.51,0.31266972443105656,0.041880341880341884,0.0,10,10,0.12,1.2168660759925842e-05,5.5,RH1
timeseries,0,2026-10-05T11:32:36,nodeC027,3.11.9,unknown,13155603,13669,2015-06-19,1,1,0.8305144906044006,integrated_gradients,attribution,14,140,0.5308509119710377,1.0,0.7829865246302691,0.8949999999999999,0.75,10,10,1.0,0.06999469827860594,0.9285714285714286,RH2
timeseries,0,2026-10-05T11:32:36,nodeC027,3.11.9,unknown,13155603,13669,2015-06-19,1,1,0.8305144906044006,gradient_shap,attribution,14,140,0.5479326376636937,1.0,0.787878815444243,0.8683333333333334,0.75,10,10,0.8666666666666667,0.003023246768862009,0.7857142857142857,RH2
timeseries,0,2026-10-05T11:32:36,nodeC027,3.11.9,unknown,13155603,13669,2015-06-19,1,1,0.8305144906044006,lime,attribution,14,140,0.34620364509953944,0.92,0.6908091938631593,1.0,0.5555555555555556,10,10,1.0,0.011079165618866682,1.6428571428571428,RH2
timeseries,0,2026-10-05T11:32:36,nodeC027,3.11.9,unknown,13155603,13669,2015-06-19,1,1,0.8305144906044006,random,attribution,14,140,0.0,0.32,0.3320718721521492,0.03447293447293447,0.0,10,10,0.0,1.2897886335849762e-05,5.571428571428571,Rain
timeseries,0,2026-10-05T11:32:36,nodeC027,3.11.9,unknown,13155603,13672,2015-06-22,1,1,0.8667941689491272,integrated_gradients,attribution,14,140,0.4434331749939642,1.0,0.7906025046140119,0.9199999999999999,0.6470588235294118,10,10,1.0,0.005789089947938919,0.7857142857142857,RH2
timeseries,0,2026-10-05T11:32:36,nodeC027,3.11.9,unknown,13155603,13672,2015-06-22,1,1,0.8667941689491272,gradient_shap,attribution,14,140,0.43297014459724753,1.0,0.7910213099729297,0.8347058823529412,0.75,10,10,0.75,0.003005538135766983,0.5714285714285714,RH2
timeseries,0,2026-10-05T11:32:36,nodeC027,3.11.9,unknown,13155603,13672,2015-06-22,1,1,0.8667941689491272,lime,attribution,14,140,0.438630251568638,1.0,0.6906169709853089,0.8555555555555555,0.4,10,10,1.0,0.012047628872096539,1.3571428571428572,RH2
timeseries,0,2026-10-05T11:32:36,nodeC027,3.11.9,unknown,13155603,13672,2015-06-22,1,1,0.8667941689491272,random,attribution,14,140,0.0,0.31,0.3307908847004981,0.05854700854700855,0.0,10,10,0.07692307692307693,1.1828728020191193e-05,7.5,RH1
timeseries,0,2026-10-05T11:32:36,nodeC027,3.11.9,unknown,13155603,13701,2015-07-21,1,1,0.8253402709960938,integrated_gradients,attribution,14,140,0.42308068398210374,0.93,0.8118250544269817,0.9466666666666667,0.6470588235294118,10,10,1.0,0.005805667955428362,1.2142857142857142,RH2
timeseries,0,2026-10-05T11:32:36,nodeC027,3.11.9,unknown,13155603,13701,2015-07-21,1,1,0.8253402709960938,gradient_shap,attribution,14,140,0.36076166296138806,0.89,0.7797818934344029,0.5366649466804266,0.47368421052631576,10,10,0.5555555555555556,0.003108880016952753,2.0,MaxT
timeseries,0,2026-10-05T11:32:36,nodeC027,3.11.9,unknown,13155603,13701,2015-07-21,1,1,0.8253402709960938,lime,attribution,14,140,0.35005349929283874,0.9,0.7546101756710432,0.8055555555555556,0.5555555555555556,10,10,1.0,0.012185956351459026,1.0714285714285714,MinT
timeseries,0,2026-10-05T11:32:36,nodeC027,3.11.9,unknown,13155603,13701,2015-07-21,1,1,0.8253402709960938,random,attribution,14,140,0.05961018601114819,0.45,0.3374603835928439,0.04715099715099715,0.0,10,10,0.0,1.3259239494800568e-05,7.357142857142857,RH2
timeseries,0,2026-10-05T11:32:36,nodeC027,3.11.9,unknown,13155603,13722,2015-08-11,1,1,0.8285831212997437,integrated_gradients,attribution,14,140,0.5072173372337788,1.0,0.8322174592729088,0.8200000000000001,0.75,10,10,1.0,0.0058017391711473465,0.6428571428571429,RH2
timeseries,0,2026-10-05T11:32:36,nodeC027,3.11.9,unknown,13155603,13722,2015-08-11,1,1,0.8285831212997437,gradient_shap,attribution,14,140,0.6228774134941737,1.0,0.8084223050808075,0.733529411764706,0.6470588235294118,10,10,0.8666666666666667,0.0032572844065725803,0.7142857142857143,RH2
timeseries,0,2026-10-05T11:32:36,nodeC027,3.11.9,unknown,13155603,13722,2015-08-11,1,1,0.8285831212997437,lime,attribution,14,140,0.37110006403709345,1.0,0.7289342305626941,0.9,0.5555555555555556,10,10,1.0,0.011145533993840218,0.7857142857142857,MinT
timeseries,0,2026-10-05T11:32:36,nodeC027,3.11.9,unknown,13155603,13722,2015-08-11,1,1,0.8285831212997437,random,attribution,14,140,0.013755242488517996,0.42,0.33287629037795086,0.044246252941905116,0.0,10,10,0.12,1.3304874300956726e-05,5.357142857142857,FAO56_ET
timeseries,0,2026-10-05T11:32:36,nodeC027,3.11.9,unknown,13155603,13732,2015-08-21,1,1,0.8973501920700073,integrated_gradients,attribution,14,140,0.6526481367898241,0.96,0.7261702588522994,0.9866666666666667,0.75,10,10,1.0,0.005800906103104353,2.2857142857142856,RH2
timeseries,0,2026-10-05T11:32:36,nodeC027,3.11.9,unknown,13155603,13732,2015-08-21,1,1,0.8973501920700073,gradient_shap,attribution,14,140,0.6459933877284135,0.96,0.7197779649438368,0.8433333333333334,0.6470588235294118,10,10,0.75,0.0032090721651911736,2.0,RH2
timeseries,0,2026-10-05T11:32:36,nodeC027,3.11.9,unknown,13155603,13732,2015-08-21,1,1,0.8973501920700073,lime,attribution,14,140,0.6026537760980742,0.94,0.6458477231214277,0.85,0.5555555555555556,10,10,1.0,0.011186305899173021,1.6428571428571428,RH2
timeseries,0,2026-10-05T11:32:36,nodeC027,3.11.9,unknown,13155603,13732,2015-08-21,1,1,0.8973501920700073,random,attribution,14,140,0.04324087391875065,0.37,0.28600309088558085,0.0339031339031339,0.0,10,10,0.037037037037037035,1.2395903468132019e-05,7.357142857142857,RH1
timeseries,0,2026-10-05T11:32:36,nodeC027,3.11.9,unknown,13155603,13734,2015-08-23,1,1,0.790062427520752,integrated_gradients,attribution,14,140,0.5968031198378158,0.87,0.7002148066966754,0.9466666666666667,0.75,10,10,1.0,0.06983602698892355,2.7857142857142856,RH2
timeseries,0,2026-10-05T11:32:36,nodeC027,3.11.9,unknown,13155603,13734,2015-08-23,1,1,0.790062427520752,gradient_shap,attribution,14,140,0.719896336852194,0.96,0.712725263247703,0.7541176470588236,0.47368421052631576,10,10,1.0,0.0030279713682830334,2.7142857142857144,RH2
timeseries,0,2026-10-05T11:32:36,nodeC027,3.11.9,unknown,13155603,13734,2015-08-23,1,1,0.790062427520752,lime,attribution,14,140,0.7045684783638656,0.81,0.6585815121296731,0.975,0.75,10,10,1.0,0.011032556183636189,3.9285714285714284,RH2
timeseries,0,2026-10-05T11:32:36,nodeC027,3.11.9,unknown,13155603,13734,2015-08-23,1,1,0.790062427520752,random,attribution,14,140,0.0,0.43,0.3418448473756184,0.04618803418803419,0.0,10,10,0.037037037037037035,1.1984258890151978e-05,6.214285714285714,Wind
timeseries,0,2026-10-05T11:32:36,nodeC027,3.11.9,unknown,13155603,13788,2015-10-16,0,0,0.8162792325019836,integrated_gradients,attribution,14,140,0.3261242712885745,0.81,0.7520896801788702,0.8433333333333334,0.5555555555555556,10,10,1.0,0.07385678635910153,0.9285714285714286,Wind
timeseries,0,2026-10-05T11:32:36,nodeC027,3.11.9,unknown,13155603,13788,2015-10-16,0,0,0.8162792325019836,gradient_shap,attribution,14,140,0.29557660654960943,1.0,0.7896279002058815,0.7747058823529411,0.47368421052631576,10,10,0.75,0.002984364051371813,0.7142857142857143,MinT
timeseries,0,2026-10-05T11:32:36,nodeC027,3.11.9,unknown,13155603,13788,2015-10-16,0,0,0.8162792325019836,lime,attribution,14,140,0.25165753394349266,0.99,0.6808472308388118,0.8305555555555555,0.4,10,10,1.0,0.011058131232857704,1.3571428571428572,Wind
timeseries,0,2026-10-05T11:32:36,nodeC027,3.11.9,unknown,13155603,13788,2015-10-16,0,0,0.8162792325019836,random,attribution,14,140,0.3469716776903624,0.74,0.33430260899212105,0.05419943019943019,0.0,10,10,0.0,1.235026866197586e-05,7.571428571428571,MaxT
timeseries,0,2026-10-05T11:32:36,nodeC027,3.11.9,unknown,13155603,13795,2015-10-23,0,0,0.8285514712333679,integrated_gradients,attribution,14,140,0.32581205654039586,1.0,0.7564645051781097,0.8583333333333334,0.5555555555555556,10,10,1.0,0.07044125022366643,1.5714285714285714,Wind
timeseries,0,2026-10-05T11:32:36,nodeC027,3.11.9,unknown,13155603,13795,2015-10-23,0,0,0.8285514712333679,gradient_shap,attribution,14,140,0.3336611085401136,0.99,0.7603028494910378,0.7777450980392157,0.6470588235294118,10,10,0.5555555555555556,0.003020952921360731,0.5,MinT
timeseries,0,2026-10-05T11:32:36,nodeC027,3.11.9,unknown,13155603,13795,2015-10-23,0,0,0.8285514712333679,lime,attribution,14,140,0.21686995132002237,0.92,0.694652010115507,0.875,0.5555555555555556,10,10,1.0,0.011202191933989525,2.5,Wind
timeseries,0,2026-10-05T11:32:36,nodeC027,3.11.9,unknown,13155603,13795,2015-10-23,0,0,0.8285514712333679,random,attribution,14,140,0.0,0.59,0.3331283896987829,0.05698005698005697,0.0,10,10,0.037037037037037035,1.3251788914203644e-05,6.714285714285714,MaxT
timeseries,0,2026-10-05T11:32:36,nodeC027,3.11.9,unknown,13155603,13812,2015-11-09,0,0,0.6174289584159851,integrated_gradients,attribution,14,140,0.0,0.76,0.7090991736755266,0.8613725490196078,0.5555555555555556,10,10,1.0,0.005799305159598589,2.142857142857143,Wind
timeseries,0,2026-10-05T11:32:36,nodeC027,3.11.9,unknown,13155603,13812,2015-11-09,0,0,0.6174289584159851,gradient_shap,attribution,14,140,0.0,0.76,0.6788279076925797,0.5366649466804266,0.4,10,10,0.5555555555555556,0.003113056067377329,2.7142857142857144,Wind
timeseries,0,2026-10-05T11:32:36,nodeC027,3.11.9,unknown,13155603,13812,2015-11-09,0,0,0.6174289584159851,lime,attribution,14,140,0.0,0.75,0.6448688082789729,0.8305555555555555,0.2727272727272727,10,10,1.0,0.011160722933709621,3.0714285714285716,Wind
timeseries,0,2026-10-05T11:32:36,nodeC027,3.11.9,unknown,13155603,13812,2015-11-09,0,0,0.6174289584159851,random,attribution,14,140,0.0009872823323379418,0.52,0.3342971531481411,0.04162962962962963,0.0,10,10,0.037037037037037035,1.2571923434734344e-05,5.5,Rain
timeseries,0,2026-10-05T11:32:36,nodeC027,3.11.9,unknown,13155603,13818,2015-11-15,0,0,0.9798979163169861,integrated_gradients,attribution,14,140,0.2746031179274839,1.0,0.8231080267470057,0.8683333333333334,0.47368421052631576,10,10,1.0,0.005786004010587931,3.2142857142857144,Wind
timeseries,0,2026-10-05T11:32:36,nodeC027,3.11.9,unknown,13155603,13818,2015-11-15,0,0,0.9798979163169861,gradient_shap,attribution,14,140,0.4000553164396578,1.0,0.8327998503774062,0.6932679738562093,0.6470588235294118,10,10,0.5555555555555556,0.002995514776557684,1.2857142857142858,RH2
timeseries,0,2026-10-05T11:32:36,nodeC027,3.11.9,unknown,13155603,13818,2015-11-15,0,0,0.9798979163169861,lime,attribution,14,140,0.21794306178014192,1.0,0.749825455808087,0.875,0.5555555555555556,10,10,0.75,0.011852257419377565,4.214285714285714,Wind
timeseries,0,2026-10-05T11:32:36,nodeC027,3.11.9,unknown,13155603,13818,2015-11-15,0,0,0.9798979163169861,random,attribution,14,140,0.0,0.58,0.31720076900432503,0.06157264957264956,0.0,10,10,0.07692307692307693,1.1819880455732346e-05,7.071428571428571,MinT
timeseries,0,2026-10-05T11:32:36,nodeC027,3.11.9,unknown,13155603,13837,2015-12-04,0,0,0.5563910603523254,integrated_gradients,attribution,14,140,0.0,0.37,0.7607669110134395,0.9466666666666667,0.75,10,10,1.0,0.0058161127381026745,2.142857142857143,RH2
timeseries,0,2026-10-05T11:32:36,nodeC027,3.11.9,unknown,13155603,13837,2015-12-04,0,0,0.5563910603523254,gradient_shap,attribution,14,140,0.0,0.29,0.7580836582353653,0.6504901960784314,0.5555555555555556,10,10,0.75,0.002990345936268568,2.2857142857142856,RH2
timeseries,0,2026-10-05T11:32:36,nodeC027,3.11.9,unknown,13155603,13837,2015-12-04,0,0,0.5563910603523254,lime,attribution,14,140,0.0,0.77,0.6771981826449462,0.875,0.5555555555555556,10,10,1.0,0.011783602181822062,2.2142857142857144,RH2
timeseries,0,2026-10-05T11:32:36,nodeC027,3.11.9,unknown,13155603,13837,2015-12-04,0,0,0.5563910603523254,random,attribution,14,140,0.0640663811868264,0.67,0.3274807010580435,0.05516239316239315,0.0,10,10,0.0,1.2133736163377762e-05,6.928571428571429,Rain
timeseries,0,2026-10-05T11:32:36,nodeC027,3.11.9,unknown,13155603,13863,2015-12-30,0,0,0.9985615611076355,integrated_gradients,attribution,14,140,0.3233919989532673,1.0,0.8627065326388494,0.9200000000000002,0.6470588235294118,10,10,1.0,0.0057716453447937965,1.0,MinT
timeseries,0,2026-10-05T11:32:36,nodeC027,3.11.9,unknown,13155603,13863,2015-12-30,0,0,0.9985615611076355,gradient_shap,attribution,14,140,0.1583230979038306,1.0,0.8187064577574704,0.5623340213278294,0.3333333333333333,10,10,0.6470588235294118,0.0029811421409249306,0.8571428571428571,MinT
timeseries,0,2026-10-05T11:32:36,nodeC027,3.11.9,unknown,13155603,13863,2015-12-30,0,0,0.9985615611076355,lime,attribution,14,140,0.19754101379429684,0.99,0.734944060330554,1.0,0.75,10,10,0.75,0.011140715796500444,2.5,MinT
timeseries,0,2026-10-05T11:32:36,nodeC027,3.11.9,unknown,13155603,13863,2015-12-30,0,0,0.9985615611076355,random,attribution,14,140,0.0,0.55,0.3360203275646647,0.041595441595441596,0.037037037037037035,10,10,0.07692307692307693,1.3180077075958252e-05,7.571428571428571,MaxT
timeseries,0,2026-10-05T11:32:36,nodeC027,3.11.9,unknown,13155603,13867,2016-01-03,0,0,0.9951080679893494,integrated_gradients,attribution,14,140,0.2248715090370894,1.0,0.844837947338026,0.9216666666666666,0.5555555555555556,10,10,1.0,0.0057981181889772415,1.7857142857142858,Wind
timeseries,0,2026-10-05T11:32:36,nodeC027,3.11.9,unknown,13155603,13867,2016-01-03,0,0,0.9951080679893494,gradient_shap,attribution,14,140,0.1916972499127441,1.0,0.7748198340906923,0.695374957000344,0.47368421052631576,10,10,0.5555555555555556,0.003014359623193741,1.7142857142857142,RH2
timeseries,0,2026-10-05T11:32:36,nodeC027,3.11.9,unknown,13155603,13867,2016-01-03,0,0,0.9951080679893494,lime,attribution,14,140,0.21224909544051224,0.97,0.7496504578219471,0.925,0.5555555555555556,10,10,1.0,0.01179098803550005,1.0714285714285714,MinT
timeseries,0,2026-10-05T11:32:36,nodeC027,3.11.9,unknown,13155603,13867,2016-01-03,0,0,0.9951080679893494,random,attribution,14,140,7.684869785182433e-05,0.61,0.37799596144611636,0.053880341880341874,0.0,10,10,0.0,1.244107261300087e-05,6.285714285714286,RH1
timeseries,0,2026-10-05T11:32:36,nodeC027,3.11.9,unknown,13155603,13875,2016-01-11,0,0,0.9924089908599854,integrated_gradients,attribution,14,140,0.250014654777878,1.0,0.8271596010207969,0.8950000000000001,0.5555555555555556,10,10,1.0,0.0703834411688149,1.0714285714285714,MinT
timeseries,0,2026-10-05T11:32:36,nodeC027,3.11.9,unknown,13155603,13875,2016-01-11,0,0,0.9924089908599854,gradient_shap,attribution,14,140,0.21352882246457328,1.0,0.800524222152154,0.5850808393532853,0.4,10,10,0.5555555555555556,0.0030019967816770077,5.071428571428571,RH2
timeseries,0,2026-10-05T11:32:36,nodeC027,3.11.9,unknown,13155603,13875,2016-01-11,0,0,0.9924089908599854,lime,attribution,14,140,0.22271178256153507,0.97,0.7241897924198818,0.9,0.5555555555555556,10,10,0.5555555555555556,0.011864794883877039,2.5,MinT
timeseries,0,2026-10-05T11:32:36,nodeC027,3.11.9,unknown,13155603,13875,2016-01-11,0,0,0.9924089908599854,random,attribution,14,140,0.009928251648962815,0.72,0.3437952349212059,0.046866096866096864,0.037037037037037035,10,10,0.037037037037037035,1.2621283531188965e-05,6.214285714285714,Radiation
timeseries,0,2026-10-05T11:32:36,nodeC027,3.11.9,unknown,13155603,13900,2016-02-05,0,0,0.9959979057312012,integrated_gradients,attribution,14,140,0.2511094506355209,1.0,0.8203072537508145,0.9733333333333334,0.5555555555555556,10,10,1.0,0.0057991379871964455,1.7857142857142858,Wind
timeseries,0,2026-10-05T11:32:36,nodeC027,3.11.9,unknown,13155603,13900,2016-02-05,0,0,0.9959979057312012,gradient_shap,attribution,14,140,0.17004379155278326,1.0,0.8043566119327051,0.6734141726866186,0.47368421052631576,10,10,0.6470588235294118,0.0030122799798846245,0.5,MinT
timeseries,0,2026-10-05T11:32:36,nodeC027,3.11.9,unknown,13155603,13900,2016-02-05,0,0,0.9959979057312012,lime,attribution,14,140,0.2548330731309835,0.99,0.7294318504125257,0.9,0.4,10,10,0.75,0.013166096061468124,2.2142857142857144,Wind
timeseries,0,2026-10-05T11:32:36,nodeC027,3.11.9,unknown,13155603,13900,2016-02-05,0,0,0.9959979057312012,random,attribution,14,140,0.0013350630685493156,0.6,0.3844160359931422,0.041914529914529916,0.0,10,10,0.07692307692307693,1.2473203241825104e-05,5.785714285714286,SSH
timeseries,0,2026-10-05T11:32:36,nodeC027,3.11.9,unknown,13155603,13906,2016-02-11,0,0,0.6310504674911499,integrated_gradients,attribution,14,140,0.0,1.0,0.8175131400215003,0.8800000000000001,0.6470588235294118,10,10,1.0,0.005794434808194637,0.8571428571428571,MinT
timeseries,0,2026-10-05T11:32:36,nodeC027,3.11.9,unknown,13155603,13906,2016-02-11,0,0,0.6310504674911499,gradient_shap,attribution,14,140,0.06329847071057979,0.77,0.769530065997428,0.7307843137254901,0.6470588235294118,10,10,0.8666666666666667,0.003000690136104822,0.6428571428571429,MinT
timeseries,0,2026-10-05T11:32:36,nodeC027,3.11.9,unknown,13155603,13906,2016-02-11,0,0,0.6310504674911499,lime,attribution,14,140,0.0,0.9,0.711512714632561,0.95,0.75,10,10,1.0,0.011103332974016666,1.0714285714285714,Wind
timeseries,0,2026-10-05T11:32:36,nodeC027,3.11.9,unknown,13155603,13906,2016-02-11,0,0,0.6310504674911499,random,attribution,14,140,0.00285947179962351,0.68,0.3373463318311165,0.038176638176638175,0.0,10,10,0.07692307692307693,1.2814998626708984e-05,6.571428571428571,RH1
timeseries,0,2026-10-05T11:32:36,nodeC027,3.11.9,unknown,13155603,13917,2016-02-22,0,0,0.9749841690063477,integrated_gradients,attribution,14,140,0.48606488025079597,0.99,0.7833303421456839,0.9066666666666666,0.5555555555555556,10,10,1.0,0.005821852013468742,0.9285714285714286,RH2
timeseries,0,2026-10-05T11:32:36,nodeC027,3.11.9,unknown,13155603,13917,2016-02-22,0,0,0.9749841690063477,gradient_shap,attribution,14,140,0.3622360235536927,0.97,0.799693048760955,0.6985294117647058,0.5555555555555556,10,10,0.6470588235294118,0.003000945784151554,1.1428571428571428,RH2
timeseries,0,2026-10-05T11:32:36,nodeC027,3.11.9,unknown,13155603,13917,2016-02-22,0,0,0.9749841690063477,lime,attribution,14,140,0.44240575588475517,1.0,0.713859088100313,0.975,0.75,10,10,1.0,0.011215253733098507,1.0714285714285714,RH2
timeseries,0,2026-10-05T11:32:36,nodeC027,3.11.9,unknown,13155603,13917,2016-02-22,0,0,0.9749841690063477,random,attribution,14,140,0.008482642845614738,0.61,0.3605092214403215,0.04679202279202279,0.0,10,10,0.0,1.2178905308246613e-05,5.857142857142857,MaxT
timeseries,0,2026-10-05T11:32:36,nodeC027,3.11.9,unknown,13155603,13936,2016-03-12,0,0,0.890354573726654,integrated_gradients,attribution,14,140,0.3577929250148835,1.0,0.7722184737219412,0.9199999999999999,0.5555555555555556,10,10,1.0,0.005781244952231646,0.8571428571428571,MaxT
timeseries,0,2026-10-05T11:32:36,nodeC027,3.11.9,unknown,13155603,13936,2016-03-12,0,0,0.890354573726654,gradient_shap,attribution,14,140,0.43514367132600523,1.0,0.8049121741039009,0.8200000000000001,0.6470588235294118,10,10,0.75,0.0030005360022187233,1.0714285714285714,RH2
timeseries,0,2026-10-05T11:32:36,nodeC027,3.11.9,unknown,13155603,13936,2016-03-12,0,0,0.890354573726654,lime,attribution,14,140,0.39224883182927245,0.92,0.7045793179309422,0.925,0.75,10,10,1.0,0.011022428050637245,0.5,MaxT
timeseries,0,2026-10-05T11:32:36,nodeC027,3.11.9,unknown,13155603,13936,2016-03-12,0,0,0.890354573726654,random,attribution,14,140,0.0,0.52,0.3308523191594954,0.0459031339031339,0.0,10,10,0.0,1.3103708624839783e-05,7.714285714285714,MinT
timeseries,0,2026-10-05T11:32:36,nodeC027,3.11.9,unknown,13155603,13937,2016-03-13,0,0,0.6680269241333008,integrated_gradients,attribution,14,140,0.2920732497283994,0.99,0.8385710029086582,0.9466666666666667,0.75,10,10,1.0,0.005765496753156185,0.42857142857142855,MaxT
timeseries,0,2026-10-05T11:32:36,nodeC027,3.11.9,unknown,13155603,13937,2016-03-13,0,0,0.6680269241333008,gradient_shap,attribution,14,140,0.34099527000886537,0.99,0.8298098850229805,0.8110784313725491,0.6470588235294118,10,10,0.6470588235294118,0.0029963962733745575,0.5,RH2
timeseries,0,2026-10-05T11:32:36,nodeC027,3.11.9,unknown,13155603,13937,2016-03-13,0,0,0.6680269241333008,lime,attribution,14,140,0.297169330684662,0.92,0.8023179821733418,0.95,0.5555555555555556,10,10,1.0,0.011190580204129219,0.7857142857142857,MinT
timeseries,0,2026-10-05T11:32:36,nodeC027,3.11.9,unknown,13155603,13937,2016-03-13,0,0,0.6680269241333008,random,attribution,14,140,0.0,0.65,0.341734652875189,0.05883190883190883,0.0,10,10,0.07692307692307693,1.3261102139949799e-05,7.857142857142857,FAO56_ET
timeseries,0,2026-10-05T11:32:36,nodeC027,3.11.9,unknown,13155603,13945,2016-03-21,0,0,0.8209670186042786,integrated_gradients,attribution,14,140,0.28628484134907645,1.0,0.7681616052490895,0.9216666666666666,0.6470588235294118,10,10,1.0,0.005811444018036127,1.4285714285714286,RH2
timeseries,0,2026-10-05T11:32:36,nodeC027,3.11.9,unknown,13155603,13945,2016-03-21,0,0,0.8209670186042786,gradient_shap,attribution,14,140,0.3114590503633016,1.0,0.7608285797234311,0.7218627450980393,0.5555555555555556,10,10,0.6470588235294118,0.002999083139002323,0.7142857142857143,RH2
timeseries,0,2026-10-05T11:32:36,nodeC027,3.11.9,unknown,13155603,13945,2016-03-21,0,0,0.8209670186042786,lime,attribution,14,140,0.2361500212617801,0.95,0.7173420046594878,0.825,0.5555555555555556,10,10,1.0,0.012170212808996439,0.5,MaxT
timeseries,0,2026-10-05T11:32:36,nodeC027,3.11.9,unknown,13155603,13945,2016-03-21,0,0,0.8209670186042786,random,attribution,14,140,0.0,0.57,0.3338793965872524,0.07271794871794872,0.0,10,10,0.037037037037037035,1.2598931789398193e-05,6.5,FAO56_ET
timeseries,0,2026-10-05T11:32:36,nodeC027,3.11.9,unknown,13155603,13946,2016-03-22,0,0,0.9458902478218079,integrated_gradients,attribution,14,140,0.36196171186002246,1.0,0.7583052326955145,0.8683333333333334,0.6470588235294118,10,10,1.0,0.07029715925455093,1.1428571428571428,MaxT
timeseries,0,2026-10-05T11:32:36,nodeC027,3.11.9,unknown,13155603,13946,2016-03-22,0,0,0.9458902478218079,gradient_shap,attribution,14,140,0.3884134912430554,1.0,0.819635413571994,0.8450000000000001,0.6470588235294118,10,10,0.8666666666666667,0.0029967231675982475,1.0,RH2
timeseries,0,2026-10-05T11:32:36,nodeC027,3.11.9,unknown,13155603,13946,2016-03-22,0,0,0.9458902478218079,lime,attribution,14,140,0.3118884419422152,0.94,0.6829969068665396,0.875,0.5555555555555556,10,10,1.0,0.011853954754769802,0.7857142857142857,RH2
timeseries,0,2026-10-05T11:32:36,nodeC027,3.11.9,unknown,13155603,13946,2016-03-22,0,0,0.9458902478218079,random,attribution,14,140,0.008291741246757519,0.56,0.3378953200388912,0.030484330484330486,0.0,10,10,0.0,1.2767035514116287e-05,5.857142857142857,RH2
timeseries,0,2026-10-05T11:32:36,nodeC027,3.11.9,unknown,13155603,13976,2016-04-21,0,0,0.7661355137825012,integrated_gradients,attribution,14,140,0.2864487757963301,1.0,0.804845033711957,0.9733333333333334,0.6470588235294118,10,10,1.0,0.06996162422001362,0.7857142857142857,RH2
timeseries,0,2026-10-05T11:32:36,nodeC027,3.11.9,unknown,13155603,13976,2016-04-21,0,0,0.7661355137825012,gradient_shap,attribution,14,140,0.23077784851443808,1.0,0.8026052170305487,0.7644117647058823,0.75,10,10,0.8666666666666667,0.0029890132136642933,0.9285714285714286,RH2
timeseries,0,2026-10-05T11:32:36,nodeC027,3.11.9,unknown,13155603,13976,2016-04-21,0,0,0.7661355137825012,lime,attribution,14,140,0.15795517854462957,0.95,0.7757240917002484,0.9,0.75,10,10,1.0,0.011062809266149998,0.7857142857142857,MinT
timeseries,0,2026-10-05T11:32:36,nodeC027,3.11.9,unknown,13155603,13976,2016-04-21,0,0,0.7661355137825012,random,attribution,14,140,0.07543041762317404,0.78,0.3381520105745607,0.037321937321937323,0.0,10,10,0.07692307692307693,1.230509951710701e-05,6.714285714285714,MinT
timeseries,0,2026-10-05T11:32:36,nodeC027,3.11.9,unknown,13155603,13996,2016-05-11,1,1,0.7512418031692505,integrated_gradients,attribution,14,140,0.3620919526623275,0.97,0.8047408045875766,0.9333333333333333,0.6470588235294118,10,10,1.0,0.07680214708670974,0.7142857142857143,Rain
timeseries,0,2026-10-05T11:32:36,nodeC027,3.11.9,unknown,13155603,13996,2016-05-11,1,1,0.7512418031692505,gradient_shap,attribution,14,140,0.3827718759168901,0.99,0.8350843836331303,0.7294117647058823,0.5555555555555556,10,10,0.5555555555555556,0.0030009308829903603,1.2142857142857142,Rain
timeseries,0,2026-10-05T11:32:36,nodeC027,3.11.9,unknown,13155603,13996,2016-05-11,1,1,0.7512418031692505,lime,attribution,14,140,0.30356673325533534,0.89,0.7618194576026487,0.95,0.5555555555555556,10,10,1.0,0.01188446395099163,0.7857142857142857,Rain
timeseries,0,2026-10-05T11:32:36,nodeC027,3.11.9,unknown,13155603,13996,2016-05-11,1,1,0.7512418031692505,random,attribution,14,140,0.0,0.37,0.3344570923103888,0.03917378917378918,0.0,10,10,0.07692307692307693,1.3486016541719437e-05,5.714285714285714,FAO56_ET
timeseries,0,2026-10-05T11:32:36,nodeC027,3.11.9,unknown,13155603,14019,2016-06-03,1,1,0.7530764937400818,integrated_gradients,attribution,14,140,0.27748969154128206,1.0,0.7844989825462421,0.975,0.6470588235294118,10,10,1.0,0.06995650473982096,0.7857142857142857,MinT
timeseries,0,2026-10-05T11:32:36,nodeC027,3.11.9,unknown,13155603,14019,2016-06-03,1,1,0.7530764937400818,gradient_shap,attribution,14,140,0.36496542371550594,0.98,0.7977715604673837,0.7966666666666666,0.5555555555555556,10,10,0.75,0.0030049579218029976,0.7142857142857143,MaxT
timeseries,0,2026-10-05T11:32:36,nodeC027,3.11.9,unknown,13155603,14019,2016-06-03,1,1,0.7530764937400818,lime,attribution,14,140,0.26844218228351563,0.98,0.7655468766324922,0.925,0.4,10,10,1.0,0.016405757050961256,0.7857142857142857,MinT
timeseries,0,2026-10-05T11:32:36,nodeC027,3.11.9,unknown,13155603,14019,2016-06-03,1,1,0.7530764937400818,random,attribution,14,140,0.0,0.41,0.32033451697649895,0.04618803418803419,0.0,10,10,0.12,1.314561814069748e-05,6.285714285714286,RH2
timeseries,0,2026-10-05T11:32:36,nodeC027,3.11.9,unknown,13155603,14028,2016-06-12,1,1,0.8142346143722534,integrated_gradients,attribution,14,140,0.4473408542383601,0.89,0.7379047624416684,0.8833333333333334,0.5555555555555556,10,10,1.0,0.0057787518016994,1.7857142857142858,RH2
timeseries,0,2026-10-05T11:32:36,nodeC027,3.11.9,unknown,13155603,14028,2016-06-12,1,1,0.8142346143722534,gradient_shap,attribution,14,140,0.5430728101787697,0.76,0.7387172789840806,0.6162246302029585,0.2727272727272727,10,10,0.3333333333333333,0.003006358165293932,1.2142857142857142,RH2
timeseries,0,2026-10-05T11:32:36,nodeC027,3.11.9,unknown,13155603,14028,2016-06-12,1,1,0.8142346143722534,lime,attribution,14,140,0.39174797721035476,0.86,0.6772961739970552,0.875,0.5555555555555556,10,10,1.0,0.011845316272228956,1.6428571428571428,RH2
timeseries,0,2026-10-05T11:32:36,nodeC027,3.11.9,unknown,13155603,14028,2016-06-12,1,1,0.8142346143722534,random,attribution,14,140,0.2534102846216745,0.66,0.33140191111511996,0.061857549857549855,0.0,10,10,0.037037037037037035,1.2469012290239334e-05,5.214285714285714,MinT
timeseries,0,2026-10-05T11:32:36,nodeC027,3.11.9,unknown,13155603,14030,2016-06-14,1,1,0.7884610295295715,integrated_gradients,attribution,14,140,0.38619251581150876,0.9,0.7508000089904496,0.9333333333333333,0.5555555555555556,10,10,1.0,0.06884008040651679,1.8571428571428572,RH2
timeseries,0,2026-10-05T11:32:36,nodeC027,3.11.9,unknown,13155603,14030,2016-06-14,1,1,0.7884610295295715,gradient_shap,attribution,14,140,0.4649467300152606,0.94,0.7548824653721561,0.7424509803921568,0.5555555555555556,10,10,0.75,0.0032350048422813416,2.142857142857143,MinT
timeseries,0,2026-10-05T11:32:36,nodeC027,3.11.9,unknown,13155603,14030,2016-06-14,1,1,0.7884610295295715,lime,attribution,14,140,0.3507892732946427,0.72,0.6851427884010401,1.0,0.5555555555555556,10,10,1.0,0.011083061806857586,3.357142857142857,RH2
timeseries,0,2026-10-05T11:32:36,nodeC027,3.11.9,unknown,13155603,14030,2016-06-14,1,1,0.7884610295295715,random,attribution,14,140,0.0,0.4,0.34553025877449783,0.04928774928774929,0.0,10,10,0.12,1.2422911822795868e-05,6.285714285714286,RH1
timeseries,0,2026-10-05T11:32:36,nodeC027,3.11.9,unknown,13155603,14046,2016-06-30,1,1,0.9158579707145691,integrated_gradients,attribution,14,140,0.48294160956326515,1.0,0.8085990677469064,0.9333333333333333,0.6470588235294118,10,10,1.0,0.005801002960652113,1.0,RH2
timeseries,0,2026-10-05T11:32:36,nodeC027,3.11.9,unknown,13155603,14046,2016-06-30,1,1,0.9158579707145691,gradient_shap,attribution,14,140,0.6043856753033263,1.0,0.8032851933424913,0.8260784313725491,0.5555555555555556,10,10,0.8666666666666667,0.0030292030423879623,0.42857142857142855,RH2
timeseries,0,2026-10-05T11:32:36,nodeC027,3.11.9,unknown,13155603,14046,2016-06-30,1,1,0.9158579707145691,lime,attribution,14,140,0.34874990132144335,1.0,0.6928512573723045,0.975,0.75,10,10,0.75,0.017896738834679127,1.6428571428571428,RH2
timeseries,0,2026-10-05T11:32:36,nodeC027,3.11.9,unknown,13155603,14046,2016-06-30,1,1,0.9158579707145691,random,attribution,14,140,0.0,0.35,0.32778293149411586,0.04650712250712251,0.0,10,10,0.037037037037037035,1.2699980288743973e-05,6.714285714285714,RH1
timeseries,0,2026-10-05T11:32:36,nodeC027,3.11.9,unknown,13155603,14053,2016-07-07,1,1,0.9235348105430603,integrated_gradients,attribution,14,140,0.5145300772030154,1.0,0.7781324320107849,0.96,0.75,10,10,1.0,0.005783542059361935,2.142857142857143,RH2
timeseries,0,2026-10-05T11:32:36,nodeC027,3.11.9,unknown,13155603,14053,2016-07-07,1,1,0.9235348105430603,gradient_shap,attribution,14,140,0.4241686788526626,1.0,0.7963173634000558,0.6063398692810458,0.47368421052631576,10,10,0.8666666666666667,0.0030174539424479008,0.5714285714285714,RH2
timeseries,0,2026-10-05T11:32:36,nodeC027,3.11.9,unknown,13155603,14053,2016-07-07,1,1,0.9235348105430603,lime,attribution,14,140,0.5454681427925018,1.0,0.6960675473027789,0.9,0.75,10,10,0.75,0.011111532337963581,2.2142857142857144,RH2
timeseries,0,2026-10-05T11:32:36,nodeC027,3.11.9,unknown,13155603,14053,2016-07-07,1,1,0.9235348105430603,random,attribution,14,140,0.007732112294145031,0.37,0.3252507741896069,0.06684330484330483,0.0,10,10,0.037037037037037035,1.2073665857315063e-05,6.357142857142857,RH1
timeseries,0,2026-10-05T11:32:36,nodeC027,3.11.9,unknown,13155603,14071,2016-07-25,1,1,0.8762866258621216,integrated_gradients,attribution,14,140,0.7419961704978693,1.0,0.755993074182522,1.0,0.8666666666666667,10,10,1.0,0.005803448148071766,0.8571428571428571,RH2
timeseries,0,2026-10-05T11:32:36,nodeC027,3.11.9,unknown,13155603,14071,2016-07-25,1,1,0.8762866258621216,gradient_shap,attribution,14,140,0.7419961704978693,1.0,0.7550091448888021,0.9733333333333334,0.75,10,10,1.0,0.0030046310275793076,0.8571428571428571,RH2
timeseries,0,2026-10-05T11:32:36,nodeC027,3.11.9,unknown,13155603,14071,2016-07-25,1,1,0.8762866258621216,lime,attribution,14,140,0.4784734366550693,0.99,0.652191968057072,1.0,0.75,10,10,1.0,0.01105852285400033,1.3571428571428572,RH2
timeseries,0,2026-10-05T11:32:36,nodeC027,3.11.9,unknown,13155603,14071,2016-07-25,1,1,0.8762866258621216,random,attribution,14,140,0.11001635870803617,0.5,0.3156398022495279,0.0459031339031339,0.0,10,10,0.037037037037037035,1.3689976185560226e-05,6.357142857142857,RH1
timeseries,0,2026-10-05T11:32:36,nodeC027,3.11.9,unknown,13155603,14075,2016-07-29,1,1,0.8636324405670166,integrated_gradients,attribution,14,140,0.7915017294083903,0.98,0.7425925986694286,1.0,0.75,10,10,1.0,0.005817232187837362,2.0,RH2
timeseries,0,2026-10-05T11:32:36,nodeC027,3.11.9,unknown,13155603,14075,2016-07-29,1,1,0.8636324405670166,gradient_shap,attribution,14,140,0.845644693605261,1.0,0.7348950271078776,0.6804575163398693,0.5555555555555556,10,10,0.8666666666666667,0.0030013900250196457,1.5,RH2
timeseries,0,2026-10-05T11:32:36,nodeC027,3.11.9,unknown,13155603,14075,2016-07-29,1,1,0.8636324405670166,lime,attribution,14,140,0.554595141203041,0.91,0.6675215937299132,1.0,0.5555555555555556,10,10,1.0,0.012123361229896545,1.9285714285714286,RH2
timeseries,0,2026-10-05T11:32:36,nodeC027,3.11.9,unknown,13155603,14075,2016-07-29,1,1,0.8636324405670166,random,attribution,14,140,0.11336010426418083,0.51,0.37147593406574664,0.0339031339031339,0.0,10,10,0.21739130434782608,1.3094395399093628e-05,6.857142857142857,RH2
timeseries,0,2026-10-05T11:32:36,nodeC027,3.11.9,unknown,13155603,14105,2016-08-28,1,1,0.6986680626869202,integrated_gradients,attribution,14,140,0.41757884198587153,0.67,0.839556490686064,0.9333333333333333,0.75,10,10,1.0,0.0728404177352786,0.7142857142857143,MinT
timeseries,0,2026-10-05T11:32:36,nodeC027,3.11.9,unknown,13155603,14105,2016-08-28,1,1,0.6986680626869202,gradient_shap,attribution,14,140,0.4731582990699732,0.73,0.8211363163645174,0.8966666666666667,0.75,10,10,1.0,0.0030206297524273396,0.6428571428571429,MinT
timeseries,0,2026-10-05T11:32:36,nodeC027,3.11.9,unknown,13155603,14105,2016-08-28,1,1,0.6986680626869202,lime,attribution,14,140,0.4134196347715627,0.73,0.7862687816900369,0.875,0.5555555555555556,10,10,1.0,0.011116816196590662,1.0714285714285714,MinT
timeseries,0,2026-10-05T11:32:36,nodeC027,3.11.9,unknown,13155603,14105,2016-08-28,1,1,0.6986680626869202,random,attribution,14,140,0.0,0.41,0.32586350394593966,0.05427350427350427,0.0,10,10,0.16666666666666666,1.329183578491211e-05,6.785714285714286,MaxT
timeseries,0,2026-10-05T11:32:36,nodeC027,3.11.9,unknown,13155603,14109,2016-09-01,1,1,0.923376202583313,integrated_gradients,attribution,14,140,0.6059789376001908,1.0,0.8661175627838921,1.0,0.8666666666666667,10,10,1.0,0.005785549059510231,0.7857142857142857,MinT
timeseries,0,2026-10-05T11:32:36,nodeC027,3.11.9,unknown,13155603,14109,2016-09-01,1,1,0.923376202583313,gradient_shap,attribution,14,140,0.5907709375908956,1.0,0.8164606534424542,0.8716666666666667,0.75,10,10,0.8666666666666667,0.00299249729141593,0.7857142857142857,RH2
timeseries,0,2026-10-05T11:32:36,nodeC027,3.11.9,unknown,13155603,14109,2016-09-01,1,1,0.923376202583313,lime,attribution,14,140,0.389164327024012,1.0,0.7076129211858416,0.875,0.75,10,10,0.75,0.011069073807448149,0.5,MaxT
timeseries,0,2026-10-05T11:32:36,nodeC027,3.11.9,unknown,13155603,14109,2016-09-01,1,1,0.923376202583313,random,attribution,14,140,0.05552147274905333,0.81,0.32165256446783874,0.0459031339031339,0.0,10,10,0.0,1.1874828487634659e-05,6.0,Rain
timeseries,0,2026-10-05T11:32:36,nodeC027,3.11.9,unknown,13155603,14111,2016-09-03,1,1,0.8825679421424866,integrated_gradients,attribution,14,140,0.6190520747809504,1.0,0.8038026156666087,0.9733333333333334,0.75,10,10,1.0,0.005794517695903778,0.6428571428571429,Rain
timeseries,0,2026-10-05T11:32:36,nodeC027,3.11.9,unknown,13155603,14111,2016-09-03,1,1,0.8825679421424866,gradient_shap,attribution,14,140,0.826158842895805,1.0,0.786401871296829,0.9350000000000002,0.6470588235294118,10,10,0.8666666666666667,0.0030094031244516373,0.5,RH2
timeseries,0,2026-10-05T11:32:36,nodeC027,3.11.9,unknown,13155603,14111,2016-09-03,1,1,0.8825679421424866,lime,attribution,14,140,0.6443373564440628,1.0,0.6956150825710513,1.0,0.75,10,10,1.0,0.012217660900205374,0.7857142857142857,RH2
timeseries,0,2026-10-05T11:32:36,nodeC027,3.11.9,unknown,13155603,14111,2016-09-03,1,1,0.8825679421424866,random,attribution,14,140,0.0,0.43,0.2971903846576769,0.05327635327635327,0.0,10,10,0.12,1.2742821127176285e-05,9.071428571428571,MaxT
timeseries,0,2026-10-05T11:32:36,nodeC027,3.11.9,unknown,13155603,14115,2016-09-07,0,0,0.5854356288909912,integrated_gradients,attribution,14,140,0.0,0.66,0.7006443215536795,0.7863725490196078,0.47368421052631576,10,10,1.0,0.0057951160706579685,2.5,RH2
timeseries,0,2026-10-05T11:32:36,nodeC027,3.11.9,unknown,13155603,14115,2016-09-07,0,0,0.5854356288909912,gradient_shap,attribution,14,140,0.0,0.23,0.6620418387184933,0.7024183006535949,0.47368421052631576,10,10,0.47368421052631576,0.0030069961212575436,2.5,RH2
timeseries,0,2026-10-05T11:32:36,nodeC027,3.11.9,unknown,13155603,14115,2016-09-07,0,0,0.5854356288909912,lime,attribution,14,140,0.0,0.32,0.6821731660093759,0.875,0.5555555555555556,10,10,0.75,0.011073450092226267,2.2142857142857144,RH2
timeseries,0,2026-10-05T11:32:36,nodeC027,3.11.9,unknown,13155603,14115,2016-09-07,0,0,0.5854356288909912,random,attribution,14,140,0.1560187457111499,0.71,0.3204309024274532,0.061891737891737894,0.0,10,10,0.21739130434782608,1.3339798897504807e-05,8.357142857142858,RH1
timeseries,0,2026-10-05T11:32:36,nodeC027,3.11.9,unknown,13155603,14122,2016-09-14,1,1,0.9028431177139282,integrated_gradients,attribution,14,140,0.530505881155282,1.0,0.7482453106026177,0.9733333333333334,0.6470588235294118,10,10,1.0,0.005810936912894249,0.42857142857142855,MinT
timeseries,0,2026-10-05T11:32:36,nodeC027,3.11.9,unknown,13155603,14122,2016-09-14,1,1,0.9028431177139282,gradient_shap,attribution,14,140,0.5844506909992703,1.0,0.776257011180153,0.8683333333333334,0.75,10,10,0.75,0.003198083024471998,0.5,RH2
timeseries,0,2026-10-05T11:32:36,nodeC027,3.11.9,unknown,13155603,14122,2016-09-14,1,1,0.9028431177139282,lime,attribution,14,140,0.472407925850821,0.93,0.6889251866596953,1.0,0.75,10,10,1.0,0.011127984151244164,0.7857142857142857,RH2
timeseries,0,2026-10-05T11:32:36,nodeC027,3.11.9,unknown,13155603,14122,2016-09-14,1,1,0.9028431177139282,random,attribution,14,140,0.0,0.38,0.31496710513006465,0.07581766381766382,0.0,10,10,0.07692307692307693,1.3263896107673645e-05,8.071428571428571,Radiation
timeseries,0,2026-10-05T11:32:36,nodeC027,3.11.9,unknown,13155603,14132,2016-09-24,1,1,0.9153739809989929,integrated_gradients,attribution,14,140,0.7537900880140924,1.0,0.7401289704056324,1.0,0.75,10,10,1.0,0.005774390883743763,2.5714285714285716,RH2
timeseries,0,2026-10-05T11:32:36,nodeC027,3.11.9,unknown,13155603,14132,2016-09-24,1,1,0.9153739809989929,gradient_shap,attribution,14,140,0.716730901602202,1.0,0.7742998699518527,0.8497058823529413,0.6470588235294118,10,10,0.75,0.0029893829487264156,1.5714285714285714,RH2
timeseries,0,2026-10-05T11:32:36,nodeC027,3.11.9,unknown,13155603,14132,2016-09-24,1,1,0.9153739809989929,lime,attribution,14,140,0.6629845611507709,0.99,0.6229335417794353,0.875,0.5555555555555556,10,10,0.75,0.011089126113802195,2.7857142857142856,RH2
timeseries,0,2026-10-05T11:32:36,nodeC027,3.11.9,unknown,13155603,14132,2016-09-24,1,1,0.9153739809989929,random,attribution,14,140,0.020916264163261204,0.5,0.28847941049157677,0.03821082621082621,0.0,10,10,0.0,1.2849923223257065e-05,6.785714285714286,SSH
timeseries,0,2026-10-05T11:32:36,nodeC027,3.11.9,unknown,13155603,14135,2016-09-27,1,1,0.9167365431785583,integrated_gradients,attribution,14,140,0.7007795433206155,1.0,0.6796156117169995,0.9733333333333334,0.75,10,10,1.0,0.07014952367171645,1.5,RH2
timeseries,0,2026-10-05T11:32:36,nodeC027,3.11.9,unknown,13155603,14135,2016-09-27,1,1,0.9167365431785583,gradient_shap,attribution,14,140,0.7606513779619327,1.0,0.7077823344766291,0.7863725490196078,0.6470588235294118,10,10,0.75,0.002999794203788042,0.7142857142857143,RH2
timeseries,0,2026-10-05T11:32:36,nodeC027,3.11.9,unknown,13155603,14135,2016-09-27,1,1,0.9167365431785583,lime,attribution,14,140,0.5767070861551543,1.0,0.5940147626476698,1.0,0.75,10,10,1.0,0.012033942621201277,1.3571428571428572,RH2
timeseries,0,2026-10-05T11:32:36,nodeC027,3.11.9,unknown,13155603,14135,2016-09-27,1,1,0.9167365431785583,random,attribution,14,140,0.1020473155019799,0.57,0.3548135757529697,0.08471794871794872,0.0,10,10,0.0,1.2813135981559753e-05,6.857142857142857,RH2
timeseries,0,2026-10-05T11:32:36,nodeC027,3.11.9,unknown,13155603,14140,2016-10-02,1,1,0.9409133195877075,integrated_gradients,attribution,14,140,0.7122400513470687,1.0,0.6946200181746531,0.9066666666666666,0.75,10,10,1.0,0.005803130101412535,3.0714285714285716,RH2
timeseries,0,2026-10-05T11:32:36,nodeC027,3.11.9,unknown,13155603,14140,2016-10-02,1,1,0.9409133195877075,gradient_shap,attribution,14,140,0.6083627699290747,1.0,0.7251013089124501,0.7438235294117648,0.5555555555555556,10,10,0.75,0.003007149323821068,1.2857142857142858,RH2
timeseries,0,2026-10-05T11:32:36,nodeC027,3.11.9,unknown,13155603,14140,2016-10-02,1,1,0.9409133195877075,lime,attribution,14,140,0.5668827940569264,1.0,0.622910592127499,0.825,0.75,10,10,1.0,0.019924321211874485,2.2142857142857144,RH2
timeseries,0,2026-10-05T11:32:36,nodeC027,3.11.9,unknown,13155603,14140,2016-10-02,1,1,0.9409133195877075,random,attribution,14,140,0.004866999714808894,0.34,0.3498597051004426,0.04340740740740741,0.037037037037037035,10,10,0.0,1.2142118066549301e-05,7.285714285714286,MinT
timeseries,0,2026-10-05T11:32:36,nodeC027,3.11.9,unknown,13155603,14146,2016-10-08,1,1,0.8077867031097412,integrated_gradients,attribution,14,140,0.5674788000837047,0.99,0.6954748297120952,0.8716666666666667,0.5555555555555556,10,10,1.0,0.005801187828183174,3.2142857142857144,RH2
timeseries,0,2026-10-05T11:32:36,nodeC027,3.11.9,unknown,13155603,14146,2016-10-08,1,1,0.8077867031097412,gradient_shap,attribution,14,140,0.7548303025321249,1.0,0.7124343913825566,0.6978912968696249,0.5555555555555556,10,10,0.8666666666666667,0.0029974961653351784,3.9285714285714284,RH2
timeseries,0,2026-10-05T11:32:36,nodeC027,3.11.9,unknown,13155603,14146,2016-10-08,1,1,0.8077867031097412,lime,attribution,14,140,0.6741117005592805,0.94,0.6395159212936484,0.9,0.5555555555555556,10,10,0.75,0.01108558103442192,3.357142857142857,RH2
timeseries,0,2026-10-05T11:32:36,nodeC027,3.11.9,unknown,13155603,14146,2016-10-08,1,1,0.8077867031097412,random,attribution,14,140,0.09057996465868953,0.42,0.3273877228658548,0.04957264957264958,0.0,10,10,0.037037037037037035,1.1792872101068497e-05,6.857142857142857,Radiation
timeseries,0,2026-10-05T11:32:36,nodeC027,3.11.9,unknown,13155603,14148,2016-10-10,1,1,0.9311686754226685,integrated_gradients,attribution,14,140,0.6229233848434986,1.0,0.7782920271600885,1.0,0.75,10,10,1.0,0.07238830998539925,1.0,RH2
timeseries,0,2026-10-05T11:32:36,nodeC027,3.11.9,unknown,13155603,14148,2016-10-10,1,1,0.9311686754226685,gradient_shap,attribution,14,140,0.6109401246337155,1.0,0.7887031259650963,0.7966666666666666,0.75,10,10,1.0,0.002995547838509083,1.8571428571428572,RH2
timeseries,0,2026-10-05T11:32:36,nodeC027,3.11.9,unknown,13155603,14148,2016-10-10,1,1,0.9311686754226685,lime,attribution,14,140,0.28155468634880976,1.0,0.6661697137145565,0.925,0.4,10,10,0.5555555555555556,0.01991334231570363,0.5,MaxT
timeseries,0,2026-10-05T11:32:36,nodeC027,3.11.9,unknown,13155603,14148,2016-10-10,1,1,0.9311686754226685,random,attribution,14,140,0.12318029129677621,0.78,0.3274443488214621,0.0421994301994302,0.0,10,10,0.0,1.2050848454236984e-05,5.928571428571429,SSH
timeseries,0,2026-10-05T11:32:36,nodeC027,3.11.9,unknown,13155603,14169,2016-10-31,1,1,0.7366436719894409,integrated_gradients,attribution,14,140,0.4846841084471588,0.99,0.7933749187399312,0.9216666666666666,0.75,10,10,1.0,0.010008390992879868,1.5714285714285714,Wind
timeseries,0,2026-10-05T11:32:36,nodeC027,3.11.9,unknown,13155603,14169,2016-10-31,1,1,0.7366436719894409,gradient_shap,attribution,14,140,0.5572692965272603,0.99,0.7842969001423854,0.777450980392157,0.47368421052631576,10,10,0.8666666666666667,0.0032470449805259705,1.7857142857142858,Wind
timeseries,0,2026-10-05T11:32:36,nodeC027,3.11.9,unknown,13155603,14169,2016-10-31,1,1,0.7366436719894409,lime,attribution,14,140,0.48556639261159834,0.86,0.7025784634231778,1.0,0.5555555555555556,10,10,1.0,0.01107687409967184,1.9285714285714286,Wind
timeseries,0,2026-10-05T11:32:36,nodeC027,3.11.9,unknown,13155603,14169,2016-10-31,1,1,0.7366436719894409,random,attribution,14,140,0.0,0.36,0.3181730257575406,0.06559544159544159,0.0,10,10,0.037037037037037035,1.2899283319711685e-05,5.428571428571429,Rain
timeseries,0,2026-10-05T11:32:36,nodeC027,3.11.9,unknown,13155603,14176,2016-11-07,0,0,0.8415026068687439,integrated_gradients,attribution,14,140,0.12571956526928285,0.91,0.7295344122502752,0.9333333333333333,0.5555555555555556,10,10,1.0,0.005788167007267475,2.9285714285714284,Wind
timeseries,0,2026-10-05T11:32:36,nodeC027,3.11.9,unknown,13155603,14176,2016-11-07,0,0,0.8415026068687439,gradient_shap,attribution,14,140,0.3033104447044579,0.86,0.7383932556248461,0.5899656002751978,0.4,10,10,0.6470588235294118,0.0032139928080141544,3.5,RH2
timeseries,0,2026-10-05T11:32:36,nodeC027,3.11.9,unknown,13155603,14176,2016-11-07,0,0,0.8415026068687439,lime,attribution,14,140,0.04049398242947178,0.92,0.6486316358524638,0.9,0.5555555555555556,10,10,1.0,0.011819881852716208,3.9285714285714284,Wind
timeseries,0,2026-10-05T11:32:36,nodeC027,3.11.9,unknown,13155603,14176,2016-11-07,0,0,0.8415026068687439,random,attribution,14,140,0.0,0.54,0.36114793352826347,0.030803418803418803,0.0,10,10,0.07692307692307693,1.2442003935575485e-05,7.071428571428571,RH2
timeseries,0,2026-10-05T11:32:36,nodeC027,3.11.9,unknown,13155603,14195,2016-11-26,0,0,0.9959306120872498,integrated_gradients,attribution,14,140,0.2343975319085115,1.0,0.8029110786980591,0.8933333333333333,0.6470588235294118,10,10,1.0,0.07093503978103399,1.0714285714285714,Wind
timeseries,0,2026-10-05T11:32:36,nodeC027,3.11.9,unknown,13155603,14195,2016-11-26,0,0,0.9959306120872498,gradient_shap,attribution,14,140,0.14478869189990054,1.0,0.8197014947856522,0.6043773649810802,0.47368421052631576,10,10,0.75,0.0029902122914791107,1.2857142857142858,MinT
timeseries,0,2026-10-05T11:32:36,nodeC027,3.11.9,unknown,13155603,14195,2016-11-26,0,0,0.9959306120872498,lime,attribution,14,140,0.19136333160032923,0.99,0.6885460451963065,0.975,0.75,10,10,0.75,0.015511049889028072,1.9285714285714286,Wind
timeseries,0,2026-10-05T11:32:36,nodeC027,3.11.9,unknown,13155603,14195,2016-11-26,0,0,0.9959306120872498,random,attribution,14,140,0.0,0.58,0.29392783581641513,0.10180833980833981,0.0,10,10,0.037037037037037035,1.2668780982494354e-05,6.214285714285714,SSH
timeseries,0,2026-10-05T11:32:36,nodeC027,3.11.9,unknown,13155603,14209,2016-12-10,0,0,0.997503936290741,integrated_gradients,attribution,14,140,0.22007513561571715,1.0,0.810776897901992,0.8933333333333333,0.6470588235294118,10,10,1.0,0.005776844918727875,1.0,MinT
timeseries,0,2026-10-05T11:32:36,nodeC027,3.11.9,unknown,13155603,14209,2016-12-10,0,0,0.997503936290741,gradient_shap,attribution,14,140,0.15300383219007396,1.0,0.8057718281913586,0.6341159270725835,0.47368421052631576,10,10,0.75,0.0030129249207675457,4.0,RH2
timeseries,0,2026-10-05T11:32:36,nodeC027,3.11.9,unknown,13155603,14209,2016-12-10,0,0,0.997503936290741,lime,attribution,14,140,0.1668193276515044,1.0,0.6803034086255928,0.825,0.4,10,10,1.0,0.027716430835425854,0.7857142857142857,Wind
timeseries,0,2026-10-05T11:32:36,nodeC027,3.11.9,unknown,13155603,14209,2016-12-10,0,0,0.997503936290741,random,attribution,14,140,0.16956865946964086,0.91,0.3487764621741838,0.07047293447293448,0.0,10,10,0.037037037037037035,1.2864358723163605e-05,6.785714285714286,MaxT
timeseries,0,2026-10-05T11:32:36,nodeC027,3.11.9,unknown,13155603,14222,2016-12-23,0,0,0.9990449547767639,integrated_gradients,attribution,14,140,0.19374826123653607,1.0,0.8181571258077629,0.9200000000000002,0.75,10,10,1.0,0.006718208082020283,1.4285714285714286,MinT
timeseries,0,2026-10-05T11:32:36,nodeC027,3.11.9,unknown,13155603,14222,2016-12-23,0,0,0.9990449547767639,gradient_shap,attribution,14,140,0.12723288849427364,1.0,0.8024192469777057,0.6504901960784314,0.5555555555555556,10,10,0.5555555555555556,0.0030069039203226566,0.9285714285714286,RH2
timeseries,0,2026-10-05T11:32:36,nodeC027,3.11.9,unknown,13155603,14222,2016-12-23,0,0,0.9990449547767639,lime,attribution,14,140,0.1670900752708951,1.0,0.6797236089630438,1.0,0.75,10,10,0.5555555555555556,0.011650200001895428,1.9285714285714286,MinT
timeseries,0,2026-10-05T11:32:36,nodeC027,3.11.9,unknown,13155603,14222,2016-12-23,0,0,0.9990449547767639,random,attribution,14,140,0.0,0.62,0.314762004086679,0.06853115322680539,0.0,10,10,0.07692307692307693,1.2249685823917389e-05,5.714285714285714,FAO56_ET
timeseries,0,2026-10-05T11:32:36,nodeC027,3.11.9,unknown,13155603,14246,2017-01-16,0,0,0.9473984837532043,integrated_gradients,attribution,14,140,0.23541248852055108,0.96,0.7853684760713613,0.9733333333333334,0.6470588235294118,10,10,1.0,0.005796059966087341,0.7142857142857143,MinT
timeseries,0,2026-10-05T11:32:36,nodeC027,3.11.9,unknown,13155603,14246,2017-01-16,0,0,0.9473984837532043,gradient_shap,attribution,14,140,0.12169647144845495,0.99,0.7951695917702626,0.7243790849673202,0.47368421052631576,10,10,0.6470588235294118,0.002988290973007679,0.5,MinT
timeseries,0,2026-10-05T11:32:36,nodeC027,3.11.9,unknown,13155603,14246,2017-01-16,0,0,0.9473984837532043,lime,attribution,14,140,0.19387470384012692,0.8,0.739938107388749,0.85,0.5555555555555556,10,10,0.75,0.011818194761872292,1.0714285714285714,MinT
timeseries,0,2026-10-05T11:32:36,nodeC027,3.11.9,unknown,13155603,14246,2017-01-16,0,0,0.9473984837532043,random,attribution,14,140,0.048283866033659376,0.68,0.2919980110694126,0.05758404558404558,0.0,10,10,0.037037037037037035,1.2621283531188965e-05,6.285714285714286,MaxT
timeseries,0,2026-10-05T11:32:36,nodeC027,3.11.9,unknown,13155603,14265,2017-02-04,0,0,0.9753652215003967,integrated_gradients,attribution,14,140,0.2427331409058457,1.0,0.7912587612106099,0.8613725490196078,0.47368421052631576,10,10,1.0,0.0074480678886175156,1.2857142857142858,Wind
timeseries,0,2026-10-05T11:32:36,nodeC027,3.11.9,unknown,13155603,14265,2017-02-04,0,0,0.9753652215003967,gradient_shap,attribution,14,140,0.1716791087803999,1.0,0.785896404052894,0.7204901960784313,0.4,10,10,0.6470588235294118,0.0029931217432022095,1.6428571428571428,RH2
timeseries,0,2026-10-05T11:32:36,nodeC027,3.11.9,unknown,13155603,14265,2017-02-04,0,0,0.9753652215003967,lime,attribution,14,140,0.24045990711390364,0.99,0.6971317353660043,0.85,0.5555555555555556,10,10,1.0,0.011070563923567533,1.3571428571428572,MinT
timeseries,0,2026-10-05T11:32:36,nodeC027,3.11.9,unknown,13155603,14265,2017-02-04,0,0,0.9753652215003967,random,attribution,14,140,0.003812902207436571,0.58,0.3308327781756797,0.07182905982905982,0.0,10,10,0.0,1.3078097254037857e-05,6.214285714285714,Wind
timeseries,0,2026-10-05T11:32:36,nodeC027,3.11.9,unknown,13155603,14277,2017-02-16,0,0,0.9710595607757568,integrated_gradients,attribution,14,140,0.32912936643228113,1.0,0.840282905992702,0.9200000000000002,0.6470588235294118,10,10,1.0,0.07099311333149672,0.7142857142857143,RH2
timeseries,0,2026-10-05T11:32:36,nodeC027,3.11.9,unknown,13155603,14277,2017-02-16,0,0,0.9710595607757568,gradient_shap,attribution,14,140,0.3244817169209601,1.0,0.8071523315174773,0.6816013071895426,0.5555555555555556,10,10,0.8666666666666667,0.0030071036890149117,1.3571428571428572,RH2
timeseries,0,2026-10-05T11:32:36,nodeC027,3.11.9,unknown,13155603,14277,2017-02-16,0,0,0.9710595607757568,lime,attribution,14,140,0.3116213457719144,1.0,0.7663082591578898,0.9,0.4,10,10,1.0,0.01124813873320818,0.7857142857142857,RH2
timeseries,0,2026-10-05T11:32:36,nodeC027,3.11.9,unknown,13155603,14277,2017-02-16,0,0,0.9710595607757568,random,attribution,14,140,0.37222763330181624,0.91,0.34402868698584266,0.06317378917378917,0.0,10,10,0.0,1.2570992112159729e-05,6.357142857142857,RH1
timeseries,0,2026-10-05T11:32:36,nodeC027,3.11.9,unknown,13155603,14281,2017-02-20,0,0,0.9960011839866638,integrated_gradients,attribution,14,140,0.3095305020721865,1.0,0.8443904070397583,0.8683333333333334,0.6470588235294118,10,10,1.0,0.005791813600808382,1.2142857142857142,MinT
timeseries,0,2026-10-05T11:32:36,nodeC027,3.11.9,unknown,13155603,14281,2017-02-20,0,0,0.9960011839866638,gradient_shap,attribution,14,140,0.3058912718018241,1.0,0.8255204910099485,0.6034141726866186,0.47368421052631576,10,10,0.75,0.0029940097592771053,1.4285714285714286,RH2
timeseries,0,2026-10-05T11:32:36,nodeC027,3.11.9,unknown,13155603,14281,2017-02-20,0,0,0.9960011839866638,lime,attribution,14,140,0.2749135299809511,1.0,0.7371067609755473,0.8555555555555555,0.4,10,10,0.5555555555555556,0.014485539868474007,1.3571428571428572,Wind
timeseries,0,2026-10-05T11:32:36,nodeC027,3.11.9,unknown,13155603,14281,2017-02-20,0,0,0.9960011839866638,random,attribution,14,140,0.0,0.61,0.34384218766383223,0.037891737891737894,0.0,10,10,0.07692307692307693,1.25151127576828e-05,7.5,Rain
timeseries,0,2026-10-05T11:32:36,nodeC027,3.11.9,unknown,13155603,14293,2017-03-04,0,0,0.9926175475120544,integrated_gradients,attribution,14,140,0.3207349940633598,1.0,0.750276040172829,0.9199999999999999,0.6470588235294118,10,10,1.0,0.07018686179071665,1.6428571428571428,RH2
timeseries,0,2026-10-05T11:32:36,nodeC027,3.11.9,unknown,13155603,14293,2017-03-04,0,0,0.9926175475120544,gradient_shap,attribution,14,140,0.3262038006866963,1.0,0.7766747636736541,0.6905228758169935,0.47368421052631576,10,10,1.0,0.0029876120388507843,1.2857142857142858,RH2
timeseries,0,2026-10-05T11:32:36,nodeC027,3.11.9,unknown,13155603,14293,2017-03-04,0,0,0.9926175475120544,lime,attribution,14,140,0.28821933160751534,1.0,0.6627308896121965,0.925,0.5555555555555556,10,10,0.75,0.011178141925483942,2.5,RH2
timeseries,0,2026-10-05T11:32:36,nodeC027,3.11.9,unknown,13155603,14293,2017-03-04,0,0,0.9926175475120544,random,attribution,14,140,0.00019959937211465868,0.59,0.2808172054984577,0.04618803418803419,0.0,10,10,0.12,1.2573786079883575e-05,7.357142857142857,FAO56_ET
timeseries,0,2026-10-05T11:32:36,nodeC027,3.11.9,unknown,13155603,14295,2017-03-06,0,0,0.9798493385314941,integrated_gradients,attribution,14,140,0.3728159446744916,1.0,0.7281897372493079,0.9733333333333334,0.6470588235294118,10,10,1.0,0.07106304774060845,1.4285714285714286,RH2
timeseries,0,2026-10-05T11:32:36,nodeC027,3.11.9,unknown,13155603,14295,2017-03-06,0,0,0.9798493385314941,gradient_shap,attribution,14,140,0.309134648373419,1.0,0.8018829180720446,0.7566339869281047,0.5555555555555556,10,10,0.8666666666666667,0.003009017091244459,0.7857142857142857,RH2
timeseries,0,2026-10-05T11:32:36,nodeC027,3.11.9,unknown,13155603,14295,2017-03-06,0,0,0.9798493385314941,lime,attribution,14,140,0.3342146647051696,1.0,0.6709801092527292,0.8305555555555555,0.5555555555555556,10,10,1.0,0.01105898804962635,0.7857142857142857,RH2
timeseries,0,2026-10-05T11:32:36,nodeC027,3.11.9,unknown,13155603,14295,2017-03-06,0,0,0.9798493385314941,random,attribution,14,140,0.0012391764437369732,0.55,0.2829210860377731,0.04618803418803419,0.0,10,10,0.12,1.212581992149353e-05,7.142857142857143,Wind
timeseries,0,2026-10-05T11:32:36,nodeC027,3.11.9,unknown,13155603,14303,2017-03-14,0,0,0.9953106045722961,integrated_gradients,attribution,14,140,0.46482725646510076,1.0,0.8018460686723624,0.8716666666666667,0.6470588235294118,10,10,1.0,0.005795674864202738,1.6428571428571428,RH2
timeseries,0,2026-10-05T11:32:36,nodeC027,3.11.9,unknown,13155603,14303,2017-03-14,0,0,0.9953106045722961,gradient_shap,attribution,14,140,0.44379326313598294,1.0,0.825949514911354,0.7655555555555555,0.6470588235294118,10,10,0.8666666666666667,0.0030087600462138653,0.8571428571428571,RH2
timeseries,0,2026-10-05T11:32:36,nodeC027,3.11.9,unknown,13155603,14303,2017-03-14,0,0,0.9953106045722961,lime,attribution,14,140,0.431771374517091,1.0,0.7135610772028793,0.825,0.5555555555555556,10,10,0.5555555555555556,0.019344645086675882,3.0714285714285716,RH2
timeseries,0,2026-10-05T11:32:36,nodeC027,3.11.9,unknown,13155603,14303,2017-03-14,0,0,0.9953106045722961,random,attribution,14,140,0.00012695719943436973,0.58,0.36400720003099263,0.08986448656013872,0.0,10,10,0.037037037037037035,1.2185890227556229e-05,6.0,Evap
timeseries,0,2026-10-05T11:32:36,nodeC027,3.11.9,unknown,13155603,14344,2017-04-24,0,0,0.9093577861785889,integrated_gradients,attribution,14,140,0.36370897058117946,1.0,0.8029624276428877,0.9866666666666667,0.75,10,10,1.0,0.005776760168373585,0.6428571428571429,RH2
timeseries,0,2026-10-05T11:32:36,nodeC027,3.11.9,unknown,13155603,14344,2017-04-24,0,0,0.9093577861785889,gradient_shap,attribution,14,140,0.37705948392330296,1.0,0.8248182234403834,0.9349999999999999,0.75,10,10,1.0,0.0029939902015030384,0.6428571428571429,RH2
timeseries,0,2026-10-05T11:32:36,nodeC027,3.11.9,unknown,13155603,14344,2017-04-24,0,0,0.9093577861785889,lime,attribution,14,140,0.39172989439512046,1.0,0.7617666043914872,0.925,0.75,10,10,1.0,0.012392878998070955,0.7857142857142857,RH2
timeseries,0,2026-10-05T11:32:36,nodeC027,3.11.9,unknown,13155603,14344,2017-04-24,0,0,0.9093577861785889,random,attribution,14,140,0.0,0.32,0.2864941240423826,0.04989173789173789,0.0,10,10,0.12,1.2448988854885101e-05,6.142857142857143,MinT
timeseries,0,2026-10-05T11:32:36,nodeC027,3.11.9,unknown,13155603,14365,2017-05-15,1,1,0.5327444076538086,integrated_gradients,attribution,14,140,0.14922301131532356,0.33,0.8318167949405796,0.7966666666666666,0.5555555555555556,10,10,1.0,0.005797879304736853,0.8571428571428571,MinT
timeseries,0,2026-10-05T11:32:36,nodeC027,3.11.9,unknown,13155603,14365,2017-05-15,1,1,0.5327444076538086,gradient_shap,attribution,14,140,0.21856925421975107,0.62,0.8330449426615617,0.8716666666666667,0.6470588235294118,10,10,0.8666666666666667,0.002994262147694826,0.5714285714285714,MinT
timeseries,0,2026-10-05T11:32:36,nodeC027,3.11.9,unknown,13155603,14365,2017-05-15,1,1,0.5327444076538086,lime,attribution,14,140,0.11537751086152916,0.46,0.7900761881939314,1.0,0.75,10,10,1.0,0.012246435973793268,0.7857142857142857,MinT
timeseries,0,2026-10-05T11:32:36,nodeC027,3.11.9,unknown,13155603,14365,2017-05-15,1,1,0.5327444076538086,random,attribution,14,140,0.0,0.39,0.32054120337353664,0.041880341880341884,0.0,10,10,0.037037037037037035,1.2881122529506683e-05,5.285714285714286,SSH
timeseries,0,2026-10-05T11:32:36,nodeC027,3.11.9,unknown,13155603,14366,2017-05-16,0,0,0.5059777498245239,integrated_gradients,attribution,14,140,0.0,0.75,0.8288290354548065,0.96,0.6470588235294118,10,10,1.0,0.005796885117888451,0.7857142857142857,MaxT
timeseries,0,2026-10-05T11:32:36,nodeC027,3.11.9,unknown,13155603,14366,2017-05-16,0,0,0.5059777498245239,gradient_shap,attribution,14,140,0.0,0.67,0.8100983954809153,0.8347058823529412,0.47368421052631576,10,10,0.6470588235294118,0.003005935810506344,0.5714285714285714,MinT
timeseries,0,2026-10-05T11:32:36,nodeC027,3.11.9,unknown,13155603,14366,2017-05-16,0,0,0.5059777498245239,lime,attribution,14,140,0.0,0.56,0.7879803527550818,0.975,0.75,10,10,0.75,0.020234075840562582,0.7857142857142857,MinT
timeseries,0,2026-10-05T11:32:36,nodeC027,3.11.9,unknown,13155603,14366,2017-05-16,0,0,0.5059777498245239,random,attribution,14,140,0.11573051060337868,0.71,0.35475890910916696,0.05356125356125356,0.0,10,10,0.16666666666666666,1.2987758964300156e-05,7.142857142857143,RH1
timeseries,0,2026-10-05T11:32:36,nodeC027,3.11.9,unknown,13155603,14389,2017-06-08,1,1,0.710105836391449,integrated_gradients,attribution,14,140,0.30405853848194825,0.8,0.8063886279116579,0.8800000000000001,0.5555555555555556,10,10,1.0,0.005764275789260864,0.7142857142857143,MinT
timeseries,0,2026-10-05T11:32:36,nodeC027,3.11.9,unknown,13155603,14389,2017-06-08,1,1,0.710105836391449,gradient_shap,attribution,14,140,0.31736199111620256,1.0,0.773530551789422,0.7733333333333334,0.47368421052631576,10,10,0.8666666666666667,0.003001169767230749,0.8571428571428571,MinT
timeseries,0,2026-10-05T11:32:36,nodeC027,3.11.9,unknown,13155603,14389,2017-06-08,1,1,0.710105836391449,lime,attribution,14,140,0.21223796436324574,0.75,0.7785396493319892,0.975,0.75,10,10,1.0,0.013841892126947641,1.3571428571428572,MinT
timeseries,0,2026-10-05T11:32:36,nodeC027,3.11.9,unknown,13155603,14389,2017-06-08,1,1,0.710105836391449,random,attribution,14,140,0.0,0.41,0.2927160622024366,0.05516239316239315,0.0,10,10,0.0,1.260777935385704e-05,6.071428571428571,Radiation
timeseries,0,2026-10-05T11:32:36,nodeC027,3.11.9,unknown,13155603,14398,2017-06-17,1,1,0.9403564929962158,integrated_gradients,attribution,14,140,0.5292489226424715,1.0,0.84083321866951,0.9066666666666666,0.75,10,10,1.0,0.005802295170724392,1.0,RH2
timeseries,0,2026-10-05T11:32:36,nodeC027,3.11.9,unknown,13155603,14398,2017-06-17,1,1,0.9403564929962158,gradient_shap,attribution,14,140,0.5230784092150864,1.0,0.8116342069991671,0.7616666666666667,0.75,10,10,0.75,0.003063259180635214,1.0,RH2
timeseries,0,2026-10-05T11:32:36,nodeC027,3.11.9,unknown,13155603,14398,2017-06-17,1,1,0.9403564929962158,lime,attribution,14,140,0.4114850356516159,1.0,0.6704233559228906,1.0,0.75,10,10,1.0,0.015617688652127981,1.3571428571428572,RH2
timeseries,0,2026-10-05T11:32:36,nodeC027,3.11.9,unknown,13155603,14398,2017-06-17,1,1,0.9403564929962158,random,attribution,14,140,0.006140183629337795,0.44,0.3173812137900396,0.034507122507122505,0.0,10,10,0.037037037037037035,1.1844094842672348e-05,8.785714285714286,RH1
timeseries,0,2026-10-05T11:32:36,nodeC027,3.11.9,unknown,13155603,14403,2017-06-22,1,1,0.8921350240707397,integrated_gradients,attribution,14,140,0.3669788933947872,0.91,0.7055963486512749,0.9066666666666668,0.6470588235294118,10,10,1.0,0.07022221479564905,1.7857142857142858,RH2
timeseries,0,2026-10-05T11:32:36,nodeC027,3.11.9,unknown,13155603,14403,2017-06-22,1,1,0.8921350240707397,gradient_shap,attribution,14,140,0.37401157785293004,0.95,0.7002852227728353,0.6996732026143792,0.5555555555555556,10,10,0.6470588235294118,0.002995674964040518,2.0,RH2
timeseries,0,2026-10-05T11:32:36,nodeC027,3.11.9,unknown,13155603,14403,2017-06-22,1,1,0.8921350240707397,lime,attribution,14,140,0.4106129784035348,0.89,0.6576408291940923,0.875,0.5555555555555556,10,10,0.75,0.015462478157132864,2.2142857142857144,RH2
timeseries,0,2026-10-05T11:32:36,nodeC027,3.11.9,unknown,13155603,14403,2017-06-22,1,1,0.8921350240707397,random,attribution,14,140,0.008494313896029154,0.42,0.3382869132151729,0.029914529914529912,0.0,10,10,0.037037037037037035,1.2695789337158203e-05,6.642857142857143,MaxT
timeseries,0,2026-10-05T11:32:36,nodeC027,3.11.9,unknown,13155603,14408,2017-06-27,1,1,0.9360677003860474,integrated_gradients,attribution,14,140,0.4408252735980072,1.0,0.7786867481453079,0.9483333333333335,0.5555555555555556,10,10,1.0,0.07022762717679143,2.142857142857143,RH2
timeseries,0,2026-10-05T11:32:36,nodeC027,3.11.9,unknown,13155603,14408,2017-06-27,1,1,0.9360677003860474,gradient_shap,attribution,14,140,0.48451184079069776,1.0,0.7798080672921421,0.845,0.5555555555555556,10,10,0.8666666666666667,0.0030024992302060127,2.2857142857142856,RH2
timeseries,0,2026-10-05T11:32:36,nodeC027,3.11.9,unknown,13155603,14408,2017-06-27,1,1,0.9360677003860474,lime,attribution,14,140,0.3597701566610059,0.97,0.7263367586919744,1.0,0.75,10,10,1.0,0.011904222890734673,1.9285714285714286,RH2
timeseries,0,2026-10-05T11:32:36,nodeC027,3.11.9,unknown,13155603,14408,2017-06-27,1,1,0.9360677003860474,random,attribution,14,140,0.0,0.42,0.3340248539660917,0.037606837606837605,0.0,10,10,0.037037037037037035,1.2842006981372833e-05,6.785714285714286,SSH
timeseries,0,2026-10-05T11:32:36,nodeC027,3.11.9,unknown,13155603,14436,2017-07-25,1,1,0.8262447118759155,integrated_gradients,attribution,14,140,0.4748605296490009,0.92,0.7054496195345863,0.96,0.6470588235294118,10,10,1.0,0.07168594421818852,2.5714285714285716,RH2
timeseries,0,2026-10-05T11:32:36,nodeC027,3.11.9,unknown,13155603,14436,2017-07-25,1,1,0.8262447118759155,gradient_shap,attribution,14,140,0.47991355702164884,0.94,0.7291302843166313,0.6907516339869282,0.6470588235294118,10,10,0.8666666666666667,0.0030015013180673122,2.0714285714285716,RH2
timeseries,0,2026-10-05T11:32:36,nodeC027,3.11.9,unknown,13155603,14436,2017-07-25,1,1,0.8262447118759155,lime,attribution,14,140,0.6293126806456113,0.93,0.6560487677162516,0.7805555555555556,0.5555555555555556,10,10,0.75,0.01198738906532526,3.357142857142857,RH2
timeseries,0,2026-10-05T11:32:36,nodeC027,3.11.9,unknown,13155603,14436,2017-07-25,1,1,0.8262447118759155,random,attribution,14,140,0.04467083814081084,0.46,0.3526298768440994,0.06680341880341881,0.0,10,10,0.07692307692307693,1.2205913662910461e-05,7.285714285714286,Wind
timeseries,0,2026-10-05T11:32:36,nodeC027,3.11.9,unknown,13155603,14458,2017-08-16,1,1,0.7133249640464783,integrated_gradients,attribution,14,140,0.7709260924092844,1.0,0.7452338307742975,0.8933333333333333,0.6470588235294118,10,10,1.0,0.02619553590193391,1.2857142857142858,RH2
timeseries,0,2026-10-05T11:32:36,nodeC027,3.11.9,unknown,13155603,14458,2017-08-16,1,1,0.7133249640464783,gradient_shap,attribution,14,140,0.8316925012661261,1.0,0.7067715458629273,0.8130392156862746,0.5555555555555556,10,10,0.8666666666666667,0.0030219238251447678,1.2142857142857142,RH2
timeseries,0,2026-10-05T11:32:36,nodeC027,3.11.9,unknown,13155603,14458,2017-08-16,1,1,0.7133249640464783,lime,attribution,14,140,0.5861536479264401,0.77,0.6676616507689589,0.9,0.5555555555555556,10,10,1.0,0.011683815158903599,1.9285714285714286,RH2
timeseries,0,2026-10-05T11:32:36,nodeC027,3.11.9,unknown,13155603,14458,2017-08-16,1,1,0.7133249640464783,random,attribution,14,140,0.0,0.29,0.31218281368492473,0.05419943019943019,0.0,10,10,0.07692307692307693,1.3568904250860214e-05,6.785714285714286,Wind
timeseries,0,2026-10-05T11:32:36,nodeC027,3.11.9,unknown,13155603,14487,2017-09-14,1,1,0.8674280643463135,integrated_gradients,attribution,14,140,0.5030177227046991,1.0,0.8285382566492482,0.9066666666666668,0.6470588235294118,10,10,1.0,0.07026776997372508,1.2142857142857142,RH2
timeseries,0,2026-10-05T11:32:36,nodeC027,3.11.9,unknown,13155603,14487,2017-09-14,1,1,0.8674280643463135,gradient_shap,attribution,14,140,0.4780696826852585,1.0,0.8007202980956327,0.7099673202614379,0.5555555555555556,10,10,0.8666666666666667,0.003012684639543295,2.2142857142857144,RH2
timeseries,0,2026-10-05T11:32:36,nodeC027,3.11.9,unknown,13155603,14487,2017-09-14,1,1,0.8674280643463135,lime,attribution,14,140,0.4457171006416741,0.99,0.7530427866336259,1.0,0.5555555555555556,10,10,1.0,0.011339284013956785,1.6428571428571428,MinT
timeseries,0,2026-10-05T11:32:36,nodeC027,3.11.9,unknown,13155603,14487,2017-09-14,1,1,0.8674280643463135,random,attribution,14,140,0.006219118538019616,0.44,0.3438553873574193,0.06249572649572649,0.0,10,10,0.037037037037037035,1.2833159416913986e-05,7.857142857142857,Wind
timeseries,0,2026-10-05T11:32:36,nodeC027,3.11.9,unknown,13155603,14506,2017-10-03,1,1,0.636098325252533,integrated_gradients,attribution,14,140,0.46573098715990197,0.7,0.689545030418776,0.9066666666666666,0.47368421052631576,10,10,1.0,0.07002411084249616,1.6428571428571428,RH2
timeseries,0,2026-10-05T11:32:36,nodeC027,3.11.9,unknown,13155603,14506,2017-10-03,1,1,0.636098325252533,gradient_shap,attribution,14,140,0.6933881820572961,0.77,0.7208684630886749,0.8230392156862745,0.5555555555555556,10,10,0.8666666666666667,0.002996412105858326,2.2857142857142856,RH2
timeseries,0,2026-10-05T11:32:36,nodeC027,3.11.9,unknown,13155603,14506,2017-10-03,1,1,0.636098325252533,lime,attribution,14,140,0.6909206172924764,0.63,0.6166742279742441,0.925,0.75,10,10,1.0,0.011053049936890602,3.357142857142857,RH2
timeseries,0,2026-10-05T11:32:36,nodeC027,3.11.9,unknown,13155603,14506,2017-10-03,1,1,0.636098325252533,random,attribution,14,140,0.0,0.35,0.34699835461991146,0.04718518518518518,0.0,10,10,0.0,1.2481119483709335e-05,6.285714285714286,SSH
timeseries,0,2026-10-05T11:32:36,nodeC027,3.11.9,unknown,13155603,14509,2017-10-06,1,1,0.8571663498878479,integrated_gradients,attribution,14,140,0.456787300346676,1.0,0.7521797872066414,0.9733333333333334,0.75,10,10,1.0,0.026860906276851892,0.7142857142857143,Rain
timeseries,0,2026-10-05T11:32:36,nodeC027,3.11.9,unknown,13155603,14509,2017-10-06,1,1,0.8571663498878479,gradient_shap,attribution,14,140,0.7288920729038204,1.0,0.7622817297587596,0.821372549019608,0.6470588235294118,10,10,0.8666666666666667,0.0030197007581591606,0.42857142857142855,RH2
timeseries,0,2026-10-05T11:32:36,nodeC027,3.11.9,unknown,13155603,14509,2017-10-06,1,1,0.8571663498878479,lime,attribution,14,140,0.41251517207066474,0.95,0.6536967905126585,0.925,0.5555555555555556,10,10,0.75,0.012449309229850769,1.0714285714285714,RH2
timeseries,0,2026-10-05T11:32:36,nodeC027,3.11.9,unknown,13155603,14509,2017-10-06,1,1,0.8571663498878479,random,attribution,14,140,0.2407633337772102,0.61,0.33595734811666256,0.07816524216524215,0.0,10,10,0.0,1.2113712728023529e-05,5.428571428571429,MinT
timeseries,0,2026-10-05T11:32:36,nodeC027,3.11.9,unknown,13155603,14510,2017-10-07,1,1,0.7534710764884949,integrated_gradients,attribution,14,140,0.6583298176977137,0.99,0.7278487294408617,0.9083333333333334,0.6470588235294118,10,10,1.0,0.07055059308186173,1.0714285714285714,RH2
timeseries,0,2026-10-05T11:32:36,nodeC027,3.11.9,unknown,13155603,14510,2017-10-07,1,1,0.7534710764884949,gradient_shap,attribution,14,140,0.6827944093997167,0.9,0.7141307997748757,0.9200000000000002,0.75,10,10,0.75,0.0029982998967170715,0.5714285714285714,RH2
timeseries,0,2026-10-05T11:32:36,nodeC027,3.11.9,unknown,13155603,14510,2017-10-07,1,1,0.7534710764884949,lime,attribution,14,140,0.4625697335850932,0.76,0.6512548840965813,0.975,0.5555555555555556,10,10,1.0,0.011049436870962381,1.0714285714285714,RH2
timeseries,0,2026-10-05T11:32:36,nodeC027,3.11.9,unknown,13155603,14510,2017-10-07,1,1,0.7534710764884949,random,attribution,14,140,0.16296780663969812,0.6,0.29866875065898413,0.04989173789173789,0.0,10,10,0.037037037037037035,1.5924684703350067e-05,6.785714285714286,RH1
timeseries,0,2026-10-05T11:32:36,nodeC027,3.11.9,unknown,13155603,14512,2017-10-09,1,1,0.8810538649559021,integrated_gradients,attribution,14,140,0.7248573415207022,1.0,0.7191174809398865,0.9066666666666666,0.8666666666666667,10,10,1.0,0.0058003757148981094,1.6428571428571428,RH2
timeseries,0,2026-10-05T11:32:36,nodeC027,3.11.9,unknown,13155603,14512,2017-10-09,1,1,0.8810538649559021,gradient_shap,attribution,14,140,0.7834395101596028,0.99,0.7302752257308915,0.7849999999999999,0.6470588235294118,10,10,1.0,0.003020139876753092,2.142857142857143,RH2
timeseries,0,2026-10-05T11:32:36,nodeC027,3.11.9,unknown,13155603,14512,2017-10-09,1,1,0.8810538649559021,lime,attribution,14,140,0.6303574348459923,1.0,0.623298231545739,1.0,0.75,10,10,1.0,0.012043132912367582,1.3571428571428572,RH2
timeseries,0,2026-10-05T11:32:36,nodeC027,3.11.9,unknown,13155603,14512,2017-10-09,1,1,0.8810538649559021,random,attribution,14,140,0.050501125349428626,0.44,0.316006821607696,0.07086609686609686,0.0,10,10,0.0,1.2014992535114288e-05,6.785714285714286,Radiation
timeseries,0,2026-10-05T11:32:36,nodeC027,3.11.9,unknown,13155603,14513,2017-10-10,1,1,0.8905816078186035,integrated_gradients,attribution,14,140,0.7414503114818612,1.0,0.7159531670960201,0.9466666666666667,0.75,10,10,1.0,0.005770599003881216,1.2142857142857142,RH2
timeseries,0,2026-10-05T11:32:36,nodeC027,3.11.9,unknown,13155603,14513,2017-10-10,1,1,0.8905816078186035,gradient_shap,attribution,14,140,0.7990409584592691,1.0,0.7248415886623472,0.9333333333333333,0.75,10,10,1.0,0.002986593171954155,1.1428571428571428,RH2
timeseries,0,2026-10-05T11:32:36,nodeC027,3.11.9,unknown,13155603,14513,2017-10-10,1,1,0.8905816078186035,lime,attribution,14,140,0.6393878651914,1.0,0.6304779482392229,1.0,0.5555555555555556,10,10,1.0,0.011091353837400675,1.3571428571428572,RH2
timeseries,0,2026-10-05T11:32:36,nodeC027,3.11.9,unknown,13155603,14513,2017-10-10,1,1,0.8905816078186035,random,attribution,14,140,0.0,0.4,0.33012864771458483,0.04308831908831909,0.0,10,10,0.037037037037037035,1.2098811566829681e-05,7.642857142857143,RH1
timeseries,0,2026-10-05T11:32:36,nodeC027,3.11.9,unknown,13155603,14514,2017-10-11,1,1,0.8606526851654053,integrated_gradients,attribution,14,140,0.7489917659762665,1.0,0.7423341725358049,0.9866666666666667,0.75,10,10,1.0,0.07115874998271465,1.7142857142857142,RH2
timeseries,0,2026-10-05T11:32:36,nodeC027,3.11.9,unknown,13155603,14514,2017-10-11,1,1,0.8606526851654053,gradient_shap,attribution,14,140,0.7537859548583745,1.0,0.6978899560193189,0.8613725490196078,0.5555555555555556,10,10,0.75,0.002992931753396988,2.9285714285714284,RH2
timeseries,0,2026-10-05T11:32:36,nodeC027,3.11.9,unknown,13155603,14514,2017-10-11,1,1,0.8606526851654053,lime,attribution,14,140,0.7134153351437558,0.94,0.637095327856201,1.0,0.75,10,10,0.75,0.011078251991420984,2.2142857142857144,RH2
timeseries,0,2026-10-05T11:32:36,nodeC027,3.11.9,unknown,13155603,14514,2017-10-11,1,1,0.8606526851654053,random,attribution,14,140,0.002347057583454553,0.35,0.37192214017218417,0.0421994301994302,0.0,10,10,0.0,1.1918134987354279e-05,7.142857142857143,Evap
timeseries,0,2026-10-05T11:32:36,nodeC027,3.11.9,unknown,13155603,14517,2017-10-14,1,1,0.6475472450256348,integrated_gradients,attribution,14,140,0.5219445528551073,0.84,0.6984629459973413,1.0,0.75,10,10,1.0,0.0057533010840415955,2.357142857142857,RH2
timeseries,0,2026-10-05T11:32:36,nodeC027,3.11.9,unknown,13155603,14517,2017-10-14,1,1,0.6475472450256348,gradient_shap,attribution,14,140,0.49944776528805124,0.8,0.7283384832340937,0.6985294117647058,0.5555555555555556,10,10,0.8666666666666667,0.0029998482204973698,2.7857142857142856,RH2
timeseries,0,2026-10-05T11:32:36,nodeC027,3.11.9,unknown,13155603,14517,2017-10-14,1,1,0.6475472450256348,lime,attribution,14,140,0.667308639327543,0.79,0.6319951773529044,0.925,0.5555555555555556,10,10,0.75,0.011138373054564,2.2142857142857144,RH2
timeseries,0,2026-10-05T11:32:36,nodeC027,3.11.9,unknown,13155603,14517,2017-10-14,1,1,0.6475472450256348,random,attribution,14,140,0.11894783156173946,0.48,0.31655253812150375,0.05117378917378916,0.0,10,10,0.037037037037037035,1.1858996003866196e-05,5.928571428571429,MinT
timeseries,0,2026-10-05T11:32:36,nodeC027,3.11.9,unknown,13155603,14533,2017-10-30,0,0,0.8396008014678955,integrated_gradients,attribution,14,140,0.27017369668562713,0.98,0.766219922277174,0.9733333333333334,0.5555555555555556,10,10,1.0,0.07106572017073631,3.2857142857142856,Wind
timeseries,0,2026-10-05T11:32:36,nodeC027,3.11.9,unknown,13155603,14533,2017-10-30,0,0,0.8396008014678955,gradient_shap,attribution,14,140,0.30783483707842674,1.0,0.7725348636397051,0.689607843137255,0.4,10,10,0.5555555555555556,0.0030246241949498653,2.4285714285714284,MinT
timeseries,0,2026-10-05T11:32:36,nodeC027,3.11.9,unknown,13155603,14533,2017-10-30,0,0,0.8396008014678955,lime,attribution,14,140,0.1603367673413429,0.99,0.691831107858649,0.85,0.4,10,10,1.0,0.025843530893325806,3.0714285714285716,Wind
timeseries,0,2026-10-05T11:32:36,nodeC027,3.11.9,unknown,13155603,14533,2017-10-30,0,0,0.8396008014678955,random,attribution,14,140,0.0007398039665021648,0.64,0.3513791639831221,0.06986894586894585,0.0,10,10,0.07692307692307693,1.2048054486513138e-05,5.642857142857143,SSH
timeseries,0,2026-10-05T11:32:36,nodeC027,3.11.9,unknown,13155603,14549,2017-11-15,0,0,0.8078754544258118,integrated_gradients,attribution,14,140,0.11163560131982657,0.88,0.7196222141053552,0.821372549019608,0.47368421052631576,10,10,1.0,0.005807535722851753,2.5714285714285716,MinT
timeseries,0,2026-10-05T11:32:36,nodeC027,3.11.9,unknown,13155603,14549,2017-11-15,0,0,0.8078754544258118,gradient_shap,attribution,14,140,0.15813453572262806,1.0,0.7449560372304546,0.6320089439284485,0.47368421052631576,10,10,0.5555555555555556,0.0030039376579225063,1.1428571428571428,MinT
timeseries,0,2026-10-05T11:32:36,nodeC027,3.11.9,unknown,13155603,14549,2017-11-15,0,0,0.8078754544258118,lime,attribution,14,140,0.0,0.93,0.6282820584094786,0.95,0.5555555555555556,10,10,1.0,0.01177421910688281,4.785714285714286,Wind
timeseries,0,2026-10-05T11:32:36,nodeC027,3.11.9,unknown,13155603,14549,2017-11-15,0,0,0.8078754544258118,random,attribution,14,140,0.028638468833550663,0.67,0.28076767610338504,0.05758404558404558,0.0,10,10,0.07692307692307693,1.2812670320272446e-05,5.857142857142857,MaxT
timeseries,0,2026-10-05T11:32:36,nodeC027,3.11.9,unknown,13155603,14552,2017-11-18,0,0,0.8827513456344604,integrated_gradients,attribution,14,140,0.09144807162134515,0.96,0.6959593562640473,0.9333333333333333,0.4,10,10,1.0,0.005776452831923962,3.2857142857142856,Wind
timeseries,0,2026-10-05T11:32:36,nodeC027,3.11.9,unknown,13155603,14552,2017-11-18,0,0,0.8827513456344604,gradient_shap,attribution,14,140,0.1392025447481484,0.99,0.6856352995702769,0.5157505394502299,0.4,10,10,0.75,0.0030026771128177643,3.357142857142857,Wind
timeseries,0,2026-10-05T11:32:36,nodeC027,3.11.9,unknown,13155603,14552,2017-11-18,0,0,0.8827513456344604,lime,attribution,14,140,0.17895005506373687,0.83,0.6323213152875915,0.925,0.4,10,10,1.0,0.012038061860948801,4.5,Wind
timeseries,0,2026-10-05T11:32:36,nodeC027,3.11.9,unknown,13155603,14552,2017-11-18,0,0,0.8827513456344604,random,attribution,14,140,0.012242988066935356,0.69,0.3587362845195292,0.04618803418803419,0.0,10,10,0.07692307692307693,1.2600794434547424e-05,6.642857142857143,FAO56_ET
timeseries,0,2026-10-05T11:32:36,nodeC027,3.11.9,unknown,13155603,14601,2018-01-06,0,0,0.9944764971733093,integrated_gradients,attribution,14,140,0.26136634096208905,1.0,0.8247994041080844,0.96,0.6470588235294118,10,10,1.0,0.005815582815557718,0.5714285714285714,MinT
timeseries,0,2026-10-05T11:32:36,nodeC027,3.11.9,unknown,13155603,14601,2018-01-06,0,0,0.9944764971733093,gradient_shap,attribution,14,140,0.14231498164139547,1.0,0.7971630753770339,0.5492948056415549,0.3333333333333333,10,10,0.5555555555555556,0.00300393532961607,1.4285714285714286,MinT
timeseries,0,2026-10-05T11:32:36,nodeC027,3.11.9,unknown,13155603,14601,2018-01-06,0,0,0.9944764971733093,lime,attribution,14,140,0.24461533177976003,1.0,0.7304710840186929,0.85,0.5555555555555556,10,10,0.5555555555555556,0.011077248025685549,1.0714285714285714,MinT
timeseries,0,2026-10-05T11:32:36,nodeC027,3.11.9,unknown,13155603,14601,2018-01-06,0,0,0.9944764971733093,random,attribution,14,140,0.001671067245637535,0.61,0.35544727631374684,0.07851851851851852,0.0,10,10,0.12,1.2473203241825104e-05,5.785714285714286,FAO56_ET
timeseries,0,2026-10-05T11:32:36,nodeC027,3.11.9,unknown,13155603,14605,2018-01-10,0,0,0.9892634749412537,integrated_gradients,attribution,14,140,0.3152789402140267,1.0,0.8266560878584905,0.9866666666666667,0.75,10,10,1.0,0.07113091601058841,0.7142857142857143,MinT
timeseries,0,2026-10-05T11:32:36,nodeC027,3.11.9,unknown,13155603,14605,2018-01-10,0,0,0.9892634749412537,gradient_shap,attribution,14,140,0.13662162522857174,1.0,0.8202406725362505,0.7031527347781219,0.4,10,10,0.5555555555555556,0.00301169091835618,2.0,MinT
timeseries,0,2026-10-05T11:32:36,nodeC027,3.11.9,unknown,13155603,14605,2018-01-10,0,0,0.9892634749412537,lime,attribution,14,140,0.26362011598782364,1.0,0.7237150513629231,0.875,0.5555555555555556,10,10,1.0,0.01598657388240099,1.0714285714285714,MinT
timeseries,0,2026-10-05T11:32:36,nodeC027,3.11.9,unknown,13155603,14605,2018-01-10,0,0,0.9892634749412537,random,attribution,14,140,1.2050307382253284e-05,0.62,0.3357918105056681,0.06764226433791651,0.0,10,10,0.037037037037037035,1.2774951756000519e-05,8.785714285714286,RH2
timeseries,0,2026-10-05T11:32:36,nodeC027,3.11.9,unknown,13155603,14612,2018-01-17,0,0,0.9517247676849365,integrated_gradients,attribution,14,140,0.20376598611711993,1.0,0.8045592277779738,0.9866666666666667,0.75,10,10,1.0,0.005792548879981041,0.6428571428571429,MinT
timeseries,0,2026-10-05T11:32:36,nodeC027,3.11.9,unknown,13155603,14612,2018-01-17,0,0,0.9517247676849365,gradient_shap,attribution,14,140,0.14560916152845454,1.0,0.8102144754276583,0.6834967320261439,0.4,10,10,0.75,0.003012910019606352,0.7142857142857143,MinT
timeseries,0,2026-10-05T11:32:36,nodeC027,3.11.9,unknown,13155603,14612,2018-01-17,0,0,0.9517247676849365,lime,attribution,14,140,0.22187412868756956,0.94,0.7291010425430811,1.0,0.75,10,10,0.75,0.012144779320806265,1.0714285714285714,MinT
timeseries,0,2026-10-05T11:32:36,nodeC027,3.11.9,unknown,13155603,14612,2018-01-17,0,0,0.9517247676849365,random,attribution,14,140,0.0,0.6,0.31299654719083336,0.045584045584045586,0.037037037037037035,10,10,0.037037037037037035,1.2432225048542023e-05,6.857142857142857,Wind
timeseries,0,2026-10-05T11:32:36,nodeC027,3.11.9,unknown,13155603,14656,2018-03-02,0,0,0.9956597685813904,integrated_gradients,attribution,14,140,0.31367054869798067,1.0,0.8113813199226413,0.9200000000000002,0.6470588235294118,10,10,1.0,0.005788804963231087,0.8571428571428571,RH2
timeseries,0,2026-10-05T11:32:36,nodeC027,3.11.9,unknown,13155603,14656,2018-03-02,0,0,0.9956597685813904,gradient_shap,attribution,14,140,0.3144566889236781,1.0,0.8424071640925357,0.7099673202614379,0.5555555555555556,10,10,0.75,0.002998578827828169,0.7142857142857143,RH2
timeseries,0,2026-10-05T11:32:36,nodeC027,3.11.9,unknown,13155603,14656,2018-03-02,0,0,0.9956597685813904,lime,attribution,14,140,0.3164068339124323,0.99,0.6897034639957322,0.825,0.5555555555555556,10,10,0.75,0.012484597973525524,1.6428571428571428,RH2
timeseries,0,2026-10-05T11:32:36,nodeC027,3.11.9,unknown,13155603,14656,2018-03-02,0,0,0.9956597685813904,random,attribution,14,140,0.00031536603022952215,0.54,0.3693992196353457,0.04618803418803419,0.0,10,10,0.12,1.2638978660106659e-05,5.857142857142857,MaxT
timeseries,0,2026-10-05T11:32:36,nodeC027,3.11.9,unknown,13155603,14680,2018-03-26,0,0,0.9842236638069153,integrated_gradients,attribution,14,140,0.37225718186301276,1.0,0.756504213181162,1.0,0.75,10,10,1.0,0.005776930134743452,0.5,RH2
timeseries,0,2026-10-05T11:32:36,nodeC027,3.11.9,unknown,13155603,14680,2018-03-26,0,0,0.9842236638069153,gradient_shap,attribution,14,140,0.40109448986415347,1.0,0.7787895421255544,0.7241503267973857,0.5555555555555556,10,10,0.75,0.003013929817825556,1.2142857142857142,RH2
timeseries,0,2026-10-05T11:32:36,nodeC027,3.11.9,unknown,13155603,14680,2018-03-26,0,0,0.9842236638069153,lime,attribution,14,140,0.3697317667737591,1.0,0.6954468207382964,0.925,0.5555555555555556,10,10,0.75,0.011822672095149755,0.7857142857142857,RH2
timeseries,0,2026-10-05T11:32:36,nodeC027,3.11.9,unknown,13155603,14680,2018-03-26,0,0,0.9842236638069153,random,attribution,14,140,0.004937703985209295,0.66,0.32881199028396724,0.042592592592592585,0.0,10,10,0.16666666666666666,1.2334436178207397e-05,6.428571428571429,SSH
timeseries,0,2026-10-05T11:32:36,nodeC027,3.11.9,unknown,13155603,14706,2018-04-21,0,0,0.7573639154434204,integrated_gradients,attribution,14,140,0.2962694245713479,1.0,0.8295499975383855,0.9200000000000002,0.75,10,10,1.0,0.07042796118184924,0.42857142857142855,MinT
timeseries,0,2026-10-05T11:32:36,nodeC027,3.11.9,unknown,13155603,14706,2018-04-21,0,0,0.7573639154434204,gradient_shap,attribution,14,140,0.29211846448475254,1.0,0.8454323670768388,0.7760784313725491,0.6470588235294118,10,10,0.8666666666666667,0.0030085337348282337,0.5,RH2
timeseries,0,2026-10-05T11:32:36,nodeC027,3.11.9,unknown,13155603,14706,2018-04-21,0,0,0.7573639154434204,lime,attribution,14,140,0.20803555168560742,0.93,0.7887642528579322,0.975,0.75,10,10,1.0,0.012160277925431728,0.5,MaxT
timeseries,0,2026-10-05T11:32:36,nodeC027,3.11.9,unknown,13155603,14706,2018-04-21,0,0,0.7573639154434204,random,attribution,14,140,0.0,0.61,0.3379792708053443,0.047470085470085466,0.0,10,10,0.07692307692307693,1.2975651770830154e-05,8.642857142857142,MaxT
timeseries,0,2026-10-05T11:32:36,nodeC027,3.11.9,unknown,13155603,14758,2018-06-12,1,1,0.8250303268432617,integrated_gradients,attribution,14,140,0.38538176385852874,1.0,0.7931162980584586,0.9333333333333333,0.75,10,10,1.0,0.0711352527141571,1.2857142857142858,RH2
timeseries,0,2026-10-05T11:32:36,nodeC027,3.11.9,unknown,13155603,14758,2018-06-12,1,1,0.8250303268432617,gradient_shap,attribution,14,140,0.36797004358781943,1.0,0.7658822799128701,0.7566339869281047,0.5555555555555556,10,10,0.75,0.0032076090574264526,0.5,RH2
timeseries,0,2026-10-05T11:32:36,nodeC027,3.11.9,unknown,13155603,14758,2018-06-12,1,1,0.8250303268432617,lime,attribution,14,140,0.33502079331088475,1.0,0.7416263126033216,0.975,0.5555555555555556,10,10,1.0,0.011763365939259529,0.7857142857142857,RH2
timeseries,0,2026-10-05T11:32:36,nodeC027,3.11.9,unknown,13155603,14758,2018-06-12,1,1,0.8250303268432617,random,attribution,14,140,0.006359835138878423,0.46,0.30206016912271605,0.07916239316239317,0.037037037037037035,10,10,0.07692307692307693,1.2357253581285477e-05,7.428571428571429,Radiation
timeseries,0,2026-10-05T11:32:36,nodeC027,3.11.9,unknown,13155603,14783,2018-07-07,1,1,0.8240666389465332,integrated_gradients,attribution,14,140,0.41695640808688494,1.0,0.8190435453117614,0.9733333333333334,0.5555555555555556,10,10,1.0,0.07173590362071991,0.5714285714285714,MinT
timeseries,0,2026-10-05T11:32:36,nodeC027,3.11.9,unknown,13155603,14783,2018-07-07,1,1,0.8240666389465332,gradient_shap,attribution,14,140,0.37207333439127827,0.99,0.8262496629151792,0.741078431372549,0.5555555555555556,10,10,0.75,0.0030057188123464584,0.6428571428571429,MinT
timeseries,0,2026-10-05T11:32:36,nodeC027,3.11.9,unknown,13155603,14783,2018-07-07,1,1,0.8240666389465332,lime,attribution,14,140,0.3762918296319003,1.0,0.756652451333798,0.9,0.5555555555555556,10,10,1.0,0.02130627306178212,0.7857142857142857,MinT
timeseries,0,2026-10-05T11:32:36,nodeC027,3.11.9,unknown,13155603,14783,2018-07-07,1,1,0.8240666389465332,random,attribution,14,140,0.01084991507749495,0.42,0.32594724599610414,0.04618803418803419,0.0,10,10,0.07692307692307693,1.2021977454423904e-05,5.857142857142857,RH2
timeseries,0,2026-10-05T11:32:36,nodeC027,3.11.9,unknown,13155603,14790,2018-07-14,1,1,0.7870513200759888,integrated_gradients,attribution,14,140,0.4406243872840902,1.0,0.78865854189713,0.96,0.75,10,10,1.0,0.06988069508224726,1.0714285714285714,RH2
timeseries,0,2026-10-05T11:32:36,nodeC027,3.11.9,unknown,13155603,14790,2018-07-14,1,1,0.7870513200759888,gradient_shap,attribution,14,140,0.3942025118805828,0.99,0.77584211371523,0.7554901960784314,0.5555555555555556,10,10,0.5555555555555556,0.0030253641307353973,0.9285714285714286,RH2
timeseries,0,2026-10-05T11:32:36,nodeC027,3.11.9,unknown,13155603,14790,2018-07-14,1,1,0.7870513200759888,lime,attribution,14,140,0.34283638590971327,0.9,0.7267942350391912,0.9,0.5555555555555556,10,10,1.0,0.011056221090257168,1.3571428571428572,RH2
timeseries,0,2026-10-05T11:32:36,nodeC027,3.11.9,unknown,13155603,14790,2018-07-14,1,1,0.7870513200759888,random,attribution,14,140,0.23455687060098848,0.67,0.342006083270187,0.041595441595441596,0.0,10,10,0.037037037037037035,1.2655742466449738e-05,4.785714285714286,RH1
timeseries,0,2026-10-05T11:32:36,nodeC027,3.11.9,unknown,13155603,14792,2018-07-16,1,1,0.864613950252533,integrated_gradients,attribution,14,140,0.48499367322690934,0.98,0.7541469156582123,0.9333333333333333,0.6470588235294118,10,10,1.0,0.005963889881968498,1.9285714285714286,RH2
timeseries,0,2026-10-05T11:32:36,nodeC027,3.11.9,unknown,13155603,14792,2018-07-16,1,1,0.864613950252533,gradient_shap,attribution,14,140,0.36451429995488016,1.0,0.7499492149922021,0.7880392156862746,0.6470588235294118,10,10,0.75,0.003003349993377924,1.0,RH2
timeseries,0,2026-10-05T11:32:36,nodeC027,3.11.9,unknown,13155603,14792,2018-07-16,1,1,0.864613950252533,lime,attribution,14,140,0.2768658637932443,0.97,0.6888742039524783,0.975,0.75,10,10,1.0,0.011207747738808393,1.9285714285714286,RH2
timeseries,0,2026-10-05T11:32:36,nodeC027,3.11.9,unknown,13155603,14792,2018-07-16,1,1,0.864613950252533,random,attribution,14,140,0.0,0.44,0.3305275192287711,0.041914529914529916,0.0,10,10,0.0,1.2166332453489304e-05,7.928571428571429,Wind
timeseries,0,2026-10-05T11:32:36,nodeC027,3.11.9,unknown,13155603,14809,2018-08-02,1,1,0.730882465839386,integrated_gradients,attribution,14,140,0.4257988775725151,0.95,0.8125017824867493,0.9866666666666667,0.75,10,10,1.0,0.005798935890197754,1.7142857142857142,RH2
timeseries,0,2026-10-05T11:32:36,nodeC027,3.11.9,unknown,13155603,14809,2018-08-02,1,1,0.730882465839386,gradient_shap,attribution,14,140,0.371498550868594,1.0,0.8157697948619789,0.6999019607843138,0.6470588235294118,10,10,0.6470588235294118,0.003101660870015621,0.7857142857142857,MinT
timeseries,0,2026-10-05T11:32:36,nodeC027,3.11.9,unknown,13155603,14809,2018-08-02,1,1,0.730882465839386,lime,attribution,14,140,0.2878537923090793,0.95,0.7496536130820847,1.0,0.5555555555555556,10,10,1.0,0.01343655213713646,0.7857142857142857,MinT
timeseries,0,2026-10-05T11:32:36,nodeC027,3.11.9,unknown,13155603,14809,2018-08-02,1,1,0.730882465839386,random,attribution,14,140,0.0,0.34,0.29736443784835,0.05818803418803418,0.0,10,10,0.0,1.2381933629512787e-05,6.785714285714286,RH1
timeseries,0,2026-10-05T11:32:36,nodeC027,3.11.9,unknown,13155603,14816,2018-08-09,1,1,0.7679057717323303,integrated_gradients,attribution,14,140,0.43325288564959297,0.98,0.8550557956531526,1.0,0.8666666666666667,10,10,1.0,0.005783967208117247,0.7142857142857143,MinT
timeseries,0,2026-10-05T11:32:36,nodeC027,3.11.9,unknown,13155603,14816,2018-08-09,1,1,0.7679057717323303,gradient_shap,attribution,14,140,0.4961204102575726,0.99,0.8094269526067164,0.7527450980392156,0.75,10,10,0.8666666666666667,0.0030001639388501644,0.7142857142857143,MinT
timeseries,0,2026-10-05T11:32:36,nodeC027,3.11.9,unknown,13155603,14816,2018-08-09,1,1,0.7679057717323303,lime,attribution,14,140,0.33975618553632253,0.94,0.7628707617267774,0.975,0.75,10,10,1.0,0.011005908250808716,1.0714285714285714,MinT
timeseries,0,2026-10-05T11:32:36,nodeC027,3.11.9,unknown,13155603,14816,2018-08-09,1,1,0.7679057717323303,random,attribution,14,140,0.0,0.41,0.3226753407850673,0.05299145299145299,0.0,10,10,0.12,1.2665055692195892e-05,6.642857142857143,Evap
timeseries,0,2026-10-05T11:32:36,nodeC027,3.11.9,unknown,13155603,14818,2018-08-11,1,1,0.8999617099761963,integrated_gradients,attribution,14,140,0.4850297890197215,1.0,0.8624026453167213,0.9333333333333333,0.75,10,10,1.0,0.005779400002211332,1.2857142857142858,RH2
timeseries,0,2026-10-05T11:32:36,nodeC027,3.11.9,unknown,13155603,14818,2018-08-11,1,1,0.8999617099761963,gradient_shap,attribution,14,140,0.500831652631604,1.0,0.85901938635556,0.816078431372549,0.6470588235294118,10,10,0.6470588235294118,0.003016265109181404,0.5714285714285714,RH2
timeseries,0,2026-10-05T11:32:36,nodeC027,3.11.9,unknown,13155603,14818,2018-08-11,1,1,0.8999617099761963,lime,attribution,14,140,0.44386434147443793,1.0,0.7170682077177511,1.0,0.75,10,10,1.0,0.012525951955467463,1.3571428571428572,MinT
timeseries,0,2026-10-05T11:32:36,nodeC027,3.11.9,unknown,13155603,14818,2018-08-11,1,1,0.8999617099761963,random,attribution,14,140,0.11080637123934985,0.71,0.30598878033891674,0.05356125356125356,0.0,10,10,0.037037037037037035,1.2083910405635834e-05,6.0,Wind
timeseries,0,2026-10-05T11:32:36,nodeC027,3.11.9,unknown,13155603,14828,2018-08-21,1,1,0.8973637819290161,integrated_gradients,attribution,14,140,0.5250864714047563,1.0,0.7197359816627137,0.9083333333333334,0.6470588235294118,10,10,1.0,0.07199253095313907,1.1428571428571428,RH2
timeseries,0,2026-10-05T11:32:36,nodeC027,3.11.9,unknown,13155603,14828,2018-08-21,1,1,0.8973637819290161,gradient_shap,attribution,14,140,0.49859251905612295,1.0,0.7697757114409673,0.9350000000000002,0.75,10,10,0.8666666666666667,0.00301011698320508,0.6428571428571429,RH2
timeseries,0,2026-10-05T11:32:36,nodeC027,3.11.9,unknown,13155603,14828,2018-08-21,1,1,0.8973637819290161,lime,attribution,14,140,0.5493340004753154,1.0,0.6382878417225417,1.0,0.75,10,10,1.0,0.01120504830032587,1.3571428571428572,RH2
timeseries,0,2026-10-05T11:32:36,nodeC027,3.11.9,unknown,13155603,14828,2018-08-21,1,1,0.8973637819290161,random,attribution,14,140,0.0,0.33,0.3238292288186948,0.022507122507122508,0.0,10,10,0.037037037037037035,1.3748649507761002e-05,4.857142857142857,MaxT
