modality,seed,date,host,python,commit,slurm_job,instance,y_true,y_pred,p_pred,method,kind,k,d,fid_del,fid_suf,sparsity,stability,robustness,n_valid_stab,n_valid_rob,consistency,time_s,auc_gt,auc_gt_signed,precision_gt,n_gt_edges
graph,2,2026-10-07T09:40:32,nodeGcor2,3.11.9,unknown,13158093,300,1,1,0.9106757044792175,gnnexplainer,attribution,6,7,0.15547736923329966,1.0,0.10579423484697725,1.0,1.0,10,10,1.0,0.4274944239296019,1.0,1.0,1.0,6
graph,2,2026-10-07T09:40:32,nodeGcor2,3.11.9,unknown,13158093,300,1,1,0.9106757044792175,pgexplainer,attribution,6,7,0.15547736923329966,1.0,0.0,1.0,1.0,10,10,1.0,0.009282179176807404,0.5,0.5,1.0,6
graph,2,2026-10-07T09:40:32,nodeGcor2,3.11.9,unknown,13158093,300,1,1,0.9106757044792175,integrated_gradients,attribution,6,7,0.15547311491764004,0.5,0.2561067310263869,0.7142857142857143,0.7142857142857143,10,10,1.0,0.2234366717748344,0.5,0.16666666666666666,0.8333333333333334,6
graph,2,2026-10-07T09:40:32,nodeGcor2,3.11.9,unknown,13158093,300,1,1,0.9106757044792175,lime,attribution,6,7,0.15547736923329966,1.0,0.33869650152069664,0.7142857142857143,0.7142857142857143,10,10,1.0,0.04524618899449706,0.6666666666666666,0.5,0.8333333333333334,6
graph,2,2026-10-07T09:40:32,nodeGcor2,3.11.9,unknown,13158093,300,1,1,0.9106757044792175,random,attribution,6,7,0.15547725868356665,1.0,0.3185567014856675,0.7428571428571429,0.7142857142857143,10,10,0.7142857142857143,2.2148247808218002e-05,0.6666666666666666,0.6666666666666666,0.8333333333333334,6
graph,2,2026-10-07T09:40:32,nodeGcor2,3.11.9,unknown,13158093,305,1,0,0.44412103295326233,gnnexplainer,attribution,6,111,0.7682136993441983,0.37,0.5221048811914395,0.21333333333333332,0.09090909090909091,10,10,0.09090909090909091,0.43920101411640644,0.9682539682539683,0.9682539682539683,0.5,6
graph,2,2026-10-07T09:40:32,nodeGcor2,3.11.9,unknown,13158093,305,1,0,0.44412103295326233,pgexplainer,attribution,6,111,0.0,0.28,0.6901157957001807,0.8,0.3333333333333333,10,10,1.0,0.004317060112953186,0.9380952380952381,0.9380952380952381,0.0,6
graph,2,2026-10-07T09:40:32,nodeGcor2,3.11.9,unknown,13158093,305,1,0,0.44412103295326233,integrated_gradients,attribution,6,111,0.7353654530807586,0.52,0.7565657248738462,1.0,0.7142857142857143,10,10,1.0,0.20640984596684575,0.9650793650793651,0.4857142857142857,0.5,6
graph,2,2026-10-07T09:40:32,nodeGcor2,3.11.9,unknown,13158093,305,1,0,0.44412103295326233,lime,attribution,6,111,0.9871287219838986,0.92,0.5923613352732091,0.7142857142857143,0.7142857142857143,10,10,0.7142857142857143,0.053835655096918344,0.8222222222222222,0.4666666666666667,0.0,6
graph,2,2026-10-07T09:40:32,nodeGcor2,3.11.9,unknown,13158093,305,1,0,0.44412103295326233,random,attribution,6,111,0.468936928630552,0.36,0.3245267280104962,0.00909090909090909,0.0,10,10,0.2,2.044299617409706e-05,0.5952380952380952,0.5952380952380952,0.0,6
graph,2,2026-10-07T09:40:32,nodeGcor2,3.11.9,unknown,13158093,306,1,1,0.7058809995651245,gnnexplainer,attribution,6,14,0.0,0.52,0.2343432937990082,0.7142857142857143,0.7142857142857143,10,10,0.7142857142857143,0.42314742831513286,0.8958333333333334,0.8958333333333334,0.8333333333333334,6
graph,2,2026-10-07T09:40:32,nodeGcor2,3.11.9,unknown,13158093,306,1,1,0.7058809995651245,pgexplainer,attribution,6,14,0.0,1.0,0.461954434377445,0.8571428571428571,0.7142857142857143,10,10,1.0,0.004167109727859497,1.0,1.0,1.0,6
graph,2,2026-10-07T09:40:32,nodeGcor2,3.11.9,unknown,13158093,306,1,1,0.7058809995651245,integrated_gradients,attribution,6,14,0.0,1.0,0.5469558737452638,1.0,1.0,10,10,1.0,0.19901768304407597,1.0,0.6666666666666666,1.0,6
graph,2,2026-10-07T09:40:32,nodeGcor2,3.11.9,unknown,13158093,306,1,1,0.7058809995651245,lime,attribution,6,14,0.0,0.51,0.5076619499196879,0.7142857142857143,0.5,10,10,1.0,0.04444222804158926,0.9791666666666666,0.35416666666666663,0.8333333333333334,6
graph,2,2026-10-07T09:40:32,nodeGcor2,3.11.9,unknown,13158093,306,1,1,0.7058809995651245,random,attribution,6,14,0.9210324068245372,0.54,0.2662060944877307,0.2666666666666667,0.2,10,10,0.2,8.455943316221237e-06,0.45833333333333337,0.45833333333333337,0.3333333333333333,6
graph,2,2026-10-07T09:40:32,nodeGcor2,3.11.9,unknown,13158093,310,1,1,0.9106757044792175,gnnexplainer,attribution,6,7,0.15547736923329966,1.0,0.10579423484697725,1.0,1.0,10,10,1.0,0.419909386895597,1.0,1.0,1.0,6
graph,2,2026-10-07T09:40:32,nodeGcor2,3.11.9,unknown,13158093,310,1,1,0.9106757044792175,pgexplainer,attribution,6,7,0.15547736923329966,1.0,0.0,1.0,1.0,10,10,1.0,0.004051306750625372,0.5,0.5,1.0,6
graph,2,2026-10-07T09:40:32,nodeGcor2,3.11.9,unknown,13158093,310,1,1,0.9106757044792175,integrated_gradients,attribution,6,7,0.15547311491764004,0.42,0.256106731744155,0.7142857142857143,0.7142857142857143,10,10,1.0,0.2007511151023209,0.5,0.16666666666666666,0.8333333333333334,6
graph,2,2026-10-07T09:40:32,nodeGcor2,3.11.9,unknown,13158093,310,1,1,0.9106757044792175,lime,attribution,6,7,0.15547736923329966,1.0,0.33869651058871053,0.7142857142857143,0.7142857142857143,10,10,1.0,0.043141788337379694,0.6666666666666666,0.5,0.8333333333333334,6
graph,2,2026-10-07T09:40:32,nodeGcor2,3.11.9,unknown,13158093,310,1,1,0.9106757044792175,random,attribution,6,7,0.15547311491764004,1.0,0.2070126050169303,0.7714285714285716,0.7142857142857143,10,10,0.7142857142857143,9.356997907161713e-06,0.0,0.0,0.8333333333333334,6
graph,2,2026-10-07T09:40:32,nodeGcor2,3.11.9,unknown,13158093,311,1,1,0.6933072805404663,gnnexplainer,attribution,6,14,0.0,0.47,0.2958611799147711,0.7142857142857143,0.7142857142857143,10,10,0.7142857142857143,0.42595652397722006,0.8958333333333334,0.8958333333333334,0.8333333333333334,6
graph,2,2026-10-07T09:40:32,nodeGcor2,3.11.9,unknown,13158093,311,1,1,0.6933072805404663,pgexplainer,attribution,6,14,0.4090287870444759,0.62,1.1860123038109904e-06,0.4499999999999999,0.3333333333333333,10,10,1.0,0.0041272928938269615,0.5625,0.5625,0.0,6
graph,2,2026-10-07T09:40:32,nodeGcor2,3.11.9,unknown,13158093,311,1,1,0.6933072805404663,integrated_gradients,attribution,6,14,0.0,0.89,0.524948663291531,0.8,0.7142857142857143,10,10,1.0,0.1970278169028461,1.0,0.6666666666666666,1.0,6
graph,2,2026-10-07T09:40:32,nodeGcor2,3.11.9,unknown,13158093,311,1,1,0.6933072805404663,lime,attribution,6,14,0.0,0.26,0.579266978676032,0.6928571428571428,0.5,10,10,0.7142857142857143,0.044211615808308125,0.7708333333333334,0.375,0.6666666666666666,6
graph,2,2026-10-07T09:40:32,nodeGcor2,3.11.9,unknown,13158093,311,1,1,0.6933072805404663,random,attribution,6,14,0.9712852707815088,0.68,0.31461049332346247,0.3505194805194805,0.09090909090909091,10,10,0.09090909090909091,2.2469088435173035e-05,0.35416666666666663,0.35416666666666663,0.3333333333333333,6
graph,2,2026-10-07T09:40:32,nodeGcor2,3.11.9,unknown,13158093,312,2,3,0.45752424001693726,gnnexplainer,attribution,6,162,0.7696759164265997,0.2,0.5401823415589706,0.09090909090909091,0.2,10,10,0.5,0.4215628560632467,0.9636752136752137,0.9636752136752137,0.3333333333333333,6
graph,2,2026-10-07T09:40:32,nodeGcor2,3.11.9,unknown,13158093,312,2,3,0.45752424001693726,pgexplainer,attribution,6,162,0.9764444338612875,0.48,0.9345539024050822,0.9428571428571428,0.5,10,10,1.0,0.0043394481763243675,0.9967948717948718,0.9967948717948718,0.8333333333333334,6
graph,2,2026-10-07T09:40:32,nodeGcor2,3.11.9,unknown,13158093,312,2,3,0.45752424001693726,integrated_gradients,attribution,6,162,0.9999890429517269,0.79,0.9385800093010352,1.0,1.0,10,10,1.0,0.20561187388375401,0.9946581196581197,0.6613247863247863,0.8333333333333334,6
graph,2,2026-10-07T09:40:32,nodeGcor2,3.11.9,unknown,13158093,312,2,3,0.45752424001693726,lime,attribution,6,162,0.516452941597187,0.34,0.46980050592483713,0.6928571428571428,0.5,10,10,0.7142857142857143,0.06893484108150005,0.9145299145299144,0.7916666666666665,0.6666666666666666,6
graph,2,2026-10-07T09:40:32,nodeGcor2,3.11.9,unknown,13158093,312,2,3,0.45752424001693726,random,attribution,6,162,0.0,0.18,0.3171873456262164,0.00909090909090909,0.0,10,10,0.09090909090909091,8.664093911647797e-06,0.5416666666666667,0.5416666666666667,0.0,6
graph,2,2026-10-07T09:40:32,nodeGcor2,3.11.9,unknown,13158093,315,1,1,0.9717179536819458,gnnexplainer,attribution,6,540,0.11446511815634224,0.43,0.7436445935802605,0.6714285714285715,0.3333333333333333,10,10,0.5,0.4484736742451787,0.9962546816479401,0.9962546816479401,0.6666666666666666,6
graph,2,2026-10-07T09:40:32,nodeGcor2,3.11.9,unknown,13158093,315,1,1,0.9717179536819458,pgexplainer,attribution,6,540,0.002873753229675388,0.57,0.8587265025679249,0.7904761904761906,0.0,10,10,1.0,0.0044279140420258045,0.9719101123595505,0.9719101123595505,0.0,6
graph,2,2026-10-07T09:40:32,nodeGcor2,3.11.9,unknown,13158093,315,1,1,0.9717179536819458,integrated_gradients,attribution,6,540,0.20852857682644368,0.99,0.8854699578376807,1.0,0.7142857142857143,10,10,1.0,0.2041313680820167,0.9987515605493134,0.499063670411985,0.8333333333333334,6
graph,2,2026-10-07T09:40:32,nodeGcor2,3.11.9,unknown,13158093,315,1,1,0.9717179536819458,lime,attribution,6,540,0.9999999999999435,1.0,0.43531175205635564,0.5214285714285715,0.5,10,10,0.5,0.20853473106399179,0.9747191011235955,0.5137328339575531,0.8333333333333334,6
graph,2,2026-10-07T09:40:32,nodeGcor2,3.11.9,unknown,13158093,315,1,1,0.9717179536819458,random,attribution,6,540,0.0020564053115063007,0.49,0.3154763735745262,0.00909090909090909,0.0,10,10,0.0,2.608494833111763e-05,0.3710986267166042,0.3710986267166042,0.0,6
graph,2,2026-10-07T09:40:32,nodeGcor2,3.11.9,unknown,13158093,317,2,3,0.46647655963897705,gnnexplainer,attribution,6,7,0.5257225174280472,1.0,0.1030084265761202,1.0,1.0,10,10,1.0,0.4335192758589983,1.0,1.0,1.0,6
graph,2,2026-10-07T09:40:32,nodeGcor2,3.11.9,unknown,13158093,317,2,3,0.46647655963897705,pgexplainer,attribution,6,7,0.5257225174280472,1.0,5.108969847178457e-08,1.0,1.0,10,10,1.0,0.004069645889103413,1.0,1.0,1.0,6
graph,2,2026-10-07T09:40:32,nodeGcor2,3.11.9,unknown,13158093,317,2,3,0.46647655963897705,integrated_gradients,attribution,6,7,0.5257225174280472,1.0,0.1289003413378612,1.0,1.0,10,10,1.0,0.19798309495672584,1.0,0.6666666666666666,1.0,6
graph,2,2026-10-07T09:40:32,nodeGcor2,3.11.9,unknown,13158093,317,2,3,0.46647655963897705,lime,attribution,6,7,0.5257309826073467,0.52,0.2732783494876584,0.7142857142857143,0.7142857142857143,10,10,1.0,0.04301290586590767,0.3333333333333333,0.8333333333333334,0.8333333333333334,6
graph,2,2026-10-07T09:40:32,nodeGcor2,3.11.9,unknown,13158093,317,2,3,0.46647655963897705,random,attribution,6,7,0.5257309826073467,0.58,0.24893929431438833,0.7428571428571429,0.7142857142857143,10,10,1.0,2.2279098629951477e-05,0.3333333333333333,0.3333333333333333,0.8333333333333334,6
graph,2,2026-10-07T09:40:32,nodeGcor2,3.11.9,unknown,13158093,318,2,3,0.4030989408493042,gnnexplainer,attribution,6,15,0.4511632047245195,0.46,0.3521957097654077,0.9714285714285715,0.7142857142857143,10,10,0.7142857142857143,0.4274433720856905,0.9259259259259259,0.9259259259259259,0.8333333333333334,6
graph,2,2026-10-07T09:40:32,nodeGcor2,3.11.9,unknown,13158093,318,2,3,0.4030989408493042,pgexplainer,attribution,6,15,0.451153223720219,0.96,0.4783191171978064,1.0,1.0,10,10,1.0,0.004054382909089327,1.0,1.0,1.0,6
graph,2,2026-10-07T09:40:32,nodeGcor2,3.11.9,unknown,13158093,318,2,3,0.4030989408493042,integrated_gradients,attribution,6,15,0.45115387296887727,0.57,0.6296170887673607,1.0,1.0,10,10,1.0,0.19833784410730004,0.9629629629629629,0.37037037037037035,0.8333333333333334,6
graph,2,2026-10-07T09:40:32,nodeGcor2,3.11.9,unknown,13158093,318,2,3,0.4030989408493042,lime,attribution,6,15,0.0,0.49,0.596121887421095,0.9142857142857143,0.7142857142857143,10,10,0.7142857142857143,0.044254706241190434,0.7962962962962964,0.6481481481481481,0.6666666666666666,6
graph,2,2026-10-07T09:40:32,nodeGcor2,3.11.9,unknown,13158093,318,2,3,0.4030989408493042,random,attribution,6,15,0.4511632047245195,0.45,0.2701446351136694,0.2538528138528139,0.09090909090909091,10,10,0.2,2.932874485850334e-05,0.8148148148148149,0.8148148148148149,0.6666666666666666,6
graph,2,2026-10-07T09:40:32,nodeGcor2,3.11.9,unknown,13158093,322,2,3,0.8257505297660828,gnnexplainer,attribution,6,19,0.7320807235792991,0.52,0.30536519682602414,0.7142857142857143,0.7142857142857143,10,10,1.0,0.4097039522603154,0.9743589743589743,0.9743589743589743,0.8333333333333334,6
graph,2,2026-10-07T09:40:32,nodeGcor2,3.11.9,unknown,13158093,322,2,3,0.8257505297660828,pgexplainer,attribution,6,19,0.7320758512684898,1.0,0.6842087582135867,1.0,1.0,10,10,1.0,0.004076824057847261,1.0,1.0,1.0,6
graph,2,2026-10-07T09:40:32,nodeGcor2,3.11.9,unknown,13158093,322,2,3,0.8257505297660828,integrated_gradients,attribution,6,19,0.7320758512684898,0.94,0.6429659623087948,0.9428571428571428,0.7142857142857143,10,10,1.0,0.19911990128457546,0.9615384615384615,0.641025641025641,0.8333333333333334,6
graph,2,2026-10-07T09:40:32,nodeGcor2,3.11.9,unknown,13158093,322,2,3,0.8257505297660828,lime,attribution,6,19,0.7320758512684898,0.71,0.6067465487659471,0.7142857142857143,0.7142857142857143,10,10,0.7142857142857143,0.044563430827111006,0.8717948717948718,0.7307692307692307,0.8333333333333334,6
graph,2,2026-10-07T09:40:32,nodeGcor2,3.11.9,unknown,13158093,322,2,3,0.8257505297660828,random,attribution,6,19,0.5408060361217966,0.28,0.31471466049634367,0.1721212121212121,0.09090909090909091,10,10,0.2,2.2677239030599594e-05,0.6282051282051282,0.6282051282051282,0.5,6
graph,2,2026-10-07T09:40:32,nodeGcor2,3.11.9,unknown,13158093,323,2,3,0.4534507095813751,gnnexplainer,attribution,6,388,0.7583571739490056,0.11,0.6713496126201817,0.43528138528138527,0.09090909090909091,10,10,0.3333333333333333,0.43332080729305744,0.9773123909249564,0.9773123909249564,0.16666666666666666,6
graph,2,2026-10-07T09:40:32,nodeGcor2,3.11.9,unknown,13158093,323,2,3,0.4534507095813751,pgexplainer,attribution,6,388,0.9987245366049666,0.41,0.978374342955552,1.0,0.7142857142857143,10,10,1.0,0.00423998711630702,0.9986910994764399,0.9986910994764399,0.8333333333333334,6
graph,2,2026-10-07T09:40:32,nodeGcor2,3.11.9,unknown,13158093,323,2,3,0.4534507095813751,integrated_gradients,attribution,6,388,0.5121001708742677,0.29,0.8658070813155321,1.0,0.7142857142857143,10,10,1.0,0.20316148875281215,0.9991273996509599,0.49956369982547993,0.8333333333333334,6
graph,2,2026-10-07T09:40:32,nodeGcor2,3.11.9,unknown,13158093,323,2,3,0.4534507095813751,lime,attribution,6,388,0.512109203862484,0.07,0.4422383974450874,0.5,0.5,10,10,0.5,0.20910699805244803,0.9733856893542757,0.674956369982548,0.5,6
graph,2,2026-10-07T09:40:32,nodeGcor2,3.11.9,unknown,13158093,323,2,3,0.4534507095813751,random,attribution,6,388,0.001833419967728496,0.19,0.3344789812186595,0.0,0.0,10,10,0.0,2.0088162273168564e-05,0.3669284467713787,0.3669284467713787,0.0,6
graph,2,2026-10-07T09:40:32,nodeGcor2,3.11.9,unknown,13158093,325,1,1,0.523601233959198,gnnexplainer,attribution,6,12,0.0,0.22,0.16751443136862532,0.7142857142857143,0.7142857142857143,10,10,0.7142857142857143,0.43348501715809107,0.8333333333333334,0.8333333333333334,0.8333333333333334,6
graph,2,2026-10-07T09:40:32,nodeGcor2,3.11.9,unknown,13158093,325,1,1,0.523601233959198,pgexplainer,attribution,6,12,0.0,0.69,0.15423278718795996,1.0,1.0,10,10,1.0,0.00409226818010211,0.9166666666666667,0.9166666666666667,1.0,6
graph,2,2026-10-07T09:40:32,nodeGcor2,3.11.9,unknown,13158093,325,1,1,0.523601233959198,integrated_gradients,attribution,6,12,0.0,0.67,0.46844241789480967,0.9142857142857143,0.7142857142857143,10,10,1.0,0.19766757683828473,0.8333333333333335,0.5277777777777778,0.8333333333333334,6
graph,2,2026-10-07T09:40:32,nodeGcor2,3.11.9,unknown,13158093,325,1,1,0.523601233959198,lime,attribution,6,12,0.0,0.21,0.5421289517790548,0.6928571428571428,0.5,10,10,1.0,0.04414118779823184,0.8611111111111112,0.4444444444444444,0.8333333333333334,6
graph,2,2026-10-07T09:40:32,nodeGcor2,3.11.9,unknown,13158093,325,1,1,0.523601233959198,random,attribution,6,12,0.9999796935004377,0.24,0.46317321667673017,0.29909090909090913,0.09090909090909091,10,10,0.7142857142857143,2.2242311388254166e-05,0.6944444444444444,0.6944444444444444,0.6666666666666666,6
graph,2,2026-10-07T09:40:32,nodeGcor2,3.11.9,unknown,13158093,326,1,1,0.9106757044792175,gnnexplainer,attribution,6,7,0.15547736923329966,1.0,0.10617704751006762,1.0,1.0,10,10,1.0,0.4199982210993767,1.0,1.0,1.0,6
graph,2,2026-10-07T09:40:32,nodeGcor2,3.11.9,unknown,13158093,326,1,1,0.9106757044792175,pgexplainer,attribution,6,7,0.15547736923329966,1.0,0.0,1.0,1.0,10,10,1.0,0.003978351131081581,0.5,0.5,1.0,6
graph,2,2026-10-07T09:40:32,nodeGcor2,3.11.9,unknown,13158093,326,1,1,0.9106757044792175,integrated_gradients,attribution,6,7,0.15547300436735012,0.45,0.2561067255176125,0.7142857142857143,0.7142857142857143,10,10,1.0,0.19710506778210402,0.5,0.16666666666666666,0.8333333333333334,6
graph,2,2026-10-07T09:40:32,nodeGcor2,3.11.9,unknown,13158093,326,1,1,0.9106757044792175,lime,attribution,6,7,0.15547736923329966,1.0,0.3583685086603372,0.7142857142857143,0.7142857142857143,10,10,0.7142857142857143,0.04291912214830518,0.5,0.3333333333333333,0.8333333333333334,6
graph,2,2026-10-07T09:40:32,nodeGcor2,3.11.9,unknown,13158093,326,1,1,0.9106757044792175,random,attribution,6,7,0.15547736923329966,1.0,0.41272366687887885,0.7428571428571429,0.7142857142857143,10,10,0.7142857142857143,2.2816937416791916e-05,1.0,1.0,1.0,6
graph,2,2026-10-07T09:40:32,nodeGcor2,3.11.9,unknown,13158093,328,2,1,0.4653514623641968,gnnexplainer,attribution,6,166,0.9998707596780019,0.16,0.5885378745380976,0.4,0.3333333333333333,10,10,0.2,0.4327817992307246,0.971875,0.971875,0.3333333333333333,6
graph,2,2026-10-07T09:40:32,nodeGcor2,3.11.9,unknown,13158093,328,2,1,0.4653514623641968,pgexplainer,attribution,6,166,0.0,0.42,0.8395024980289054,0.6761904761904762,0.0,10,10,1.0,0.004212552215903997,0.978125,0.978125,0.0,6
graph,2,2026-10-07T09:40:32,nodeGcor2,3.11.9,unknown,13158093,328,2,1,0.4653514623641968,integrated_gradients,attribution,6,166,0.9999999999999716,0.48,0.9217304872637161,0.9714285714285715,0.7142857142857143,10,10,1.0,0.20274148369207978,1.0,0.3333333333333333,1.0,6
graph,2,2026-10-07T09:40:32,nodeGcor2,3.11.9,unknown,13158093,328,2,1,0.4653514623641968,lime,attribution,6,166,0.9652305605601323,0.13,0.5288322433915884,0.6285714285714287,0.3333333333333333,10,10,0.7142857142857143,0.061140487901866436,0.96875,0.5010416666666667,0.5,6
graph,2,2026-10-07T09:40:32,nodeGcor2,3.11.9,unknown,13158093,328,2,1,0.4653514623641968,random,attribution,6,166,0.0,0.44,0.2880695536896869,0.038181818181818185,0.0,10,10,0.0,8.667819201946259e-06,0.47187499999999993,0.47187499999999993,0.0,6
graph,2,2026-10-07T09:40:32,nodeGcor2,3.11.9,unknown,13158093,329,3,3,0.8396003246307373,gnnexplainer,attribution,6,7,0.73649447017341,1.0,0.13922807178390306,1.0,1.0,10,10,1.0,0.43040724378079176,1.0,1.0,1.0,6
graph,2,2026-10-07T09:40:32,nodeGcor2,3.11.9,unknown,13158093,329,3,3,0.8396003246307373,pgexplainer,attribution,6,7,0.7364944888801112,1.0,0.0,1.0,1.0,10,10,1.0,0.003979380242526531,0.5,0.5,1.0,6
graph,2,2026-10-07T09:40:32,nodeGcor2,3.11.9,unknown,13158093,329,3,3,0.8396003246307373,integrated_gradients,attribution,6,7,0.7364944888801112,1.0,0.35561439284228313,1.0,1.0,10,10,1.0,0.1970501421019435,1.0,0.5,1.0,6
graph,2,2026-10-07T09:40:32,nodeGcor2,3.11.9,unknown,13158093,329,3,3,0.8396003246307373,lime,attribution,6,7,0.7364944888801112,1.0,0.3799121325554057,0.7142857142857143,0.7142857142857143,10,10,1.0,0.04306722478941083,0.6666666666666666,0.8333333333333334,0.8333333333333334,6
graph,2,2026-10-07T09:40:32,nodeGcor2,3.11.9,unknown,13158093,329,3,3,0.8396003246307373,random,attribution,6,7,0.7364944888801112,1.0,0.2981123933785801,0.7428571428571429,0.7142857142857143,10,10,0.7142857142857143,2.2481195628643036e-05,0.8333333333333334,0.8333333333333334,0.8333333333333334,6
graph,2,2026-10-07T09:40:32,nodeGcor2,3.11.9,unknown,13158093,331,1,1,0.9106757044792175,gnnexplainer,attribution,6,7,0.15547736923329966,1.0,0.10617704751006762,1.0,1.0,10,10,1.0,0.42184277018532157,1.0,1.0,1.0,6
graph,2,2026-10-07T09:40:32,nodeGcor2,3.11.9,unknown,13158093,331,1,1,0.9106757044792175,pgexplainer,attribution,6,7,0.15547725868356665,1.0,0.0,1.0,1.0,10,10,1.0,0.004035558085888624,0.5,0.5,1.0,6
graph,2,2026-10-07T09:40:32,nodeGcor2,3.11.9,unknown,13158093,331,1,1,0.9106757044792175,integrated_gradients,attribution,6,7,0.15547311491764004,0.51,0.25610670925293233,0.7142857142857143,0.7142857142857143,10,10,1.0,0.19683395000174642,0.5,0.16666666666666666,0.8333333333333334,6
graph,2,2026-10-07T09:40:32,nodeGcor2,3.11.9,unknown,13158093,331,1,1,0.9106757044792175,lime,attribution,6,7,0.15547725868356665,1.0,0.35836851018047755,0.7142857142857143,0.7142857142857143,10,10,0.7142857142857143,0.04296012222766876,0.5,0.3333333333333333,0.8333333333333334,6
graph,2,2026-10-07T09:40:32,nodeGcor2,3.11.9,unknown,13158093,331,1,1,0.9106757044792175,random,attribution,6,7,0.15547300436735012,0.5,0.30003039794321595,0.7428571428571429,0.7142857142857143,10,10,0.7142857142857143,2.2234860807657242e-05,0.6666666666666666,0.6666666666666666,0.8333333333333334,6
graph,2,2026-10-07T09:40:32,nodeGcor2,3.11.9,unknown,13158093,332,2,3,0.8429015278816223,gnnexplainer,attribution,6,13,0.7375320624715863,0.46,0.2161598961478869,0.7142857142857143,0.7142857142857143,10,10,1.0,0.42309407982975245,0.9523809523809524,0.9523809523809524,0.8333333333333334,6
graph,2,2026-10-07T09:40:32,nodeGcor2,3.11.9,unknown,13158093,332,2,3,0.8429015278816223,pgexplainer,attribution,6,13,0.7375272707370036,1.0,0.3163119093265744,0.9142857142857143,0.7142857142857143,10,10,1.0,0.004058895166963339,1.0,1.0,1.0,6
graph,2,2026-10-07T09:40:32,nodeGcor2,3.11.9,unknown,13158093,332,2,3,0.8429015278816223,integrated_gradients,attribution,6,13,0.7375320624715863,0.51,0.4182724367322035,0.9142857142857143,0.7142857142857143,10,10,1.0,0.19729310367256403,0.8571428571428571,0.7142857142857144,0.8333333333333334,6
graph,2,2026-10-07T09:40:32,nodeGcor2,3.11.9,unknown,13158093,332,2,3,0.8429015278816223,lime,attribution,6,13,0.7375272892974192,1.0,0.5271802668106168,0.5714285714285714,0.5,10,10,0.7142857142857143,0.04444048786535859,1.0,0.6666666666666666,1.0,6
graph,2,2026-10-07T09:40:32,nodeGcor2,3.11.9,unknown,13158093,332,2,3,0.8429015278816223,random,attribution,6,13,0.7375272892974192,0.59,0.32941596268766327,0.3357575757575758,0.09090909090909091,10,10,0.2,2.202903851866722e-05,0.5476190476190477,0.5476190476190477,0.5,6
graph,2,2026-10-07T09:40:32,nodeGcor2,3.11.9,unknown,13158093,335,1,1,0.7127258777618408,gnnexplainer,attribution,6,13,0.0,1.0,0.23903003200705775,0.7714285714285716,0.7142857142857143,10,10,0.7142857142857143,0.40542229218408465,1.0,1.0,1.0,6
graph,2,2026-10-07T09:40:32,nodeGcor2,3.11.9,unknown,13158093,335,1,1,0.7127258777618408,pgexplainer,attribution,6,13,0.0,0.54,0.2578958359071556,0.6285714285714287,0.5,10,10,1.0,0.004115391988307238,0.9285714285714286,0.9285714285714286,0.8333333333333334,6
graph,2,2026-10-07T09:40:32,nodeGcor2,3.11.9,unknown,13158093,335,1,1,0.7127258777618408,integrated_gradients,attribution,6,13,0.0,1.0,0.5249066888477512,1.0,1.0,10,10,1.0,0.19759177416563034,1.0,0.6666666666666666,1.0,6
graph,2,2026-10-07T09:40:32,nodeGcor2,3.11.9,unknown,13158093,335,1,1,0.7127258777618408,lime,attribution,6,13,0.0,0.45,0.48901558934014455,0.8285714285714286,0.7142857142857143,10,10,0.7142857142857143,0.04415195994079113,0.9523809523809524,0.38095238095238093,0.8333333333333334,6
graph,2,2026-10-07T09:40:32,nodeGcor2,3.11.9,unknown,13158093,335,1,1,0.7127258777618408,random,attribution,6,13,0.9820538091065408,0.54,0.2875488159369398,0.37575757575757573,0.09090909090909091,10,10,0.3333333333333333,2.4573877453804016e-05,0.5952380952380952,0.5952380952380952,0.5,6
graph,2,2026-10-07T09:40:32,nodeGcor2,3.11.9,unknown,13158093,336,1,1,0.8928913474082947,gnnexplainer,attribution,6,186,0.0,0.38,0.6093762996473155,0.3666666666666667,0.09090909090909091,10,10,0.3333333333333333,0.4270730409771204,0.9722222222222221,0.9722222222222221,0.3333333333333333,6
graph,2,2026-10-07T09:40:32,nodeGcor2,3.11.9,unknown,13158093,336,1,1,0.8928913474082947,pgexplainer,attribution,6,186,0.016806685665486154,0.61,0.6292715208859057,0.7571428571428572,0.3333333333333333,10,10,1.0,0.004221547860652208,0.9333333333333333,0.9333333333333333,0.0,6
graph,2,2026-10-07T09:40:32,nodeGcor2,3.11.9,unknown,13158093,336,1,1,0.8928913474082947,integrated_gradients,attribution,6,186,0.9479179941107709,0.6,0.7526522332666091,0.9714285714285715,0.5,10,10,1.0,0.2017165911383927,0.9861111111111112,0.5046296296296297,0.6666666666666666,6
graph,2,2026-10-07T09:40:32,nodeGcor2,3.11.9,unknown,13158093,336,1,1,0.8928913474082947,lime,attribution,6,186,0.9818790904331303,0.48,0.4842187729684525,0.6285714285714287,0.5,10,10,0.5,0.1844278872013092,0.9722222222222222,0.5111111111111111,0.5,6
graph,2,2026-10-07T09:40:32,nodeGcor2,3.11.9,unknown,13158093,336,1,1,0.8928913474082947,random,attribution,6,186,0.004160817012768361,0.51,0.2795198509225796,0.01818181818181818,0.0,10,10,0.09090909090909091,2.2911932319402695e-05,0.34259259259259256,0.34259259259259256,0.0,6
graph,2,2026-10-07T09:40:32,nodeGcor2,3.11.9,unknown,13158093,338,2,3,0.46647655963897705,gnnexplainer,attribution,6,7,0.5257225174280472,1.0,0.14963514702593017,1.0,1.0,10,10,1.0,0.4429482910782099,1.0,1.0,1.0,6
graph,2,2026-10-07T09:40:32,nodeGcor2,3.11.9,unknown,13158093,338,2,3,0.46647655963897705,pgexplainer,attribution,6,7,0.5257225174280472,1.0,5.108969847178457e-08,1.0,1.0,10,10,1.0,0.003974362276494503,1.0,1.0,1.0,6
graph,2,2026-10-07T09:40:32,nodeGcor2,3.11.9,unknown,13158093,338,2,3,0.46647655963897705,integrated_gradients,attribution,6,7,0.5257225174280472,1.0,0.1289002639199912,1.0,1.0,10,10,1.0,0.19581648195162416,1.0,0.6666666666666666,1.0,6
graph,2,2026-10-07T09:40:32,nodeGcor2,3.11.9,unknown,13158093,338,2,3,0.46647655963897705,lime,attribution,6,7,0.5257309826073467,0.6,0.22102350679948024,0.7142857142857143,0.7142857142857143,10,10,1.0,0.04284884175285697,0.5,0.8333333333333334,0.8333333333333334,6
graph,2,2026-10-07T09:40:32,nodeGcor2,3.11.9,unknown,13158093,338,2,3,0.46647655963897705,random,attribution,6,7,0.5257225174280472,1.0,0.30399231836301477,0.7428571428571429,0.7142857142857143,10,10,0.7142857142857143,2.1928921341896057e-05,0.3333333333333333,0.3333333333333333,0.8333333333333334,6
graph,2,2026-10-07T09:40:32,nodeGcor2,3.11.9,unknown,13158093,339,3,3,0.7802117466926575,gnnexplainer,attribution,6,13,0.7164433489686662,0.52,0.24668852027198684,0.9714285714285713,0.7142857142857143,10,10,0.7142857142857143,0.4206019868142903,0.9285714285714286,0.9285714285714286,0.8333333333333334,6
graph,2,2026-10-07T09:40:32,nodeGcor2,3.11.9,unknown,13158093,339,3,3,0.7802117466926575,pgexplainer,attribution,6,13,0.7164381922805984,1.0,0.6489229465314235,0.8857142857142856,0.7142857142857143,10,10,1.0,0.004020813852548599,1.0,1.0,1.0,6
graph,2,2026-10-07T09:40:32,nodeGcor2,3.11.9,unknown,13158093,339,3,3,0.7802117466926575,integrated_gradients,attribution,6,13,0.7164381922805984,1.0,0.6233542891689043,0.9714285714285713,0.7142857142857143,10,10,1.0,0.19706841371953487,0.9523809523809524,0.38095238095238093,0.8333333333333334,6
graph,2,2026-10-07T09:40:32,nodeGcor2,3.11.9,unknown,13158093,339,3,3,0.7802117466926575,lime,attribution,6,13,0.7164381922805984,0.98,0.6154133633627397,0.7142857142857143,0.5,10,10,0.7142857142857143,0.04408886469900608,0.9285714285714286,0.6904761904761905,0.8333333333333334,6
graph,2,2026-10-07T09:40:32,nodeGcor2,3.11.9,unknown,13158093,339,3,3,0.7802117466926575,random,attribution,6,13,0.930344660807192,0.27,0.43140743605130605,0.3466666666666667,0.2,10,10,0.5,2.2388994693756104e-05,0.380952380952381,0.380952380952381,0.3333333333333333,6
graph,2,2026-10-07T09:40:32,nodeGcor2,3.11.9,unknown,13158093,340,1,1,0.7243282794952393,gnnexplainer,attribution,6,28,0.0,1.0,0.3562517476597521,0.7142857142857143,0.7142857142857143,10,10,0.7142857142857143,0.4250592407770455,0.9621212121212122,0.9621212121212122,0.8333333333333334,6
graph,2,2026-10-07T09:40:32,nodeGcor2,3.11.9,unknown,13158093,340,1,1,0.7243282794952393,pgexplainer,attribution,6,28,0.0,1.0,0.6494666725172916,1.0,1.0,10,10,1.0,0.004154964815825224,1.0,1.0,1.0,6
graph,2,2026-10-07T09:40:32,nodeGcor2,3.11.9,unknown,13158093,340,1,1,0.7243282794952393,integrated_gradients,attribution,6,28,0.0,1.0,0.6665230489515037,1.0,1.0,10,10,1.0,0.2010287051089108,0.9772727272727273,0.6439393939393939,0.8333333333333334,6
graph,2,2026-10-07T09:40:32,nodeGcor2,3.11.9,unknown,13158093,340,1,1,0.7243282794952393,lime,attribution,6,28,0.0,0.56,0.6609657115011782,0.7142857142857143,0.7142857142857143,10,10,0.7142857142857143,0.04498316301032901,0.8181818181818182,0.45454545454545453,0.8333333333333334,6
graph,2,2026-10-07T09:40:32,nodeGcor2,3.11.9,unknown,13158093,340,1,1,0.7243282794952393,random,attribution,6,28,0.025094038458357653,0.4,0.308435593446155,0.1181818181818182,0.0,10,10,0.09090909090909091,2.216920256614685e-05,0.5454545454545454,0.5454545454545454,0.3333333333333333,6
graph,2,2026-10-07T09:40:32,nodeGcor2,3.11.9,unknown,13158093,342,2,3,0.8128082752227783,gnnexplainer,attribution,6,28,0.727814675454644,0.46,0.3470262131565477,0.7142857142857143,0.7142857142857143,10,10,1.0,0.42402344988659024,0.9621212121212122,0.9621212121212122,0.8333333333333334,6
graph,2,2026-10-07T09:40:32,nodeGcor2,3.11.9,unknown,13158093,342,2,3,0.8128082752227783,pgexplainer,attribution,6,28,0.7278096257616237,1.0,0.7859003807241767,1.0,1.0,10,10,1.0,0.004209407139569521,1.0,1.0,1.0,6
graph,2,2026-10-07T09:40:32,nodeGcor2,3.11.9,unknown,13158093,342,2,3,0.8128082752227783,integrated_gradients,attribution,6,28,0.7278096257616237,1.0,0.7371146385404151,0.9714285714285715,0.7142857142857143,10,10,1.0,0.20061271218582988,0.9924242424242423,0.5,0.8333333333333334,6
graph,2,2026-10-07T09:40:32,nodeGcor2,3.11.9,unknown,13158093,342,2,3,0.8128082752227783,lime,attribution,6,28,0.7278145756554979,0.5,0.630041327744847,0.7142857142857143,0.7142857142857143,10,10,0.3333333333333333,0.04512280598282814,0.6969696969696969,0.6212121212121212,0.6666666666666666,6
graph,2,2026-10-07T09:40:32,nodeGcor2,3.11.9,unknown,13158093,342,2,3,0.8128082752227783,random,attribution,6,28,0.37979352270868144,0.17,0.36900943367680994,0.12727272727272726,0.0,10,10,0.3333333333333333,9.710900485515594e-06,0.4772727272727273,0.4772727272727273,0.0,6
graph,2,2026-10-07T09:40:32,nodeGcor2,3.11.9,unknown,13158093,346,1,1,0.6325162649154663,gnnexplainer,attribution,6,160,0.9712647917005713,0.46,0.6039327056436268,0.36666666666666664,0.2,10,10,0.3333333333333333,0.4238295271061361,0.9848484848484849,0.9848484848484849,0.5,6
graph,2,2026-10-07T09:40:32,nodeGcor2,3.11.9,unknown,13158093,346,1,1,0.6325162649154663,pgexplainer,attribution,6,160,0.16101205217104178,0.48,0.7242628930638919,0.5938095238095238,0.0,10,10,1.0,0.004119956400245428,0.9512987012987012,0.9512987012987012,0.0,6
graph,2,2026-10-07T09:40:32,nodeGcor2,3.11.9,unknown,13158093,346,1,1,0.6325162649154663,integrated_gradients,attribution,6,160,0.9744196282424329,0.15,0.722749929548584,0.7714285714285716,0.5,10,10,1.0,0.20167957013472915,0.9772727272727274,0.6677489177489178,0.5,6
graph,2,2026-10-07T09:40:32,nodeGcor2,3.11.9,unknown,13158093,346,1,1,0.6325162649154663,lime,attribution,6,160,0.0,0.13,0.5455303158134721,0.4833333333333333,0.5,10,10,0.5,0.18179037189111114,0.948051948051948,0.501082251082251,0.3333333333333333,6
graph,2,2026-10-07T09:40:32,nodeGcor2,3.11.9,unknown,13158093,346,1,1,0.6325162649154663,random,attribution,6,160,0.07017920135033795,0.44,0.30797537153673193,0.02909090909090909,0.0,10,10,0.0,2.2666994482278824e-05,0.1623376623376623,0.1623376623376623,0.0,6
graph,2,2026-10-07T09:40:32,nodeGcor2,3.11.9,unknown,13158093,348,2,3,0.46647655963897705,gnnexplainer,attribution,6,7,0.5257225174280472,1.0,0.14963514702593017,1.0,1.0,10,10,1.0,0.44344518473371863,1.0,1.0,1.0,6
graph,2,2026-10-07T09:40:32,nodeGcor2,3.11.9,unknown,13158093,348,2,3,0.46647655963897705,pgexplainer,attribution,6,7,0.5257225174280472,1.0,5.108969847178457e-08,1.0,1.0,10,10,1.0,0.0039754691533744335,1.0,1.0,1.0,6
graph,2,2026-10-07T09:40:32,nodeGcor2,3.11.9,unknown,13158093,348,2,3,0.46647655963897705,integrated_gradients,attribution,6,7,0.5257225174280472,1.0,0.12890030587839785,1.0,1.0,10,10,1.0,0.1956932470202446,1.0,0.6666666666666666,1.0,6
graph,2,2026-10-07T09:40:32,nodeGcor2,3.11.9,unknown,13158093,348,2,3,0.46647655963897705,lime,attribution,6,7,0.5257309826073467,0.56,0.22102354436326954,0.7142857142857143,0.7142857142857143,10,10,1.0,0.04296924080699682,0.5,0.8333333333333334,0.8333333333333334,6
graph,2,2026-10-07T09:40:32,nodeGcor2,3.11.9,unknown,13158093,348,2,3,0.46647655963897705,random,attribution,6,7,0.5257225174280472,0.46,0.1771506486028177,0.8,0.7142857142857143,10,10,0.7142857142857143,2.1534040570259094e-05,0.6666666666666666,0.6666666666666666,0.8333333333333334,6
graph,2,2026-10-07T09:40:32,nodeGcor2,3.11.9,unknown,13158093,349,3,3,0.7344191670417786,gnnexplainer,attribution,6,13,0.6987626027593375,0.42,0.1878382004440724,0.9714285714285715,0.7142857142857143,10,10,0.7142857142857143,0.418527090921998,0.9285714285714286,0.9285714285714286,0.8333333333333334,6
graph,2,2026-10-07T09:40:32,nodeGcor2,3.11.9,unknown,13158093,349,3,3,0.7344191670417786,pgexplainer,attribution,6,13,0.6987573934674776,1.0,0.7691892707322574,1.0,1.0,10,10,1.0,0.0039761848747730255,1.0,1.0,1.0,6
graph,2,2026-10-07T09:40:32,nodeGcor2,3.11.9,unknown,13158093,349,3,3,0.7344191670417786,integrated_gradients,attribution,6,13,0.6987571245337827,1.0,0.618517158855898,0.9714285714285713,0.7142857142857143,10,10,1.0,0.1960137728601694,0.9285714285714286,0.40476190476190477,0.8333333333333334,6
graph,2,2026-10-07T09:40:32,nodeGcor2,3.11.9,unknown,13158093,349,3,3,0.7344191670417786,lime,attribution,6,13,0.6987573934674776,1.0,0.5963336837590631,0.7142857142857143,0.5,10,10,0.7142857142857143,0.04395368602126837,0.9523809523809524,0.6904761904761905,0.8333333333333334,6
graph,2,2026-10-07T09:40:32,nodeGcor2,3.11.9,unknown,13158093,349,3,3,0.7344191670417786,random,attribution,6,13,0.7992486593361786,0.36,0.3910267510100278,0.2666666666666667,0.2,10,10,0.2,2.1562911570072174e-05,0.6666666666666667,0.6666666666666667,0.6666666666666666,6
graph,2,2026-10-07T09:40:32,nodeGcor2,3.11.9,unknown,13158093,351,1,1,0.9043557643890381,gnnexplainer,attribution,6,213,0.0,0.4,0.6548790949818724,0.5214285714285715,0.3333333333333333,10,10,0.3333333333333333,0.41429518815129995,0.9726247987117552,0.9726247987117552,0.16666666666666666,6
graph,2,2026-10-07T09:40:32,nodeGcor2,3.11.9,unknown,13158093,351,1,1,0.9043557643890381,pgexplainer,attribution,6,213,0.01877967443098317,0.51,0.6810922605853178,0.8805194805194805,0.0,10,10,1.0,0.004202200099825859,0.9396135265700483,0.9396135265700483,0.0,6
graph,2,2026-10-07T09:40:32,nodeGcor2,3.11.9,unknown,13158093,351,1,1,0.9043557643890381,integrated_gradients,attribution,6,213,0.9991251260637328,0.6,0.767735841897188,1.0,0.7142857142857143,10,10,1.0,0.2009325479157269,0.9959742351046699,0.5032206119162641,0.8333333333333334,6
graph,2,2026-10-07T09:40:32,nodeGcor2,3.11.9,unknown,13158093,351,1,1,0.9043557643890381,lime,attribution,6,213,0.14957495016995798,0.77,0.5351477877862847,0.4833333333333333,0.3333333333333333,10,10,0.7142857142857143,0.07173481024801731,0.9911433172302738,0.5056360708534622,0.8333333333333334,6
graph,2,2026-10-07T09:40:32,nodeGcor2,3.11.9,unknown,13158093,351,1,1,0.9043557643890381,random,attribution,6,213,0.02033827615538405,0.54,0.3463739572878006,0.00909090909090909,0.0,10,10,0.09090909090909091,8.908100426197052e-06,0.6400966183574879,0.6400966183574879,0.0,6
graph,2,2026-10-07T09:40:32,nodeGcor2,3.11.9,unknown,13158093,352,2,0,0.42573899030685425,gnnexplainer,attribution,6,13,0.9988052977403395,0.06,0.4244131179130707,0.3333333333333333,0.3333333333333333,9,10,0.5,0.43727837316691875,0.8333333333333334,0.8333333333333334,0.6666666666666666,6
graph,2,2026-10-07T09:40:32,nodeGcor2,3.11.9,unknown,13158093,352,2,0,0.42573899030685425,pgexplainer,attribution,6,13,0.9988052977403395,0.06,0.5501724941207509,1.0,1.0,8,9,1.0,0.004019252024590969,1.0,1.0,1.0,6
graph,2,2026-10-07T09:40:32,nodeGcor2,3.11.9,unknown,13158093,352,2,0,0.42573899030685425,integrated_gradients,attribution,6,13,0.9988052977403395,0.08,0.6481337014666164,1.0,1.0,10,9,1.0,0.19672702811658382,0.9047619047619048,0.7380952380952381,0.8333333333333334,6
graph,2,2026-10-07T09:40:32,nodeGcor2,3.11.9,unknown,13158093,352,2,0,0.42573899030685425,lime,attribution,6,13,0.9988052977403395,0.42,0.5689576416763658,0.7142857142857143,0.7142857142857143,8,6,1.0,0.04422869719564915,0.7857142857142857,0.5714285714285715,0.6666666666666666,6
graph,2,2026-10-07T09:40:32,nodeGcor2,3.11.9,unknown,13158093,352,2,0,0.42573899030685425,random,attribution,6,13,0.9988052977403395,0.16,0.30988345819651986,0.3958333333333333,0.09090909090909091,8,8,0.2,2.245791256427765e-05,0.40476190476190477,0.40476190476190477,0.5,6
graph,2,2026-10-07T09:40:32,nodeGcor2,3.11.9,unknown,13158093,353,2,3,0.46647655963897705,gnnexplainer,attribution,6,7,0.5257225174280472,1.0,0.14963514702593017,1.0,1.0,10,10,1.0,0.4228479117155075,1.0,1.0,1.0,6
graph,2,2026-10-07T09:40:32,nodeGcor2,3.11.9,unknown,13158093,353,2,3,0.46647655963897705,pgexplainer,attribution,6,7,0.5257225174280472,1.0,5.108969847178457e-08,1.0,1.0,10,10,1.0,0.003970472142100334,1.0,1.0,1.0,6
graph,2,2026-10-07T09:40:32,nodeGcor2,3.11.9,unknown,13158093,353,2,3,0.46647655963897705,integrated_gradients,attribution,6,7,0.5257225174280472,1.0,0.12890025244940428,1.0,1.0,10,10,1.0,0.1982029126957059,1.0,0.6666666666666666,1.0,6
graph,2,2026-10-07T09:40:32,nodeGcor2,3.11.9,unknown,13158093,353,2,3,0.46647655963897705,lime,attribution,6,7,0.5257309826073467,0.56,0.22102350210937205,0.7142857142857143,0.7142857142857143,10,10,1.0,0.0429475218988955,0.5,0.8333333333333334,0.8333333333333334,6
graph,2,2026-10-07T09:40:32,nodeGcor2,3.11.9,unknown,13158093,353,2,3,0.46647655963897705,random,attribution,6,7,0.5257309826073467,0.45,0.25040042678401586,0.7428571428571429,0.7142857142857143,10,10,0.7142857142857143,2.2246968001127243e-05,0.16666666666666666,0.16666666666666666,0.8333333333333334,6
graph,2,2026-10-07T09:40:32,nodeGcor2,3.11.9,unknown,13158093,354,3,3,0.7802117466926575,gnnexplainer,attribution,6,13,0.7164433489686662,0.39,0.23900283648485343,0.9714285714285715,0.7142857142857143,10,10,0.7142857142857143,0.42352935718372464,0.9285714285714286,0.9285714285714286,0.8333333333333334,6
graph,2,2026-10-07T09:40:32,nodeGcor2,3.11.9,unknown,13158093,354,3,3,0.7802117466926575,pgexplainer,attribution,6,13,0.7164381922805984,1.0,0.648922596390413,0.8857142857142856,0.7142857142857143,10,10,1.0,0.003999523818492889,1.0,1.0,1.0,6
graph,2,2026-10-07T09:40:32,nodeGcor2,3.11.9,unknown,13158093,354,3,3,0.7802117466926575,integrated_gradients,attribution,6,13,0.7164381922805984,1.0,0.6233542872573345,0.9428571428571428,0.7142857142857143,10,10,1.0,0.19962465995922685,0.9523809523809524,0.38095238095238093,0.8333333333333334,6
graph,2,2026-10-07T09:40:32,nodeGcor2,3.11.9,unknown,13158093,354,3,3,0.7802117466926575,lime,attribution,6,13,0.7164381922805984,0.95,0.6185115348833765,0.6714285714285715,0.5,10,10,0.7142857142857143,0.04419076209887862,0.9285714285714286,0.7142857142857142,0.8333333333333334,6
graph,2,2026-10-07T09:40:32,nodeGcor2,3.11.9,unknown,13158093,354,3,3,0.7802117466926575,random,attribution,6,13,0.3451607385507965,0.37,0.3225502575578224,0.3171861471861472,0.09090909090909091,10,10,0.2,8.247792720794678e-06,0.5,0.5,0.5,6
graph,2,2026-10-07T09:40:32,nodeGcor2,3.11.9,unknown,13158093,355,1,1,0.9073695540428162,gnnexplainer,attribution,6,559,0.053205794995577455,0.28,0.7288628955745295,0.35,0.2,10,10,0.5,0.4202897800132632,0.9915611814345991,0.9915611814345991,0.3333333333333333,6
graph,2,2026-10-07T09:40:32,nodeGcor2,3.11.9,unknown,13158093,355,1,1,0.9073695540428162,pgexplainer,attribution,6,559,0.030867496198055944,0.44,0.9198599749532205,0.8,0.2,10,10,1.0,0.004285257775336504,0.9918625678119348,0.9918625678119348,0.0,6
graph,2,2026-10-07T09:40:32,nodeGcor2,3.11.9,unknown,13158093,355,1,1,0.9073695540428162,integrated_gradients,attribution,6,559,0.9983270742597682,0.71,0.8303841330608476,0.9214285714285715,0.5,10,10,1.0,0.20441390667110682,0.997588908981314,0.5012055455093429,0.6666666666666666,6
graph,2,2026-10-07T09:40:32,nodeGcor2,3.11.9,unknown,13158093,355,1,1,0.9073695540428162,lime,attribution,6,559,0.15239932229451864,0.79,0.4459028060838822,0.7142857142857143,0.3333333333333333,10,10,0.5,0.2138541298918426,0.9665461121157323,0.5162748643761302,0.6666666666666666,6
graph,2,2026-10-07T09:40:32,nodeGcor2,3.11.9,unknown,13158093,355,1,1,0.9073695540428162,random,attribution,6,559,0.004823513051219338,0.6,0.3387136142406346,0.0,0.0,10,10,0.0,1.2326054275035858e-05,0.34689572031344185,0.34689572031344185,0.0,6
graph,2,2026-10-07T09:40:32,nodeGcor2,3.11.9,unknown,13158093,356,1,1,0.7782205939292908,gnnexplainer,attribution,6,17,0.011733553261185336,0.51,0.3446078279207849,0.7142857142857143,0.7142857142857143,10,10,0.7142857142857143,0.4302968508563936,0.9848484848484849,0.9848484848484849,0.8333333333333334,6
graph,2,2026-10-07T09:40:32,nodeGcor2,3.11.9,unknown,13158093,356,1,1,0.7782205939292908,pgexplainer,attribution,6,17,0.01173838297515134,1.0,0.43178532191815433,1.0,1.0,10,10,1.0,0.004089020192623138,1.0,1.0,1.0,6
graph,2,2026-10-07T09:40:32,nodeGcor2,3.11.9,unknown,13158093,356,1,1,0.7782205939292908,integrated_gradients,attribution,6,17,0.01173838297515134,1.0,0.5902887230157514,1.0,1.0,10,10,1.0,0.1962950541637838,1.0,0.6666666666666666,1.0,6
graph,2,2026-10-07T09:40:32,nodeGcor2,3.11.9,unknown,13158093,356,1,1,0.7782205939292908,lime,attribution,6,17,0.011738837125444341,0.97,0.5482427391147819,0.7142857142857143,0.7142857142857143,10,10,0.7142857142857143,0.044346326030790806,0.9848484848484849,0.34848484848484845,0.8333333333333334,6
graph,2,2026-10-07T09:40:32,nodeGcor2,3.11.9,unknown,13158093,356,1,1,0.7782205939292908,random,attribution,6,17,0.8024779106466,0.61,0.36134269307550626,0.272034632034632,0.0,10,10,0.5,2.2390857338905334e-05,0.5757575757575757,0.5757575757575757,0.5,6
graph,2,2026-10-07T09:40:32,nodeGcor2,3.11.9,unknown,13158093,357,2,3,0.46647655963897705,gnnexplainer,attribution,6,7,0.5257225174280472,1.0,0.1030084265761202,1.0,1.0,10,10,1.0,0.40687724109739065,1.0,1.0,1.0,6
graph,2,2026-10-07T09:40:32,nodeGcor2,3.11.9,unknown,13158093,357,2,3,0.46647655963897705,pgexplainer,attribution,6,7,0.5257225174280472,1.0,5.108969847178457e-08,1.0,1.0,10,10,1.0,0.004098431672900915,1.0,1.0,1.0,6
graph,2,2026-10-07T09:40:32,nodeGcor2,3.11.9,unknown,13158093,357,2,3,0.46647655963897705,integrated_gradients,attribution,6,7,0.5257225174280472,1.0,0.12890032439882348,1.0,1.0,10,10,1.0,0.19555474538356066,1.0,0.6666666666666666,1.0,6
graph,2,2026-10-07T09:40:32,nodeGcor2,3.11.9,unknown,13158093,357,2,3,0.46647655963897705,lime,attribution,6,7,0.5257309826073467,0.46,0.27327835603024175,0.7142857142857143,0.7142857142857143,10,10,1.0,0.04293372016400099,0.3333333333333333,0.8333333333333334,0.8333333333333334,6
graph,2,2026-10-07T09:40:32,nodeGcor2,3.11.9,unknown,13158093,357,2,3,0.46647655963897705,random,attribution,6,7,0.5257225174280472,0.61,0.27595308451005196,0.7428571428571429,0.7142857142857143,10,10,1.0,2.187304198741913e-05,0.6666666666666666,0.6666666666666666,0.8333333333333334,6
graph,2,2026-10-07T09:40:32,nodeGcor2,3.11.9,unknown,13158093,360,1,1,0.7876935601234436,gnnexplainer,attribution,6,18,0.023622736613471078,0.98,0.2831155576187607,0.7142857142857143,0.7142857142857143,10,10,0.7142857142857143,0.41768950689584017,0.9166666666666666,0.9166666666666666,0.8333333333333334,6
graph,2,2026-10-07T09:40:32,nodeGcor2,3.11.9,unknown,13158093,360,1,1,0.7876935601234436,pgexplainer,attribution,6,18,0.02362251496672497,0.98,0.2642847598016871,1.0,1.0,10,10,1.0,0.0040519037283957005,0.9583333333333334,0.9583333333333334,1.0,6
graph,2,2026-10-07T09:40:32,nodeGcor2,3.11.9,unknown,13158093,360,1,1,0.7876935601234436,integrated_gradients,attribution,6,18,0.023622736613471078,0.99,0.5061805188908142,1.0,0.7142857142857143,10,10,1.0,0.1960066189058125,0.986111111111111,0.3333333333333333,0.8333333333333334,6
graph,2,2026-10-07T09:40:32,nodeGcor2,3.11.9,unknown,13158093,360,1,1,0.7876935601234436,lime,attribution,6,18,0.023622736613471078,0.99,0.6230066738112694,0.7142857142857143,0.7142857142857143,10,10,0.7142857142857143,0.044407580979168415,1.0,0.5,1.0,6
graph,2,2026-10-07T09:40:32,nodeGcor2,3.11.9,unknown,13158093,360,1,1,0.7876935601234436,random,attribution,6,18,0.0007752367953035103,0.6,0.3384444534225888,0.19969696969696968,0.09090909090909091,10,10,0.2,2.1900050342082977e-05,0.38888888888888884,0.38888888888888884,0.16666666666666666,6
graph,2,2026-10-07T09:40:32,nodeGcor2,3.11.9,unknown,13158093,362,2,3,0.40074723958969116,gnnexplainer,attribution,6,7,0.4479324200674181,1.0,0.10201060087931246,1.0,1.0,10,10,1.0,0.40178049029782414,1.0,1.0,1.0,6
graph,2,2026-10-07T09:40:32,nodeGcor2,3.11.9,unknown,13158093,362,2,3,0.40074723958969116,pgexplainer,attribution,6,7,0.4479329948450365,1.0,0.0,1.0,1.0,10,10,1.0,0.003977320156991482,0.5,0.5,1.0,6
graph,2,2026-10-07T09:40:32,nodeGcor2,3.11.9,unknown,13158093,362,2,3,0.40074723958969116,integrated_gradients,attribution,6,7,0.4479324200674181,1.0,0.18709207241264736,1.0,1.0,10,10,1.0,0.19504168909043074,1.0,0.6666666666666666,1.0,6
graph,2,2026-10-07T09:40:32,nodeGcor2,3.11.9,unknown,13158093,362,2,3,0.40074723958969116,lime,attribution,6,7,0.4479324200674181,0.45,0.44136699722122175,0.7142857142857143,0.7142857142857143,10,10,1.0,0.042596396058797836,0.6666666666666666,0.6666666666666666,0.8333333333333334,6
graph,2,2026-10-07T09:40:32,nodeGcor2,3.11.9,unknown,13158093,362,2,3,0.40074723958969116,random,attribution,6,7,0.4479329948450365,0.49,0.3936830195852872,0.7428571428571429,0.7142857142857143,10,10,0.7142857142857143,8.580274879932404e-06,0.0,0.0,0.8333333333333334,6
graph,2,2026-10-07T09:40:32,nodeGcor2,3.11.9,unknown,13158093,366,1,1,0.5321146249771118,gnnexplainer,attribution,6,13,0.0,0.85,0.18483892992486284,0.7428571428571429,0.7142857142857143,10,10,0.7142857142857143,0.416692310012877,1.0,1.0,1.0,6
graph,2,2026-10-07T09:40:32,nodeGcor2,3.11.9,unknown,13158093,366,1,1,0.5321146249771118,pgexplainer,attribution,6,13,0.0,0.85,0.44032445103826,1.0,1.0,10,10,1.0,0.003953468054533005,1.0,1.0,1.0,6
graph,2,2026-10-07T09:40:32,nodeGcor2,3.11.9,unknown,13158093,366,1,1,0.5321146249771118,integrated_gradients,attribution,6,13,0.0,0.75,0.49226762534210233,0.9428571428571428,0.7142857142857143,10,10,1.0,0.1953357057645917,0.8333333333333335,0.5238095238095238,0.8333333333333334,6
graph,2,2026-10-07T09:40:32,nodeGcor2,3.11.9,unknown,13158093,366,1,1,0.5321146249771118,lime,attribution,6,13,0.0,0.33,0.5774923972805097,0.7142857142857143,0.7142857142857143,10,10,0.7142857142857143,0.04381384002044797,0.9285714285714286,0.3333333333333333,0.8333333333333334,6
graph,2,2026-10-07T09:40:32,nodeGcor2,3.11.9,unknown,13158093,366,1,1,0.5321146249771118,random,attribution,6,13,0.0,0.71,0.3207274744274894,0.3290909090909091,0.2,10,10,0.3333333333333333,2.1562911570072174e-05,0.5476190476190477,0.5476190476190477,0.5,6
graph,2,2026-10-07T09:40:32,nodeGcor2,3.11.9,unknown,13158093,368,2,3,0.8522053956985474,gnnexplainer,attribution,6,13,0.7403976043582048,0.45,0.18148297827642168,0.9142857142857143,0.7142857142857143,10,10,0.7142857142857143,0.41961180604994297,0.9047619047619049,0.9047619047619049,0.8333333333333334,6
graph,2,2026-10-07T09:40:32,nodeGcor2,3.11.9,unknown,13158093,368,2,3,0.8522053956985474,pgexplainer,attribution,6,13,0.7403928832960428,1.0,0.5384615460998728,1.0,1.0,10,10,1.0,0.003962875809520483,1.0,1.0,1.0,6
graph,2,2026-10-07T09:40:32,nodeGcor2,3.11.9,unknown,13158093,368,2,3,0.8522053956985474,integrated_gradients,attribution,6,13,0.7403976043582048,0.42,0.4315851387370393,0.9428571428571428,0.7142857142857143,10,10,1.0,0.19534230511635542,0.8571428571428572,0.7142857142857144,0.8333333333333334,6
graph,2,2026-10-07T09:40:32,nodeGcor2,3.11.9,unknown,13158093,368,2,3,0.8522053956985474,lime,attribution,6,13,0.7403928832960428,1.0,0.5045605238342323,0.7142857142857143,0.7142857142857143,10,10,1.0,0.04384878184646368,0.9761904761904763,0.6666666666666666,0.8333333333333334,6
graph,2,2026-10-07T09:40:32,nodeGcor2,3.11.9,unknown,13158093,368,2,3,0.8522053956985474,random,attribution,6,13,0.7606345597137427,0.51,0.272516731023579,0.28909090909090907,0.2,10,10,0.2,2.1419953554868698e-05,0.5952380952380952,0.5952380952380952,0.5,6
graph,2,2026-10-07T09:40:32,nodeGcor2,3.11.9,unknown,13158093,371,1,1,0.8354644775390625,gnnexplainer,attribution,6,19,0.07945070123095319,0.99,0.36117969702815933,0.7428571428571429,0.7142857142857143,10,10,0.7142857142857143,0.41856501577422023,1.0,1.0,1.0,6
graph,2,2026-10-07T09:40:32,nodeGcor2,3.11.9,unknown,13158093,371,1,1,0.8354644775390625,pgexplainer,attribution,6,19,0.9565970973718643,0.49,0.07219642878440613,0.4661904761904762,0.3333333333333333,10,10,1.0,0.00407134834676981,0.8076923076923077,0.8076923076923077,0.3333333333333333,6
graph,2,2026-10-07T09:40:32,nodeGcor2,3.11.9,unknown,13158093,371,1,1,0.8354644775390625,integrated_gradients,attribution,6,19,0.07945070123095319,0.99,0.5388557124892026,1.0,0.7142857142857143,10,10,1.0,0.19796279724687338,0.9230769230769231,0.3333333333333333,0.8333333333333334,6
graph,2,2026-10-07T09:40:32,nodeGcor2,3.11.9,unknown,13158093,371,1,1,0.8354644775390625,lime,attribution,6,19,0.07945070123095319,0.97,0.5593152577810274,0.6,0.5,10,10,0.7142857142857143,0.0445508798584342,1.0,0.5,1.0,6
graph,2,2026-10-07T09:40:32,nodeGcor2,3.11.9,unknown,13158093,371,1,1,0.8354644775390625,random,attribution,6,19,0.9995564735972371,0.66,0.389283310779064,0.19818181818181818,0.0,10,10,0.0,2.305302768945694e-05,0.6025641025641025,0.6025641025641025,0.5,6
graph,2,2026-10-07T09:40:32,nodeGcor2,3.11.9,unknown,13158093,372,2,3,0.40074723958969116,gnnexplainer,attribution,6,7,0.4479324200674181,1.0,0.10201060087931246,1.0,1.0,10,10,1.0,0.41754530975595117,1.0,1.0,1.0,6
graph,2,2026-10-07T09:40:32,nodeGcor2,3.11.9,unknown,13158093,372,2,3,0.40074723958969116,pgexplainer,attribution,6,7,0.4479329948450365,1.0,0.0,1.0,1.0,10,10,1.0,0.004021156579256058,0.5,0.5,1.0,6
graph,2,2026-10-07T09:40:32,nodeGcor2,3.11.9,unknown,13158093,372,2,3,0.40074723958969116,integrated_gradients,attribution,6,7,0.4479324200674181,1.0,0.18709211684234117,1.0,1.0,10,10,1.0,0.19748070975765586,1.0,0.6666666666666666,1.0,6
graph,2,2026-10-07T09:40:32,nodeGcor2,3.11.9,unknown,13158093,372,2,3,0.40074723958969116,lime,attribution,6,7,0.4479324200674181,0.46,0.44136694613024474,0.7142857142857143,0.7142857142857143,10,10,1.0,0.04358677379786968,0.6666666666666666,0.6666666666666666,0.8333333333333334,6
graph,2,2026-10-07T09:40:32,nodeGcor2,3.11.9,unknown,13158093,372,2,3,0.40074723958969116,random,attribution,6,7,0.4479329948450365,0.56,0.13065651584279225,0.7428571428571429,0.7142857142857143,10,10,1.0,8.848030120134354e-06,0.0,0.0,0.8333333333333334,6
graph,2,2026-10-07T09:40:32,nodeGcor2,3.11.9,unknown,13158093,375,1,1,0.9161299467086792,gnnexplainer,attribution,6,46,0.16050457674017948,0.95,0.4688662963164595,0.7142857142857143,0.7142857142857143,10,10,0.7142857142857143,0.4322063443250954,0.9916666666666667,0.9916666666666667,0.8333333333333334,6
graph,2,2026-10-07T09:40:32,nodeGcor2,3.11.9,unknown,13158093,375,1,1,0.9161299467086792,pgexplainer,attribution,6,46,0.16050457674017948,1.0,0.7661542805641586,1.0,1.0,10,10,1.0,0.004224827978760004,1.0,1.0,1.0,6
graph,2,2026-10-07T09:40:32,nodeGcor2,3.11.9,unknown,13158093,375,1,1,0.9161299467086792,integrated_gradients,attribution,6,46,0.16050446750276576,1.0,0.7644118142948966,0.9714285714285715,0.7142857142857143,10,10,1.0,0.20211206190288067,0.8208333333333333,0.325,0.8333333333333334,6
graph,2,2026-10-07T09:40:32,nodeGcor2,3.11.9,unknown,13158093,375,1,1,0.9161299467086792,lime,attribution,6,46,0.16050015256884953,0.69,0.5482307964299644,0.7142857142857143,0.7142857142857143,10,10,0.7142857142857143,0.046575962100178,0.9458333333333334,0.35,0.8333333333333334,6
graph,2,2026-10-07T09:40:32,nodeGcor2,3.11.9,unknown,13158093,375,1,1,0.9161299467086792,random,attribution,6,46,0.3841934117582763,0.68,0.40616477904057735,0.08545454545454546,0.0,10,10,0.09090909090909091,2.2586900740861893e-05,0.32916666666666666,0.32916666666666666,0.16666666666666666,6
graph,2,2026-10-07T09:40:32,nodeGcor2,3.11.9,unknown,13158093,379,3,0,0.5436906814575195,gnnexplainer,attribution,6,916,0.9990644838649958,0.88,0.6433263424584063,0.21333333333333332,0.09090909090909091,10,10,0.5,0.41767926793545485,0.9853479853479854,0.9853479853479854,0.3333333333333333,6
graph,2,2026-10-07T09:40:32,nodeGcor2,3.11.9,unknown,13158093,379,3,0,0.5436906814575195,pgexplainer,attribution,6,916,0.0,0.26,0.9895331570992897,0.9142857142857143,0.7142857142857143,10,10,1.0,0.004210217855870724,0.9994505494505495,0.9994505494505495,0.8333333333333334,6
graph,2,2026-10-07T09:40:32,nodeGcor2,3.11.9,unknown,13158093,379,3,0,0.5436906814575195,integrated_gradients,attribution,6,916,0.9990644838649958,0.53,0.9145324763211046,1.0,1.0,10,10,1.0,0.20291796512901783,0.997985347985348,0.665018315018315,0.8333333333333334,6
graph,2,2026-10-07T09:40:32,nodeGcor2,3.11.9,unknown,13158093,379,3,0,0.5436906814575195,lime,attribution,6,916,0.9719767869957777,0.91,0.4426105977113475,0.09090909090909091,0.09090909090909091,10,10,0.2,0.23628871981054544,0.6772893772893772,0.44688644688644685,0.0,6
graph,2,2026-10-07T09:40:32,nodeGcor2,3.11.9,unknown,13158093,379,3,0,0.5436906814575195,random,attribution,6,916,0.0,0.59,0.3204103566843184,0.0,0.0,10,10,0.0,1.597125083208084e-05,0.4553113553113553,0.4553113553113553,0.0,6
graph,2,2026-10-07T09:40:32,nodeGcor2,3.11.9,unknown,13158093,380,1,1,0.8304575085639954,gnnexplainer,attribution,6,19,0.0739002924974088,1.0,0.3597785916966435,0.7714285714285716,0.7142857142857143,10,10,1.0,0.43933978490531445,1.0,1.0,1.0,6
graph,2,2026-10-07T09:40:32,nodeGcor2,3.11.9,unknown,13158093,380,1,1,0.8304575085639954,pgexplainer,attribution,6,19,0.07390055837396953,0.58,0.0933680604227849,0.5428571428571429,0.2,10,10,1.0,0.004091121256351471,0.923076923076923,0.923076923076923,0.8333333333333334,6
graph,2,2026-10-07T09:40:32,nodeGcor2,3.11.9,unknown,13158093,380,1,1,0.8304575085639954,integrated_gradients,attribution,6,19,0.07390055837396953,1.0,0.5389319383189506,0.9714285714285713,0.7142857142857143,10,10,1.0,0.19695544010028243,0.9230769230769231,0.3333333333333333,0.8333333333333334,6
graph,2,2026-10-07T09:40:32,nodeGcor2,3.11.9,unknown,13158093,380,1,1,0.8304575085639954,lime,attribution,6,19,0.07390055837396953,0.98,0.5684490030603149,0.9714285714285715,0.7142857142857143,10,10,1.0,0.04466298408806324,1.0,0.5,1.0,6
graph,2,2026-10-07T09:40:32,nodeGcor2,3.11.9,unknown,13158093,380,1,1,0.8304575085639954,random,attribution,6,19,0.9731896703901886,0.49,0.3035037636263822,0.19818181818181818,0.09090909090909091,10,10,0.2,2.2227875888347626e-05,0.6538461538461539,0.6538461538461539,0.3333333333333333,6
graph,2,2026-10-07T09:40:32,nodeGcor2,3.11.9,unknown,13158093,381,1,1,0.8304575085639954,gnnexplainer,attribution,6,19,0.07390055837396953,0.99,0.3605336650614944,0.7714285714285715,0.7142857142857143,10,10,0.7142857142857143,0.4155572419986129,1.0,1.0,1.0,6
graph,2,2026-10-07T09:40:32,nodeGcor2,3.11.9,unknown,13158093,381,1,1,0.8304575085639954,pgexplainer,attribution,6,19,0.07390055837396953,0.5,0.09336802029707303,0.5657142857142857,0.2,10,10,1.0,0.003961420152336359,0.923076923076923,0.923076923076923,0.8333333333333334,6
graph,2,2026-10-07T09:40:32,nodeGcor2,3.11.9,unknown,13158093,381,1,1,0.8304575085639954,integrated_gradients,attribution,6,19,0.07390055837396953,0.98,0.5389317470638553,0.9714285714285715,0.7142857142857143,10,10,1.0,0.196971763856709,0.9230769230769231,0.3333333333333333,0.8333333333333334,6
graph,2,2026-10-07T09:40:32,nodeGcor2,3.11.9,unknown,13158093,381,1,1,0.8304575085639954,lime,attribution,6,19,0.07390055837396953,1.0,0.5441100576555686,0.5,0.5,10,10,0.7142857142857143,0.044538451824337244,1.0,0.5,1.0,6
graph,2,2026-10-07T09:40:32,nodeGcor2,3.11.9,unknown,13158093,381,1,1,0.8304575085639954,random,attribution,6,19,0.6071026615871337,0.57,0.30183944013616515,0.17393939393939392,0.09090909090909091,10,10,0.09090909090909091,2.2353604435920715e-05,0.3717948717948718,0.3717948717948718,0.16666666666666666,6
graph,2,2026-10-07T09:40:32,nodeGcor2,3.11.9,unknown,13158093,382,2,3,0.40074682235717773,gnnexplainer,attribution,6,7,0.4479324200674181,1.0,0.10201060087931246,1.0,1.0,10,10,1.0,0.415758297778666,1.0,1.0,1.0,6
graph,2,2026-10-07T09:40:32,nodeGcor2,3.11.9,unknown,13158093,382,2,3,0.40074682235717773,pgexplainer,attribution,6,7,0.4479324200674181,1.0,0.0,1.0,1.0,10,10,1.0,0.003996293991804123,0.5,0.5,1.0,6
graph,2,2026-10-07T09:40:32,nodeGcor2,3.11.9,unknown,13158093,382,2,3,0.40074682235717773,integrated_gradients,attribution,6,7,0.4479324200674181,1.0,0.1870918694157364,1.0,1.0,10,10,1.0,0.19625896913930774,1.0,0.6666666666666666,1.0,6
graph,2,2026-10-07T09:40:32,nodeGcor2,3.11.9,unknown,13158093,382,2,3,0.40074682235717773,lime,attribution,6,7,0.4479324200674181,0.49,0.44136695565612216,0.7142857142857143,0.7142857142857143,10,10,1.0,0.043100898154079914,0.6666666666666666,0.6666666666666666,0.8333333333333334,6
graph,2,2026-10-07T09:40:32,nodeGcor2,3.11.9,unknown,13158093,382,2,3,0.40074682235717773,random,attribution,6,7,0.44794284845680543,0.57,0.1613175719786588,0.7714285714285716,0.7142857142857143,10,10,0.7142857142857143,2.246815711259842e-05,0.0,0.0,0.8333333333333334,6
graph,2,2026-10-07T09:40:32,nodeGcor2,3.11.9,unknown,13158093,383,2,3,0.40074723958969116,gnnexplainer,attribution,6,7,0.4479329948450365,1.0,0.14591505536395366,1.0,1.0,10,10,1.0,0.42298499634489417,1.0,1.0,1.0,6
graph,2,2026-10-07T09:40:32,nodeGcor2,3.11.9,unknown,13158093,383,2,3,0.40074723958969116,pgexplainer,attribution,6,7,0.4479324200674181,1.0,0.0,1.0,1.0,10,10,1.0,0.003914715256541967,0.5,0.5,1.0,6
graph,2,2026-10-07T09:40:32,nodeGcor2,3.11.9,unknown,13158093,383,2,3,0.40074723958969116,integrated_gradients,attribution,6,7,0.4479329948450365,1.0,0.18709186472863892,1.0,1.0,10,10,1.0,0.19614773010835052,1.0,0.6666666666666666,1.0,6
graph,2,2026-10-07T09:40:32,nodeGcor2,3.11.9,unknown,13158093,383,2,3,0.40074723958969116,lime,attribution,6,7,0.44794227368944595,0.48,0.4335536670130409,0.7142857142857143,0.7142857142857143,10,10,1.0,0.04306413512676954,0.6666666666666666,0.6666666666666666,0.8333333333333334,6
graph,2,2026-10-07T09:40:32,nodeGcor2,3.11.9,unknown,13158093,383,2,3,0.40074723958969116,random,attribution,6,7,0.4479329948450365,1.0,0.238937189252175,0.7714285714285716,0.7142857142857143,10,10,0.7142857142857143,2.233218401670456e-05,1.0,1.0,1.0,6
graph,2,2026-10-07T09:40:32,nodeGcor2,3.11.9,unknown,13158093,387,2,3,0.46647655963897705,gnnexplainer,attribution,6,7,0.5257225174280472,1.0,0.10300842592574433,1.0,1.0,10,10,1.0,0.4195613288320601,1.0,1.0,1.0,6
graph,2,2026-10-07T09:40:32,nodeGcor2,3.11.9,unknown,13158093,387,2,3,0.46647655963897705,pgexplainer,attribution,6,7,0.5257225174280472,1.0,5.108969847178457e-08,1.0,1.0,10,10,1.0,0.003994794096797705,1.0,1.0,1.0,6
graph,2,2026-10-07T09:40:32,nodeGcor2,3.11.9,unknown,13158093,387,2,3,0.46647655963897705,integrated_gradients,attribution,6,7,0.5257225174280472,1.0,0.1289002938655156,1.0,1.0,10,10,1.0,0.1964234090410173,1.0,0.6666666666666666,1.0,6
graph,2,2026-10-07T09:40:32,nodeGcor2,3.11.9,unknown,13158093,387,2,3,0.46647655963897705,lime,attribution,6,7,0.5257309826073467,0.58,0.27327836901649627,0.7142857142857143,0.7142857142857143,10,10,1.0,0.04306662920862436,0.3333333333333333,0.8333333333333334,0.8333333333333334,6
graph,2,2026-10-07T09:40:32,nodeGcor2,3.11.9,unknown,13158093,387,2,3,0.46647655963897705,random,attribution,6,7,0.5257225174280472,0.45,0.3118065870263743,0.7714285714285716,0.7142857142857143,10,10,0.7142857142857143,2.2820662707090378e-05,0.8333333333333334,0.8333333333333334,0.8333333333333334,6
graph,2,2026-10-07T09:40:32,nodeGcor2,3.11.9,unknown,13158093,390,1,1,0.9106757044792175,gnnexplainer,attribution,6,7,0.15547736923329966,1.0,0.10579423484697725,1.0,1.0,10,10,1.0,0.4196345778182149,1.0,1.0,1.0,6
graph,2,2026-10-07T09:40:32,nodeGcor2,3.11.9,unknown,13158093,390,1,1,0.9106757044792175,pgexplainer,attribution,6,7,0.15547736923329966,1.0,0.0,1.0,1.0,10,10,1.0,0.004001891706138849,0.5,0.5,1.0,6
graph,2,2026-10-07T09:40:32,nodeGcor2,3.11.9,unknown,13158093,390,1,1,0.9106757044792175,integrated_gradients,attribution,6,7,0.15547300436735012,0.54,0.2561066272989363,0.7142857142857143,0.7142857142857143,10,10,1.0,0.1958387866616249,0.5,0.16666666666666666,0.8333333333333334,6
graph,2,2026-10-07T09:40:32,nodeGcor2,3.11.9,unknown,13158093,390,1,1,0.9106757044792175,lime,attribution,6,7,0.15547736923329966,1.0,0.3386964986866903,0.7142857142857143,0.7142857142857143,10,10,1.0,0.0429784320294857,0.6666666666666666,0.5,0.8333333333333334,6
graph,2,2026-10-07T09:40:32,nodeGcor2,3.11.9,unknown,13158093,390,1,1,0.9106757044792175,random,attribution,6,7,0.15547736923329966,1.0,0.21881795016513672,0.7142857142857143,0.7142857142857143,10,10,0.7142857142857143,2.2499356418848038e-05,0.0,0.0,0.8333333333333334,6
graph,2,2026-10-07T09:40:32,nodeGcor2,3.11.9,unknown,13158093,391,1,1,0.556169867515564,gnnexplainer,attribution,6,19,0.0,0.99,0.18582461492115765,0.7714285714285715,0.7142857142857143,10,10,0.7142857142857143,0.42867232020944357,1.0,1.0,1.0,6
graph,2,2026-10-07T09:40:32,nodeGcor2,3.11.9,unknown,13158093,391,1,1,0.556169867515564,pgexplainer,attribution,6,19,0.0,0.99,0.6842104892925087,1.0,1.0,10,10,1.0,0.004123212303966284,1.0,1.0,1.0,6
graph,2,2026-10-07T09:40:32,nodeGcor2,3.11.9,unknown,13158093,391,1,1,0.556169867515564,integrated_gradients,attribution,6,19,0.0,1.0,0.5918414850463001,0.7142857142857143,0.7142857142857143,10,10,1.0,0.2012162976898253,1.0,0.6666666666666666,1.0,6
graph,2,2026-10-07T09:40:32,nodeGcor2,3.11.9,unknown,13158093,391,1,1,0.556169867515564,lime,attribution,6,19,0.0,0.29,0.5869159490803721,0.6928571428571428,0.7142857142857143,10,10,0.7142857142857143,0.044612697791308165,0.8461538461538461,0.3846153846153846,0.6666666666666666,6
graph,2,2026-10-07T09:40:32,nodeGcor2,3.11.9,unknown,13158093,391,1,1,0.556169867515564,random,attribution,6,19,0.9770020956797473,0.79,0.24153674837420425,0.223030303030303,0.0,10,10,0.09090909090909091,2.2405292838811874e-05,0.5256410256410257,0.5256410256410257,0.3333333333333333,6
graph,2,2026-10-07T09:40:32,nodeGcor2,3.11.9,unknown,13158093,394,3,3,0.8396003842353821,gnnexplainer,attribution,6,7,0.7364944888801112,1.0,0.1426128828588219,1.0,1.0,10,10,1.0,0.40320166759192944,1.0,1.0,1.0,6
graph,2,2026-10-07T09:40:32,nodeGcor2,3.11.9,unknown,13158093,394,3,3,0.8396003842353821,pgexplainer,attribution,6,7,0.7364944888801112,1.0,0.0,1.0,1.0,10,10,1.0,0.0039176298305392265,0.5,0.5,1.0,6
graph,2,2026-10-07T09:40:32,nodeGcor2,3.11.9,unknown,13158093,394,3,3,0.8396003842353821,integrated_gradients,attribution,6,7,0.73649447017341,1.0,0.3556143889773413,1.0,1.0,10,10,1.0,0.19501506397500634,1.0,0.5,1.0,6
graph,2,2026-10-07T09:40:32,nodeGcor2,3.11.9,unknown,13158093,394,3,3,0.8396003842353821,lime,attribution,6,7,0.7364944888801112,1.0,0.28525471163936433,0.7142857142857143,0.7142857142857143,10,10,1.0,0.0427363608032465,0.6666666666666666,0.8333333333333334,0.8333333333333334,6
graph,2,2026-10-07T09:40:32,nodeGcor2,3.11.9,unknown,13158093,394,3,3,0.8396003842353821,random,attribution,6,7,0.7364944888801112,1.0,0.12324873770036116,0.7142857142857143,0.7142857142857143,10,10,0.7142857142857143,2.1846964955329895e-05,0.3333333333333333,0.3333333333333333,0.8333333333333334,6
graph,2,2026-10-07T09:40:32,nodeGcor2,3.11.9,unknown,13158093,398,2,3,0.36105695366859436,gnnexplainer,attribution,6,19,0.38725775775271765,0.44,0.4053359396092171,1.0,0.7142857142857143,10,10,0.7142857142857143,0.41689353017136455,0.9743589743589745,0.9743589743589745,0.8333333333333334,6
graph,2,2026-10-07T09:40:32,nodeGcor2,3.11.9,unknown,13158093,398,2,3,0.36105695366859436,pgexplainer,attribution,6,19,0.38724661458045295,0.93,0.6375978791742903,1.0,1.0,10,10,1.0,0.003970621153712273,1.0,1.0,1.0,6
graph,2,2026-10-07T09:40:32,nodeGcor2,3.11.9,unknown,13158093,398,2,3,0.36105695366859436,integrated_gradients,attribution,6,19,0.38724661458045295,0.69,0.6841432838376167,0.9428571428571428,0.7142857142857143,10,10,1.0,0.19596456782892346,0.9743589743589745,0.358974358974359,0.8333333333333334,6
graph,2,2026-10-07T09:40:32,nodeGcor2,3.11.9,unknown,13158093,398,2,3,0.36105695366859436,lime,attribution,6,19,0.0,0.53,0.6300757879631919,0.6500000000000001,0.5,10,10,1.0,0.04412513691931963,0.8076923076923078,0.6666666666666667,0.6666666666666666,6
graph,2,2026-10-07T09:40:32,nodeGcor2,3.11.9,unknown,13158093,398,2,3,0.36105695366859436,random,attribution,6,19,0.22976461823244196,0.36,0.3020316764239066,0.25393939393939396,0.0,10,10,0.2,2.2221356630325317e-05,0.423076923076923,0.423076923076923,0.3333333333333333,6
graph,2,2026-10-07T09:40:32,nodeGcor2,3.11.9,unknown,13158093,399,3,3,0.8072016835212708,gnnexplainer,attribution,6,19,0.7259244578575789,0.49,0.40291201288096445,0.7142857142857143,0.7142857142857143,10,10,1.0,0.3995890310034156,0.9743589743589745,0.9743589743589745,0.8333333333333334,6
graph,2,2026-10-07T09:40:32,nodeGcor2,3.11.9,unknown,13158093,399,3,3,0.8072016835212708,pgexplainer,attribution,6,19,0.7259193926369727,1.0,0.6833618225339521,1.0,1.0,10,10,1.0,0.004038990009576082,1.0,1.0,1.0,6
graph,2,2026-10-07T09:40:32,nodeGcor2,3.11.9,unknown,13158093,399,3,3,0.8072016835212708,integrated_gradients,attribution,6,19,0.7259195343056319,1.0,0.7161008405177822,1.0,1.0,10,10,1.0,0.19667004887014627,0.9615384615384616,0.3717948717948718,0.8333333333333334,6
graph,2,2026-10-07T09:40:32,nodeGcor2,3.11.9,unknown,13158093,399,3,3,0.8072016835212708,lime,attribution,6,19,0.7259194938288871,0.64,0.5880434995835644,0.6380952380952382,0.7142857142857143,10,10,1.0,0.04462700989097357,0.8333333333333334,0.8076923076923077,0.6666666666666666,6
graph,2,2026-10-07T09:40:32,nodeGcor2,3.11.9,unknown,13158093,399,3,3,0.8072016835212708,random,attribution,6,19,0.9326735957455182,0.16,0.3035810781710826,0.17393939393939392,0.09090909090909091,10,10,0.2,2.339296042919159e-05,0.47435897435897434,0.47435897435897434,0.3333333333333333,6
graph,2,2026-10-07T09:40:32,nodeGcor2,3.11.9,unknown,13158093,405,1,1,0.9106757044792175,gnnexplainer,attribution,6,7,0.15547725868356665,1.0,0.10579423248556574,1.0,1.0,10,10,1.0,0.4131932929158211,1.0,1.0,1.0,6
graph,2,2026-10-07T09:40:32,nodeGcor2,3.11.9,unknown,13158093,405,1,1,0.9106757044792175,pgexplainer,attribution,6,7,0.15547736923329966,1.0,0.0,1.0,1.0,10,10,1.0,0.003917521797120571,0.5,0.5,1.0,6
graph,2,2026-10-07T09:40:32,nodeGcor2,3.11.9,unknown,13158093,405,1,1,0.9106757044792175,integrated_gradients,attribution,6,7,0.15547300436735012,0.44,0.25610671631071824,0.7142857142857143,0.7142857142857143,10,10,1.0,0.1957908058539033,0.5,0.16666666666666666,0.8333333333333334,6
graph,2,2026-10-07T09:40:32,nodeGcor2,3.11.9,unknown,13158093,405,1,1,0.9106757044792175,lime,attribution,6,7,0.15547736923329966,1.0,0.3386964905145561,0.7142857142857143,0.7142857142857143,10,10,1.0,0.04281307617202401,0.6666666666666666,0.5,0.8333333333333334,6
graph,2,2026-10-07T09:40:32,nodeGcor2,3.11.9,unknown,13158093,405,1,1,0.9106757044792175,random,attribution,6,7,0.15547311491764004,0.49,0.2451863117580998,0.7428571428571429,0.7142857142857143,10,10,0.7142857142857143,2.1933112293481827e-05,0.8333333333333334,0.8333333333333334,0.8333333333333334,6
graph,2,2026-10-07T09:40:32,nodeGcor2,3.11.9,unknown,13158093,408,2,3,0.7883335947990417,gnnexplainer,attribution,6,19,0.7193641722076323,0.52,0.40582344053532404,0.9714285714285715,0.7142857142857143,10,10,0.7142857142857143,0.4198555429466069,0.9743589743589745,0.9743589743589745,0.8333333333333334,6
graph,2,2026-10-07T09:40:32,nodeGcor2,3.11.9,unknown,13158093,408,2,3,0.7883335947990417,pgexplainer,attribution,6,19,0.7193590898557277,1.0,0.2029832493442969,0.8,0.0,10,10,1.0,0.003955458290874958,1.0,1.0,1.0,6
graph,2,2026-10-07T09:40:32,nodeGcor2,3.11.9,unknown,13158093,408,2,3,0.7883335947990417,integrated_gradients,attribution,6,19,0.7193591322933696,1.0,0.644494909162344,1.0,0.7142857142857143,10,10,1.0,0.19616692187264562,0.8076923076923078,0.641025641025641,0.8333333333333334,6
graph,2,2026-10-07T09:40:32,nodeGcor2,3.11.9,unknown,13158093,408,2,3,0.7883335947990417,lime,attribution,6,19,0.7193591322933696,0.61,0.6201154427725515,0.9142857142857143,0.5,10,10,0.7142857142857143,0.044070005882531404,0.8461538461538461,0.7564102564102564,0.8333333333333334,6
graph,2,2026-10-07T09:40:32,nodeGcor2,3.11.9,unknown,13158093,408,2,3,0.7883335947990417,random,attribution,6,19,0.9833188881815298,0.48,0.23864381502227006,0.1406060606060606,0.09090909090909091,10,10,0.2,1.8650200217962265e-05,0.48717948717948717,0.48717948717948717,0.3333333333333333,6
graph,2,2026-10-07T09:40:32,nodeGcor2,3.11.9,unknown,13158093,409,3,3,0.8396003842353821,gnnexplainer,attribution,6,7,0.73649447017341,1.0,0.1426128828588219,1.0,1.0,10,10,1.0,0.4028807948343456,1.0,1.0,1.0,6
graph,2,2026-10-07T09:40:32,nodeGcor2,3.11.9,unknown,13158093,409,3,3,0.8396003842353821,pgexplainer,attribution,6,7,0.7364944888801112,1.0,0.0,1.0,1.0,10,10,1.0,0.0039626010693609715,0.5,0.5,1.0,6
graph,2,2026-10-07T09:40:32,nodeGcor2,3.11.9,unknown,13158093,409,3,3,0.8396003842353821,integrated_gradients,attribution,6,7,0.7364944888801112,1.0,0.35561434465424735,1.0,1.0,10,10,1.0,0.19624908920377493,1.0,0.5,1.0,6
graph,2,2026-10-07T09:40:32,nodeGcor2,3.11.9,unknown,13158093,409,3,3,0.8396003842353821,lime,attribution,6,7,0.73649447017341,1.0,0.2852546937784599,0.7142857142857143,0.7142857142857143,10,10,1.0,0.04320504795759916,0.6666666666666666,0.8333333333333334,0.8333333333333334,6
graph,2,2026-10-07T09:40:32,nodeGcor2,3.11.9,unknown,13158093,409,3,3,0.8396003842353821,random,attribution,6,7,0.7364944888801112,1.0,0.34129548172003166,0.7714285714285716,0.7142857142857143,10,10,0.7142857142857143,2.2519845515489578e-05,1.0,1.0,1.0,6
graph,2,2026-10-07T09:40:32,nodeGcor2,3.11.9,unknown,13158093,411,1,1,0.5938616394996643,gnnexplainer,attribution,6,580,0.0,0.44,0.6583014021692488,0.33476190476190476,0.0,10,10,0.3333333333333333,0.4315914143808186,0.9721254355400697,0.9721254355400697,0.0,6
graph,2,2026-10-07T09:40:32,nodeGcor2,3.11.9,unknown,13158093,411,1,1,0.5938616394996643,pgexplainer,attribution,6,580,0.0513382701616234,0.4,0.9211145454402958,0.6619047619047619,0.0,10,10,1.0,0.004269212018698454,0.9912891986062718,0.9912891986062718,0.0,6
graph,2,2026-10-07T09:40:32,nodeGcor2,3.11.9,unknown,13158093,411,1,1,0.5938616394996643,integrated_gradients,attribution,6,580,0.0,0.21,0.7774306443884056,0.9428571428571428,0.7142857142857143,10,10,1.0,0.20286943390965462,0.9860627177700348,0.6608594657375145,0.6666666666666666,6
graph,2,2026-10-07T09:40:32,nodeGcor2,3.11.9,unknown,13158093,411,1,1,0.5938616394996643,lime,attribution,6,580,0.9998987267544717,0.31,0.43442912550525503,0.3090909090909091,0.09090909090909091,10,10,0.3333333333333333,0.21351612964645028,0.8896631823461092,0.5060975609756098,0.3333333333333333,6
graph,2,2026-10-07T09:40:32,nodeGcor2,3.11.9,unknown,13158093,411,1,1,0.5938616394996643,random,attribution,6,580,0.028089657019874946,0.39,0.32195835623003355,0.0,0.0,10,10,0.0,1.8313992768526077e-05,0.5069686411149826,0.5069686411149826,0.0,6
graph,2,2026-10-07T09:40:32,nodeGcor2,3.11.9,unknown,13158093,413,2,3,0.46647655963897705,gnnexplainer,attribution,6,7,0.5257225174280472,1.0,0.14963514702593017,1.0,1.0,10,10,1.0,0.42916870675981045,1.0,1.0,1.0,6
graph,2,2026-10-07T09:40:32,nodeGcor2,3.11.9,unknown,13158093,413,2,3,0.46647655963897705,pgexplainer,attribution,6,7,0.5257225174280472,1.0,5.108969847178457e-08,1.0,1.0,10,10,1.0,0.003984028939157724,1.0,1.0,1.0,6
graph,2,2026-10-07T09:40:32,nodeGcor2,3.11.9,unknown,13158093,413,2,3,0.46647655963897705,integrated_gradients,attribution,6,7,0.5257225174280472,1.0,0.12890039387532126,1.0,1.0,10,10,1.0,0.19576237723231316,1.0,0.6666666666666666,1.0,6
graph,2,2026-10-07T09:40:32,nodeGcor2,3.11.9,unknown,13158093,413,2,3,0.46647655963897705,lime,attribution,6,7,0.5257309826073467,0.56,0.2210235071992288,0.7142857142857143,0.7142857142857143,10,10,1.0,0.04269460588693619,0.5,0.8333333333333334,0.8333333333333334,6
graph,2,2026-10-07T09:40:32,nodeGcor2,3.11.9,unknown,13158093,413,2,3,0.46647655963897705,random,attribution,6,7,0.5257225174280472,0.51,0.27132142153622985,0.7428571428571429,0.7142857142857143,10,10,0.7142857142857143,2.1472107619047165e-05,0.6666666666666666,0.6666666666666666,0.8333333333333334,6
graph,2,2026-10-07T09:40:32,nodeGcor2,3.11.9,unknown,13158093,414,3,3,0.7480811476707458,gnnexplainer,attribution,6,23,0.704264011031082,0.46,0.35830765018215727,0.7142857142857143,0.7142857142857143,10,10,0.7142857142857143,0.4288042322732508,0.9705882352941176,0.9705882352941176,0.8333333333333334,6
graph,2,2026-10-07T09:40:32,nodeGcor2,3.11.9,unknown,13158093,414,3,3,0.7480811476707458,pgexplainer,attribution,6,23,0.7042585150341658,1.0,0.8685820948199563,1.0,1.0,10,10,1.0,0.004097376950085163,1.0,1.0,1.0,6
graph,2,2026-10-07T09:40:32,nodeGcor2,3.11.9,unknown,13158093,414,3,3,0.7480811476707458,integrated_gradients,attribution,6,23,0.7042586092890151,0.57,0.7580081717407665,0.9714285714285715,1.0,10,10,1.0,0.2003050330094993,0.9607843137254902,0.5294117647058824,0.8333333333333334,6
graph,2,2026-10-07T09:40:32,nodeGcor2,3.11.9,unknown,13158093,414,3,3,0.7480811476707458,lime,attribution,6,23,0.7042586328527181,0.93,0.6033551178700614,0.6928571428571428,0.5,10,10,0.7142857142857143,0.04455767199397087,0.8235294117647058,0.7745098039215687,0.8333333333333334,6
graph,2,2026-10-07T09:40:32,nodeGcor2,3.11.9,unknown,13158093,414,3,3,0.7480811476707458,random,attribution,6,23,0.976949710167976,0.48,0.3518284434383928,0.20393939393939392,0.0,10,10,0.3333333333333333,2.155778929591179e-05,0.5980392156862746,0.5980392156862746,0.3333333333333333,6
graph,2,2026-10-07T09:40:32,nodeGcor2,3.11.9,unknown,13158093,415,1,1,0.7723655104637146,gnnexplainer,attribution,6,156,0.0,0.36,0.5482236915063654,0.33333333333333337,0.3333333333333333,10,10,0.7142857142857143,0.41051408695057034,0.9777777777777777,0.9777777777777777,0.5,6
graph,2,2026-10-07T09:40:32,nodeGcor2,3.11.9,unknown,13158093,415,1,1,0.7723655104637146,pgexplainer,attribution,6,156,0.07996985374001458,0.57,0.7719186345826317,0.7023809523809523,0.09090909090909091,10,10,1.0,0.004137277137488127,0.9666666666666667,0.9666666666666667,0.0,6
graph,2,2026-10-07T09:40:32,nodeGcor2,3.11.9,unknown,13158093,415,1,1,0.7723655104637146,integrated_gradients,attribution,6,156,0.9790513950283065,0.29,0.7301362123058166,1.0,0.3333333333333333,10,10,1.0,0.19977688742801547,0.9833333333333334,0.6677777777777778,0.5,6
graph,2,2026-10-07T09:40:32,nodeGcor2,3.11.9,unknown,13158093,415,1,1,0.7723655104637146,lime,attribution,6,156,0.004245896022274767,0.23,0.5602390827884594,0.5904761904761905,0.3333333333333333,10,10,0.5,0.07008827710524201,0.9722222222222222,0.5155555555555555,0.3333333333333333,6
graph,2,2026-10-07T09:40:32,nodeGcor2,3.11.9,unknown,13158093,415,1,1,0.7723655104637146,random,attribution,6,156,0.053540135519365886,0.59,0.35689099532476565,0.00909090909090909,0.0,10,10,0.0,2.2429972887039185e-05,0.5744444444444444,0.5744444444444444,0.0,6
graph,2,2026-10-07T09:40:32,nodeGcor2,3.11.9,unknown,13158093,419,3,3,0.7497472763061523,gnnexplainer,attribution,6,12,0.7049212114697968,0.49,0.16933509171208627,0.9714285714285715,1.0,10,10,1.0,0.43434281507506967,0.8333333333333334,0.8333333333333334,0.8333333333333334,6
graph,2,2026-10-07T09:40:32,nodeGcor2,3.11.9,unknown,13158093,419,3,3,0.7497472763061523,pgexplainer,attribution,6,12,0.7049158452431104,1.0,0.7468593758115731,1.0,1.0,10,10,1.0,0.003961770795285702,1.0,1.0,1.0,6
graph,2,2026-10-07T09:40:32,nodeGcor2,3.11.9,unknown,13158093,419,3,3,0.7497472763061523,integrated_gradients,attribution,6,12,0.7049158452431104,1.0,0.5976305177412857,1.0,1.0,10,10,1.0,0.1958594936877489,0.9166666666666667,0.41666666666666663,0.8333333333333334,6
graph,2,2026-10-07T09:40:32,nodeGcor2,3.11.9,unknown,13158093,419,3,3,0.7497472763061523,lime,attribution,6,12,0.7049158452431104,0.72,0.5303664331298813,0.7714285714285715,0.5,10,10,0.7142857142857143,0.04390808939933777,0.6666666666666666,0.8055555555555557,0.6666666666666666,6
graph,2,2026-10-07T09:40:32,nodeGcor2,3.11.9,unknown,13158093,419,3,3,0.7497472763061523,random,attribution,6,12,0.9418741306215895,0.29,0.2551058218965562,0.3514285714285715,0.2,10,10,0.2,2.169795334339142e-05,0.11111111111111108,0.11111111111111108,0.16666666666666666,6
graph,2,2026-10-07T09:40:32,nodeGcor2,3.11.9,unknown,13158093,420,1,1,0.9106757044792175,gnnexplainer,attribution,6,7,0.15547736923329966,1.0,0.10579423248556574,1.0,1.0,10,10,1.0,0.39886844623833895,1.0,1.0,1.0,6
graph,2,2026-10-07T09:40:32,nodeGcor2,3.11.9,unknown,13158093,420,1,1,0.9106757044792175,pgexplainer,attribution,6,7,0.15547736923329966,1.0,0.0,1.0,1.0,10,10,1.0,0.0039368788711726665,0.5,0.5,1.0,6
graph,2,2026-10-07T09:40:32,nodeGcor2,3.11.9,unknown,13158093,420,1,1,0.9106757044792175,integrated_gradients,attribution,6,7,0.15547311491764004,0.47,0.25610669364925476,0.7142857142857143,0.7142857142857143,10,10,1.0,0.19375491607934237,0.5,0.16666666666666666,0.8333333333333334,6
graph,2,2026-10-07T09:40:32,nodeGcor2,3.11.9,unknown,13158093,420,1,1,0.9106757044792175,lime,attribution,6,7,0.15547736923329966,1.0,0.33869650680644414,0.7142857142857143,0.7142857142857143,10,10,1.0,0.04259552340954542,0.6666666666666666,0.5,0.8333333333333334,6
graph,2,2026-10-07T09:40:32,nodeGcor2,3.11.9,unknown,13158093,420,1,1,0.9106757044792175,random,attribution,6,7,0.15547725868356665,1.0,0.23429036310147644,0.7428571428571429,0.7142857142857143,10,10,0.7142857142857143,2.1336134523153305e-05,0.3333333333333333,0.3333333333333333,0.8333333333333334,6
graph,2,2026-10-07T09:40:32,nodeGcor2,3.11.9,unknown,13158093,426,1,1,0.7756767272949219,gnnexplainer,attribution,6,14,0.00849150561281098,0.42,0.297466229687664,0.7142857142857143,0.7142857142857143,10,10,0.7142857142857143,0.4147019167430699,0.8958333333333334,0.8958333333333334,0.8333333333333334,6
graph,2,2026-10-07T09:40:32,nodeGcor2,3.11.9,unknown,13158093,426,1,1,0.7756767272949219,pgexplainer,attribution,6,14,0.5900872794720461,0.66,2.043588309685873e-07,0.488095238095238,0.09090909090909091,10,10,1.0,0.003872864879667759,0.625,0.625,0.16666666666666666,6
graph,2,2026-10-07T09:40:32,nodeGcor2,3.11.9,unknown,13158093,426,1,1,0.7756767272949219,integrated_gradients,attribution,6,14,0.008496883249231023,0.91,0.42628381875881904,0.8571428571428571,0.7142857142857143,10,10,1.0,0.19437517877668142,0.875,0.3333333333333333,0.8333333333333334,6
graph,2,2026-10-07T09:40:32,nodeGcor2,3.11.9,unknown,13158093,426,1,1,0.7756767272949219,lime,attribution,6,14,0.008491962749766265,0.54,0.45338248607496756,0.7142857142857143,0.7142857142857143,10,10,0.7142857142857143,0.04380674986168742,0.9791666666666666,0.5,0.8333333333333334,6
graph,2,2026-10-07T09:40:32,nodeGcor2,3.11.9,unknown,13158093,426,1,1,0.7756767272949219,random,attribution,6,14,0.4867305013625239,0.35,0.20883807356433037,0.2477922077922078,0.2,10,10,0.3333333333333333,2.162996679544449e-05,0.4583333333333333,0.4583333333333333,0.3333333333333333,6
graph,2,2026-10-07T09:40:32,nodeGcor2,3.11.9,unknown,13158093,427,2,3,0.40074723958969116,gnnexplainer,attribution,6,7,0.4479329948450365,1.0,0.10201060087931246,1.0,1.0,10,10,1.0,0.39881710801273584,1.0,1.0,1.0,6
graph,2,2026-10-07T09:40:32,nodeGcor2,3.11.9,unknown,13158093,427,2,3,0.40074723958969116,pgexplainer,attribution,6,7,0.4479324200674181,1.0,0.0,1.0,1.0,10,10,1.0,0.0038925958797335625,0.5,0.5,1.0,6
graph,2,2026-10-07T09:40:32,nodeGcor2,3.11.9,unknown,13158093,427,2,3,0.40074723958969116,integrated_gradients,attribution,6,7,0.4479324200674181,1.0,0.187092664348123,1.0,1.0,10,10,1.0,0.1945724356919527,1.0,0.6666666666666666,1.0,6
graph,2,2026-10-07T09:40:32,nodeGcor2,3.11.9,unknown,13158093,427,2,3,0.40074723958969116,lime,attribution,6,7,0.4479329948450365,0.41,0.44136693809103,0.7142857142857143,0.7142857142857143,10,10,1.0,0.04273309512063861,0.6666666666666666,0.6666666666666666,0.8333333333333334,6
graph,2,2026-10-07T09:40:32,nodeGcor2,3.11.9,unknown,13158093,427,2,3,0.40074723958969116,random,attribution,6,7,0.4479324200674181,0.48,0.5099509775326365,0.7142857142857143,0.7142857142857143,10,10,0.7142857142857143,1.4950055629014969e-05,0.16666666666666666,0.16666666666666666,0.8333333333333334,6
graph,2,2026-10-07T09:40:32,nodeGcor2,3.11.9,unknown,13158093,428,2,3,0.40074723958969116,gnnexplainer,attribution,6,7,0.4479324200674181,1.0,0.14591505536395366,1.0,1.0,10,10,1.0,0.41398719185963273,1.0,1.0,1.0,6
graph,2,2026-10-07T09:40:32,nodeGcor2,3.11.9,unknown,13158093,428,2,3,0.40074723958969116,pgexplainer,attribution,6,7,0.4479329948450365,1.0,0.0,1.0,1.0,10,10,1.0,0.003893018700182438,0.5,0.5,1.0,6
graph,2,2026-10-07T09:40:32,nodeGcor2,3.11.9,unknown,13158093,428,2,3,0.40074723958969116,integrated_gradients,attribution,6,7,0.4479324200674181,1.0,0.18709215220874365,1.0,1.0,10,10,1.0,0.19482712959870696,1.0,0.6666666666666666,1.0,6
graph,2,2026-10-07T09:40:32,nodeGcor2,3.11.9,unknown,13158093,428,2,3,0.40074723958969116,lime,attribution,6,7,0.44794284845680543,0.49,0.43355373700065936,0.7142857142857143,0.7142857142857143,10,10,1.0,0.04273004503920674,0.6666666666666666,0.6666666666666666,0.8333333333333334,6
graph,2,2026-10-07T09:40:32,nodeGcor2,3.11.9,unknown,13158093,428,2,3,0.40074723958969116,random,attribution,6,7,0.44794284845680543,0.5,0.34158132977810074,0.7714285714285716,0.7142857142857143,10,10,0.7142857142857143,2.153730019927025e-05,0.3333333333333333,0.3333333333333333,0.8333333333333334,6
graph,2,2026-10-07T09:40:32,nodeGcor2,3.11.9,unknown,13158093,430,1,1,0.7749890685081482,gnnexplainer,attribution,6,25,0.007610963836481373,0.52,0.4075658069961182,0.7142857142857143,0.7142857142857143,10,10,0.7142857142857143,0.4231589240953326,0.9561403508771931,0.9561403508771931,0.8333333333333334,6
graph,2,2026-10-07T09:40:32,nodeGcor2,3.11.9,unknown,13158093,430,1,1,0.7749890685081482,pgexplainer,attribution,6,25,0.1525292603283408,0.58,0.21808223312174013,0.3066666666666667,0.2,10,10,1.0,0.004053506068885326,0.8157894736842106,0.8157894736842106,0.0,6
graph,2,2026-10-07T09:40:32,nodeGcor2,3.11.9,unknown,13158093,430,1,1,0.7749890685081482,integrated_gradients,attribution,6,25,0.00761073486168953,0.57,0.6506787744622529,1.0,0.7142857142857143,10,10,1.0,0.19893008610233665,0.9122807017543859,0.5789473684210527,0.8333333333333334,6
graph,2,2026-10-07T09:40:32,nodeGcor2,3.11.9,unknown,13158093,430,1,1,0.7749890685081482,lime,attribution,6,25,0.00761073486168953,0.49,0.6969772511514286,1.0,1.0,10,10,0.5,0.044680288061499596,0.9473684210526316,0.35964912280701755,0.8333333333333334,6
graph,2,2026-10-07T09:40:32,nodeGcor2,3.11.9,unknown,13158093,430,1,1,0.7749890685081482,random,attribution,6,25,0.9791222878258468,0.76,0.3933279015161514,0.21484848484848484,0.0,10,10,0.09090909090909091,2.3616943508386612e-05,0.7456140350877193,0.7456140350877193,0.5,6
graph,2,2026-10-07T09:40:32,nodeGcor2,3.11.9,unknown,13158093,431,1,1,0.9106757044792175,gnnexplainer,attribution,6,7,0.15547736923329966,1.0,0.10617704751006762,1.0,1.0,10,10,1.0,0.4004876250401139,1.0,1.0,1.0,6
graph,2,2026-10-07T09:40:32,nodeGcor2,3.11.9,unknown,13158093,431,1,1,0.9106757044792175,pgexplainer,attribution,6,7,0.15547725868356665,1.0,0.0,1.0,1.0,10,10,1.0,0.0038937716744840145,0.5,0.5,1.0,6
graph,2,2026-10-07T09:40:32,nodeGcor2,3.11.9,unknown,13158093,431,1,1,0.9106757044792175,integrated_gradients,attribution,6,7,0.15547300436735012,0.5,0.25610667007454035,0.7142857142857143,0.7142857142857143,10,10,1.0,0.19453543797135353,0.5,0.16666666666666666,0.8333333333333334,6
graph,2,2026-10-07T09:40:32,nodeGcor2,3.11.9,unknown,13158093,431,1,1,0.9106757044792175,lime,attribution,6,7,0.15547725868356665,1.0,0.3583685256817173,0.7142857142857143,0.7142857142857143,10,10,0.7142857142857143,0.042741457000374794,0.5,0.3333333333333333,0.8333333333333334,6
graph,2,2026-10-07T09:40:32,nodeGcor2,3.11.9,unknown,13158093,431,1,1,0.9106757044792175,random,attribution,6,7,0.15547736923329966,1.0,0.24969078080600027,0.8,0.7142857142857143,10,10,0.7142857142857143,2.1292828023433685e-05,1.0,1.0,1.0,6
graph,2,2026-10-07T09:40:32,nodeGcor2,3.11.9,unknown,13158093,435,1,1,0.7484030723571777,gnnexplainer,attribution,6,21,0.0,0.96,0.3832805495011036,0.7142857142857143,0.7142857142857143,10,10,0.7142857142857143,0.41443712916225195,0.9666666666666667,0.9666666666666667,0.8333333333333334,6
graph,2,2026-10-07T09:40:32,nodeGcor2,3.11.9,unknown,13158093,435,1,1,0.7484030723571777,pgexplainer,attribution,6,21,0.0,0.99,0.24243321242640492,0.8142857142857143,0.0,10,10,1.0,0.003958696033805609,0.9666666666666667,0.9666666666666667,1.0,6
graph,2,2026-10-07T09:40:32,nodeGcor2,3.11.9,unknown,13158093,435,1,1,0.7484030723571777,integrated_gradients,attribution,6,21,0.0,0.48,0.6083823296206267,0.8571428571428573,0.7142857142857143,10,10,1.0,0.19508293876424432,0.9555555555555556,0.6222222222222221,0.8333333333333334,6
graph,2,2026-10-07T09:40:32,nodeGcor2,3.11.9,unknown,13158093,435,1,1,0.7484030723571777,lime,attribution,6,21,0.0,0.46,0.6245789480949933,0.6285714285714287,0.5,10,10,0.5,0.04433713806793094,0.9,0.4666666666666667,0.6666666666666666,6
graph,2,2026-10-07T09:40:32,nodeGcor2,3.11.9,unknown,13158093,435,1,1,0.7484030723571777,random,attribution,6,21,0.7570984639218511,0.75,0.3497530185434665,0.11636363636363638,0.0,10,10,0.09090909090909091,8.337199687957764e-06,0.35555555555555557,0.35555555555555557,0.16666666666666666,6
graph,2,2026-10-07T09:40:32,nodeGcor2,3.11.9,unknown,13158093,436,1,1,0.910675585269928,gnnexplainer,attribution,6,7,0.15547725868356665,1.0,0.10617704751006762,1.0,1.0,10,10,1.0,0.39912955183535814,1.0,1.0,1.0,6
graph,2,2026-10-07T09:40:32,nodeGcor2,3.11.9,unknown,13158093,436,1,1,0.910675585269928,pgexplainer,attribution,6,7,0.15547736923329966,1.0,0.0,1.0,1.0,10,10,1.0,0.003916674759238958,0.5,0.5,1.0,6
graph,2,2026-10-07T09:40:32,nodeGcor2,3.11.9,unknown,13158093,436,1,1,0.910675585269928,integrated_gradients,attribution,6,7,0.15547311491764004,0.52,0.2561066902422432,0.7142857142857143,0.7142857142857143,10,10,1.0,0.19441829808056355,0.5,0.16666666666666666,0.8333333333333334,6
graph,2,2026-10-07T09:40:32,nodeGcor2,3.11.9,unknown,13158093,436,1,1,0.910675585269928,lime,attribution,6,7,0.15547736923329966,1.0,0.35836850830378075,0.7142857142857143,0.7142857142857143,10,10,0.7142857142857143,0.04272784572094679,0.5,0.3333333333333333,0.8333333333333334,6
graph,2,2026-10-07T09:40:32,nodeGcor2,3.11.9,unknown,13158093,436,1,1,0.910675585269928,random,attribution,6,7,0.15547311491764004,1.0,0.2845709901325306,0.7428571428571429,0.7142857142857143,10,10,0.7142857142857143,2.1432992070913315e-05,0.3333333333333333,0.3333333333333333,0.8333333333333334,6
graph,2,2026-10-07T09:40:32,nodeGcor2,3.11.9,unknown,13158093,437,2,3,0.8037197589874268,gnnexplainer,attribution,6,21,0.7247367043609706,0.47,0.37919060188518083,0.7142857142857143,0.7142857142857143,10,10,1.0,0.4144745049998164,0.9555555555555556,0.9555555555555556,0.8333333333333334,6
graph,2,2026-10-07T09:40:32,nodeGcor2,3.11.9,unknown,13158093,437,2,3,0.8037197589874268,pgexplainer,attribution,6,21,0.7247316984937234,1.0,0.7142855746055996,1.0,1.0,10,10,1.0,0.0039214580319821835,1.0,1.0,1.0,6
graph,2,2026-10-07T09:40:32,nodeGcor2,3.11.9,unknown,13158093,437,2,3,0.8037197589874268,integrated_gradients,attribution,6,21,0.7247316984937234,1.0,0.6793401162390198,0.9714285714285713,0.7142857142857143,10,10,1.0,0.19570920802652836,0.8111111111111112,0.6444444444444445,0.8333333333333334,6
graph,2,2026-10-07T09:40:32,nodeGcor2,3.11.9,unknown,13158093,437,2,3,0.8037197589874268,lime,attribution,6,21,0.7247316780795504,1.0,0.6019350668283943,0.7428571428571429,0.7142857142857143,10,10,0.7142857142857143,0.04422176908701658,1.0,0.6666666666666666,1.0,6
graph,2,2026-10-07T09:40:32,nodeGcor2,3.11.9,unknown,13158093,437,2,3,0.8037197589874268,random,attribution,6,21,0.996420348074914,0.46,0.42514587838202444,0.12484848484848485,0.0,10,10,0.5,2.1900981664657593e-05,0.5555555555555556,0.5555555555555556,0.3333333333333333,6
graph,2,2026-10-07T09:40:32,nodeGcor2,3.11.9,unknown,13158093,440,1,1,0.5321146249771118,gnnexplainer,attribution,6,13,0.0,0.24,0.18227834139625032,0.7142857142857143,0.7142857142857143,10,10,0.7142857142857143,0.40053086495026946,0.9761904761904763,0.9761904761904763,0.8333333333333334,6
graph,2,2026-10-07T09:40:32,nodeGcor2,3.11.9,unknown,13158093,440,1,1,0.5321146249771118,pgexplainer,attribution,6,13,0.0,0.83,0.44032492213752283,1.0,1.0,10,10,1.0,0.00394937489181757,1.0,1.0,1.0,6
graph,2,2026-10-07T09:40:32,nodeGcor2,3.11.9,unknown,13158093,440,1,1,0.5321146249771118,integrated_gradients,attribution,6,13,0.0,0.74,0.4922676138436469,0.8857142857142856,0.7142857142857143,10,10,1.0,0.19529062882065773,0.8333333333333335,0.5238095238095238,0.8333333333333334,6
graph,2,2026-10-07T09:40:32,nodeGcor2,3.11.9,unknown,13158093,440,1,1,0.5321146249771118,lime,attribution,6,13,0.0,0.22,0.613709401665425,0.6928571428571428,0.7142857142857143,10,10,0.7142857142857143,0.043892296962440014,0.8333333333333333,0.38095238095238093,0.6666666666666666,6
graph,2,2026-10-07T09:40:32,nodeGcor2,3.11.9,unknown,13158093,440,1,1,0.5321146249771118,random,attribution,6,13,0.9999800184071822,0.63,0.29333250058034666,0.2890909090909091,0.2,10,10,0.3333333333333333,2.179667353630066e-05,0.5476190476190477,0.5476190476190477,0.5,6
graph,2,2026-10-07T09:40:32,nodeGcor2,3.11.9,unknown,13158093,445,1,1,0.6314783692359924,gnnexplainer,attribution,6,12,0.0,0.6,0.16912270786699035,0.7142857142857143,0.7142857142857143,10,10,0.7142857142857143,0.41336576268076897,0.8333333333333334,0.8333333333333334,0.8333333333333334,6
graph,2,2026-10-07T09:40:32,nodeGcor2,3.11.9,unknown,13158093,445,1,1,0.6314783692359924,pgexplainer,attribution,6,12,0.0,1.0,0.4999998725112732,1.0,1.0,10,10,1.0,0.003984360955655575,1.0,1.0,1.0,6
graph,2,2026-10-07T09:40:32,nodeGcor2,3.11.9,unknown,13158093,445,1,1,0.6314783692359924,integrated_gradients,attribution,6,12,0.0,1.0,0.5337003502462666,1.0,1.0,10,10,1.0,0.19659970700740814,1.0,0.6666666666666666,1.0,6
graph,2,2026-10-07T09:40:32,nodeGcor2,3.11.9,unknown,13158093,445,1,1,0.6314783692359924,lime,attribution,6,12,0.0,0.45,0.4304316371422272,0.6928571428571428,0.5,10,10,0.7142857142857143,0.044060634914785624,0.9444444444444444,0.38888888888888884,0.8333333333333334,6
graph,2,2026-10-07T09:40:32,nodeGcor2,3.11.9,unknown,13158093,445,1,1,0.6314783692359924,random,attribution,6,12,0.91475227387238,0.27,0.33091783640458217,0.3066666666666667,0.2,10,10,0.2,1.3113021850585938e-05,0.638888888888889,0.638888888888889,0.6666666666666666,6
graph,2,2026-10-07T09:40:32,nodeGcor2,3.11.9,unknown,13158093,446,1,1,0.6482128500938416,gnnexplainer,attribution,6,112,0.0,0.15,0.5352263850054702,0.6714285714285715,0.2,10,10,0.2,0.4144551712088287,0.9591194968553459,0.9591194968553459,0.3333333333333333,6
graph,2,2026-10-07T09:40:32,nodeGcor2,3.11.9,unknown,13158093,446,1,1,0.6482128500938416,pgexplainer,attribution,6,112,0.1338978593497131,0.53,0.7242059391043195,0.9428571428571428,0.0,10,10,1.0,0.004104831721633673,0.9528301886792453,0.9528301886792453,0.0,6
graph,2,2026-10-07T09:40:32,nodeGcor2,3.11.9,unknown,13158093,446,1,1,0.6482128500938416,integrated_gradients,attribution,6,112,0.9750390452589378,0.26,0.6835014971199254,0.8833333333333332,0.3333333333333333,10,10,1.0,0.2002238822169602,0.9716981132075472,0.6698113207547168,0.5,6
graph,2,2026-10-07T09:40:32,nodeGcor2,3.11.9,unknown,13158093,446,1,1,0.6482128500938416,lime,attribution,6,112,0.9750390452589378,0.38,0.5682636251653499,0.5642857142857143,0.3333333333333333,10,10,0.7142857142857143,0.05039983429014683,0.8930817610062893,0.4779874213836478,0.5,6
graph,2,2026-10-07T09:40:32,nodeGcor2,3.11.9,unknown,13158093,446,1,1,0.6482128500938416,random,attribution,6,112,0.8988159413160218,0.61,0.30816306115537273,0.06727272727272728,0.0,10,10,0.0,2.302182838320732e-05,0.5738993710691824,0.5738993710691824,0.16666666666666666,6
graph,2,2026-10-07T09:40:32,nodeGcor2,3.11.9,unknown,13158093,448,2,3,0.46647655963897705,gnnexplainer,attribution,6,7,0.5257225174280472,1.0,0.14963514702593017,1.0,1.0,10,10,1.0,0.42101877834647894,1.0,1.0,1.0,6
graph,2,2026-10-07T09:40:32,nodeGcor2,3.11.9,unknown,13158093,448,2,3,0.46647655963897705,pgexplainer,attribution,6,7,0.5257225174280472,1.0,5.108969847178457e-08,1.0,1.0,10,10,1.0,0.004078088793903589,1.0,1.0,1.0,6
graph,2,2026-10-07T09:40:32,nodeGcor2,3.11.9,unknown,13158093,448,2,3,0.46647655963897705,integrated_gradients,attribution,6,7,0.5257225174280472,1.0,0.1289002378812134,1.0,1.0,10,10,1.0,0.19626665022224188,1.0,0.6666666666666666,1.0,6
graph,2,2026-10-07T09:40:32,nodeGcor2,3.11.9,unknown,13158093,448,2,3,0.46647655963897705,lime,attribution,6,7,0.5257309826073467,0.52,0.22102350882286292,0.7142857142857143,0.7142857142857143,10,10,1.0,0.042953467927873135,0.5,0.8333333333333334,0.8333333333333334,6
graph,2,2026-10-07T09:40:32,nodeGcor2,3.11.9,unknown,13158093,448,2,3,0.46647655963897705,random,attribution,6,7,0.5257225174280472,0.51,0.3667183097587827,0.7714285714285715,0.7142857142857143,10,10,0.7142857142857143,2.2376421838998795e-05,0.16666666666666666,0.16666666666666666,0.8333333333333334,6
graph,2,2026-10-07T09:40:32,nodeGcor2,3.11.9,unknown,13158093,449,3,3,0.7497474551200867,gnnexplainer,attribution,6,12,0.7049212114697968,0.49,0.16873727259810478,0.9428571428571428,0.7142857142857143,10,10,1.0,0.41944578383117914,0.8333333333333334,0.8333333333333334,0.8333333333333334,6
graph,2,2026-10-07T09:40:32,nodeGcor2,3.11.9,unknown,13158093,449,3,3,0.7497474551200867,pgexplainer,attribution,6,12,0.7049158452431104,1.0,0.7468593048820761,1.0,1.0,10,10,1.0,0.003929441329091787,1.0,1.0,1.0,6
graph,2,2026-10-07T09:40:32,nodeGcor2,3.11.9,unknown,13158093,449,3,3,0.7497474551200867,integrated_gradients,attribution,6,12,0.7049158452431104,1.0,0.5976305539826222,0.9714285714285715,0.7142857142857143,10,10,1.0,0.19611502019688487,0.9166666666666667,0.41666666666666663,0.8333333333333334,6
graph,2,2026-10-07T09:40:32,nodeGcor2,3.11.9,unknown,13158093,449,3,3,0.7497474551200867,lime,attribution,6,12,0.7049158452431104,0.77,0.5848150668360952,0.6285714285714287,0.5,10,10,0.7142857142857143,0.043854471296072006,0.6666666666666666,0.8055555555555557,0.6666666666666666,6
graph,2,2026-10-07T09:40:32,nodeGcor2,3.11.9,unknown,13158093,449,3,3,0.7497474551200867,random,attribution,6,12,0.7049158452431104,0.37,0.45371542039261126,0.37809523809523815,0.3333333333333333,10,10,0.09090909090909091,2.1497253328561783e-05,0.5277777777777778,0.5277777777777778,0.5,6
graph,2,2026-10-07T09:40:32,nodeGcor2,3.11.9,unknown,13158093,451,1,1,0.6466401219367981,gnnexplainer,attribution,6,12,0.0,0.83,0.1680656140223078,0.7142857142857143,0.7142857142857143,10,10,1.0,0.41540195187553763,0.8333333333333334,0.8333333333333334,0.8333333333333334,6
graph,2,2026-10-07T09:40:32,nodeGcor2,3.11.9,unknown,13158093,451,1,1,0.6466401219367981,pgexplainer,attribution,6,12,0.0,0.84,0.15329995278909925,1.0,1.0,10,10,1.0,0.003956492058932781,0.9166666666666667,0.9166666666666667,1.0,6
graph,2,2026-10-07T09:40:32,nodeGcor2,3.11.9,unknown,13158093,451,1,1,0.6466401219367981,integrated_gradients,attribution,6,12,0.0,0.99,0.3870453807300952,0.9714285714285715,0.7142857142857143,10,10,1.0,0.19781754491850734,0.8611111111111112,0.3333333333333333,0.8333333333333334,6
graph,2,2026-10-07T09:40:32,nodeGcor2,3.11.9,unknown,13158093,451,1,1,0.6466401219367981,lime,attribution,6,12,0.0,0.37,0.5437065990338388,0.9428571428571428,0.7142857142857143,10,10,1.0,0.0439841547049582,0.888888888888889,0.5555555555555556,0.8333333333333334,6
graph,2,2026-10-07T09:40:32,nodeGcor2,3.11.9,unknown,13158093,451,1,1,0.6466401219367981,random,attribution,6,12,0.9956488562971916,0.67,0.1976761771414821,0.3433333333333334,0.2,10,10,0.3333333333333333,8.64081084728241e-06,0.6944444444444444,0.6944444444444444,0.6666666666666666,6
graph,2,2026-10-07T09:40:32,nodeGcor2,3.11.9,unknown,13158093,455,1,1,0.8888788819313049,gnnexplainer,attribution,6,89,0.1347673257600294,1.0,0.5828918382187965,0.7142857142857143,0.7142857142857143,10,10,0.7142857142857143,0.42753319907933474,0.9939759036144579,0.9939759036144579,0.8333333333333334,6
graph,2,2026-10-07T09:40:32,nodeGcor2,3.11.9,unknown,13158093,455,1,1,0.8888788819313049,pgexplainer,attribution,6,89,0.1347673257600294,1.0,0.9296125144653549,1.0,1.0,10,10,1.0,0.004187010694295168,1.0,1.0,1.0,6
graph,2,2026-10-07T09:40:32,nodeGcor2,3.11.9,unknown,13158093,455,1,1,0.8888788819313049,integrated_gradients,attribution,6,89,0.1347674998171048,1.0,0.819916047237191,1.0,1.0,10,10,1.0,0.2031780881807208,0.9879518072289156,0.4919678714859438,0.8333333333333334,6
graph,2,2026-10-07T09:40:32,nodeGcor2,3.11.9,unknown,13158093,455,1,1,0.8888788819313049,lime,attribution,6,89,0.8364058557317117,0.35,0.5516335949780662,0.5214285714285715,0.5,10,10,0.5,0.049812298733741045,0.8313253012048193,0.41164658634538154,0.6666666666666666,6
graph,2,2026-10-07T09:40:32,nodeGcor2,3.11.9,unknown,13158093,455,1,1,0.8888788819313049,random,attribution,6,89,0.016467947333414293,0.53,0.3264233249778329,0.0896969696969697,0.0,10,10,0.0,2.2755004465579987e-05,0.5120481927710843,0.5120481927710843,0.0,6
graph,2,2026-10-07T09:40:32,nodeGcor2,3.11.9,unknown,13158093,456,1,1,0.9106757044792175,gnnexplainer,attribution,6,7,0.15547736923329966,1.0,0.10617704751006762,1.0,1.0,10,10,1.0,0.4135127020999789,1.0,1.0,1.0,6
graph,2,2026-10-07T09:40:32,nodeGcor2,3.11.9,unknown,13158093,456,1,1,0.9106757044792175,pgexplainer,attribution,6,7,0.15547736923329966,1.0,0.0,1.0,1.0,10,10,1.0,0.003941177856177092,0.5,0.5,1.0,6
graph,2,2026-10-07T09:40:32,nodeGcor2,3.11.9,unknown,13158093,456,1,1,0.9106757044792175,integrated_gradients,attribution,6,7,0.15547311491764004,0.46,0.2561067097268894,0.7142857142857143,0.7142857142857143,10,10,1.0,0.19619549671187997,0.5,0.16666666666666666,0.8333333333333334,6
graph,2,2026-10-07T09:40:32,nodeGcor2,3.11.9,unknown,13158093,456,1,1,0.9106757044792175,lime,attribution,6,7,0.15547725868356665,1.0,0.35836851287256166,0.7142857142857143,0.7142857142857143,10,10,0.7142857142857143,0.042755632661283016,0.5,0.3333333333333333,0.8333333333333334,6
graph,2,2026-10-07T09:40:32,nodeGcor2,3.11.9,unknown,13158093,456,1,1,0.9106757044792175,random,attribution,6,7,0.15547311491764004,0.46,0.24905938830317198,0.7142857142857143,0.7142857142857143,10,10,0.7142857142857143,2.1565239876508713e-05,0.3333333333333333,0.3333333333333333,0.8333333333333334,6
graph,2,2026-10-07T09:40:32,nodeGcor2,3.11.9,unknown,13158093,457,2,3,0.5092323422431946,gnnexplainer,attribution,6,89,0.5655526221996969,0.45,0.5757324540344895,0.7142857142857143,0.7142857142857143,10,10,1.0,0.42970959190279245,0.9899598393574298,0.9899598393574298,0.8333333333333334,6
graph,2,2026-10-07T09:40:32,nodeGcor2,3.11.9,unknown,13158093,457,2,3,0.5092323422431946,pgexplainer,attribution,6,89,0.5655450265646367,1.0,0.9325917647825569,1.0,1.0,10,10,1.0,0.004065027926117182,1.0,1.0,1.0,6
graph,2,2026-10-07T09:40:32,nodeGcor2,3.11.9,unknown,13158093,457,2,3,0.5092323422431946,integrated_gradients,attribution,6,89,0.5655446197474499,1.0,0.8370625801476701,1.0,1.0,10,10,1.0,0.2016011979430914,1.0,0.5,1.0,6
graph,2,2026-10-07T09:40:32,nodeGcor2,3.11.9,unknown,13158093,457,2,3,0.5092323422431946,lime,attribution,6,89,0.5655525204971784,0.54,0.523543671313265,0.7142857142857143,0.3333333333333333,10,10,0.7142857142857143,0.049158498644828796,0.9879518072289156,0.5100401606425703,0.6666666666666666,6
graph,2,2026-10-07T09:40:32,nodeGcor2,3.11.9,unknown,13158093,457,2,3,0.5092323422431946,random,attribution,6,89,0.010060522083883021,0.21,0.3408004048816635,0.038181818181818185,0.0,10,10,0.0,2.2096093744039536e-05,0.5481927710843373,0.5481927710843373,0.0,6
graph,2,2026-10-07T09:40:32,nodeGcor2,3.11.9,unknown,13158093,460,1,1,0.7127258777618408,gnnexplainer,attribution,6,13,0.0,1.0,0.22918432057271754,0.7714285714285715,0.7142857142857143,10,10,0.7142857142857143,0.4040926517918706,1.0,1.0,1.0,6
graph,2,2026-10-07T09:40:32,nodeGcor2,3.11.9,unknown,13158093,460,1,1,0.7127258777618408,pgexplainer,attribution,6,13,0.0,0.45,0.2578957194265372,0.5428571428571429,0.5,10,10,1.0,0.004034596960991621,0.9285714285714286,0.9285714285714286,0.8333333333333334,6
graph,2,2026-10-07T09:40:32,nodeGcor2,3.11.9,unknown,13158093,460,1,1,0.7127258777618408,integrated_gradients,attribution,6,13,0.0,1.0,0.5249066931288884,1.0,1.0,10,10,1.0,0.19755183020606637,1.0,0.6666666666666666,1.0,6
graph,2,2026-10-07T09:40:32,nodeGcor2,3.11.9,unknown,13158093,460,1,1,0.7127258777618408,lime,attribution,6,13,0.0,0.42,0.48914508676963886,0.7714285714285716,0.7142857142857143,10,10,0.7142857142857143,0.04463509423658252,0.9523809523809524,0.38095238095238093,0.8333333333333334,6
graph,2,2026-10-07T09:40:32,nodeGcor2,3.11.9,unknown,13158093,460,1,1,0.7127258777618408,random,attribution,6,13,0.0,0.35,0.2775112139541176,0.3566666666666667,0.2,10,10,0.3333333333333333,8.706934750080109e-06,0.4285714285714286,0.4285714285714286,0.5,6
graph,2,2026-10-07T09:40:32,nodeGcor2,3.11.9,unknown,13158093,461,1,1,0.9528834223747253,gnnexplainer,attribution,6,344,0.08566035170041955,0.45,0.6422351007266882,0.5428571428571429,0.2,10,10,0.2,0.42599951615557075,0.98767258382643,0.98767258382643,0.3333333333333333,6
graph,2,2026-10-07T09:40:32,nodeGcor2,3.11.9,unknown,13158093,461,1,1,0.9528834223747253,pgexplainer,attribution,6,344,0.004623209085084374,0.7,0.906671804607379,0.7571428571428572,0.09090909090909091,10,10,1.0,0.0042507341131567955,0.9837278106508875,0.9837278106508875,0.0,6
graph,2,2026-10-07T09:40:32,nodeGcor2,3.11.9,unknown,13158093,461,1,1,0.9528834223747253,integrated_gradients,attribution,6,344,0.19288458659872365,0.97,0.8145978851425357,1.0,1.0,10,10,1.0,0.20275248168036342,0.9980276134122288,0.49852071005917153,0.8333333333333334,6
graph,2,2026-10-07T09:40:32,nodeGcor2,3.11.9,unknown,13158093,461,1,1,0.9528834223747253,lime,attribution,6,344,0.9999999999996849,0.75,0.4657593570041787,0.5428571428571429,0.5,10,10,0.5,0.2050272929482162,0.945759368836292,0.5276134122287969,0.6666666666666666,6
graph,2,2026-10-07T09:40:32,nodeGcor2,3.11.9,unknown,13158093,461,1,1,0.9528834223747253,random,attribution,6,344,0.0033491524940277035,0.66,0.33593386679380177,0.01818181818181818,0.0,10,10,0.09090909090909091,2.4265609681606293e-05,0.47337278106508873,0.47337278106508873,0.0,6
graph,2,2026-10-07T09:40:32,nodeGcor2,3.11.9,unknown,13158093,465,1,1,0.7242262363433838,gnnexplainer,attribution,6,19,0.0,0.96,0.36071115567394874,0.7142857142857143,0.7142857142857143,10,10,0.7142857142857143,0.41782518522813916,1.0,1.0,1.0,6
graph,2,2026-10-07T09:40:32,nodeGcor2,3.11.9,unknown,13158093,465,1,1,0.7242262363433838,pgexplainer,attribution,6,19,0.0,0.79,0.1491506004531461,0.862857142857143,0.7142857142857143,10,10,1.0,0.003980308771133423,0.923076923076923,0.923076923076923,0.8333333333333334,6
graph,2,2026-10-07T09:40:32,nodeGcor2,3.11.9,unknown,13158093,465,1,1,0.7242262363433838,integrated_gradients,attribution,6,19,0.0,0.99,0.5859248355581519,0.8857142857142858,0.7142857142857143,10,10,1.0,0.1954220230691135,1.0,0.6666666666666666,1.0,6
graph,2,2026-10-07T09:40:32,nodeGcor2,3.11.9,unknown,13158093,465,1,1,0.7242262363433838,lime,attribution,6,19,0.0,0.33,0.5934523903364719,0.6928571428571428,0.7142857142857143,10,10,1.0,0.04423613427206874,0.7564102564102564,0.358974358974359,0.6666666666666666,6
graph,2,2026-10-07T09:40:32,nodeGcor2,3.11.9,unknown,13158093,465,1,1,0.7242262363433838,random,attribution,6,19,0.0,0.54,0.33660999909399336,0.1496969696969697,0.0,10,10,0.09090909090909091,2.180272713303566e-05,0.3846153846153846,0.3846153846153846,0.0,6
graph,2,2026-10-07T09:40:32,nodeGcor2,3.11.9,unknown,13158093,467,2,3,0.8152181506156921,gnnexplainer,attribution,6,19,0.7286192259186147,0.47,0.35444812447408613,0.7142857142857143,0.7142857142857143,10,10,1.0,0.4083982091397047,0.9743589743589745,0.9743589743589745,0.8333333333333334,6
graph,2,2026-10-07T09:40:32,nodeGcor2,3.11.9,unknown,13158093,467,2,3,0.8152181506156921,pgexplainer,attribution,6,19,0.7286142906579024,1.0,0.6842077054252013,1.0,1.0,10,10,1.0,0.0039370860904455185,1.0,1.0,1.0,6
graph,2,2026-10-07T09:40:32,nodeGcor2,3.11.9,unknown,13158093,467,2,3,0.8152181506156921,integrated_gradients,attribution,6,19,0.7286142906579024,1.0,0.6454556934747335,0.7142857142857143,0.7142857142857143,10,10,1.0,0.19490680191665888,0.8974358974358975,0.6410256410256411,0.8333333333333334,6
graph,2,2026-10-07T09:40:32,nodeGcor2,3.11.9,unknown,13158093,467,2,3,0.8152181506156921,lime,attribution,6,19,0.7286142906579024,0.71,0.5850218175343708,0.7142857142857143,0.7142857142857143,10,10,0.7142857142857143,0.044298636727035046,0.858974358974359,0.7435897435897436,0.8333333333333334,6
graph,2,2026-10-07T09:40:32,nodeGcor2,3.11.9,unknown,13158093,467,2,3,0.8152181506156921,random,attribution,6,19,0.3732794310251253,0.53,0.3364367248669611,0.25000000000000006,0.09090909090909091,10,10,0.09090909090909091,2.17328779399395e-05,0.6538461538461537,0.6538461538461537,0.5,6
graph,2,2026-10-07T09:40:32,nodeGcor2,3.11.9,unknown,13158093,468,2,3,0.48290181159973145,gnnexplainer,attribution,6,625,0.9070592739588818,0.15,0.7665636460630574,0.5047619047619047,0.3333333333333333,10,10,0.5,0.4251989428885281,0.9897684437264405,0.9897684437264405,0.16666666666666666,6
graph,2,2026-10-07T09:40:32,nodeGcor2,3.11.9,unknown,13158093,468,2,3,0.48290181159973145,pgexplainer,attribution,6,625,0.93937838965972,0.26,0.966284837792553,0.9214285714285715,0.3333333333333333,10,10,1.0,0.0042107910849153996,0.9975767366720517,0.9975767366720517,0.5,6
graph,2,2026-10-07T09:40:32,nodeGcor2,3.11.9,unknown,13158093,468,2,3,0.48290181159973145,integrated_gradients,attribution,6,625,0.5418558080650052,0.16,0.861988674047813,1.0,0.7142857142857143,10,10,1.0,0.20027304999530315,0.9956919763058697,0.6642434033387183,0.8333333333333334,6
graph,2,2026-10-07T09:40:32,nodeGcor2,3.11.9,unknown,13158093,468,2,3,0.48290181159973145,lime,attribution,6,625,0.5418641113316055,0.11,0.4459125457030908,0.6333333333333334,0.5,10,10,0.5,0.21278107399120927,0.9655358104469575,0.658050619278406,0.6666666666666666,6
graph,2,2026-10-07T09:40:32,nodeGcor2,3.11.9,unknown,13158093,468,2,3,0.48290181159973145,random,attribution,6,625,0.0,0.2,0.3339844731680608,0.00909090909090909,0.0,10,10,0.0,1.3031996786594391e-05,0.5255788906838987,0.5255788906838987,0.0,6
graph,2,2026-10-07T09:40:32,nodeGcor2,3.11.9,unknown,13158093,469,3,3,0.8396003246307373,gnnexplainer,attribution,6,7,0.7364944888801112,1.0,0.13922807178390306,1.0,1.0,10,10,1.0,0.414147081784904,1.0,1.0,1.0,6
graph,2,2026-10-07T09:40:32,nodeGcor2,3.11.9,unknown,13158093,469,3,3,0.8396003246307373,pgexplainer,attribution,6,7,0.73649447017341,1.0,0.0,1.0,1.0,10,10,1.0,0.003952173050493002,0.5,0.5,1.0,6
graph,2,2026-10-07T09:40:32,nodeGcor2,3.11.9,unknown,13158093,469,3,3,0.8396003246307373,integrated_gradients,attribution,6,7,0.73649447017341,1.0,0.3556144145624043,1.0,1.0,10,10,1.0,0.19442535191774368,1.0,0.5,1.0,6
graph,2,2026-10-07T09:40:32,nodeGcor2,3.11.9,unknown,13158093,469,3,3,0.8396003246307373,lime,attribution,6,7,0.73649447017341,1.0,0.3799121259014865,0.7142857142857143,0.7142857142857143,10,10,1.0,0.04294950608164072,0.6666666666666666,0.8333333333333334,0.8333333333333334,6
graph,2,2026-10-07T09:40:32,nodeGcor2,3.11.9,unknown,13158093,469,3,3,0.8396003246307373,random,attribution,6,7,0.7364991920791455,0.51,0.1512248996934179,0.7714285714285715,0.7142857142857143,10,10,0.7142857142857143,2.112472429871559e-05,0.8333333333333334,0.8333333333333334,0.8333333333333334,6
graph,2,2026-10-07T09:40:32,nodeGcor2,3.11.9,unknown,13158093,471,1,1,0.910675585269928,gnnexplainer,attribution,6,7,0.15547725868356665,1.0,0.10617704751006762,1.0,1.0,10,10,1.0,0.4132194463163614,1.0,1.0,1.0,6
graph,2,2026-10-07T09:40:32,nodeGcor2,3.11.9,unknown,13158093,471,1,1,0.910675585269928,pgexplainer,attribution,6,7,0.15547725868356665,1.0,0.0,1.0,1.0,10,10,1.0,0.003937568049877882,0.5,0.5,1.0,6
graph,2,2026-10-07T09:40:32,nodeGcor2,3.11.9,unknown,13158093,471,1,1,0.910675585269928,integrated_gradients,attribution,6,7,0.15547311491764004,0.49,0.25610668142418813,0.7142857142857143,0.7142857142857143,10,10,1.0,0.19425551407039165,0.5,0.16666666666666666,0.8333333333333334,6
graph,2,2026-10-07T09:40:32,nodeGcor2,3.11.9,unknown,13158093,471,1,1,0.910675585269928,lime,attribution,6,7,0.15547736923329966,1.0,0.35836850758263405,0.7142857142857143,0.7142857142857143,10,10,0.7142857142857143,0.04261356592178345,0.5,0.3333333333333333,0.8333333333333334,6
graph,2,2026-10-07T09:40:32,nodeGcor2,3.11.9,unknown,13158093,471,1,1,0.910675585269928,random,attribution,6,7,0.15547300436735012,0.49,0.20157011058632723,0.7714285714285715,0.7142857142857143,10,10,0.7142857142857143,2.0873267203569412e-05,0.16666666666666666,0.16666666666666666,0.8333333333333334,6
graph,2,2026-10-07T09:40:32,nodeGcor2,3.11.9,unknown,13158093,474,3,3,0.8396003246307373,gnnexplainer,attribution,6,7,0.7364944888801112,1.0,0.13922807183331432,1.0,1.0,10,10,1.0,0.4148976062424481,1.0,1.0,1.0,6
graph,2,2026-10-07T09:40:32,nodeGcor2,3.11.9,unknown,13158093,474,3,3,0.8396003246307373,pgexplainer,attribution,6,7,0.7364944888801112,1.0,0.0,1.0,1.0,10,10,1.0,0.0038400129415094852,0.5,0.5,1.0,6
graph,2,2026-10-07T09:40:32,nodeGcor2,3.11.9,unknown,13158093,474,3,3,0.8396003246307373,integrated_gradients,attribution,6,7,0.73649447017341,1.0,0.3556143650559177,1.0,1.0,10,10,1.0,0.1943494128063321,1.0,0.5,1.0,6
graph,2,2026-10-07T09:40:32,nodeGcor2,3.11.9,unknown,13158093,474,3,3,0.8396003246307373,lime,attribution,6,7,0.7364944888801112,1.0,0.3799121453034826,0.7142857142857143,0.7142857142857143,10,10,1.0,0.042736821342259645,0.6666666666666666,0.8333333333333334,0.8333333333333334,6
graph,2,2026-10-07T09:40:32,nodeGcor2,3.11.9,unknown,13158093,474,3,3,0.8396003246307373,random,attribution,6,7,0.7364991920791455,0.55,0.27554589023066367,0.7142857142857143,0.7142857142857143,10,10,0.7142857142857143,2.1295156329870224e-05,0.5,0.5,0.8333333333333334,6
graph,2,2026-10-07T09:40:32,nodeGcor2,3.11.9,unknown,13158093,475,1,1,0.8156198859214783,gnnexplainer,attribution,6,15,0.0570476728893857,0.89,0.3425345158516119,0.7142857142857143,0.7142857142857143,10,10,0.7142857142857143,0.4136673389002681,0.9259259259259259,0.9259259259259259,0.8333333333333334,6
graph,2,2026-10-07T09:40:32,nodeGcor2,3.11.9,unknown,13158093,475,1,1,0.8156198859214783,pgexplainer,attribution,6,15,0.35944284921275,0.69,0.0,0.6342857142857143,0.0,10,10,1.0,0.003948155790567398,0.5,0.5,0.0,6
graph,2,2026-10-07T09:40:32,nodeGcor2,3.11.9,unknown,13158093,475,1,1,0.8156198859214783,integrated_gradients,attribution,6,15,0.057052642256162675,0.91,0.46107740632428007,0.9428571428571428,0.7142857142857143,10,10,1.0,0.19492723094299436,0.888888888888889,0.3333333333333333,0.8333333333333334,6
graph,2,2026-10-07T09:40:32,nodeGcor2,3.11.9,unknown,13158093,475,1,1,0.8156198859214783,lime,attribution,6,15,0.0570484308981239,0.92,0.5554748105831173,0.5642857142857143,0.5,10,10,0.7142857142857143,0.04399568075314164,0.9814814814814814,0.48148148148148145,0.8333333333333334,6
graph,2,2026-10-07T09:40:32,nodeGcor2,3.11.9,unknown,13158093,475,1,1,0.8156198859214783,random,attribution,6,15,0.9339983734094465,0.26,0.38799175530906604,0.24575757575757576,0.09090909090909091,10,10,0.2,8.439179509878159e-06,0.6851851851851852,0.6851851851851852,0.6666666666666666,6
graph,2,2026-10-07T09:40:32,nodeGcor2,3.11.9,unknown,13158093,478,2,3,0.40074723958969116,gnnexplainer,attribution,6,7,0.4479324200674181,1.0,0.14591505536395366,1.0,1.0,10,10,1.0,0.3997483109124005,1.0,1.0,1.0,6
graph,2,2026-10-07T09:40:32,nodeGcor2,3.11.9,unknown,13158093,478,2,3,0.40074723958969116,pgexplainer,attribution,6,7,0.4479329948450365,1.0,0.0,1.0,1.0,10,10,1.0,0.003947766963392496,0.5,0.5,1.0,6
graph,2,2026-10-07T09:40:32,nodeGcor2,3.11.9,unknown,13158093,478,2,3,0.40074723958969116,integrated_gradients,attribution,6,7,0.4479324200674181,1.0,0.18709187997613475,1.0,1.0,10,10,1.0,0.19532484374940395,1.0,0.6666666666666666,1.0,6
graph,2,2026-10-07T09:40:32,nodeGcor2,3.11.9,unknown,13158093,478,2,3,0.40074723958969116,lime,attribution,6,7,0.44794227368944595,0.45,0.4335536999098537,0.7142857142857143,0.7142857142857143,10,10,1.0,0.04313103621825576,0.6666666666666666,0.6666666666666666,0.8333333333333334,6
graph,2,2026-10-07T09:40:32,nodeGcor2,3.11.9,unknown,13158093,478,2,3,0.40074723958969116,random,attribution,6,7,0.4479324200674181,1.0,0.4194674195129193,0.7714285714285715,0.7142857142857143,10,10,0.7142857142857143,2.2245105355978012e-05,0.5,0.5,0.8333333333333334,6
graph,2,2026-10-07T09:40:32,nodeGcor2,3.11.9,unknown,13158093,480,1,1,0.910675585269928,gnnexplainer,attribution,6,7,0.15547736923329966,1.0,0.10579423484697725,1.0,1.0,10,10,1.0,0.41588743310421705,1.0,1.0,1.0,6
graph,2,2026-10-07T09:40:32,nodeGcor2,3.11.9,unknown,13158093,480,1,1,0.910675585269928,pgexplainer,attribution,6,7,0.15547736923329966,1.0,0.0,1.0,1.0,10,10,1.0,0.003989020362496376,0.5,0.5,1.0,6
graph,2,2026-10-07T09:40:32,nodeGcor2,3.11.9,unknown,13158093,480,1,1,0.910675585269928,integrated_gradients,attribution,6,7,0.15547300436735012,0.48,0.256106724589667,0.7142857142857143,0.7142857142857143,10,10,1.0,0.19539315393194556,0.5,0.16666666666666666,0.8333333333333334,6
graph,2,2026-10-07T09:40:32,nodeGcor2,3.11.9,unknown,13158093,480,1,1,0.910675585269928,lime,attribution,6,7,0.15547736923329966,1.0,0.3386965068385235,0.7142857142857143,0.7142857142857143,10,10,1.0,0.04280741699039936,0.6666666666666666,0.5,0.8333333333333334,6
graph,2,2026-10-07T09:40:32,nodeGcor2,3.11.9,unknown,13158093,480,1,1,0.910675585269928,random,attribution,6,7,0.15547736923329966,1.0,0.295416880486455,0.7428571428571429,0.7142857142857143,10,10,0.7142857142857143,2.213241532444954e-05,0.3333333333333333,0.3333333333333333,0.8333333333333334,6
graph,2,2026-10-07T09:40:32,nodeGcor2,3.11.9,unknown,13158093,481,1,1,0.7390031218528748,gnnexplainer,attribution,6,25,0.0,0.36,0.3490126183326183,0.7142857142857143,0.7142857142857143,10,10,0.7142857142857143,0.42657118290662766,0.956140350877193,0.956140350877193,0.8333333333333334,6
graph,2,2026-10-07T09:40:32,nodeGcor2,3.11.9,unknown,13158093,481,1,1,0.7390031218528748,pgexplainer,attribution,6,25,0.0,0.99,0.46900549525623403,1.0,1.0,10,10,1.0,0.0040433211252093315,1.0,1.0,1.0,6
graph,2,2026-10-07T09:40:32,nodeGcor2,3.11.9,unknown,13158093,481,1,1,0.7390031218528748,integrated_gradients,attribution,6,25,0.0,1.0,0.6310303602948648,0.9428571428571428,1.0,10,10,1.0,0.19979373924434185,0.9736842105263157,0.6403508771929824,0.8333333333333334,6
graph,2,2026-10-07T09:40:32,nodeGcor2,3.11.9,unknown,13158093,481,1,1,0.7390031218528748,lime,attribution,6,25,0.0,0.36,0.6095430717894714,0.5,0.5,10,10,0.5,0.045161361806094646,0.6754385964912281,0.3508771929824562,0.6666666666666666,6
graph,2,2026-10-07T09:40:32,nodeGcor2,3.11.9,unknown,13158093,481,1,1,0.7390031218528748,random,attribution,6,25,0.558479669183654,0.48,0.33129196924773974,0.1572727272727273,0.0,10,10,0.2,2.215476706624031e-05,0.5087719298245614,0.5087719298245614,0.16666666666666666,6
graph,2,2026-10-07T09:40:32,nodeGcor2,3.11.9,unknown,13158093,482,2,0,0.7854779958724976,gnnexplainer,attribution,6,332,0.0,0.91,0.6316790489028467,0.07272727272727272,0.09090909090909091,10,10,0.09090909090909091,0.41155236307531595,0.9759713701431493,0.9759713701431493,0.16666666666666666,6
graph,2,2026-10-07T09:40:32,nodeGcor2,3.11.9,unknown,13158093,482,2,0,0.7854779958724976,pgexplainer,attribution,6,332,0.0,0.53,0.9701257183030185,1.0,0.5,10,10,1.0,0.0042166998609900475,0.9984662576687117,0.9984662576687117,0.8333333333333334,6
graph,2,2026-10-07T09:40:32,nodeGcor2,3.11.9,unknown,13158093,482,2,0,0.7854779958724976,integrated_gradients,attribution,6,332,0.9993524558085639,0.48,0.9099837312364972,1.0,1.0,10,10,1.0,0.20144251314923167,0.9969325153374232,0.6635991820040901,0.8333333333333334,6
graph,2,2026-10-07T09:40:32,nodeGcor2,3.11.9,unknown,13158093,482,2,0,0.7854779958724976,lime,attribution,6,332,0.9993524629226256,0.89,0.5039738690134914,0.24000000000000005,0.2,10,10,0.5,0.20498191798105836,0.820040899795501,0.5812883435582823,0.5,6
graph,2,2026-10-07T09:40:32,nodeGcor2,3.11.9,unknown,13158093,482,2,0,0.7854779958724976,random,attribution,6,332,0.06117933612108429,0.43,0.34730741744386295,0.01818181818181818,0.0,10,10,0.0,2.3195985704660416e-05,0.6661554192229039,0.6661554192229039,0.0,6
graph,2,2026-10-07T09:40:32,nodeGcor2,3.11.9,unknown,13158093,484,3,3,0.8396003246307373,gnnexplainer,attribution,6,7,0.7364944888801112,1.0,0.1426128818794664,1.0,1.0,10,10,1.0,0.42431339994072914,1.0,1.0,1.0,6
graph,2,2026-10-07T09:40:32,nodeGcor2,3.11.9,unknown,13158093,484,3,3,0.8396003246307373,pgexplainer,attribution,6,7,0.7364944888801112,1.0,0.0,1.0,1.0,10,10,1.0,0.0038997638039290905,0.5,0.5,1.0,6
graph,2,2026-10-07T09:40:32,nodeGcor2,3.11.9,unknown,13158093,484,3,3,0.8396003246307373,integrated_gradients,attribution,6,7,0.73649447017341,1.0,0.35561435571656186,1.0,1.0,10,10,1.0,0.1947775357402861,1.0,0.5,1.0,6
graph,2,2026-10-07T09:40:32,nodeGcor2,3.11.9,unknown,13158093,484,3,3,0.8396003246307373,lime,attribution,6,7,0.7364944888801112,1.0,0.285254662548029,0.7142857142857143,0.7142857142857143,10,10,1.0,0.04261562321335077,0.6666666666666666,0.8333333333333334,0.8333333333333334,6
graph,2,2026-10-07T09:40:32,nodeGcor2,3.11.9,unknown,13158093,484,3,3,0.8396003246307373,random,attribution,6,7,0.7364991920791455,0.54,0.39175914716648363,0.8,0.7142857142857143,10,10,0.7142857142857143,2.1635089069604874e-05,0.6666666666666666,0.6666666666666666,0.8333333333333334,6
graph,2,2026-10-07T09:40:32,nodeGcor2,3.11.9,unknown,13158093,485,1,1,0.9106757044792175,gnnexplainer,attribution,6,7,0.15547736923329966,1.0,0.10579423248556574,1.0,1.0,10,10,1.0,0.4143540826626122,1.0,1.0,1.0,6
graph,2,2026-10-07T09:40:32,nodeGcor2,3.11.9,unknown,13158093,485,1,1,0.9106757044792175,pgexplainer,attribution,6,7,0.15547736923329966,1.0,0.0,1.0,1.0,10,10,1.0,0.003911105915904045,0.5,0.5,1.0,6
graph,2,2026-10-07T09:40:32,nodeGcor2,3.11.9,unknown,13158093,485,1,1,0.9106757044792175,integrated_gradients,attribution,6,7,0.15547311491764004,0.49,0.25610670167281346,0.7142857142857143,0.7142857142857143,10,10,1.0,0.19482768094167113,0.5,0.16666666666666666,0.8333333333333334,6
graph,2,2026-10-07T09:40:32,nodeGcor2,3.11.9,unknown,13158093,485,1,1,0.9106757044792175,lime,attribution,6,7,0.15547736923329966,1.0,0.33869651686791,0.7142857142857143,0.7142857142857143,10,10,1.0,0.04263099888339639,0.6666666666666666,0.5,0.8333333333333334,6
graph,2,2026-10-07T09:40:32,nodeGcor2,3.11.9,unknown,13158093,485,1,1,0.9106757044792175,random,attribution,6,7,0.15547736923329966,1.0,0.40303651029512044,0.7142857142857143,0.7142857142857143,10,10,0.7142857142857143,2.167699858546257e-05,0.5,0.5,0.8333333333333334,6
graph,2,2026-10-07T09:40:32,nodeGcor2,3.11.9,unknown,13158093,486,1,1,0.7216972708702087,gnnexplainer,attribution,6,33,0.0,0.51,0.34300472398882165,0.7142857142857143,0.7142857142857143,10,10,0.7142857142857143,0.4277028017677367,0.9876543209876544,0.9876543209876544,0.8333333333333334,6
graph,2,2026-10-07T09:40:32,nodeGcor2,3.11.9,unknown,13158093,486,1,1,0.7216972708702087,pgexplainer,attribution,6,33,0.0,1.0,0.8181812556453749,1.0,1.0,10,10,1.0,0.00406776275485754,1.0,1.0,1.0,6
graph,2,2026-10-07T09:40:32,nodeGcor2,3.11.9,unknown,13158093,486,1,1,0.7216972708702087,integrated_gradients,attribution,6,33,0.0,1.0,0.69007833097138,0.9714285714285715,1.0,10,10,1.0,0.20060087088495493,0.9753086419753086,0.6419753086419753,0.8333333333333334,6
graph,2,2026-10-07T09:40:32,nodeGcor2,3.11.9,unknown,13158093,486,1,1,0.7216972708702087,lime,attribution,6,33,0.0,0.32,0.6274479464969738,0.6714285714285715,0.5,10,10,0.5,0.0452747349627316,0.7469135802469136,0.35185185185185186,0.6666666666666666,6
graph,2,2026-10-07T09:40:32,nodeGcor2,3.11.9,unknown,13158093,486,1,1,0.7216972708702087,random,attribution,6,33,0.10341319241584007,0.54,0.3505350989797742,0.11454545454545455,0.0,10,10,0.09090909090909091,2.4330802261829376e-05,0.5,0.5,0.16666666666666666,6
graph,2,2026-10-07T09:40:32,nodeGcor2,3.11.9,unknown,13158093,488,2,3,0.8107874393463135,gnnexplainer,attribution,6,33,0.7271361305618349,0.48,0.3318032166298386,0.9428571428571428,0.7142857142857143,10,10,1.0,0.40815807320177555,0.9753086419753088,0.9753086419753088,0.8333333333333334,6
graph,2,2026-10-07T09:40:32,nodeGcor2,3.11.9,unknown,13158093,488,2,3,0.8107874393463135,pgexplainer,attribution,6,33,0.7271311683299333,1.0,0.8310096353293457,1.0,1.0,10,10,1.0,0.004071673844009638,1.0,1.0,1.0,6
graph,2,2026-10-07T09:40:32,nodeGcor2,3.11.9,unknown,13158093,488,2,3,0.8107874393463135,integrated_gradients,attribution,6,33,0.7271311683299333,1.0,0.7650791641493322,1.0,0.7142857142857143,10,10,1.0,0.19909099116921425,1.0,0.5,1.0,6
graph,2,2026-10-07T09:40:32,nodeGcor2,3.11.9,unknown,13158093,488,2,3,0.8107874393463135,lime,attribution,6,33,0.7271311683299333,0.99,0.571066716522302,0.5,0.7142857142857143,10,10,0.7142857142857143,0.04529730789363384,0.8333333333333333,0.6049382716049383,0.8333333333333334,6
graph,2,2026-10-07T09:40:32,nodeGcor2,3.11.9,unknown,13158093,488,2,3,0.8107874393463135,random,attribution,6,33,0.0,0.18,0.2591731843797278,0.15878787878787876,0.0,10,10,0.09090909090909091,8.520670235157013e-06,0.4012345679012346,0.4012345679012346,0.0,6
graph,2,2026-10-07T09:40:32,nodeGcor2,3.11.9,unknown,13158093,489,3,3,0.8396003246307373,gnnexplainer,attribution,6,7,0.7364944888801112,1.0,0.1426128818794664,1.0,1.0,10,10,1.0,0.41062390711158514,1.0,1.0,1.0,6
graph,2,2026-10-07T09:40:32,nodeGcor2,3.11.9,unknown,13158093,489,3,3,0.8396003246307373,pgexplainer,attribution,6,7,0.7364944888801112,1.0,0.0,1.0,1.0,10,10,1.0,0.003880903124809265,0.5,0.5,1.0,6
graph,2,2026-10-07T09:40:32,nodeGcor2,3.11.9,unknown,13158093,489,3,3,0.8396003246307373,integrated_gradients,attribution,6,7,0.73649447017341,1.0,0.3556143912419145,1.0,1.0,10,10,1.0,0.19486812874674797,1.0,0.5,1.0,6
graph,2,2026-10-07T09:40:32,nodeGcor2,3.11.9,unknown,13158093,489,3,3,0.8396003246307373,lime,attribution,6,7,0.7364944888801112,1.0,0.2852546278141177,0.7142857142857143,0.7142857142857143,10,10,1.0,0.04274369217455387,0.6666666666666666,0.8333333333333334,0.8333333333333334,6
graph,2,2026-10-07T09:40:32,nodeGcor2,3.11.9,unknown,13158093,489,3,3,0.8396003246307373,random,attribution,6,7,0.7364944888801112,1.0,0.2881594710829478,0.7428571428571429,0.7142857142857143,10,10,0.7142857142857143,2.0795036107301712e-05,0.0,0.0,0.8333333333333334,6
graph,2,2026-10-07T09:40:32,nodeGcor2,3.11.9,unknown,13158093,492,2,0,0.49719828367233276,gnnexplainer,attribution,6,12,0.9989770178004093,0.29,0.3448511674628142,0.38333333333333336,0.3333333333333333,10,10,0.5,0.4150609476491809,0.7222222222222223,0.7222222222222223,0.6666666666666666,6
graph,2,2026-10-07T09:40:32,nodeGcor2,3.11.9,unknown,13158093,492,2,0,0.49719828367233276,pgexplainer,attribution,6,12,0.9989770074200409,0.09,0.6906820225379158,1.0,1.0,10,10,1.0,0.003936877008527517,1.0,1.0,1.0,6
graph,2,2026-10-07T09:40:32,nodeGcor2,3.11.9,unknown,13158093,492,2,0,0.49719828367233276,integrated_gradients,attribution,6,12,0.9989770065615804,0.15,0.631948485348814,1.0,1.0,10,10,1.0,0.19547021202743053,0.8611111111111112,0.6944444444444445,0.8333333333333334,6
graph,2,2026-10-07T09:40:32,nodeGcor2,3.11.9,unknown,13158093,492,2,0,0.49719828367233276,lime,attribution,6,12,0.9989770065615804,0.06,0.5388638618779569,1.0,1.0,10,10,0.7142857142857143,0.043650003150105476,0.888888888888889,0.4444444444444445,0.8333333333333334,6
graph,2,2026-10-07T09:40:32,nodeGcor2,3.11.9,unknown,13158093,492,2,0,0.49719828367233276,random,attribution,6,12,0.7636158710964476,0.26,0.37160597675938956,0.33,0.2,10,10,0.5,2.6893801987171173e-05,0.5555555555555556,0.5555555555555556,0.5,6
graph,2,2026-10-07T09:40:32,nodeGcor2,3.11.9,unknown,13158093,498,2,0,0.49666404724121094,gnnexplainer,attribution,6,15,0.9989759157727548,0.74,0.4303638920976208,0.2666666666666667,0.2,10,10,0.5,0.40504678804427385,0.9074074074074074,0.9074074074074074,0.6666666666666666,6
graph,2,2026-10-07T09:40:32,nodeGcor2,3.11.9,unknown,13158093,498,2,0,0.49666404724121094,pgexplainer,attribution,6,15,0.9989759045218187,0.23,0.7745752145018621,1.0,1.0,10,10,1.0,0.003947368822991848,1.0,1.0,1.0,6
graph,2,2026-10-07T09:40:32,nodeGcor2,3.11.9,unknown,13158093,498,2,0,0.49666404724121094,integrated_gradients,attribution,6,15,0.9989759058737354,0.18,0.6888904733441653,1.0,1.0,10,10,1.0,0.19665674632415175,0.9074074074074074,0.7407407407407408,0.8333333333333334,6
graph,2,2026-10-07T09:40:32,nodeGcor2,3.11.9,unknown,13158093,498,2,0,0.49666404724121094,lime,attribution,6,15,0.9989759045218187,0.57,0.6444745957267108,0.7142857142857143,0.7142857142857143,10,10,0.7142857142857143,0.04422778636217117,0.9074074074074074,0.5185185185185186,0.6666666666666666,6
graph,2,2026-10-07T09:40:32,nodeGcor2,3.11.9,unknown,13158093,498,2,0,0.49666404724121094,random,attribution,6,15,0.9990367807585966,0.32,0.28473588851748033,0.29333333333333333,0.09090909090909091,10,10,0.09090909090909091,2.1887943148612976e-05,0.5555555555555556,0.5555555555555556,0.5,6
graph,2,2026-10-07T09:40:32,nodeGcor2,3.11.9,unknown,13158093,500,1,1,0.7756770849227905,gnnexplainer,attribution,6,14,0.008496883249231023,0.91,0.2982907426878608,0.7142857142857143,0.7142857142857143,10,10,1.0,0.41509963385760784,0.9166666666666666,0.9166666666666666,0.8333333333333334,6
graph,2,2026-10-07T09:40:32,nodeGcor2,3.11.9,unknown,13158093,500,1,1,0.7756770849227905,pgexplainer,attribution,6,14,0.5900873947350768,0.55,2.043588309685873e-07,0.530952380952381,0.09090909090909091,10,10,1.0,0.003976225852966309,0.625,0.625,0.16666666666666666,6
graph,2,2026-10-07T09:40:32,nodeGcor2,3.11.9,unknown,13158093,500,1,1,0.7756770849227905,integrated_gradients,attribution,6,14,0.008497340383636684,0.88,0.4262838291262977,0.8571428571428573,0.7142857142857143,10,10,1.0,0.1967057529836893,0.875,0.3333333333333333,0.8333333333333334,6
graph,2,2026-10-07T09:40:32,nodeGcor2,3.11.9,unknown,13158093,500,1,1,0.7756770849227905,lime,attribution,6,14,0.008496883249231023,0.93,0.5171714603380451,0.5642857142857143,0.5,10,10,0.7142857142857143,0.04412682494148612,1.0,0.5,1.0,6
graph,2,2026-10-07T09:40:32,nodeGcor2,3.11.9,unknown,13158093,500,1,1,0.7756770849227905,random,attribution,6,14,0.7210451738626619,0.57,0.32696261504416724,0.29484848484848486,0.09090909090909091,10,10,0.3333333333333333,8.897855877876282e-06,0.4791666666666667,0.4791666666666667,0.5,6
graph,2,2026-10-07T09:40:32,nodeGcor2,3.11.9,unknown,13158093,502,2,3,0.40074682235717773,gnnexplainer,attribution,6,7,0.4479329948450365,1.0,0.10201060087931246,1.0,1.0,10,10,1.0,0.41508429823443294,1.0,1.0,1.0,6
graph,2,2026-10-07T09:40:32,nodeGcor2,3.11.9,unknown,13158093,502,2,3,0.40074682235717773,pgexplainer,attribution,6,7,0.4479329948450365,1.0,0.0,1.0,1.0,10,10,1.0,0.003966183867305517,0.5,0.5,1.0,6
graph,2,2026-10-07T09:40:32,nodeGcor2,3.11.9,unknown,13158093,502,2,3,0.40074682235717773,integrated_gradients,attribution,6,7,0.4479324200674181,1.0,0.18709203549155196,1.0,1.0,10,10,1.0,0.19606437999755144,1.0,0.6666666666666666,1.0,6
graph,2,2026-10-07T09:40:32,nodeGcor2,3.11.9,unknown,13158093,502,2,3,0.40074682235717773,lime,attribution,6,7,0.4479329948450365,0.49,0.44136696167692935,0.7142857142857143,0.7142857142857143,10,10,1.0,0.04299370711669326,0.6666666666666666,0.6666666666666666,0.8333333333333334,6
graph,2,2026-10-07T09:40:32,nodeGcor2,3.11.9,unknown,13158093,502,2,3,0.40074682235717773,random,attribution,6,7,0.44794284845680543,0.46,0.2943443560342748,0.7142857142857143,0.7142857142857143,10,10,0.7142857142857143,8.277129381895065e-06,0.3333333333333333,0.3333333333333333,0.8333333333333334,6
graph,2,2026-10-07T09:40:32,nodeGcor2,3.11.9,unknown,13158093,503,2,3,0.40074682235717773,gnnexplainer,attribution,6,7,0.4479324200674181,1.0,0.14591505536395366,1.0,1.0,10,10,1.0,0.4173671002499759,1.0,1.0,1.0,6
graph,2,2026-10-07T09:40:32,nodeGcor2,3.11.9,unknown,13158093,503,2,3,0.40074682235717773,pgexplainer,attribution,6,7,0.4479324200674181,1.0,0.0,1.0,1.0,10,10,1.0,0.003955775871872902,0.5,0.5,1.0,6
graph,2,2026-10-07T09:40:32,nodeGcor2,3.11.9,unknown,13158093,503,2,3,0.40074682235717773,integrated_gradients,attribution,6,7,0.4479324200674181,1.0,0.1870920151538572,1.0,1.0,10,10,1.0,0.19608191633597016,1.0,0.6666666666666666,1.0,6
graph,2,2026-10-07T09:40:32,nodeGcor2,3.11.9,unknown,13158093,503,2,3,0.40074682235717773,lime,attribution,6,7,0.44794284845680543,0.46,0.43355371066479687,0.7142857142857143,0.7142857142857143,10,10,1.0,0.04294095607474446,0.6666666666666666,0.6666666666666666,0.8333333333333334,6
graph,2,2026-10-07T09:40:32,nodeGcor2,3.11.9,unknown,13158093,503,2,3,0.40074682235717773,random,attribution,6,7,0.4479329948450365,0.51,0.2738068588753372,0.7428571428571429,0.7142857142857143,10,10,0.7142857142857143,2.1881889551877975e-05,0.5,0.5,0.8333333333333334,6
graph,2,2026-10-07T09:40:32,nodeGcor2,3.11.9,unknown,13158093,504,3,3,0.573462963104248,gnnexplainer,attribution,6,440,0.8474507112741091,0.3,0.7594897301021027,0.5,0.3333333333333333,10,10,0.7142857142857143,0.4325456330552697,0.989247311827957,0.989247311827957,0.3333333333333333,6
graph,2,2026-10-07T09:40:32,nodeGcor2,3.11.9,unknown,13158093,504,3,3,0.573462963104248,pgexplainer,attribution,6,440,0.8053363674934109,0.41,0.9481145815559152,0.95,0.09090909090909091,10,10,1.0,0.004121881909668446,0.9942396313364055,0.9942396313364055,0.16666666666666666,6
graph,2,2026-10-07T09:40:32,nodeGcor2,3.11.9,unknown,13158093,504,3,3,0.573462963104248,integrated_gradients,attribution,6,440,0.9999957351599602,0.92,0.9572582525529449,0.9714285714285715,0.7142857142857143,10,10,1.0,0.20195938274264336,0.9976958525345623,0.6647465437788018,0.8333333333333334,6
graph,2,2026-10-07T09:40:32,nodeGcor2,3.11.9,unknown,13158093,504,3,3,0.573462963104248,lime,attribution,6,440,0.6142062016720515,0.37,0.45210444624665624,0.8571428571428573,0.7142857142857143,10,10,0.7142857142857143,0.19918023189529777,0.9973118279569892,0.8333333333333334,0.8333333333333334,6
graph,2,2026-10-07T09:40:32,nodeGcor2,3.11.9,unknown,13158093,504,3,3,0.573462963104248,random,attribution,6,440,0.0,0.23,0.3386111133011869,0.0,0.0,10,10,0.0,1.1282972991466522e-05,0.4339477726574501,0.4339477726574501,0.0,6
graph,2,2026-10-07T09:40:32,nodeGcor2,3.11.9,unknown,13158093,505,1,1,0.9106757044792175,gnnexplainer,attribution,6,7,0.15547736923329966,1.0,0.10579423484697725,1.0,1.0,10,10,1.0,0.4282062379643321,1.0,1.0,1.0,6
graph,2,2026-10-07T09:40:32,nodeGcor2,3.11.9,unknown,13158093,505,1,1,0.9106757044792175,pgexplainer,attribution,6,7,0.15547736923329966,1.0,0.0,1.0,1.0,10,10,1.0,0.003969154320657253,0.5,0.5,1.0,6
graph,2,2026-10-07T09:40:32,nodeGcor2,3.11.9,unknown,13158093,505,1,1,0.9106757044792175,integrated_gradients,attribution,6,7,0.15547311491764004,0.48,0.25610671170886956,0.7142857142857143,0.7142857142857143,10,10,1.0,0.19620729703456163,0.5,0.16666666666666666,0.8333333333333334,6
graph,2,2026-10-07T09:40:32,nodeGcor2,3.11.9,unknown,13158093,505,1,1,0.9106757044792175,lime,attribution,6,7,0.15547736923329966,1.0,0.33869651336508944,0.7142857142857143,0.7142857142857143,10,10,1.0,0.04319421201944351,0.6666666666666666,0.5,0.8333333333333334,6
graph,2,2026-10-07T09:40:32,nodeGcor2,3.11.9,unknown,13158093,505,1,1,0.9106757044792175,random,attribution,6,7,0.15547736923329966,1.0,0.2432407210665427,0.7714285714285716,0.7142857142857143,10,10,0.7142857142857143,7.679685950279236e-06,0.0,0.0,0.8333333333333334,6
graph,2,2026-10-07T09:40:32,nodeGcor2,3.11.9,unknown,13158093,507,2,3,0.4636770188808441,gnnexplainer,attribution,6,201,0.5285405054782576,0.06,0.6068792196775342,0.4,0.2,10,10,0.5,0.4293016381561756,0.981196581196581,0.981196581196581,0.3333333333333333,6
graph,2,2026-10-07T09:40:32,nodeGcor2,3.11.9,unknown,13158093,507,2,3,0.4636770188808441,pgexplainer,attribution,6,201,0.999999614678906,0.62,0.951650717631924,1.0,1.0,10,10,1.0,0.004210485611110926,1.0,1.0,1.0,6
graph,2,2026-10-07T09:40:32,nodeGcor2,3.11.9,unknown,13158093,507,2,3,0.4636770188808441,integrated_gradients,attribution,6,201,0.999994263707599,0.72,0.9311053858898781,1.0,0.7142857142857143,10,10,1.0,0.20184963708743453,0.9957264957264956,0.6623931623931623,0.8333333333333334,6
graph,2,2026-10-07T09:40:32,nodeGcor2,3.11.9,unknown,13158093,507,2,3,0.4636770188808441,lime,attribution,6,201,0.5228692333293098,0.24,0.45577001825164387,0.7142857142857143,0.2,10,10,0.7142857142857143,0.06418495997786522,0.8076923076923077,0.7427350427350428,0.6666666666666666,6
graph,2,2026-10-07T09:40:32,nodeGcor2,3.11.9,unknown,13158093,507,2,3,0.4636770188808441,random,attribution,6,201,0.9684819255998716,0.23,0.3175976761568018,0.045454545454545456,0.0,10,10,0.0,9.567942470312119e-06,0.4982905982905983,0.4982905982905983,0.16666666666666666,6
graph,2,2026-10-07T09:40:32,nodeGcor2,3.11.9,unknown,13158093,509,3,3,0.8396003246307373,gnnexplainer,attribution,6,7,0.73649447017341,1.0,0.1426128818794664,1.0,1.0,10,10,1.0,0.4269440290518105,1.0,1.0,1.0,6
graph,2,2026-10-07T09:40:32,nodeGcor2,3.11.9,unknown,13158093,509,3,3,0.8396003246307373,pgexplainer,attribution,6,7,0.7364944888801112,1.0,0.0,1.0,1.0,10,10,1.0,0.003969956189393997,0.5,0.5,1.0,6
graph,2,2026-10-07T09:40:32,nodeGcor2,3.11.9,unknown,13158093,509,3,3,0.8396003246307373,integrated_gradients,attribution,6,7,0.7364944888801112,1.0,0.3556143632179215,1.0,1.0,10,10,1.0,0.19649408711120486,1.0,0.5,1.0,6
graph,2,2026-10-07T09:40:32,nodeGcor2,3.11.9,unknown,13158093,509,3,3,0.8396003246307373,lime,attribution,6,7,0.7364944888801112,1.0,0.2852546604694445,0.7142857142857143,0.7142857142857143,10,10,1.0,0.04288549302145839,0.6666666666666666,0.8333333333333334,0.8333333333333334,6
graph,2,2026-10-07T09:40:32,nodeGcor2,3.11.9,unknown,13158093,509,3,3,0.8396003246307373,random,attribution,6,7,0.7364944888801112,1.0,0.33169623988006325,0.7428571428571429,0.7142857142857143,10,10,0.7142857142857143,2.176780253648758e-05,0.16666666666666666,0.16666666666666666,0.8333333333333334,6
graph,2,2026-10-07T09:40:32,nodeGcor2,3.11.9,unknown,13158093,512,2,3,0.40074723958969116,gnnexplainer,attribution,6,7,0.4479324200674181,1.0,0.10201060087931246,1.0,1.0,10,10,1.0,0.4188066618517041,1.0,1.0,1.0,6
graph,2,2026-10-07T09:40:32,nodeGcor2,3.11.9,unknown,13158093,512,2,3,0.40074723958969116,pgexplainer,attribution,6,7,0.4479329948450365,1.0,0.0,1.0,1.0,10,10,1.0,0.003944598138332367,0.5,0.5,1.0,6
graph,2,2026-10-07T09:40:32,nodeGcor2,3.11.9,unknown,13158093,512,2,3,0.40074723958969116,integrated_gradients,attribution,6,7,0.4479324200674181,1.0,0.18709199605991023,1.0,1.0,10,10,1.0,0.19645408680662513,1.0,0.6666666666666666,1.0,6
graph,2,2026-10-07T09:40:32,nodeGcor2,3.11.9,unknown,13158093,512,2,3,0.40074723958969116,lime,attribution,6,7,0.4479324200674181,0.52,0.44136696043573587,0.7142857142857143,0.7142857142857143,10,10,1.0,0.04289463767781854,0.6666666666666666,0.6666666666666666,0.8333333333333334,6
graph,2,2026-10-07T09:40:32,nodeGcor2,3.11.9,unknown,13158093,512,2,3,0.40074723958969116,random,attribution,6,7,0.44794284845680543,0.47,0.3139113598579196,0.8,0.7142857142857143,10,10,0.7142857142857143,2.1969899535179138e-05,0.8333333333333334,0.8333333333333334,0.8333333333333334,6
graph,2,2026-10-07T09:40:32,nodeGcor2,3.11.9,unknown,13158093,515,1,1,0.9218266606330872,gnnexplainer,attribution,6,219,0.03357840276715839,0.21,0.6251507540019945,0.42333333333333334,0.2,10,10,0.5,0.4292745250277221,0.9820031298904537,0.9820031298904537,0.3333333333333333,6
graph,2,2026-10-07T09:40:32,nodeGcor2,3.11.9,unknown,13158093,515,1,1,0.9218266606330872,pgexplainer,attribution,6,219,0.02207616410136376,0.56,0.8422426708089851,0.8357142857142857,0.0,10,10,1.0,0.004200079012662172,0.9765258215962441,0.9765258215962441,0.0,6
graph,2,2026-10-07T09:40:32,nodeGcor2,3.11.9,unknown,13158093,515,1,1,0.9218266606330872,integrated_gradients,attribution,6,219,0.9999999999999915,0.99,0.7528233573882481,0.9714285714285715,0.7142857142857143,10,10,1.0,0.20185139682143927,1.0,0.5,1.0,6
graph,2,2026-10-07T09:40:32,nodeGcor2,3.11.9,unknown,13158093,515,1,1,0.9218266606330872,lime,attribution,6,219,0.1656924452872566,0.85,0.491905937759191,0.6285714285714287,0.5,10,10,0.5,0.06773044308647513,0.9953051643192489,0.5046948356807511,0.6666666666666666,6
graph,2,2026-10-07T09:40:32,nodeGcor2,3.11.9,unknown,13158093,515,1,1,0.9218266606330872,random,attribution,6,219,0.012309187230257647,0.54,0.37010594082317794,0.038181818181818185,0.0,10,10,0.0,9.40915197134018e-06,0.30907668231611896,0.30907668231611896,0.0,6
graph,2,2026-10-07T09:40:32,nodeGcor2,3.11.9,unknown,13158093,516,1,1,0.6314782500267029,gnnexplainer,attribution,6,12,0.0,0.95,0.16950281064420503,0.7142857142857143,0.7142857142857143,10,10,0.7142857142857143,0.4275239431299269,0.8333333333333334,0.8333333333333334,0.8333333333333334,6
graph,2,2026-10-07T09:40:32,nodeGcor2,3.11.9,unknown,13158093,516,1,1,0.6314782500267029,pgexplainer,attribution,6,12,0.0,1.0,0.49999987251248923,1.0,1.0,10,10,1.0,0.00400664284825325,1.0,1.0,1.0,6
graph,2,2026-10-07T09:40:32,nodeGcor2,3.11.9,unknown,13158093,516,1,1,0.6314782500267029,integrated_gradients,attribution,6,12,0.0,1.0,0.5337003480139981,1.0,1.0,10,10,1.0,0.196422363165766,1.0,0.6666666666666666,1.0,6
graph,2,2026-10-07T09:40:32,nodeGcor2,3.11.9,unknown,13158093,516,1,1,0.6314782500267029,lime,attribution,6,12,0.0,0.46,0.431301091831645,0.6714285714285715,0.5,10,10,0.7142857142857143,0.04397522797808051,0.9444444444444444,0.38888888888888884,0.8333333333333334,6
graph,2,2026-10-07T09:40:32,nodeGcor2,3.11.9,unknown,13158093,516,1,1,0.6314782500267029,random,attribution,6,12,0.0,0.35,0.24770183489258935,0.33575757575757575,0.09090909090909091,10,10,0.3333333333333333,2.1890737116336823e-05,0.3611111111111111,0.3611111111111111,0.3333333333333333,6
graph,2,2026-10-07T09:40:32,nodeGcor2,3.11.9,unknown,13158093,518,2,0,0.49719828367233276,gnnexplainer,attribution,6,12,0.9989770186588602,0.36,0.3448769188196221,0.35,0.3333333333333333,10,10,0.5,0.4034977233968675,0.7222222222222223,0.7222222222222223,0.6666666666666666,6
graph,2,2026-10-07T09:40:32,nodeGcor2,3.11.9,unknown,13158093,518,2,0,0.49719828367233276,pgexplainer,attribution,6,12,0.9989770074200409,0.07,0.6906821167929068,1.0,1.0,10,10,1.0,0.0040440610609948635,1.0,1.0,1.0,6
graph,2,2026-10-07T09:40:32,nodeGcor2,3.11.9,unknown,13158093,518,2,0,0.49719828367233276,integrated_gradients,attribution,6,12,0.9989770074200409,0.09,0.631948476948057,1.0,1.0,10,10,1.0,0.1967773837968707,0.8611111111111112,0.6944444444444445,0.8333333333333334,6
graph,2,2026-10-07T09:40:32,nodeGcor2,3.11.9,unknown,13158093,518,2,0,0.49719828367233276,lime,attribution,6,12,0.9989770074200409,0.07,0.5682113100464237,0.7142857142857143,0.7142857142857143,10,10,1.0,0.044149009976536036,0.7500000000000001,0.4722222222222222,0.8333333333333334,6
graph,2,2026-10-07T09:40:32,nodeGcor2,3.11.9,unknown,13158093,518,2,0,0.49719828367233276,random,attribution,6,12,0.38616541492192735,0.04,0.3593987186541576,0.39476190476190476,0.09090909090909091,10,10,0.3333333333333333,2.2301916033029556e-05,0.6944444444444444,0.6944444444444444,0.6666666666666666,6
graph,2,2026-10-07T09:40:32,nodeGcor2,3.11.9,unknown,13158093,520,1,1,0.9106757044792175,gnnexplainer,attribution,6,7,0.15547736923329966,1.0,0.10579423484697725,1.0,1.0,10,10,1.0,0.42333450401201844,1.0,1.0,1.0,6
graph,2,2026-10-07T09:40:32,nodeGcor2,3.11.9,unknown,13158093,520,1,1,0.9106757044792175,pgexplainer,attribution,6,7,0.15547736923329966,1.0,0.0,1.0,1.0,10,10,1.0,0.00394328311085701,0.5,0.5,1.0,6
graph,2,2026-10-07T09:40:32,nodeGcor2,3.11.9,unknown,13158093,520,1,1,0.9106757044792175,integrated_gradients,attribution,6,7,0.15547300436735012,0.41,0.25610668835903094,0.7142857142857143,0.7142857142857143,10,10,1.0,0.19612764194607735,0.5,0.16666666666666666,0.8333333333333334,6
graph,2,2026-10-07T09:40:32,nodeGcor2,3.11.9,unknown,13158093,520,1,1,0.9106757044792175,lime,attribution,6,7,0.15547736923329966,1.0,0.33869649915926403,0.7142857142857143,0.7142857142857143,10,10,1.0,0.04311662632972002,0.6666666666666666,0.5,0.8333333333333334,6
graph,2,2026-10-07T09:40:32,nodeGcor2,3.11.9,unknown,13158093,520,1,1,0.9106757044792175,random,attribution,6,7,0.15547311491764004,0.54,0.23565733433627034,0.7714285714285716,0.7142857142857143,10,10,0.7142857142857143,2.2410880774259567e-05,0.6666666666666666,0.6666666666666666,0.8333333333333334,6
graph,2,2026-10-07T09:40:32,nodeGcor2,3.11.9,unknown,13158093,521,1,1,0.7503191232681274,gnnexplainer,attribution,6,17,0.0,0.53,0.38032324216307245,0.7142857142857143,0.7142857142857143,10,10,0.7142857142857143,0.4182493668049574,0.9848484848484849,0.9848484848484849,0.8333333333333334,6
graph,2,2026-10-07T09:40:32,nodeGcor2,3.11.9,unknown,13158093,521,1,1,0.7503191232681274,pgexplainer,attribution,6,17,0.31752198731502734,0.71,0.03197798620278358,0.7247619047619047,0.0,10,10,1.0,0.003993371967226267,0.5909090909090908,0.5909090909090908,0.0,6
graph,2,2026-10-07T09:40:32,nodeGcor2,3.11.9,unknown,13158093,521,1,1,0.7503191232681274,integrated_gradients,attribution,6,17,0.0,0.44,0.5606509332063105,0.7857142857142858,0.7142857142857143,10,10,1.0,0.19648120272904634,0.9393939393939393,0.6060606060606061,0.8333333333333334,6
graph,2,2026-10-07T09:40:32,nodeGcor2,3.11.9,unknown,13158093,521,1,1,0.7503191232681274,lime,attribution,6,17,0.0,0.5,0.6275751101288128,0.7142857142857143,0.7142857142857143,10,10,0.7142857142857143,0.044291405007243156,0.8484848484848484,0.3939393939393939,0.8333333333333334,6
graph,2,2026-10-07T09:40:32,nodeGcor2,3.11.9,unknown,13158093,521,1,1,0.7503191232681274,random,attribution,6,17,0.10052639414134697,0.38,0.2102417431560889,0.2206060606060606,0.0,10,10,0.2,8.757226169109344e-06,0.6212121212121212,0.6212121212121212,0.5,6
graph,2,2026-10-07T09:40:32,nodeGcor2,3.11.9,unknown,13158093,522,2,2,0.4583679437637329,gnnexplainer,attribution,6,632,0.04381312273431097,0.24,0.7600311620144158,0.8285714285714286,0.7142857142857143,10,10,1.0,0.4176721489056945,0.9989350372736954,0.9989350372736954,0.6666666666666666,6
graph,2,2026-10-07T09:40:32,nodeGcor2,3.11.9,unknown,13158093,522,2,2,0.4583679437637329,pgexplainer,attribution,6,632,0.972204906101374,0.0,0.9851780105673585,0.9142857142857143,0.5,10,10,1.0,0.004207637161016464,1.0,1.0,1.0,6
graph,2,2026-10-07T09:40:32,nodeGcor2,3.11.9,unknown,13158093,522,2,2,0.4583679437637329,integrated_gradients,attribution,6,632,0.972204876073251,0.0,0.8752539498529054,1.0,1.0,10,10,1.0,0.20317459106445312,1.0,0.6666666666666667,1.0,6
graph,2,2026-10-07T09:40:32,nodeGcor2,3.11.9,unknown,13158093,522,2,2,0.4583679437637329,lime,attribution,6,632,0.0,0.25,0.4144934438798864,0.37,0.2,10,10,0.3333333333333333,0.21143943397328258,0.6445686900958466,0.3386581469648562,0.3333333333333333,6
graph,2,2026-10-07T09:40:32,nodeGcor2,3.11.9,unknown,13158093,522,2,2,0.4583679437637329,random,attribution,6,632,0.03906352911987019,0.21,0.32626414636048084,0.0,0.0,10,10,0.09090909090909091,1.1653173714876175e-05,0.5843982960596379,0.5843982960596379,0.0,6
graph,2,2026-10-07T09:40:32,nodeGcor2,3.11.9,unknown,13158093,528,2,3,0.7881308197975159,gnnexplainer,attribution,6,29,0.7192921595617698,0.53,0.3945495362781847,1.0,0.7142857142857143,10,10,1.0,0.4378287196159363,0.9565217391304348,0.9565217391304348,0.8333333333333334,6
graph,2,2026-10-07T09:40:32,nodeGcor2,3.11.9,unknown,13158093,528,2,3,0.7881308197975159,pgexplainer,attribution,6,29,0.7192870546814362,1.0,0.7931034517014145,1.0,1.0,10,10,1.0,0.0042759086936712265,1.0,1.0,1.0,6
graph,2,2026-10-07T09:40:32,nodeGcor2,3.11.9,unknown,13158093,528,2,3,0.7881308197975159,integrated_gradients,attribution,6,29,0.7192870546814362,1.0,0.7296840256556507,0.9428571428571428,0.7142857142857143,10,10,1.0,0.20265624299645424,1.0,0.5,1.0,6
graph,2,2026-10-07T09:40:32,nodeGcor2,3.11.9,unknown,13158093,528,2,3,0.7881308197975159,lime,attribution,6,29,0.7192870546814362,0.99,0.6523965891415517,0.7142857142857143,0.7142857142857143,10,10,1.0,0.04553321376442909,0.8985507246376812,0.717391304347826,0.8333333333333334,6
graph,2,2026-10-07T09:40:32,nodeGcor2,3.11.9,unknown,13158093,528,2,3,0.7881308197975159,random,attribution,6,29,0.7681643742728854,0.22,0.29886911821699547,0.1406060606060606,0.09090909090909091,10,10,0.09090909090909091,2.2546853870153427e-05,0.644927536231884,0.644927536231884,0.3333333333333333,6
graph,2,2026-10-07T09:40:32,nodeGcor2,3.11.9,unknown,13158093,532,2,3,0.4297841489315033,gnnexplainer,attribution,6,13,0.48524205050875646,0.61,0.2773010926324586,0.7142857142857143,0.7142857142857143,10,10,1.0,0.4227891070768237,0.9523809523809523,0.9523809523809523,0.8333333333333334,6
graph,2,2026-10-07T09:40:32,nodeGcor2,3.11.9,unknown,13158093,532,2,3,0.4297841489315033,pgexplainer,attribution,6,13,0.892284101544517,0.32,0.07984396710632058,0.4333333333333333,0.5,10,10,1.0,0.0039235190488398075,0.8571428571428571,0.8571428571428571,0.6666666666666666,6
graph,2,2026-10-07T09:40:32,nodeGcor2,3.11.9,unknown,13158093,532,2,3,0.4297841489315033,integrated_gradients,attribution,6,13,0.48523268925354945,0.66,0.6006063640577668,0.7428571428571429,0.7142857142857143,10,10,1.0,0.19692851696163416,0.8809523809523809,0.4523809523809524,0.8333333333333334,6
graph,2,2026-10-07T09:40:32,nodeGcor2,3.11.9,unknown,13158093,532,2,3,0.4297841489315033,lime,attribution,6,13,0.0,0.51,0.5793381528441314,0.6928571428571428,0.5,10,10,0.7142857142857143,0.04427136667072773,0.9047619047619048,0.6666666666666666,0.6666666666666666,6
graph,2,2026-10-07T09:40:32,nodeGcor2,3.11.9,unknown,13158093,532,2,3,0.4297841489315033,random,attribution,6,13,0.28245292346105993,0.32,0.3018229061637778,0.27242424242424246,0.09090909090909091,10,10,0.3333333333333333,3.2044947147369385e-05,0.23809523809523808,0.23809523809523808,0.3333333333333333,6
graph,2,2026-10-07T09:40:32,nodeGcor2,3.11.9,unknown,13158093,533,2,3,0.46647655963897705,gnnexplainer,attribution,6,7,0.5257225174280472,1.0,0.14963514702593017,1.0,1.0,10,10,1.0,0.40929099498316646,1.0,1.0,1.0,6
graph,2,2026-10-07T09:40:32,nodeGcor2,3.11.9,unknown,13158093,533,2,3,0.46647655963897705,pgexplainer,attribution,6,7,0.5257225174280472,1.0,5.108969847178457e-08,1.0,1.0,10,10,1.0,0.003965965937823057,1.0,1.0,1.0,6
graph,2,2026-10-07T09:40:32,nodeGcor2,3.11.9,unknown,13158093,533,2,3,0.46647655963897705,integrated_gradients,attribution,6,7,0.5257225174280472,1.0,0.1289003078176243,1.0,1.0,10,10,1.0,0.19666398083791137,1.0,0.6666666666666666,1.0,6
graph,2,2026-10-07T09:40:32,nodeGcor2,3.11.9,unknown,13158093,533,2,3,0.46647655963897705,lime,attribution,6,7,0.5257309826073467,0.56,0.22102348994459076,0.7142857142857143,0.7142857142857143,10,10,1.0,0.04311672179028392,0.5,0.8333333333333334,0.8333333333333334,6
graph,2,2026-10-07T09:40:32,nodeGcor2,3.11.9,unknown,13158093,533,2,3,0.46647655963897705,random,attribution,6,7,0.5257225174280472,1.0,0.36309781211627634,0.7714285714285715,0.7142857142857143,10,10,0.7142857142857143,2.231774851679802e-05,0.16666666666666666,0.16666666666666666,0.8333333333333334,6
graph,2,2026-10-07T09:40:32,nodeGcor2,3.11.9,unknown,13158093,535,1,1,0.7540555596351624,gnnexplainer,attribution,6,15,0.0,0.55,0.28885728463809823,0.7142857142857143,0.7142857142857143,10,10,0.7142857142857143,0.41968413023278117,0.962962962962963,0.962962962962963,0.8333333333333334,6
graph,2,2026-10-07T09:40:32,nodeGcor2,3.11.9,unknown,13158093,535,1,1,0.7540555596351624,pgexplainer,attribution,6,15,0.0,0.63,0.26336253953549327,0.5642857142857143,0.5,10,10,1.0,0.004030480049550533,0.888888888888889,0.888888888888889,0.6666666666666666,6
graph,2,2026-10-07T09:40:32,nodeGcor2,3.11.9,unknown,13158093,535,1,1,0.7540555596351624,integrated_gradients,attribution,6,15,0.0,1.0,0.5585336425354133,1.0,1.0,10,10,1.0,0.19730742136016488,1.0,0.6666666666666666,1.0,6
graph,2,2026-10-07T09:40:32,nodeGcor2,3.11.9,unknown,13158093,535,1,1,0.7540555596351624,lime,attribution,6,15,0.0,1.0,0.5365349037646026,0.7142857142857143,0.7142857142857143,10,10,0.7142857142857143,0.04452496487647295,1.0,0.3333333333333333,1.0,6
graph,2,2026-10-07T09:40:32,nodeGcor2,3.11.9,unknown,13158093,535,1,1,0.7540555596351624,random,attribution,6,15,0.47201244488569266,0.32,0.3221393129351129,0.25909090909090915,0.09090909090909091,10,10,0.3333333333333333,2.227816730737686e-05,0.35185185185185186,0.35185185185185186,0.3333333333333333,6
graph,2,2026-10-07T09:40:32,nodeGcor2,3.11.9,unknown,13158093,537,2,0,0.41114217042922974,gnnexplainer,attribution,6,15,0.998762885166599,0.05,0.4428134027382662,0.4,0.3333333333333333,10,10,0.5,0.40450433176010847,0.9444444444444444,0.9444444444444444,0.8333333333333334,6
graph,2,2026-10-07T09:40:32,nodeGcor2,3.11.9,unknown,13158093,537,2,0,0.41114217042922974,pgexplainer,attribution,6,15,0.9987628858839912,0.07,0.6063268611833466,1.0,1.0,10,10,1.0,0.003987814765423536,1.0,1.0,1.0,6
graph,2,2026-10-07T09:40:32,nodeGcor2,3.11.9,unknown,13158093,537,2,0,0.41114217042922974,integrated_gradients,attribution,6,15,0.9987628858839912,0.12,0.681163254030178,1.0,1.0,10,10,1.0,0.19713039696216583,0.9259259259259259,0.7592592592592593,0.8333333333333334,6
graph,2,2026-10-07T09:40:32,nodeGcor2,3.11.9,unknown,13158093,537,2,0,0.41114217042922974,lime,attribution,6,15,0.9987628858839912,0.08,0.626785084209367,0.7142857142857143,0.7142857142857143,10,10,0.7142857142857143,0.04419957799836993,0.9444444444444444,0.6296296296296295,0.8333333333333334,6
graph,2,2026-10-07T09:40:32,nodeGcor2,3.11.9,unknown,13158093,537,2,0,0.41114217042922974,random,attribution,6,15,0.868118327804551,0.29,0.32050208977330985,0.3052813852813853,0.09090909090909091,10,10,0.09090909090909091,2.266606315970421e-05,0.40740740740740744,0.40740740740740744,0.3333333333333333,6
graph,2,2026-10-07T09:40:32,nodeGcor2,3.11.9,unknown,13158093,541,1,1,0.7444754838943481,gnnexplainer,attribution,6,16,0.0,1.0,0.27732312828208294,0.7142857142857143,0.7142857142857143,10,10,0.7142857142857143,0.4040256077423692,0.9166666666666667,0.9166666666666667,0.8333333333333334,6
graph,2,2026-10-07T09:40:32,nodeGcor2,3.11.9,unknown,13158093,541,1,1,0.7444754838943481,pgexplainer,attribution,6,16,0.0,1.0,0.4524749655611615,0.8,0.5,10,10,1.0,0.003865279722958803,1.0,1.0,1.0,6
graph,2,2026-10-07T09:40:32,nodeGcor2,3.11.9,unknown,13158093,541,1,1,0.7444754838943481,integrated_gradients,attribution,6,16,0.0,1.0,0.5790964493191502,1.0,1.0,10,10,1.0,0.19616122683510184,1.0,0.6666666666666666,1.0,6
graph,2,2026-10-07T09:40:32,nodeGcor2,3.11.9,unknown,13158093,541,1,1,0.7444754838943481,lime,attribution,6,16,0.0,1.0,0.5696902782607873,1.0,0.7142857142857143,10,10,1.0,0.04409392410889268,1.0,0.3333333333333333,1.0,6
graph,2,2026-10-07T09:40:32,nodeGcor2,3.11.9,unknown,13158093,541,1,1,0.7444754838943481,random,attribution,6,16,0.9999991810473994,0.81,0.3485426225909305,0.22393939393939394,0.09090909090909091,10,10,0.2,2.1171756088733673e-05,0.7166666666666667,0.7166666666666667,0.5,6
graph,2,2026-10-07T09:40:32,nodeGcor2,3.11.9,unknown,13158093,543,2,0,0.4491441547870636,gnnexplainer,attribution,6,16,0.9988675561686643,0.32,0.3810569427120345,0.33333333333333337,0.3333333333333333,10,10,0.7142857142857143,0.41525103198364377,0.8333333333333334,0.8333333333333334,0.6666666666666666,6
graph,2,2026-10-07T09:40:32,nodeGcor2,3.11.9,unknown,13158093,543,2,0,0.4491441547870636,pgexplainer,attribution,6,16,0.9988675561686643,0.15,0.7350853407608791,1.0,1.0,10,10,1.0,0.0039548869244754314,1.0,1.0,1.0,6
graph,2,2026-10-07T09:40:32,nodeGcor2,3.11.9,unknown,13158093,543,2,0,0.4491441547870636,integrated_gradients,attribution,6,16,0.9988675561686643,0.15,0.699465209238931,1.0,1.0,10,10,1.0,0.19535144977271557,0.9166666666666666,0.75,0.8333333333333334,6
graph,2,2026-10-07T09:40:32,nodeGcor2,3.11.9,unknown,13158093,543,2,0,0.4491441547870636,lime,attribution,6,16,0.9988675561686643,0.5,0.6295835811019797,0.7142857142857143,0.7142857142857143,10,10,0.7142857142857143,0.04449676722288132,0.9166666666666666,0.5,0.6666666666666666,6
graph,2,2026-10-07T09:40:32,nodeGcor2,3.11.9,unknown,13158093,543,2,0,0.4491441547870636,random,attribution,6,16,0.0,0.11,0.22867716026503415,0.19575757575757574,0.2,10,10,0.09090909090909091,2.200016751885414e-05,0.4666666666666666,0.4666666666666666,0.3333333333333333,6
graph,2,2026-10-07T09:40:32,nodeGcor2,3.11.9,unknown,13158093,544,3,3,0.766213059425354,gnnexplainer,attribution,6,16,0.7112626949309891,0.48,0.26556124247799273,0.7142857142857143,0.7142857142857143,10,10,1.0,0.4101236369460821,0.9,0.9,0.8333333333333334,6
graph,2,2026-10-07T09:40:32,nodeGcor2,3.11.9,unknown,13158093,544,3,3,0.766213059425354,pgexplainer,attribution,6,16,0.7112574440288841,1.0,0.7868105586814738,1.0,1.0,10,10,1.0,0.004002558067440987,1.0,1.0,1.0,6
graph,2,2026-10-07T09:40:32,nodeGcor2,3.11.9,unknown,13158093,544,3,3,0.766213059425354,integrated_gradients,attribution,6,16,0.7112574440288841,1.0,0.6771164943928392,0.9428571428571428,0.7142857142857143,10,10,1.0,0.19719379721209407,0.9333333333333333,0.3999999999999999,0.8333333333333334,6
graph,2,2026-10-07T09:40:32,nodeGcor2,3.11.9,unknown,13158093,544,3,3,0.766213059425354,lime,attribution,6,16,0.7112574440288841,0.68,0.5525998275390271,0.7142857142857143,0.3333333333333333,10,10,0.7142857142857143,0.044313299003988504,0.75,0.7666666666666667,0.6666666666666666,6
graph,2,2026-10-07T09:40:32,nodeGcor2,3.11.9,unknown,13158093,544,3,3,0.766213059425354,random,attribution,6,16,0.33319665429631923,0.43,0.36997423598184476,0.1521212121212121,0.09090909090909091,10,10,0.3333333333333333,2.2798310965299606e-05,0.65,0.65,0.5,6
graph,2,2026-10-07T09:40:32,nodeGcor2,3.11.9,unknown,13158093,546,1,1,0.6520336270332336,gnnexplainer,attribution,6,17,0.0,0.43,0.2942338386458495,0.7142857142857143,0.7142857142857143,10,10,0.7142857142857143,0.4138082121498883,0.9848484848484849,0.9848484848484849,0.8333333333333334,6
graph,2,2026-10-07T09:40:32,nodeGcor2,3.11.9,unknown,13158093,546,1,1,0.6520336270332336,pgexplainer,attribution,6,17,0.0,0.99,0.2907981728336062,0.6666666666666666,0.3333333333333333,10,10,1.0,0.003974884748458862,1.0,1.0,1.0,6
graph,2,2026-10-07T09:40:32,nodeGcor2,3.11.9,unknown,13158093,546,1,1,0.6520336270332336,integrated_gradients,attribution,6,17,0.0,0.94,0.592297723520525,0.8285714285714286,0.7142857142857143,10,10,1.0,0.19724268792197108,1.0,0.6666666666666666,1.0,6
graph,2,2026-10-07T09:40:32,nodeGcor2,3.11.9,unknown,13158093,546,1,1,0.6520336270332336,lime,attribution,6,17,0.0,0.46,0.6303446053158615,0.7142857142857143,0.7142857142857143,10,10,0.7142857142857143,0.044489732943475246,0.8787878787878788,0.3939393939393939,0.8333333333333334,6
graph,2,2026-10-07T09:40:32,nodeGcor2,3.11.9,unknown,13158093,546,1,1,0.6520336270332336,random,attribution,6,17,0.0,0.6,0.29581505387798046,0.19818181818181818,0.09090909090909091,10,10,0.3333333333333333,2.2409018129110336e-05,0.25757575757575757,0.25757575757575757,0.0,6
graph,2,2026-10-07T09:40:32,nodeGcor2,3.11.9,unknown,13158093,549,3,3,0.8396003842353821,gnnexplainer,attribution,6,7,0.7364944888801112,1.0,0.1426128818794664,1.0,1.0,10,10,1.0,0.4134918670170009,1.0,1.0,1.0,6
graph,2,2026-10-07T09:40:32,nodeGcor2,3.11.9,unknown,13158093,549,3,3,0.8396003842353821,pgexplainer,attribution,6,7,0.73649447017341,1.0,0.0,1.0,1.0,10,10,1.0,0.003892262000590563,0.5,0.5,1.0,6
graph,2,2026-10-07T09:40:32,nodeGcor2,3.11.9,unknown,13158093,549,3,3,0.8396003842353821,integrated_gradients,attribution,6,7,0.7364944888801112,1.0,0.3556143646580141,1.0,1.0,10,10,1.0,0.19598727487027645,1.0,0.5,1.0,6
graph,2,2026-10-07T09:40:32,nodeGcor2,3.11.9,unknown,13158093,549,3,3,0.8396003842353821,lime,attribution,6,7,0.7364944888801112,1.0,0.28525465029194585,0.7142857142857143,0.7142857142857143,10,10,1.0,0.042716896161437035,0.6666666666666666,0.8333333333333334,0.8333333333333334,6
graph,2,2026-10-07T09:40:32,nodeGcor2,3.11.9,unknown,13158093,549,3,3,0.8396003842353821,random,attribution,6,7,0.73649447017341,1.0,0.26283067799365933,0.7714285714285715,0.7142857142857143,10,10,0.7142857142857143,2.1426938474178314e-05,0.16666666666666666,0.16666666666666666,0.8333333333333334,6
graph,2,2026-10-07T09:40:32,nodeGcor2,3.11.9,unknown,13158093,550,1,1,0.8043834567070007,gnnexplainer,attribution,6,15,0.04387643075398219,0.54,0.347682759840932,0.7142857142857143,0.7142857142857143,10,10,0.7142857142857143,0.4166151788085699,0.962962962962963,0.962962962962963,0.8333333333333334,6
graph,2,2026-10-07T09:40:32,nodeGcor2,3.11.9,unknown,13158093,550,1,1,0.8043834567070007,pgexplainer,attribution,6,15,0.999195575439994,0.6,0.032186253564014056,0.2514285714285715,0.2,10,10,1.0,0.003939877264201641,0.7222222222222222,0.7222222222222222,0.3333333333333333,6
graph,2,2026-10-07T09:40:32,nodeGcor2,3.11.9,unknown,13158093,550,1,1,0.8043834567070007,integrated_gradients,attribution,6,15,0.04388111529272318,1.0,0.5496636022660514,1.0,1.0,10,10,1.0,0.19588233018293977,1.0,0.6666666666666666,1.0,6
graph,2,2026-10-07T09:40:32,nodeGcor2,3.11.9,unknown,13158093,550,1,1,0.8043834567070007,lime,attribution,6,15,0.043881398685219355,1.0,0.5479259394896379,0.7142857142857143,0.7142857142857143,10,10,1.0,0.043892040848731995,1.0,0.3333333333333333,1.0,6
graph,2,2026-10-07T09:40:32,nodeGcor2,3.11.9,unknown,13158093,550,1,1,0.8043834567070007,random,attribution,6,15,0.9330764519168554,0.75,0.2705204145023339,0.31000000000000005,0.09090909090909091,10,10,0.2,2.1002255380153656e-05,0.42592592592592593,0.42592592592592593,0.5,6
graph,2,2026-10-07T09:40:32,nodeGcor2,3.11.9,unknown,13158093,551,1,1,0.9709761738777161,gnnexplainer,attribution,6,565,0.40032303928005164,0.58,0.7033698154796408,0.5428571428571429,0.3333333333333333,10,10,0.5,0.41525024827569723,0.9952295766249255,0.9952295766249255,0.5,6
graph,2,2026-10-07T09:40:32,nodeGcor2,3.11.9,unknown,13158093,551,1,1,0.9709761738777161,pgexplainer,attribution,6,565,0.00237620239653354,0.56,0.8536993101983129,0.5595238095238095,0.0,10,10,1.0,0.004292114172130823,0.9838998211091234,0.9838998211091234,0.0,6
graph,2,2026-10-07T09:40:32,nodeGcor2,3.11.9,unknown,13158093,551,1,1,0.9709761738777161,integrated_gradients,attribution,6,565,0.20792422181053843,1.0,0.9030649551621797,0.9714285714285713,0.7142857142857143,10,10,1.0,0.20317339897155762,0.9988073941562313,0.4991055456171735,0.8333333333333334,6
graph,2,2026-10-07T09:40:32,nodeGcor2,3.11.9,unknown,13158093,551,1,1,0.9709761738777161,lime,attribution,6,565,0.20792412456533127,0.94,0.4466124517767387,0.5214285714285715,0.5,10,10,0.5,0.213007521815598,0.960644007155635,0.5205724508050089,0.6666666666666666,6
graph,2,2026-10-07T09:40:32,nodeGcor2,3.11.9,unknown,13158093,551,1,1,0.9709761738777161,random,attribution,6,565,0.000945349063696208,0.57,0.34828282999010707,0.01818181818181818,0.0,10,10,0.0,1.1572148650884628e-05,0.6371496720333929,0.6371496720333929,0.0,6
graph,2,2026-10-07T09:40:32,nodeGcor2,3.11.9,unknown,13158093,552,2,3,0.4030988812446594,gnnexplainer,attribution,6,15,0.4511645843509927,0.57,0.3463651587175137,0.7142857142857143,0.7142857142857143,10,10,1.0,0.4345159181393683,0.9259259259259259,0.9259259259259259,0.8333333333333334,6
graph,2,2026-10-07T09:40:32,nodeGcor2,3.11.9,unknown,13158093,552,2,3,0.4030988812446594,pgexplainer,attribution,6,15,0.45115395412485154,0.99,0.47831928736169904,1.0,1.0,10,10,1.0,0.003996050916612148,1.0,1.0,1.0,6
graph,2,2026-10-07T09:40:32,nodeGcor2,3.11.9,unknown,13158093,552,2,3,0.4030988812446594,integrated_gradients,attribution,6,15,0.45115395412485154,0.73,0.6296171362744828,0.9714285714285715,1.0,10,10,1.0,0.1949309310875833,0.9629629629629629,0.37037037037037035,0.8333333333333334,6
graph,2,2026-10-07T09:40:32,nodeGcor2,3.11.9,unknown,13158093,552,2,3,0.4030988812446594,lime,attribution,6,15,0.4511546033717818,0.99,0.5585741214402203,0.6928571428571428,0.5,10,10,0.7142857142857143,0.04403047729283571,0.9629629629629629,0.6666666666666666,0.8333333333333334,6
graph,2,2026-10-07T09:40:32,nodeGcor2,3.11.9,unknown,13158093,552,2,3,0.4030988812446594,random,attribution,6,15,0.937486128270817,0.49,0.26886492076039026,0.2215151515151515,0.09090909090909091,10,10,0.3333333333333333,2.1321233361959457e-05,0.48148148148148157,0.48148148148148157,0.5,6
graph,2,2026-10-07T09:40:32,nodeGcor2,3.11.9,unknown,13158093,553,2,3,0.46647655963897705,gnnexplainer,attribution,6,7,0.5257225174280472,1.0,0.14963515399231586,1.0,1.0,10,10,1.0,0.40199049608781934,1.0,1.0,1.0,6
graph,2,2026-10-07T09:40:32,nodeGcor2,3.11.9,unknown,13158093,553,2,3,0.46647655963897705,pgexplainer,attribution,6,7,0.5257225174280472,1.0,5.108969847178457e-08,1.0,1.0,10,10,1.0,0.003852284047752619,1.0,1.0,1.0,6
graph,2,2026-10-07T09:40:32,nodeGcor2,3.11.9,unknown,13158093,553,2,3,0.46647655963897705,integrated_gradients,attribution,6,7,0.5257225174280472,1.0,0.12890029244458978,1.0,1.0,10,10,1.0,0.19443349028006196,1.0,0.6666666666666666,1.0,6
graph,2,2026-10-07T09:40:32,nodeGcor2,3.11.9,unknown,13158093,553,2,3,0.46647655963897705,lime,attribution,6,7,0.5257309826073467,0.55,0.2210235343863285,0.7142857142857143,0.7142857142857143,10,10,1.0,0.04265995789319277,0.5,0.8333333333333334,0.8333333333333334,6
graph,2,2026-10-07T09:40:32,nodeGcor2,3.11.9,unknown,13158093,553,2,3,0.46647655963897705,random,attribution,6,7,0.5257225174280472,0.47,0.20304821753894875,0.7142857142857143,0.7142857142857143,10,10,0.7142857142857143,2.1109823137521744e-05,0.6666666666666666,0.6666666666666666,0.8333333333333334,6
graph,2,2026-10-07T09:40:32,nodeGcor2,3.11.9,unknown,13158093,554,3,3,0.8158931732177734,gnnexplainer,attribution,6,15,0.7288439091080038,0.49,0.3553956595583837,0.9714285714285715,0.7142857142857143,10,10,1.0,0.41379055799916387,0.9259259259259259,0.9259259259259259,0.8333333333333334,6
graph,2,2026-10-07T09:40:32,nodeGcor2,3.11.9,unknown,13158093,554,3,3,0.8158931732177734,pgexplainer,attribution,6,15,0.7288389779333221,1.0,0.5870149571920533,1.0,1.0,10,10,1.0,0.003966872114688158,1.0,1.0,1.0,6
graph,2,2026-10-07T09:40:32,nodeGcor2,3.11.9,unknown,13158093,554,3,3,0.8158931732177734,integrated_gradients,attribution,6,15,0.7288389383142831,1.0,0.6643127550928473,0.9714285714285715,0.7142857142857143,10,10,1.0,0.1944777788594365,0.9444444444444444,0.38888888888888895,0.8333333333333334,6
graph,2,2026-10-07T09:40:32,nodeGcor2,3.11.9,unknown,13158093,554,3,3,0.8158931732177734,lime,attribution,6,15,0.7288389779333221,0.73,0.5252261101655635,0.6928571428571428,0.5,10,10,0.7142857142857143,0.043883407954126596,0.8333333333333334,0.7962962962962963,0.6666666666666666,6
graph,2,2026-10-07T09:40:32,nodeGcor2,3.11.9,unknown,13158093,554,3,3,0.8158931732177734,random,attribution,6,15,0.7288391788330313,0.15,0.368103233582445,0.3047619047619048,0.0,10,10,0.2,2.1373853087425232e-05,0.6111111111111112,0.6111111111111112,0.5,6
graph,2,2026-10-07T09:40:32,nodeGcor2,3.11.9,unknown,13158093,556,1,1,0.7071067094802856,gnnexplainer,attribution,6,17,0.0,0.45,0.33985953330085195,0.7142857142857143,0.7142857142857143,10,10,0.7142857142857143,0.41018578317016363,0.9848484848484849,0.9848484848484849,0.8333333333333334,6
graph,2,2026-10-07T09:40:32,nodeGcor2,3.11.9,unknown,13158093,556,1,1,0.7071067094802856,pgexplainer,attribution,6,17,0.27581448085282895,0.57,0.0796972589965027,0.4333333333333333,0.3333333333333333,10,10,1.0,0.003930933307856321,0.6363636363636364,0.6363636363636364,0.0,6
graph,2,2026-10-07T09:40:32,nodeGcor2,3.11.9,unknown,13158093,556,1,1,0.7071067094802856,integrated_gradients,attribution,6,17,0.0,0.91,0.5643844792111303,0.8857142857142856,0.7142857142857143,10,10,1.0,0.19511444307863712,1.0,0.6666666666666666,1.0,6
graph,2,2026-10-07T09:40:32,nodeGcor2,3.11.9,unknown,13158093,556,1,1,0.7071067094802856,lime,attribution,6,17,0.0,0.41,0.6415131672345544,0.7142857142857143,0.7142857142857143,10,10,0.7142857142857143,0.04399147490039468,0.8787878787878788,0.3939393939393939,0.8333333333333334,6
graph,2,2026-10-07T09:40:32,nodeGcor2,3.11.9,unknown,13158093,556,1,1,0.7071067094802856,random,attribution,6,17,0.0,0.39,0.3540061659714775,0.2672727272727272,0.09090909090909091,10,10,0.5,2.1076761186122894e-05,0.28787878787878785,0.28787878787878785,0.16666666666666666,6
graph,2,2026-10-07T09:40:32,nodeGcor2,3.11.9,unknown,13158093,557,2,2,0.45030677318573,gnnexplainer,attribution,6,557,0.3877041524882156,0.19,0.755016327601408,0.6928571428571428,0.5,10,10,0.5,0.42089996905997396,0.9948578342407742,0.9948578342407742,0.5,6
graph,2,2026-10-07T09:40:32,nodeGcor2,3.11.9,unknown,13158093,557,2,2,0.45030677318573,pgexplainer,attribution,6,557,0.0,0.04,0.9773961778921566,0.9714285714285715,0.3333333333333333,10,10,1.0,0.004198747221380472,0.999092558983666,0.999092558983666,0.8333333333333334,6
graph,2,2026-10-07T09:40:32,nodeGcor2,3.11.9,unknown,13158093,557,2,2,0.45030677318573,integrated_gradients,attribution,6,557,0.9756136259955801,0.0,0.885295795188058,1.0,0.7142857142857143,10,10,1.0,0.20199387008324265,1.0,0.6666666666666666,1.0,6
graph,2,2026-10-07T09:40:32,nodeGcor2,3.11.9,unknown,13158093,557,2,2,0.45030677318573,lime,attribution,6,557,0.97964514583196,0.32,0.42471044131439695,0.32,0.2,10,10,0.3333333333333333,0.21841853205114603,0.6960072595281307,0.6805807622504536,0.5,6
graph,2,2026-10-07T09:40:32,nodeGcor2,3.11.9,unknown,13158093,557,2,2,0.45030677318573,random,attribution,6,557,0.026891553494254015,0.17,0.34097747695717784,0.00909090909090909,0.0,10,10,0.0,2.5706831365823746e-05,0.7096188747731398,0.7096188747731398,0.0,6
graph,2,2026-10-07T09:40:32,nodeGcor2,3.11.9,unknown,13158093,559,3,3,0.8396003842353821,gnnexplainer,attribution,6,7,0.7364944888801112,1.0,0.1426128818794664,1.0,1.0,10,10,1.0,0.42373494105413556,1.0,1.0,1.0,6
graph,2,2026-10-07T09:40:32,nodeGcor2,3.11.9,unknown,13158093,559,3,3,0.8396003842353821,pgexplainer,attribution,6,7,0.7364944888801112,1.0,0.0,1.0,1.0,10,10,1.0,0.003947119694203138,0.5,0.5,1.0,6
graph,2,2026-10-07T09:40:32,nodeGcor2,3.11.9,unknown,13158093,559,3,3,0.8396003842353821,integrated_gradients,attribution,6,7,0.7364944888801112,1.0,0.355614376814371,1.0,1.0,10,10,1.0,0.19672200409695506,1.0,0.5,1.0,6
graph,2,2026-10-07T09:40:32,nodeGcor2,3.11.9,unknown,13158093,559,3,3,0.8396003842353821,lime,attribution,6,7,0.73649447017341,1.0,0.2852546645373586,0.7142857142857143,0.7142857142857143,10,10,1.0,0.0429249950684607,0.6666666666666666,0.8333333333333334,0.8333333333333334,6
graph,2,2026-10-07T09:40:32,nodeGcor2,3.11.9,unknown,13158093,559,3,3,0.8396003842353821,random,attribution,6,7,0.7364944888801112,1.0,0.2626002712797566,0.7428571428571429,0.7142857142857143,10,10,0.7142857142857143,9.595882147550583e-06,0.6666666666666666,0.6666666666666666,0.8333333333333334,6
graph,2,2026-10-07T09:40:32,nodeGcor2,3.11.9,unknown,13158093,565,1,1,0.9454123377799988,gnnexplainer,attribution,6,324,0.18650638812356068,1.0,0.6859737867350272,0.7142857142857143,0.7142857142857143,10,10,0.7142857142857143,0.42869926197454333,0.9968553459119496,0.9968553459119496,0.8333333333333334,6
graph,2,2026-10-07T09:40:32,nodeGcor2,3.11.9,unknown,13158093,565,1,1,0.9454123377799988,pgexplainer,attribution,6,324,0.18650638812356068,1.0,0.9802235024271718,1.0,1.0,10,10,1.0,0.004211407154798508,1.0,1.0,1.0,6
graph,2,2026-10-07T09:40:32,nodeGcor2,3.11.9,unknown,13158093,565,1,1,0.9454123377799988,integrated_gradients,attribution,6,324,0.18650638812356068,1.0,0.8904605879242232,1.0,0.7142857142857143,10,10,1.0,0.20221935212612152,0.9575471698113208,0.45859538784067083,0.8333333333333334,6
graph,2,2026-10-07T09:40:32,nodeGcor2,3.11.9,unknown,13158093,565,1,1,0.9454123377799988,lime,attribution,6,324,0.45567887600245804,0.22,0.4434604640821729,0.5,0.5,10,10,0.5,0.19482412980869412,0.7662473794549267,0.30870020964360584,0.5,6
graph,2,2026-10-07T09:40:32,nodeGcor2,3.11.9,unknown,13158093,565,1,1,0.9454123377799988,random,attribution,6,324,0.0013233395036638348,0.57,0.3477993053093059,0.0,0.0,10,10,0.2,9.758863598108292e-06,0.5068134171907757,0.5068134171907757,0.0,6
graph,2,2026-10-07T09:40:32,nodeGcor2,3.11.9,unknown,13158093,566,1,1,0.9106757044792175,gnnexplainer,attribution,6,7,0.15547725868356665,1.0,0.10617704751006762,1.0,1.0,10,10,1.0,0.4295718837529421,1.0,1.0,1.0,6
graph,2,2026-10-07T09:40:32,nodeGcor2,3.11.9,unknown,13158093,566,1,1,0.9106757044792175,pgexplainer,attribution,6,7,0.15547725868356665,1.0,0.0,1.0,1.0,10,10,1.0,0.003964751958847046,0.5,0.5,1.0,6
graph,2,2026-10-07T09:40:32,nodeGcor2,3.11.9,unknown,13158093,566,1,1,0.9106757044792175,integrated_gradients,attribution,6,7,0.15547311491764004,0.41,0.25610670107276534,0.7142857142857143,0.7142857142857143,10,10,1.0,0.19701386103406549,0.5,0.16666666666666666,0.8333333333333334,6
graph,2,2026-10-07T09:40:32,nodeGcor2,3.11.9,unknown,13158093,566,1,1,0.9106757044792175,lime,attribution,6,7,0.15547736923329966,1.0,0.35836852719937784,0.7142857142857143,0.7142857142857143,10,10,0.7142857142857143,0.04304694477468729,0.5,0.3333333333333333,0.8333333333333334,6
graph,2,2026-10-07T09:40:32,nodeGcor2,3.11.9,unknown,13158093,566,1,1,0.9106757044792175,random,attribution,6,7,0.15547300436735012,1.0,0.5060131197806044,0.7714285714285715,0.7142857142857143,10,10,0.7142857142857143,2.20518559217453e-05,0.6666666666666666,0.6666666666666666,0.8333333333333334,6
graph,2,2026-10-07T09:40:32,nodeGcor2,3.11.9,unknown,13158093,567,2,2,0.7799793481826782,gnnexplainer,attribution,6,324,0.9882485889659558,0.06,0.7681093041748227,1.0,0.7142857142857143,10,10,1.0,0.43029244104400277,1.0,1.0,1.0,6
graph,2,2026-10-07T09:40:32,nodeGcor2,3.11.9,unknown,13158093,567,2,2,0.7799793481826782,pgexplainer,attribution,6,324,0.9882485889659558,0.05,0.9839539517367916,1.0,1.0,10,10,1.0,0.004183183889836073,1.0,1.0,1.0,6
graph,2,2026-10-07T09:40:32,nodeGcor2,3.11.9,unknown,13158093,567,2,2,0.7799793481826782,integrated_gradients,attribution,6,324,0.9882485889659558,0.57,0.9045205131954992,1.0,1.0,10,10,1.0,0.2028911472298205,0.9973794549266247,0.6645702306079666,0.8333333333333334,6
graph,2,2026-10-07T09:40:32,nodeGcor2,3.11.9,unknown,13158093,567,2,2,0.7799793481826782,lime,attribution,6,324,0.9946269479581125,0.54,0.43855052802282013,0.33333333333333337,0.3333333333333333,10,10,0.5,0.19958524219691753,0.75,0.6834381551362684,0.3333333333333333,6
graph,2,2026-10-07T09:40:32,nodeGcor2,3.11.9,unknown,13158093,567,2,2,0.7799793481826782,random,attribution,6,324,0.005439144262496024,0.17,0.3280773923264364,0.00909090909090909,0.0,10,10,0.0,9.632203727960587e-06,0.42557651991614254,0.42557651991614254,0.0,6
graph,2,2026-10-07T09:40:32,nodeGcor2,3.11.9,unknown,13158093,570,1,1,0.6466401219367981,gnnexplainer,attribution,6,12,0.0,0.31,0.16844132985006488,0.7142857142857143,0.7142857142857143,10,10,0.7142857142857143,0.4379524611867964,0.8333333333333334,0.8333333333333334,0.8333333333333334,6
graph,2,2026-10-07T09:40:32,nodeGcor2,3.11.9,unknown,13158093,570,1,1,0.6466401219367981,pgexplainer,attribution,6,12,0.0,0.9,0.15329995278909925,1.0,1.0,10,10,1.0,0.003962459042668343,0.9166666666666667,0.9166666666666667,1.0,6
graph,2,2026-10-07T09:40:32,nodeGcor2,3.11.9,unknown,13158093,570,1,1,0.6466401219367981,integrated_gradients,attribution,6,12,0.0,0.99,0.38704535958188957,0.9428571428571428,0.7142857142857143,10,10,1.0,0.19694969430565834,0.8611111111111112,0.3333333333333333,0.8333333333333334,6
graph,2,2026-10-07T09:40:32,nodeGcor2,3.11.9,unknown,13158093,570,1,1,0.6466401219367981,lime,attribution,6,12,0.0,0.32,0.48230683497889004,0.7142857142857143,0.7142857142857143,10,10,0.7142857142857143,0.044031616766005754,0.888888888888889,0.5555555555555556,0.8333333333333334,6
graph,2,2026-10-07T09:40:32,nodeGcor2,3.11.9,unknown,13158093,570,1,1,0.6466401219367981,random,attribution,6,12,0.19940974378109086,0.29,0.30323741414148697,0.42142857142857143,0.09090909090909091,10,10,0.5,8.71485099196434e-06,0.38888888888888884,0.38888888888888884,0.3333333333333333,6
graph,2,2026-10-07T09:40:32,nodeGcor2,3.11.9,unknown,13158093,572,2,3,0.40074682235717773,gnnexplainer,attribution,6,7,0.4479324200674181,1.0,0.10201060087931246,1.0,1.0,10,10,1.0,0.4172910316847265,1.0,1.0,1.0,6
graph,2,2026-10-07T09:40:32,nodeGcor2,3.11.9,unknown,13158093,572,2,3,0.40074682235717773,pgexplainer,attribution,6,7,0.4479324200674181,1.0,0.0,1.0,1.0,10,10,1.0,0.0039870599284768105,0.5,0.5,1.0,6
graph,2,2026-10-07T09:40:32,nodeGcor2,3.11.9,unknown,13158093,572,2,3,0.40074682235717773,integrated_gradients,attribution,6,7,0.4479329948450365,1.0,0.1870926337723987,1.0,1.0,10,10,1.0,0.19783844286575913,1.0,0.6666666666666666,1.0,6
graph,2,2026-10-07T09:40:32,nodeGcor2,3.11.9,unknown,13158093,572,2,3,0.40074682235717773,lime,attribution,6,7,0.4479324200674181,0.44,0.44136699836926063,0.7142857142857143,0.7142857142857143,10,10,1.0,0.04309143591672182,0.6666666666666666,0.6666666666666666,0.8333333333333334,6
graph,2,2026-10-07T09:40:32,nodeGcor2,3.11.9,unknown,13158093,572,2,3,0.40074682235717773,random,attribution,6,7,0.44794227368944595,0.59,0.4343673673444516,0.7428571428571429,0.7142857142857143,10,10,0.7142857142857143,2.185394987463951e-05,0.16666666666666666,0.16666666666666666,0.8333333333333334,6
graph,2,2026-10-07T09:40:32,nodeGcor2,3.11.9,unknown,13158093,573,2,3,0.40074682235717773,gnnexplainer,attribution,6,7,0.4479329948450365,1.0,0.14591505536395366,1.0,1.0,10,10,1.0,0.4213365847244859,1.0,1.0,1.0,6
graph,2,2026-10-07T09:40:32,nodeGcor2,3.11.9,unknown,13158093,573,2,3,0.40074682235717773,pgexplainer,attribution,6,7,0.4479324200674181,1.0,0.0,1.0,1.0,10,10,1.0,0.003978968132287264,0.5,0.5,1.0,6
graph,2,2026-10-07T09:40:32,nodeGcor2,3.11.9,unknown,13158093,573,2,3,0.40074682235717773,integrated_gradients,attribution,6,7,0.4479329948450365,1.0,0.18709244398454483,1.0,1.0,10,10,1.0,0.19764425000175834,1.0,0.6666666666666666,1.0,6
graph,2,2026-10-07T09:40:32,nodeGcor2,3.11.9,unknown,13158093,573,2,3,0.40074682235717773,lime,attribution,6,7,0.44794227368944595,0.46,0.4335536703759628,0.7142857142857143,0.7142857142857143,10,10,1.0,0.04298814805224538,0.6666666666666666,0.6666666666666666,0.8333333333333334,6
graph,2,2026-10-07T09:40:32,nodeGcor2,3.11.9,unknown,13158093,573,2,3,0.40074682235717773,random,attribution,6,7,0.4479329948450365,0.61,0.22640131063228153,0.7428571428571429,0.7142857142857143,10,10,0.7142857142857143,2.2079795598983765e-05,0.0,0.0,0.8333333333333334,6
graph,2,2026-10-07T09:40:32,nodeGcor2,3.11.9,unknown,13158093,574,3,3,0.8234820365905762,gnnexplainer,attribution,6,170,0.8986711692377446,0.15,0.6200752987521163,0.7142857142857143,0.3333333333333333,10,10,0.3333333333333333,0.43309838278219104,0.9705284552845529,0.9705284552845529,0.3333333333333333,6
graph,2,2026-10-07T09:40:32,nodeGcor2,3.11.9,unknown,13158093,574,3,3,0.8234820365905762,pgexplainer,attribution,6,170,0.8243674493685894,0.65,0.9280883583975846,0.8142857142857143,0.2,10,10,1.0,0.004199542570859194,0.9908536585365854,0.9908536585365854,0.5,6
graph,2,2026-10-07T09:40:32,nodeGcor2,3.11.9,unknown,13158093,574,3,3,0.8234820365905762,integrated_gradients,attribution,6,170,0.9999958118396074,0.94,0.9046278364240075,0.9714285714285713,0.7142857142857143,10,10,1.0,0.20361740374937654,0.9939024390243902,0.5,0.8333333333333334,6
graph,2,2026-10-07T09:40:32,nodeGcor2,3.11.9,unknown,13158093,574,3,3,0.8234820365905762,lime,attribution,6,170,0.9999976010929955,0.94,0.46539642255019686,0.6928571428571428,0.3333333333333333,10,10,0.5,0.06542925583198667,0.9979674796747967,0.8333333333333334,0.8333333333333334,6
graph,2,2026-10-07T09:40:32,nodeGcor2,3.11.9,unknown,13158093,574,3,3,0.8234820365905762,random,attribution,6,170,0.0,0.32,0.31990719139759793,0.02727272727272727,0.0,10,10,0.0,8.813105523586273e-06,0.6646341463414633,0.6646341463414633,0.0,6
graph,2,2026-10-07T09:40:32,nodeGcor2,3.11.9,unknown,13158093,576,1,1,0.6908033490180969,gnnexplainer,attribution,6,18,0.0,0.44,0.3201315597160591,0.7142857142857143,0.7142857142857143,10,10,0.7142857142857143,0.4316393490880728,0.9166666666666666,0.9166666666666666,0.8333333333333334,6
graph,2,2026-10-07T09:40:32,nodeGcor2,3.11.9,unknown,13158093,576,1,1,0.6908033490180969,pgexplainer,attribution,6,18,0.0,0.72,0.2421272216470528,0.6,0.3333333333333333,10,10,1.0,0.003973105922341347,0.9166666666666666,0.9166666666666666,0.8333333333333334,6
graph,2,2026-10-07T09:40:32,nodeGcor2,3.11.9,unknown,13158093,576,1,1,0.6908033490180969,integrated_gradients,attribution,6,18,0.0,0.96,0.5832819109559053,0.8571428571428571,0.7142857142857143,10,10,1.0,0.19748669862747192,1.0,0.6666666666666666,1.0,6
graph,2,2026-10-07T09:40:32,nodeGcor2,3.11.9,unknown,13158093,576,1,1,0.6908033490180969,lime,attribution,6,18,0.0,0.28,0.6147381432824842,0.6,0.7142857142857143,10,10,0.7142857142857143,0.04456100892275572,0.736111111111111,0.3194444444444444,0.6666666666666666,6
graph,2,2026-10-07T09:40:32,nodeGcor2,3.11.9,unknown,13158093,576,1,1,0.6908033490180969,random,attribution,6,18,0.256416563918007,0.43,0.3458198381612564,0.18727272727272726,0.09090909090909091,10,10,0.09090909090909091,8.816365152597427e-06,0.3472222222222222,0.3472222222222222,0.3333333333333333,6
graph,2,2026-10-07T09:40:32,nodeGcor2,3.11.9,unknown,13158093,577,2,3,0.4911537766456604,gnnexplainer,attribution,6,627,0.9235609850873819,0.15,0.7689560812528036,0.45,0.0,10,10,0.3333333333333333,0.4237554017454386,0.9887278582930756,0.9887278582930756,0.0,6
graph,2,2026-10-07T09:40:32,nodeGcor2,3.11.9,unknown,13158093,577,2,3,0.4911537766456604,pgexplainer,attribution,6,627,0.9487784956572065,0.2,0.9829987690887417,0.7214285714285715,0.5,10,10,1.0,0.004189187195152044,0.998389694041868,0.998389694041868,0.6666666666666666,6
graph,2,2026-10-07T09:40:32,nodeGcor2,3.11.9,unknown,13158093,577,2,3,0.4911537766456604,integrated_gradients,attribution,6,627,0.5495532869994503,0.19,0.8688468447829478,0.9214285714285715,0.5,10,10,1.0,0.20125195011496544,0.9962426194310252,0.6639828234031132,0.8333333333333334,6
graph,2,2026-10-07T09:40:32,nodeGcor2,3.11.9,unknown,13158093,577,2,3,0.4911537766456604,lime,attribution,6,627,0.5495618065395532,0.17,0.42683555215716074,0.7142857142857143,0.7142857142857143,10,10,0.5,0.21640277793630958,0.8129361245303275,0.5896403650026838,0.6666666666666666,6
graph,2,2026-10-07T09:40:32,nodeGcor2,3.11.9,unknown,13158093,577,2,3,0.4911537766456604,random,attribution,6,627,0.0,0.2,0.3466994858248089,0.00909090909090909,0.0,10,10,0.0,1.3480894267559052e-05,0.537842190016103,0.537842190016103,0.0,6
graph,2,2026-10-07T09:40:32,nodeGcor2,3.11.9,unknown,13158093,578,2,3,0.8275499939918518,gnnexplainer,attribution,6,18,0.7326633385162822,0.54,0.31942507416419774,1.0,1.0,10,10,0.7142857142857143,0.4326912648975849,0.9166666666666666,0.9166666666666666,0.8333333333333334,6
graph,2,2026-10-07T09:40:32,nodeGcor2,3.11.9,unknown,13158093,578,2,3,0.8275499939918518,pgexplainer,attribution,6,18,0.7326584960561406,1.0,0.6666665542834582,1.0,1.0,10,10,1.0,0.004056085832417011,1.0,1.0,1.0,6
graph,2,2026-10-07T09:40:32,nodeGcor2,3.11.9,unknown,13158093,578,2,3,0.8275499939918518,integrated_gradients,attribution,6,18,0.7326584190345927,0.93,0.6325081415884604,1.0,0.7142857142857143,10,10,1.0,0.19554865593090653,0.9444444444444443,0.6527777777777777,0.8333333333333334,6
graph,2,2026-10-07T09:40:32,nodeGcor2,3.11.9,unknown,13158093,578,2,3,0.8275499939918518,lime,attribution,6,18,0.7326584768007578,0.68,0.603441770765136,0.8571428571428573,0.7142857142857143,10,10,1.0,0.04435425205156207,0.888888888888889,0.75,0.8333333333333334,6
graph,2,2026-10-07T09:40:32,nodeGcor2,3.11.9,unknown,13158093,578,2,3,0.8275499939918518,random,attribution,6,18,0.9922587044533684,0.37,0.3365004861376262,0.21445887445887446,0.09090909090909091,10,10,0.3333333333333333,2.184417098760605e-05,0.3472222222222222,0.3472222222222222,0.16666666666666666,6
graph,2,2026-10-07T09:40:32,nodeGcor2,3.11.9,unknown,13158093,579,3,3,0.8396003842353821,gnnexplainer,attribution,6,7,0.73649447017341,1.0,0.1426128828588219,1.0,1.0,10,10,1.0,0.4118117056787014,1.0,1.0,1.0,6
graph,2,2026-10-07T09:40:32,nodeGcor2,3.11.9,unknown,13158093,579,3,3,0.8396003842353821,pgexplainer,attribution,6,7,0.7364944888801112,1.0,0.0,1.0,1.0,10,10,1.0,0.003902039024978876,0.5,0.5,1.0,6
graph,2,2026-10-07T09:40:32,nodeGcor2,3.11.9,unknown,13158093,579,3,3,0.8396003842353821,integrated_gradients,attribution,6,7,0.7364944888801112,1.0,0.35561435579622924,1.0,1.0,10,10,1.0,0.19478628411889076,1.0,0.5,1.0,6
graph,2,2026-10-07T09:40:32,nodeGcor2,3.11.9,unknown,13158093,579,3,3,0.8396003842353821,lime,attribution,6,7,0.7364944888801112,1.0,0.2852546942772819,0.7142857142857143,0.7142857142857143,10,10,1.0,0.042728299740701914,0.6666666666666666,0.8333333333333334,0.8333333333333334,6
graph,2,2026-10-07T09:40:32,nodeGcor2,3.11.9,unknown,13158093,579,3,3,0.8396003842353821,random,attribution,6,7,0.7364944888801112,1.0,0.24735268519453146,0.7142857142857143,0.7142857142857143,10,10,0.7142857142857143,2.1245330572128296e-05,1.0,1.0,1.0,6
graph,2,2026-10-07T09:40:32,nodeGcor2,3.11.9,unknown,13158093,582,2,0,0.5235414505004883,gnnexplainer,attribution,6,16,0.7755094289206849,0.27,0.3891498077402159,0.33333333333333337,0.3333333333333333,10,10,0.7142857142857143,0.41578275384381413,0.8333333333333333,0.8333333333333333,0.5,6
graph,2,2026-10-07T09:40:32,nodeGcor2,3.11.9,unknown,13158093,582,2,0,0.5235414505004883,pgexplainer,attribution,6,16,0.9990284776588938,0.32,0.8108450946927641,1.0,1.0,10,10,1.0,0.0038821459747850895,1.0,1.0,1.0,6
graph,2,2026-10-07T09:40:32,nodeGcor2,3.11.9,unknown,13158093,582,2,0,0.5235414505004883,integrated_gradients,attribution,6,16,0.9990284789861757,0.26,0.7051605760336348,1.0,1.0,10,10,1.0,0.1953297909349203,0.9166666666666666,0.75,0.8333333333333334,6
graph,2,2026-10-07T09:40:32,nodeGcor2,3.11.9,unknown,13158093,582,2,0,0.5235414505004883,lime,attribution,6,16,0.9990284789861757,0.8,0.6486112258174956,0.7142857142857143,0.7142857142857143,10,10,0.7142857142857143,0.044052716344594955,0.9333333333333333,0.5,0.8333333333333334,6
graph,2,2026-10-07T09:40:32,nodeGcor2,3.11.9,unknown,13158093,582,2,0,0.5235414505004883,random,attribution,6,16,0.8103494743013929,0.44,0.31227213084996785,0.2938528138528139,0.09090909090909091,10,10,0.5,9.420793503522873e-06,0.55,0.55,0.5,6
graph,2,2026-10-07T09:40:32,nodeGcor2,3.11.9,unknown,13158093,584,3,3,0.7339692711830139,gnnexplainer,attribution,6,16,0.6985781267726314,0.46,0.21851978178245923,0.9714285714285715,0.7142857142857143,10,10,1.0,0.40028220042586327,0.9,0.9,0.8333333333333334,6
graph,2,2026-10-07T09:40:32,nodeGcor2,3.11.9,unknown,13158093,584,3,3,0.7339692711830139,pgexplainer,attribution,6,16,0.6985723269714992,1.0,0.8124905665077645,1.0,1.0,10,10,1.0,0.0039856452494859695,1.0,1.0,1.0,6
graph,2,2026-10-07T09:40:32,nodeGcor2,3.11.9,unknown,13158093,584,3,3,0.7339692711830139,integrated_gradients,attribution,6,16,0.6985723269714992,0.5,0.677474787515599,0.7142857142857143,0.7142857142857143,10,10,1.0,0.19530610088258982,0.9333333333333333,0.39999999999999997,0.8333333333333334,6
graph,2,2026-10-07T09:40:32,nodeGcor2,3.11.9,unknown,13158093,584,3,3,0.7339692711830139,lime,attribution,6,16,0.6985724493641728,0.78,0.6048545020918484,0.9142857142857143,0.3333333333333333,10,10,0.7142857142857143,0.04415283910930157,0.7666666666666666,0.8,0.6666666666666666,6
graph,2,2026-10-07T09:40:32,nodeGcor2,3.11.9,unknown,13158093,584,3,3,0.7339692711830139,random,attribution,6,16,0.32662797561694007,0.21,0.33721410171498223,0.2290909090909091,0.2,10,10,0.2,2.1731015294790268e-05,0.2833333333333333,0.2833333333333333,0.16666666666666666,6
graph,2,2026-10-07T09:40:32,nodeGcor2,3.11.9,unknown,13158093,587,2,3,0.8126997351646423,gnnexplainer,attribution,6,26,0.7277782838343954,0.51,0.3618755697102972,0.7142857142857143,0.7142857142857143,10,10,1.0,0.4086309550330043,0.9916666666666666,0.9916666666666666,0.8333333333333334,6
graph,2,2026-10-07T09:40:32,nodeGcor2,3.11.9,unknown,13158093,587,2,3,0.8126997351646423,pgexplainer,attribution,6,26,0.7277733332805274,1.0,0.769230841061828,1.0,1.0,10,10,1.0,0.004087124019861221,1.0,1.0,1.0,6
graph,2,2026-10-07T09:40:32,nodeGcor2,3.11.9,unknown,13158093,587,2,3,0.8126997351646423,integrated_gradients,attribution,6,26,0.7277733332805274,1.0,0.7252443239985877,1.0,1.0,10,10,1.0,0.20061542000621557,0.9666666666666667,0.525,0.8333333333333334,6
graph,2,2026-10-07T09:40:32,nodeGcor2,3.11.9,unknown,13158093,587,2,3,0.8126997351646423,lime,attribution,6,26,0.7277782838343954,0.51,0.5442456699365388,0.7142857142857143,0.7142857142857143,10,10,0.5,0.044749002903699875,0.775,0.65,0.6666666666666666,6
graph,2,2026-10-07T09:40:32,nodeGcor2,3.11.9,unknown,13158093,587,2,3,0.8126997351646423,random,attribution,6,26,0.9967570858285958,0.39,0.3087143267972866,0.10545454545454547,0.0,10,10,0.2,2.1268613636493683e-05,0.475,0.475,0.16666666666666666,6
graph,2,2026-10-07T09:40:32,nodeGcor2,3.11.9,unknown,13158093,590,1,1,0.9106757044792175,gnnexplainer,attribution,6,7,0.15547736923329966,1.0,0.10579423484697725,1.0,1.0,10,10,1.0,0.4010659889318049,1.0,1.0,1.0,6
graph,2,2026-10-07T09:40:32,nodeGcor2,3.11.9,unknown,13158093,590,1,1,0.9106757044792175,pgexplainer,attribution,6,7,0.15547736923329966,1.0,0.0,1.0,1.0,10,10,1.0,0.004002586007118225,0.5,0.5,1.0,6
graph,2,2026-10-07T09:40:32,nodeGcor2,3.11.9,unknown,13158093,590,1,1,0.9106757044792175,integrated_gradients,attribution,6,7,0.15547311491764004,0.59,0.2561067180804233,0.7142857142857143,0.7142857142857143,10,10,1.0,0.19652032013982534,0.5,0.16666666666666666,0.8333333333333334,6
graph,2,2026-10-07T09:40:32,nodeGcor2,3.11.9,unknown,13158093,590,1,1,0.9106757044792175,lime,attribution,6,7,0.15547736923329966,1.0,0.3386964976672079,0.7142857142857143,0.7142857142857143,10,10,1.0,0.04315286409109831,0.6666666666666666,0.5,0.8333333333333334,6
graph,2,2026-10-07T09:40:32,nodeGcor2,3.11.9,unknown,13158093,590,1,1,0.9106757044792175,random,attribution,6,7,0.15547736923329966,1.0,0.3012073139843042,0.7428571428571429,0.7142857142857143,10,10,0.7142857142857143,2.265535295009613e-05,0.8333333333333334,0.8333333333333334,0.8333333333333334,6
graph,2,2026-10-07T09:40:32,nodeGcor2,3.11.9,unknown,13158093,597,2,3,0.5540915131568909,gnnexplainer,attribution,6,166,0.9735226365578817,0.14,0.5962891756737156,0.7142857142857143,0.5,10,10,0.5,0.43327655643224716,0.9614583333333333,0.9614583333333333,0.16666666666666666,6
graph,2,2026-10-07T09:40:32,nodeGcor2,3.11.9,unknown,13158093,597,2,3,0.5540915131568909,pgexplainer,attribution,6,166,0.0,0.18,0.8619087523868676,0.7785714285714287,0.0,10,10,1.0,0.004096573684364557,0.9624999999999999,0.9624999999999999,0.0,6
graph,2,2026-10-07T09:40:32,nodeGcor2,3.11.9,unknown,13158093,597,2,3,0.5540915131568909,integrated_gradients,attribution,6,166,0.9999963615690691,0.83,0.9395561540031814,1.0,0.7142857142857143,10,10,1.0,0.20192898903042078,0.996875,0.6635416666666666,0.8333333333333334,6
graph,2,2026-10-07T09:40:32,nodeGcor2,3.11.9,unknown,13158093,597,2,3,0.5540915131568909,lime,attribution,6,166,0.6007184830134398,0.33,0.5101291148559641,0.5,0.5,10,10,0.5,0.06723317410796881,0.9677083333333334,0.6812499999999999,0.8333333333333334,6
graph,2,2026-10-07T09:40:32,nodeGcor2,3.11.9,unknown,13158093,597,2,3,0.5540915131568909,random,attribution,6,166,0.0,0.23,0.3599295621003542,0.0,0.0,10,10,0.0,9.41101461648941e-06,0.3645833333333333,0.3645833333333333,0.0,6
graph,2,2026-10-07T09:40:32,nodeGcor2,3.11.9,unknown,13158093,598,2,3,0.8522053956985474,gnnexplainer,attribution,6,13,0.7403976043582048,0.59,0.18172447541054415,0.9428571428571428,1.0,10,10,0.7142857142857143,0.42827492393553257,0.9047619047619049,0.9047619047619049,0.8333333333333334,6
graph,2,2026-10-07T09:40:32,nodeGcor2,3.11.9,unknown,13158093,598,2,3,0.8522053956985474,pgexplainer,attribution,6,13,0.7403928832960428,1.0,0.538461546099873,1.0,1.0,10,10,1.0,0.004021297208964825,1.0,1.0,1.0,6
graph,2,2026-10-07T09:40:32,nodeGcor2,3.11.9,unknown,13158093,598,2,3,0.8522053956985474,integrated_gradients,attribution,6,13,0.7403976043582048,0.37,0.4315850125008144,0.9428571428571428,1.0,10,10,1.0,0.1965770749375224,0.8571428571428572,0.7142857142857144,0.8333333333333334,6
graph,2,2026-10-07T09:40:32,nodeGcor2,3.11.9,unknown,13158093,598,2,3,0.8522053956985474,lime,attribution,6,13,0.7403928832960428,1.0,0.504560470435076,0.7142857142857143,0.7142857142857143,10,10,1.0,0.044218816328793764,0.9761904761904763,0.6666666666666666,0.8333333333333334,6
graph,2,2026-10-07T09:40:32,nodeGcor2,3.11.9,unknown,13158093,598,2,3,0.8522053956985474,random,attribution,6,13,0.9849676758053607,0.4,0.31268728897700016,0.20484848484848484,0.2,10,10,0.3333333333333333,2.1986663341522217e-05,0.5952380952380952,0.5952380952380952,0.6666666666666666,6
graph,2,2026-10-07T09:40:32,nodeGcor2,3.11.9,unknown,13158093,600,1,1,0.6355370283126831,gnnexplainer,attribution,6,14,0.0,0.98,0.18427797862472073,0.7142857142857143,0.7142857142857143,10,10,1.0,0.4051651800982654,0.8958333333333334,0.8958333333333334,0.8333333333333334,6
graph,2,2026-10-07T09:40:32,nodeGcor2,3.11.9,unknown,13158093,600,1,1,0.6355370283126831,pgexplainer,attribution,6,14,0.0,1.0,0.571428669350437,1.0,1.0,10,10,1.0,0.003993827849626541,1.0,1.0,1.0,6
graph,2,2026-10-07T09:40:32,nodeGcor2,3.11.9,unknown,13158093,600,1,1,0.6355370283126831,integrated_gradients,attribution,6,14,0.0,1.0,0.5741936794676306,1.0,1.0,10,10,1.0,0.19747980404645205,1.0,0.6666666666666666,1.0,6
graph,2,2026-10-07T09:40:32,nodeGcor2,3.11.9,unknown,13158093,600,1,1,0.6355370283126831,lime,attribution,6,14,0.0,0.46,0.47490511551560965,1.0,0.5,10,10,1.0,0.04432268114760518,0.9583333333333334,0.37499999999999994,0.8333333333333334,6
graph,2,2026-10-07T09:40:32,nodeGcor2,3.11.9,unknown,13158093,600,1,1,0.6355370283126831,random,attribution,6,14,0.0,0.47,0.33650654188319473,0.3566666666666667,0.09090909090909091,10,10,0.09090909090909091,2.245325595140457e-05,0.7916666666666667,0.7916666666666667,0.8333333333333334,6
graph,2,2026-10-07T09:40:32,nodeGcor2,3.11.9,unknown,13158093,601,1,0,0.41227802634239197,gnnexplainer,attribution,6,144,0.9987662895750063,0.83,0.6150427150098314,0.33333333333333337,0.2,10,10,0.5,0.4167425842024386,0.9746376811594204,0.9746376811594204,0.5,6
graph,2,2026-10-07T09:40:32,nodeGcor2,3.11.9,unknown,13158093,601,1,0,0.41227802634239197,pgexplainer,attribution,6,144,0.0,0.3,0.670752327774524,0.8571428571428571,0.2,10,10,1.0,0.004196943715214729,0.9384057971014492,0.9384057971014492,0.0,6
graph,2,2026-10-07T09:40:32,nodeGcor2,3.11.9,unknown,13158093,601,1,0,0.41227802634239197,integrated_gradients,attribution,6,144,0.9930121162452067,0.47,0.7641963253451061,1.0,0.7142857142857143,10,10,1.0,0.20331862987950444,0.9806763285024156,0.49033816425120774,0.6666666666666666,6
graph,2,2026-10-07T09:40:32,nodeGcor2,3.11.9,unknown,13158093,601,1,0,0.41227802634239197,lime,attribution,6,144,0.9634858486822117,0.9,0.514066098454364,0.5047619047619047,0.3333333333333333,10,10,0.5,0.07371261296793818,0.7669082125603864,0.4601449275362319,0.16666666666666666,6
graph,2,2026-10-07T09:40:32,nodeGcor2,3.11.9,unknown,13158093,601,1,0,0.41227802634239197,random,attribution,6,144,0.0,0.42,0.30648991561244787,0.0,0.0,10,10,0.09090909090909091,8.848030120134354e-06,0.44202898550724634,0.44202898550724634,0.0,6
graph,2,2026-10-07T09:40:32,nodeGcor2,3.11.9,unknown,13158093,602,2,0,0.5521779656410217,gnnexplainer,attribution,6,14,0.6100982329235248,0.4,0.38586225138478436,0.28,0.2,10,10,0.3333333333333333,0.43100259359925985,0.7708333333333334,0.7708333333333334,0.5,6
graph,2,2026-10-07T09:40:32,nodeGcor2,3.11.9,unknown,13158093,602,2,0,0.5521779656410217,pgexplainer,attribution,6,14,0.9990788625752334,0.22,0.7854468536078197,1.0,1.0,10,10,1.0,0.003984685987234116,1.0,1.0,1.0,6
graph,2,2026-10-07T09:40:32,nodeGcor2,3.11.9,unknown,13158093,602,2,0,0.5521779656410217,integrated_gradients,attribution,6,14,0.9990788625752334,0.22,0.6757621805374389,1.0,1.0,10,10,1.0,0.19724858878180385,0.8958333333333334,0.7291666666666667,0.8333333333333334,6
graph,2,2026-10-07T09:40:32,nodeGcor2,3.11.9,unknown,13158093,602,2,0,0.5521779656410217,lime,attribution,6,14,0.9990788625752334,0.61,0.5962011416109074,0.7142857142857143,0.7142857142857143,10,10,1.0,0.044371774420142174,0.8333333333333334,0.5,0.6666666666666666,6
graph,2,2026-10-07T09:40:32,nodeGcor2,3.11.9,unknown,13158093,602,2,0,0.5521779656410217,random,attribution,6,14,0.5154112121305673,0.75,0.21949653270489067,0.3480952380952381,0.09090909090909091,10,10,0.3333333333333333,8.485279977321625e-06,0.4375,0.4375,0.3333333333333333,6
graph,2,2026-10-07T09:40:32,nodeGcor2,3.11.9,unknown,13158093,603,2,3,0.46647655963897705,gnnexplainer,attribution,6,7,0.5257225174280472,1.0,0.14963515399231586,1.0,1.0,10,10,1.0,0.4015212529338896,1.0,1.0,1.0,6
graph,2,2026-10-07T09:40:32,nodeGcor2,3.11.9,unknown,13158093,603,2,3,0.46647655963897705,pgexplainer,attribution,6,7,0.5257225174280472,1.0,5.108969847178457e-08,1.0,1.0,10,10,1.0,0.003969356883317232,1.0,1.0,1.0,6
graph,2,2026-10-07T09:40:32,nodeGcor2,3.11.9,unknown,13158093,603,2,3,0.46647655963897705,integrated_gradients,attribution,6,7,0.5257225174280472,1.0,0.12890037093844875,1.0,1.0,10,10,1.0,0.1950937882065773,1.0,0.6666666666666666,1.0,6
graph,2,2026-10-07T09:40:32,nodeGcor2,3.11.9,unknown,13158093,603,2,3,0.46647655963897705,lime,attribution,6,7,0.5257309826073467,0.43,0.22102349529170873,0.7142857142857143,0.7142857142857143,10,10,1.0,0.042884907219558954,0.5,0.8333333333333334,0.8333333333333334,6
graph,2,2026-10-07T09:40:32,nodeGcor2,3.11.9,unknown,13158093,603,2,3,0.46647655963897705,random,attribution,6,7,0.5257225174280472,1.0,0.3925368109609345,0.7714285714285716,0.7142857142857143,10,10,0.7142857142857143,2.1786894649267197e-05,1.0,1.0,1.0,6
graph,2,2026-10-07T09:40:32,nodeGcor2,3.11.9,unknown,13158093,604,3,3,0.7210620045661926,gnnexplainer,attribution,6,14,0.6931830778398634,0.5,0.17614097049512067,1.0,0.7142857142857143,10,10,1.0,0.4160134010016918,0.875,0.875,0.8333333333333334,6
graph,2,2026-10-07T09:40:32,nodeGcor2,3.11.9,unknown,13158093,604,3,3,0.7210620045661926,pgexplainer,attribution,6,14,0.6931774981465085,1.0,0.7857130089514526,1.0,1.0,10,10,1.0,0.003949875012040138,1.0,1.0,1.0,6
graph,2,2026-10-07T09:40:32,nodeGcor2,3.11.9,unknown,13158093,604,3,3,0.7210620045661926,integrated_gradients,attribution,6,14,0.6931774474213009,1.0,0.6414173721595167,0.9714285714285715,1.0,10,10,1.0,0.19550749706104398,0.9375,0.3958333333333333,0.8333333333333334,6
graph,2,2026-10-07T09:40:32,nodeGcor2,3.11.9,unknown,13158093,604,3,3,0.7210620045661926,lime,attribution,6,14,0.6931774474213009,1.0,0.6285495998204887,0.85,0.5,10,10,0.7142857142857143,0.04438980482518673,0.7708333333333334,0.6458333333333333,0.8333333333333334,6
graph,2,2026-10-07T09:40:32,nodeGcor2,3.11.9,unknown,13158093,604,3,3,0.7210620045661926,random,attribution,6,14,0.9246305953070886,0.57,0.37130764434944563,0.3624242424242424,0.09090909090909091,10,10,0.2,2.282671630382538e-05,0.33333333333333337,0.33333333333333337,0.3333333333333333,6
graph,2,2026-10-07T09:40:32,nodeGcor2,3.11.9,unknown,13158093,605,1,1,0.8748468160629272,gnnexplainer,attribution,6,34,0.12088982201801847,1.0,0.3878515293915963,0.7142857142857143,0.7142857142857143,10,10,0.7142857142857143,0.42698610899969935,0.9821428571428572,0.9821428571428572,0.8333333333333334,6
graph,2,2026-10-07T09:40:32,nodeGcor2,3.11.9,unknown,13158093,605,1,1,0.8748468160629272,pgexplainer,attribution,6,34,0.12088982201801847,1.0,0.8224218753866572,1.0,1.0,10,10,1.0,0.004156034905463457,1.0,1.0,1.0,6
graph,2,2026-10-07T09:40:32,nodeGcor2,3.11.9,unknown,13158093,605,1,1,0.8748468160629272,integrated_gradients,attribution,6,34,0.12088982201801847,1.0,0.6921262395726872,1.0,0.7142857142857143,10,10,1.0,0.20200157118961215,0.9702380952380952,0.3214285714285714,0.8333333333333334,6
graph,2,2026-10-07T09:40:32,nodeGcor2,3.11.9,unknown,13158093,605,1,1,0.8748468160629272,lime,attribution,6,34,0.12088512918007267,0.69,0.6356529875130525,0.7142857142857143,0.7142857142857143,10,10,0.7142857142857143,0.045770707074552774,0.9880952380952381,0.49404761904761907,0.8333333333333334,6
graph,2,2026-10-07T09:40:32,nodeGcor2,3.11.9,unknown,13158093,605,1,1,0.8748468160629272,random,attribution,6,34,0.9313392390624589,0.61,0.346894277333507,0.06545454545454546,0.0,10,10,0.2,2.2522173821926117e-05,0.5178571428571428,0.5178571428571428,0.16666666666666666,6
graph,2,2026-10-07T09:40:32,nodeGcor2,3.11.9,unknown,13158093,606,1,1,0.8748469352722168,gnnexplainer,attribution,6,34,0.12088518907549428,1.0,0.388560994594196,0.7142857142857143,0.7142857142857143,10,10,0.7142857142857143,0.4294603201560676,0.9821428571428572,0.9821428571428572,0.8333333333333334,6
graph,2,2026-10-07T09:40:32,nodeGcor2,3.11.9,unknown,13158093,606,1,1,0.8748469352722168,pgexplainer,attribution,6,34,0.12088976212291253,1.0,0.8224218595911617,1.0,1.0,10,10,1.0,0.004101194906979799,1.0,1.0,1.0,6
graph,2,2026-10-07T09:40:32,nodeGcor2,3.11.9,unknown,13158093,606,1,1,0.8748469352722168,integrated_gradients,attribution,6,34,0.12088982201801847,1.0,0.6921262061513421,1.0,1.0,10,10,1.0,0.19981866190209985,0.9702380952380952,0.3214285714285714,0.8333333333333334,6
graph,2,2026-10-07T09:40:32,nodeGcor2,3.11.9,unknown,13158093,606,1,1,0.8748469352722168,lime,attribution,6,34,0.12088982201801847,1.0,0.6059183105453132,0.7142857142857143,0.5,10,10,0.5,0.045388069935142994,1.0,0.5,1.0,6
graph,2,2026-10-07T09:40:32,nodeGcor2,3.11.9,unknown,13158093,606,1,1,0.8748469352722168,random,attribution,6,34,0.052298634589987285,0.68,0.32276987371645527,0.07636363636363637,0.0,10,10,0.3333333333333333,8.400995284318924e-06,0.2380952380952381,0.2380952380952381,0.0,6
graph,2,2026-10-07T09:40:32,nodeGcor2,3.11.9,unknown,13158093,608,2,3,0.40074723958969116,gnnexplainer,attribution,6,7,0.4479324200674181,1.0,0.14591505536395366,1.0,1.0,10,10,1.0,0.4102477030828595,1.0,1.0,1.0,6
graph,2,2026-10-07T09:40:32,nodeGcor2,3.11.9,unknown,13158093,608,2,3,0.40074723958969116,pgexplainer,attribution,6,7,0.4479324200674181,1.0,0.0,1.0,1.0,10,10,1.0,0.003919166978448629,0.5,0.5,1.0,6
graph,2,2026-10-07T09:40:32,nodeGcor2,3.11.9,unknown,13158093,608,2,3,0.40074723958969116,integrated_gradients,attribution,6,7,0.4479324200674181,1.0,0.1870921141129882,1.0,1.0,10,10,1.0,0.1948896422982216,1.0,0.6666666666666666,1.0,6
graph,2,2026-10-07T09:40:32,nodeGcor2,3.11.9,unknown,13158093,608,2,3,0.40074723958969116,lime,attribution,6,7,0.44794284845680543,0.52,0.4335536982676338,0.7142857142857143,0.7142857142857143,10,10,1.0,0.0426890361122787,0.6666666666666666,0.6666666666666666,0.8333333333333334,6
graph,2,2026-10-07T09:40:32,nodeGcor2,3.11.9,unknown,13158093,608,2,3,0.40074723958969116,random,attribution,6,7,0.4479324200674181,0.43,0.4006541347917757,0.8285714285714286,0.7142857142857143,10,10,0.7142857142857143,2.0753126591444016e-05,0.0,0.0,0.8333333333333334,6
graph,2,2026-10-07T09:40:32,nodeGcor2,3.11.9,unknown,13158093,610,1,1,0.605165421962738,gnnexplainer,attribution,6,16,0.0,0.58,0.23300680092508474,0.7142857142857143,0.7142857142857143,10,10,0.7142857142857143,0.41447181813418865,0.9333333333333333,0.9333333333333333,0.8333333333333334,6
graph,2,2026-10-07T09:40:32,nodeGcor2,3.11.9,unknown,13158093,610,1,1,0.605165421962738,pgexplainer,attribution,6,16,0.0,0.98,0.3821690644205147,1.0,1.0,10,10,1.0,0.003931035287678242,1.0,1.0,1.0,6
graph,2,2026-10-07T09:40:32,nodeGcor2,3.11.9,unknown,13158093,610,1,1,0.605165421962738,integrated_gradients,attribution,6,16,0.0,0.93,0.5572964371396374,0.7142857142857143,0.7142857142857143,10,10,1.0,0.19538282928988338,1.0,0.6666666666666666,1.0,6
graph,2,2026-10-07T09:40:32,nodeGcor2,3.11.9,unknown,13158093,610,1,1,0.605165421962738,lime,attribution,6,16,0.0,0.29,0.6632605766661059,0.6500000000000001,0.5,10,10,0.7142857142857143,0.04428331693634391,0.8,0.35,0.6666666666666666,6
graph,2,2026-10-07T09:40:32,nodeGcor2,3.11.9,unknown,13158093,610,1,1,0.605165421962738,random,attribution,6,16,0.9078901112360002,0.71,0.1507582893504218,0.2372727272727273,0.09090909090909091,10,10,0.3333333333333333,2.18050554394722e-05,0.6166666666666667,0.6166666666666667,0.3333333333333333,6
graph,2,2026-10-07T09:40:32,nodeGcor2,3.11.9,unknown,13158093,611,1,1,0.9106757044792175,gnnexplainer,attribution,6,7,0.15547736923329966,1.0,0.10617704751006762,1.0,1.0,10,10,1.0,0.4135631672106683,1.0,1.0,1.0,6
graph,2,2026-10-07T09:40:32,nodeGcor2,3.11.9,unknown,13158093,611,1,1,0.9106757044792175,pgexplainer,attribution,6,7,0.15547736923329966,1.0,0.0,1.0,1.0,10,10,1.0,0.0039443387649953365,0.5,0.5,1.0,6
graph,2,2026-10-07T09:40:32,nodeGcor2,3.11.9,unknown,13158093,611,1,1,0.9106757044792175,integrated_gradients,attribution,6,7,0.15547311491764004,0.53,0.25610664997408616,0.7142857142857143,0.7142857142857143,10,10,1.0,0.19678727816790342,0.5,0.16666666666666666,0.8333333333333334,6
graph,2,2026-10-07T09:40:32,nodeGcor2,3.11.9,unknown,13158093,611,1,1,0.9106757044792175,lime,attribution,6,7,0.15547736923329966,1.0,0.3583685168866997,0.7142857142857143,0.7142857142857143,10,10,0.7142857142857143,0.04300331883132458,0.5,0.3333333333333333,0.8333333333333334,6
graph,2,2026-10-07T09:40:32,nodeGcor2,3.11.9,unknown,13158093,611,1,1,0.9106757044792175,random,attribution,6,7,0.15547736923329966,1.0,0.23494358148367867,0.7142857142857143,0.7142857142857143,10,10,0.7142857142857143,2.1772924810647964e-05,1.0,1.0,1.0,6
graph,2,2026-10-07T09:40:32,nodeGcor2,3.11.9,unknown,13158093,613,2,3,0.5605523586273193,gnnexplainer,attribution,6,214,0.9458706485734173,0.07,0.6103777124513454,0.3666666666666667,0.09090909090909091,10,10,0.5,0.4324636668898165,0.9583333333333333,0.9583333333333333,0.16666666666666666,6
graph,2,2026-10-07T09:40:32,nodeGcor2,3.11.9,unknown,13158093,613,2,3,0.5605523586273193,pgexplainer,attribution,6,214,0.0051765655115243794,0.28,0.8799486233837273,0.8642857142857142,0.5,10,10,1.0,0.004170029889792204,0.985576923076923,0.985576923076923,0.0,6
graph,2,2026-10-07T09:40:32,nodeGcor2,3.11.9,unknown,13158093,613,2,3,0.5605523586273193,integrated_gradients,attribution,6,214,0.605319914075122,0.48,0.9307433160788221,1.0,0.7142857142857143,10,10,1.0,0.20197756215929985,0.999198717948718,0.49999999999999994,0.8333333333333334,6
graph,2,2026-10-07T09:40:32,nodeGcor2,3.11.9,unknown,13158093,613,2,3,0.5605523586273193,lime,attribution,6,214,0.6053270914947684,0.32,0.4652569274321562,0.4833333333333333,0.3333333333333333,10,10,0.7142857142857143,0.1992253540083766,0.8782051282051282,0.7019230769230769,0.5,6
graph,2,2026-10-07T09:40:32,nodeGcor2,3.11.9,unknown,13158093,613,2,3,0.5605523586273193,random,attribution,6,214,0.9673207730527554,0.27,0.3460317980375842,0.0,0.0,10,10,0.0,9.431969374418259e-06,0.4487179487179487,0.4487179487179487,0.16666666666666666,6
graph,2,2026-10-07T09:40:32,nodeGcor2,3.11.9,unknown,13158093,614,3,3,0.8396003246307373,gnnexplainer,attribution,6,7,0.7364944888801112,1.0,0.13922807183331432,1.0,1.0,10,10,1.0,0.42876305105164647,1.0,1.0,1.0,6
graph,2,2026-10-07T09:40:32,nodeGcor2,3.11.9,unknown,13158093,614,3,3,0.8396003246307373,pgexplainer,attribution,6,7,0.7364944888801112,1.0,0.0,1.0,1.0,10,10,1.0,0.003982553258538246,0.5,0.5,1.0,6
graph,2,2026-10-07T09:40:32,nodeGcor2,3.11.9,unknown,13158093,614,3,3,0.8396003246307373,integrated_gradients,attribution,6,7,0.7364944888801112,1.0,0.3556144053831417,1.0,1.0,10,10,1.0,0.19782046228647232,1.0,0.5,1.0,6
graph,2,2026-10-07T09:40:32,nodeGcor2,3.11.9,unknown,13158093,614,3,3,0.8396003246307373,lime,attribution,6,7,0.73649447017341,1.0,0.3799121625070586,0.7142857142857143,0.7142857142857143,10,10,1.0,0.043144330848008394,0.6666666666666666,0.8333333333333334,0.8333333333333334,6
graph,2,2026-10-07T09:40:32,nodeGcor2,3.11.9,unknown,13158093,614,3,3,0.8396003246307373,random,attribution,6,7,0.7364991733727783,0.53,0.2447473466298159,0.7714285714285716,0.7142857142857143,10,10,0.7142857142857143,2.295803278684616e-05,0.16666666666666666,0.16666666666666666,0.8333333333333334,6
graph,2,2026-10-07T09:40:32,nodeGcor2,3.11.9,unknown,13158093,616,1,1,0.5470007658004761,gnnexplainer,attribution,6,16,0.0,0.46,0.180588062427817,0.7142857142857143,0.7142857142857143,10,10,0.7142857142857143,0.4213288677856326,0.9166666666666667,0.9166666666666667,0.8333333333333334,6
graph,2,2026-10-07T09:40:32,nodeGcor2,3.11.9,unknown,13158093,616,1,1,0.5470007658004761,pgexplainer,attribution,6,16,0.0,0.95,0.6243129074154503,1.0,1.0,10,10,1.0,0.004012939985841513,1.0,1.0,1.0,6
graph,2,2026-10-07T09:40:32,nodeGcor2,3.11.9,unknown,13158093,616,1,1,0.5470007658004761,integrated_gradients,attribution,6,16,0.0,0.97,0.5499014869121126,0.9714285714285715,0.7142857142857143,10,10,1.0,0.19818780291825533,0.9833333333333334,0.6666666666666666,0.8333333333333334,6
graph,2,2026-10-07T09:40:32,nodeGcor2,3.11.9,unknown,13158093,616,1,1,0.5470007658004761,lime,attribution,6,16,0.0,0.3,0.6509083031997979,0.6714285714285715,0.5,10,10,0.7142857142857143,0.0444545797072351,0.8333333333333333,0.31666666666666665,0.6666666666666666,6
graph,2,2026-10-07T09:40:32,nodeGcor2,3.11.9,unknown,13158093,616,1,1,0.5470007658004761,random,attribution,6,16,0.0,0.44,0.3293014493058495,0.20484848484848484,0.09090909090909091,10,10,0.3333333333333333,2.255663275718689e-05,0.5333333333333333,0.5333333333333333,0.3333333333333333,6
graph,2,2026-10-07T09:40:32,nodeGcor2,3.11.9,unknown,13158093,617,2,3,0.5216872692108154,gnnexplainer,attribution,6,251,0.32014904398197075,0.04,0.621177759884667,0.3666666666666667,0.3333333333333333,10,10,0.3333333333333333,0.41854896070435643,0.9659863945578231,0.9659863945578231,0.16666666666666666,6
graph,2,2026-10-07T09:40:32,nodeGcor2,3.11.9,unknown,13158093,617,2,3,0.5216872692108154,pgexplainer,attribution,6,251,0.9781688984227274,0.23,0.9342152106802613,0.8857142857142858,0.7142857142857143,10,10,1.0,0.004271728917956352,0.9959183673469388,0.9959183673469388,0.6666666666666666,6
graph,2,2026-10-07T09:40:32,nodeGcor2,3.11.9,unknown,13158093,617,2,3,0.5216872692108154,integrated_gradients,attribution,6,251,0.5759172451898655,0.48,0.9226142385811674,0.9142857142857143,0.7142857142857143,10,10,1.0,0.20429388200864196,0.9986394557823128,0.6653061224489795,0.8333333333333334,6
graph,2,2026-10-07T09:40:32,nodeGcor2,3.11.9,unknown,13158093,617,2,3,0.5216872692108154,lime,attribution,6,251,0.5759248119527607,0.32,0.48793867748838105,0.6714285714285715,0.5,10,10,0.5,0.07005002303048968,0.8469387755102041,0.7258503401360544,0.6666666666666666,6
graph,2,2026-10-07T09:40:32,nodeGcor2,3.11.9,unknown,13158093,617,2,3,0.5216872692108154,random,attribution,6,251,0.0,0.23,0.3330033487994353,0.04727272727272727,0.0,10,10,0.0,9.232200682163239e-06,0.3979591836734694,0.3979591836734694,0.0,6
graph,2,2026-10-07T09:40:32,nodeGcor2,3.11.9,unknown,13158093,619,3,3,0.8396003842353821,gnnexplainer,attribution,6,7,0.73649447017341,1.0,0.1426128828588219,1.0,1.0,10,10,1.0,0.43099274206906557,1.0,1.0,1.0,6
graph,2,2026-10-07T09:40:32,nodeGcor2,3.11.9,unknown,13158093,619,3,3,0.8396003842353821,pgexplainer,attribution,6,7,0.7364944888801112,1.0,0.0,1.0,1.0,10,10,1.0,0.004014851059764624,0.5,0.5,1.0,6
graph,2,2026-10-07T09:40:32,nodeGcor2,3.11.9,unknown,13158093,619,3,3,0.8396003842353821,integrated_gradients,attribution,6,7,0.7364944888801112,1.0,0.35561435793589313,1.0,1.0,10,10,1.0,0.1978831640444696,1.0,0.5,1.0,6
graph,2,2026-10-07T09:40:32,nodeGcor2,3.11.9,unknown,13158093,619,3,3,0.8396003842353821,lime,attribution,6,7,0.7364944888801112,1.0,0.285254667355871,0.7142857142857143,0.7142857142857143,10,10,1.0,0.04332053102552891,0.6666666666666666,0.8333333333333334,0.8333333333333334,6
graph,2,2026-10-07T09:40:32,nodeGcor2,3.11.9,unknown,13158093,619,3,3,0.8396003842353821,random,attribution,6,7,0.7364944888801112,1.0,0.3065988974654952,0.7428571428571429,0.7142857142857143,10,10,1.0,8.428934961557388e-06,1.0,1.0,1.0,6
graph,2,2026-10-07T09:40:32,nodeGcor2,3.11.9,unknown,13158093,622,2,2,0.35936933755874634,gnnexplainer,attribution,6,24,0.9744944221442537,0.49,0.44749520756757266,0.7142857142857143,0.7142857142857143,10,10,1.0,0.42268125200644135,0.9537037037037037,0.9537037037037037,0.8333333333333334,6
graph,2,2026-10-07T09:40:32,nodeGcor2,3.11.9,unknown,13158093,622,2,2,0.35936933755874634,pgexplainer,attribution,6,24,0.9744946191017049,0.0,0.7500001465262197,1.0,1.0,10,10,1.0,0.004069063346832991,1.0,1.0,1.0,6
graph,2,2026-10-07T09:40:32,nodeGcor2,3.11.9,unknown,13158093,622,2,2,0.35936933755874634,integrated_gradients,attribution,6,24,0.9744946191017049,0.01,0.7132170294610256,1.0,1.0,10,10,1.0,0.19890452083200216,0.9907407407407407,0.6574074074074076,0.8333333333333334,6
graph,2,2026-10-07T09:40:32,nodeGcor2,3.11.9,unknown,13158093,622,2,2,0.35936933755874634,lime,attribution,6,24,0.9744946191017049,0.0,0.5052281606838809,0.7142857142857143,0.7142857142857143,10,10,0.7142857142857143,0.0449809180572629,0.6851851851851851,0.6018518518518519,0.6666666666666666,6
graph,2,2026-10-07T09:40:32,nodeGcor2,3.11.9,unknown,13158093,622,2,2,0.35936933755874634,random,attribution,6,24,0.84344067832312,0.23,0.32403774668209895,0.11696969696969697,0.09090909090909091,10,10,0.3333333333333333,2.2652093321084976e-05,0.46296296296296297,0.46296296296296297,0.3333333333333333,6
graph,2,2026-10-07T09:40:32,nodeGcor2,3.11.9,unknown,13158093,631,1,1,0.8534621000289917,gnnexplainer,attribution,6,18,0.09886271298596767,0.99,0.4098239876238119,0.7142857142857143,0.7142857142857143,10,10,0.7142857142857143,0.4067157180979848,0.9166666666666666,0.9166666666666666,0.8333333333333334,6
graph,2,2026-10-07T09:40:32,nodeGcor2,3.11.9,unknown,13158093,631,1,1,0.8534621000289917,pgexplainer,attribution,6,18,0.15507588839090072,0.58,0.0,0.6095238095238096,0.3333333333333333,10,10,1.0,0.004015543032437563,0.5,0.5,0.0,6
graph,2,2026-10-07T09:40:32,nodeGcor2,3.11.9,unknown,13158093,631,1,1,0.8534621000289917,integrated_gradients,attribution,6,18,0.09885815276329014,0.49,0.5898736612112512,0.9142857142857143,0.7142857142857143,10,10,1.0,0.19771715020760894,0.9861111111111112,0.6527777777777778,0.8333333333333334,6
graph,2,2026-10-07T09:40:32,nodeGcor2,3.11.9,unknown,13158093,631,1,1,0.8534621000289917,lime,attribution,6,18,0.0988629017884829,0.98,0.549868822243767,0.6500000000000001,0.5,10,10,1.0,0.044658560305833817,0.9722222222222222,0.3611111111111111,0.8333333333333334,6
graph,2,2026-10-07T09:40:32,nodeGcor2,3.11.9,unknown,13158093,631,1,1,0.8534621000289917,random,attribution,6,18,0.0,0.66,0.38866666083975987,0.18484848484848485,0.0,10,10,0.09090909090909091,2.248212695121765e-05,0.11111111111111113,0.11111111111111113,0.0,6
graph,2,2026-10-07T09:40:32,nodeGcor2,3.11.9,unknown,13158093,632,2,3,0.46647655963897705,gnnexplainer,attribution,6,7,0.5257225174280472,1.0,0.1030084265761202,1.0,1.0,10,10,1.0,0.40622018091380596,1.0,1.0,1.0,6
graph,2,2026-10-07T09:40:32,nodeGcor2,3.11.9,unknown,13158093,632,2,3,0.46647655963897705,pgexplainer,attribution,6,7,0.5257225174280472,1.0,5.108969847178457e-08,1.0,1.0,10,10,1.0,0.003983322996646166,1.0,1.0,1.0,6
graph,2,2026-10-07T09:40:32,nodeGcor2,3.11.9,unknown,13158093,632,2,3,0.46647655963897705,integrated_gradients,attribution,6,7,0.5257225174280472,1.0,0.12890026333650484,1.0,1.0,10,10,1.0,0.19787019025534391,1.0,0.6666666666666666,1.0,6
graph,2,2026-10-07T09:40:32,nodeGcor2,3.11.9,unknown,13158093,632,2,3,0.46647655963897705,lime,attribution,6,7,0.5257309826073467,0.53,0.2732783684712359,0.7142857142857143,0.7142857142857143,10,10,1.0,0.043059540912508965,0.3333333333333333,0.8333333333333334,0.8333333333333334,6
graph,2,2026-10-07T09:40:32,nodeGcor2,3.11.9,unknown,13158093,632,2,3,0.46647655963897705,random,attribution,6,7,0.5257225174280472,0.49,0.3605703462924186,0.8,0.7142857142857143,10,10,0.7142857142857143,2.271123230457306e-05,0.5,0.5,0.8333333333333334,6
graph,2,2026-10-07T09:40:32,nodeGcor2,3.11.9,unknown,13158093,633,2,2,0.366521418094635,gnnexplainer,attribution,6,18,0.9749922078709315,0.0,0.4113334257438347,1.0,1.0,10,10,0.5,0.42566352616995573,0.9166666666666666,0.9166666666666666,0.8333333333333334,6
graph,2,2026-10-07T09:40:32,nodeGcor2,3.11.9,unknown,13158093,633,2,2,0.366521418094635,pgexplainer,attribution,6,18,0.9749924253850882,0.0,0.1468671594265717,1.0,1.0,9,7,1.0,0.003956533037126064,1.0,1.0,1.0,6
graph,2,2026-10-07T09:40:32,nodeGcor2,3.11.9,unknown,13158093,633,2,2,0.366521418094635,integrated_gradients,attribution,6,18,0.9749924253850882,0.0,0.6378672624685453,1.0,1.0,10,10,1.0,0.19850307190790772,0.9861111111111112,0.6527777777777778,0.8333333333333334,6
graph,2,2026-10-07T09:40:32,nodeGcor2,3.11.9,unknown,13158093,633,2,2,0.366521418094635,lime,attribution,6,18,0.974992232271793,0.13,0.530462716661235,0.33333333333333337,0.3333333333333333,10,10,0.5,0.044503015000373125,0.7916666666666667,0.5277777777777778,0.6666666666666666,6
graph,2,2026-10-07T09:40:32,nodeGcor2,3.11.9,unknown,13158093,633,2,2,0.366521418094635,random,attribution,6,18,0.41622367154315004,0.02,0.2978189979994821,0.18303030303030302,0.0,10,10,0.09090909090909091,8.58912244439125e-06,0.3194444444444444,0.3194444444444444,0.0,6
graph,2,2026-10-07T09:40:32,nodeGcor2,3.11.9,unknown,13158093,635,1,1,0.8463913798332214,gnnexplainer,attribution,6,26,0.09132915875797099,1.0,0.33647508571951434,0.9714285714285715,0.7142857142857143,10,10,0.7142857142857143,0.4171401420608163,0.9916666666666666,0.9916666666666666,0.8333333333333334,6
graph,2,2026-10-07T09:40:32,nodeGcor2,3.11.9,unknown,13158093,635,1,1,0.8463913798332214,pgexplainer,attribution,6,26,0.09133401145119664,1.0,0.5597738486940256,1.0,1.0,10,10,1.0,0.004150361754000187,1.0,1.0,1.0,6
graph,2,2026-10-07T09:40:32,nodeGcor2,3.11.9,unknown,13158093,635,1,1,0.8463913798332214,integrated_gradients,attribution,6,26,0.09133413943151064,1.0,0.6211696519571441,1.0,1.0,10,10,1.0,0.20282480167225003,0.975,0.325,0.8333333333333334,6
graph,2,2026-10-07T09:40:32,nodeGcor2,3.11.9,unknown,13158093,635,1,1,0.8463913798332214,lime,attribution,6,26,0.09132935072946721,0.52,0.5753217164506566,0.6928571428571428,0.7142857142857143,10,10,0.7142857142857143,0.04534314200282097,0.925,0.4916666666666667,0.8333333333333334,6
graph,2,2026-10-07T09:40:32,nodeGcor2,3.11.9,unknown,13158093,635,1,1,0.8463913798332214,random,attribution,6,26,0.0,0.54,0.2882082284061832,0.11454545454545453,0.0,10,10,0.0,2.27498821914196e-05,0.47500000000000003,0.47500000000000003,0.0,6
graph,2,2026-10-07T09:40:32,nodeGcor2,3.11.9,unknown,13158093,637,2,3,0.40074682235717773,gnnexplainer,attribution,6,7,0.4479329948450365,1.0,0.10201060087931246,1.0,1.0,10,10,1.0,0.40594309801235795,1.0,1.0,1.0,6
graph,2,2026-10-07T09:40:32,nodeGcor2,3.11.9,unknown,13158093,637,2,3,0.40074682235717773,pgexplainer,attribution,6,7,0.4479324200674181,1.0,0.0,1.0,1.0,10,10,1.0,0.0039628348313272,0.5,0.5,1.0,6
graph,2,2026-10-07T09:40:32,nodeGcor2,3.11.9,unknown,13158093,637,2,3,0.40074682235717773,integrated_gradients,attribution,6,7,0.4479324200674181,1.0,0.18709267029052856,1.0,1.0,10,10,1.0,0.19788396265357733,1.0,0.6666666666666666,1.0,6
graph,2,2026-10-07T09:40:32,nodeGcor2,3.11.9,unknown,13158093,637,2,3,0.40074682235717773,lime,attribution,6,7,0.4479324200674181,0.51,0.4413669515602331,0.7142857142857143,0.7142857142857143,10,10,1.0,0.043256024830043316,0.6666666666666666,0.6666666666666666,0.8333333333333334,6
graph,2,2026-10-07T09:40:32,nodeGcor2,3.11.9,unknown,13158093,637,2,3,0.40074682235717773,random,attribution,6,7,0.4479324200674181,1.0,0.29799530820521647,0.7714285714285716,0.7142857142857143,10,10,0.7142857142857143,2.2625084966421127e-05,0.0,0.0,0.8333333333333334,6
graph,2,2026-10-07T09:40:32,nodeGcor2,3.11.9,unknown,13158093,640,1,1,0.8592963218688965,gnnexplainer,attribution,6,36,0.10498051586230567,1.0,0.4700270301016378,0.7142857142857143,0.7142857142857143,10,10,0.7142857142857143,0.43174580903723836,0.9777777777777777,0.9777777777777777,0.8333333333333334,6
graph,2,2026-10-07T09:40:32,nodeGcor2,3.11.9,unknown,13158093,640,1,1,0.8592963218688965,pgexplainer,attribution,6,36,0.10498051586230567,1.0,0.8333333132392358,1.0,1.0,10,10,1.0,0.004178783856332302,1.0,1.0,1.0,6
graph,2,2026-10-07T09:40:32,nodeGcor2,3.11.9,unknown,13158093,640,1,1,0.8592963218688965,integrated_gradients,attribution,6,36,0.10497579907716098,0.46,0.735976842927186,0.9714285714285713,0.7142857142857143,10,10,1.0,0.20332989236339927,0.9777777777777779,0.6444444444444444,0.8333333333333334,6
graph,2,2026-10-07T09:40:32,nodeGcor2,3.11.9,unknown,13158093,640,1,1,0.8592963218688965,lime,attribution,6,36,0.1049805779448691,1.0,0.6490409021384471,1.0,0.7142857142857143,10,10,1.0,0.04596926271915436,1.0,0.3333333333333333,1.0,6
graph,2,2026-10-07T09:40:32,nodeGcor2,3.11.9,unknown,13158093,640,1,1,0.8592963218688965,random,attribution,6,36,0.583065528626722,0.52,0.32261296978891774,0.05818181818181818,0.0,10,10,0.0,2.4857930839061737e-05,0.6777777777777778,0.6777777777777778,0.16666666666666666,6
graph,2,2026-10-07T09:40:32,nodeGcor2,3.11.9,unknown,13158093,641,1,0,0.3668798506259918,gnnexplainer,attribution,6,796,0.0,0.46,0.6571729730847811,0.10363636363636364,0.0,10,10,0.09090909090909091,0.437719504814595,0.9850210970464135,0.9850210970464135,0.16666666666666666,6
graph,2,2026-10-07T09:40:32,nodeGcor2,3.11.9,unknown,13158093,641,1,0,0.3668798506259918,pgexplainer,attribution,6,796,0.0,0.46,0.9439619602700189,0.7357142857142858,0.0,10,10,1.0,0.004219836089760065,0.989873417721519,0.989873417721519,0.0,6
graph,2,2026-10-07T09:40:32,nodeGcor2,3.11.9,unknown,13158093,641,1,0,0.3668798506259918,integrated_gradients,attribution,6,796,0.9986136250997225,0.85,0.8338880422561603,1.0,1.0,10,10,1.0,0.20517957117408514,0.9953586497890295,0.6624472573839661,0.8333333333333334,6
graph,2,2026-10-07T09:40:32,nodeGcor2,3.11.9,unknown,13158093,641,1,0,0.3668798506259918,lime,attribution,6,796,0.9266850826025284,0.83,0.43805792006618227,0.09090909090909091,0.09090909090909091,10,10,0.2,0.23441227804869413,0.7040084388185655,0.4236286919831223,0.16666666666666666,6
graph,2,2026-10-07T09:40:32,nodeGcor2,3.11.9,unknown,13158093,641,1,0,0.3668798506259918,random,attribution,6,796,0.23706723373200445,0.43,0.32797881072587054,0.0,0.0,10,10,0.0,1.5750061720609665e-05,0.6799578059071729,0.6799578059071729,0.0,6
graph,2,2026-10-07T09:40:32,nodeGcor2,3.11.9,unknown,13158093,642,2,0,0.3675605356693268,gnnexplainer,attribution,6,36,0.9268213402478379,0.23,0.598833437359185,0.00909090909090909,0.09090909090909091,10,10,0.2,0.4362653433345258,0.8333333333333333,0.8333333333333333,0.16666666666666666,6
graph,2,2026-10-07T09:40:32,nodeGcor2,3.11.9,unknown,13158093,642,2,0,0.3675605356693268,pgexplainer,attribution,6,36,0.9986161979199859,0.43,0.8980866913269511,1.0,1.0,10,10,1.0,0.004158069845288992,1.0,1.0,1.0,6
graph,2,2026-10-07T09:40:32,nodeGcor2,3.11.9,unknown,13158093,642,2,0,0.3675605356693268,integrated_gradients,attribution,6,36,0.9986161987053892,0.4,0.8040691409722682,1.0,1.0,10,10,1.0,0.20021325815469027,0.9722222222222222,0.6444444444444444,0.8333333333333334,6
graph,2,2026-10-07T09:40:32,nodeGcor2,3.11.9,unknown,13158093,642,2,0,0.3675605356693268,lime,attribution,6,36,0.9986161992663909,0.64,0.6289989275139727,0.7142857142857143,0.7142857142857143,10,10,0.7142857142857143,0.045692028012126684,0.6888888888888889,0.6111111111111112,0.6666666666666666,6
graph,2,2026-10-07T09:40:32,nodeGcor2,3.11.9,unknown,13158093,642,2,0,0.3675605356693268,random,attribution,6,36,0.0,0.1,0.3526030308070731,0.11696969696969697,0.0,10,10,0.2,2.1657906472682953e-05,0.5333333333333333,0.5333333333333333,0.0,6
graph,2,2026-10-07T09:40:32,nodeGcor2,3.11.9,unknown,13158093,646,1,1,0.9106757044792175,gnnexplainer,attribution,6,7,0.15547736923329966,1.0,0.10617704751006762,1.0,1.0,10,10,1.0,0.41486627003178,1.0,1.0,1.0,6
graph,2,2026-10-07T09:40:32,nodeGcor2,3.11.9,unknown,13158093,646,1,1,0.9106757044792175,pgexplainer,attribution,6,7,0.15547736923329966,1.0,0.0,1.0,1.0,10,10,1.0,0.0039652870036661625,0.5,0.5,1.0,6
graph,2,2026-10-07T09:40:32,nodeGcor2,3.11.9,unknown,13158093,646,1,1,0.9106757044792175,integrated_gradients,attribution,6,7,0.15547311491764004,0.43,0.2561066948788038,0.7142857142857143,0.7142857142857143,10,10,1.0,0.196309519931674,0.5,0.16666666666666666,0.8333333333333334,6
graph,2,2026-10-07T09:40:32,nodeGcor2,3.11.9,unknown,13158093,646,1,1,0.9106757044792175,lime,attribution,6,7,0.15547725868356665,1.0,0.35836851020857863,0.7142857142857143,0.7142857142857143,10,10,0.7142857142857143,0.042972864117473364,0.5,0.3333333333333333,0.8333333333333334,6
graph,2,2026-10-07T09:40:32,nodeGcor2,3.11.9,unknown,13158093,646,1,1,0.9106757044792175,random,attribution,6,7,0.15547736923329966,1.0,0.24349613387051783,0.7714285714285716,0.7142857142857143,10,10,0.7142857142857143,2.225581556558609e-05,0.3333333333333333,0.3333333333333333,0.8333333333333334,6
graph,2,2026-10-07T09:40:32,nodeGcor2,3.11.9,unknown,13158093,649,3,3,0.8396003842353821,gnnexplainer,attribution,6,7,0.73649447017341,1.0,0.13922807178390306,1.0,1.0,10,10,1.0,0.41826719185337424,1.0,1.0,1.0,6
graph,2,2026-10-07T09:40:32,nodeGcor2,3.11.9,unknown,13158093,649,3,3,0.8396003842353821,pgexplainer,attribution,6,7,0.73649447017341,1.0,0.0,1.0,1.0,10,10,1.0,0.0039818440563976765,0.5,0.5,1.0,6
graph,2,2026-10-07T09:40:32,nodeGcor2,3.11.9,unknown,13158093,649,3,3,0.8396003842353821,integrated_gradients,attribution,6,7,0.73649447017341,1.0,0.3556143908793783,1.0,1.0,10,10,1.0,0.1957883108407259,1.0,0.5,1.0,6
graph,2,2026-10-07T09:40:32,nodeGcor2,3.11.9,unknown,13158093,649,3,3,0.8396003842353821,lime,attribution,6,7,0.7364944888801112,1.0,0.37991216167234054,0.7142857142857143,0.7142857142857143,10,10,1.0,0.04298361809924245,0.6666666666666666,0.8333333333333334,0.8333333333333334,6
graph,2,2026-10-07T09:40:32,nodeGcor2,3.11.9,unknown,13158093,649,3,3,0.8396003842353821,random,attribution,6,7,0.7364944888801112,1.0,0.26581754906812904,0.7428571428571429,0.7142857142857143,10,10,0.7142857142857143,2.1697022020816803e-05,0.8333333333333334,0.8333333333333334,0.8333333333333334,6
graph,2,2026-10-07T09:40:32,nodeGcor2,3.11.9,unknown,13158093,651,1,1,0.9106757044792175,gnnexplainer,attribution,6,7,0.15547736923329966,1.0,0.10617704751006762,1.0,1.0,10,10,1.0,0.41979212081059813,1.0,1.0,1.0,6
graph,2,2026-10-07T09:40:32,nodeGcor2,3.11.9,unknown,13158093,651,1,1,0.9106757044792175,pgexplainer,attribution,6,7,0.15547725868356665,1.0,0.0,1.0,1.0,10,10,1.0,0.003952153958380222,0.5,0.5,1.0,6
graph,2,2026-10-07T09:40:32,nodeGcor2,3.11.9,unknown,13158093,651,1,1,0.9106757044792175,integrated_gradients,attribution,6,7,0.15547311491764004,0.49,0.2561066668514461,0.7142857142857143,0.7142857142857143,10,10,1.0,0.19642403908073902,0.5,0.16666666666666666,0.8333333333333334,6
graph,2,2026-10-07T09:40:32,nodeGcor2,3.11.9,unknown,13158093,651,1,1,0.9106757044792175,lime,attribution,6,7,0.15547736923329966,1.0,0.3583685172064609,0.7142857142857143,0.7142857142857143,10,10,0.7142857142857143,0.043030109256505966,0.5,0.3333333333333333,0.8333333333333334,6
graph,2,2026-10-07T09:40:32,nodeGcor2,3.11.9,unknown,13158093,651,1,1,0.9106757044792175,random,attribution,6,7,0.15547300436735012,1.0,0.07212766155773731,0.7142857142857143,0.7142857142857143,10,10,0.7142857142857143,8.524861186742783e-06,0.6666666666666666,0.6666666666666666,0.8333333333333334,6
graph,2,2026-10-07T09:40:32,nodeGcor2,3.11.9,unknown,13158093,652,2,3,0.8314973711967468,gnnexplainer,attribution,6,22,0.7339325259241487,0.45,0.28962844275939026,0.7142857142857143,0.7142857142857143,10,10,1.0,0.42788180289790034,0.9479166666666666,0.9479166666666666,0.8333333333333334,6
graph,2,2026-10-07T09:40:32,nodeGcor2,3.11.9,unknown,13158093,652,2,3,0.8314973711967468,pgexplainer,attribution,6,22,0.7339276300707646,1.0,0.7274845314658906,1.0,1.0,10,10,1.0,0.004118391312658787,1.0,1.0,1.0,6
graph,2,2026-10-07T09:40:32,nodeGcor2,3.11.9,unknown,13158093,652,2,3,0.8314973711967468,integrated_gradients,attribution,6,22,0.7339275728517655,1.0,0.6950574049275944,0.8857142857142858,0.7142857142857143,10,10,1.0,0.20137672405689955,0.9479166666666666,0.6458333333333334,0.8333333333333334,6
graph,2,2026-10-07T09:40:32,nodeGcor2,3.11.9,unknown,13158093,652,2,3,0.8314973711967468,lime,attribution,6,22,0.7339275728517655,0.67,0.6391305653535049,0.7142857142857143,0.7142857142857143,10,10,0.5,0.04475678829476237,0.8541666666666666,0.7083333333333333,0.8333333333333334,6
graph,2,2026-10-07T09:40:32,nodeGcor2,3.11.9,unknown,13158093,652,2,3,0.8314973711967468,random,attribution,6,22,0.8516646103067788,0.39,0.3847975649658745,0.15393939393939393,0.0,10,10,0.5,2.1588988602161407e-05,0.6145833333333333,0.6145833333333333,0.5,6
graph,2,2026-10-07T09:40:32,nodeGcor2,3.11.9,unknown,13158093,654,3,3,0.8396003246307373,gnnexplainer,attribution,6,7,0.73649447017341,1.0,0.13922807178390306,1.0,1.0,10,10,1.0,0.41465122625231743,1.0,1.0,1.0,6
graph,2,2026-10-07T09:40:32,nodeGcor2,3.11.9,unknown,13158093,654,3,3,0.8396003246307373,pgexplainer,attribution,6,7,0.73649447017341,1.0,0.0,1.0,1.0,10,10,1.0,0.003990625962615013,0.5,0.5,1.0,6
graph,2,2026-10-07T09:40:32,nodeGcor2,3.11.9,unknown,13158093,654,3,3,0.8396003246307373,integrated_gradients,attribution,6,7,0.7364944888801112,1.0,0.35561439353438573,1.0,1.0,10,10,1.0,0.19625054206699133,1.0,0.5,1.0,6
graph,2,2026-10-07T09:40:32,nodeGcor2,3.11.9,unknown,13158093,654,3,3,0.8396003246307373,lime,attribution,6,7,0.7364944888801112,1.0,0.3799121596088222,0.7142857142857143,0.7142857142857143,10,10,1.0,0.04301174869760871,0.6666666666666666,0.8333333333333334,0.8333333333333334,6
graph,2,2026-10-07T09:40:32,nodeGcor2,3.11.9,unknown,13158093,654,3,3,0.8396003246307373,random,attribution,6,7,0.73649447017341,1.0,0.11708590122535745,0.7428571428571429,0.7142857142857143,10,10,0.7142857142857143,2.2252090275287628e-05,0.3333333333333333,0.3333333333333333,0.8333333333333334,6
graph,2,2026-10-07T09:40:32,nodeGcor2,3.11.9,unknown,13158093,655,1,1,0.5606231689453125,gnnexplainer,attribution,6,319,0.0,0.33,0.6396423817568172,0.1890909090909091,0.09090909090909091,10,10,0.2,0.429079822730273,0.9728434504792334,0.9728434504792334,0.16666666666666666,6
graph,2,2026-10-07T09:40:32,nodeGcor2,3.11.9,unknown,13158093,655,1,1,0.5606231689453125,pgexplainer,attribution,6,319,0.12788155300003445,0.48,0.8904264248658978,0.8214285714285714,0.0,10,10,1.0,0.0041873822920024395,0.9856230031948882,0.9856230031948882,0.0,6
graph,2,2026-10-07T09:40:32,nodeGcor2,3.11.9,unknown,13158093,655,1,1,0.5606231689453125,integrated_gradients,attribution,6,319,0.0,0.27,0.7766807718632349,0.9714285714285713,0.5,10,10,1.0,0.20211566798388958,0.9850905218317358,0.6640042598509052,0.6666666666666666,6
graph,2,2026-10-07T09:40:32,nodeGcor2,3.11.9,unknown,13158093,655,1,1,0.5606231689453125,lime,attribution,6,319,0.0,0.17,0.45898218135730406,0.35,0.3333333333333333,10,10,0.3333333333333333,0.18973319418728352,0.9419595314164004,0.49201277955271566,0.3333333333333333,6
graph,2,2026-10-07T09:40:32,nodeGcor2,3.11.9,unknown,13158093,655,1,1,0.5606231689453125,random,attribution,6,319,0.06833918403963893,0.47,0.3453896913859744,0.01818181818181818,0.0,10,10,0.0,2.3881904780864716e-05,0.5159744408945687,0.5159744408945687,0.0,6
graph,2,2026-10-07T09:40:32,nodeGcor2,3.11.9,unknown,13158093,656,1,1,0.7710695266723633,gnnexplainer,attribution,6,19,0.002571580170192582,1.0,0.3200408767862635,0.7142857142857143,0.7142857142857143,10,10,0.7142857142857143,0.4292092341929674,1.0,1.0,1.0,6
graph,2,2026-10-07T09:40:32,nodeGcor2,3.11.9,unknown,13158093,656,1,1,0.7710695266723633,pgexplainer,attribution,6,19,0.002571580170192582,1.0,0.6779427851867287,1.0,1.0,10,10,1.0,0.003949117846786976,1.0,1.0,1.0,6
graph,2,2026-10-07T09:40:32,nodeGcor2,3.11.9,unknown,13158093,656,1,1,0.7710695266723633,integrated_gradients,attribution,6,19,0.002571580170192582,1.0,0.6135218063898854,1.0,1.0,10,10,1.0,0.19610321009531617,1.0,0.6666666666666665,1.0,6
graph,2,2026-10-07T09:40:32,nodeGcor2,3.11.9,unknown,13158093,656,1,1,0.7710695266723633,lime,attribution,6,19,0.002571580170192582,1.0,0.5246555039713066,0.7142857142857143,0.7142857142857143,10,10,1.0,0.04446796793490648,1.0,0.3333333333333333,1.0,6
graph,2,2026-10-07T09:40:32,nodeGcor2,3.11.9,unknown,13158093,656,1,1,0.7710695266723633,random,attribution,6,19,0.0025663236862423283,0.44,0.3281642393685682,0.2106060606060606,0.0,10,10,0.2,8.518807590007782e-06,0.7051282051282052,0.7051282051282052,0.5,6
graph,2,2026-10-07T09:40:32,nodeGcor2,3.11.9,unknown,13158093,660,1,1,0.6700707674026489,gnnexplainer,attribution,6,23,0.0,0.51,0.2901155439694477,0.7142857142857143,0.7142857142857143,10,10,0.7142857142857143,0.43079522997140884,0.9803921568627451,0.9803921568627451,0.8333333333333334,6
graph,2,2026-10-07T09:40:32,nodeGcor2,3.11.9,unknown,13158093,660,1,1,0.6700707674026489,pgexplainer,attribution,6,23,0.0,1.0,0.7105059739815627,1.0,1.0,10,10,1.0,0.0041121081449091434,1.0,1.0,1.0,6
graph,2,2026-10-07T09:40:32,nodeGcor2,3.11.9,unknown,13158093,660,1,1,0.6700707674026489,integrated_gradients,attribution,6,23,0.0,0.99,0.6267810309922334,1.0,1.0,10,10,1.0,0.20020814426243305,1.0,0.6666666666666666,1.0,6
graph,2,2026-10-07T09:40:32,nodeGcor2,3.11.9,unknown,13158093,660,1,1,0.6700707674026489,lime,attribution,6,23,0.0,0.32,0.6538014069625073,0.7142857142857143,0.5,10,10,0.7142857142857143,0.0447272970341146,0.8627450980392157,0.3529411764705882,0.6666666666666666,6
graph,2,2026-10-07T09:40:32,nodeGcor2,3.11.9,unknown,13158093,660,1,1,0.6700707674026489,random,attribution,6,23,0.0,0.73,0.4185325463762303,0.12727272727272726,0.0,10,10,0.3333333333333333,2.2197142243385315e-05,0.5784313725490196,0.5784313725490196,0.5,6
graph,2,2026-10-07T09:40:32,nodeGcor2,3.11.9,unknown,13158093,661,1,1,0.910675585269928,gnnexplainer,attribution,6,7,0.15547725868356665,1.0,0.10617704751006762,1.0,1.0,10,10,1.0,0.41904599964618683,1.0,1.0,1.0,6
graph,2,2026-10-07T09:40:32,nodeGcor2,3.11.9,unknown,13158093,661,1,1,0.910675585269928,pgexplainer,attribution,6,7,0.15547736923329966,1.0,0.0,1.0,1.0,10,10,1.0,0.003942729905247688,0.5,0.5,1.0,6
graph,2,2026-10-07T09:40:32,nodeGcor2,3.11.9,unknown,13158093,661,1,1,0.910675585269928,integrated_gradients,attribution,6,7,0.15547300436735012,0.59,0.25610672560379866,0.7142857142857143,0.7142857142857143,10,10,1.0,0.1959502287209034,0.5,0.16666666666666666,0.8333333333333334,6
graph,2,2026-10-07T09:40:32,nodeGcor2,3.11.9,unknown,13158093,661,1,1,0.910675585269928,lime,attribution,6,7,0.15547725868356665,1.0,0.3583685307603801,0.7142857142857143,0.7142857142857143,10,10,0.7142857142857143,0.042910908348858356,0.5,0.3333333333333333,0.8333333333333334,6
graph,2,2026-10-07T09:40:32,nodeGcor2,3.11.9,unknown,13158093,661,1,1,0.910675585269928,random,attribution,6,7,0.15547311491764004,0.46,0.30652151613733614,0.7428571428571429,0.7142857142857143,10,10,0.7142857142857143,2.2280961275100708e-05,0.5,0.5,0.8333333333333334,6
graph,2,2026-10-07T09:40:32,nodeGcor2,3.11.9,unknown,13158093,664,3,3,0.8396003842353821,gnnexplainer,attribution,6,7,0.7364944888801112,1.0,0.13922807183331432,1.0,1.0,10,10,1.0,0.4161386350169778,1.0,1.0,1.0,6
graph,2,2026-10-07T09:40:32,nodeGcor2,3.11.9,unknown,13158093,664,3,3,0.8396003842353821,pgexplainer,attribution,6,7,0.73649447017341,1.0,0.0,1.0,1.0,10,10,1.0,0.003962531685829163,0.5,0.5,1.0,6
graph,2,2026-10-07T09:40:32,nodeGcor2,3.11.9,unknown,13158093,664,3,3,0.8396003842353821,integrated_gradients,attribution,6,7,0.73649447017341,1.0,0.35561437023115194,1.0,1.0,10,10,1.0,0.19539827993139625,1.0,0.5,1.0,6
graph,2,2026-10-07T09:40:32,nodeGcor2,3.11.9,unknown,13158093,664,3,3,0.8396003842353821,lime,attribution,6,7,0.73649447017341,1.0,0.3799121540657949,0.7142857142857143,0.7142857142857143,10,10,1.0,0.042915410827845335,0.6666666666666666,0.8333333333333334,0.8333333333333334,6
graph,2,2026-10-07T09:40:32,nodeGcor2,3.11.9,unknown,13158093,664,3,3,0.8396003842353821,random,attribution,6,7,0.73649447017341,1.0,0.30330228407752413,0.7142857142857143,0.7142857142857143,10,10,1.0,2.209097146987915e-05,1.0,1.0,1.0,6
graph,2,2026-10-07T09:40:32,nodeGcor2,3.11.9,unknown,13158093,665,1,1,0.7127258777618408,gnnexplainer,attribution,6,13,0.0,1.0,0.23229716338440198,0.7428571428571429,0.7142857142857143,10,10,0.7142857142857143,0.4176921518519521,1.0,1.0,1.0,6
graph,2,2026-10-07T09:40:32,nodeGcor2,3.11.9,unknown,13158093,665,1,1,0.7127258777618408,pgexplainer,attribution,6,13,0.0,0.51,0.25789618840674855,0.6071428571428572,0.5,10,10,1.0,0.0039022709242999554,0.9285714285714286,0.9285714285714286,0.8333333333333334,6
graph,2,2026-10-07T09:40:32,nodeGcor2,3.11.9,unknown,13158093,665,1,1,0.7127258777618408,integrated_gradients,attribution,6,13,0.0,1.0,0.5249067253724131,1.0,1.0,10,10,1.0,0.1962200361303985,1.0,0.6666666666666666,1.0,6
graph,2,2026-10-07T09:40:32,nodeGcor2,3.11.9,unknown,13158093,665,1,1,0.7127258777618408,lime,attribution,6,13,0.0,0.43,0.489305257038962,0.8285714285714286,0.7142857142857143,10,10,0.7142857142857143,0.04402434499934316,0.9523809523809524,0.38095238095238093,0.8333333333333334,6
graph,2,2026-10-07T09:40:32,nodeGcor2,3.11.9,unknown,13158093,665,1,1,0.7127258777618408,random,attribution,6,13,0.27797369718841963,0.14,0.3655260261453692,0.34,0.2,10,10,0.5,8.484814316034317e-06,0.5714285714285714,0.5714285714285714,0.5,6
graph,2,2026-10-07T09:40:32,nodeGcor2,3.11.9,unknown,13158093,667,2,0,0.4257388412952423,gnnexplainer,attribution,6,13,0.9988052977403395,0.02,0.4244131179130707,0.33333333333333337,0.3333333333333333,10,10,0.5,0.40274234861135483,0.8333333333333334,0.8333333333333334,0.6666666666666666,6
graph,2,2026-10-07T09:40:32,nodeGcor2,3.11.9,unknown,13158093,667,2,0,0.4257388412952423,pgexplainer,attribution,6,13,0.9988052977403395,0.06,0.5501724941207509,1.0,1.0,7,10,1.0,0.003983329050242901,1.0,1.0,1.0,6
graph,2,2026-10-07T09:40:32,nodeGcor2,3.11.9,unknown,13158093,667,2,0,0.4257388412952423,integrated_gradients,attribution,6,13,0.9988052977403395,0.04,0.6481337014666164,1.0,1.0,3,10,1.0,0.1964838169515133,0.9047619047619048,0.7380952380952381,0.8333333333333334,6
graph,2,2026-10-07T09:40:32,nodeGcor2,3.11.9,unknown,13158093,667,2,0,0.4257388412952423,lime,attribution,6,13,0.9988052977403395,0.39,0.5689576130710208,0.7142857142857143,0.7142857142857143,7,5,1.0,0.04439113009721041,0.7857142857142857,0.5714285714285715,0.6666666666666666,6
graph,2,2026-10-07T09:40:32,nodeGcor2,3.11.9,unknown,13158093,667,2,0,0.4257388412952423,random,attribution,6,13,0.0,0.08,0.3192128224846721,0.2740740740740741,0.09090909090909091,9,8,0.09090909090909091,2.240808680653572e-05,0.38095238095238093,0.38095238095238093,0.3333333333333333,6
graph,2,2026-10-07T09:40:32,nodeGcor2,3.11.9,unknown,13158093,668,2,3,0.46647655963897705,gnnexplainer,attribution,6,7,0.5257225174280472,1.0,0.14963514702593017,1.0,1.0,10,10,1.0,0.412560501601547,1.0,1.0,1.0,6
graph,2,2026-10-07T09:40:32,nodeGcor2,3.11.9,unknown,13158093,668,2,3,0.46647655963897705,pgexplainer,attribution,6,7,0.5257225174280472,1.0,5.108969847178457e-08,1.0,1.0,10,10,1.0,0.003955697640776634,1.0,1.0,1.0,6
graph,2,2026-10-07T09:40:32,nodeGcor2,3.11.9,unknown,13158093,668,2,3,0.46647655963897705,integrated_gradients,attribution,6,7,0.5257225174280472,1.0,0.1289003105291009,1.0,1.0,10,10,1.0,0.19599783699959517,1.0,0.6666666666666666,1.0,6
graph,2,2026-10-07T09:40:32,nodeGcor2,3.11.9,unknown,13158093,668,2,3,0.46647655963897705,lime,attribution,6,7,0.5257309826073467,0.54,0.2210235346853765,0.7142857142857143,0.7142857142857143,10,10,1.0,0.04283866984769702,0.5,0.8333333333333334,0.8333333333333334,6
graph,2,2026-10-07T09:40:32,nodeGcor2,3.11.9,unknown,13158093,668,2,3,0.46647655963897705,random,attribution,6,7,0.5257309826073467,0.52,0.22761385894956854,0.7714285714285716,0.7142857142857143,10,10,0.7142857142857143,2.132309600710869e-05,0.0,0.0,0.8333333333333334,6
graph,2,2026-10-07T09:40:32,nodeGcor2,3.11.9,unknown,13158093,671,1,1,0.8043836355209351,gnnexplainer,attribution,6,15,0.04388146953331715,0.94,0.3447023397587208,0.7142857142857143,0.7142857142857143,10,10,0.7142857142857143,0.4176825238391757,0.9259259259259259,0.9259259259259259,0.8333333333333334,6
graph,2,2026-10-07T09:40:32,nodeGcor2,3.11.9,unknown,13158093,671,1,1,0.8043836355209351,pgexplainer,attribution,6,15,0.37467381323443893,0.32,0.032186253562882405,0.5085714285714287,0.2,10,10,1.0,0.003956919070333242,0.7222222222222222,0.7222222222222222,0.3333333333333333,6
graph,2,2026-10-07T09:40:32,nodeGcor2,3.11.9,unknown,13158093,671,1,1,0.8043836355209351,integrated_gradients,attribution,6,15,0.043881682077547536,1.0,0.5496635944444523,1.0,1.0,10,10,1.0,0.19597640074789524,1.0,0.6666666666666666,1.0,6
graph,2,2026-10-07T09:40:32,nodeGcor2,3.11.9,unknown,13158093,671,1,1,0.8043836355209351,lime,attribution,6,15,0.04388132783711106,1.0,0.4964454027666986,0.7714285714285715,0.7142857142857143,10,10,0.7142857142857143,0.04403758514672518,1.0,0.3333333333333333,1.0,6
graph,2,2026-10-07T09:40:32,nodeGcor2,3.11.9,unknown,13158093,671,1,1,0.8043836355209351,random,attribution,6,15,0.999994603498774,0.75,0.3257498439179901,0.2390909090909091,0.0,10,10,0.2,2.1517276763916016e-05,0.5555555555555556,0.5555555555555556,0.5,6
graph,2,2026-10-07T09:40:32,nodeGcor2,3.11.9,unknown,13158093,673,2,3,0.40309938788414,gnnexplainer,attribution,6,15,0.4511632047245195,0.42,0.34990805871853414,0.9714285714285713,0.7142857142857143,10,10,0.7142857142857143,0.4028164083138108,0.9259259259259259,0.9259259259259259,0.8333333333333334,6
graph,2,2026-10-07T09:40:32,nodeGcor2,3.11.9,unknown,13158093,673,2,3,0.40309938788414,pgexplainer,attribution,6,15,0.451153223720219,0.96,0.4783191241420569,1.0,1.0,10,10,1.0,0.00402023596689105,1.0,1.0,1.0,6
graph,2,2026-10-07T09:40:32,nodeGcor2,3.11.9,unknown,13158093,673,2,3,0.40309938788414,integrated_gradients,attribution,6,15,0.451153223720219,0.61,0.6296170998380656,0.9428571428571428,1.0,10,10,1.0,0.19679085817188025,0.9629629629629629,0.37037037037037035,0.8333333333333334,6
graph,2,2026-10-07T09:40:32,nodeGcor2,3.11.9,unknown,13158093,673,2,3,0.40309938788414,lime,attribution,6,15,0.4511632047245195,0.54,0.5987297606414246,0.7142857142857143,0.7142857142857143,10,10,0.7142857142857143,0.04448651568964124,0.8703703703703705,0.6111111111111112,0.8333333333333334,6
graph,2,2026-10-07T09:40:32,nodeGcor2,3.11.9,unknown,13158093,673,2,3,0.40309938788414,random,attribution,6,15,0.9358346278449466,0.39,0.2685052865509969,0.27484848484848484,0.09090909090909091,10,10,0.3333333333333333,9.457115083932877e-06,0.42592592592592593,0.42592592592592593,0.16666666666666666,6
graph,2,2026-10-07T09:40:32,nodeGcor2,3.11.9,unknown,13158093,676,1,1,0.7235483527183533,gnnexplainer,attribution,6,19,0.0,1.0,0.27790214522534895,0.7142857142857143,0.7142857142857143,10,10,0.7142857142857143,0.41300684586167336,1.0,1.0,1.0,6
graph,2,2026-10-07T09:40:32,nodeGcor2,3.11.9,unknown,13158093,676,1,1,0.7235483527183533,pgexplainer,attribution,6,19,0.0,1.0,0.6841965876869107,1.0,1.0,10,10,1.0,0.003962183836847544,1.0,1.0,1.0,6
graph,2,2026-10-07T09:40:32,nodeGcor2,3.11.9,unknown,13158093,676,1,1,0.7235483527183533,integrated_gradients,attribution,6,19,0.0,1.0,0.6284876226866479,1.0,1.0,10,10,1.0,0.1965491482988,1.0,0.6666666666666666,1.0,6
graph,2,2026-10-07T09:40:32,nodeGcor2,3.11.9,unknown,13158093,676,1,1,0.7235483527183533,lime,attribution,6,19,0.0,0.61,0.5371614953960199,0.9714285714285715,0.7142857142857143,10,10,1.0,0.044262934010475874,0.9871794871794872,0.34615384615384615,0.8333333333333334,6
graph,2,2026-10-07T09:40:32,nodeGcor2,3.11.9,unknown,13158093,676,1,1,0.7235483527183533,random,attribution,6,19,0.8264287267703698,0.35,0.3805097654251617,0.23484848484848486,0.0,10,10,0.09090909090909091,2.1373853087425232e-05,0.6538461538461539,0.6538461538461539,0.3333333333333333,6
graph,2,2026-10-07T09:40:32,nodeGcor2,3.11.9,unknown,13158093,680,1,1,0.8250182867050171,gnnexplainer,attribution,6,21,0.06779405337958455,1.0,0.34793127573297,0.7142857142857143,0.7142857142857143,10,10,0.7142857142857143,0.41124880826100707,0.9666666666666667,0.9666666666666667,0.8333333333333334,6
graph,2,2026-10-07T09:40:32,nodeGcor2,3.11.9,unknown,13158093,680,1,1,0.8250182867050171,pgexplainer,attribution,6,21,0.06779405337958455,0.99,0.4282039441841705,0.8857142857142856,0.7142857142857143,10,10,1.0,0.004036605823785067,1.0,1.0,1.0,6
graph,2,2026-10-07T09:40:32,nodeGcor2,3.11.9,unknown,13158093,680,1,1,0.8250182867050171,integrated_gradients,attribution,6,21,0.06779445747087656,1.0,0.5666039645515358,1.0,1.0,10,10,1.0,0.19824276491999626,0.9777777777777777,0.33333333333333337,0.8333333333333334,6
graph,2,2026-10-07T09:40:32,nodeGcor2,3.11.9,unknown,13158093,680,1,1,0.8250182867050171,lime,attribution,6,21,0.06779405337958455,0.99,0.5372037078140453,1.0,0.7142857142857143,10,10,0.7142857142857143,0.04481167299672961,1.0,0.5,1.0,6
graph,2,2026-10-07T09:40:32,nodeGcor2,3.11.9,unknown,13158093,680,1,1,0.8250182867050171,random,attribution,6,21,0.0,0.67,0.3749766331162543,0.16242424242424242,0.09090909090909091,10,10,0.3333333333333333,2.216501161456108e-05,0.6444444444444444,0.6444444444444444,0.3333333333333333,6
graph,2,2026-10-07T09:40:32,nodeGcor2,3.11.9,unknown,13158093,682,2,3,0.40074723958969116,gnnexplainer,attribution,6,7,0.4479324200674181,1.0,0.10201060087931246,1.0,1.0,10,10,1.0,0.4169424776919186,1.0,1.0,1.0,6
graph,2,2026-10-07T09:40:32,nodeGcor2,3.11.9,unknown,13158093,682,2,3,0.40074723958969116,pgexplainer,attribution,6,7,0.4479324200674181,1.0,0.0,1.0,1.0,10,10,1.0,0.004006733186542988,0.5,0.5,1.0,6
graph,2,2026-10-07T09:40:32,nodeGcor2,3.11.9,unknown,13158093,682,2,3,0.40074723958969116,integrated_gradients,attribution,6,7,0.4479324200674181,1.0,0.18709254145812093,1.0,1.0,10,10,1.0,0.19776075519621372,1.0,0.6666666666666666,1.0,6
graph,2,2026-10-07T09:40:32,nodeGcor2,3.11.9,unknown,13158093,682,2,3,0.40074723958969116,lime,attribution,6,7,0.4479324200674181,0.45,0.4413669762642525,0.7142857142857143,0.7142857142857143,10,10,1.0,0.04318832512944937,0.6666666666666666,0.6666666666666666,0.8333333333333334,6
graph,2,2026-10-07T09:40:32,nodeGcor2,3.11.9,unknown,13158093,682,2,3,0.40074723958969116,random,attribution,6,7,0.4479329948450365,1.0,0.2885703213016628,0.7142857142857143,0.7142857142857143,10,10,0.7142857142857143,2.2312160581350327e-05,1.0,1.0,1.0,6
graph,2,2026-10-07T09:40:32,nodeGcor2,3.11.9,unknown,13158093,683,2,3,0.40074682235717773,gnnexplainer,attribution,6,7,0.4479329948450365,1.0,0.14591505536395366,1.0,1.0,10,10,1.0,0.42593793477863073,1.0,1.0,1.0,6
graph,2,2026-10-07T09:40:32,nodeGcor2,3.11.9,unknown,13158093,683,2,3,0.40074682235717773,pgexplainer,attribution,6,7,0.4479329948450365,1.0,0.0,1.0,1.0,10,10,1.0,0.004007040988653898,0.5,0.5,1.0,6
graph,2,2026-10-07T09:40:32,nodeGcor2,3.11.9,unknown,13158093,683,2,3,0.40074682235717773,integrated_gradients,attribution,6,7,0.4479324200674181,1.0,0.18709220337543842,1.0,1.0,10,10,1.0,0.19794226717203856,1.0,0.6666666666666666,1.0,6
graph,2,2026-10-07T09:40:32,nodeGcor2,3.11.9,unknown,13158093,683,2,3,0.40074682235717773,lime,attribution,6,7,0.44794284845680543,0.44,0.4335536864134507,0.7142857142857143,0.7142857142857143,10,10,1.0,0.04324314510449767,0.6666666666666666,0.6666666666666666,0.8333333333333334,6
graph,2,2026-10-07T09:40:32,nodeGcor2,3.11.9,unknown,13158093,683,2,3,0.40074682235717773,random,attribution,6,7,0.44794284845680543,0.47,0.4672819073787925,0.7428571428571429,0.7142857142857143,10,10,0.7142857142857143,8.421950042247772e-06,0.16666666666666666,0.16666666666666666,0.8333333333333334,6
graph,2,2026-10-07T09:40:32,nodeGcor2,3.11.9,unknown,13158093,685,1,1,0.5236011743545532,gnnexplainer,attribution,6,12,0.0,0.24,0.16751443033379965,0.7142857142857143,0.7142857142857143,10,10,0.7142857142857143,0.4224635511636734,0.8333333333333334,0.8333333333333334,0.8333333333333334,6
graph,2,2026-10-07T09:40:32,nodeGcor2,3.11.9,unknown,13158093,685,1,1,0.5236011743545532,pgexplainer,attribution,6,12,0.0,0.75,0.15423278718857847,1.0,1.0,10,10,1.0,0.004018555860966444,0.9166666666666667,0.9166666666666667,1.0,6
graph,2,2026-10-07T09:40:32,nodeGcor2,3.11.9,unknown,13158093,685,1,1,0.5236011743545532,integrated_gradients,attribution,6,12,0.0,0.59,0.468442433027082,0.9714285714285713,0.7142857142857143,10,10,1.0,0.19812770187854767,0.8333333333333335,0.5277777777777778,0.8333333333333334,6
graph,2,2026-10-07T09:40:32,nodeGcor2,3.11.9,unknown,13158093,685,1,1,0.5236011743545532,lime,attribution,6,12,0.0,0.22,0.5421289690731392,0.6500000000000001,0.5,10,10,1.0,0.044226002879440784,0.8611111111111112,0.4444444444444444,0.8333333333333334,6
graph,2,2026-10-07T09:40:32,nodeGcor2,3.11.9,unknown,13158093,685,1,1,0.5236011743545532,random,attribution,6,12,0.0,0.37,0.25721026259354585,0.2562770562770563,0.09090909090909091,10,10,0.3333333333333333,2.259574830532074e-05,0.5833333333333334,0.5833333333333334,0.5,6
graph,2,2026-10-07T09:40:32,nodeGcor2,3.11.9,unknown,13158093,687,2,3,0.8526782989501953,gnnexplainer,attribution,6,12,0.7405415460084686,0.46,0.17229718079714806,0.7142857142857143,0.7142857142857143,10,10,0.7142857142857143,0.40643833903595805,0.8333333333333334,0.8333333333333334,0.8333333333333334,6
graph,2,2026-10-07T09:40:32,nodeGcor2,3.11.9,unknown,13158093,687,2,3,0.8526782989501953,pgexplainer,attribution,6,12,0.7405368457012143,1.0,0.49999998924353084,1.0,1.0,10,10,1.0,0.004026598297059536,1.0,1.0,1.0,6
graph,2,2026-10-07T09:40:32,nodeGcor2,3.11.9,unknown,13158093,687,2,3,0.8526782989501953,integrated_gradients,attribution,6,12,0.7405415641453608,0.46,0.49024175425730254,0.7142857142857143,0.7142857142857143,10,10,1.0,0.19803289184346795,0.8333333333333334,0.6944444444444445,0.8333333333333334,6
graph,2,2026-10-07T09:40:32,nodeGcor2,3.11.9,unknown,13158093,687,2,3,0.8526782989501953,lime,attribution,6,12,0.7405368275639922,0.76,0.5570266108168798,0.5428571428571429,0.5,10,10,0.7142857142857143,0.0444044372998178,0.9166666666666667,0.6666666666666666,0.8333333333333334,6
graph,2,2026-10-07T09:40:32,nodeGcor2,3.11.9,unknown,13158093,687,2,3,0.8526782989501953,random,attribution,6,12,0.7607671035712326,0.37,0.44396385448573583,0.37333333333333335,0.2,10,10,0.3333333333333333,2.275407314300537e-05,0.7222222222222223,0.7222222222222223,0.6666666666666666,6
graph,2,2026-10-07T09:40:32,nodeGcor2,3.11.9,unknown,13158093,689,3,3,0.8396003842353821,gnnexplainer,attribution,6,7,0.7364944888801112,1.0,0.13922807178390306,1.0,1.0,10,10,1.0,0.40675406716763973,1.0,1.0,1.0,6
graph,2,2026-10-07T09:40:32,nodeGcor2,3.11.9,unknown,13158093,689,3,3,0.8396003842353821,pgexplainer,attribution,6,7,0.73649447017341,1.0,0.0,1.0,1.0,10,10,1.0,0.00399985583499074,0.5,0.5,1.0,6
graph,2,2026-10-07T09:40:32,nodeGcor2,3.11.9,unknown,13158093,689,3,3,0.8396003842353821,integrated_gradients,attribution,6,7,0.7364944888801112,1.0,0.3556143956987805,1.0,1.0,10,10,1.0,0.1979759419336915,1.0,0.5,1.0,6
graph,2,2026-10-07T09:40:32,nodeGcor2,3.11.9,unknown,13158093,689,3,3,0.8396003842353821,lime,attribution,6,7,0.73649447017341,1.0,0.3799121270069056,0.7142857142857143,0.7142857142857143,10,10,1.0,0.04327263589948416,0.6666666666666666,0.8333333333333334,0.8333333333333334,6
graph,2,2026-10-07T09:40:32,nodeGcor2,3.11.9,unknown,13158093,689,3,3,0.8396003842353821,random,attribution,6,7,0.73649447017341,0.59,0.27355798609176585,0.7714285714285716,0.7142857142857143,10,10,0.7142857142857143,2.2028107196092606e-05,0.8333333333333334,0.8333333333333334,0.8333333333333334,6
graph,2,2026-10-07T09:40:32,nodeGcor2,3.11.9,unknown,13158093,690,1,1,0.9106757044792175,gnnexplainer,attribution,6,7,0.15547736923329966,1.0,0.10579423484697725,1.0,1.0,10,10,1.0,0.4260385138913989,1.0,1.0,1.0,6
graph,2,2026-10-07T09:40:32,nodeGcor2,3.11.9,unknown,13158093,690,1,1,0.9106757044792175,pgexplainer,attribution,6,7,0.15547736923329966,1.0,0.0,1.0,1.0,10,10,1.0,0.0040212408639490604,0.5,0.5,1.0,6
graph,2,2026-10-07T09:40:32,nodeGcor2,3.11.9,unknown,13158093,690,1,1,0.9106757044792175,integrated_gradients,attribution,6,7,0.15547311491764004,0.56,0.25610666157910833,0.7142857142857143,0.7142857142857143,10,10,1.0,0.19813855784013867,0.5,0.16666666666666666,0.8333333333333334,6
graph,2,2026-10-07T09:40:32,nodeGcor2,3.11.9,unknown,13158093,690,1,1,0.9106757044792175,lime,attribution,6,7,0.15547736923329966,1.0,0.33869649730649976,0.7142857142857143,0.7142857142857143,10,10,1.0,0.04293065471574664,0.6666666666666666,0.5,0.8333333333333334,6
graph,2,2026-10-07T09:40:32,nodeGcor2,3.11.9,unknown,13158093,690,1,1,0.9106757044792175,random,attribution,6,7,0.15547736923329966,1.0,0.2931690579619265,0.7428571428571429,0.7142857142857143,10,10,0.7142857142857143,8.377712219953537e-06,1.0,1.0,1.0,6
graph,2,2026-10-07T09:40:32,nodeGcor2,3.11.9,unknown,13158093,691,1,1,0.5321146845817566,gnnexplainer,attribution,6,13,0.0,0.79,0.18483892992486284,0.7142857142857143,0.7142857142857143,10,10,0.7142857142857143,0.4188744332641363,1.0,1.0,1.0,6
graph,2,2026-10-07T09:40:32,nodeGcor2,3.11.9,unknown,13158093,691,1,1,0.5321146845817566,pgexplainer,attribution,6,13,0.0,0.88,0.44032427820000786,1.0,1.0,10,10,1.0,0.004011217970401049,1.0,1.0,1.0,6
graph,2,2026-10-07T09:40:32,nodeGcor2,3.11.9,unknown,13158093,691,1,1,0.5321146845817566,integrated_gradients,attribution,6,13,0.0,0.79,0.49226758503488266,0.9142857142857143,0.7142857142857143,10,10,1.0,0.19649390038102865,0.8333333333333335,0.5238095238095238,0.8333333333333334,6
graph,2,2026-10-07T09:40:32,nodeGcor2,3.11.9,unknown,13158093,691,1,1,0.5321146845817566,lime,attribution,6,13,0.0,0.36,0.5774923879375489,0.7142857142857143,0.7142857142857143,10,10,0.7142857142857143,0.04391275718808174,0.9285714285714286,0.3333333333333333,0.8333333333333334,6
graph,2,2026-10-07T09:40:32,nodeGcor2,3.11.9,unknown,13158093,691,1,1,0.5321146845817566,random,attribution,6,13,0.0,0.45,0.3338690651550894,0.3371861471861472,0.2,10,10,0.3333333333333333,2.1548941731452942e-05,0.4523809523809524,0.4523809523809524,0.3333333333333333,6
graph,2,2026-10-07T09:40:32,nodeGcor2,3.11.9,unknown,13158093,693,2,3,0.8522053956985474,gnnexplainer,attribution,6,13,0.7403976043582048,0.56,0.18148297827642168,0.9714285714285715,0.7142857142857143,10,10,0.7142857142857143,0.4065504507161677,0.9047619047619049,0.9047619047619049,0.8333333333333334,6
graph,2,2026-10-07T09:40:32,nodeGcor2,3.11.9,unknown,13158093,693,2,3,0.8522053956985474,pgexplainer,attribution,6,13,0.7403928832960428,1.0,0.5384615460998727,1.0,1.0,10,10,1.0,0.004000779241323471,1.0,1.0,1.0,6
graph,2,2026-10-07T09:40:32,nodeGcor2,3.11.9,unknown,13158093,693,2,3,0.8522053956985474,integrated_gradients,attribution,6,13,0.7403976043582048,0.5,0.43158493569840617,1.0,0.7142857142857143,10,10,1.0,0.19826647639274597,0.8571428571428572,0.7142857142857144,0.8333333333333334,6
graph,2,2026-10-07T09:40:32,nodeGcor2,3.11.9,unknown,13158093,693,2,3,0.8522053956985474,lime,attribution,6,13,0.7403928832960428,1.0,0.5045604742805881,0.7142857142857143,0.7142857142857143,10,10,1.0,0.044250837061554193,0.9761904761904763,0.6666666666666666,0.8333333333333334,6
graph,2,2026-10-07T09:40:32,nodeGcor2,3.11.9,unknown,13158093,693,2,3,0.8522053956985474,random,attribution,6,13,0.7403928832960428,0.66,0.3338326919736755,0.2266666666666667,0.2,10,10,0.5,2.2417865693569183e-05,0.35714285714285715,0.35714285714285715,0.3333333333333333,6
graph,2,2026-10-07T09:40:32,nodeGcor2,3.11.9,unknown,13158093,694,3,3,0.8396003842353821,gnnexplainer,attribution,6,7,0.7364944888801112,1.0,0.1426128818794664,1.0,1.0,10,10,1.0,0.41537283966317773,1.0,1.0,1.0,6
graph,2,2026-10-07T09:40:32,nodeGcor2,3.11.9,unknown,13158093,694,3,3,0.8396003842353821,pgexplainer,attribution,6,7,0.7364944888801112,1.0,0.0,1.0,1.0,10,10,1.0,0.004000485874712467,0.5,0.5,1.0,6
graph,2,2026-10-07T09:40:32,nodeGcor2,3.11.9,unknown,13158093,694,3,3,0.8396003842353821,integrated_gradients,attribution,6,7,0.7364944888801112,1.0,0.3556143834223151,1.0,1.0,10,10,1.0,0.19758527586236596,1.0,0.5,1.0,6
graph,2,2026-10-07T09:40:32,nodeGcor2,3.11.9,unknown,13158093,694,3,3,0.8396003842353821,lime,attribution,6,7,0.73649447017341,1.0,0.2852546250066772,0.7142857142857143,0.7142857142857143,10,10,1.0,0.04323300067335367,0.6666666666666666,0.8333333333333334,0.8333333333333334,6
graph,2,2026-10-07T09:40:32,nodeGcor2,3.11.9,unknown,13158093,694,3,3,0.8396003842353821,random,attribution,6,7,0.7364944888801112,0.44,0.18058492073741816,0.7428571428571429,0.7142857142857143,10,10,0.7142857142857143,2.2213906049728394e-05,0.6666666666666666,0.6666666666666666,0.8333333333333334,6
graph,2,2026-10-07T09:40:32,nodeGcor2,3.11.9,unknown,13158093,695,1,1,0.543329656124115,gnnexplainer,attribution,6,624,0.0,0.25,0.703639397643881,0.29333333333333333,0.0,10,10,0.2,0.4357759733684361,0.9819309600862999,0.9819309600862999,0.0,6
graph,2,2026-10-07T09:40:32,nodeGcor2,3.11.9,unknown,13158093,695,1,1,0.543329656124115,pgexplainer,attribution,6,624,0.07983971566831231,0.43,0.9077141034921092,0.6357142857142858,0.0,10,10,1.0,0.00428355997428298,0.9830097087378641,0.9830097087378641,0.0,6
graph,2,2026-10-07T09:40:32,nodeGcor2,3.11.9,unknown,13158093,695,1,1,0.543329656124115,integrated_gradients,attribution,6,624,0.9702206257439211,0.13,0.8139317210472948,0.9714285714285715,0.3333333333333333,10,10,1.0,0.20356224197894335,0.9932578209277237,0.6669363538295576,0.5,6
graph,2,2026-10-07T09:40:32,nodeGcor2,3.11.9,unknown,13158093,695,1,1,0.543329656124115,lime,attribution,6,624,0.9702206224770444,0.32,0.4298385928767039,0.4333333333333333,0.2,10,10,0.3333333333333333,0.21357875084504485,0.7969255663430421,0.5679611650485437,0.5,6
graph,2,2026-10-07T09:40:32,nodeGcor2,3.11.9,unknown,13158093,695,1,1,0.543329656124115,random,attribution,6,624,0.03402197717328929,0.47,0.3226235781490341,0.0,0.0,10,10,0.0,1.2374017387628555e-05,0.4811218985976268,0.4811218985976268,0.0,6
graph,2,2026-10-07T09:40:32,nodeGcor2,3.11.9,unknown,13158093,697,2,3,0.46647655963897705,gnnexplainer,attribution,6,7,0.5257225174280472,1.0,0.1030084265761202,1.0,1.0,10,10,1.0,0.4383853920735419,1.0,1.0,1.0,6
graph,2,2026-10-07T09:40:32,nodeGcor2,3.11.9,unknown,13158093,697,2,3,0.46647655963897705,pgexplainer,attribution,6,7,0.5257225174280472,1.0,5.108969847178457e-08,1.0,1.0,10,10,1.0,0.004007905721664429,1.0,1.0,1.0,6
graph,2,2026-10-07T09:40:32,nodeGcor2,3.11.9,unknown,13158093,697,2,3,0.46647655963897705,integrated_gradients,attribution,6,7,0.5257225174280472,1.0,0.1289003055703577,1.0,1.0,10,10,1.0,0.1959807970561087,1.0,0.6666666666666666,1.0,6
graph,2,2026-10-07T09:40:32,nodeGcor2,3.11.9,unknown,13158093,697,2,3,0.46647655963897705,lime,attribution,6,7,0.5257309826073467,0.56,0.27327835565817404,0.7142857142857143,0.7142857142857143,10,10,1.0,0.04289869684726,0.3333333333333333,0.8333333333333334,0.8333333333333334,6
graph,2,2026-10-07T09:40:32,nodeGcor2,3.11.9,unknown,13158093,697,2,3,0.46647655963897705,random,attribution,6,7,0.5257225174280472,0.46,0.17007696863476252,0.7428571428571429,0.7142857142857143,10,10,0.7142857142857143,2.1973159164190292e-05,0.6666666666666666,0.6666666666666666,0.8333333333333334,6
graph,2,2026-10-07T09:40:32,nodeGcor2,3.11.9,unknown,13158093,698,2,0,0.41234782338142395,gnnexplainer,attribution,6,24,0.9993043604660539,0.38,0.5356595289446511,0.17818181818181816,0.09090909090909091,10,10,0.3333333333333333,0.42703377921134233,0.7685185185185185,0.7685185185185185,0.16666666666666666,6
graph,2,2026-10-07T09:40:32,nodeGcor2,3.11.9,unknown,13158093,698,2,0,0.41234782338142395,pgexplainer,attribution,6,24,0.9987664974214062,0.26,0.8488422697895274,1.0,1.0,10,10,1.0,0.004113646224141121,1.0,1.0,1.0,6
graph,2,2026-10-07T09:40:32,nodeGcor2,3.11.9,unknown,13158093,698,2,0,0.41234782338142395,integrated_gradients,attribution,6,24,0.9987664974214062,0.25,0.765867017901711,1.0,1.0,10,10,1.0,0.20047466084361076,0.888888888888889,0.6944444444444444,0.8333333333333334,6
graph,2,2026-10-07T09:40:32,nodeGcor2,3.11.9,unknown,13158093,698,2,0,0.41234782338142395,lime,attribution,6,24,0.9987664974214062,0.65,0.6663819197906877,0.7142857142857143,0.7142857142857143,10,10,0.7142857142857143,0.04476367076858878,0.8981481481481481,0.537037037037037,0.8333333333333334,6
graph,2,2026-10-07T09:40:32,nodeGcor2,3.11.9,unknown,13158093,698,2,0,0.41234782338142395,random,attribution,6,24,0.052638110308427,0.17,0.24483473050788507,0.24151515151515154,0.0,10,10,0.2,2.2324733436107635e-05,0.24074074074074078,0.24074074074074078,0.0,6
graph,2,2026-10-07T09:40:32,nodeGcor2,3.11.9,unknown,13158093,699,3,3,0.7564307451248169,gnnexplainer,attribution,6,24,0.7075285052816976,0.48,0.3836244140025933,0.7142857142857143,0.7142857142857143,10,10,0.7142857142857143,0.41368192713707685,0.9444444444444444,0.9444444444444444,0.8333333333333334,6
graph,2,2026-10-07T09:40:32,nodeGcor2,3.11.9,unknown,13158093,699,3,3,0.7564307451248169,pgexplainer,attribution,6,24,0.7075231864705835,1.0,0.8659377804639823,1.0,1.0,10,10,1.0,0.004185472149401903,1.0,1.0,1.0,6
graph,2,2026-10-07T09:40:32,nodeGcor2,3.11.9,unknown,13158093,699,3,3,0.7564307451248169,integrated_gradients,attribution,6,24,0.7075231864705835,0.51,0.7654610284151981,0.9714285714285713,1.0,10,10,1.0,0.2030319501645863,0.9629629629629629,0.5277777777777778,0.8333333333333334,6
graph,2,2026-10-07T09:40:32,nodeGcor2,3.11.9,unknown,13158093,699,3,3,0.7564307451248169,lime,attribution,6,24,0.7075231864705835,0.66,0.6675890358091868,0.7142857142857143,0.5,10,10,0.7142857142857143,0.0448121540248394,0.7037037037037037,0.7037037037037037,0.6666666666666666,6
graph,2,2026-10-07T09:40:32,nodeGcor2,3.11.9,unknown,13158093,699,3,3,0.7564307451248169,random,attribution,6,24,0.99922060572027,0.31,0.3352881926775214,0.14727272727272728,0.0,10,10,0.09090909090909091,8.980277925729752e-06,0.5555555555555556,0.5555555555555556,0.3333333333333333,6
