modality,seed,date,host,python,commit,slurm_job,instance,y_true,y_pred,p_pred,method,kind,k,d,fid_del,fid_suf,sparsity,stability,robustness,n_valid_stab,n_valid_rob,consistency,time_s,auc_gt,auc_gt_signed,precision_gt,n_gt_edges
graph,1,2026-10-07T09:40:32,nodeGcor1,3.11.9,unknown,13158095,300,1,1,0.9750185012817383,gnnexplainer,attribution,6,7,0.22108496001001585,1.0,0.137566254634794,1.0,1.0,10,10,1.0,0.43574182223528624,1.0,1.0,1.0,6
graph,1,2026-10-07T09:40:32,nodeGcor1,3.11.9,unknown,13158095,300,1,1,0.9750185012817383,pgexplainer,attribution,6,7,0.22108496001001585,1.0,0.51448454575764,0.7142857142857143,0.7142857142857143,10,10,1.0,0.008941176813095808,0.0,0.0,0.8333333333333334,6
graph,1,2026-10-07T09:40:32,nodeGcor1,3.11.9,unknown,13158095,300,1,1,0.9750185012817383,integrated_gradients,attribution,6,7,0.22108496001001585,1.0,0.29672545316152177,1.0,1.0,10,10,1.0,0.2244684617035091,1.0,0.5,1.0,6
graph,1,2026-10-07T09:40:32,nodeGcor1,3.11.9,unknown,13158095,300,1,1,0.9750185012817383,lime,attribution,6,7,0.22108496001001585,1.0,0.3899965015006617,1.0,1.0,10,10,1.0,0.04653021600097418,1.0,0.5,1.0,6
graph,1,2026-10-07T09:40:32,nodeGcor1,3.11.9,unknown,13158095,300,1,1,0.9750185012817383,random,attribution,6,7,0.22108850565493685,0.49,0.2747357917349319,0.7428571428571429,0.7142857142857143,10,10,0.7142857142857143,2.3328233510255814e-05,0.0,0.0,0.8333333333333334,6
graph,1,2026-10-07T09:40:32,nodeGcor1,3.11.9,unknown,13158095,301,1,1,0.9177279472351074,gnnexplainer,attribution,6,16,0.17245922993444718,0.74,0.3394574465801403,0.7142857142857143,0.7142857142857143,10,10,0.7142857142857143,0.43436605716124177,0.9500000000000001,0.9500000000000001,0.8333333333333334,6
graph,1,2026-10-07T09:40:32,nodeGcor1,3.11.9,unknown,13158095,301,1,1,0.9177279472351074,pgexplainer,attribution,6,16,0.0,0.41,0.6272866561051837,0.7285714285714286,0.5,10,10,1.0,0.004168577026575804,0.8833333333333332,0.8833333333333332,0.6666666666666666,6
graph,1,2026-10-07T09:40:32,nodeGcor1,3.11.9,unknown,13158095,301,1,1,0.9177279472351074,integrated_gradients,attribution,6,16,0.17245922993444718,0.7,0.6500791616676591,1.0,0.7142857142857143,10,10,1.0,0.20153437415137887,0.9666666666666667,0.5333333333333333,0.8333333333333334,6
graph,1,2026-10-07T09:40:32,nodeGcor1,3.11.9,unknown,13158095,301,1,1,0.9177279472351074,lime,attribution,6,16,0.1724588537035726,0.72,0.553718910557203,0.9428571428571428,0.7142857142857143,10,10,1.0,0.04639573208987713,0.9166666666666667,0.55,0.8333333333333334,6
graph,1,2026-10-07T09:40:32,nodeGcor1,3.11.9,unknown,13158095,301,1,1,0.9177279472351074,random,attribution,6,16,0.0061523459508806035,0.39,0.2978912249489917,0.19636363636363635,0.09090909090909091,10,10,0.2,2.3155007511377335e-05,0.26666666666666666,0.26666666666666666,0.3333333333333333,6
graph,1,2026-10-07T09:40:32,nodeGcor1,3.11.9,unknown,13158095,304,3,3,0.7531907558441162,gnnexplainer,attribution,6,7,0.706661917704063,1.0,0.3038656944549617,1.0,1.0,10,10,0.7142857142857143,0.4293954730965197,1.0,1.0,1.0,6
graph,1,2026-10-07T09:40:32,nodeGcor1,3.11.9,unknown,13158095,304,3,3,0.7531907558441162,pgexplainer,attribution,6,7,0.706661917704063,1.0,0.5144841886022725,0.7142857142857143,0.7142857142857143,10,10,1.0,0.004135266877710819,0.0,0.0,0.8333333333333334,6
graph,1,2026-10-07T09:40:32,nodeGcor1,3.11.9,unknown,13158095,304,3,3,0.7531907558441162,integrated_gradients,attribution,6,7,0.706661917704063,1.0,0.45137457231672895,0.7142857142857143,0.7142857142857143,10,10,1.0,0.2023595911450684,0.6666666666666666,0.6666666666666666,0.8333333333333334,6
graph,1,2026-10-07T09:40:32,nodeGcor1,3.11.9,unknown,13158095,304,3,3,0.7531907558441162,lime,attribution,6,7,0.706661917704063,1.0,0.512551061738632,0.7142857142857143,0.7142857142857143,10,10,0.7142857142857143,0.044132957234978676,0.8333333333333334,0.6666666666666666,0.8333333333333334,6
graph,1,2026-10-07T09:40:32,nodeGcor1,3.11.9,unknown,13158095,304,3,3,0.7531907558441162,random,attribution,6,7,0.706661917704063,1.0,0.4792270246796082,0.7714285714285716,0.7142857142857143,10,10,0.7142857142857143,2.1724961698055267e-05,0.8333333333333334,0.8333333333333334,0.8333333333333334,6
graph,1,2026-10-07T09:40:32,nodeGcor1,3.11.9,unknown,13158095,305,1,1,0.7875370383262634,gnnexplainer,attribution,6,12,0.03565256984532368,1.0,0.1626466738936636,0.7142857142857143,0.7142857142857143,10,10,0.7142857142857143,0.43417911417782307,0.8611111111111112,0.8611111111111112,0.8333333333333334,6
graph,1,2026-10-07T09:40:32,nodeGcor1,3.11.9,unknown,13158095,305,1,1,0.7875370383262634,pgexplainer,attribution,6,12,0.03565256984532368,1.0,0.7147783372752203,1.0,1.0,10,10,1.0,0.004319261759519577,1.0,1.0,1.0,6
graph,1,2026-10-07T09:40:32,nodeGcor1,3.11.9,unknown,13158095,305,1,1,0.7875370383262634,integrated_gradients,attribution,6,12,0.03565256984532368,0.79,0.5876631535274974,0.9428571428571428,0.7142857142857143,10,10,1.0,0.20330739999189973,0.9444444444444444,0.5555555555555556,0.8333333333333334,6
graph,1,2026-10-07T09:40:32,nodeGcor1,3.11.9,unknown,13158095,305,1,1,0.7875370383262634,lime,attribution,6,12,0.03565256984532368,0.7,0.4659760031346166,0.9428571428571428,0.7142857142857143,10,10,1.0,0.045284656807780266,0.888888888888889,0.5555555555555556,0.8333333333333334,6
graph,1,2026-10-07T09:40:32,nodeGcor1,3.11.9,unknown,13158095,305,1,1,0.7875370383262634,random,attribution,6,12,0.23279478777266346,0.36,0.3541211068056914,0.35385281385281386,0.2,10,10,0.7142857142857143,2.16066837310791e-05,0.6111111111111112,0.6111111111111112,0.5,6
graph,1,2026-10-07T09:40:32,nodeGcor1,3.11.9,unknown,13158095,306,1,1,0.9750185012817383,gnnexplainer,attribution,6,7,0.22108496001001585,1.0,0.13772370787322918,1.0,1.0,10,10,1.0,0.41936877788975835,1.0,1.0,1.0,6
graph,1,2026-10-07T09:40:32,nodeGcor1,3.11.9,unknown,13158095,306,1,1,0.9750185012817383,pgexplainer,attribution,6,7,0.22108496001001585,1.0,0.51448454575764,0.7142857142857143,0.7142857142857143,10,10,1.0,0.0042242808267474174,0.0,0.0,0.8333333333333334,6
graph,1,2026-10-07T09:40:32,nodeGcor1,3.11.9,unknown,13158095,306,1,1,0.9750185012817383,integrated_gradients,attribution,6,7,0.22108496001001585,1.0,0.2967254206302119,1.0,1.0,10,10,1.0,0.20297631109133363,1.0,0.5,1.0,6
graph,1,2026-10-07T09:40:32,nodeGcor1,3.11.9,unknown,13158095,306,1,1,0.9750185012817383,lime,attribution,6,7,0.22108496001001585,1.0,0.4062853749154851,1.0,1.0,10,10,1.0,0.04453830607235432,1.0,0.5,1.0,6
graph,1,2026-10-07T09:40:32,nodeGcor1,3.11.9,unknown,13158095,306,1,1,0.9750185012817383,random,attribution,6,7,0.22108496001001585,1.0,0.3029320369329267,0.7142857142857143,0.7142857142857143,10,10,0.7142857142857143,2.1727290004491806e-05,1.0,1.0,1.0,6
graph,1,2026-10-07T09:40:32,nodeGcor1,3.11.9,unknown,13158095,307,2,0,0.5011993050575256,gnnexplainer,attribution,6,12,0.9771303832597039,0.24,0.25061618459507506,nan,nan,0,0,0.2,0.43544848589226604,0.1388888888888889,0.1388888888888889,0.16666666666666666,6
graph,1,2026-10-07T09:40:32,nodeGcor1,3.11.9,unknown,13158095,307,2,0,0.5011993050575256,pgexplainer,attribution,6,12,0.9651546900226621,0.04,0.7147781130393068,nan,nan,0,0,1.0,0.004209588747471571,1.0,1.0,1.0,6
graph,1,2026-10-07T09:40:32,nodeGcor1,3.11.9,unknown,13158095,307,2,0,0.5011993050575256,integrated_gradients,attribution,6,12,0.9651546900226621,0.25,0.5350954823455076,nan,nan,0,0,1.0,0.20373275922611356,0.7777777777777779,0.6111111111111112,0.8333333333333334,6
graph,1,2026-10-07T09:40:32,nodeGcor1,3.11.9,unknown,13158095,307,2,0,0.5011993050575256,lime,attribution,6,12,0.9651546900226621,0.1,0.5085364134399446,nan,nan,0,0,0.7142857142857143,0.04505029506981373,0.8333333333333334,0.6944444444444445,0.8333333333333334,6
graph,1,2026-10-07T09:40:32,nodeGcor1,3.11.9,unknown,13158095,307,2,0,0.5011993050575256,random,attribution,6,12,0.9980360957111951,0.3,0.23444887035533635,nan,nan,0,0,0.3333333333333333,2.0978040993213654e-05,0.3888888888888889,0.3888888888888889,0.3333333333333333,6
graph,1,2026-10-07T09:40:32,nodeGcor1,3.11.9,unknown,13158095,308,2,1,0.7665705680847168,gnnexplainer,attribution,6,78,0.0,0.27,0.5390522127264098,0.4,0.3333333333333333,10,10,0.7142857142857143,0.4294365691021085,0.9282407407407407,0.9282407407407407,0.16666666666666666,6
graph,1,2026-10-07T09:40:32,nodeGcor1,3.11.9,unknown,13158095,308,2,1,0.7665705680847168,pgexplainer,attribution,6,78,0.9998763367733953,0.46,0.9315327828733413,0.8357142857142857,0.5,10,10,1.0,0.004421405028551817,0.9212962962962963,0.9212962962962963,0.3333333333333333,6
graph,1,2026-10-07T09:40:32,nodeGcor1,3.11.9,unknown,13158095,308,2,1,0.7665705680847168,integrated_gradients,attribution,6,78,0.00928005872057265,0.89,0.8129485397028482,0.7428571428571429,0.5,10,10,1.0,0.20855783624574542,0.9675925925925926,0.4791666666666667,0.8333333333333334,6
graph,1,2026-10-07T09:40:32,nodeGcor1,3.11.9,unknown,13158095,308,2,1,0.7665705680847168,lime,attribution,6,78,0.0092801357539913,0.69,0.5542256634621114,0.7142857142857143,0.7142857142857143,10,10,0.7142857142857143,0.05176100693643093,0.9143518518518519,0.38425925925925924,0.6666666666666666,6
graph,1,2026-10-07T09:40:32,nodeGcor1,3.11.9,unknown,13158095,308,2,1,0.7665705680847168,random,attribution,6,78,0.0537031163655514,0.59,0.3204863974988075,0.05636363636363637,0.0,10,10,0.09090909090909091,2.7566682547330856e-05,0.6064814814814815,0.6064814814814815,0.0,6
graph,1,2026-10-07T09:40:32,nodeGcor1,3.11.9,unknown,13158095,309,3,3,0.7531907558441162,gnnexplainer,attribution,6,7,0.706661917704063,1.0,0.30609382264999574,1.0,1.0,10,10,1.0,0.44060808327049017,1.0,1.0,1.0,6
graph,1,2026-10-07T09:40:32,nodeGcor1,3.11.9,unknown,13158095,309,3,3,0.7531907558441162,pgexplainer,attribution,6,7,0.706661917704063,1.0,0.5144841886022725,0.7142857142857143,0.7142857142857143,10,10,1.0,0.004523797892034054,0.0,0.0,0.8333333333333334,6
graph,1,2026-10-07T09:40:32,nodeGcor1,3.11.9,unknown,13158095,309,3,3,0.7531907558441162,integrated_gradients,attribution,6,7,0.706661917704063,1.0,0.451374541427743,0.7142857142857143,0.7142857142857143,10,10,1.0,0.20593717973679304,0.6666666666666666,0.6666666666666666,0.8333333333333334,6
graph,1,2026-10-07T09:40:32,nodeGcor1,3.11.9,unknown,13158095,309,3,3,0.7531907558441162,lime,attribution,6,7,0.706661917704063,1.0,0.5850564816274102,1.0,1.0,10,10,1.0,0.045120757073163986,1.0,0.5,1.0,6
graph,1,2026-10-07T09:40:32,nodeGcor1,3.11.9,unknown,13158095,309,3,3,0.7531907558441162,random,attribution,6,7,0.706661917704063,1.0,0.1870986126000136,0.7428571428571429,0.7142857142857143,10,10,1.0,2.3339875042438507e-05,1.0,1.0,1.0,6
graph,1,2026-10-07T09:40:32,nodeGcor1,3.11.9,unknown,13158095,310,1,1,0.985645055770874,gnnexplainer,attribution,6,47,0.22948311540978134,1.0,0.5478565446277284,0.7142857142857143,0.7142857142857143,10,10,0.7142857142857143,0.4539243718609214,0.991869918699187,0.991869918699187,0.8333333333333334,6
graph,1,2026-10-07T09:40:32,nodeGcor1,3.11.9,unknown,13158095,310,1,1,0.985645055770874,pgexplainer,attribution,6,47,0.9999998663172504,0.87,0.9239895300720633,0.8761904761904763,0.5,10,10,1.0,0.0046242959797382355,0.9390243902439025,0.9390243902439025,0.5,6
graph,1,2026-10-07T09:40:32,nodeGcor1,3.11.9,unknown,13158095,310,1,1,0.985645055770874,integrated_gradients,attribution,6,47,0.22948311540978134,1.0,0.8804684105496968,1.0,1.0,10,10,1.0,0.21172854723408818,0.9959349593495935,0.5040650406504065,0.8333333333333334,6
graph,1,2026-10-07T09:40:32,nodeGcor1,3.11.9,unknown,13158095,310,1,1,0.985645055770874,lime,attribution,6,47,0.9699996915890903,0.78,0.6428453849238014,0.7142857142857143,0.7142857142857143,10,10,0.7142857142857143,0.0498853106983006,0.7926829268292683,0.4349593495934959,0.6666666666666666,6
graph,1,2026-10-07T09:40:32,nodeGcor1,3.11.9,unknown,13158095,310,1,1,0.985645055770874,random,attribution,6,47,0.00535498095713814,0.6,0.34523280757135166,0.10060606060606062,0.0,10,10,0.2,3.286730498075485e-05,0.5609756097560975,0.5609756097560975,0.16666666666666666,6
graph,1,2026-10-07T09:40:32,nodeGcor1,3.11.9,unknown,13158095,313,2,3,0.6216061115264893,gnnexplainer,attribution,6,7,0.64456666717807,1.0,0.18388416170879363,1.0,1.0,10,10,1.0,0.4261569273658097,1.0,1.0,1.0,6
graph,1,2026-10-07T09:40:32,nodeGcor1,3.11.9,unknown,13158095,313,2,3,0.6216061115264893,pgexplainer,attribution,6,7,0.64456666717807,0.47,0.7355816088150924,0.7142857142857143,0.7142857142857143,10,10,1.0,0.004243255127221346,0.5,0.5,0.8333333333333334,6
graph,1,2026-10-07T09:40:32,nodeGcor1,3.11.9,unknown,13158095,313,2,3,0.6216061115264893,integrated_gradients,attribution,6,7,0.64456666717807,0.5,0.4594124697290063,0.7142857142857143,0.7142857142857143,10,10,1.0,0.2038726806640625,0.5,0.8333333333333334,0.8333333333333334,6
graph,1,2026-10-07T09:40:32,nodeGcor1,3.11.9,unknown,13158095,313,2,3,0.6216061115264893,lime,attribution,6,7,0.64456666717807,0.53,0.5697085433269129,0.7142857142857143,0.7142857142857143,10,10,1.0,0.04436875693500042,0.3333333333333333,0.8333333333333334,0.8333333333333334,6
graph,1,2026-10-07T09:40:32,nodeGcor1,3.11.9,unknown,13158095,313,2,3,0.6216061115264893,random,attribution,6,7,0.64456666717807,1.0,0.4340866952808531,0.8,0.7142857142857143,10,10,0.7142857142857143,2.210959792137146e-05,1.0,1.0,1.0,6
graph,1,2026-10-07T09:40:32,nodeGcor1,3.11.9,unknown,13158095,314,3,0,0.5103230476379395,gnnexplainer,attribution,6,47,0.9657774759688383,1.0,0.5327425275551078,0.7142857142857143,0.7142857142857143,10,10,0.7142857142857143,0.4479834660887718,0.975609756097561,0.975609756097561,0.8333333333333334,6
graph,1,2026-10-07T09:40:32,nodeGcor1,3.11.9,unknown,13158095,314,3,0,0.5103230476379395,pgexplainer,attribution,6,47,0.0,0.21,0.9239895085203598,0.9428571428571428,0.5,10,10,1.0,0.0043455446138978004,0.9390243902439025,0.9390243902439025,0.5,6
graph,1,2026-10-07T09:40:32,nodeGcor1,3.11.9,unknown,13158095,314,3,0,0.5103230476379395,integrated_gradients,attribution,6,47,0.9657774719717199,0.56,0.7831349400002908,1.0,1.0,10,10,1.0,0.209835906047374,1.0,0.8333333333333334,1.0,6
graph,1,2026-10-07T09:40:32,nodeGcor1,3.11.9,unknown,13158095,314,3,0,0.5103230476379395,lime,attribution,6,47,0.9657781743263356,0.99,0.5977095025020154,1.0,1.0,10,10,1.0,0.04774860665202141,0.991869918699187,0.8252032520325203,0.8333333333333334,6
graph,1,2026-10-07T09:40:32,nodeGcor1,3.11.9,unknown,13158095,314,3,0,0.5103230476379395,random,attribution,6,47,0.0,0.11,0.306677047166653,0.038181818181818185,0.0,10,10,0.09090909090909091,2.2085849195718765e-05,0.3211382113821138,0.3211382113821138,0.0,6
graph,1,2026-10-07T09:40:32,nodeGcor1,3.11.9,unknown,13158095,315,1,1,0.9750185012817383,gnnexplainer,attribution,6,7,0.22108496001001585,1.0,0.137566254634794,1.0,1.0,10,10,1.0,0.41948712011799216,1.0,1.0,1.0,6
graph,1,2026-10-07T09:40:32,nodeGcor1,3.11.9,unknown,13158095,315,1,1,0.9750185012817383,pgexplainer,attribution,6,7,0.22108496001001585,1.0,0.51448454575764,0.7142857142857143,0.7142857142857143,10,10,1.0,0.00417602714151144,0.0,0.0,0.8333333333333334,6
graph,1,2026-10-07T09:40:32,nodeGcor1,3.11.9,unknown,13158095,315,1,1,0.9750185012817383,integrated_gradients,attribution,6,7,0.22108496001001585,1.0,0.29672544122079847,1.0,1.0,10,10,1.0,0.20246867462992668,1.0,0.5,1.0,6
graph,1,2026-10-07T09:40:32,nodeGcor1,3.11.9,unknown,13158095,315,1,1,0.9750185012817383,lime,attribution,6,7,0.22108496001001585,1.0,0.38999649497057154,1.0,1.0,10,10,1.0,0.044599805027246475,1.0,0.5,1.0,6
graph,1,2026-10-07T09:40:32,nodeGcor1,3.11.9,unknown,13158095,315,1,1,0.9750185012817383,random,attribution,6,7,0.22108496001001585,1.0,0.35154263151416154,0.8,0.7142857142857143,10,10,0.7142857142857143,2.1841377019882202e-05,1.0,1.0,1.0,6
graph,1,2026-10-07T09:40:32,nodeGcor1,3.11.9,unknown,13158095,316,1,1,0.7509523034095764,gnnexplainer,attribution,6,42,0.0,0.93,0.4102669176782251,0.7142857142857143,0.7142857142857143,10,10,0.7142857142857143,0.44565746700391173,0.986111111111111,0.986111111111111,0.8333333333333334,6
graph,1,2026-10-07T09:40:32,nodeGcor1,3.11.9,unknown,13158095,316,1,1,0.7509523034095764,pgexplainer,attribution,6,42,0.9788554841528412,0.4,0.8271843442954958,0.8476190476190476,0.5,10,10,1.0,0.0046272859908640385,0.8888888888888888,0.8888888888888888,0.5,6
graph,1,2026-10-07T09:40:32,nodeGcor1,3.11.9,unknown,13158095,316,1,1,0.7509523034095764,integrated_gradients,attribution,6,42,0.0,0.89,0.8543260992441625,1.0,1.0,10,10,1.0,0.20849614078179002,0.9953703703703703,0.6666666666666666,0.8333333333333334,6
graph,1,2026-10-07T09:40:32,nodeGcor1,3.11.9,unknown,13158095,316,1,1,0.7509523034095764,lime,attribution,6,42,0.0,0.49,0.6486841345416436,0.7142857142857143,0.5,10,10,0.7142857142857143,0.048258716240525246,0.8472222222222222,0.5601851851851852,0.6666666666666666,6
graph,1,2026-10-07T09:40:32,nodeGcor1,3.11.9,unknown,13158095,316,1,1,0.7509523034095764,random,attribution,6,42,0.9902234176165393,0.67,0.3044231533117733,0.05636363636363637,0.0,10,10,0.2,2.304883673787117e-05,0.4212962962962962,0.4212962962962962,0.16666666666666666,6
graph,1,2026-10-07T09:40:32,nodeGcor1,3.11.9,unknown,13158095,317,2,3,0.540927529335022,gnnexplainer,attribution,6,811,0.9985183942941881,0.18,0.7226083405252286,0.9142857142857143,0.5,10,10,0.7142857142857143,0.4335119132883847,0.9884057971014493,0.9884057971014493,0.6666666666666666,6
graph,1,2026-10-07T09:40:32,nodeGcor1,3.11.9,unknown,13158095,317,2,3,0.540927529335022,pgexplainer,attribution,6,811,0.0,0.08,0.9642215074393321,0.7142857142857143,0.2,10,10,1.0,0.004520452115684748,0.8457556935817806,0.8457556935817806,0.0,6
graph,1,2026-10-07T09:40:32,nodeGcor1,3.11.9,unknown,13158095,317,2,3,0.540927529335022,integrated_gradients,attribution,6,811,0.5915546038850634,0.32,0.8945219562641412,0.8857142857142856,0.7142857142857143,10,10,1.0,0.21069297613576055,0.9989648033126294,0.6660455486542443,0.8333333333333334,6
graph,1,2026-10-07T09:40:32,nodeGcor1,3.11.9,unknown,13158095,317,2,3,0.540927529335022,lime,attribution,6,811,0.010261851364527948,0.03,0.42431639217181627,0.10181818181818184,0.0,10,10,0.09090909090909091,0.23925140174105763,0.7958592132505177,0.5455486542443064,0.0,6
graph,1,2026-10-07T09:40:32,nodeGcor1,3.11.9,unknown,13158095,317,2,3,0.540927529335022,random,attribution,6,811,0.0,0.11,0.3441315538734848,0.0,0.0,10,10,0.0,1.6116071492433548e-05,0.48509316770186334,0.48509316770186334,0.0,6
graph,1,2026-10-07T09:40:32,nodeGcor1,3.11.9,unknown,13158095,318,2,3,0.46545618772506714,gnnexplainer,attribution,6,42,0.5253174230083292,0.41,0.4021633482554484,1.0,0.7142857142857143,10,10,0.7142857142857143,0.46049268497154117,0.986111111111111,0.986111111111111,0.8333333333333334,6
graph,1,2026-10-07T09:40:32,nodeGcor1,3.11.9,unknown,13158095,318,2,3,0.46545618772506714,pgexplainer,attribution,6,42,0.5253266430692866,0.11,0.8271842820453461,0.7523809523809524,0.7142857142857143,10,10,1.0,0.004420943558216095,0.8888888888888888,0.8888888888888888,0.5,6
graph,1,2026-10-07T09:40:32,nodeGcor1,3.11.9,unknown,13158095,318,2,3,0.46545618772506714,integrated_gradients,attribution,6,42,0.5253266430692866,0.48,0.8747520653538505,1.0,1.0,10,10,1.0,0.20718322321772575,0.9861111111111112,0.3425925925925926,0.8333333333333334,6
graph,1,2026-10-07T09:40:32,nodeGcor1,3.11.9,unknown,13158095,318,2,3,0.46545618772506714,lime,attribution,6,42,0.5253264303218231,0.19,0.5020058980296044,0.7142857142857143,0.2,10,10,0.7142857142857143,0.04765233397483826,0.7777777777777777,0.6851851851851851,0.6666666666666666,6
graph,1,2026-10-07T09:40:32,nodeGcor1,3.11.9,unknown,13158095,318,2,3,0.46545618772506714,random,attribution,6,42,0.9852977428336244,0.14,0.35965211241129535,0.07818181818181817,0.0,10,10,0.09090909090909091,1.9730068743228912e-05,0.5740740740740741,0.5740740740740741,0.3333333333333333,6
graph,1,2026-10-07T09:40:32,nodeGcor1,3.11.9,unknown,13158095,321,1,1,0.8838974833488464,gnnexplainer,attribution,6,13,0.14078943162665378,0.48,0.2323669145911248,0.7142857142857143,0.7142857142857143,10,10,0.7142857142857143,0.4315645257011056,0.9047619047619049,0.9047619047619049,0.8333333333333334,6
graph,1,2026-10-07T09:40:32,nodeGcor1,3.11.9,unknown,13158095,321,1,1,0.8838974833488464,pgexplainer,attribution,6,13,0.9996521110571952,0.52,0.6479224148184879,0.8285714285714286,0.7142857142857143,10,10,1.0,0.004184411838650703,0.8809523809523809,0.8809523809523809,0.8333333333333334,6
graph,1,2026-10-07T09:40:32,nodeGcor1,3.11.9,unknown,13158095,321,1,1,0.8838974833488464,integrated_gradients,attribution,6,13,0.1407847397237051,0.81,0.58822748185,0.9714285714285715,0.7142857142857143,10,10,1.0,0.2030135621316731,0.9523809523809524,0.5476190476190477,0.8333333333333334,6
graph,1,2026-10-07T09:40:32,nodeGcor1,3.11.9,unknown,13158095,321,1,1,0.8838974833488464,lime,attribution,6,13,0.14078491354481823,0.77,0.5082241042453338,1.0,0.7142857142857143,10,10,1.0,0.045211165212094784,0.8333333333333334,0.5952380952380952,0.8333333333333334,6
graph,1,2026-10-07T09:40:32,nodeGcor1,3.11.9,unknown,13158095,321,1,1,0.8838974833488464,random,attribution,6,13,0.03057345517678445,0.46,0.3705262202228884,0.3380952380952381,0.09090909090909091,10,10,0.3333333333333333,2.1324027329683304e-05,0.2857142857142857,0.2857142857142857,0.3333333333333333,6
graph,1,2026-10-07T09:40:32,nodeGcor1,3.11.9,unknown,13158095,322,2,1,0.6113223433494568,gnnexplainer,attribution,6,317,0.9999999765119045,0.75,0.6164305217465434,0.5,0.3333333333333333,10,10,0.5,0.44458358688279986,0.9967845659163985,0.9967845659163985,0.8333333333333334,6
graph,1,2026-10-07T09:40:32,nodeGcor1,3.11.9,unknown,13158095,322,2,1,0.6113223433494568,pgexplainer,attribution,6,317,0.06835406061588163,0.36,0.9683722099163938,0.9142857142857143,0.2,10,10,1.0,0.00437536183744669,0.8778135048231512,0.8778135048231512,0.0,6
graph,1,2026-10-07T09:40:32,nodeGcor1,3.11.9,unknown,13158095,322,2,1,0.6113223433494568,integrated_gradients,attribution,6,317,0.9999999924902189,0.24,0.897650552309919,1.0,0.7142857142857143,10,10,1.0,0.20980241522192955,1.0,0.33333333333333326,1.0,6
graph,1,2026-10-07T09:40:32,nodeGcor1,3.11.9,unknown,13158095,322,2,1,0.6113223433494568,lime,attribution,6,317,0.0,0.44,0.4762156670082661,0.7714285714285716,0.5,10,10,0.7142857142857143,0.07900288887321949,0.8992497320471597,0.4490889603429796,0.8333333333333334,6
graph,1,2026-10-07T09:40:32,nodeGcor1,3.11.9,unknown,13158095,322,2,1,0.6113223433494568,random,attribution,6,317,0.0,0.45,0.34975554914251583,0.02727272727272727,0.0,10,10,0.0,1.1396128684282303e-05,0.3612004287245445,0.3612004287245445,0.0,6
graph,1,2026-10-07T09:40:32,nodeGcor1,3.11.9,unknown,13158095,323,2,3,0.6691741347312927,gnnexplainer,attribution,6,13,0.6698314388864978,0.53,0.23124727353399643,0.5428571428571429,0.5,10,10,0.7142857142857143,0.4438266633078456,0.8333333333333334,0.8333333333333334,0.8333333333333334,6
graph,1,2026-10-07T09:40:32,nodeGcor1,3.11.9,unknown,13158095,323,2,3,0.6691741347312927,pgexplainer,attribution,6,13,0.6698314682953338,0.67,0.6479221360051912,0.9142857142857143,0.7142857142857143,10,10,1.0,0.004182341042906046,0.8809523809523809,0.8809523809523809,0.8333333333333334,6
graph,1,2026-10-07T09:40:32,nodeGcor1,3.11.9,unknown,13158095,323,2,3,0.6691741347312927,integrated_gradients,attribution,6,13,0.6698314388864978,0.78,0.565789717938081,1.0,0.7142857142857143,10,10,1.0,0.20328381936997175,0.9761904761904762,0.35714285714285715,0.8333333333333334,6
graph,1,2026-10-07T09:40:32,nodeGcor1,3.11.9,unknown,13158095,323,2,3,0.6691741347312927,lime,attribution,6,13,0.6698314682953338,1.0,0.4954434115520502,0.9333333333333333,0.3333333333333333,10,10,1.0,0.04520322475582361,1.0,0.8333333333333334,1.0,6
graph,1,2026-10-07T09:40:32,nodeGcor1,3.11.9,unknown,13158095,323,2,3,0.6691741347312927,random,attribution,6,13,0.9141252457947235,0.26,0.281288263308746,0.3238528138528139,0.2,10,10,0.2,2.1469779312610626e-05,0.47619047619047616,0.47619047619047616,0.3333333333333333,6
graph,1,2026-10-07T09:40:32,nodeGcor1,3.11.9,unknown,13158095,324,3,3,0.7531907558441162,gnnexplainer,attribution,6,7,0.706661917704063,1.0,0.3038656944549617,1.0,1.0,10,10,0.7142857142857143,0.4330140999518335,1.0,1.0,1.0,6
graph,1,2026-10-07T09:40:32,nodeGcor1,3.11.9,unknown,13158095,324,3,3,0.7531907558441162,pgexplainer,attribution,6,7,0.706661917704063,1.0,0.5144841886022725,0.7142857142857143,0.7142857142857143,10,10,1.0,0.004162267781794071,0.0,0.0,0.8333333333333334,6
graph,1,2026-10-07T09:40:32,nodeGcor1,3.11.9,unknown,13158095,324,3,3,0.7531907558441162,integrated_gradients,attribution,6,7,0.706661917704063,1.0,0.45137446403550796,0.7142857142857143,0.7142857142857143,10,10,1.0,0.2026783898472786,0.6666666666666666,0.6666666666666666,0.8333333333333334,6
graph,1,2026-10-07T09:40:32,nodeGcor1,3.11.9,unknown,13158095,324,3,3,0.7531907558441162,lime,attribution,6,7,0.706661917704063,1.0,0.5125511254383959,0.7142857142857143,0.7142857142857143,10,10,0.7142857142857143,0.04435843601822853,0.8333333333333334,0.6666666666666666,0.8333333333333334,6
graph,1,2026-10-07T09:40:32,nodeGcor1,3.11.9,unknown,13158095,324,3,3,0.7531907558441162,random,attribution,6,7,0.7066568925561654,1.0,0.2810953191134432,0.7714285714285716,0.7142857142857143,10,10,0.7142857142857143,2.128537744283676e-05,0.5,0.5,0.8333333333333334,6
graph,1,2026-10-07T09:40:32,nodeGcor1,3.11.9,unknown,13158095,327,2,3,0.6216061115264893,gnnexplainer,attribution,6,7,0.64456666717807,1.0,0.26529741582479716,1.0,1.0,10,10,1.0,0.43544386187568307,1.0,1.0,1.0,6
graph,1,2026-10-07T09:40:32,nodeGcor1,3.11.9,unknown,13158095,327,2,3,0.6216061115264893,pgexplainer,attribution,6,7,0.64456666717807,0.51,0.7355816088150924,0.7142857142857143,0.7142857142857143,10,10,1.0,0.004277095198631287,0.5,0.5,0.8333333333333334,6
graph,1,2026-10-07T09:40:32,nodeGcor1,3.11.9,unknown,13158095,327,2,3,0.6216061115264893,integrated_gradients,attribution,6,7,0.64456666717807,0.47,0.45941247335349955,0.7142857142857143,0.7142857142857143,10,10,1.0,0.20324366679415107,0.5,0.8333333333333334,0.8333333333333334,6
graph,1,2026-10-07T09:40:32,nodeGcor1,3.11.9,unknown,13158095,327,2,3,0.6216061115264893,lime,attribution,6,7,0.64456666717807,0.55,0.3316726954542133,0.7142857142857143,0.7142857142857143,10,10,1.0,0.04437821405008435,0.5,0.8333333333333334,0.8333333333333334,6
graph,1,2026-10-07T09:40:32,nodeGcor1,3.11.9,unknown,13158095,327,2,3,0.6216061115264893,random,attribution,6,7,0.64456666717807,1.0,0.2509100236749636,0.8,0.7142857142857143,10,10,0.7142857142857143,2.1383166313171387e-05,1.0,1.0,1.0,6
graph,1,2026-10-07T09:40:32,nodeGcor1,3.11.9,unknown,13158095,329,3,0,0.9226073622703552,gnnexplainer,attribution,6,19,0.5245070306793103,0.25,0.2554694980581993,0.3066666666666667,0.2,10,10,0.3333333333333333,0.43587077828124166,0.41025641025641024,0.41025641025641024,0.3333333333333333,6
graph,1,2026-10-07T09:40:32,nodeGcor1,3.11.9,unknown,13158095,329,3,0,0.9226073622703552,pgexplainer,attribution,6,19,0.0,0.17,0.8635480838352526,0.8857142857142858,0.7142857142857143,10,10,1.0,0.004217229317873716,0.8974358974358975,0.8974358974358975,0.6666666666666666,6
graph,1,2026-10-07T09:40:32,nodeGcor1,3.11.9,unknown,13158095,329,3,0,0.9226073622703552,integrated_gradients,attribution,6,19,0.9810704738441338,0.98,0.6459289214075037,1.0,1.0,10,10,1.0,0.20406177593395114,0.9871794871794871,0.8205128205128205,0.8333333333333334,6
graph,1,2026-10-07T09:40:32,nodeGcor1,3.11.9,unknown,13158095,329,3,0,0.9226073622703552,lime,attribution,6,19,0.9810708756032362,0.99,0.6068152544499223,1.0,1.0,10,10,1.0,0.0456863259896636,0.9615384615384615,0.8076923076923077,0.8333333333333334,6
graph,1,2026-10-07T09:40:32,nodeGcor1,3.11.9,unknown,13158095,329,3,0,0.9226073622703552,random,attribution,6,19,0.9986884760848432,0.39,0.3660662799300747,0.1939393939393939,0.09090909090909091,10,10,0.09090909090909091,1.865113154053688e-05,0.4615384615384615,0.4615384615384615,0.3333333333333333,6
graph,1,2026-10-07T09:40:32,nodeGcor1,3.11.9,unknown,13158095,331,1,1,0.9816774725914001,gnnexplainer,attribution,6,16,0.2263688255822228,1.0,0.3359956906431697,0.7142857142857143,0.7142857142857143,10,10,0.7142857142857143,0.4202206018380821,0.9500000000000001,0.9500000000000001,0.8333333333333334,6
graph,1,2026-10-07T09:40:32,nodeGcor1,3.11.9,unknown,13158095,331,1,1,0.9816774725914001,pgexplainer,attribution,6,16,0.9999800950447048,1.0,0.8370711468337728,0.6928571428571428,0.5,10,10,1.0,0.004292320925742388,0.8499999999999999,0.8499999999999999,0.6666666666666666,6
graph,1,2026-10-07T09:40:32,nodeGcor1,3.11.9,unknown,13158095,331,1,1,0.9816774725914001,integrated_gradients,attribution,6,16,0.2263688255822228,1.0,0.6719325976166061,1.0,0.7142857142857143,10,10,1.0,0.20368922129273415,0.9833333333333334,0.5166666666666667,0.8333333333333334,6
graph,1,2026-10-07T09:40:32,nodeGcor1,3.11.9,unknown,13158095,331,1,1,0.9816774725914001,lime,attribution,6,16,0.22637289363108698,1.0,0.6626009922739666,0.9714285714285715,0.7142857142857143,10,10,0.7142857142857143,0.04544071480631828,0.9333333333333333,0.5166666666666666,0.8333333333333334,6
graph,1,2026-10-07T09:40:32,nodeGcor1,3.11.9,unknown,13158095,331,1,1,0.9816774725914001,random,attribution,6,16,0.0,0.79,0.3408093287483511,0.2390909090909091,0.2,10,10,0.2,2.1200161427259445e-05,0.3666666666666667,0.3666666666666667,0.0,6
graph,1,2026-10-07T09:40:32,nodeGcor1,3.11.9,unknown,13158095,332,2,3,0.6216061115264893,gnnexplainer,attribution,6,7,0.64456666717807,1.0,0.26529741582479716,1.0,1.0,10,10,1.0,0.4189465478993952,1.0,1.0,1.0,6
graph,1,2026-10-07T09:40:32,nodeGcor1,3.11.9,unknown,13158095,332,2,3,0.6216061115264893,pgexplainer,attribution,6,7,0.64456666717807,0.43,0.7355814316513916,0.7142857142857143,0.7142857142857143,10,10,1.0,0.004322898108512163,0.5,0.5,0.8333333333333334,6
graph,1,2026-10-07T09:40:32,nodeGcor1,3.11.9,unknown,13158095,332,2,3,0.6216061115264893,integrated_gradients,attribution,6,7,0.64456666717807,0.54,0.45941250919403764,0.7142857142857143,0.7142857142857143,10,10,1.0,0.20333551988005638,0.5,0.8333333333333334,0.8333333333333334,6
graph,1,2026-10-07T09:40:32,nodeGcor1,3.11.9,unknown,13158095,332,2,3,0.6216061115264893,lime,attribution,6,7,0.64456666717807,0.53,0.3316726968749577,0.7142857142857143,0.7142857142857143,10,10,1.0,0.0449094888754189,0.5,0.8333333333333334,0.8333333333333334,6
graph,1,2026-10-07T09:40:32,nodeGcor1,3.11.9,unknown,13158095,332,2,3,0.6216061115264893,random,attribution,6,7,0.6445605782821067,0.49,0.48288137686098576,0.8285714285714286,0.7142857142857143,10,10,0.7142857142857143,2.2513791918754578e-05,0.16666666666666666,0.16666666666666666,0.8333333333333334,6
graph,1,2026-10-07T09:40:32,nodeGcor1,3.11.9,unknown,13158095,335,1,1,0.9721154570579529,gnnexplainer,attribution,6,15,0.21876307529456662,0.56,0.24192001541779307,0.7142857142857143,0.7142857142857143,10,10,0.7142857142857143,0.4405489810742438,0.9814814814814814,0.9814814814814814,0.8333333333333334,6
graph,1,2026-10-07T09:40:32,nodeGcor1,3.11.9,unknown,13158095,335,1,1,0.9721154570579529,pgexplainer,attribution,6,15,0.9998549551570424,1.0,0.8711877106481006,0.7714285714285716,0.7142857142857143,10,10,1.0,0.004221288021653891,0.9259259259259259,0.9259259259259259,0.8333333333333334,6
graph,1,2026-10-07T09:40:32,nodeGcor1,3.11.9,unknown,13158095,335,1,1,0.9721154570579529,integrated_gradients,attribution,6,15,0.21875896723015412,1.0,0.6541929233582452,0.9714285714285715,1.0,10,10,1.0,0.20510216103866696,0.9814814814814815,0.5185185185185185,0.8333333333333334,6
graph,1,2026-10-07T09:40:32,nodeGcor1,3.11.9,unknown,13158095,335,1,1,0.9721154570579529,lime,attribution,6,15,0.9999372200143753,0.99,0.5551902326323055,0.5428571428571429,0.5,10,10,0.5,0.04583687102422118,0.9444444444444444,0.5185185185185185,0.8333333333333334,6
graph,1,2026-10-07T09:40:32,nodeGcor1,3.11.9,unknown,13158095,335,1,1,0.9721154570579529,random,attribution,6,15,0.06175781991520955,0.4,0.2884817269887133,0.24818181818181814,0.09090909090909091,10,10,0.2,2.201087772846222e-05,0.4814814814814815,0.4814814814814815,0.3333333333333333,6
graph,1,2026-10-07T09:40:32,nodeGcor1,3.11.9,unknown,13158095,339,3,0,0.9464169144630432,gnnexplainer,attribution,6,15,0.9815466790637103,0.5,0.22924540421224004,0.5214285714285715,0.5,10,10,0.7142857142857143,0.41917184460908175,0.8888888888888888,0.8888888888888888,0.8333333333333334,6
graph,1,2026-10-07T09:40:32,nodeGcor1,3.11.9,unknown,13158095,339,3,0,0.9464169144630432,pgexplainer,attribution,6,15,0.9815466790637103,0.22,0.8711877541785751,0.8857142857142858,0.7142857142857143,10,10,1.0,0.004200542811304331,0.9259259259259259,0.9259259259259259,0.8333333333333334,6
graph,1,2026-10-07T09:40:32,nodeGcor1,3.11.9,unknown,13158095,339,3,0,0.9464169144630432,integrated_gradients,attribution,6,15,0.9815466790637103,1.0,0.588597383174338,1.0,1.0,10,10,1.0,0.20259456802159548,0.8148148148148149,0.7962962962962965,0.8333333333333334,6
graph,1,2026-10-07T09:40:32,nodeGcor1,3.11.9,unknown,13158095,339,3,0,0.9464169144630432,lime,attribution,6,15,0.9815470707158623,0.99,0.5606149096782758,1.0,1.0,10,10,1.0,0.045559816993772984,0.888888888888889,0.7777777777777777,0.8333333333333334,6
graph,1,2026-10-07T09:40:32,nodeGcor1,3.11.9,unknown,13158095,339,3,0,0.9464169144630432,random,attribution,6,15,0.0,0.07,0.2108230829416099,0.18484848484848485,0.09090909090909091,10,10,0.5,8.422881364822388e-06,0.37037037037037035,0.37037037037037035,0.3333333333333333,6
graph,1,2026-10-07T09:40:32,nodeGcor1,3.11.9,unknown,13158095,343,2,2,0.6552808284759521,gnnexplainer,attribution,6,7,0.9967347110448873,0.51,0.3985255516342887,nan,nan,0,0,1.0,0.42439908534288406,1.0,1.0,1.0,6
graph,1,2026-10-07T09:40:32,nodeGcor1,3.11.9,unknown,13158095,343,2,2,0.6552808284759521,pgexplainer,attribution,6,7,0.9967347140150065,0.48,0.7025556456339285,nan,nan,0,0,1.0,0.004185435827821493,0.16666666666666666,0.16666666666666666,0.8333333333333334,6
graph,1,2026-10-07T09:40:32,nodeGcor1,3.11.9,unknown,13158095,343,2,2,0.6552808284759521,integrated_gradients,attribution,6,7,0.9967347140150065,0.51,0.24202510763934626,nan,nan,0,0,1.0,0.2033953652717173,1.0,0.6666666666666666,1.0,6
graph,1,2026-10-07T09:40:32,nodeGcor1,3.11.9,unknown,13158095,343,2,2,0.6552808284759521,lime,attribution,6,7,0.9967345781573421,0.55,0.36068435572248114,nan,nan,0,0,0.7142857142857143,0.04436462977901101,0.5,0.3333333333333333,0.8333333333333334,6
graph,1,2026-10-07T09:40:32,nodeGcor1,3.11.9,unknown,13158095,343,2,2,0.6552808284759521,random,attribution,6,7,0.9967347140150065,0.49,0.26800980300289357,nan,nan,0,0,0.7142857142857143,2.1614134311676025e-05,0.8333333333333334,0.8333333333333334,0.8333333333333334,6
graph,1,2026-10-07T09:40:32,nodeGcor1,3.11.9,unknown,13158095,345,1,1,0.97314453125,gnnexplainer,attribution,6,14,0.21958916490390434,1.0,0.1888341122018503,0.7142857142857143,0.7142857142857143,10,10,1.0,0.4355917489156127,0.8958333333333334,0.8958333333333334,0.8333333333333334,6
graph,1,2026-10-07T09:40:32,nodeGcor1,3.11.9,unknown,13158095,345,1,1,0.97314453125,pgexplainer,attribution,6,14,0.2195850611834101,1.0,0.890849446173802,1.0,1.0,10,10,1.0,0.004205761011689901,1.0,1.0,1.0,6
graph,1,2026-10-07T09:40:32,nodeGcor1,3.11.9,unknown,13158095,345,1,1,0.97314453125,integrated_gradients,attribution,6,14,0.2195850611834101,1.0,0.6354198547388193,0.9714285714285715,0.7142857142857143,10,10,1.0,0.20266583282500505,0.9791666666666666,0.5208333333333334,0.8333333333333334,6
graph,1,2026-10-07T09:40:32,nodeGcor1,3.11.9,unknown,13158095,345,1,1,0.97314453125,lime,attribution,6,14,0.9696142944497854,1.0,0.5695575475964421,0.6928571428571428,0.5,10,10,0.7142857142857143,0.0455708559602499,0.7916666666666666,0.5416666666666666,0.6666666666666666,6
graph,1,2026-10-07T09:40:32,nodeGcor1,3.11.9,unknown,13158095,345,1,1,0.97314453125,random,attribution,6,14,0.0,0.56,0.3147849901199984,0.24575757575757579,0.09090909090909091,10,10,0.2,2.1724961698055267e-05,0.4375,0.4375,0.5,6
graph,1,2026-10-07T09:40:32,nodeGcor1,3.11.9,unknown,13158095,351,1,1,0.9750185012817383,gnnexplainer,attribution,6,7,0.22108496001001585,1.0,0.13772370337482964,1.0,1.0,10,10,1.0,0.4217900331132114,1.0,1.0,1.0,6
graph,1,2026-10-07T09:40:32,nodeGcor1,3.11.9,unknown,13158095,351,1,1,0.9750185012817383,pgexplainer,attribution,6,7,0.22108496001001585,1.0,0.51448454575764,0.7142857142857143,0.7142857142857143,10,10,1.0,0.004210056271404028,0.0,0.0,0.8333333333333334,6
graph,1,2026-10-07T09:40:32,nodeGcor1,3.11.9,unknown,13158095,351,1,1,0.9750185012817383,integrated_gradients,attribution,6,7,0.22108496001001585,1.0,0.2967254338825198,1.0,1.0,10,10,1.0,0.2038469179533422,1.0,0.5,1.0,6
graph,1,2026-10-07T09:40:32,nodeGcor1,3.11.9,unknown,13158095,351,1,1,0.9750185012817383,lime,attribution,6,7,0.22108496001001585,1.0,0.4062853797598174,1.0,1.0,10,10,1.0,0.04448219109326601,1.0,0.5,1.0,6
graph,1,2026-10-07T09:40:32,nodeGcor1,3.11.9,unknown,13158095,351,1,1,0.9750185012817383,random,attribution,6,7,0.22108496001001585,1.0,0.2195638874165442,0.7714285714285716,0.7142857142857143,10,10,0.7142857142857143,2.2463034838438034e-05,0.6666666666666666,0.6666666666666666,0.8333333333333334,6
graph,1,2026-10-07T09:40:32,nodeGcor1,3.11.9,unknown,13158095,355,1,1,0.9880117177963257,gnnexplainer,attribution,6,225,0.9974581421279125,0.91,0.6028920606606971,0.15878787878787876,0.09090909090909091,10,10,0.2,0.44906857423484325,0.9733637747336378,0.9733637747336378,0.3333333333333333,6
graph,1,2026-10-07T09:40:32,nodeGcor1,3.11.9,unknown,13158095,355,1,1,0.9880117177963257,pgexplainer,attribution,6,225,0.004049025807419194,0.6,0.9574034262918147,0.7714285714285715,0.0,10,10,1.0,0.0045084659941494465,0.8637747336377474,0.8637747336377474,0.0,6
graph,1,2026-10-07T09:40:32,nodeGcor1,3.11.9,unknown,13158095,355,1,1,0.9880117177963257,integrated_gradients,attribution,6,225,0.9999999692714912,1.0,0.9528478039528853,1.0,0.7142857142857143,10,10,1.0,0.21046521095559,1.0,0.5,1.0,6
graph,1,2026-10-07T09:40:32,nodeGcor1,3.11.9,unknown,13158095,355,1,1,0.9880117177963257,lime,attribution,6,225,0.23132879498815342,0.73,0.5297184954890803,0.7428571428571429,0.7142857142857143,10,10,0.7142857142857143,0.0768291219137609,0.9885844748858448,0.5068493150684932,0.8333333333333334,6
graph,1,2026-10-07T09:40:32,nodeGcor1,3.11.9,unknown,13158095,355,1,1,0.9880117177963257,random,attribution,6,225,0.0,0.53,0.3317151599587814,0.01818181818181818,0.0,10,10,0.0,9.024050086736679e-06,0.5136986301369864,0.5136986301369864,0.0,6
graph,1,2026-10-07T09:40:32,nodeGcor1,3.11.9,unknown,13158095,360,1,1,0.8039463758468628,gnnexplainer,attribution,6,20,0.05533921766786134,0.55,0.30505931610856796,0.7142857142857143,0.7142857142857143,10,10,0.7142857142857143,0.4460684438236058,0.9285714285714286,0.9285714285714286,0.8333333333333334,6
graph,1,2026-10-07T09:40:32,nodeGcor1,3.11.9,unknown,13158095,360,1,1,0.8039463758468628,pgexplainer,attribution,6,20,0.0,0.34,0.7417828926063466,0.9142857142857143,0.7142857142857143,10,10,1.0,0.004300529137253761,0.8809523809523809,0.8809523809523809,0.6666666666666666,6
graph,1,2026-10-07T09:40:32,nodeGcor1,3.11.9,unknown,13158095,360,1,1,0.8039463758468628,integrated_gradients,attribution,6,20,0.05533425025372736,0.6,0.7551806415567223,1.0,1.0,10,10,1.0,0.20358042512089014,0.9761904761904762,0.5238095238095238,0.8333333333333334,6
graph,1,2026-10-07T09:40:32,nodeGcor1,3.11.9,unknown,13158095,360,1,1,0.8039463758468628,lime,attribution,6,20,0.05533425025372736,0.59,0.5969685003299681,0.9714285714285713,0.7142857142857143,10,10,1.0,0.046239850111305714,0.9166666666666667,0.5595238095238095,0.8333333333333334,6
graph,1,2026-10-07T09:40:32,nodeGcor1,3.11.9,unknown,13158095,360,1,1,0.8039463758468628,random,attribution,6,20,0.9858189709882996,0.68,0.43041101166047113,0.18727272727272726,0.0,10,10,0.2,2.199411392211914e-05,0.6666666666666666,0.6666666666666666,0.3333333333333333,6
graph,1,2026-10-07T09:40:32,nodeGcor1,3.11.9,unknown,13158095,362,2,3,0.5888593196868896,gnnexplainer,attribution,6,20,0.6247928013080949,0.9,0.30036742240609016,0.5428571428571429,0.5,10,10,0.7142857142857143,0.4245713544078171,0.9285714285714286,0.9285714285714286,0.8333333333333334,6
graph,1,2026-10-07T09:40:32,nodeGcor1,3.11.9,unknown,13158095,362,2,3,0.5888593196868896,pgexplainer,attribution,6,20,0.624800089195646,0.4,0.7417830458352923,0.7714285714285716,0.5,10,10,1.0,0.004236119799315929,0.8809523809523809,0.8809523809523809,0.6666666666666666,6
graph,1,2026-10-07T09:40:32,nodeGcor1,3.11.9,unknown,13158095,362,2,3,0.5888593196868896,integrated_gradients,attribution,6,20,0.624800089195646,0.5,0.6856074979766185,1.0,1.0,10,10,1.0,0.20332578383386135,0.9642857142857142,0.369047619047619,0.8333333333333334,6
graph,1,2026-10-07T09:40:32,nodeGcor1,3.11.9,unknown,13158095,362,2,3,0.5888593196868896,lime,attribution,6,20,0.624800089195646,0.47,0.6360148628557525,0.6547619047619049,0.7142857142857143,10,10,0.7142857142857143,0.045861599035561085,0.9404761904761905,0.8095238095238096,0.8333333333333334,6
graph,1,2026-10-07T09:40:32,nodeGcor1,3.11.9,unknown,13158095,362,2,3,0.5888593196868896,random,attribution,6,20,0.4080664363829161,0.23,0.33813572193614994,0.2315151515151515,0.0,10,10,0.3333333333333333,1.888209953904152e-05,0.5476190476190477,0.5476190476190477,0.16666666666666666,6
graph,1,2026-10-07T09:40:32,nodeGcor1,3.11.9,unknown,13158095,366,1,1,0.9967781901359558,gnnexplainer,attribution,6,551,0.0014075088546347363,0.7,0.695558000393518,0.2290909090909091,0.09090909090909091,10,10,0.2,0.4416303592734039,0.9896024464831803,0.9896024464831803,0.3333333333333333,6
graph,1,2026-10-07T09:40:32,nodeGcor1,3.11.9,unknown,13158095,366,1,1,0.9967781901359558,pgexplainer,attribution,6,551,0.00027147974339543303,0.59,0.9520428297625536,0.7976190476190477,0.2,10,10,1.0,0.004424563609063625,0.8281345565749235,0.8281345565749235,0.0,6
graph,1,2026-10-07T09:40:32,nodeGcor1,3.11.9,unknown,13158095,366,1,1,0.9967781901359558,integrated_gradients,attribution,6,551,0.9999999998485144,0.99,0.971150083051407,1.0,0.7142857142857143,10,10,1.0,0.2085682381875813,1.0,0.49999999999999994,1.0,6
graph,1,2026-10-07T09:40:32,nodeGcor1,3.11.9,unknown,13158095,366,1,1,0.9967781901359558,lime,attribution,6,551,0.23808911029570184,0.73,0.4399068922671736,0.5,0.5,10,10,0.5,0.2496072594076395,0.7223241590214067,0.6394495412844037,0.5,6
graph,1,2026-10-07T09:40:32,nodeGcor1,3.11.9,unknown,13158095,366,1,1,0.9967781901359558,random,attribution,6,551,0.0,0.59,0.3135471561279848,0.00909090909090909,0.0,10,10,0.0,1.2181233614683151e-05,0.4896024464831804,0.4896024464831804,0.0,6
graph,1,2026-10-07T09:40:32,nodeGcor1,3.11.9,unknown,13158095,368,2,3,0.6216061115264893,gnnexplainer,attribution,6,7,0.64456666717807,1.0,0.18388416170879363,1.0,1.0,10,10,1.0,0.4426623792387545,1.0,1.0,1.0,6
graph,1,2026-10-07T09:40:32,nodeGcor1,3.11.9,unknown,13158095,368,2,3,0.6216061115264893,pgexplainer,attribution,6,7,0.64456666717807,0.42,0.7355816065150473,0.7142857142857143,0.7142857142857143,10,10,1.0,0.004242915194481611,0.5,0.5,0.8333333333333334,6
graph,1,2026-10-07T09:40:32,nodeGcor1,3.11.9,unknown,13158095,368,2,3,0.6216061115264893,integrated_gradients,attribution,6,7,0.64456666717807,0.55,0.45941246684440273,0.7142857142857143,0.7142857142857143,10,10,1.0,0.2034733179025352,0.5,0.8333333333333334,0.8333333333333334,6
graph,1,2026-10-07T09:40:32,nodeGcor1,3.11.9,unknown,13158095,368,2,3,0.6216061115264893,lime,attribution,6,7,0.64456666717807,0.47,0.5697085073582391,0.7142857142857143,0.7142857142857143,10,10,1.0,0.04466233029961586,0.3333333333333333,0.8333333333333334,0.8333333333333334,6
graph,1,2026-10-07T09:40:32,nodeGcor1,3.11.9,unknown,13158095,368,2,3,0.6216061115264893,random,attribution,6,7,0.64456666717807,0.61,0.188794212850939,0.8285714285714286,0.7142857142857143,10,10,0.7142857142857143,2.2052787244319916e-05,0.3333333333333333,0.3333333333333333,0.8333333333333334,6
graph,1,2026-10-07T09:40:32,nodeGcor1,3.11.9,unknown,13158095,370,1,1,0.9750185012817383,gnnexplainer,attribution,6,7,0.22108496001001585,1.0,0.137566254634794,1.0,1.0,10,10,1.0,0.43584384117275476,1.0,1.0,1.0,6
graph,1,2026-10-07T09:40:32,nodeGcor1,3.11.9,unknown,13158095,370,1,1,0.9750185012817383,pgexplainer,attribution,6,7,0.22108496001001585,1.0,0.51448454575764,0.7142857142857143,0.7142857142857143,10,10,1.0,0.0042097922414541245,0.0,0.0,0.8333333333333334,6
graph,1,2026-10-07T09:40:32,nodeGcor1,3.11.9,unknown,13158095,370,1,1,0.9750185012817383,integrated_gradients,attribution,6,7,0.22108496001001585,1.0,0.29672544565728853,1.0,1.0,10,10,1.0,0.2038657609373331,1.0,0.5,1.0,6
graph,1,2026-10-07T09:40:32,nodeGcor1,3.11.9,unknown,13158095,370,1,1,0.9750185012817383,lime,attribution,6,7,0.22108496001001585,1.0,0.3899964841026885,1.0,1.0,10,10,1.0,0.04441474284976721,1.0,0.5,1.0,6
graph,1,2026-10-07T09:40:32,nodeGcor1,3.11.9,unknown,13158095,370,1,1,0.9750185012817383,random,attribution,6,7,0.22108496001001585,1.0,0.3237572755079895,0.7428571428571429,0.7142857142857143,10,10,0.7142857142857143,2.121599391102791e-05,1.0,1.0,1.0,6
graph,1,2026-10-07T09:40:32,nodeGcor1,3.11.9,unknown,13158095,373,2,3,0.5309507846832275,gnnexplainer,attribution,6,195,0.5838710972033173,0.32,0.6119263415654592,0.7142857142857143,0.7142857142857143,10,10,0.7142857142857143,0.4476493578404188,0.9955908289241623,0.9955908289241623,0.8333333333333334,6
graph,1,2026-10-07T09:40:32,nodeGcor1,3.11.9,unknown,13158095,373,2,3,0.5309507846832275,pgexplainer,attribution,6,195,0.021471223892205054,0.12,0.9061135531207407,0.7785714285714287,0.0,10,10,1.0,0.0044485959224402905,0.8492063492063493,0.8492063492063493,0.0,6
graph,1,2026-10-07T09:40:32,nodeGcor1,3.11.9,unknown,13158095,373,2,3,0.5309507846832275,integrated_gradients,attribution,6,195,0.5838791799390989,0.34,0.9471976002040912,0.9428571428571428,0.7142857142857143,10,10,1.0,0.21007267013192177,0.9973544973544973,0.5008818342151675,0.8333333333333334,6
graph,1,2026-10-07T09:40:32,nodeGcor1,3.11.9,unknown,13158095,373,2,3,0.5309507846832275,lime,attribution,6,195,0.5838791799390989,0.09,0.47251301948015145,0.5,0.5,10,10,0.5,0.06988034583628178,0.7574955908289241,0.6869488536155204,0.5,6
graph,1,2026-10-07T09:40:32,nodeGcor1,3.11.9,unknown,13158095,373,2,3,0.5309507846832275,random,attribution,6,195,0.0036349858973099645,0.14,0.34761539768158745,0.02727272727272727,0.0,10,10,0.0,2.216966822743416e-05,0.628747795414462,0.628747795414462,0.0,6
graph,1,2026-10-07T09:40:32,nodeGcor1,3.11.9,unknown,13158095,380,1,1,0.97314453125,gnnexplainer,attribution,6,14,0.21958916490390434,1.0,0.1888341122018503,0.7142857142857143,0.7142857142857143,10,10,1.0,0.4473635111935437,0.8958333333333334,0.8958333333333334,0.8333333333333334,6
graph,1,2026-10-07T09:40:32,nodeGcor1,3.11.9,unknown,13158095,380,1,1,0.97314453125,pgexplainer,attribution,6,14,0.2195850611834101,1.0,0.8908494476942578,1.0,1.0,10,10,1.0,0.004306192044168711,1.0,1.0,1.0,6
graph,1,2026-10-07T09:40:32,nodeGcor1,3.11.9,unknown,13158095,380,1,1,0.97314453125,integrated_gradients,attribution,6,14,0.2195850611834101,1.0,0.6354198225706524,0.8857142857142856,0.7142857142857143,10,10,1.0,0.203908602707088,0.9791666666666666,0.5208333333333334,0.8333333333333334,6
graph,1,2026-10-07T09:40:32,nodeGcor1,3.11.9,unknown,13158095,380,1,1,0.97314453125,lime,attribution,6,14,0.9696142944497854,1.0,0.5695575166393803,0.6928571428571428,0.5,10,10,0.7142857142857143,0.046030156314373016,0.7916666666666666,0.5416666666666666,0.6666666666666666,6
graph,1,2026-10-07T09:40:32,nodeGcor1,3.11.9,unknown,13158095,380,1,1,0.97314453125,random,attribution,6,14,0.0,0.89,0.3445094067252751,0.29385281385281387,0.2,10,10,0.09090909090909091,2.190377563238144e-05,0.3958333333333333,0.3958333333333333,0.3333333333333333,6
graph,1,2026-10-07T09:40:32,nodeGcor1,3.11.9,unknown,13158095,382,2,2,0.39815303683280945,gnnexplainer,attribution,6,14,0.9946259596719045,0.0,0.3916436842934662,nan,nan,0,0,0.3333333333333333,0.4357175542972982,0.7916666666666666,0.7916666666666666,0.5,6
graph,1,2026-10-07T09:40:32,nodeGcor1,3.11.9,unknown,13158095,382,2,2,0.39815303683280945,pgexplainer,attribution,6,14,0.9946259596719045,0.0,0.8908494159870162,nan,nan,0,0,1.0,0.004267804324626923,1.0,1.0,1.0,6
graph,1,2026-10-07T09:40:32,nodeGcor1,3.11.9,unknown,13158095,382,2,2,0.39815303683280945,integrated_gradients,attribution,6,14,0.9946259596719045,0.0,0.5652267467991401,nan,nan,0,0,1.0,0.20376963494345546,1.0,0.6666666666666666,1.0,6
graph,1,2026-10-07T09:40:32,nodeGcor1,3.11.9,unknown,13158095,382,2,2,0.39815303683280945,lime,attribution,6,14,0.9946257234193516,0.0,0.5724272969921478,nan,nan,0,0,0.5,0.04575711814686656,0.9166666666666667,0.6041666666666666,0.8333333333333334,6
graph,1,2026-10-07T09:40:32,nodeGcor1,3.11.9,unknown,13158095,382,2,2,0.39815303683280945,random,attribution,6,14,0.9162736484594949,0.29,0.3631745787564311,nan,nan,0,0,0.3333333333333333,2.218177542090416e-05,0.25,0.25,0.3333333333333333,6
graph,1,2026-10-07T09:40:32,nodeGcor1,3.11.9,unknown,13158095,383,2,3,0.6216061115264893,gnnexplainer,attribution,6,7,0.64456666717807,1.0,0.18388416170879363,1.0,1.0,10,10,1.0,0.427153751719743,1.0,1.0,1.0,6
graph,1,2026-10-07T09:40:32,nodeGcor1,3.11.9,unknown,13158095,383,2,3,0.6216061115264893,pgexplainer,attribution,6,7,0.64456666717807,0.55,0.7355814433535559,0.7142857142857143,0.7142857142857143,10,10,1.0,0.004131662659347057,0.5,0.5,0.8333333333333334,6
graph,1,2026-10-07T09:40:32,nodeGcor1,3.11.9,unknown,13158095,383,2,3,0.6216061115264893,integrated_gradients,attribution,6,7,0.64456666717807,0.51,0.4594124455115113,0.7142857142857143,0.7142857142857143,10,10,1.0,0.20073500322178006,0.5,0.8333333333333334,0.8333333333333334,6
graph,1,2026-10-07T09:40:32,nodeGcor1,3.11.9,unknown,13158095,383,2,3,0.6216061115264893,lime,attribution,6,7,0.64456666717807,0.54,0.5697085213472062,0.7142857142857143,0.7142857142857143,10,10,1.0,0.04416829999536276,0.3333333333333333,0.8333333333333334,0.8333333333333334,6
graph,1,2026-10-07T09:40:32,nodeGcor1,3.11.9,unknown,13158095,383,2,3,0.6216061115264893,random,attribution,6,7,0.64456666717807,0.55,0.25449528829596146,0.7142857142857143,0.7142857142857143,10,10,0.7142857142857143,2.1724030375480652e-05,0.16666666666666666,0.16666666666666666,0.8333333333333334,6
graph,1,2026-10-07T09:40:32,nodeGcor1,3.11.9,unknown,13158095,384,3,0,0.9656863212585449,gnnexplainer,attribution,6,14,0.9993404882991049,0.36,0.23632173796779454,0.18303030303030302,0.2,10,10,0.5,0.42937825806438923,0.4583333333333333,0.4583333333333333,0.5,6
graph,1,2026-10-07T09:40:32,nodeGcor1,3.11.9,unknown,13158095,384,3,0,0.9656863212585449,pgexplainer,attribution,6,14,0.9819148961860584,0.5,0.8908494142218399,1.0,1.0,10,10,1.0,0.004172447137534618,1.0,1.0,1.0,6
graph,1,2026-10-07T09:40:32,nodeGcor1,3.11.9,unknown,13158095,384,3,0,0.9656863212585449,integrated_gradients,attribution,6,14,0.9819148961860584,1.0,0.5841209009282389,1.0,1.0,10,10,1.0,0.20076976902782917,0.8125000000000001,0.7916666666666667,0.8333333333333334,6
graph,1,2026-10-07T09:40:32,nodeGcor1,3.11.9,unknown,13158095,384,3,0,0.9656863212585449,lime,attribution,6,14,0.9819152800231928,1.0,0.5409576996178387,1.0,1.0,10,10,1.0,0.04537997301667929,0.8125,0.7083333333333334,0.8333333333333334,6
graph,1,2026-10-07T09:40:32,nodeGcor1,3.11.9,unknown,13158095,384,3,0,0.9656863212585449,random,attribution,6,14,0.999997768929939,0.48,0.30215504420479133,0.3266666666666667,0.09090909090909091,10,10,0.5,2.1270010620355606e-05,0.3958333333333333,0.3958333333333333,0.3333333333333333,6
graph,1,2026-10-07T09:40:32,nodeGcor1,3.11.9,unknown,13158095,385,1,1,0.9965033531188965,gnnexplainer,attribution,6,401,0.20753226714849468,0.76,0.6802895579901659,0.2624242424242425,0.09090909090909091,10,10,0.3333333333333333,0.4451046660542488,0.9751054852320675,0.9751054852320675,0.16666666666666666,6
graph,1,2026-10-07T09:40:32,nodeGcor1,3.11.9,unknown,13158095,385,1,1,0.9965033531188965,pgexplainer,attribution,6,401,2.990689624316747e-06,0.55,0.9565311950545786,0.8357142857142857,0.5,10,10,1.0,0.004392317961901426,0.8717299578059072,0.8717299578059072,0.0,6
graph,1,2026-10-07T09:40:32,nodeGcor1,3.11.9,unknown,13158095,385,1,1,0.9965033531188965,integrated_gradients,attribution,6,401,0.23787897420781418,1.0,0.9634414353511708,1.0,1.0,10,10,1.0,0.2105239829979837,0.9995780590717299,0.5004219409282701,0.8333333333333334,6
graph,1,2026-10-07T09:40:32,nodeGcor1,3.11.9,unknown,13158095,385,1,1,0.9965033531188965,lime,attribution,6,401,0.23787897420781418,0.96,0.4863750078784925,0.7142857142857143,0.5,10,10,0.7142857142857143,0.19894251180812716,0.79957805907173,0.6421940928270042,0.6666666666666666,6
graph,1,2026-10-07T09:40:32,nodeGcor1,3.11.9,unknown,13158095,385,1,1,0.9965033531188965,random,attribution,6,401,0.00031970472083946025,0.58,0.3252077625814702,0.01818181818181818,0.0,10,10,0.0,1.1323019862174988e-05,0.5839662447257384,0.5839662447257384,0.0,6
graph,1,2026-10-07T09:40:32,nodeGcor1,3.11.9,unknown,13158095,386,1,1,0.984208881855011,gnnexplainer,attribution,6,21,0.2283628219837533,0.89,0.2916785882772147,0.7142857142857143,0.7142857142857143,10,10,0.7142857142857143,0.4476511967368424,0.9444444444444444,0.9444444444444444,0.8333333333333334,6
graph,1,2026-10-07T09:40:32,nodeGcor1,3.11.9,unknown,13158095,386,1,1,0.984208881855011,pgexplainer,attribution,6,21,0.9999999596754898,0.96,0.8375152168552892,0.8,0.3333333333333333,10,10,1.0,0.00440196180716157,0.8333333333333333,0.8333333333333333,0.5,6
graph,1,2026-10-07T09:40:32,nodeGcor1,3.11.9,unknown,13158095,386,1,1,0.984208881855011,integrated_gradients,attribution,6,21,0.22835876439874916,1.0,0.7535680425566933,1.0,1.0,10,10,1.0,0.20687759900465608,0.9888888888888889,0.5111111111111111,0.8333333333333334,6
graph,1,2026-10-07T09:40:32,nodeGcor1,3.11.9,unknown,13158095,386,1,1,0.984208881855011,lime,attribution,6,21,0.9699559013940227,0.95,0.6115620390535261,0.6928571428571428,0.5,10,10,0.7142857142857143,0.046271182131022215,0.7555555555555555,0.4666666666666667,0.6666666666666666,6
graph,1,2026-10-07T09:40:32,nodeGcor1,3.11.9,unknown,13158095,386,1,1,0.984208881855011,random,attribution,6,21,0.2283628219837533,0.7,0.31860613018461015,0.20484848484848484,0.09090909090909091,10,10,0.2,2.181529998779297e-05,0.5555555555555556,0.5555555555555556,0.5,6
graph,1,2026-10-07T09:40:32,nodeGcor1,3.11.9,unknown,13158095,389,3,0,0.8941335678100586,gnnexplainer,attribution,6,21,0.9804676354963165,0.8,0.22976122240428565,0.33333333333333337,0.2,10,10,0.5,0.4421113207936287,0.888888888888889,0.888888888888889,0.6666666666666666,6
graph,1,2026-10-07T09:40:32,nodeGcor1,3.11.9,unknown,13158095,389,3,0,0.8941335678100586,pgexplainer,attribution,6,21,0.0,0.21,0.8375153286952427,0.7714285714285716,0.7142857142857143,10,10,1.0,0.004293794743716717,0.8333333333333333,0.8333333333333333,0.5,6
graph,1,2026-10-07T09:40:32,nodeGcor1,3.11.9,unknown,13158095,389,3,0,0.8941335678100586,integrated_gradients,attribution,6,21,0.980467636798381,0.99,0.657336890976586,1.0,1.0,10,10,1.0,0.20845981873571873,0.9888888888888889,0.8222222222222223,0.8333333333333334,6
graph,1,2026-10-07T09:40:32,nodeGcor1,3.11.9,unknown,13158095,389,3,0,0.8941335678100586,lime,attribution,6,21,0.9804680500500231,0.99,0.6161656232855341,1.0,1.0,10,10,1.0,0.04594679083675146,0.8666666666666667,0.7444444444444445,0.8333333333333334,6
graph,1,2026-10-07T09:40:32,nodeGcor1,3.11.9,unknown,13158095,389,3,0,0.8941335678100586,random,attribution,6,21,0.9804678688129755,0.38,0.23733723761885417,0.16303030303030303,0.0,10,10,0.3333333333333333,2.0992010831832886e-05,0.4444444444444444,0.4444444444444444,0.16666666666666666,6
graph,1,2026-10-07T09:40:32,nodeGcor1,3.11.9,unknown,13158095,390,1,1,0.9505741596221924,gnnexplainer,attribution,6,204,0.0,0.69,0.6253535643364254,0.21333333333333332,0.2,10,10,0.5,0.444068047683686,0.9814814814814814,0.9814814814814814,0.3333333333333333,6
graph,1,2026-10-07T09:40:32,nodeGcor1,3.11.9,unknown,13158095,390,1,1,0.9505741596221924,pgexplainer,attribution,6,204,0.768935162855653,0.58,0.9602288985267343,0.8571428571428573,0.3333333333333333,10,10,1.0,0.0043840352445840836,0.8855218855218855,0.8855218855218855,0.16666666666666666,6
graph,1,2026-10-07T09:40:32,nodeGcor1,3.11.9,unknown,13158095,390,1,1,0.9505741596221924,integrated_gradients,attribution,6,204,0.9999999891919492,1.0,0.9178727125646443,1.0,0.7142857142857143,10,10,1.0,0.20985592063516378,0.9983164983164984,0.5016835016835017,0.8333333333333334,6
graph,1,2026-10-07T09:40:32,nodeGcor1,3.11.9,unknown,13158095,390,1,1,0.9505741596221924,lime,attribution,6,204,0.20105533061599995,0.78,0.5279922741119354,0.7142857142857143,0.5,10,10,0.7142857142857143,0.1854933798313141,0.9562289562289562,0.5193602693602694,0.6666666666666666,6
graph,1,2026-10-07T09:40:32,nodeGcor1,3.11.9,unknown,13158095,390,1,1,0.9505741596221924,random,attribution,6,204,0.17387077291505362,0.61,0.3446747014129238,0.01818181818181818,0.0,10,10,0.0,9.723007678985596e-06,0.5050505050505051,0.5050505050505051,0.16666666666666666,6
graph,1,2026-10-07T09:40:32,nodeGcor1,3.11.9,unknown,13158095,391,1,1,0.9723225831985474,gnnexplainer,attribution,6,12,0.21892935240769612,0.49,0.16303071205514685,0.7142857142857143,0.7142857142857143,10,10,0.7142857142857143,0.44360806979238987,0.8611111111111112,0.8611111111111112,0.8333333333333334,6
graph,1,2026-10-07T09:40:32,nodeGcor1,3.11.9,unknown,13158095,391,1,1,0.9723225831985474,pgexplainer,attribution,6,12,0.21892524521763693,1.0,0.8726354088377225,1.0,1.0,10,10,1.0,0.004235183820128441,1.0,1.0,1.0,6
graph,1,2026-10-07T09:40:32,nodeGcor1,3.11.9,unknown,13158095,391,1,1,0.9723225831985474,integrated_gradients,attribution,6,12,0.21892524521763693,1.0,0.5698899289366671,0.9714285714285715,0.7142857142857143,10,10,1.0,0.20532067539170384,0.9722222222222223,0.5277777777777778,0.8333333333333334,6
graph,1,2026-10-07T09:40:32,nodeGcor1,3.11.9,unknown,13158095,391,1,1,0.9723225831985474,lime,attribution,6,12,0.9695886177135383,1.0,0.623577326003564,0.6714285714285715,0.7142857142857143,10,10,0.7142857142857143,0.04550253227353096,0.7777777777777778,0.5277777777777777,0.6666666666666666,6
graph,1,2026-10-07T09:40:32,nodeGcor1,3.11.9,unknown,13158095,391,1,1,0.9723225831985474,random,attribution,6,12,0.9771375947289671,1.0,0.22036508786795572,0.2990909090909091,0.09090909090909091,10,10,0.3333333333333333,2.7311965823173523e-05,0.5833333333333334,0.5833333333333334,0.5,6
graph,1,2026-10-07T09:40:32,nodeGcor1,3.11.9,unknown,13158095,392,2,3,0.6216061115264893,gnnexplainer,attribution,6,7,0.64456666717807,1.0,0.26529741582479716,1.0,1.0,10,10,1.0,0.4316030009649694,1.0,1.0,1.0,6
graph,1,2026-10-07T09:40:32,nodeGcor1,3.11.9,unknown,13158095,392,2,3,0.6216061115264893,pgexplainer,attribution,6,7,0.64456666717807,0.45,0.7355814456536002,0.7142857142857143,0.7142857142857143,10,10,1.0,0.004244592972099781,0.5,0.5,0.8333333333333334,6
graph,1,2026-10-07T09:40:32,nodeGcor1,3.11.9,unknown,13158095,392,2,3,0.6216061115264893,integrated_gradients,attribution,6,7,0.64456666717807,0.49,0.4594124790444266,0.7142857142857143,0.7142857142857143,10,10,1.0,0.20317973801866174,0.5,0.8333333333333334,0.8333333333333334,6
graph,1,2026-10-07T09:40:32,nodeGcor1,3.11.9,unknown,13158095,392,2,3,0.6216061115264893,lime,attribution,6,7,0.64456666717807,0.53,0.33167268988678755,0.7142857142857143,0.7142857142857143,10,10,1.0,0.04455146985128522,0.5,0.8333333333333334,0.8333333333333334,6
graph,1,2026-10-07T09:40:32,nodeGcor1,3.11.9,unknown,13158095,392,2,3,0.6216061115264893,random,attribution,6,7,0.64456666717807,0.43,0.40461751508383403,0.8,0.7142857142857143,10,10,0.7142857142857143,2.228282392024994e-05,0.16666666666666666,0.16666666666666666,0.8333333333333334,6
graph,1,2026-10-07T09:40:32,nodeGcor1,3.11.9,unknown,13158095,395,1,1,0.9786475896835327,gnnexplainer,attribution,6,403,0.5797673193703923,0.72,0.6527215071394561,0.38333333333333336,0.09090909090909091,10,10,0.3333333333333333,0.44712210493162274,0.9853064651553316,0.9853064651553316,0.16666666666666666,6
graph,1,2026-10-07T09:40:32,nodeGcor1,3.11.9,unknown,13158095,395,1,1,0.9786475896835327,pgexplainer,attribution,6,403,0.002441746402609759,0.61,0.9473472992770616,0.8285714285714286,0.0,10,10,1.0,0.00442371005192399,0.8274559193954659,0.8274559193954659,0.0,6
graph,1,2026-10-07T09:40:32,nodeGcor1,3.11.9,unknown,13158095,395,1,1,0.9786475896835327,integrated_gradients,attribution,6,403,0.999999999569228,0.97,0.9627951369694074,1.0,0.7142857142857143,10,10,1.0,0.21026240894570947,0.9991603694374475,0.5008396305625524,0.8333333333333334,6
graph,1,2026-10-07T09:40:32,nodeGcor1,3.11.9,unknown,13158095,395,1,1,0.9786475896835327,lime,attribution,6,403,0.22397400180498359,0.82,0.458184377070187,0.6071428571428572,0.3333333333333333,10,10,0.7142857142857143,0.20958836190402508,0.9853064651553316,0.507136859781696,0.6666666666666666,6
graph,1,2026-10-07T09:40:32,nodeGcor1,3.11.9,unknown,13158095,395,1,1,0.9786475896835327,random,attribution,6,403,0.0004459471492332109,0.61,0.3485980128760644,0.00909090909090909,0.0,10,10,0.0,1.1191237717866898e-05,0.5835432409739715,0.5835432409739715,0.0,6
graph,1,2026-10-07T09:40:32,nodeGcor1,3.11.9,unknown,13158095,398,2,2,0.5395632982254028,gnnexplainer,attribution,6,14,0.47252283949935375,0.48,0.45774504207325206,0.4,0.3333333333333333,10,10,0.5,0.45964733604341745,0.7916666666666666,0.7916666666666666,0.5,6
graph,1,2026-10-07T09:40:32,nodeGcor1,3.11.9,unknown,13158095,398,2,2,0.5395632982254028,pgexplainer,attribution,6,14,0.996034418566276,0.04,0.8498642692200596,0.7428571428571429,0.7142857142857143,10,10,1.0,0.004225336015224457,0.875,0.875,0.6666666666666666,6
graph,1,2026-10-07T09:40:32,nodeGcor1,3.11.9,unknown,13158095,398,2,2,0.5395632982254028,integrated_gradients,attribution,6,14,0.996034418566276,0.06,0.5603633570359621,1.0,1.0,10,10,1.0,0.20331528689712286,1.0,0.6666666666666666,1.0,6
graph,1,2026-10-07T09:40:32,nodeGcor1,3.11.9,unknown,13158095,398,2,2,0.5395632982254028,lime,attribution,6,14,0.996034418566276,0.02,0.5368783678658433,0.6500000000000001,0.5,10,10,0.5,0.04558861209079623,0.8958333333333334,0.7708333333333334,0.8333333333333334,6
graph,1,2026-10-07T09:40:32,nodeGcor1,3.11.9,unknown,13158095,398,2,2,0.5395632982254028,random,attribution,6,14,0.9999792318244137,0.12,0.33997797195991963,0.2724242424242424,0.09090909090909091,10,10,0.3333333333333333,2.159690484404564e-05,0.6041666666666666,0.6041666666666666,0.5,6
graph,1,2026-10-07T09:40:32,nodeGcor1,3.11.9,unknown,13158095,401,1,1,0.984279215335846,gnnexplainer,attribution,6,15,0.22841371654312806,1.0,0.3361517074022198,0.7142857142857143,0.7142857142857143,10,10,0.7142857142857143,0.44072778802365065,0.9814814814814815,0.9814814814814815,0.8333333333333334,6
graph,1,2026-10-07T09:40:32,nodeGcor1,3.11.9,unknown,13158095,401,1,1,0.984279215335846,pgexplainer,attribution,6,15,0.9999724097729762,1.0,0.866346893337832,0.6071428571428572,0.5,10,10,1.0,0.004251507110893726,0.9259259259259259,0.9259259259259259,0.8333333333333334,6
graph,1,2026-10-07T09:40:32,nodeGcor1,3.11.9,unknown,13158095,401,1,1,0.984279215335846,integrated_gradients,attribution,6,15,0.22841371654312806,1.0,0.6506504123574708,0.9142857142857143,0.7142857142857143,10,10,1.0,0.20318790106102824,0.9814814814814814,0.5185185185185185,0.8333333333333334,6
graph,1,2026-10-07T09:40:32,nodeGcor1,3.11.9,unknown,13158095,401,1,1,0.984279215335846,lime,attribution,6,15,0.22841777383917278,1.0,0.6078787020264028,1.0,0.7142857142857143,10,10,1.0,0.04571630712598562,0.9629629629629629,0.5185185185185185,0.8333333333333334,6
graph,1,2026-10-07T09:40:32,nodeGcor1,3.11.9,unknown,13158095,401,1,1,0.984279215335846,random,attribution,6,15,0.22841523045956266,0.65,0.36050600161842417,0.23484848484848486,0.09090909090909091,10,10,0.2,2.4999026209115982e-05,0.27777777777777785,0.27777777777777785,0.16666666666666666,6
graph,1,2026-10-07T09:40:32,nodeGcor1,3.11.9,unknown,13158095,403,2,2,0.6263595819473267,gnnexplainer,attribution,6,15,0.9950911291986944,0.55,0.49192111114848314,0.4,0.3333333333333333,10,10,0.5,0.4312287401407957,0.9074074074074074,0.9074074074074074,0.6666666666666666,6
graph,1,2026-10-07T09:40:32,nodeGcor1,3.11.9,unknown,13158095,403,2,2,0.6263595819473267,pgexplainer,attribution,6,15,0.9965839350797808,0.11,0.8663467214014051,0.7142857142857143,0.5,10,10,1.0,0.004217189736664295,0.9259259259259259,0.9259259259259259,0.8333333333333334,6
graph,1,2026-10-07T09:40:32,nodeGcor1,3.11.9,unknown,13158095,403,2,2,0.6263595819473267,integrated_gradients,attribution,6,15,0.996583935729935,0.08,0.5809662580207849,1.0,1.0,10,10,1.0,0.20325036393478513,1.0,0.6666666666666666,1.0,6
graph,1,2026-10-07T09:40:32,nodeGcor1,3.11.9,unknown,13158095,403,2,2,0.6263595819473267,lime,attribution,6,15,0.996583935729935,0.07,0.5101864823963023,0.7714285714285715,0.7142857142857143,10,10,0.5,0.04572459775954485,0.888888888888889,0.6851851851851852,0.8333333333333334,6
graph,1,2026-10-07T09:40:32,nodeGcor1,3.11.9,unknown,13158095,403,2,2,0.6263595819473267,random,attribution,6,15,0.5456158481606512,0.46,0.363881088712785,0.2315151515151515,0.09090909090909091,10,10,0.5,2.1884683519601822e-05,0.4814814814814815,0.4814814814814815,0.5,6
graph,1,2026-10-07T09:40:32,nodeGcor1,3.11.9,unknown,13158095,405,1,1,0.7325378656387329,gnnexplainer,attribution,6,13,0.0,1.0,0.17959401507787986,0.7142857142857143,0.7142857142857143,10,10,0.7142857142857143,0.4322008192539215,0.9285714285714286,0.9285714285714286,0.8333333333333334,6
graph,1,2026-10-07T09:40:32,nodeGcor1,3.11.9,unknown,13158095,405,1,1,0.7325378656387329,pgexplainer,attribution,6,13,0.0,1.0,0.7377538950166866,1.0,1.0,10,10,1.0,0.004225846845656633,1.0,1.0,1.0,6
graph,1,2026-10-07T09:40:32,nodeGcor1,3.11.9,unknown,13158095,405,1,1,0.7325378656387329,integrated_gradients,attribution,6,13,0.0,0.78,0.6269626904247358,0.9428571428571428,0.7142857142857143,10,10,1.0,0.20066043501719832,0.9285714285714286,0.6904761904761905,0.8333333333333334,6
graph,1,2026-10-07T09:40:32,nodeGcor1,3.11.9,unknown,13158095,405,1,1,0.7325378656387329,lime,attribution,6,13,0.0,0.65,0.5390806387482199,1.0,0.7142857142857143,10,10,1.0,0.045579098630696535,0.7619047619047621,0.6666666666666666,0.8333333333333334,6
graph,1,2026-10-07T09:40:32,nodeGcor1,3.11.9,unknown,13158095,405,1,1,0.7325378656387329,random,attribution,6,13,0.5845037737932377,0.58,0.25930813658770946,0.30242424242424243,0.09090909090909091,10,10,0.2,2.1990854293107986e-05,0.47619047619047616,0.47619047619047616,0.5,6
graph,1,2026-10-07T09:40:32,nodeGcor1,3.11.9,unknown,13158095,407,2,0,0.5387746691703796,gnnexplainer,attribution,6,13,0.802579146344472,0.53,0.2309747896968135,0.38333333333333336,0.3333333333333333,10,10,0.3333333333333333,0.42662234092131257,0.2857142857142857,0.2857142857142857,0.3333333333333333,6
graph,1,2026-10-07T09:40:32,nodeGcor1,3.11.9,unknown,13158095,407,2,0,0.5387746691703796,pgexplainer,attribution,6,13,0.9675848215041354,0.05,0.7377538094095124,1.0,1.0,10,10,1.0,0.0040795267559587955,1.0,1.0,1.0,6
graph,1,2026-10-07T09:40:32,nodeGcor1,3.11.9,unknown,13158095,407,2,0,0.5387746691703796,integrated_gradients,attribution,6,13,0.9675848215041354,0.34,0.5660354514921048,1.0,1.0,10,10,1.0,0.2011913312599063,0.7857142857142858,0.6190476190476191,0.8333333333333334,6
graph,1,2026-10-07T09:40:32,nodeGcor1,3.11.9,unknown,13158095,407,2,0,0.5387746691703796,lime,attribution,6,13,0.9675848215041354,0.21,0.4991038728390442,1.0,1.0,10,10,0.7142857142857143,0.04510324727743864,0.8571428571428572,0.7142857142857144,0.8333333333333334,6
graph,1,2026-10-07T09:40:32,nodeGcor1,3.11.9,unknown,13158095,407,2,0,0.5387746691703796,random,attribution,6,13,0.9675855094818961,0.26,0.36544784912091943,0.33666666666666667,0.09090909090909091,10,10,0.2,2.1284911781549454e-05,0.5476190476190477,0.5476190476190477,0.5,6
graph,1,2026-10-07T09:40:32,nodeGcor1,3.11.9,unknown,13158095,409,3,3,0.7531907558441162,gnnexplainer,attribution,6,7,0.706661917704063,1.0,0.3060938250933658,1.0,1.0,10,10,1.0,0.43620463414117694,1.0,1.0,1.0,6
graph,1,2026-10-07T09:40:32,nodeGcor1,3.11.9,unknown,13158095,409,3,3,0.7531907558441162,pgexplainer,attribution,6,7,0.706661917704063,1.0,0.5144841886022725,0.7142857142857143,0.7142857142857143,10,10,1.0,0.0041901529766619205,0.0,0.0,0.8333333333333334,6
graph,1,2026-10-07T09:40:32,nodeGcor1,3.11.9,unknown,13158095,409,3,3,0.7531907558441162,integrated_gradients,attribution,6,7,0.706661917704063,1.0,0.4513744621244754,0.7142857142857143,0.7142857142857143,10,10,1.0,0.2035628193989396,0.6666666666666666,0.6666666666666666,0.8333333333333334,6
graph,1,2026-10-07T09:40:32,nodeGcor1,3.11.9,unknown,13158095,409,3,3,0.7531907558441162,lime,attribution,6,7,0.706661917704063,1.0,0.5850564775417115,1.0,1.0,10,10,1.0,0.04461906012147665,1.0,0.5,1.0,6
graph,1,2026-10-07T09:40:32,nodeGcor1,3.11.9,unknown,13158095,409,3,3,0.7531907558441162,random,attribution,6,7,0.706661917704063,1.0,0.2937978307150635,0.7428571428571429,0.7142857142857143,10,10,0.7142857142857143,3.226986154913902e-05,1.0,1.0,1.0,6
graph,1,2026-10-07T09:40:32,nodeGcor1,3.11.9,unknown,13158095,410,1,1,0.996381402015686,gnnexplainer,attribution,6,525,0.9999087419203898,0.91,0.6292662160307317,0.3533333333333334,0.2,10,10,0.3333333333333333,0.44793889205902815,0.9922928709055877,0.9922928709055877,0.3333333333333333,6
graph,1,2026-10-07T09:40:32,nodeGcor1,3.11.9,unknown,13158095,410,1,1,0.996381402015686,pgexplainer,attribution,6,525,0.00013645195951833474,0.58,0.9467883638580673,0.8857142857142856,0.0,10,10,1.0,0.0045005748979747295,0.8243416827231856,0.8243416827231856,0.0,6
graph,1,2026-10-07T09:40:32,nodeGcor1,3.11.9,unknown,13158095,410,1,1,0.996381402015686,integrated_gradients,attribution,6,525,0.23778569516859563,1.0,0.9629219149753516,1.0,1.0,10,10,1.0,0.20954456413164735,0.9996788696210662,0.5003211303789339,0.8333333333333334,6
graph,1,2026-10-07T09:40:32,nodeGcor1,3.11.9,unknown,13158095,410,1,1,0.996381402015686,lime,attribution,6,525,0.23778569516859563,0.75,0.45282588380511624,0.5,0.2,10,10,0.5,0.22257343586534262,0.8863198458574182,0.5571612074502248,0.5,6
graph,1,2026-10-07T09:40:32,nodeGcor1,3.11.9,unknown,13158095,410,1,1,0.996381402015686,random,attribution,6,525,0.00013716981287836106,0.6,0.3447567793039903,0.0,0.0,10,10,0.09090909090909091,1.6570091247558594e-05,0.3375080282594734,0.3375080282594734,0.0,6
graph,1,2026-10-07T09:40:32,nodeGcor1,3.11.9,unknown,13158095,411,1,1,0.9824562072753906,gnnexplainer,attribution,6,23,0.22698217787182823,1.0,0.36410705750298245,0.7428571428571429,0.7142857142857143,10,10,0.7142857142857143,0.4514342970214784,1.0,1.0,1.0,6
graph,1,2026-10-07T09:40:32,nodeGcor1,3.11.9,unknown,13158095,411,1,1,0.9824562072753906,pgexplainer,attribution,6,23,0.9998713170024747,0.95,0.8810423588480054,0.75,0.7142857142857143,10,10,1.0,0.0044992039911448956,0.9019607843137255,0.9019607843137255,0.6666666666666666,6
graph,1,2026-10-07T09:40:32,nodeGcor1,3.11.9,unknown,13158095,411,1,1,0.9824562072753906,integrated_gradients,attribution,6,23,0.22698217787182823,1.0,0.7730457220125239,1.0,0.7142857142857143,10,10,1.0,0.20710929296910763,0.9901960784313726,0.5098039215686274,0.8333333333333334,6
graph,1,2026-10-07T09:40:32,nodeGcor1,3.11.9,unknown,13158095,411,1,1,0.9824562072753906,lime,attribution,6,23,0.9699023035567813,0.89,0.6239124705861909,0.6714285714285715,0.5,10,10,0.7142857142857143,0.0462162010371685,0.7941176470588236,0.4411764705882353,0.6666666666666666,6
graph,1,2026-10-07T09:40:32,nodeGcor1,3.11.9,unknown,13158095,411,1,1,0.9824562072753906,random,attribution,6,23,0.5688913284571628,0.72,0.2960039240613407,0.13575757575757574,0.0,10,10,0.09090909090909091,2.0975712686777115e-05,0.35294117647058826,0.35294117647058826,0.16666666666666666,6
graph,1,2026-10-07T09:40:32,nodeGcor1,3.11.9,unknown,13158095,412,2,3,0.6216061115264893,gnnexplainer,attribution,6,7,0.64456666717807,1.0,0.26529741582479716,1.0,1.0,10,10,1.0,0.428887315094471,1.0,1.0,1.0,6
graph,1,2026-10-07T09:40:32,nodeGcor1,3.11.9,unknown,13158095,412,2,3,0.6216061115264893,pgexplainer,attribution,6,7,0.64456666717807,0.49,0.7355814433535559,0.7142857142857143,0.7142857142857143,10,10,1.0,0.004138625226914883,0.5,0.5,0.8333333333333334,6
graph,1,2026-10-07T09:40:32,nodeGcor1,3.11.9,unknown,13158095,412,2,3,0.6216061115264893,integrated_gradients,attribution,6,7,0.64456666717807,0.52,0.4594125123947871,0.7142857142857143,0.7142857142857143,10,10,1.0,0.20128644304350019,0.5,0.8333333333333334,0.8333333333333334,6
graph,1,2026-10-07T09:40:32,nodeGcor1,3.11.9,unknown,13158095,412,2,3,0.6216061115264893,lime,attribution,6,7,0.64456666717807,0.5,0.3316726910283183,0.7142857142857143,0.7142857142857143,10,10,1.0,0.04431301401928067,0.5,0.8333333333333334,0.8333333333333334,6
graph,1,2026-10-07T09:40:32,nodeGcor1,3.11.9,unknown,13158095,412,2,3,0.6216061115264893,random,attribution,6,7,0.64456666717807,0.53,0.27359883299450805,0.7428571428571429,0.7142857142857143,10,10,0.7142857142857143,2.6285182684659958e-05,0.3333333333333333,0.3333333333333333,0.8333333333333334,6
graph,1,2026-10-07T09:40:32,nodeGcor1,3.11.9,unknown,13158095,413,2,2,0.7003819346427917,gnnexplainer,attribution,6,23,0.0,0.31,0.47693488432247355,0.2557575757575758,0.09090909090909091,10,10,0.2,0.44196432502940297,0.8529411764705882,0.8529411764705882,0.5,6
graph,1,2026-10-07T09:40:32,nodeGcor1,3.11.9,unknown,13158095,413,2,2,0.7003819346427917,pgexplainer,attribution,6,23,0.9969450016537652,0.07,0.8810424567497838,0.7714285714285716,0.7142857142857143,10,10,1.0,0.004319010768085718,0.9019607843137255,0.9019607843137255,0.6666666666666666,6
graph,1,2026-10-07T09:40:32,nodeGcor1,3.11.9,unknown,13158095,413,2,2,0.7003819346427917,integrated_gradients,attribution,6,23,0.9969450016537652,0.3,0.7073370563502162,1.0,1.0,10,10,1.0,0.20728964218869805,0.9901960784313726,0.6568627450980392,0.8333333333333334,6
graph,1,2026-10-07T09:40:32,nodeGcor1,3.11.9,unknown,13158095,413,2,2,0.7003819346427917,lime,attribution,6,23,0.9854528993824837,0.57,0.5705068340945476,0.7142857142857143,0.7142857142857143,10,10,0.7142857142857143,0.04631540784612298,0.8529411764705882,0.7647058823529411,0.6666666666666666,6
graph,1,2026-10-07T09:40:32,nodeGcor1,3.11.9,unknown,13158095,413,2,2,0.7003819346427917,random,attribution,6,23,0.999322261972051,0.21,0.34782347533011426,0.16303030303030303,0.0,10,10,0.0,2.2221822291612625e-05,0.3529411764705882,0.3529411764705882,0.3333333333333333,6
graph,1,2026-10-07T09:40:32,nodeGcor1,3.11.9,unknown,13158095,415,1,1,0.7865985035896301,gnnexplainer,attribution,6,34,0.0345063377580466,1.0,0.3953383597586708,0.7142857142857143,0.7142857142857143,10,10,0.7142857142857143,0.4309463151730597,0.9821428571428572,0.9821428571428572,0.8333333333333334,6
graph,1,2026-10-07T09:40:32,nodeGcor1,3.11.9,unknown,13158095,415,1,1,0.7865985035896301,pgexplainer,attribution,6,34,0.9748649270004905,0.28,0.8216313446873809,0.9142857142857143,0.3333333333333333,10,10,1.0,0.004415619187057018,0.9285714285714285,0.9285714285714285,0.5,6
graph,1,2026-10-07T09:40:32,nodeGcor1,3.11.9,unknown,13158095,415,1,1,0.7865985035896301,integrated_gradients,attribution,6,34,0.03450611827670592,0.44,0.8271465854801636,1.0,1.0,10,10,1.0,0.21022946015000343,0.9880952380952381,0.6666666666666666,0.8333333333333334,6
graph,1,2026-10-07T09:40:32,nodeGcor1,3.11.9,unknown,13158095,415,1,1,0.7865985035896301,lime,attribution,6,34,0.0,0.15,0.5805126121696651,0.5,0.3333333333333333,10,10,0.5,0.047324185725301504,0.755952380952381,0.5714285714285714,0.5,6
graph,1,2026-10-07T09:40:32,nodeGcor1,3.11.9,unknown,13158095,415,1,1,0.7865985035896301,random,attribution,6,34,0.0,0.64,0.27730246061294606,0.1187878787878788,0.0,10,10,0.2,2.0230188965797424e-05,0.34523809523809523,0.34523809523809523,0.0,6
graph,1,2026-10-07T09:40:32,nodeGcor1,3.11.9,unknown,13158095,417,2,3,0.5144436955451965,gnnexplainer,attribution,6,34,0.5705187086958038,0.5,0.38837566978103233,0.9428571428571428,1.0,10,10,1.0,0.4419824038632214,0.9761904761904762,0.9761904761904762,0.8333333333333334,6
graph,1,2026-10-07T09:40:32,nodeGcor1,3.11.9,unknown,13158095,417,2,3,0.5144436955451965,pgexplainer,attribution,6,34,0.5705270507835016,0.18,0.821630650774901,0.8928571428571427,0.5,10,10,1.0,0.0043154251761734486,0.9285714285714285,0.9285714285714285,0.5,6
graph,1,2026-10-07T09:40:32,nodeGcor1,3.11.9,unknown,13158095,417,2,3,0.5144436955451965,integrated_gradients,attribution,6,34,0.5705270507835016,0.72,0.8366216600479013,0.9714285714285715,0.7142857142857143,10,10,1.0,0.20730640506371856,0.9880952380952381,0.34523809523809523,0.8333333333333334,6
graph,1,2026-10-07T09:40:32,nodeGcor1,3.11.9,unknown,13158095,417,2,3,0.5144436955451965,lime,attribution,6,34,0.5705270507835016,0.33,0.5915528507960361,0.6928571428571428,0.3333333333333333,10,10,0.7142857142857143,0.046640217304229736,0.8333333333333334,0.7976190476190477,0.6666666666666666,6
graph,1,2026-10-07T09:40:32,nodeGcor1,3.11.9,unknown,13158095,417,2,3,0.5144436955451965,random,attribution,6,34,0.0,0.18,0.37438183799935665,0.06545454545454546,0.09090909090909091,10,10,0.0,2.0837876945734024e-05,0.21428571428571425,0.21428571428571425,0.0,6
graph,1,2026-10-07T09:40:32,nodeGcor1,3.11.9,unknown,13158095,421,1,1,0.9808269739151001,gnnexplainer,attribution,6,15,0.22569794419412012,1.0,0.33309912827100563,0.7142857142857143,0.7142857142857143,10,10,0.7142857142857143,0.4194072587415576,0.9814814814814815,0.9814814814814815,0.8333333333333334,6
graph,1,2026-10-07T09:40:32,nodeGcor1,3.11.9,unknown,13158095,421,1,1,0.9808269739151001,pgexplainer,attribution,6,15,0.6163128810950135,0.74,0.7805994209719244,0.7142857142857143,0.7142857142857143,10,10,1.0,0.004149066749960184,0.7962962962962963,0.7962962962962963,0.5,6
graph,1,2026-10-07T09:40:32,nodeGcor1,3.11.9,unknown,13158095,421,1,1,0.9808269739151001,integrated_gradients,attribution,6,15,0.22569794419412012,1.0,0.6112242827393262,0.9714285714285715,0.7142857142857143,10,10,1.0,0.20068345591425896,0.9814814814814815,0.5185185185185185,0.8333333333333334,6
graph,1,2026-10-07T09:40:32,nodeGcor1,3.11.9,unknown,13158095,421,1,1,0.9808269739151001,lime,attribution,6,15,0.22569794419412012,1.0,0.5492826840791036,0.8857142857142858,0.7142857142857143,10,10,0.7142857142857143,0.045362602919340134,0.9629629629629629,0.5185185185185185,0.8333333333333334,6
graph,1,2026-10-07T09:40:32,nodeGcor1,3.11.9,unknown,13158095,421,1,1,0.9808269739151001,random,attribution,6,15,0.4219529809470876,0.59,0.2770782648607101,0.2590909090909091,0.09090909090909091,10,10,0.3333333333333333,2.0840205252170563e-05,0.48148148148148145,0.48148148148148145,0.3333333333333333,6
graph,1,2026-10-07T09:40:32,nodeGcor1,3.11.9,unknown,13158095,422,2,2,0.6552808284759521,gnnexplainer,attribution,6,7,0.9967347110448873,0.51,0.39851585743017526,nan,nan,0,0,1.0,0.4313409267924726,1.0,1.0,1.0,6
graph,1,2026-10-07T09:40:32,nodeGcor1,3.11.9,unknown,13158095,422,2,2,0.6552808284759521,pgexplainer,attribution,6,7,0.9967347110448873,0.44,0.702555637214145,nan,nan,0,0,1.0,0.004140779841691256,0.16666666666666666,0.16666666666666666,0.8333333333333334,6
graph,1,2026-10-07T09:40:32,nodeGcor1,3.11.9,unknown,13158095,422,2,2,0.6552808284759521,integrated_gradients,attribution,6,7,0.9967347140150065,0.53,0.24202513259210534,nan,nan,0,0,1.0,0.20345173683017492,1.0,0.6666666666666666,1.0,6
graph,1,2026-10-07T09:40:32,nodeGcor1,3.11.9,unknown,13158095,422,2,2,0.6552808284759521,lime,attribution,6,7,0.9967347140150065,0.48,0.48770916540793563,nan,nan,0,0,0.7142857142857143,0.04415501793846488,0.5,0.5,0.8333333333333334,6
graph,1,2026-10-07T09:40:32,nodeGcor1,3.11.9,unknown,13158095,422,2,2,0.6552808284759521,random,attribution,6,7,0.9967347140150065,0.54,0.20865433383971965,nan,nan,0,0,0.7142857142857143,2.1455809473991394e-05,0.8333333333333334,0.8333333333333334,0.8333333333333334,6
graph,1,2026-10-07T09:40:32,nodeGcor1,3.11.9,unknown,13158095,423,2,2,0.6552808284759521,gnnexplainer,attribution,6,7,0.9967347140150065,0.47,0.3985255516342887,nan,nan,0,0,1.0,0.43525460502132773,1.0,1.0,1.0,6
graph,1,2026-10-07T09:40:32,nodeGcor1,3.11.9,unknown,13158095,423,2,2,0.6552808284759521,pgexplainer,attribution,6,7,0.9967347140150065,0.55,0.702555637214145,nan,nan,0,0,1.0,0.004118416924029589,0.16666666666666666,0.16666666666666666,0.8333333333333334,6
graph,1,2026-10-07T09:40:32,nodeGcor1,3.11.9,unknown,13158095,423,2,2,0.6552808284759521,integrated_gradients,attribution,6,7,0.9967347140150065,0.5,0.24202510333266247,nan,nan,0,0,1.0,0.20337855583056808,1.0,0.6666666666666666,1.0,6
graph,1,2026-10-07T09:40:32,nodeGcor1,3.11.9,unknown,13158095,423,2,2,0.6552808284759521,lime,attribution,6,7,0.9967345811275821,0.43,0.3606843505405206,nan,nan,0,0,0.7142857142857143,0.04418292595073581,0.5,0.3333333333333333,0.8333333333333334,6
graph,1,2026-10-07T09:40:32,nodeGcor1,3.11.9,unknown,13158095,423,2,2,0.6552808284759521,random,attribution,6,7,0.9967347110448873,0.53,0.36888766019386365,nan,nan,0,0,0.7142857142857143,2.1387822926044464e-05,0.6666666666666666,0.6666666666666666,0.8333333333333334,6
graph,1,2026-10-07T09:40:32,nodeGcor1,3.11.9,unknown,13158095,424,3,0,0.9362449645996094,gnnexplainer,attribution,6,142,0.7787426884054621,0.41,0.6043544268710095,0.7142857142857143,0.5,10,10,0.7142857142857143,0.4470804398879409,0.9742647058823529,0.9742647058823529,0.5,6
graph,1,2026-10-07T09:40:32,nodeGcor1,3.11.9,unknown,13158095,424,3,0,0.9362449645996094,pgexplainer,attribution,6,142,0.0,0.17,0.9475318430891598,0.7733766233766234,0.2,10,10,1.0,0.004384003113955259,0.9093137254901961,0.9093137254901961,0.16666666666666666,6
graph,1,2026-10-07T09:40:32,nodeGcor1,3.11.9,unknown,13158095,424,3,0,0.9362449645996094,integrated_gradients,attribution,6,142,0.9813461848147768,0.42,0.8400984304966382,1.0,0.7142857142857143,10,10,1.0,0.20943620102480054,0.9901960784313727,0.8308823529411765,0.6666666666666666,6
graph,1,2026-10-07T09:40:32,nodeGcor1,3.11.9,unknown,13158095,424,3,0,0.9362449645996094,lime,attribution,6,142,0.9813461848147768,0.72,0.5538661596312839,1.0,0.7142857142857143,10,10,0.7142857142857143,0.06999494275078177,0.9938725490196079,0.8284313725490197,0.8333333333333334,6
graph,1,2026-10-07T09:40:32,nodeGcor1,3.11.9,unknown,13158095,424,3,0,0.9362449645996094,random,attribution,6,142,0.004538189381869372,0.26,0.27453710539676435,0.03636363636363636,0.0,10,10,0.0,9.213108569383621e-06,0.588235294117647,0.588235294117647,0.16666666666666666,6
graph,1,2026-10-07T09:40:32,nodeGcor1,3.11.9,unknown,13158095,425,1,1,0.9750185012817383,gnnexplainer,attribution,6,7,0.22108496001001585,1.0,0.137566254634794,1.0,1.0,10,10,1.0,0.44565370073542,1.0,1.0,1.0,6
graph,1,2026-10-07T09:40:32,nodeGcor1,3.11.9,unknown,13158095,425,1,1,0.9750185012817383,pgexplainer,attribution,6,7,0.22108496001001585,1.0,0.51448454575764,0.7142857142857143,0.7142857142857143,10,10,1.0,0.004130733199417591,0.0,0.0,0.8333333333333334,6
graph,1,2026-10-07T09:40:32,nodeGcor1,3.11.9,unknown,13158095,425,1,1,0.9750185012817383,integrated_gradients,attribution,6,7,0.22108496001001585,1.0,0.29672541821568865,1.0,1.0,10,10,1.0,0.20380964502692223,1.0,0.5,1.0,6
graph,1,2026-10-07T09:40:32,nodeGcor1,3.11.9,unknown,13158095,425,1,1,0.9750185012817383,lime,attribution,6,7,0.22108496001001585,1.0,0.3899965220415369,1.0,1.0,10,10,1.0,0.04434674372896552,1.0,0.5,1.0,6
graph,1,2026-10-07T09:40:32,nodeGcor1,3.11.9,unknown,13158095,425,1,1,0.9750185012817383,random,attribution,6,7,0.22108496001001585,1.0,0.3330205340910253,0.7714285714285716,0.7142857142857143,10,10,0.7142857142857143,2.1410174667835236e-05,1.0,1.0,1.0,6
graph,1,2026-10-07T09:40:32,nodeGcor1,3.11.9,unknown,13158095,429,3,3,0.7531907558441162,gnnexplainer,attribution,6,7,0.706661917704063,1.0,0.3038656944549617,1.0,1.0,10,10,0.7142857142857143,0.4350006580352783,1.0,1.0,1.0,6
graph,1,2026-10-07T09:40:32,nodeGcor1,3.11.9,unknown,13158095,429,3,3,0.7531907558441162,pgexplainer,attribution,6,7,0.706661917704063,1.0,0.5144841886022725,0.7142857142857143,0.7142857142857143,10,10,1.0,0.004135353025048971,0.0,0.0,0.8333333333333334,6
graph,1,2026-10-07T09:40:32,nodeGcor1,3.11.9,unknown,13158095,429,3,3,0.7531907558441162,integrated_gradients,attribution,6,7,0.706661917704063,1.0,0.4513744816760328,0.7142857142857143,0.7142857142857143,10,10,1.0,0.20332444086670876,0.6666666666666666,0.6666666666666666,0.8333333333333334,6
graph,1,2026-10-07T09:40:32,nodeGcor1,3.11.9,unknown,13158095,429,3,3,0.7531907558441162,lime,attribution,6,7,0.706661917704063,1.0,0.5125511677206251,0.7142857142857143,0.7142857142857143,10,10,0.7142857142857143,0.04423096217215061,0.8333333333333334,0.6666666666666666,0.8333333333333334,6
graph,1,2026-10-07T09:40:32,nodeGcor1,3.11.9,unknown,13158095,429,3,3,0.7531907558441162,random,attribution,6,7,0.706661917704063,0.52,0.35924026124296937,0.7428571428571429,0.7142857142857143,10,10,0.7142857142857143,2.1244864910840988e-05,0.8333333333333334,0.8333333333333334,0.8333333333333334,6
graph,1,2026-10-07T09:40:32,nodeGcor1,3.11.9,unknown,13158095,430,1,1,0.9667949080467224,gnnexplainer,attribution,6,12,0.21445928185214974,1.0,0.16448893754023164,0.7142857142857143,0.7142857142857143,10,10,0.7142857142857143,0.4357600063085556,0.8611111111111112,0.8611111111111112,0.8333333333333334,6
graph,1,2026-10-07T09:40:32,nodeGcor1,3.11.9,unknown,13158095,430,1,1,0.9667949080467224,pgexplainer,attribution,6,12,0.21445928185214974,1.0,0.8746202900539609,1.0,1.0,10,10,1.0,0.004174769856035709,1.0,1.0,1.0,6
graph,1,2026-10-07T09:40:32,nodeGcor1,3.11.9,unknown,13158095,430,1,1,0.9667949080467224,integrated_gradients,attribution,6,12,0.21445928185214974,1.0,0.5373299182988212,0.9142857142857143,0.7142857142857143,10,10,1.0,0.20420119911432266,0.9722222222222223,0.5277777777777778,0.8333333333333334,6
graph,1,2026-10-07T09:40:32,nodeGcor1,3.11.9,unknown,13158095,430,1,1,0.9667949080467224,lime,attribution,6,12,0.21445928185214974,1.0,0.4903220565487275,0.7142857142857143,0.7142857142857143,10,10,1.0,0.04511419963091612,0.9444444444444444,0.5277777777777778,0.8333333333333334,6
graph,1,2026-10-07T09:40:32,nodeGcor1,3.11.9,unknown,13158095,430,1,1,0.9667949080467224,random,attribution,6,12,0.9999643374916372,0.96,0.30871876755333727,0.3480952380952381,0.09090909090909091,10,10,0.3333333333333333,2.131843939423561e-05,0.4722222222222222,0.4722222222222222,0.5,6
graph,1,2026-10-07T09:40:32,nodeGcor1,3.11.9,unknown,13158095,432,2,2,0.6552814245223999,gnnexplainer,attribution,6,7,0.9967347140150065,0.4,0.39851585743017526,nan,nan,0,0,1.0,0.4195096562616527,1.0,1.0,1.0,6
graph,1,2026-10-07T09:40:32,nodeGcor1,3.11.9,unknown,13158095,432,2,2,0.6552814245223999,pgexplainer,attribution,6,7,0.9967347140150065,0.57,0.7025556525113289,nan,nan,0,0,1.0,0.00416052108630538,0.16666666666666666,0.16666666666666666,0.8333333333333334,6
graph,1,2026-10-07T09:40:32,nodeGcor1,3.11.9,unknown,13158095,432,2,2,0.6552814245223999,integrated_gradients,attribution,6,7,0.9967347140150065,0.48,0.24202511229955181,nan,nan,0,0,1.0,0.20350300380960107,1.0,0.6666666666666666,1.0,6
graph,1,2026-10-07T09:40:32,nodeGcor1,3.11.9,unknown,13158095,432,2,2,0.6552814245223999,lime,attribution,6,7,0.9967347110448873,0.53,0.48770914080267036,nan,nan,0,0,0.7142857142857143,0.04425537399947643,0.5,0.5,0.8333333333333334,6
graph,1,2026-10-07T09:40:32,nodeGcor1,3.11.9,unknown,13158095,432,2,2,0.6552814245223999,random,attribution,6,7,0.9967347110448873,0.46,0.16526430999710662,nan,nan,0,0,0.7142857142857143,2.11191363632679e-05,0.6666666666666666,0.6666666666666666,0.8333333333333334,6
graph,1,2026-10-07T09:40:32,nodeGcor1,3.11.9,unknown,13158095,435,1,1,0.9970600008964539,gnnexplainer,attribution,6,541,0.0012994465351310574,0.64,0.655457000032641,0.19636363636363635,0.0,10,10,0.2,0.4476596494205296,0.9822429906542056,0.9822429906542056,0.0,6
graph,1,2026-10-07T09:40:32,nodeGcor1,3.11.9,unknown,13158095,435,1,1,0.9970600008964539,pgexplainer,attribution,6,541,0.00018274868003384287,0.65,0.971068547376808,0.9714285714285715,0.3333333333333333,10,10,1.0,0.004731951747089624,0.8744548286604361,0.8744548286604361,0.0,6
graph,1,2026-10-07T09:40:32,nodeGcor1,3.11.9,unknown,13158095,435,1,1,0.9970600008964539,integrated_gradients,attribution,6,541,0.2383044581053284,1.0,0.964074038699118,1.0,1.0,10,10,1.0,0.21034709457308054,0.9993769470404984,0.5006230529595015,0.8333333333333334,6
graph,1,2026-10-07T09:40:32,nodeGcor1,3.11.9,unknown,13158095,435,1,1,0.9970600008964539,lime,attribution,6,541,0.2383044581053284,1.0,0.46445401491815097,0.6928571428571428,0.5,10,10,0.7142857142857143,0.371667365077883,0.8255451713395638,0.5859813084112149,0.6666666666666666,6
graph,1,2026-10-07T09:40:32,nodeGcor1,3.11.9,unknown,13158095,435,1,1,0.9970600008964539,random,attribution,6,541,0.00010312118843911645,0.64,0.3201597534001588,0.0,0.0,10,10,0.0,1.4449935406446457e-05,0.5890965732087228,0.5890965732087228,0.0,6
graph,1,2026-10-07T09:40:32,nodeGcor1,3.11.9,unknown,13158095,436,1,1,0.9898717999458313,gnnexplainer,attribution,6,27,0.23277321596000022,1.0,0.32926163161141175,0.7142857142857143,0.7142857142857143,10,10,1.0,0.4545602691359818,0.9523809523809523,0.9523809523809523,0.8333333333333334,6
graph,1,2026-10-07T09:40:32,nodeGcor1,3.11.9,unknown,13158095,436,1,1,0.9898717999458313,pgexplainer,attribution,6,27,0.9999564511313914,0.82,0.9247058638800073,1.0,0.7142857142857143,10,10,1.0,0.004497429355978966,0.9682539682539681,0.9682539682539681,0.8333333333333334,6
graph,1,2026-10-07T09:40:32,nodeGcor1,3.11.9,unknown,13158095,436,1,1,0.9898717999458313,integrated_gradients,attribution,6,27,0.23277321596000022,1.0,0.804861627252227,1.0,0.7142857142857143,10,10,1.0,0.20682138158008456,0.992063492063492,0.5079365079365079,0.8333333333333334,6
graph,1,2026-10-07T09:40:32,nodeGcor1,3.11.9,unknown,13158095,436,1,1,0.9898717999458313,lime,attribution,6,27,0.9701277794791722,0.84,0.6555398239165385,0.8928571428571429,0.7142857142857143,10,10,0.7142857142857143,0.04665141925215721,0.8650793650793651,0.4682539682539682,0.6666666666666666,6
graph,1,2026-10-07T09:40:32,nodeGcor1,3.11.9,unknown,13158095,436,1,1,0.9898717999458313,random,attribution,6,27,0.007939945420364414,0.69,0.3299036834673258,0.0987878787878788,0.0,10,10,0.09090909090909091,2.6300083845853806e-05,0.373015873015873,0.373015873015873,0.0,6
graph,1,2026-10-07T09:40:32,nodeGcor1,3.11.9,unknown,13158095,437,2,3,0.6216061115264893,gnnexplainer,attribution,6,7,0.64456666717807,1.0,0.26529741582479716,1.0,1.0,10,10,1.0,0.41949563613161445,1.0,1.0,1.0,6
graph,1,2026-10-07T09:40:32,nodeGcor1,3.11.9,unknown,13158095,437,2,3,0.6216061115264893,pgexplainer,attribution,6,7,0.64456666717807,0.51,0.7355816065150473,0.7142857142857143,0.7142857142857143,10,10,1.0,0.004169059917330742,0.5,0.5,0.8333333333333334,6
graph,1,2026-10-07T09:40:32,nodeGcor1,3.11.9,unknown,13158095,437,2,3,0.6216061115264893,integrated_gradients,attribution,6,7,0.64456666717807,0.4,0.4594124991094082,0.7142857142857143,0.7142857142857143,10,10,1.0,0.2038960768841207,0.5,0.8333333333333334,0.8333333333333334,6
graph,1,2026-10-07T09:40:32,nodeGcor1,3.11.9,unknown,13158095,437,2,3,0.6216061115264893,lime,attribution,6,7,0.64456666717807,0.42,0.3316726836501278,0.7142857142857143,0.7142857142857143,10,10,1.0,0.044209145940840244,0.5,0.8333333333333334,0.8333333333333334,6
graph,1,2026-10-07T09:40:32,nodeGcor1,3.11.9,unknown,13158095,437,2,3,0.6216061115264893,random,attribution,6,7,0.64456666717807,0.47,0.2658852159765279,0.7714285714285716,0.7142857142857143,10,10,0.7142857142857143,1.8097925931215286e-05,0.5,0.5,0.8333333333333334,6
graph,1,2026-10-07T09:40:32,nodeGcor1,3.11.9,unknown,13158095,440,1,1,0.9775440096855164,gnnexplainer,attribution,6,13,0.22309725881419037,0.99,0.17622730031117706,0.7142857142857143,0.7142857142857143,10,10,0.7142857142857143,0.43536487268283963,0.9047619047619049,0.9047619047619049,0.8333333333333334,6
graph,1,2026-10-07T09:40:32,nodeGcor1,3.11.9,unknown,13158095,440,1,1,0.9775440096855164,pgexplainer,attribution,6,13,0.22309725881419037,1.0,0.8837916641200636,1.0,1.0,10,10,1.0,0.004295306745916605,1.0,1.0,1.0,6
graph,1,2026-10-07T09:40:32,nodeGcor1,3.11.9,unknown,13158095,440,1,1,0.9775440096855164,integrated_gradients,attribution,6,13,0.22309725881419037,1.0,0.5761184163523387,0.9428571428571428,0.7142857142857143,10,10,1.0,0.2037233328446746,0.9761904761904763,0.5238095238095238,0.8333333333333334,6
graph,1,2026-10-07T09:40:32,nodeGcor1,3.11.9,unknown,13158095,440,1,1,0.9775440096855164,lime,attribution,6,13,0.223101344066205,1.0,0.5479812267459622,0.7142857142857143,0.7142857142857143,10,10,1.0,0.045592989306896925,0.880952380952381,0.5714285714285714,0.8333333333333334,6
graph,1,2026-10-07T09:40:32,nodeGcor1,3.11.9,unknown,13158095,440,1,1,0.9775440096855164,random,attribution,6,13,0.0,0.62,0.19639290697953937,0.2966666666666667,0.2,10,10,0.3333333333333333,2.1671410650014877e-05,0.40476190476190477,0.40476190476190477,0.5,6
graph,1,2026-10-07T09:40:32,nodeGcor1,3.11.9,unknown,13158095,442,2,2,0.6552808284759521,gnnexplainer,attribution,6,7,0.9967347110448873,0.5,0.39851585743017526,nan,nan,0,0,1.0,0.4322404437698424,1.0,1.0,1.0,6
graph,1,2026-10-07T09:40:32,nodeGcor1,3.11.9,unknown,13158095,442,2,2,0.6552808284759521,pgexplainer,attribution,6,7,0.9967347140150065,0.53,0.7025555943985535,nan,nan,0,0,1.0,0.004165745805948973,0.16666666666666666,0.16666666666666666,0.8333333333333334,6
graph,1,2026-10-07T09:40:32,nodeGcor1,3.11.9,unknown,13158095,442,2,2,0.6552808284759521,integrated_gradients,attribution,6,7,0.9967347140150065,0.48,0.2420251182347738,nan,nan,0,0,1.0,0.2035952741280198,1.0,0.6666666666666666,1.0,6
graph,1,2026-10-07T09:40:32,nodeGcor1,3.11.9,unknown,13158095,442,2,2,0.6552808284759521,lime,attribution,6,7,0.9967347140150065,0.54,0.4877091746942741,nan,nan,0,0,0.7142857142857143,0.04423382040113211,0.5,0.5,0.8333333333333334,6
graph,1,2026-10-07T09:40:32,nodeGcor1,3.11.9,unknown,13158095,442,2,2,0.6552808284759521,random,attribution,6,7,0.9967347110448873,0.51,0.437504347175922,nan,nan,0,0,0.7142857142857143,2.142135053873062e-05,0.3333333333333333,0.3333333333333333,0.8333333333333334,6
graph,1,2026-10-07T09:40:32,nodeGcor1,3.11.9,unknown,13158095,443,2,2,0.6552808284759521,gnnexplainer,attribution,6,7,0.9967347140150065,0.51,0.3985255516342887,nan,nan,0,0,1.0,0.43611160898581147,1.0,1.0,1.0,6
graph,1,2026-10-07T09:40:32,nodeGcor1,3.11.9,unknown,13158095,443,2,2,0.6552808284759521,pgexplainer,attribution,6,7,0.9967347140150065,0.48,0.7025556525113289,nan,nan,0,0,1.0,0.004183866083621979,0.16666666666666666,0.16666666666666666,0.8333333333333334,6
graph,1,2026-10-07T09:40:32,nodeGcor1,3.11.9,unknown,13158095,443,2,2,0.6552808284759521,integrated_gradients,attribution,6,7,0.9967347140150065,0.57,0.24202511066231525,nan,nan,0,0,1.0,0.20546803390607238,1.0,0.6666666666666666,1.0,6
graph,1,2026-10-07T09:40:32,nodeGcor1,3.11.9,unknown,13158095,443,2,2,0.6552808284759521,lime,attribution,6,7,0.9967345811275821,0.48,0.36068434750517,nan,nan,0,0,0.7142857142857143,0.04441711399704218,0.5,0.3333333333333333,0.8333333333333334,6
graph,1,2026-10-07T09:40:32,nodeGcor1,3.11.9,unknown,13158095,443,2,2,0.6552808284759521,random,attribution,6,7,0.9967347140150065,0.56,0.34163075228274686,nan,nan,0,0,0.7142857142857143,1.858500763773918e-05,1.0,1.0,1.0,6
graph,1,2026-10-07T09:40:32,nodeGcor1,3.11.9,unknown,13158095,444,3,0,0.804902195930481,gnnexplainer,attribution,6,221,0.4549710786142883,0.38,0.6550371503638901,0.33333333333333337,0.7142857142857143,10,10,0.7142857142857143,0.4519760962575674,0.8798449612403101,0.8798449612403101,0.3333333333333333,6
graph,1,2026-10-07T09:40:32,nodeGcor1,3.11.9,unknown,13158095,444,3,0,0.804902195930481,pgexplainer,attribution,6,221,0.0,0.25,0.9659373986003553,0.9428571428571428,0.09090909090909091,10,10,1.0,0.004459027200937271,0.924031007751938,0.924031007751938,0.0,6
graph,1,2026-10-07T09:40:32,nodeGcor1,3.11.9,unknown,13158095,444,3,0,0.804902195930481,integrated_gradients,attribution,6,221,0.9783022860707721,0.37,0.8525066299054032,0.9714285714285715,1.0,10,10,1.0,0.2122619180008769,0.9937984496124032,0.8317829457364342,0.6666666666666666,6
graph,1,2026-10-07T09:40:32,nodeGcor1,3.11.9,unknown,13158095,444,3,0,0.804902195930481,lime,attribution,6,221,0.9783027465817221,0.84,0.5195416880830817,0.7428571428571429,0.7142857142857143,10,10,0.7142857142857143,0.07505971565842628,0.9961240310077519,0.8302325581395349,0.8333333333333334,6
graph,1,2026-10-07T09:40:32,nodeGcor1,3.11.9,unknown,13158095,444,3,0,0.804902195930481,random,attribution,6,221,0.0,0.27,0.336328191918458,0.00909090909090909,0.0,10,10,0.0,1.4773104339838028e-05,0.4,0.4,0.0,6
graph,1,2026-10-07T09:40:32,nodeGcor1,3.11.9,unknown,13158095,447,2,2,0.658959686756134,gnnexplainer,attribution,6,751,0.996752822692398,0.44,0.6903963926675587,0.13878787878787877,0.0,10,10,0.2,0.4624340068548918,0.994407158836689,0.994407158836689,0.5,6
graph,1,2026-10-07T09:40:32,nodeGcor1,3.11.9,unknown,13158095,447,2,2,0.658959686756134,pgexplainer,attribution,6,751,0.019972943798320944,0.28,0.9626720324542942,0.9428571428571428,0.5,10,10,1.0,0.004496996756643057,0.8425055928411633,0.8425055928411633,0.0,6
graph,1,2026-10-07T09:40:32,nodeGcor1,3.11.9,unknown,13158095,447,2,2,0.658959686756134,integrated_gradients,attribution,6,751,0.0,0.0,0.9201701739926907,1.0,1.0,10,10,1.0,0.21259343577548862,1.0,0.6666666666666667,1.0,6
graph,1,2026-10-07T09:40:32,nodeGcor1,3.11.9,unknown,13158095,447,2,2,0.658959686756134,lime,attribution,6,751,0.9967529642631108,0.0,0.43103638423663226,0.21333333333333332,0.2,10,10,0.3333333333333333,0.26643432304263115,0.6691275167785236,0.35771812080536913,0.3333333333333333,6
graph,1,2026-10-07T09:40:32,nodeGcor1,3.11.9,unknown,13158095,447,2,2,0.658959686756134,random,attribution,6,751,0.04235373758559762,0.22,0.32867881256254916,0.0,0.0,10,10,0.0,1.5703029930591583e-05,0.5154362416107383,0.5154362416107383,0.0,6
graph,1,2026-10-07T09:40:32,nodeGcor1,3.11.9,unknown,13158095,449,3,3,0.7531907558441162,gnnexplainer,attribution,6,7,0.706661917704063,1.0,0.3038656944549617,1.0,1.0,10,10,0.7142857142857143,0.4545554197393358,1.0,1.0,1.0,6
graph,1,2026-10-07T09:40:32,nodeGcor1,3.11.9,unknown,13158095,449,3,3,0.7531907558441162,pgexplainer,attribution,6,7,0.706661917704063,1.0,0.5144841886022725,0.7142857142857143,0.7142857142857143,10,10,1.0,0.0043684616684913635,0.0,0.0,0.8333333333333334,6
graph,1,2026-10-07T09:40:32,nodeGcor1,3.11.9,unknown,13158095,449,3,3,0.7531907558441162,integrated_gradients,attribution,6,7,0.706661917704063,1.0,0.4513745451156206,0.7142857142857143,0.7142857142857143,10,10,1.0,0.2043253188021481,0.6666666666666666,0.6666666666666666,0.8333333333333334,6
graph,1,2026-10-07T09:40:32,nodeGcor1,3.11.9,unknown,13158095,449,3,3,0.7531907558441162,lime,attribution,6,7,0.706661917704063,1.0,0.5125510359943679,0.7142857142857143,0.7142857142857143,10,10,0.7142857142857143,0.04451474780216813,0.8333333333333334,0.6666666666666666,0.8333333333333334,6
graph,1,2026-10-07T09:40:32,nodeGcor1,3.11.9,unknown,13158095,449,3,3,0.7531907558441162,random,attribution,6,7,0.706661917704063,0.42,0.29707960044573556,0.7714285714285716,0.7142857142857143,10,10,0.7142857142857143,2.1759886294603348e-05,0.6666666666666666,0.6666666666666666,0.8333333333333334,6
graph,1,2026-10-07T09:40:32,nodeGcor1,3.11.9,unknown,13158095,451,1,1,0.9750185012817383,gnnexplainer,attribution,6,7,0.22108496001001585,1.0,0.13772370337482964,1.0,1.0,10,10,1.0,0.4335701772943139,1.0,1.0,1.0,6
graph,1,2026-10-07T09:40:32,nodeGcor1,3.11.9,unknown,13158095,451,1,1,0.9750185012817383,pgexplainer,attribution,6,7,0.22108496001001585,1.0,0.51448454575764,0.7142857142857143,0.7142857142857143,10,10,1.0,0.004169306717813015,0.0,0.0,0.8333333333333334,6
graph,1,2026-10-07T09:40:32,nodeGcor1,3.11.9,unknown,13158095,451,1,1,0.9750185012817383,integrated_gradients,attribution,6,7,0.22108496001001585,1.0,0.29672545355290647,1.0,1.0,10,10,1.0,0.20261311903595924,1.0,0.5,1.0,6
graph,1,2026-10-07T09:40:32,nodeGcor1,3.11.9,unknown,13158095,451,1,1,0.9750185012817383,lime,attribution,6,7,0.22108496001001585,1.0,0.40628535971610225,1.0,1.0,10,10,1.0,0.04472035123035312,1.0,0.5,1.0,6
graph,1,2026-10-07T09:40:32,nodeGcor1,3.11.9,unknown,13158095,451,1,1,0.9750185012817383,random,attribution,6,7,0.22108496001001585,1.0,0.3398304686644569,0.7428571428571429,0.7142857142857143,10,10,0.7142857142857143,2.217991277575493e-05,1.0,1.0,1.0,6
graph,1,2026-10-07T09:40:32,nodeGcor1,3.11.9,unknown,13158095,452,2,0,0.42442038655281067,gnnexplainer,attribution,6,30,0.9588517269273144,0.15,0.29937488132242707,0.7142857142857143,1.0,10,10,1.0,0.4434849349781871,0.9791666666666667,0.9791666666666667,0.8333333333333334,6
graph,1,2026-10-07T09:40:32,nodeGcor1,3.11.9,unknown,13158095,452,2,0,0.42442038655281067,pgexplainer,attribution,6,30,0.9588508535803539,0.3,0.7841210645647672,0.7571428571428572,0.5,10,10,1.0,0.004545045085251331,0.9305555555555555,0.9305555555555555,0.6666666666666666,6
graph,1,2026-10-07T09:40:32,nodeGcor1,3.11.9,unknown,13158095,452,2,0,0.42442038655281067,integrated_gradients,attribution,6,30,0.9588508478014615,0.12,0.8118309353417476,1.0,1.0,10,10,1.0,0.21200589602813125,0.9930555555555556,0.5,0.8333333333333334,6
graph,1,2026-10-07T09:40:32,nodeGcor1,3.11.9,unknown,13158095,452,2,0,0.42442038655281067,lime,attribution,6,30,0.9588508535803539,0.7,0.5722531367182795,1.0,1.0,10,10,1.0,0.047391668893396854,0.9652777777777778,0.6458333333333333,0.8333333333333334,6
graph,1,2026-10-07T09:40:32,nodeGcor1,3.11.9,unknown,13158095,452,2,0,0.42442038655281067,random,attribution,6,30,0.0,0.02,0.34781037167109485,0.12727272727272726,0.0,10,10,0.09090909090909091,2.2750813513994217e-05,0.4305555555555555,0.4305555555555555,0.3333333333333333,6
graph,1,2026-10-07T09:40:32,nodeGcor1,3.11.9,unknown,13158095,453,2,3,0.5195573568344116,gnnexplainer,attribution,6,704,0.989144470651248,0.38,0.7357549210385099,0.9142857142857143,0.7142857142857143,10,10,0.5,0.4552697162143886,0.9978510028653296,0.9978510028653296,0.6666666666666666,6
graph,1,2026-10-07T09:40:32,nodeGcor1,3.11.9,unknown,13158095,453,2,3,0.5195573568344116,pgexplainer,attribution,6,704,0.0,0.15,0.9591125568711117,0.8142857142857143,0.2,10,10,1.0,0.004583992995321751,0.8457497612225406,0.8457497612225406,0.0,6
graph,1,2026-10-07T09:40:32,nodeGcor1,3.11.9,unknown,13158095,453,2,3,0.5195573568344116,integrated_gradients,attribution,6,704,0.5747542168627704,0.04,0.8946040092958952,0.9714285714285715,0.7142857142857143,10,10,1.0,0.2136505153030157,0.9971346704871059,0.6642788920725883,0.8333333333333334,6
graph,1,2026-10-07T09:40:32,nodeGcor1,3.11.9,unknown,13158095,453,2,3,0.5195573568344116,lime,attribution,6,704,0.9894146242164202,0.04,0.42243704074699284,0.2,0.0,10,10,0.2,0.3221457377076149,0.7184813753581661,0.4429321872015282,0.16666666666666666,6
graph,1,2026-10-07T09:40:32,nodeGcor1,3.11.9,unknown,13158095,453,2,3,0.5195573568344116,random,attribution,6,704,0.0,0.13,0.3260408606953902,0.0,0.0,10,10,0.0,1.671677455306053e-05,0.39947468958930277,0.39947468958930277,0.0,6
graph,1,2026-10-07T09:40:32,nodeGcor1,3.11.9,unknown,13158095,454,3,3,0.7531907558441162,gnnexplainer,attribution,6,7,0.706661917704063,1.0,0.3060938250933658,1.0,1.0,10,10,1.0,0.45458135195076466,1.0,1.0,1.0,6
graph,1,2026-10-07T09:40:32,nodeGcor1,3.11.9,unknown,13158095,454,3,3,0.7531907558441162,pgexplainer,attribution,6,7,0.706661917704063,1.0,0.5144841886022725,0.7142857142857143,0.7142857142857143,10,10,1.0,0.0044270288199186325,0.0,0.0,0.8333333333333334,6
graph,1,2026-10-07T09:40:32,nodeGcor1,3.11.9,unknown,13158095,454,3,3,0.7531907558441162,integrated_gradients,attribution,6,7,0.706661917704063,1.0,0.45137454934178645,0.7142857142857143,0.7142857142857143,10,10,1.0,0.20585931604728103,0.6666666666666666,0.6666666666666666,0.8333333333333334,6
graph,1,2026-10-07T09:40:32,nodeGcor1,3.11.9,unknown,13158095,454,3,3,0.7531907558441162,lime,attribution,6,7,0.706661917704063,1.0,0.585056525713106,1.0,1.0,10,10,1.0,0.045083217322826385,1.0,0.5,1.0,6
graph,1,2026-10-07T09:40:32,nodeGcor1,3.11.9,unknown,13158095,454,3,3,0.7531907558441162,random,attribution,6,7,0.706661917704063,1.0,0.20088348249276,0.7142857142857143,0.7142857142857143,10,10,1.0,2.2863969206809998e-05,0.0,0.0,0.8333333333333334,6
graph,1,2026-10-07T09:40:32,nodeGcor1,3.11.9,unknown,13158095,455,1,1,0.9750185012817383,gnnexplainer,attribution,6,7,0.22108496001001585,1.0,0.137566254634794,1.0,1.0,10,10,1.0,0.441819631960243,1.0,1.0,1.0,6
graph,1,2026-10-07T09:40:32,nodeGcor1,3.11.9,unknown,13158095,455,1,1,0.9750185012817383,pgexplainer,attribution,6,7,0.22108496001001585,1.0,0.51448454575764,0.7142857142857143,0.7142857142857143,10,10,1.0,0.004242460243403912,0.0,0.0,0.8333333333333334,6
graph,1,2026-10-07T09:40:32,nodeGcor1,3.11.9,unknown,13158095,455,1,1,0.9750185012817383,integrated_gradients,attribution,6,7,0.22108496001001585,1.0,0.29672540828249117,1.0,1.0,10,10,1.0,0.20561213279142976,1.0,0.5,1.0,6
graph,1,2026-10-07T09:40:32,nodeGcor1,3.11.9,unknown,13158095,455,1,1,0.9750185012817383,lime,attribution,6,7,0.22108496001001585,1.0,0.38999649480845955,1.0,1.0,10,10,1.0,0.044743916019797325,1.0,0.5,1.0,6
graph,1,2026-10-07T09:40:32,nodeGcor1,3.11.9,unknown,13158095,455,1,1,0.9750185012817383,random,attribution,6,7,0.22108496001001585,1.0,0.4057487526959327,0.7714285714285716,0.7142857142857143,10,10,0.7142857142857143,1.8701888620853424e-05,0.0,0.0,0.8333333333333334,6
graph,1,2026-10-07T09:40:32,nodeGcor1,3.11.9,unknown,13158095,459,3,3,0.7531907558441162,gnnexplainer,attribution,6,7,0.706661917704063,1.0,0.3038656944549617,1.0,1.0,10,10,0.7142857142857143,0.4411895447410643,1.0,1.0,1.0,6
graph,1,2026-10-07T09:40:32,nodeGcor1,3.11.9,unknown,13158095,459,3,3,0.7531907558441162,pgexplainer,attribution,6,7,0.706661917704063,1.0,0.5144841886022725,0.7142857142857143,0.7142857142857143,10,10,1.0,0.004268486984074116,0.0,0.0,0.8333333333333334,6
graph,1,2026-10-07T09:40:32,nodeGcor1,3.11.9,unknown,13158095,459,3,3,0.7531907558441162,integrated_gradients,attribution,6,7,0.706661917704063,1.0,0.4513745701642333,0.7142857142857143,0.7142857142857143,10,10,1.0,0.20527851721271873,0.6666666666666666,0.6666666666666666,0.8333333333333334,6
graph,1,2026-10-07T09:40:32,nodeGcor1,3.11.9,unknown,13158095,459,3,3,0.7531907558441162,lime,attribution,6,7,0.706661917704063,1.0,0.5125511100463278,0.7142857142857143,0.7142857142857143,10,10,0.7142857142857143,0.04489444708451629,0.8333333333333334,0.6666666666666666,0.8333333333333334,6
graph,1,2026-10-07T09:40:32,nodeGcor1,3.11.9,unknown,13158095,459,3,3,0.7531907558441162,random,attribution,6,7,0.706661917704063,1.0,0.2814230596073962,0.8,0.7142857142857143,10,10,1.0,2.3908913135528564e-05,0.8333333333333334,0.8333333333333334,0.8333333333333334,6
graph,1,2026-10-07T09:40:32,nodeGcor1,3.11.9,unknown,13158095,461,1,1,0.7505033612251282,gnnexplainer,attribution,6,15,0.0,1.0,0.24521377940301703,0.7142857142857143,0.7142857142857143,10,10,0.7142857142857143,0.44086478976532817,0.9814814814814814,0.9814814814814814,0.8333333333333334,6
graph,1,2026-10-07T09:40:32,nodeGcor1,3.11.9,unknown,13158095,461,1,1,0.7505033612251282,pgexplainer,attribution,6,15,0.9998121250511266,0.52,0.7013738111627473,0.8285714285714286,0.7142857142857143,10,10,1.0,0.0042859637178480625,0.9259259259259259,0.9259259259259259,0.8333333333333334,6
graph,1,2026-10-07T09:40:32,nodeGcor1,3.11.9,unknown,13158095,461,1,1,0.7505033612251282,integrated_gradients,attribution,6,15,0.0,0.62,0.6634272819284448,0.9714285714285715,0.7142857142857143,10,10,1.0,0.20490273460745811,0.9259259259259259,0.5370370370370371,0.8333333333333334,6
graph,1,2026-10-07T09:40:32,nodeGcor1,3.11.9,unknown,13158095,461,1,1,0.7505033612251282,lime,attribution,6,15,0.0,0.74,0.5758123264661956,0.9714285714285715,0.7142857142857143,10,10,1.0,0.045958505012094975,0.9259259259259258,0.5370370370370371,0.8333333333333334,6
graph,1,2026-10-07T09:40:32,nodeGcor1,3.11.9,unknown,13158095,461,1,1,0.7505033612251282,random,attribution,6,15,0.9999592711973795,0.61,0.2997674187364945,0.23484848484848486,0.09090909090909091,10,10,0.3333333333333333,2.3290980607271194e-05,0.5,0.5,0.5,6
graph,1,2026-10-07T09:40:32,nodeGcor1,3.11.9,unknown,13158095,463,2,3,0.531433641910553,gnnexplainer,attribution,6,15,0.5842479303100545,0.64,0.43661367671250884,0.7142857142857143,0.7142857142857143,10,10,0.7142857142857143,0.41944210696965456,0.9444444444444444,0.9444444444444444,0.8333333333333334,6
graph,1,2026-10-07T09:40:32,nodeGcor1,3.11.9,unknown,13158095,463,2,3,0.531433641910553,pgexplainer,attribution,6,15,0.5842560057263675,0.6,0.7013734649833854,0.8285714285714286,0.7142857142857143,10,10,1.0,0.004089005757123232,0.9259259259259259,0.9259259259259259,0.8333333333333334,6
graph,1,2026-10-07T09:40:32,nodeGcor1,3.11.9,unknown,13158095,463,2,3,0.531433641910553,integrated_gradients,attribution,6,15,0.5842560057263675,0.59,0.6089927811056367,0.9714285714285713,0.7142857142857143,10,10,1.0,0.20201261015608907,0.9444444444444445,0.38888888888888895,0.8333333333333334,6
graph,1,2026-10-07T09:40:32,nodeGcor1,3.11.9,unknown,13158095,463,2,3,0.531433641910553,lime,attribution,6,15,0.5842560057263675,0.94,0.5289502810366449,1.0,0.7142857142857143,10,10,0.7142857142857143,0.04527677083387971,1.0,0.8333333333333334,1.0,6
graph,1,2026-10-07T09:40:32,nodeGcor1,3.11.9,unknown,13158095,463,2,3,0.531433641910553,random,attribution,6,15,0.0,0.23,0.4264539290437708,0.2781818181818182,0.09090909090909091,10,10,0.2,2.131424844264984e-05,0.5555555555555556,0.5555555555555556,0.5,6
graph,1,2026-10-07T09:40:32,nodeGcor1,3.11.9,unknown,13158095,465,1,1,0.9777612686157227,gnnexplainer,attribution,6,18,0.2232700764064802,1.0,0.30674064953830216,0.7428571428571429,0.7142857142857143,10,10,0.7142857142857143,0.4280433929525316,1.0,1.0,1.0,6
graph,1,2026-10-07T09:40:32,nodeGcor1,3.11.9,unknown,13158095,465,1,1,0.9777612686157227,pgexplainer,attribution,6,18,0.2232700764064802,1.0,0.9010618509659023,0.95,0.5,10,10,1.0,0.004103123210370541,1.0,1.0,1.0,6
graph,1,2026-10-07T09:40:32,nodeGcor1,3.11.9,unknown,13158095,465,1,1,0.9777612686157227,integrated_gradients,attribution,6,18,0.2232700764064802,1.0,0.6724758652102367,1.0,0.7142857142857143,10,10,1.0,0.2017976976931095,0.986111111111111,0.5138888888888888,0.8333333333333334,6
graph,1,2026-10-07T09:40:32,nodeGcor1,3.11.9,unknown,13158095,465,1,1,0.9777612686157227,lime,attribution,6,18,0.22327416074975376,1.0,0.5490472979541464,0.9714285714285713,0.7142857142857143,10,10,1.0,0.04494806099683046,0.9583333333333333,0.5277777777777778,0.8333333333333334,6
graph,1,2026-10-07T09:40:32,nodeGcor1,3.11.9,unknown,13158095,465,1,1,0.9777612686157227,random,attribution,6,18,0.18400679683489,0.34,0.19626054765742929,0.2390909090909091,0.0,10,10,0.2,1.898501068353653e-05,0.3055555555555555,0.3055555555555555,0.16666666666666666,6
graph,1,2026-10-07T09:40:32,nodeGcor1,3.11.9,unknown,13158095,467,2,2,0.6552814245223999,gnnexplainer,attribution,6,7,0.9967347110448873,0.55,0.39851585743017526,nan,nan,0,0,1.0,0.4343443149700761,1.0,1.0,1.0,6
graph,1,2026-10-07T09:40:32,nodeGcor1,3.11.9,unknown,13158095,467,2,2,0.6552814245223999,pgexplainer,attribution,6,7,0.9967347140150065,0.39,0.7025554017061465,nan,nan,0,0,1.0,0.0042350818403065205,0.16666666666666666,0.16666666666666666,0.8333333333333334,6
graph,1,2026-10-07T09:40:32,nodeGcor1,3.11.9,unknown,13158095,467,2,2,0.6552814245223999,integrated_gradients,attribution,6,7,0.9967347110448873,0.52,0.24202514665272679,nan,nan,0,0,1.0,0.2046460951678455,1.0,0.6666666666666666,1.0,6
graph,1,2026-10-07T09:40:32,nodeGcor1,3.11.9,unknown,13158095,467,2,2,0.6552814245223999,lime,attribution,6,7,0.9967347140150065,0.54,0.48770915183515184,nan,nan,0,0,0.7142857142857143,0.04460196290165186,0.5,0.5,0.8333333333333334,6
graph,1,2026-10-07T09:40:32,nodeGcor1,3.11.9,unknown,13158095,467,2,2,0.6552814245223999,random,attribution,6,7,0.9967345781573421,0.44,0.30010504193073884,nan,nan,0,0,0.7142857142857143,9.79006290435791e-06,0.0,0.0,0.8333333333333334,6
graph,1,2026-10-07T09:40:32,nodeGcor1,3.11.9,unknown,13158095,468,2,2,0.6552808284759521,gnnexplainer,attribution,6,7,0.9967347110448873,0.54,0.3985255516342887,nan,nan,0,0,1.0,0.4377588499337435,1.0,1.0,1.0,6
graph,1,2026-10-07T09:40:32,nodeGcor1,3.11.9,unknown,13158095,468,2,2,0.6552808284759521,pgexplainer,attribution,6,7,0.9967347110448873,0.5,0.702555637214145,nan,nan,0,0,1.0,0.004174301866441965,0.16666666666666666,0.16666666666666666,0.8333333333333334,6
graph,1,2026-10-07T09:40:32,nodeGcor1,3.11.9,unknown,13158095,468,2,2,0.6552808284759521,integrated_gradients,attribution,6,7,0.9967347110448873,0.57,0.2420251148582836,nan,nan,0,0,1.0,0.2043789690360427,1.0,0.6666666666666666,1.0,6
graph,1,2026-10-07T09:40:32,nodeGcor1,3.11.9,unknown,13158095,468,2,2,0.6552808284759521,lime,attribution,6,7,0.9967345811275821,0.42,0.3606843397515882,nan,nan,0,0,0.7142857142857143,0.044695910066366196,0.5,0.3333333333333333,0.8333333333333334,6
graph,1,2026-10-07T09:40:32,nodeGcor1,3.11.9,unknown,13158095,468,2,2,0.6552808284759521,random,attribution,6,7,0.9967347140150065,0.49,0.23818153468798475,nan,nan,0,0,0.7142857142857143,2.314802259206772e-05,0.5,0.5,0.8333333333333334,6
graph,1,2026-10-07T09:40:32,nodeGcor1,3.11.9,unknown,13158095,469,3,0,0.5753987431526184,gnnexplainer,attribution,6,494,0.8909839323940277,0.33,0.6516835363720521,0.7428571428571429,0.5,10,10,0.7142857142857143,0.4506130279041827,0.9914617486338797,0.9914617486338797,0.3333333333333333,6
graph,1,2026-10-07T09:40:32,nodeGcor1,3.11.9,unknown,13158095,469,3,0,0.5753987431526184,pgexplainer,attribution,6,494,0.0,0.28,0.9701904840351177,0.8285714285714286,0.3333333333333333,10,10,1.0,0.004600791726261377,0.8568989071038251,0.8568989071038251,0.0,6
graph,1,2026-10-07T09:40:32,nodeGcor1,3.11.9,unknown,13158095,469,3,0,0.5753987431526184,integrated_gradients,attribution,6,494,0.9696485619073122,0.85,0.8692479401217945,0.7714285714285716,0.3333333333333333,10,10,1.0,0.21031772019341588,0.9986338797814208,0.8319672131147542,0.8333333333333334,6
graph,1,2026-10-07T09:40:32,nodeGcor1,3.11.9,unknown,13158095,469,3,0,0.5753987431526184,lime,attribution,6,494,0.9988741006895974,0.67,0.4433445434539839,0.488095238095238,0.5,10,10,0.7142857142857143,0.21429133415222168,0.9658469945355191,0.8165983606557378,0.6666666666666666,6
graph,1,2026-10-07T09:40:32,nodeGcor1,3.11.9,unknown,13158095,469,3,0,0.5753987431526184,random,attribution,6,494,0.0,0.29,0.345072132360961,0.0,0.0,10,10,0.0,1.1767260730266571e-05,0.8114754098360657,0.8114754098360657,0.0,6
graph,1,2026-10-07T09:40:32,nodeGcor1,3.11.9,unknown,13158095,473,2,3,0.7061401009559631,gnnexplainer,attribution,6,17,0.6871105419878817,1.0,0.3178777460864636,1.0,0.7142857142857143,10,10,1.0,0.44602719182148576,0.9393939393939393,0.9393939393939393,0.8333333333333334,6
graph,1,2026-10-07T09:40:32,nodeGcor1,3.11.9,unknown,13158095,473,2,3,0.7061401009559631,pgexplainer,attribution,6,17,0.6871166194384047,0.53,0.6674246000069177,0.8642857142857142,0.5,10,10,1.0,0.0042760069482028484,0.9393939393939394,0.9393939393939394,0.6666666666666666,6
graph,1,2026-10-07T09:40:32,nodeGcor1,3.11.9,unknown,13158095,473,2,3,0.7061401009559631,integrated_gradients,attribution,6,17,0.6871166194384047,0.75,0.6440371311976892,1.0,0.7142857142857143,10,10,1.0,0.20052052289247513,0.9545454545454546,0.3787878787878788,0.8333333333333334,6
graph,1,2026-10-07T09:40:32,nodeGcor1,3.11.9,unknown,13158095,473,2,3,0.7061401009559631,lime,attribution,6,17,0.6871166194384047,0.45,0.4977218111532312,0.6928571428571428,0.5,10,10,0.7142857142857143,0.04553630389273167,0.9545454545454545,0.8181818181818181,0.8333333333333334,6
graph,1,2026-10-07T09:40:32,nodeGcor1,3.11.9,unknown,13158095,473,2,3,0.7061401009559631,random,attribution,6,17,0.6871105419878817,0.35,0.2398109534884837,0.1939393939393939,0.09090909090909091,10,10,0.2,2.4110544472932816e-05,0.7272727272727273,0.7272727272727273,0.6666666666666666,6
graph,1,2026-10-07T09:40:32,nodeGcor1,3.11.9,unknown,13158095,478,2,3,0.6216061115264893,gnnexplainer,attribution,6,7,0.64456666717807,1.0,0.18388416170879363,1.0,1.0,10,10,1.0,0.42501191794872284,1.0,1.0,1.0,6
graph,1,2026-10-07T09:40:32,nodeGcor1,3.11.9,unknown,13158095,478,2,3,0.6216061115264893,pgexplainer,attribution,6,7,0.64456666717807,0.51,0.7355816065150473,0.7142857142857143,0.7142857142857143,10,10,1.0,0.004095079842954874,0.5,0.5,0.8333333333333334,6
graph,1,2026-10-07T09:40:32,nodeGcor1,3.11.9,unknown,13158095,478,2,3,0.6216061115264893,integrated_gradients,attribution,6,7,0.64456666717807,0.47,0.45941253273028093,0.7142857142857143,0.7142857142857143,10,10,1.0,0.19986365176737309,0.5,0.8333333333333334,0.8333333333333334,6
graph,1,2026-10-07T09:40:32,nodeGcor1,3.11.9,unknown,13158095,478,2,3,0.6216061115264893,lime,attribution,6,7,0.64456666717807,0.52,0.5697084996133758,0.7142857142857143,0.7142857142857143,10,10,1.0,0.04401704901829362,0.3333333333333333,0.8333333333333334,0.8333333333333334,6
graph,1,2026-10-07T09:40:32,nodeGcor1,3.11.9,unknown,13158095,478,2,3,0.6216061115264893,random,attribution,6,7,0.64456666717807,1.0,0.4187778212678043,0.7428571428571429,0.7142857142857143,10,10,1.0,2.195499837398529e-05,1.0,1.0,1.0,6
graph,1,2026-10-07T09:40:32,nodeGcor1,3.11.9,unknown,13158095,480,1,1,0.9799542427062988,gnnexplainer,attribution,6,16,0.22500836328911433,1.0,0.2894534736821668,0.7142857142857143,0.7142857142857143,10,10,0.7142857142857143,0.42802191292867064,0.9500000000000001,0.9500000000000001,0.8333333333333334,6
graph,1,2026-10-07T09:40:32,nodeGcor1,3.11.9,unknown,13158095,480,1,1,0.9799542427062988,pgexplainer,attribution,6,16,0.9997593417523619,0.88,0.8810813622832369,0.8,0.5,10,10,0.7142857142857143,0.004098255652934313,0.9,0.9,0.6666666666666666,6
graph,1,2026-10-07T09:40:32,nodeGcor1,3.11.9,unknown,13158095,480,1,1,0.9799542427062988,integrated_gradients,attribution,6,16,0.22500836328911433,1.0,0.6405269994191034,1.0,0.7142857142857143,10,10,1.0,0.19922721618786454,0.9833333333333334,0.5166666666666667,0.8333333333333334,6
graph,1,2026-10-07T09:40:32,nodeGcor1,3.11.9,unknown,13158095,480,1,1,0.9799542427062988,lime,attribution,6,16,0.22501243849181005,1.0,0.550277575885953,0.8571428571428571,0.7142857142857143,10,10,1.0,0.04542430117726326,0.9166666666666666,0.5,0.8333333333333334,6
graph,1,2026-10-07T09:40:32,nodeGcor1,3.11.9,unknown,13158095,480,1,1,0.9799542427062988,random,attribution,6,16,0.0,0.53,0.39410825342576616,0.23484848484848486,0.09090909090909091,10,10,0.2,2.1945219486951828e-05,0.5833333333333333,0.5833333333333333,0.5,6
graph,1,2026-10-07T09:40:32,nodeGcor1,3.11.9,unknown,13158095,483,2,2,0.6552814245223999,gnnexplainer,attribution,6,7,0.9967347110448873,0.46,0.3985255516342887,nan,nan,0,0,1.0,0.42357343807816505,1.0,1.0,1.0,6
graph,1,2026-10-07T09:40:32,nodeGcor1,3.11.9,unknown,13158095,483,2,2,0.6552814245223999,pgexplainer,attribution,6,7,0.9967347140150065,0.51,0.702555637214145,nan,nan,0,0,0.7142857142857143,0.005026530008763075,0.16666666666666666,0.16666666666666666,0.8333333333333334,6
graph,1,2026-10-07T09:40:32,nodeGcor1,3.11.9,unknown,13158095,483,2,2,0.6552814245223999,integrated_gradients,attribution,6,7,0.9967347140150065,0.5,0.24202509405456119,nan,nan,0,0,1.0,0.19978015404194593,1.0,0.6666666666666666,1.0,6
graph,1,2026-10-07T09:40:32,nodeGcor1,3.11.9,unknown,13158095,483,2,2,0.6552814245223999,lime,attribution,6,7,0.9967345781573421,0.53,0.36068434802332605,nan,nan,0,0,0.7142857142857143,0.04401014093309641,0.5,0.3333333333333333,0.8333333333333334,6
graph,1,2026-10-07T09:40:32,nodeGcor1,3.11.9,unknown,13158095,483,2,2,0.6552814245223999,random,attribution,6,7,0.9967347140150065,0.46,0.10319690753522981,nan,nan,0,0,0.7142857142857143,2.17449851334095e-05,0.6666666666666666,0.6666666666666666,0.8333333333333334,6
graph,1,2026-10-07T09:40:32,nodeGcor1,3.11.9,unknown,13158095,484,3,0,0.4998320937156677,gnnexplainer,attribution,6,456,0.9934633155618534,0.37,0.7048253858841582,0.2,1.0,10,10,1.0,0.43875414598733187,0.9944444444444444,0.9944444444444444,0.6666666666666666,6
graph,1,2026-10-07T09:40:32,nodeGcor1,3.11.9,unknown,13158095,484,3,0,0.4998320937156677,pgexplainer,attribution,6,456,0.0,0.14,0.9513389111066737,0.8,0.3333333333333333,10,10,1.0,0.004354970995336771,0.8337037037037037,0.8337037037037037,0.0,6
graph,1,2026-10-07T09:40:32,nodeGcor1,3.11.9,unknown,13158095,484,3,0,0.4998320937156677,integrated_gradients,attribution,6,456,0.9650591809109004,0.3,0.8569917138185531,1.0,0.7142857142857143,10,10,1.0,0.20525293285027146,0.9977777777777778,0.831851851851852,0.6666666666666666,6
graph,1,2026-10-07T09:40:32,nodeGcor1,3.11.9,unknown,13158095,484,3,0,0.4998320937156677,lime,attribution,6,456,0.9650599349924408,0.79,0.42782575145409885,0.5857142857142857,0.5,10,10,0.7142857142857143,0.21052447380498052,0.9992592592592593,0.832962962962963,0.8333333333333334,6
graph,1,2026-10-07T09:40:32,nodeGcor1,3.11.9,unknown,13158095,484,3,0,0.4998320937156677,random,attribution,6,456,0.0,0.24,0.3027774294079345,0.0,0.0,10,10,0.0,1.1875294148921967e-05,0.3677777777777778,0.3677777777777778,0.0,6
graph,1,2026-10-07T09:40:32,nodeGcor1,3.11.9,unknown,13158095,486,1,1,0.9069494605064392,gnnexplainer,attribution,6,22,0.1626286855711212,0.55,0.40502527736625427,0.9714285714285715,0.7142857142857143,10,10,0.7142857142857143,0.439278912730515,0.96875,0.96875,0.8333333333333334,6
graph,1,2026-10-07T09:40:32,nodeGcor1,3.11.9,unknown,13158095,486,1,1,0.9069494605064392,pgexplainer,attribution,6,22,0.0,0.36,0.7301618837416943,0.8642857142857142,0.7142857142857143,10,10,1.0,0.004241409245878458,0.8333333333333334,0.8333333333333334,0.6666666666666666,6
graph,1,2026-10-07T09:40:32,nodeGcor1,3.11.9,unknown,13158095,486,1,1,0.9069494605064392,integrated_gradients,attribution,6,22,0.16262422729668521,0.53,0.7468954449977158,0.9714285714285715,1.0,10,10,1.0,0.20063852611929178,0.9791666666666666,0.5208333333333334,0.8333333333333334,6
graph,1,2026-10-07T09:40:32,nodeGcor1,3.11.9,unknown,13158095,486,1,1,0.9069494605064392,lime,attribution,6,22,0.1626242823290469,0.55,0.6007987759076683,0.9714285714285715,1.0,10,10,1.0,0.04603692702949047,0.8020833333333334,0.6145833333333333,0.8333333333333334,6
graph,1,2026-10-07T09:40:32,nodeGcor1,3.11.9,unknown,13158095,486,1,1,0.9069494605064392,random,attribution,6,22,0.0,0.44,0.3756623704797024,0.13878787878787877,0.0,10,10,0.2,2.9738061130046844e-05,0.42708333333333337,0.42708333333333337,0.16666666666666666,6
graph,1,2026-10-07T09:40:32,nodeGcor1,3.11.9,unknown,13158095,487,2,2,0.6790941953659058,gnnexplainer,attribution,6,707,0.9671598897827269,0.3,0.6873557262523544,0.09090909090909091,0.0,10,10,0.0,0.4308547400869429,0.9869234427009035,0.9869234427009035,0.16666666666666666,6
graph,1,2026-10-07T09:40:32,nodeGcor1,3.11.9,unknown,13158095,487,2,2,0.6790941953659058,pgexplainer,attribution,6,707,0.0256818165460901,0.27,0.9598109233514349,0.7714285714285716,0.09090909090909091,10,10,1.0,0.004364083055406809,0.8535425582501189,0.8535425582501189,0.0,6
graph,1,2026-10-07T09:40:32,nodeGcor1,3.11.9,unknown,13158095,487,2,2,0.6790941953659058,integrated_gradients,attribution,6,707,0.0,0.0,0.9146891579488758,1.0,1.0,10,10,1.0,0.20639714784920216,1.0,0.6666666666666667,1.0,6
graph,1,2026-10-07T09:40:32,nodeGcor1,3.11.9,unknown,13158095,487,2,2,0.6790941953659058,lime,attribution,6,707,0.9968492355633908,0.0,0.4174055048717651,0.33333333333333337,0.2,10,10,0.3333333333333333,0.2259448729455471,0.8430813124108417,0.3937232524964337,0.5,6
graph,1,2026-10-07T09:40:32,nodeGcor1,3.11.9,unknown,13158095,487,2,2,0.6790941953659058,random,attribution,6,707,0.12730281988190617,0.36,0.3331951083685285,0.01818181818181818,0.0,10,10,0.0,1.5344005078077316e-05,0.33689966714217784,0.33689966714217784,0.0,6
graph,1,2026-10-07T09:40:32,nodeGcor1,3.11.9,unknown,13158095,488,2,3,0.6516561508178711,gnnexplainer,attribution,6,22,0.6609511388859188,0.99,0.40300891563303787,0.7142857142857143,0.7142857142857143,10,10,0.7142857142857143,0.43456301698461175,0.9583333333333334,0.9583333333333334,0.8333333333333334,6
graph,1,2026-10-07T09:40:32,nodeGcor1,3.11.9,unknown,13158095,488,2,3,0.6516561508178711,pgexplainer,attribution,6,22,0.6609577244471307,0.44,0.7301619561829038,0.7785714285714287,0.5,10,10,1.0,0.00416323309764266,0.8333333333333334,0.8333333333333334,0.6666666666666666,6
graph,1,2026-10-07T09:40:32,nodeGcor1,3.11.9,unknown,13158095,488,2,3,0.6516561508178711,integrated_gradients,attribution,6,22,0.6609577244471307,0.86,0.6990029823845503,0.9714285714285715,1.0,10,10,1.0,0.20046281954273582,0.96875,0.3645833333333333,0.8333333333333334,6
graph,1,2026-10-07T09:40:32,nodeGcor1,3.11.9,unknown,13158095,488,2,3,0.6516561508178711,lime,attribution,6,22,0.6609576934362437,0.59,0.5609638489682577,0.47000000000000003,0.2,10,10,0.7142857142857143,0.045965362805873156,0.9895833333333334,0.8333333333333334,0.8333333333333334,6
graph,1,2026-10-07T09:40:32,nodeGcor1,3.11.9,unknown,13158095,488,2,3,0.6516561508178711,random,attribution,6,22,0.17843925674990296,0.09,0.3049908293288883,0.22393939393939397,0.09090909090909091,10,10,0.2,2.206815406680107e-05,0.4479166666666667,0.4479166666666667,0.0,6
graph,1,2026-10-07T09:40:32,nodeGcor1,3.11.9,unknown,13158095,492,2,2,0.6552814245223999,gnnexplainer,attribution,6,7,0.9967347110448873,0.49,0.39851585743017526,nan,nan,0,0,1.0,0.4258734593167901,1.0,1.0,1.0,6
graph,1,2026-10-07T09:40:32,nodeGcor1,3.11.9,unknown,13158095,492,2,2,0.6552814245223999,pgexplainer,attribution,6,7,0.9967347140150065,0.45,0.702555637214145,nan,nan,0,0,1.0,0.004107273183763027,0.16666666666666666,0.16666666666666666,0.8333333333333334,6
graph,1,2026-10-07T09:40:32,nodeGcor1,3.11.9,unknown,13158095,492,2,2,0.6552814245223999,integrated_gradients,attribution,6,7,0.9967347110448873,0.52,0.24202512124152753,nan,nan,0,0,1.0,0.20080351689830422,1.0,0.6666666666666666,1.0,6
graph,1,2026-10-07T09:40:32,nodeGcor1,3.11.9,unknown,13158095,492,2,2,0.6552814245223999,lime,attribution,6,7,0.9967347110448873,0.45,0.4877091599020882,nan,nan,0,0,0.7142857142857143,0.04398510931059718,0.5,0.5,0.8333333333333334,6
graph,1,2026-10-07T09:40:32,nodeGcor1,3.11.9,unknown,13158095,492,2,2,0.6552814245223999,random,attribution,6,7,0.9967345781573421,1.0,0.2972352630750382,nan,nan,0,0,0.7142857142857143,2.2050924599170685e-05,0.6666666666666666,0.6666666666666666,0.8333333333333334,6
graph,1,2026-10-07T09:40:32,nodeGcor1,3.11.9,unknown,13158095,493,2,2,0.6552808284759521,gnnexplainer,attribution,6,7,0.9967347140150065,0.49,0.3985255516342887,nan,nan,0,0,1.0,0.4290516912005842,1.0,1.0,1.0,6
graph,1,2026-10-07T09:40:32,nodeGcor1,3.11.9,unknown,13158095,493,2,2,0.6552808284759521,pgexplainer,attribution,6,7,0.9967347140150065,0.55,0.7025555943985535,nan,nan,0,0,1.0,0.004056667909026146,0.16666666666666666,0.16666666666666666,0.8333333333333334,6
graph,1,2026-10-07T09:40:32,nodeGcor1,3.11.9,unknown,13158095,493,2,2,0.6552808284759521,integrated_gradients,attribution,6,7,0.9967347110448873,0.54,0.24202512165937373,nan,nan,0,0,1.0,0.2000547400675714,1.0,0.6666666666666666,1.0,6
graph,1,2026-10-07T09:40:32,nodeGcor1,3.11.9,unknown,13158095,493,2,2,0.6552808284759521,lime,attribution,6,7,0.9967345781573421,0.5,0.3606843576834008,nan,nan,0,0,0.7142857142857143,0.04397614672780037,0.5,0.3333333333333333,0.8333333333333334,6
graph,1,2026-10-07T09:40:32,nodeGcor1,3.11.9,unknown,13158095,493,2,2,0.6552808284759521,random,attribution,6,7,0.9967347110448873,0.46,0.35102321307067563,nan,nan,0,0,0.7142857142857143,2.2229738533496857e-05,1.0,1.0,1.0,6
graph,1,2026-10-07T09:40:32,nodeGcor1,3.11.9,unknown,13158095,494,3,0,0.7593232989311218,gnnexplainer,attribution,6,197,0.0,0.32,0.6741562510866566,0.24000000000000005,0.2,10,10,0.09090909090909091,0.4405343811959028,0.8839441535776613,0.8839441535776613,0.5,6
graph,1,2026-10-07T09:40:32,nodeGcor1,3.11.9,unknown,13158095,494,3,0,0.7593232989311218,pgexplainer,attribution,6,197,0.0,0.19,0.9594994211482499,0.7785714285714287,0.09090909090909091,10,10,1.0,0.004321730695664883,0.8699825479930191,0.8699825479930191,0.0,6
graph,1,2026-10-07T09:40:32,nodeGcor1,3.11.9,unknown,13158095,494,3,0,0.7593232989311218,integrated_gradients,attribution,6,197,0.9769998574297079,0.39,0.8464432047114808,1.0,0.7142857142857143,10,10,1.0,0.20631776191294193,0.9720767888307155,0.8141361256544504,0.6666666666666666,6
graph,1,2026-10-07T09:40:32,nodeGcor1,3.11.9,unknown,13158095,494,3,0,0.7593232989311218,lime,attribution,6,197,0.8156795922548518,0.89,0.4923048893134617,0.8,0.5,10,10,0.5,0.18459083512425423,0.9912739965095986,0.8263525305410122,0.6666666666666666,6
graph,1,2026-10-07T09:40:32,nodeGcor1,3.11.9,unknown,13158095,494,3,0,0.7593232989311218,random,attribution,6,197,0.024028810929803853,0.22,0.32775340086421456,0.01818181818181818,0.0,10,10,0.0,1.9786879420280457e-05,0.35951134380453753,0.35951134380453753,0.0,6
graph,1,2026-10-07T09:40:32,nodeGcor1,3.11.9,unknown,13158095,495,1,1,0.747580349445343,gnnexplainer,attribution,6,42,0.0,0.93,0.40796023895130673,0.7142857142857143,0.7142857142857143,10,10,0.7142857142857143,0.4426149306818843,0.9814814814814815,0.9814814814814815,0.8333333333333334,6
graph,1,2026-10-07T09:40:32,nodeGcor1,3.11.9,unknown,13158095,495,1,1,0.747580349445343,pgexplainer,attribution,6,42,0.9804393887756633,0.34,0.8903623554970123,0.8,0.3333333333333333,10,10,1.0,0.004249216988682747,0.9305555555555556,0.9305555555555556,0.5,6
graph,1,2026-10-07T09:40:32,nodeGcor1,3.11.9,unknown,13158095,495,1,1,0.747580349445343,integrated_gradients,attribution,6,42,0.0,0.96,0.8545070863173814,1.0,0.7142857142857143,10,10,1.0,0.20585657004266977,0.9953703703703703,0.6666666666666666,0.8333333333333334,6
graph,1,2026-10-07T09:40:32,nodeGcor1,3.11.9,unknown,13158095,495,1,1,0.747580349445343,lime,attribution,6,42,0.0,0.61,0.6434281106222783,0.7142857142857143,0.7142857142857143,10,10,1.0,0.047177648171782494,0.9490740740740741,0.6435185185185185,0.8333333333333334,6
graph,1,2026-10-07T09:40:32,nodeGcor1,3.11.9,unknown,13158095,495,1,1,0.747580349445343,random,attribution,6,42,0.0,0.66,0.339553009818779,0.07454545454545455,0.0,10,10,0.0,2.2124033421278e-05,0.46759259259259256,0.46759259259259256,0.3333333333333333,6
graph,1,2026-10-07T09:40:32,nodeGcor1,3.11.9,unknown,13158095,500,1,1,0.8426719307899475,gnnexplainer,attribution,6,20,0.09875281014354394,0.51,0.34120592193769705,0.7142857142857143,0.7142857142857143,10,10,0.7142857142857143,0.4218525057658553,0.9285714285714286,0.9285714285714286,0.8333333333333334,6
graph,1,2026-10-07T09:40:32,nodeGcor1,3.11.9,unknown,13158095,500,1,1,0.8426719307899475,pgexplainer,attribution,6,20,0.9999853161603451,0.5,0.7454993617343049,0.9142857142857143,0.7142857142857143,10,10,1.0,0.00406130775809288,0.9642857142857143,0.9642857142857143,0.8333333333333334,6
graph,1,2026-10-07T09:40:32,nodeGcor1,3.11.9,unknown,13158095,500,1,1,0.8426719307899475,integrated_gradients,attribution,6,20,0.0987480710158985,0.56,0.7369997507650992,0.9714285714285713,1.0,10,10,1.0,0.1985523267649114,0.9761904761904762,0.5238095238095238,0.8333333333333334,6
graph,1,2026-10-07T09:40:32,nodeGcor1,3.11.9,unknown,13158095,500,1,1,0.8426719307899475,lime,attribution,6,20,0.0987480710158985,0.53,0.6067219546900011,0.9714285714285715,0.7142857142857143,10,10,1.0,0.045150401070714,0.9285714285714286,0.5476190476190477,0.8333333333333334,6
graph,1,2026-10-07T09:40:32,nodeGcor1,3.11.9,unknown,13158095,500,1,1,0.8426719307899475,random,attribution,6,20,0.6009664071534515,0.61,0.2500959249629916,0.2106060606060606,0.0,10,10,0.3333333333333333,2.133334055542946e-05,0.5238095238095238,0.5238095238095238,0.16666666666666666,6
graph,1,2026-10-07T09:40:32,nodeGcor1,3.11.9,unknown,13158095,502,2,3,0.6552951335906982,gnnexplainer,attribution,6,20,0.6628395672160647,0.55,0.3339162151673729,0.5214285714285715,0.5,10,10,0.7142857142857143,0.4259832971729338,0.9047619047619048,0.9047619047619048,0.8333333333333334,6
graph,1,2026-10-07T09:40:32,nodeGcor1,3.11.9,unknown,13158095,502,2,3,0.6552951335906982,pgexplainer,attribution,6,20,0.6628395672160647,0.63,0.7454997056084574,0.8571428571428571,0.7142857142857143,10,10,1.0,0.004276597872376442,0.9642857142857143,0.9642857142857143,0.8333333333333334,6
graph,1,2026-10-07T09:40:32,nodeGcor1,3.11.9,unknown,13158095,502,2,3,0.6552951335906982,integrated_gradients,attribution,6,20,0.6628395672160647,0.65,0.685494111028186,1.0,1.0,10,10,1.0,0.20139812817797065,0.9642857142857142,0.369047619047619,0.8333333333333334,6
graph,1,2026-10-07T09:40:32,nodeGcor1,3.11.9,unknown,13158095,502,2,3,0.6552951335906982,lime,attribution,6,20,0.6628395672160647,0.35,0.6821730371556841,0.4666666666666666,0.5,10,10,0.5,0.046168691013008356,0.9404761904761905,0.7976190476190478,0.6666666666666666,6
graph,1,2026-10-07T09:40:32,nodeGcor1,3.11.9,unknown,13158095,502,2,3,0.6552951335906982,random,attribution,6,20,0.2918721531711162,0.22,0.31616656990568426,0.19636363636363635,0.0,10,10,0.2,2.4056993424892426e-05,0.2976190476190476,0.2976190476190476,0.16666666666666666,6
graph,1,2026-10-07T09:40:32,nodeGcor1,3.11.9,unknown,13158095,505,1,1,0.9781981706619263,gnnexplainer,attribution,6,20,0.22362112470711737,1.0,0.34196433099521517,0.7142857142857143,0.7142857142857143,10,10,0.7142857142857143,0.4302834742702544,0.9285714285714286,0.9285714285714286,0.8333333333333334,6
graph,1,2026-10-07T09:40:32,nodeGcor1,3.11.9,unknown,13158095,505,1,1,0.9781981706619263,pgexplainer,attribution,6,20,0.22361704218832268,1.0,0.9163961803692736,0.9142857142857143,0.7142857142857143,10,10,1.0,0.004213439300656319,1.0,1.0,1.0,6
graph,1,2026-10-07T09:40:32,nodeGcor1,3.11.9,unknown,13158095,505,1,1,0.9781981706619263,integrated_gradients,attribution,6,20,0.22361704218832268,1.0,0.7358820989635647,0.9142857142857143,0.7142857142857143,10,10,1.0,0.2020826693624258,0.9880952380952381,0.5119047619047619,0.8333333333333334,6
graph,1,2026-10-07T09:40:32,nodeGcor1,3.11.9,unknown,13158095,505,1,1,0.9781981706619263,lime,attribution,6,20,0.9697712942504669,0.97,0.6049825365555512,0.7142857142857143,0.7142857142857143,10,10,0.7142857142857143,0.045892145950347185,0.7380952380952381,0.5833333333333333,0.6666666666666666,6
graph,1,2026-10-07T09:40:32,nodeGcor1,3.11.9,unknown,13158095,505,1,1,0.9781981706619263,random,attribution,6,20,0.0,0.5,0.320733198617565,0.14787878787878786,0.0,10,10,0.09090909090909091,2.2976193577051163e-05,0.5357142857142857,0.5357142857142857,0.3333333333333333,6
graph,1,2026-10-07T09:40:32,nodeGcor1,3.11.9,unknown,13158095,506,1,1,0.9963751435279846,gnnexplainer,attribution,6,581,0.9776895083457259,0.99,0.6780942011021389,0.24242424242424243,0.0,10,10,0.2,0.44056313298642635,0.9910144927536232,0.9910144927536232,0.5,6
graph,1,2026-10-07T09:40:32,nodeGcor1,3.11.9,unknown,13158095,506,1,1,0.9963751435279846,pgexplainer,attribution,6,581,0.00020183770418046325,0.56,0.951456408400951,0.9714285714285715,0.3333333333333333,10,10,1.0,0.0044411588460206985,0.8110144927536233,0.8110144927536233,0.0,6
graph,1,2026-10-07T09:40:32,nodeGcor1,3.11.9,unknown,13158095,506,1,1,0.9963751435279846,integrated_gradients,attribution,6,581,0.23778090750515019,1.0,0.9678590911740674,0.9142857142857143,0.7142857142857143,10,10,1.0,0.20851720264181495,0.9997101449275362,0.5002898550724638,0.8333333333333334,6
graph,1,2026-10-07T09:40:32,nodeGcor1,3.11.9,unknown,13158095,506,1,1,0.9963751435279846,lime,attribution,6,581,0.23778090750515019,0.66,0.45753218417478103,0.5,0.2,10,10,0.5,0.2196214348077774,0.8843478260869566,0.5573913043478261,0.5,6
graph,1,2026-10-07T09:40:32,nodeGcor1,3.11.9,unknown,13158095,506,1,1,0.9963751435279846,random,attribution,6,581,1.1366082926582103e-05,0.57,0.32970488333879133,0.0,0.0,10,10,0.0,1.3653654605150223e-05,0.5718840579710145,0.5718840579710145,0.0,6
graph,1,2026-10-07T09:40:32,nodeGcor1,3.11.9,unknown,13158095,508,2,3,0.6216061115264893,gnnexplainer,attribution,6,7,0.64456666717807,1.0,0.18388416170879363,1.0,1.0,10,10,1.0,0.4402739657089114,1.0,1.0,1.0,6
graph,1,2026-10-07T09:40:32,nodeGcor1,3.11.9,unknown,13158095,508,2,3,0.6216061115264893,pgexplainer,attribution,6,7,0.64456666717807,0.44,0.7355816065150473,0.7142857142857143,0.7142857142857143,10,10,1.0,0.004137853626161814,0.5,0.5,0.8333333333333334,6
graph,1,2026-10-07T09:40:32,nodeGcor1,3.11.9,unknown,13158095,508,2,3,0.6216061115264893,integrated_gradients,attribution,6,7,0.64456666717807,0.54,0.459412462512661,0.7142857142857143,0.7142857142857143,10,10,1.0,0.1982502732425928,0.5,0.8333333333333334,0.8333333333333334,6
graph,1,2026-10-07T09:40:32,nodeGcor1,3.11.9,unknown,13158095,508,2,3,0.6216061115264893,lime,attribution,6,7,0.64456666717807,0.56,0.5697085128241834,0.7142857142857143,0.7142857142857143,10,10,1.0,0.044042617082595825,0.3333333333333333,0.8333333333333334,0.8333333333333334,6
graph,1,2026-10-07T09:40:32,nodeGcor1,3.11.9,unknown,13158095,508,2,3,0.6216061115264893,random,attribution,6,7,0.64456666717807,0.44,0.3220744803123714,0.7142857142857143,0.7142857142857143,10,10,0.7142857142857143,2.1978747099637985e-05,0.0,0.0,0.8333333333333334,6
graph,1,2026-10-07T09:40:32,nodeGcor1,3.11.9,unknown,13158095,510,1,1,0.892802894115448,gnnexplainer,attribution,6,15,0.1493601320700653,0.39,0.29141793932601234,0.7142857142857143,0.7142857142857143,10,10,0.7142857142857143,0.4258646587841213,0.962962962962963,0.962962962962963,0.8333333333333334,6
graph,1,2026-10-07T09:40:32,nodeGcor1,3.11.9,unknown,13158095,510,1,1,0.892802894115448,pgexplainer,attribution,6,15,0.0,0.45,0.6827977026894079,0.7285714285714286,0.5,10,10,1.0,0.004333567805588245,0.7777777777777778,0.7777777777777778,0.6666666666666666,6
graph,1,2026-10-07T09:40:32,nodeGcor1,3.11.9,unknown,13158095,510,1,1,0.892802894115448,integrated_gradients,attribution,6,15,0.14935565905649056,0.77,0.631544814645637,0.8857142857142858,0.7142857142857143,10,10,1.0,0.19916484085842967,0.962962962962963,0.5370370370370371,0.8333333333333334,6
graph,1,2026-10-07T09:40:32,nodeGcor1,3.11.9,unknown,13158095,510,1,1,0.892802894115448,lime,attribution,6,15,0.14935577263688388,0.77,0.4563968521997922,0.9428571428571428,0.7142857142857143,10,10,1.0,0.04510647337883711,0.9259259259259258,0.5370370370370371,0.8333333333333334,6
graph,1,2026-10-07T09:40:32,nodeGcor1,3.11.9,unknown,13158095,510,1,1,0.892802894115448,random,attribution,6,15,0.0,0.24,0.3437751232560673,0.26575757575757575,0.09090909090909091,10,10,0.09090909090909091,2.1591782569885254e-05,0.462962962962963,0.462962962962963,0.3333333333333333,6
graph,1,2026-10-07T09:40:32,nodeGcor1,3.11.9,unknown,13158095,511,1,1,0.9750185012817383,gnnexplainer,attribution,6,7,0.22108496001001585,1.0,0.13772370337482964,1.0,1.0,10,10,1.0,0.41006297105923295,1.0,1.0,1.0,6
graph,1,2026-10-07T09:40:32,nodeGcor1,3.11.9,unknown,13158095,511,1,1,0.9750185012817383,pgexplainer,attribution,6,7,0.22108496001001585,1.0,0.51448454575764,0.7142857142857143,0.7142857142857143,10,10,1.0,0.004071364179253578,0.0,0.0,0.8333333333333334,6
graph,1,2026-10-07T09:40:32,nodeGcor1,3.11.9,unknown,13158095,511,1,1,0.9750185012817383,integrated_gradients,attribution,6,7,0.22108496001001585,1.0,0.29672540234689726,1.0,1.0,10,10,1.0,0.19900565780699253,1.0,0.5,1.0,6
graph,1,2026-10-07T09:40:32,nodeGcor1,3.11.9,unknown,13158095,511,1,1,0.9750185012817383,lime,attribution,6,7,0.22108496001001585,1.0,0.40628538420646154,1.0,1.0,10,10,1.0,0.04393679229542613,1.0,0.5,1.0,6
graph,1,2026-10-07T09:40:32,nodeGcor1,3.11.9,unknown,13158095,511,1,1,0.9750185012817383,random,attribution,6,7,0.22108496001001585,1.0,0.18565555092630914,0.7428571428571429,0.7142857142857143,10,10,0.7142857142857143,2.2067222744226456e-05,0.8333333333333334,0.8333333333333334,0.8333333333333334,6
graph,1,2026-10-07T09:40:32,nodeGcor1,3.11.9,unknown,13158095,512,2,3,0.7201792597770691,gnnexplainer,attribution,6,15,0.9997451970671253,0.99,0.4742402791763466,0.5214285714285715,0.5,10,10,0.7142857142857143,0.4252131353132427,0.9814814814814815,0.9814814814814815,0.8333333333333334,6
graph,1,2026-10-07T09:40:32,nodeGcor1,3.11.9,unknown,13158095,512,2,3,0.7201792597770691,pgexplainer,attribution,6,15,0.6932156017452208,0.45,0.6827981315589392,0.8285714285714286,0.5,10,10,1.0,0.004076776094734669,0.7777777777777778,0.7777777777777778,0.6666666666666666,6
graph,1,2026-10-07T09:40:32,nodeGcor1,3.11.9,unknown,13158095,512,2,3,0.7201792597770691,integrated_gradients,attribution,6,15,0.6932156017452208,0.8,0.6060224273092585,0.9428571428571428,0.7142857142857143,10,10,1.0,0.1980195683427155,0.962962962962963,0.37037037037037035,0.8333333333333334,6
graph,1,2026-10-07T09:40:32,nodeGcor1,3.11.9,unknown,13158095,512,2,3,0.7201792597770691,lime,attribution,6,15,0.6932156017452208,0.99,0.566829442130754,0.6666666666666667,0.3333333333333333,10,10,0.7142857142857143,0.045523588079959154,1.0,0.8333333333333334,1.0,6
graph,1,2026-10-07T09:40:32,nodeGcor1,3.11.9,unknown,13158095,512,2,3,0.7201792597770691,random,attribution,6,15,0.9950298791157125,0.3,0.21755877378444932,0.26151515151515153,0.0,10,10,0.2,1.9428785890340805e-05,0.2592592592592593,0.2592592592592593,0.3333333333333333,6
graph,1,2026-10-07T09:40:32,nodeGcor1,3.11.9,unknown,13158095,519,3,3,0.7531907558441162,gnnexplainer,attribution,6,7,0.706661917704063,1.0,0.3060938250933658,1.0,1.0,10,10,1.0,0.40900710225105286,1.0,1.0,1.0,6
graph,1,2026-10-07T09:40:32,nodeGcor1,3.11.9,unknown,13158095,519,3,3,0.7531907558441162,pgexplainer,attribution,6,7,0.706661917704063,1.0,0.5144841886022725,0.7142857142857143,0.7142857142857143,10,10,1.0,0.0040994007140398026,0.0,0.0,0.8333333333333334,6
graph,1,2026-10-07T09:40:32,nodeGcor1,3.11.9,unknown,13158095,519,3,3,0.7531907558441162,integrated_gradients,attribution,6,7,0.706661917704063,1.0,0.45137454486592776,0.7142857142857143,0.7142857142857143,10,10,1.0,0.1984923998825252,0.6666666666666666,0.6666666666666666,0.8333333333333334,6
graph,1,2026-10-07T09:40:32,nodeGcor1,3.11.9,unknown,13158095,519,3,3,0.7531907558441162,lime,attribution,6,7,0.706661917704063,1.0,0.5850564211395436,1.0,1.0,10,10,1.0,0.04382182331755757,1.0,0.5,1.0,6
graph,1,2026-10-07T09:40:32,nodeGcor1,3.11.9,unknown,13158095,519,3,3,0.7531907558441162,random,attribution,6,7,0.706661917704063,0.49,0.19337663423478235,0.7142857142857143,0.7142857142857143,10,10,0.7142857142857143,1.8727034330368042e-05,0.8333333333333334,0.8333333333333334,0.8333333333333334,6
graph,1,2026-10-07T09:40:32,nodeGcor1,3.11.9,unknown,13158095,522,2,0,0.48618000745773315,gnnexplainer,attribution,6,39,0.9640780186003141,0.07,0.3407818712235363,0.7142857142857143,0.5,10,10,0.7142857142857143,0.4329941621981561,0.9696969696969697,0.9696969696969697,0.8333333333333334,6
graph,1,2026-10-07T09:40:32,nodeGcor1,3.11.9,unknown,13158095,522,2,0,0.48618000745773315,pgexplainer,attribution,6,39,0.9640780274082337,0.28,0.8690340701462494,0.9428571428571428,0.7142857142857143,10,10,1.0,0.004233262035995722,0.9595959595959596,0.9595959595959596,0.6666666666666666,6
graph,1,2026-10-07T09:40:32,nodeGcor1,3.11.9,unknown,13158095,522,2,0,0.48618000745773315,integrated_gradients,attribution,6,39,0.9640780274082337,0.16,0.8443566913412497,1.0,1.0,10,10,1.0,0.20303197903558612,0.9949494949494949,0.5,0.8333333333333334,6
graph,1,2026-10-07T09:40:32,nodeGcor1,3.11.9,unknown,13158095,522,2,0,0.48618000745773315,lime,attribution,6,39,0.9640780186003141,0.6,0.601189089266781,0.7142857142857143,0.7142857142857143,10,10,0.7142857142857143,0.046836241614073515,0.9090909090909092,0.787878787878788,0.6666666666666666,6
graph,1,2026-10-07T09:40:32,nodeGcor1,3.11.9,unknown,13158095,522,2,0,0.48618000745773315,random,attribution,6,39,0.9960714093990813,0.16,0.37253483978677315,0.13878787878787877,0.0,10,10,0.0,2.463720738887787e-05,0.4797979797979798,0.4797979797979798,0.3333333333333333,6
graph,1,2026-10-07T09:40:32,nodeGcor1,3.11.9,unknown,13158095,524,3,3,0.7531907558441162,gnnexplainer,attribution,6,7,0.706661917704063,1.0,0.30609382264999574,1.0,1.0,10,10,1.0,0.4192519919015467,1.0,1.0,1.0,6
graph,1,2026-10-07T09:40:32,nodeGcor1,3.11.9,unknown,13158095,524,3,3,0.7531907558441162,pgexplainer,attribution,6,7,0.706661917704063,1.0,0.5144841886022725,0.7142857142857143,0.7142857142857143,10,10,1.0,0.004033565055578947,0.0,0.0,0.8333333333333334,6
graph,1,2026-10-07T09:40:32,nodeGcor1,3.11.9,unknown,13158095,524,3,3,0.7531907558441162,integrated_gradients,attribution,6,7,0.706661917704063,1.0,0.4513744902559442,0.7142857142857143,0.7142857142857143,10,10,1.0,0.19968985626474023,0.6666666666666666,0.6666666666666666,0.8333333333333334,6
graph,1,2026-10-07T09:40:32,nodeGcor1,3.11.9,unknown,13158095,524,3,3,0.7531907558441162,lime,attribution,6,7,0.706661917704063,1.0,0.5850565079986935,1.0,1.0,10,10,1.0,0.04366147378459573,1.0,0.5,1.0,6
graph,1,2026-10-07T09:40:32,nodeGcor1,3.11.9,unknown,13158095,524,3,3,0.7531907558441162,random,attribution,6,7,0.7066568925561654,1.0,0.31826745256891553,0.7714285714285715,0.7142857142857143,10,10,0.7142857142857143,2.1949876099824905e-05,0.3333333333333333,0.3333333333333333,0.8333333333333334,6
graph,1,2026-10-07T09:40:32,nodeGcor1,3.11.9,unknown,13158095,525,1,1,0.9917197227478027,gnnexplainer,attribution,6,216,0.0,0.65,0.6012575479203357,0.29666666666666675,0.2,10,10,0.2,0.4345166189596057,0.9777777777777779,0.9777777777777779,0.3333333333333333,6
graph,1,2026-10-07T09:40:32,nodeGcor1,3.11.9,unknown,13158095,525,1,1,0.9917197227478027,pgexplainer,attribution,6,216,0.0018741101853218623,0.56,0.947606782221543,0.9428571428571428,0.5,10,10,1.0,0.004270357079803944,0.8333333333333334,0.8333333333333334,0.0,6
graph,1,2026-10-07T09:40:32,nodeGcor1,3.11.9,unknown,13158095,525,1,1,0.9917197227478027,integrated_gradients,attribution,6,216,0.999999993311151,1.0,0.9527482589189892,1.0,0.7142857142857143,10,10,1.0,0.20398244773969054,1.0,0.5,1.0,6
graph,1,2026-10-07T09:40:32,nodeGcor1,3.11.9,unknown,13158095,525,1,1,0.9917197227478027,lime,attribution,6,216,0.23420282942435933,0.82,0.52343982932298,0.6761904761904762,0.5,10,10,0.7142857142857143,0.07348200306296349,0.8952380952380953,0.6190476190476191,0.6666666666666666,6
graph,1,2026-10-07T09:40:32,nodeGcor1,3.11.9,unknown,13158095,525,1,1,0.9917197227478027,random,attribution,6,216,0.0010618274852184383,0.53,0.32792677823971417,0.01818181818181818,0.0,10,10,0.0,2.2621825337409973e-05,0.569047619047619,0.569047619047619,0.0,6
graph,1,2026-10-07T09:40:32,nodeGcor1,3.11.9,unknown,13158095,527,2,3,0.6216061115264893,gnnexplainer,attribution,6,7,0.64456666717807,1.0,0.26529741582479716,1.0,1.0,10,10,1.0,0.43448086734861135,1.0,1.0,1.0,6
graph,1,2026-10-07T09:40:32,nodeGcor1,3.11.9,unknown,13158095,527,2,3,0.6216061115264893,pgexplainer,attribution,6,7,0.64456666717807,0.53,0.7355816065150473,0.7142857142857143,0.7142857142857143,10,10,1.0,0.00404469994828105,0.5,0.5,0.8333333333333334,6
graph,1,2026-10-07T09:40:32,nodeGcor1,3.11.9,unknown,13158095,527,2,3,0.6216061115264893,integrated_gradients,attribution,6,7,0.64456666717807,0.39,0.4594124925253573,0.7142857142857143,0.7142857142857143,10,10,1.0,0.19740895181894302,0.5,0.8333333333333334,0.8333333333333334,6
graph,1,2026-10-07T09:40:32,nodeGcor1,3.11.9,unknown,13158095,527,2,3,0.6216061115264893,lime,attribution,6,7,0.64456666717807,0.44,0.33167268804793537,0.7142857142857143,0.7142857142857143,10,10,1.0,0.04393609892576933,0.5,0.8333333333333334,0.8333333333333334,6
graph,1,2026-10-07T09:40:32,nodeGcor1,3.11.9,unknown,13158095,527,2,3,0.6216061115264893,random,attribution,6,7,0.64456666717807,0.58,0.2806405896654234,0.8285714285714286,0.7142857142857143,10,10,0.7142857142857143,2.2069085389375687e-05,0.16666666666666666,0.16666666666666666,0.8333333333333334,6
graph,1,2026-10-07T09:40:32,nodeGcor1,3.11.9,unknown,13158095,529,3,0,0.9656864404678345,gnnexplainer,attribution,6,14,0.9993404882991049,0.33,0.23999543014889135,0.30000000000000004,0.2,10,10,0.5,0.4232434802688658,0.4583333333333333,0.4583333333333333,0.5,6
graph,1,2026-10-07T09:40:32,nodeGcor1,3.11.9,unknown,13158095,529,3,0,0.9656864404678345,pgexplainer,attribution,6,14,0.9819148961860584,0.54,0.8908494651917633,1.0,1.0,10,10,1.0,0.0040796659886837006,1.0,1.0,1.0,6
graph,1,2026-10-07T09:40:32,nodeGcor1,3.11.9,unknown,13158095,529,3,0,0.9656864404678345,integrated_gradients,attribution,6,14,0.9819148961860584,1.0,0.5841208199344583,1.0,1.0,10,10,1.0,0.19795875577256083,0.8125000000000001,0.7916666666666667,0.8333333333333334,6
graph,1,2026-10-07T09:40:32,nodeGcor1,3.11.9,unknown,13158095,529,3,0,0.9656864404678345,lime,attribution,6,14,0.9819152800231928,1.0,0.5750170482798285,1.0,1.0,10,10,1.0,0.04517922084778547,0.8333333333333334,0.6874999999999999,0.8333333333333334,6
graph,1,2026-10-07T09:40:32,nodeGcor1,3.11.9,unknown,13158095,529,3,0,0.9656864404678345,random,attribution,6,14,0.9999966052015933,0.61,0.3814656545488273,0.29333333333333333,0.0,10,10,0.09090909090909091,2.1866988390684128e-05,0.6041666666666667,0.6041666666666667,0.5,6
graph,1,2026-10-07T09:40:32,nodeGcor1,3.11.9,unknown,13158095,530,1,1,0.9943885207176208,gnnexplainer,attribution,6,365,0.9999999986948713,0.94,0.6372875235447955,0.3066666666666667,0.2,10,10,0.3333333333333333,0.4197983043268323,0.9902506963788301,0.9902506963788301,0.6666666666666666,6
graph,1,2026-10-07T09:40:32,nodeGcor1,3.11.9,unknown,13158095,530,1,1,0.9943885207176208,pgexplainer,attribution,6,365,0.0,0.59,0.9504753975513074,0.8,0.2,10,10,1.0,0.004287009593099356,0.8700092850510678,0.8700092850510678,0.0,6
graph,1,2026-10-07T09:40:32,nodeGcor1,3.11.9,unknown,13158095,530,1,1,0.9943885207176208,integrated_gradients,attribution,6,365,0.9999999986009048,1.0,0.9588667776044413,1.0,1.0,10,10,1.0,0.20425503281876445,1.0,0.5,1.0,6
graph,1,2026-10-07T09:40:32,nodeGcor1,3.11.9,unknown,13158095,530,1,1,0.9943885207176208,lime,attribution,6,365,0.23625812058223572,0.87,0.45657617543802576,0.6928571428571428,0.5,10,10,0.7142857142857143,0.08955865073949099,0.851439182915506,0.5705663881151346,0.6666666666666666,6
graph,1,2026-10-07T09:40:32,nodeGcor1,3.11.9,unknown,13158095,530,1,1,0.9943885207176208,random,attribution,6,365,0.0,0.55,0.334388076152636,0.00909090909090909,0.0,10,10,0.0,2.3062806576490402e-05,0.49442896935933145,0.49442896935933145,0.0,6
graph,1,2026-10-07T09:40:32,nodeGcor1,3.11.9,unknown,13158095,531,1,1,0.9771295189857483,gnnexplainer,attribution,6,18,0.2227677025465515,1.0,0.3107726312798389,0.7142857142857143,0.7142857142857143,10,10,0.7142857142857143,0.4280126327648759,0.986111111111111,0.986111111111111,0.8333333333333334,6
graph,1,2026-10-07T09:40:32,nodeGcor1,3.11.9,unknown,13158095,531,1,1,0.9771295189857483,pgexplainer,attribution,6,18,0.9999802765879001,1.0,0.903086326824545,0.8142857142857143,0.7142857142857143,10,10,1.0,0.02103044232353568,0.9583333333333334,0.9583333333333334,0.8333333333333334,6
graph,1,2026-10-07T09:40:32,nodeGcor1,3.11.9,unknown,13158095,531,1,1,0.9771295189857483,integrated_gradients,attribution,6,18,0.2227677025465515,1.0,0.7077636174121611,0.8857142857142856,1.0,10,10,1.0,0.20125021878629923,0.986111111111111,0.5138888888888888,0.8333333333333334,6
graph,1,2026-10-07T09:40:32,nodeGcor1,3.11.9,unknown,13158095,531,1,1,0.9771295189857483,lime,attribution,6,18,0.9697382116104166,1.0,0.6484088592504762,0.7142857142857143,0.5,10,10,0.7142857142857143,0.04534921329468489,0.75,0.4722222222222222,0.6666666666666666,6
graph,1,2026-10-07T09:40:32,nodeGcor1,3.11.9,unknown,13158095,531,1,1,0.9771295189857483,random,attribution,6,18,0.4838055051443246,0.65,0.34472995075501356,0.19969696969696965,0.09090909090909091,10,10,0.09090909090909091,2.2514723241329193e-05,0.4305555555555555,0.4305555555555555,0.16666666666666666,6
graph,1,2026-10-07T09:40:32,nodeGcor1,3.11.9,unknown,13158095,533,2,2,0.5978637933731079,gnnexplainer,attribution,6,18,0.9997794522836589,0.11,0.43000488189248676,0.1890909090909091,0.09090909090909091,10,10,0.3333333333333333,0.4225158472545445,0.8194444444444443,0.8194444444444443,0.5,6
graph,1,2026-10-07T09:40:32,nodeGcor1,3.11.9,unknown,13158095,533,2,2,0.5978637933731079,pgexplainer,attribution,6,18,0.9964211147404962,0.09,0.9030863414920779,0.8142857142857143,0.5,10,10,1.0,0.004172659944742918,0.9583333333333334,0.9583333333333334,0.8333333333333334,6
graph,1,2026-10-07T09:40:32,nodeGcor1,3.11.9,unknown,13158095,533,2,2,0.5978637933731079,integrated_gradients,attribution,6,18,0.9964211154541042,0.2,0.6441846672298754,0.9428571428571428,0.7142857142857143,10,10,1.0,0.20150743890553713,0.9861111111111109,0.6527777777777777,0.8333333333333334,6
graph,1,2026-10-07T09:40:32,nodeGcor1,3.11.9,unknown,13158095,533,2,2,0.5978637933731079,lime,attribution,6,18,0.9964211154541042,0.1,0.5498017980682478,0.8571428571428571,0.7142857142857143,10,10,0.7142857142857143,0.0457578138448298,0.9722222222222223,0.6666666666666666,0.8333333333333334,6
graph,1,2026-10-07T09:40:32,nodeGcor1,3.11.9,unknown,13158095,533,2,2,0.5978637933731079,random,attribution,6,18,0.9979537255106853,0.42,0.48165748574701306,0.23727272727272722,0.09090909090909091,10,10,0.2,2.3989006876945496e-05,0.5138888888888888,0.5138888888888888,0.5,6
graph,1,2026-10-07T09:40:32,nodeGcor1,3.11.9,unknown,13158095,534,3,0,0.8953701257705688,gnnexplainer,attribution,6,18,0.9804946458807157,0.53,0.29089747076594574,0.33333333333333337,0.3333333333333333,10,10,0.5,0.43575260089710355,0.7777777777777779,0.7777777777777779,0.6666666666666666,6
graph,1,2026-10-07T09:40:32,nodeGcor1,3.11.9,unknown,13158095,534,3,0,0.8953701257705688,pgexplainer,attribution,6,18,0.9804946458807157,0.26,0.9030863090100386,0.8428571428571429,0.7142857142857143,10,10,1.0,0.004261862952262163,0.9583333333333334,0.9583333333333334,0.8333333333333334,6
graph,1,2026-10-07T09:40:32,nodeGcor1,3.11.9,unknown,13158095,534,3,0,0.8953701257705688,integrated_gradients,attribution,6,18,0.9804946458807157,0.96,0.623488052366041,1.0,1.0,10,10,1.0,0.1983017330057919,0.9583333333333334,0.8055555555555555,0.8333333333333334,6
graph,1,2026-10-07T09:40:32,nodeGcor1,3.11.9,unknown,13158095,534,3,0,0.8953701257705688,lime,attribution,6,18,0.9804950598611555,0.97,0.6147380154455734,1.0,1.0,10,10,1.0,0.04549671709537506,0.9027777777777778,0.7916666666666666,0.8333333333333334,6
graph,1,2026-10-07T09:40:32,nodeGcor1,3.11.9,unknown,13158095,534,3,0,0.8953701257705688,random,attribution,6,18,0.03507830961132809,0.18,0.38002030031369083,0.18727272727272726,0.0,10,10,0.2,2.163788303732872e-05,0.5,0.5,0.3333333333333333,6
graph,1,2026-10-07T09:40:32,nodeGcor1,3.11.9,unknown,13158095,535,1,1,0.9774141311645508,gnnexplainer,attribution,6,14,0.22299815730662956,1.0,0.2402331598891405,0.7142857142857143,0.7142857142857143,10,10,1.0,0.4157973537221551,0.8958333333333334,0.8958333333333334,0.8333333333333334,6
graph,1,2026-10-07T09:40:32,nodeGcor1,3.11.9,unknown,13158095,535,1,1,0.9774141311645508,pgexplainer,attribution,6,14,0.22299407151201658,1.0,0.8591627776394637,0.8,0.7142857142857143,10,10,1.0,0.004077779594808817,0.8958333333333334,0.8958333333333334,0.8333333333333334,6
graph,1,2026-10-07T09:40:32,nodeGcor1,3.11.9,unknown,13158095,535,1,1,0.9774141311645508,integrated_gradients,attribution,6,14,0.22299407151201658,1.0,0.5961352732605552,0.9428571428571428,0.7142857142857143,10,10,1.0,0.1981617482379079,0.9791666666666667,0.5208333333333333,0.8333333333333334,6
graph,1,2026-10-07T09:40:32,nodeGcor1,3.11.9,unknown,13158095,535,1,1,0.9774141311645508,lime,attribution,6,14,0.22299815730662956,1.0,0.47806905108697373,0.7142857142857143,0.7142857142857143,10,10,0.7142857142857143,0.044840835966169834,0.875,0.5625,0.6666666666666666,6
graph,1,2026-10-07T09:40:32,nodeGcor1,3.11.9,unknown,13158095,535,1,1,0.9774141311645508,random,attribution,6,14,0.9883358129380528,0.91,0.33623688388372597,0.29666666666666675,0.09090909090909091,10,10,0.09090909090909091,2.140691503882408e-05,0.3333333333333333,0.3333333333333333,0.3333333333333333,6
graph,1,2026-10-07T09:40:32,nodeGcor1,3.11.9,unknown,13158095,536,1,1,0.9774141311645508,gnnexplainer,attribution,6,14,0.22299407151201658,1.0,0.24138680680769453,0.7142857142857143,0.7142857142857143,10,10,0.7142857142857143,0.4258037218824029,0.8958333333333334,0.8958333333333334,0.8333333333333334,6
graph,1,2026-10-07T09:40:32,nodeGcor1,3.11.9,unknown,13158095,536,1,1,0.9774141311645508,pgexplainer,attribution,6,14,0.9998049081905561,1.0,0.8591627629026511,0.8857142857142858,0.7142857142857143,10,10,1.0,0.004260992631316185,0.8958333333333334,0.8958333333333334,0.8333333333333334,6
graph,1,2026-10-07T09:40:32,nodeGcor1,3.11.9,unknown,13158095,536,1,1,0.9774141311645508,integrated_gradients,attribution,6,14,0.22299407151201658,1.0,0.596135298514024,0.9714285714285715,0.7142857142857143,10,10,1.0,0.20190278766676784,0.9791666666666667,0.5208333333333333,0.8333333333333334,6
graph,1,2026-10-07T09:40:32,nodeGcor1,3.11.9,unknown,13158095,536,1,1,0.9774141311645508,lime,attribution,6,14,0.22299815730662956,1.0,0.48335880864814984,1.0,1.0,10,10,0.7142857142857143,0.04551094491034746,0.9166666666666666,0.5416666666666666,0.8333333333333334,6
graph,1,2026-10-07T09:40:32,nodeGcor1,3.11.9,unknown,13158095,536,1,1,0.9774141311645508,random,attribution,6,14,0.0,0.38,0.3010358827392886,0.2824242424242424,0.0,10,10,0.5,2.295803278684616e-05,0.3958333333333333,0.3958333333333333,0.5,6
graph,1,2026-10-07T09:40:32,nodeGcor1,3.11.9,unknown,13158095,537,2,2,0.6552808284759521,gnnexplainer,attribution,6,7,0.9967347110448873,0.6,0.39851585743017526,nan,nan,0,0,1.0,0.43509169295430183,1.0,1.0,1.0,6
graph,1,2026-10-07T09:40:32,nodeGcor1,3.11.9,unknown,13158095,537,2,2,0.6552808284759521,pgexplainer,attribution,6,7,0.9967347140150065,0.55,0.7025555943985535,nan,nan,0,0,1.0,0.003980875946581364,0.16666666666666666,0.16666666666666666,0.8333333333333334,6
graph,1,2026-10-07T09:40:32,nodeGcor1,3.11.9,unknown,13158095,537,2,2,0.6552808284759521,integrated_gradients,attribution,6,7,0.9967347110448873,0.49,0.24202511632165857,nan,nan,0,0,1.0,0.19733896013349295,1.0,0.6666666666666666,1.0,6
graph,1,2026-10-07T09:40:32,nodeGcor1,3.11.9,unknown,13158095,537,2,2,0.6552808284759521,lime,attribution,6,7,0.9967347140150065,0.45,0.4877091737374236,nan,nan,0,0,0.7142857142857143,0.04357766080647707,0.5,0.5,0.8333333333333334,6
graph,1,2026-10-07T09:40:32,nodeGcor1,3.11.9,unknown,13158095,537,2,2,0.6552808284759521,random,attribution,6,7,0.9967347140150065,0.49,0.2748030504408987,nan,nan,0,0,0.7142857142857143,2.116803079843521e-05,0.6666666666666666,0.6666666666666666,0.8333333333333334,6
graph,1,2026-10-07T09:40:32,nodeGcor1,3.11.9,unknown,13158095,538,2,2,0.6552808284759521,gnnexplainer,attribution,6,7,0.9967347140150065,0.37,0.3985255516342887,nan,nan,0,0,1.0,0.42041981499642134,1.0,1.0,1.0,6
graph,1,2026-10-07T09:40:32,nodeGcor1,3.11.9,unknown,13158095,538,2,2,0.6552808284759521,pgexplainer,attribution,6,7,0.9967347140150065,0.53,0.702555637214145,nan,nan,0,0,0.7142857142857143,0.0039631580002605915,0.16666666666666666,0.16666666666666666,0.8333333333333334,6
graph,1,2026-10-07T09:40:32,nodeGcor1,3.11.9,unknown,13158095,538,2,2,0.6552808284759521,integrated_gradients,attribution,6,7,0.9967347140150065,0.47,0.24202508631748043,nan,nan,0,0,1.0,0.19668378215283155,1.0,0.6666666666666666,1.0,6
graph,1,2026-10-07T09:40:32,nodeGcor1,3.11.9,unknown,13158095,538,2,2,0.6552808284759521,lime,attribution,6,7,0.9967345811275821,0.45,0.360684359649704,nan,nan,0,0,0.7142857142857143,0.04367601405829191,0.5,0.3333333333333333,0.8333333333333334,6
graph,1,2026-10-07T09:40:32,nodeGcor1,3.11.9,unknown,13158095,538,2,2,0.6552808284759521,random,attribution,6,7,0.9967345781573421,0.45,0.39815825223761503,nan,nan,0,0,0.7142857142857143,2.1129846572875977e-05,0.8333333333333334,0.8333333333333334,0.8333333333333334,6
graph,1,2026-10-07T09:40:32,nodeGcor1,3.11.9,unknown,13158095,539,3,0,0.65032958984375,gnnexplainer,attribution,6,185,0.9999999985148401,0.39,0.7173244377584866,0.13181818181818178,0.7142857142857143,10,10,0.7142857142857143,0.4304882250726223,0.994413407821229,0.994413407821229,0.8333333333333334,6
graph,1,2026-10-07T09:40:32,nodeGcor1,3.11.9,unknown,13158095,539,3,0,0.65032958984375,pgexplainer,attribution,6,185,0.0,0.2,0.9677239389064232,0.8642857142857142,0.2,10,10,1.0,0.00419275276362896,0.9189944134078213,0.9189944134078213,0.0,6
graph,1,2026-10-07T09:40:32,nodeGcor1,3.11.9,unknown,13158095,539,3,0,0.65032958984375,integrated_gradients,attribution,6,185,0.9731450897603457,0.43,0.8063059440706348,0.9714285714285715,0.7142857142857143,10,10,1.0,0.2048421949148178,0.9869646182495345,0.8240223463687152,0.6666666666666666,6
graph,1,2026-10-07T09:40:32,nodeGcor1,3.11.9,unknown,13158095,539,3,0,0.65032958984375,lime,attribution,6,185,0.9731450897603457,0.59,0.509813336651068,0.8857142857142856,0.7142857142857143,10,10,0.7142857142857143,0.06336933141574264,0.9944134078212291,0.829608938547486,0.8333333333333334,6
graph,1,2026-10-07T09:40:32,nodeGcor1,3.11.9,unknown,13158095,539,3,0,0.65032958984375,random,attribution,6,185,0.0,0.24,0.3210428819788016,0.02727272727272727,0.0,10,10,0.0,9.233132004737854e-06,0.30726256983240224,0.30726256983240224,0.0,6
graph,1,2026-10-07T09:40:32,nodeGcor1,3.11.9,unknown,13158095,543,2,3,0.7538149356842041,gnnexplainer,attribution,6,16,0.7068995843501469,1.0,0.5216275760745948,0.7142857142857143,0.7142857142857143,10,10,0.7142857142857143,0.4296446521766484,0.9500000000000001,0.9500000000000001,0.8333333333333334,6
graph,1,2026-10-07T09:40:32,nodeGcor1,3.11.9,unknown,13158095,543,2,3,0.7538149356842041,pgexplainer,attribution,6,16,0.7069052542503951,0.41,0.679592475564926,0.6357142857142858,0.5,10,10,1.0,0.004063993692398071,0.8333333333333333,0.8333333333333333,0.6666666666666666,6
graph,1,2026-10-07T09:40:32,nodeGcor1,3.11.9,unknown,13158095,543,2,3,0.7538149356842041,integrated_gradients,attribution,6,16,0.7069052542503951,0.91,0.6148526596299986,0.9714285714285713,0.7142857142857143,10,10,1.0,0.19681738084182143,0.9500000000000001,0.38333333333333325,0.8333333333333334,6
graph,1,2026-10-07T09:40:32,nodeGcor1,3.11.9,unknown,13158095,543,2,3,0.7538149356842041,lime,attribution,6,16,0.7069052542503951,0.75,0.43257087646334036,0.6666666666666667,0.3333333333333333,10,10,0.7142857142857143,0.044859892688691616,0.9333333333333333,0.7833333333333333,0.8333333333333334,6
graph,1,2026-10-07T09:40:32,nodeGcor1,3.11.9,unknown,13158095,543,2,3,0.7538149356842041,random,attribution,6,16,0.9927041824616575,0.34,0.39463097488865606,0.16969696969696968,0.09090909090909091,10,10,0.2,2.1346379071474075e-05,0.3666666666666667,0.3666666666666667,0.16666666666666666,6
graph,1,2026-10-07T09:40:32,nodeGcor1,3.11.9,unknown,13158095,544,3,3,0.7531907558441162,gnnexplainer,attribution,6,7,0.706661917704063,1.0,0.3038656944549617,1.0,1.0,10,10,0.7142857142857143,0.40220891078934073,1.0,1.0,1.0,6
graph,1,2026-10-07T09:40:32,nodeGcor1,3.11.9,unknown,13158095,544,3,3,0.7531907558441162,pgexplainer,attribution,6,7,0.706661917704063,1.0,0.5144841886022725,0.7142857142857143,0.7142857142857143,10,10,1.0,0.003996608778834343,0.0,0.0,0.8333333333333334,6
graph,1,2026-10-07T09:40:32,nodeGcor1,3.11.9,unknown,13158095,544,3,3,0.7531907558441162,integrated_gradients,attribution,6,7,0.706661917704063,1.0,0.4513745507076721,0.7142857142857143,0.7142857142857143,10,10,1.0,0.1960189351812005,0.6666666666666666,0.6666666666666666,0.8333333333333334,6
graph,1,2026-10-07T09:40:32,nodeGcor1,3.11.9,unknown,13158095,544,3,3,0.7531907558441162,lime,attribution,6,7,0.706661917704063,1.0,0.5125510195082892,0.7142857142857143,0.7142857142857143,10,10,0.7142857142857143,0.04347164975479245,0.8333333333333334,0.6666666666666666,0.8333333333333334,6
graph,1,2026-10-07T09:40:32,nodeGcor1,3.11.9,unknown,13158095,544,3,3,0.7531907558441162,random,attribution,6,7,0.706661917704063,0.56,0.15162158822392446,0.8285714285714285,0.7142857142857143,10,10,0.7142857142857143,2.1113082766532898e-05,0.5,0.5,0.8333333333333334,6
graph,1,2026-10-07T09:40:32,nodeGcor1,3.11.9,unknown,13158095,546,1,1,0.9801244735717773,gnnexplainer,attribution,6,15,0.22514296612039245,1.0,0.29332209129706244,0.7142857142857143,0.7142857142857143,10,10,0.7142857142857143,0.4181297579780221,0.9814814814814815,0.9814814814814815,0.8333333333333334,6
graph,1,2026-10-07T09:40:32,nodeGcor1,3.11.9,unknown,13158095,546,1,1,0.9801244735717773,pgexplainer,attribution,6,15,0.999987131543507,1.0,0.812214289102101,0.6571428571428573,0.7142857142857143,10,10,1.0,0.003972550854086876,0.8148148148148149,0.8148148148148149,0.6666666666666666,6
graph,1,2026-10-07T09:40:32,nodeGcor1,3.11.9,unknown,13158095,546,1,1,0.9801244735717773,integrated_gradients,attribution,6,15,0.22514296612039245,1.0,0.6506975235523236,1.0,0.7142857142857143,10,10,1.0,0.19583022175356746,0.9814814814814815,0.5185185185185185,0.8333333333333334,6
graph,1,2026-10-07T09:40:32,nodeGcor1,3.11.9,unknown,13158095,546,1,1,0.9801244735717773,lime,attribution,6,15,0.22514704061529495,1.0,0.5917432190949425,0.9714285714285713,1.0,10,10,1.0,0.045540791004896164,0.9629629629629629,0.5185185185185185,0.8333333333333334,6
graph,1,2026-10-07T09:40:32,nodeGcor1,3.11.9,unknown,13158095,546,1,1,0.9801244735717773,random,attribution,6,15,0.18597454255584916,0.74,0.4242897229167799,0.32151515151515153,0.09090909090909091,10,10,0.2,2.3661181330680847e-05,0.4444444444444445,0.4444444444444445,0.16666666666666666,6
graph,1,2026-10-07T09:40:32,nodeGcor1,3.11.9,unknown,13158095,549,3,0,0.8695479035377502,gnnexplainer,attribution,6,15,0.9799154075856134,0.97,0.4495412932173174,0.5642857142857143,0.5,10,10,0.7142857142857143,0.422101560048759,0.888888888888889,0.888888888888889,0.8333333333333334,6
graph,1,2026-10-07T09:40:32,nodeGcor1,3.11.9,unknown,13158095,549,3,0,0.8695479035377502,pgexplainer,attribution,6,15,0.0,0.11,0.8122145433768062,0.8,0.7142857142857143,10,10,1.0,0.004175547976046801,0.8148148148148149,0.8148148148148149,0.6666666666666666,6
graph,1,2026-10-07T09:40:32,nodeGcor1,3.11.9,unknown,13158095,549,3,0,0.8695479035377502,integrated_gradients,attribution,6,15,0.9799154075856134,0.92,0.5729342082361495,1.0,1.0,10,10,1.0,0.2014103541150689,0.8148148148148148,0.7962962962962963,0.8333333333333334,6
graph,1,2026-10-07T09:40:32,nodeGcor1,3.11.9,unknown,13158095,549,3,0,0.8695479035377502,lime,attribution,6,15,0.9799158338597712,0.96,0.5582157878678964,1.0,1.0,10,10,1.0,0.04538095323368907,0.8148148148148149,0.7222222222222222,0.8333333333333334,6
graph,1,2026-10-07T09:40:32,nodeGcor1,3.11.9,unknown,13158095,549,3,0,0.8695479035377502,random,attribution,6,15,0.9978034561224828,0.32,0.2533578023068255,0.26151515151515153,0.09090909090909091,10,10,0.09090909090909091,2.2496096789836884e-05,0.48148148148148145,0.48148148148148145,0.3333333333333333,6
graph,1,2026-10-07T09:40:32,nodeGcor1,3.11.9,unknown,13158095,551,1,1,0.8260530233383179,gnnexplainer,attribution,6,16,0.08061791651964849,0.72,0.2882055208891884,0.7142857142857143,0.7142857142857143,10,10,0.7142857142857143,0.419564267154783,0.9500000000000001,0.9500000000000001,0.8333333333333334,6
graph,1,2026-10-07T09:40:32,nodeGcor1,3.11.9,unknown,13158095,551,1,1,0.8260530233383179,pgexplainer,attribution,6,16,0.0,0.45,0.7172046010329397,0.8071428571428573,0.7142857142857143,10,10,1.0,0.0040879021398723125,0.9333333333333333,0.9333333333333333,0.6666666666666666,6
graph,1,2026-10-07T09:40:32,nodeGcor1,3.11.9,unknown,13158095,551,1,1,0.8260530233383179,integrated_gradients,attribution,6,16,0.08061785018055999,0.7,0.6646671928060227,1.0,0.7142857142857143,10,10,1.0,0.19783658301457763,0.9666666666666667,0.5333333333333333,0.8333333333333334,6
graph,1,2026-10-07T09:40:32,nodeGcor1,3.11.9,unknown,13158095,551,1,1,0.8260530233383179,lime,attribution,6,16,0.08061791651964849,0.58,0.554385524420115,1.0,0.7142857142857143,10,10,1.0,0.04498523706570268,0.9166666666666667,0.55,0.8333333333333334,6
graph,1,2026-10-07T09:40:32,nodeGcor1,3.11.9,unknown,13158095,551,1,1,0.8260530233383179,random,attribution,6,16,0.0,0.55,0.35977097572270667,0.24575757575757579,0.09090909090909091,10,10,0.3333333333333333,2.191774547100067e-05,0.36666666666666664,0.36666666666666664,0.16666666666666666,6
graph,1,2026-10-07T09:40:32,nodeGcor1,3.11.9,unknown,13158095,552,2,1,0.7889292240142822,gnnexplainer,attribution,6,351,0.037361631282897,0.51,0.6442714050478674,0.15636363636363634,0.2,10,10,0.3333333333333333,0.4240075726993382,0.9859903381642512,0.9859903381642512,0.3333333333333333,6
graph,1,2026-10-07T09:40:32,nodeGcor1,3.11.9,unknown,13158095,552,2,1,0.7889292240142822,pgexplainer,attribution,6,351,0.0,0.43,0.9683279085520907,0.9428571428571428,0.3333333333333333,10,10,1.0,0.004281254019588232,0.8729468599033817,0.8729468599033817,0.0,6
graph,1,2026-10-07T09:40:32,nodeGcor1,3.11.9,unknown,13158095,552,2,1,0.7889292240142822,integrated_gradients,attribution,6,351,0.9999999985777509,0.38,0.8916404987057618,1.0,1.0,10,10,1.0,0.20390857616439462,1.0,0.3333333333333333,1.0,6
graph,1,2026-10-07T09:40:32,nodeGcor1,3.11.9,unknown,13158095,552,2,1,0.7889292240142822,lime,attribution,6,351,0.03735729662582912,0.86,0.4736713681259048,0.65,0.7142857142857143,10,10,0.7142857142857143,0.20534801203757524,0.9932367149758454,0.3371980676328502,0.8333333333333334,6
graph,1,2026-10-07T09:40:32,nodeGcor1,3.11.9,unknown,13158095,552,2,1,0.7889292240142822,random,attribution,6,351,0.0,0.45,0.32571337136232636,0.0,0.0,10,10,0.0,2.322625368833542e-05,0.6077294685990339,0.6077294685990339,0.0,6
graph,1,2026-10-07T09:40:32,nodeGcor1,3.11.9,unknown,13158095,554,3,3,0.7531907558441162,gnnexplainer,attribution,6,7,0.706661917704063,1.0,0.3038656944549617,1.0,1.0,10,10,0.7142857142857143,0.42823143815621734,1.0,1.0,1.0,6
graph,1,2026-10-07T09:40:32,nodeGcor1,3.11.9,unknown,13158095,554,3,3,0.7531907558441162,pgexplainer,attribution,6,7,0.706661917704063,1.0,0.5144841886022725,0.7142857142857143,0.7142857142857143,10,10,1.0,0.0040749371983110905,0.0,0.0,0.8333333333333334,6
graph,1,2026-10-07T09:40:32,nodeGcor1,3.11.9,unknown,13158095,554,3,3,0.7531907558441162,integrated_gradients,attribution,6,7,0.706661917704063,1.0,0.4513745765389975,0.7142857142857143,0.7142857142857143,10,10,1.0,0.19779656687751412,0.6666666666666666,0.6666666666666666,0.8333333333333334,6
graph,1,2026-10-07T09:40:32,nodeGcor1,3.11.9,unknown,13158095,554,3,3,0.7531907558441162,lime,attribution,6,7,0.706661917704063,1.0,0.5125510828219317,0.7142857142857143,0.7142857142857143,10,10,0.7142857142857143,0.043857480864971876,0.8333333333333334,0.6666666666666666,0.8333333333333334,6
graph,1,2026-10-07T09:40:32,nodeGcor1,3.11.9,unknown,13158095,554,3,3,0.7531907558441162,random,attribution,6,7,0.706661917704063,1.0,0.37719042649948187,0.8285714285714286,0.7142857142857143,10,10,0.7142857142857143,2.2348016500473022e-05,0.8333333333333334,0.8333333333333334,0.8333333333333334,6
graph,1,2026-10-07T09:40:32,nodeGcor1,3.11.9,unknown,13158095,555,1,1,0.9749276638031006,gnnexplainer,attribution,6,20,0.22101652889934587,1.0,0.2972100607928124,0.7142857142857143,0.7142857142857143,10,10,0.7142857142857143,0.4226381704211235,0.9285714285714286,0.9285714285714286,0.8333333333333334,6
graph,1,2026-10-07T09:40:32,nodeGcor1,3.11.9,unknown,13158095,555,1,1,0.9749276638031006,pgexplainer,attribution,6,20,0.8317618694244097,0.68,0.876285845320245,0.6738095238095239,0.7142857142857143,10,10,1.0,0.004106483887881041,0.8690476190476191,0.8690476190476191,0.5,6
graph,1,2026-10-07T09:40:32,nodeGcor1,3.11.9,unknown,13158095,555,1,1,0.9749276638031006,integrated_gradients,attribution,6,20,0.22101243268451737,1.0,0.6997579041213905,0.9428571428571428,1.0,10,10,1.0,0.19908736366778612,0.988095238095238,0.5119047619047619,0.8333333333333334,6
graph,1,2026-10-07T09:40:32,nodeGcor1,3.11.9,unknown,13158095,555,1,1,0.9749276638031006,lime,attribution,6,20,0.22101652889934587,1.0,0.6099004507367447,1.0,0.7142857142857143,10,10,1.0,0.04538810485973954,0.9523809523809524,0.5238095238095238,0.8333333333333334,6
graph,1,2026-10-07T09:40:32,nodeGcor1,3.11.9,unknown,13158095,555,1,1,0.9749276638031006,random,attribution,6,20,0.9595533022705747,0.85,0.3255633498895313,0.24151515151515152,0.0,10,10,0.2,2.184603363275528e-05,0.5952380952380952,0.5952380952380952,0.3333333333333333,6
graph,1,2026-10-07T09:40:32,nodeGcor1,3.11.9,unknown,13158095,559,3,0,0.7076933979988098,gnnexplainer,attribution,6,583,0.9992375402945032,0.48,0.6957030991902073,0.6928571428571428,0.5,10,10,0.2,0.4203068446367979,0.9974003466204506,0.9974003466204506,0.6666666666666666,6
graph,1,2026-10-07T09:40:32,nodeGcor1,3.11.9,unknown,13158095,559,3,0,0.7076933979988098,pgexplainer,attribution,6,583,0.0,0.2,0.9713345998880875,0.9142857142857143,0.3333333333333333,10,10,1.0,0.004379054997116327,0.8708838821490468,0.8708838821490468,0.0,6
graph,1,2026-10-07T09:40:32,nodeGcor1,3.11.9,unknown,13158095,559,3,0,0.7076933979988098,integrated_gradients,attribution,6,583,0.9990845759105855,0.73,0.8599567068374409,0.8571428571428573,0.7142857142857143,10,10,1.0,0.20453429175540805,0.9942229924898903,0.499422299248989,0.6666666666666666,6
graph,1,2026-10-07T09:40:32,nodeGcor1,3.11.9,unknown,13158095,559,3,0,0.7076933979988098,lime,attribution,6,583,0.9990845757563845,0.75,0.429463550180464,0.5,0.5,10,10,0.5,0.222238359041512,0.9101675332177933,0.7986712882726748,0.5,6
graph,1,2026-10-07T09:40:32,nodeGcor1,3.11.9,unknown,13158095,559,3,0,0.7076933979988098,random,attribution,6,583,0.0,0.25,0.347398465047431,0.00909090909090909,0.0,10,10,0.0,1.4069955796003342e-05,0.6438474870017331,0.6438474870017331,0.0,6
graph,1,2026-10-07T09:40:32,nodeGcor1,3.11.9,unknown,13158095,561,1,1,0.9804376363754272,gnnexplainer,attribution,6,15,0.22539051132010307,1.0,0.33548836104162283,0.7142857142857143,0.7142857142857143,10,10,0.7142857142857143,0.4317447575740516,0.9814814814814815,0.9814814814814815,0.8333333333333334,6
graph,1,2026-10-07T09:40:32,nodeGcor1,3.11.9,unknown,13158095,561,1,1,0.9804376363754272,pgexplainer,attribution,6,15,0.6161605399862642,0.76,0.8001488490401076,0.530952380952381,0.3333333333333333,10,10,1.0,0.0041064550168812275,0.7592592592592593,0.7592592592592593,0.5,6
graph,1,2026-10-07T09:40:32,nodeGcor1,3.11.9,unknown,13158095,561,1,1,0.9804376363754272,integrated_gradients,attribution,6,15,0.22539051132010307,1.0,0.6115887910131823,0.9428571428571428,0.7142857142857143,10,10,1.0,0.19629189604893327,0.9814814814814815,0.5185185185185185,0.8333333333333334,6
graph,1,2026-10-07T09:40:32,nodeGcor1,3.11.9,unknown,13158095,561,1,1,0.9804376363754272,lime,attribution,6,15,0.22539051132010307,1.0,0.5752362646336955,0.8857142857142856,0.7142857142857143,10,10,0.7142857142857143,0.04525294899940491,0.9629629629629629,0.5185185185185185,0.8333333333333334,6
graph,1,2026-10-07T09:40:32,nodeGcor1,3.11.9,unknown,13158095,561,1,1,0.9804376363754272,random,attribution,6,15,0.0,0.65,0.3806656527627471,0.31818181818181823,0.09090909090909091,10,10,0.3333333333333333,2.2070948034524918e-05,0.611111111111111,0.611111111111111,0.3333333333333333,6
graph,1,2026-10-07T09:40:32,nodeGcor1,3.11.9,unknown,13158095,562,2,2,0.6552808284759521,gnnexplainer,attribution,6,7,0.9967347110448873,0.55,0.39851585743017526,nan,nan,0,0,1.0,0.41617705672979355,1.0,1.0,1.0,6
graph,1,2026-10-07T09:40:32,nodeGcor1,3.11.9,unknown,13158095,562,2,2,0.6552808284759521,pgexplainer,attribution,6,7,0.9967347110448873,0.44,0.702555637214145,nan,nan,0,0,1.0,0.004034054931253195,0.16666666666666666,0.16666666666666666,0.8333333333333334,6
graph,1,2026-10-07T09:40:32,nodeGcor1,3.11.9,unknown,13158095,562,2,2,0.6552808284759521,integrated_gradients,attribution,6,7,0.9967347110448873,0.49,0.2420251177717172,nan,nan,0,0,1.0,0.19654187094420195,1.0,0.6666666666666666,1.0,6
graph,1,2026-10-07T09:40:32,nodeGcor1,3.11.9,unknown,13158095,562,2,2,0.6552808284759521,lime,attribution,6,7,0.9967347140150065,0.53,0.48770916979106305,nan,nan,0,0,0.7142857142857143,0.0437420210801065,0.5,0.5,0.8333333333333334,6
graph,1,2026-10-07T09:40:32,nodeGcor1,3.11.9,unknown,13158095,562,2,2,0.6552808284759521,random,attribution,6,7,0.9967347140150065,0.59,0.30454152252622035,nan,nan,0,0,0.7142857142857143,2.0971056073904037e-05,0.16666666666666666,0.16666666666666666,0.8333333333333334,6
graph,1,2026-10-07T09:40:32,nodeGcor1,3.11.9,unknown,13158095,563,2,2,0.6552814245223999,gnnexplainer,attribution,6,7,0.9967347110448873,0.47,0.3985255516342887,nan,nan,0,0,1.0,0.41911347303539515,1.0,1.0,1.0,6
graph,1,2026-10-07T09:40:32,nodeGcor1,3.11.9,unknown,13158095,563,2,2,0.6552814245223999,pgexplainer,attribution,6,7,0.9967347110448873,0.45,0.7025556525113289,nan,nan,0,0,1.0,0.0039957622066140175,0.16666666666666666,0.16666666666666666,0.8333333333333334,6
graph,1,2026-10-07T09:40:32,nodeGcor1,3.11.9,unknown,13158095,563,2,2,0.6552814245223999,integrated_gradients,attribution,6,7,0.9967347110448873,0.55,0.24202510295712498,nan,nan,0,0,1.0,0.19672479620203376,1.0,0.6666666666666666,1.0,6
graph,1,2026-10-07T09:40:32,nodeGcor1,3.11.9,unknown,13158095,563,2,2,0.6552814245223999,lime,attribution,6,7,0.9967345781573421,0.47,0.36068434376439185,nan,nan,0,0,0.7142857142857143,0.0435463385656476,0.5,0.3333333333333333,0.8333333333333334,6
graph,1,2026-10-07T09:40:32,nodeGcor1,3.11.9,unknown,13158095,563,2,2,0.6552814245223999,random,attribution,6,7,0.9967347110448873,0.55,0.2206413316992637,nan,nan,0,0,0.7142857142857143,2.127513289451599e-05,0.3333333333333333,0.3333333333333333,0.8333333333333334,6
graph,1,2026-10-07T09:40:32,nodeGcor1,3.11.9,unknown,13158095,564,3,0,0.8777328729629517,gnnexplainer,attribution,6,380,0.7741967323726052,0.23,0.6692356235504628,0.41666666666666663,0.2,10,10,0.3333333333333333,0.4305428881198168,0.6702317290552585,0.6702317290552585,0.0,6
graph,1,2026-10-07T09:40:32,nodeGcor1,3.11.9,unknown,13158095,564,3,0,0.8777328729629517,pgexplainer,attribution,6,380,0.0,0.16,0.9561848976429163,0.8857142857142856,0.2,10,10,1.0,0.004250640049576759,0.8516042780748663,0.8516042780748663,0.0,6
graph,1,2026-10-07T09:40:32,nodeGcor1,3.11.9,unknown,13158095,564,3,0,0.8777328729629517,integrated_gradients,attribution,6,380,0.9801026648638128,0.34,0.868748899305402,1.0,0.7142857142857143,10,10,1.0,0.20331090688705444,0.9897504456327986,0.5031194295900179,0.6666666666666666,6
graph,1,2026-10-07T09:40:32,nodeGcor1,3.11.9,unknown,13158095,564,3,0,0.8777328729629517,lime,attribution,6,380,0.9801026648638128,0.89,0.4404922657784287,0.6714285714285715,0.5,10,10,0.7142857142857143,0.20374689996242523,0.9928698752228163,0.8346702317290553,0.6666666666666666,6
graph,1,2026-10-07T09:40:32,nodeGcor1,3.11.9,unknown,13158095,564,3,0,0.8777328729629517,random,attribution,6,380,0.0,0.2,0.3386417371661442,0.01818181818181818,0.0,10,10,0.0,1.0541174560785294e-05,0.6729055258467023,0.6729055258467023,0.0,6
graph,1,2026-10-07T09:40:32,nodeGcor1,3.11.9,unknown,13158095,565,1,1,0.9750185012817383,gnnexplainer,attribution,6,7,0.22108496001001585,1.0,0.137566254634794,1.0,1.0,10,10,1.0,0.4299530712887645,1.0,1.0,1.0,6
graph,1,2026-10-07T09:40:32,nodeGcor1,3.11.9,unknown,13158095,565,1,1,0.9750185012817383,pgexplainer,attribution,6,7,0.22108496001001585,1.0,0.51448454575764,0.7142857142857143,0.7142857142857143,10,10,1.0,0.004032954107969999,0.0,0.0,0.8333333333333334,6
graph,1,2026-10-07T09:40:32,nodeGcor1,3.11.9,unknown,13158095,565,1,1,0.9750185012817383,integrated_gradients,attribution,6,7,0.22108496001001585,1.0,0.29672542514923606,1.0,1.0,10,10,1.0,0.19631268922239542,1.0,0.5,1.0,6
graph,1,2026-10-07T09:40:32,nodeGcor1,3.11.9,unknown,13158095,565,1,1,0.9750185012817383,lime,attribution,6,7,0.22108496001001585,1.0,0.3899964933674679,1.0,1.0,10,10,1.0,0.043800500221550465,1.0,0.5,1.0,6
graph,1,2026-10-07T09:40:32,nodeGcor1,3.11.9,unknown,13158095,565,1,1,0.9750185012817383,random,attribution,6,7,0.22108850565493685,0.39,0.48855169390357234,0.7428571428571429,0.7142857142857143,10,10,0.7142857142857143,1.8065795302391052e-05,0.8333333333333334,0.8333333333333334,0.8333333333333334,6
graph,1,2026-10-07T09:40:32,nodeGcor1,3.11.9,unknown,13158095,566,1,1,0.8224054574966431,gnnexplainer,attribution,6,14,0.07653988957088206,1.0,0.2458714654947568,0.7142857142857143,0.7142857142857143,10,10,0.7142857142857143,0.41858330834656954,0.8958333333333334,0.8958333333333334,0.8333333333333334,6
graph,1,2026-10-07T09:40:32,nodeGcor1,3.11.9,unknown,13158095,566,1,1,0.8224054574966431,pgexplainer,attribution,6,14,0.9997681357797692,0.49,0.6753987701784444,0.8285714285714286,0.7142857142857143,10,10,1.0,0.004039085004478693,0.9166666666666666,0.9166666666666666,0.8333333333333334,6
graph,1,2026-10-07T09:40:32,nodeGcor1,3.11.9,unknown,13158095,566,1,1,0.8224054574966431,integrated_gradients,attribution,6,14,0.07653975571306573,0.58,0.6266338919860853,0.9714285714285713,0.7142857142857143,10,10,1.0,0.1967145181261003,0.9583333333333333,0.5416666666666667,0.8333333333333334,6
graph,1,2026-10-07T09:40:32,nodeGcor1,3.11.9,unknown,13158095,566,1,1,0.8224054574966431,lime,attribution,6,14,0.07653935413938388,0.71,0.5422739357151537,1.0,1.0,10,10,1.0,0.04478951683267951,0.9166666666666666,0.5416666666666666,0.8333333333333334,6
graph,1,2026-10-07T09:40:32,nodeGcor1,3.11.9,unknown,13158095,566,1,1,0.8224054574966431,random,attribution,6,14,0.0,0.35,0.29697654286103303,0.2315151515151515,0.09090909090909091,10,10,0.2,2.1058134734630585e-05,0.6666666666666667,0.6666666666666667,0.5,6
graph,1,2026-10-07T09:40:32,nodeGcor1,3.11.9,unknown,13158095,567,2,1,0.7401003837585449,gnnexplainer,attribution,6,294,0.0,0.97,0.6628984768148561,0.29333333333333333,0.3333333333333333,10,10,0.3333333333333333,0.4311498678289354,0.9895833333333334,0.9895833333333334,0.5,6
graph,1,2026-10-07T09:40:32,nodeGcor1,3.11.9,unknown,13158095,567,2,1,0.7401003837585449,pgexplainer,attribution,6,294,0.0,0.49,0.9500825353853312,0.8071428571428573,0.2,10,10,1.0,0.004245507065206766,0.8726851851851852,0.8726851851851852,0.0,6
graph,1,2026-10-07T09:40:32,nodeGcor1,3.11.9,unknown,13158095,567,2,1,0.7401003837585449,integrated_gradients,attribution,6,294,0.999999999035343,0.37,0.8893029433896191,1.0,1.0,10,10,1.0,0.20179670630022883,1.0,0.3333333333333333,1.0,6
graph,1,2026-10-07T09:40:32,nodeGcor1,3.11.9,unknown,13158095,567,2,1,0.7401003837585449,lime,attribution,6,294,0.0,0.79,0.45896259760624525,0.5214285714285715,0.5,10,10,0.7142857142857143,0.19971541920676827,0.8993055555555556,0.38425925925925924,0.6666666666666666,6
graph,1,2026-10-07T09:40:32,nodeGcor1,3.11.9,unknown,13158095,567,2,1,0.7401003837585449,random,attribution,6,294,0.0,0.43,0.3220270318273629,0.00909090909090909,0.0,10,10,0.0,2.2658146917819977e-05,0.5040509259259259,0.5040509259259259,0.0,6
graph,1,2026-10-07T09:40:32,nodeGcor1,3.11.9,unknown,13158095,570,1,1,0.9750185012817383,gnnexplainer,attribution,6,7,0.22108496001001585,1.0,0.137566254634794,1.0,1.0,10,10,1.0,0.44125406676903367,1.0,1.0,1.0,6
graph,1,2026-10-07T09:40:32,nodeGcor1,3.11.9,unknown,13158095,570,1,1,0.9750185012817383,pgexplainer,attribution,6,7,0.22108496001001585,1.0,0.51448454575764,0.7142857142857143,0.7142857142857143,10,10,1.0,0.004075314849615097,0.0,0.0,0.8333333333333334,6
graph,1,2026-10-07T09:40:32,nodeGcor1,3.11.9,unknown,13158095,570,1,1,0.9750185012817383,integrated_gradients,attribution,6,7,0.22108496001001585,1.0,0.2967254465955018,1.0,1.0,10,10,1.0,0.19874169025570154,1.0,0.5,1.0,6
graph,1,2026-10-07T09:40:32,nodeGcor1,3.11.9,unknown,13158095,570,1,1,0.9750185012817383,lime,attribution,6,7,0.22108496001001585,1.0,0.3899964846066811,1.0,1.0,10,10,1.0,0.04389921063557267,1.0,0.5,1.0,6
graph,1,2026-10-07T09:40:32,nodeGcor1,3.11.9,unknown,13158095,570,1,1,0.9750185012817383,random,attribution,6,7,0.22108850565493685,0.58,0.20893964842627732,0.7142857142857143,0.7142857142857143,10,10,0.7142857142857143,2.215476706624031e-05,0.16666666666666666,0.16666666666666666,0.8333333333333334,6
graph,1,2026-10-07T09:40:32,nodeGcor1,3.11.9,unknown,13158095,576,1,1,0.8818301558494568,gnnexplainer,attribution,6,15,0.13877077351288689,1.0,0.2915805293326953,0.7142857142857143,0.7142857142857143,10,10,0.7142857142857143,0.4255646178498864,0.9814814814814815,0.9814814814814815,0.8333333333333334,6
graph,1,2026-10-07T09:40:32,nodeGcor1,3.11.9,unknown,13158095,576,1,1,0.8818301558494568,pgexplainer,attribution,6,15,0.0,0.43,0.6856042770851912,0.8071428571428572,0.5,10,10,1.0,0.00405602203682065,0.9259259259259259,0.9259259259259259,0.6666666666666666,6
graph,1,2026-10-07T09:40:32,nodeGcor1,3.11.9,unknown,13158095,576,1,1,0.8818301558494568,integrated_gradients,attribution,6,15,0.1387708899375131,0.73,0.6353262761546771,0.9714285714285715,0.7142857142857143,10,10,1.0,0.1991735529154539,0.962962962962963,0.5370370370370371,0.8333333333333334,6
graph,1,2026-10-07T09:40:32,nodeGcor1,3.11.9,unknown,13158095,576,1,1,0.8818301558494568,lime,attribution,6,15,0.13877059887588852,0.75,0.5611520067299223,1.0,0.7142857142857143,10,10,1.0,0.04511101683601737,0.9259259259259258,0.5370370370370371,0.8333333333333334,6
graph,1,2026-10-07T09:40:32,nodeGcor1,3.11.9,unknown,13158095,576,1,1,0.8818301558494568,random,attribution,6,15,0.0,0.32,0.3622604266015481,0.2781818181818182,0.09090909090909091,10,10,0.2,2.2415071725845337e-05,0.2777777777777778,0.2777777777777778,0.16666666666666666,6
graph,1,2026-10-07T09:40:32,nodeGcor1,3.11.9,unknown,13158095,577,2,1,0.7630284428596497,gnnexplainer,attribution,6,351,0.00468390569352207,0.21,0.6524955147162862,0.10363636363636364,0.3333333333333333,10,10,0.3333333333333333,0.41963378991931677,0.9859903381642512,0.9859903381642512,0.16666666666666666,6
graph,1,2026-10-07T09:40:32,nodeGcor1,3.11.9,unknown,13158095,577,2,1,0.7630284428596497,pgexplainer,attribution,6,351,0.0,0.43,0.9546305408981902,0.8928571428571429,0.0,10,10,1.0,0.0042017544619739056,0.8637681159420291,0.8637681159420291,0.0,6
graph,1,2026-10-07T09:40:32,nodeGcor1,3.11.9,unknown,13158095,577,2,1,0.7630284428596497,integrated_gradients,attribution,6,351,0.9999999972063679,0.46,0.9132551830740551,1.0,0.7142857142857143,10,10,1.0,0.20345443999394774,1.0,0.3333333333333333,1.0,6
graph,1,2026-10-07T09:40:32,nodeGcor1,3.11.9,unknown,13158095,577,2,1,0.7630284428596497,lime,attribution,6,351,0.004682341547291993,0.85,0.4436768250302584,0.6714285714285715,0.5,10,10,0.7142857142857143,0.0791978919878602,0.8024154589371982,0.4328502415458937,0.6666666666666666,6
graph,1,2026-10-07T09:40:32,nodeGcor1,3.11.9,unknown,13158095,577,2,1,0.7630284428596497,random,attribution,6,351,0.0,0.51,0.3307101309704693,0.00909090909090909,0.0,10,10,0.0,3.27196903526783e-05,0.6840579710144927,0.6840579710144927,0.0,6
graph,1,2026-10-07T09:40:32,nodeGcor1,3.11.9,unknown,13158095,578,2,3,0.7032976746559143,gnnexplainer,attribution,6,15,0.6858453926707738,0.75,0.42787035395324646,0.7142857142857143,0.7142857142857143,10,10,0.7142857142857143,0.4180551250465214,0.9259259259259259,0.9259259259259259,0.8333333333333334,6
graph,1,2026-10-07T09:40:32,nodeGcor1,3.11.9,unknown,13158095,578,2,3,0.7032976746559143,pgexplainer,attribution,6,15,0.685851494695095,0.44,0.6856041746970144,0.7571428571428572,0.5,10,10,1.0,0.004063664004206657,0.9259259259259259,0.9259259259259259,0.6666666666666666,6
graph,1,2026-10-07T09:40:32,nodeGcor1,3.11.9,unknown,13158095,578,2,3,0.7032976746559143,integrated_gradients,attribution,6,15,0.6858516544401654,0.81,0.6094036425161006,1.0,0.7142857142857143,10,10,1.0,0.19795057689771056,0.9629629629629629,0.37037037037037035,0.8333333333333334,6
graph,1,2026-10-07T09:40:32,nodeGcor1,3.11.9,unknown,13158095,578,2,3,0.7032976746559143,lime,attribution,6,15,0.685851494695095,1.0,0.5073895908818545,0.8857142857142856,0.7142857142857143,10,10,1.0,0.04460107395425439,1.0,0.8333333333333334,1.0,6
graph,1,2026-10-07T09:40:32,nodeGcor1,3.11.9,unknown,13158095,578,2,3,0.7032976746559143,random,attribution,6,15,0.9913868407920796,0.33,0.27393772688200924,0.23727272727272725,0.09090909090909091,10,10,0.3333333333333333,2.1281186491250992e-05,0.24074074074074076,0.24074074074074076,0.16666666666666666,6
graph,1,2026-10-07T09:40:32,nodeGcor1,3.11.9,unknown,13158095,579,3,3,0.7531907558441162,gnnexplainer,attribution,6,7,0.706661917704063,1.0,0.30386569811581665,1.0,1.0,10,10,0.7142857142857143,0.432200713083148,1.0,1.0,1.0,6
graph,1,2026-10-07T09:40:32,nodeGcor1,3.11.9,unknown,13158095,579,3,3,0.7531907558441162,pgexplainer,attribution,6,7,0.706661917704063,1.0,0.5144841886022725,0.7142857142857143,0.7142857142857143,10,10,1.0,0.003914040047675371,0.0,0.0,0.8333333333333334,6
graph,1,2026-10-07T09:40:32,nodeGcor1,3.11.9,unknown,13158095,579,3,3,0.7531907558441162,integrated_gradients,attribution,6,7,0.706661917704063,1.0,0.4513745082959276,0.7142857142857143,0.7142857142857143,10,10,1.0,0.19714069133624434,0.6666666666666666,0.6666666666666666,0.8333333333333334,6
graph,1,2026-10-07T09:40:32,nodeGcor1,3.11.9,unknown,13158095,579,3,3,0.7531907558441162,lime,attribution,6,7,0.706661917704063,1.0,0.5125511218729023,0.7142857142857143,0.7142857142857143,10,10,0.7142857142857143,0.04359371867030859,0.8333333333333334,0.6666666666666666,0.8333333333333334,6
graph,1,2026-10-07T09:40:32,nodeGcor1,3.11.9,unknown,13158095,579,3,3,0.7531907558441162,random,attribution,6,7,0.706661917704063,0.59,0.266912826849386,0.7142857142857143,0.7142857142857143,10,10,0.7142857142857143,2.164393663406372e-05,0.3333333333333333,0.3333333333333333,0.8333333333333334,6
graph,1,2026-10-07T09:40:32,nodeGcor1,3.11.9,unknown,13158095,580,1,1,0.9750185012817383,gnnexplainer,attribution,6,7,0.22108496001001585,1.0,0.137566254634794,1.0,1.0,10,10,1.0,0.4204467083327472,1.0,1.0,1.0,6
graph,1,2026-10-07T09:40:32,nodeGcor1,3.11.9,unknown,13158095,580,1,1,0.9750185012817383,pgexplainer,attribution,6,7,0.22108496001001585,1.0,0.51448454575764,0.7142857142857143,0.7142857142857143,10,10,1.0,0.004000911954790354,0.0,0.0,0.8333333333333334,6
graph,1,2026-10-07T09:40:32,nodeGcor1,3.11.9,unknown,13158095,580,1,1,0.9750185012817383,integrated_gradients,attribution,6,7,0.22108496001001585,1.0,0.2967254302864297,1.0,1.0,10,10,1.0,0.1970825339667499,1.0,0.5,1.0,6
graph,1,2026-10-07T09:40:32,nodeGcor1,3.11.9,unknown,13158095,580,1,1,0.9750185012817383,lime,attribution,6,7,0.22108496001001585,1.0,0.3899964901239579,1.0,1.0,10,10,1.0,0.043445880990475416,1.0,0.5,1.0,6
graph,1,2026-10-07T09:40:32,nodeGcor1,3.11.9,unknown,13158095,580,1,1,0.9750185012817383,random,attribution,6,7,0.22108850565493685,1.0,0.2870211702073805,0.7142857142857143,0.7142857142857143,10,10,1.0,2.1686311811208725e-05,0.5,0.5,0.8333333333333334,6
graph,1,2026-10-07T09:40:32,nodeGcor1,3.11.9,unknown,13158095,582,2,1,0.6313239336013794,gnnexplainer,attribution,6,423,0.9999999888502483,0.87,0.6530332483241392,0.2666666666666667,0.5,10,10,0.3333333333333333,0.43167533492669463,0.9916067146282974,0.9916067146282974,0.5,6
graph,1,2026-10-07T09:40:32,nodeGcor1,3.11.9,unknown,13158095,582,2,1,0.6313239336013794,pgexplainer,attribution,6,423,0.0028577613916048903,0.53,0.961109278152073,0.9428571428571428,0.2,10,10,1.0,0.004225519020110369,0.8445243804956034,0.8445243804956034,0.0,6
graph,1,2026-10-07T09:40:32,nodeGcor1,3.11.9,unknown,13158095,582,2,1,0.6313239336013794,integrated_gradients,attribution,6,423,0.9999999976376535,0.26,0.9052091044339177,1.0,0.7142857142857143,10,10,1.0,0.20304868184030056,1.0,0.33333333333333326,1.0,6
graph,1,2026-10-07T09:40:32,nodeGcor1,3.11.9,unknown,13158095,582,2,1,0.6313239336013794,lime,attribution,6,423,0.0,0.13,0.4594046429696528,0.4833333333333333,0.3333333333333333,10,10,0.7142857142857143,0.20356176188215613,0.920863309352518,0.36570743405275774,0.6666666666666666,6
graph,1,2026-10-07T09:40:32,nodeGcor1,3.11.9,unknown,13158095,582,2,1,0.6313239336013794,random,attribution,6,423,0.0,0.44,0.32735289503491494,0.0,0.0,10,10,0.0,2.340506762266159e-05,0.3477218225419664,0.3477218225419664,0.0,6
graph,1,2026-10-07T09:40:32,nodeGcor1,3.11.9,unknown,13158095,584,3,3,0.7531907558441162,gnnexplainer,attribution,6,7,0.706661917704063,1.0,0.3038656944549617,1.0,1.0,10,10,0.7142857142857143,0.4167724559083581,1.0,1.0,1.0,6
graph,1,2026-10-07T09:40:32,nodeGcor1,3.11.9,unknown,13158095,584,3,3,0.7531907558441162,pgexplainer,attribution,6,7,0.706661917704063,1.0,0.5144841886022725,0.7142857142857143,0.7142857142857143,10,10,1.0,0.004008859861642122,0.0,0.0,0.8333333333333334,6
graph,1,2026-10-07T09:40:32,nodeGcor1,3.11.9,unknown,13158095,584,3,3,0.7531907558441162,integrated_gradients,attribution,6,7,0.706661917704063,1.0,0.4513745582269062,0.7142857142857143,0.7142857142857143,10,10,1.0,0.1966031612828374,0.6666666666666666,0.6666666666666666,0.8333333333333334,6
graph,1,2026-10-07T09:40:32,nodeGcor1,3.11.9,unknown,13158095,584,3,3,0.7531907558441162,lime,attribution,6,7,0.706661917704063,1.0,0.512551060917835,0.7142857142857143,0.7142857142857143,10,10,0.7142857142857143,0.04342513112351298,0.8333333333333334,0.6666666666666666,0.8333333333333334,6
graph,1,2026-10-07T09:40:32,nodeGcor1,3.11.9,unknown,13158095,584,3,3,0.7531907558441162,random,attribution,6,7,0.7066568925561654,1.0,0.2527949802948394,0.7428571428571429,0.7142857142857143,10,10,0.7142857142857143,2.102786675095558e-05,0.3333333333333333,0.3333333333333333,0.8333333333333334,6
graph,1,2026-10-07T09:40:32,nodeGcor1,3.11.9,unknown,13158095,585,1,1,0.9935234785079956,gnnexplainer,attribution,6,935,0.2355931448899179,1.0,0.6886918246195742,0.5142857142857142,0.2,10,10,0.5,0.4303453741595149,0.9992823824901327,0.9992823824901327,0.8333333333333334,6
graph,1,2026-10-07T09:40:32,nodeGcor1,3.11.9,unknown,13158095,585,1,1,0.9935234785079956,pgexplainer,attribution,6,935,0.0,0.56,0.9442010001804058,0.7476190476190476,0.2,10,10,1.0,0.004229262936860323,0.864908503767492,0.864908503767492,0.0,6
graph,1,2026-10-07T09:40:32,nodeGcor1,3.11.9,unknown,13158095,585,1,1,0.9935234785079956,integrated_gradients,attribution,6,935,0.2355931448899179,1.0,0.9252525188636933,1.0,0.7142857142857143,10,10,1.0,0.20457140123471618,0.9994617868675997,0.5005382131324004,0.8333333333333334,6
graph,1,2026-10-07T09:40:32,nodeGcor1,3.11.9,unknown,13158095,585,1,1,0.9935234785079956,lime,attribution,6,935,0.2355931448899179,0.93,0.4338269457661891,0.5,0.2,10,10,0.5,0.23637520102784038,0.823286688195192,0.5861141011840688,0.5,6
graph,1,2026-10-07T09:40:32,nodeGcor1,3.11.9,unknown,13158095,585,1,1,0.9935234785079956,random,attribution,6,935,0.0,0.57,0.34405985730391797,0.00909090909090909,0.0,10,10,0.0,1.6884878277778625e-05,0.32597775385719413,0.32597775385719413,0.0,6
graph,1,2026-10-07T09:40:32,nodeGcor1,3.11.9,unknown,13158095,586,1,1,0.9909398555755615,gnnexplainer,attribution,6,55,0.23360417900234895,0.48,0.47402146374489995,0.7142857142857143,0.7142857142857143,10,10,0.7142857142857143,0.4397682580165565,0.9863945578231292,0.9863945578231292,0.8333333333333334,6
graph,1,2026-10-07T09:40:32,nodeGcor1,3.11.9,unknown,13158095,586,1,1,0.9909398555755615,pgexplainer,attribution,6,55,0.10288999622982252,0.63,0.8845242551060845,0.8857142857142856,0.09090909090909091,10,10,1.0,0.004253868944942951,0.8639455782312925,0.8639455782312925,0.16666666666666666,6
graph,1,2026-10-07T09:40:32,nodeGcor1,3.11.9,unknown,13158095,586,1,1,0.9909398555755615,integrated_gradients,attribution,6,55,0.23360014897855136,1.0,0.8942692631746312,1.0,1.0,10,10,1.0,0.20163056766614318,0.9965986394557824,0.5034013605442177,0.8333333333333334,6
graph,1,2026-10-07T09:40:32,nodeGcor1,3.11.9,unknown,13158095,586,1,1,0.9909398555755615,lime,attribution,6,55,0.9701599763810531,0.75,0.5968132372252203,0.7142857142857143,0.5,10,10,0.7142857142857143,0.048089012037962675,0.8163265306122449,0.43537414965986393,0.6666666666666666,6
graph,1,2026-10-07T09:40:32,nodeGcor1,3.11.9,unknown,13158095,586,1,1,0.9909398555755615,random,attribution,6,55,0.6250222854301046,0.74,0.3000068859198175,0.06545454545454546,0.0,10,10,0.0,2.358201891183853e-05,0.5102040816326531,0.5102040816326531,0.16666666666666666,6
graph,1,2026-10-07T09:40:32,nodeGcor1,3.11.9,unknown,13158095,588,2,2,0.8959311842918396,gnnexplainer,attribution,6,55,0.9996756226736244,0.27,0.6008497652165339,0.11454545454545453,0.3333333333333333,10,10,0.0,0.42701422795653343,0.8775510204081634,0.8775510204081634,0.3333333333333333,6
graph,1,2026-10-07T09:40:32,nodeGcor1,3.11.9,unknown,13158095,588,2,2,0.8959311842918396,pgexplainer,attribution,6,55,0.4110747815664599,0.18,0.8845242077169482,0.8,0.5,10,10,1.0,0.004152392037212849,0.8639455782312925,0.8639455782312925,0.16666666666666666,6
graph,1,2026-10-07T09:40:32,nodeGcor1,3.11.9,unknown,13158095,588,2,2,0.8959311842918396,integrated_gradients,attribution,6,55,0.9976117964006334,0.55,0.8509424250922826,1.0,1.0,10,10,1.0,0.20341598382219672,0.9863945578231292,0.6530612244897958,0.8333333333333334,6
graph,1,2026-10-07T09:40:32,nodeGcor1,3.11.9,unknown,13158095,588,2,2,0.8959311842918396,lime,attribution,6,55,0.9976116918875441,0.55,0.5855706417393405,0.7142857142857143,0.5,10,10,0.7142857142857143,0.047827442176640034,0.8741496598639455,0.7755102040816326,0.6666666666666666,6
graph,1,2026-10-07T09:40:32,nodeGcor1,3.11.9,unknown,13158095,588,2,2,0.8959311842918396,random,attribution,6,55,0.023103903833260175,0.08,0.3205671819974596,0.07636363636363637,0.0,10,10,0.0,2.244766801595688e-05,0.46598639455782315,0.46598639455782315,0.0,6
graph,1,2026-10-07T09:40:32,nodeGcor1,3.11.9,unknown,13158095,590,1,1,0.9753732681274414,gnnexplainer,attribution,6,14,0.22137241170273356,1.0,0.24156889723293584,0.7142857142857143,0.7142857142857143,10,10,1.0,0.4201246649026871,0.8958333333333334,0.8958333333333334,0.8333333333333334,6
graph,1,2026-10-07T09:40:32,nodeGcor1,3.11.9,unknown,13158095,590,1,1,0.9753732681274414,pgexplainer,attribution,6,14,0.999804499644685,1.0,0.858702126010903,0.8571428571428571,0.7142857142857143,10,10,1.0,0.004141031764447689,0.9166666666666666,0.9166666666666666,0.8333333333333334,6
graph,1,2026-10-07T09:40:32,nodeGcor1,3.11.9,unknown,13158095,590,1,1,0.9753732681274414,integrated_gradients,attribution,6,14,0.22136841252301845,1.0,0.6277725413662747,0.9428571428571428,0.7142857142857143,10,10,1.0,0.20073521602898836,0.9791666666666666,0.5208333333333333,0.8333333333333334,6
graph,1,2026-10-07T09:40:32,nodeGcor1,3.11.9,unknown,13158095,590,1,1,0.9753732681274414,lime,attribution,6,14,0.9696837298052645,1.0,0.5818797041760662,0.6928571428571428,0.5,10,10,0.7142857142857143,0.04541040398180485,0.75,0.5416666666666666,0.6666666666666666,6
graph,1,2026-10-07T09:40:32,nodeGcor1,3.11.9,unknown,13158095,590,1,1,0.9753732681274414,random,attribution,6,14,0.0,0.86,0.2866310674411475,0.30242424242424243,0.09090909090909091,10,10,0.3333333333333333,2.4093780666589737e-05,0.3333333333333333,0.3333333333333333,0.3333333333333333,6
graph,1,2026-10-07T09:40:32,nodeGcor1,3.11.9,unknown,13158095,591,1,1,0.9784899353981018,gnnexplainer,attribution,6,481,0.9999999976575837,0.84,0.6445955556529336,0.38333333333333336,0.2,10,10,0.5,0.4313623309135437,0.9940350877192983,0.9940350877192983,0.6666666666666666,6
graph,1,2026-10-07T09:40:32,nodeGcor1,3.11.9,unknown,13158095,591,1,1,0.9784899353981018,pgexplainer,attribution,6,481,0.0049447078304121275,0.56,0.9731239686707224,0.9214285714285714,0.3333333333333333,10,10,1.0,0.004250472877174616,0.8498245614035088,0.8498245614035088,0.0,6
graph,1,2026-10-07T09:40:32,nodeGcor1,3.11.9,unknown,13158095,591,1,1,0.9784899353981018,integrated_gradients,attribution,6,481,0.9999999995407836,0.99,0.9685696852589593,1.0,0.7142857142857143,10,10,1.0,0.2034344500862062,0.999298245614035,0.5007017543859649,0.8333333333333334,6
graph,1,2026-10-07T09:40:32,nodeGcor1,3.11.9,unknown,13158095,591,1,1,0.9784899353981018,lime,attribution,6,481,0.22384887397854053,0.82,0.47048930515791587,0.5,0.3333333333333333,10,10,0.7142857142857143,0.09216800471767783,0.9189473684210526,0.5414035087719298,0.6666666666666666,6
graph,1,2026-10-07T09:40:32,nodeGcor1,3.11.9,unknown,13158095,591,1,1,0.9784899353981018,random,attribution,6,481,0.0006054943188003123,0.5,0.34390158419842365,0.00909090909090909,0.0,10,10,0.0,2.3873988538980484e-05,0.3705263157894737,0.3705263157894737,0.0,6
graph,1,2026-10-07T09:40:32,nodeGcor1,3.11.9,unknown,13158095,592,2,2,0.44951683282852173,gnnexplainer,attribution,6,14,0.9952400246165961,0.04,0.4222871203018769,0.4,0.3333333333333333,10,10,0.5,0.42892014188691974,0.7916666666666666,0.7916666666666666,0.5,6
graph,1,2026-10-07T09:40:32,nodeGcor1,3.11.9,unknown,13158095,592,2,2,0.44951683282852173,pgexplainer,attribution,6,14,0.995240023669847,0.03,0.8587019972967486,1.0,1.0,10,10,1.0,0.004155127797275782,0.9166666666666666,0.9166666666666666,0.8333333333333334,6
graph,1,2026-10-07T09:40:32,nodeGcor1,3.11.9,unknown,13158095,592,2,2,0.44951683282852173,integrated_gradients,attribution,6,14,0.995240023669847,0.01,0.5639397018964765,1.0,1.0,10,10,1.0,0.19993967795744538,1.0,0.6666666666666666,1.0,6
graph,1,2026-10-07T09:40:32,nodeGcor1,3.11.9,unknown,13158095,592,2,2,0.44951683282852173,lime,attribution,6,14,0.9952398153594513,0.01,0.5585535348371546,0.5,0.5,10,10,0.5,0.04555169027298689,0.9166666666666667,0.6041666666666666,0.8333333333333334,6
graph,1,2026-10-07T09:40:32,nodeGcor1,3.11.9,unknown,13158095,592,2,2,0.44951683282852173,random,attribution,6,14,0.9952398153594513,0.19,0.28357706533098437,0.3624242424242424,0.2,10,10,0.2,2.38749198615551e-05,0.3958333333333333,0.3958333333333333,0.3333333333333333,6
graph,1,2026-10-07T09:40:32,nodeGcor1,3.11.9,unknown,13158095,593,2,3,0.6216061115264893,gnnexplainer,attribution,6,7,0.64456666717807,1.0,0.18388416170879363,1.0,1.0,10,10,1.0,0.409938707947731,1.0,1.0,1.0,6
graph,1,2026-10-07T09:40:32,nodeGcor1,3.11.9,unknown,13158095,593,2,3,0.6216061115264893,pgexplainer,attribution,6,7,0.64456666717807,0.55,0.7355814339514358,0.7142857142857143,0.7142857142857143,10,10,1.0,0.003956914879381657,0.5,0.5,0.8333333333333334,6
graph,1,2026-10-07T09:40:32,nodeGcor1,3.11.9,unknown,13158095,593,2,3,0.6216061115264893,integrated_gradients,attribution,6,7,0.64456666717807,0.57,0.4594125059932882,0.7142857142857143,0.7142857142857143,10,10,1.0,0.19508395297452807,0.5,0.8333333333333334,0.8333333333333334,6
graph,1,2026-10-07T09:40:32,nodeGcor1,3.11.9,unknown,13158095,593,2,3,0.6216061115264893,lime,attribution,6,7,0.64456666717807,0.45,0.5697085041873513,0.7142857142857143,0.7142857142857143,10,10,1.0,0.043846720829606056,0.3333333333333333,0.8333333333333334,0.8333333333333334,6
graph,1,2026-10-07T09:40:32,nodeGcor1,3.11.9,unknown,13158095,593,2,3,0.6216061115264893,random,attribution,6,7,0.6445605782821067,0.52,0.33872404932082834,0.7714285714285715,0.7142857142857143,10,10,1.0,2.232799306511879e-05,0.3333333333333333,0.3333333333333333,0.8333333333333334,6
graph,1,2026-10-07T09:40:32,nodeGcor1,3.11.9,unknown,13158095,597,2,2,0.6552808284759521,gnnexplainer,attribution,6,7,0.9967347110448873,0.51,0.39851585743017526,nan,nan,0,0,1.0,0.41649349173530936,1.0,1.0,1.0,6
graph,1,2026-10-07T09:40:32,nodeGcor1,3.11.9,unknown,13158095,597,2,2,0.6552808284759521,pgexplainer,attribution,6,7,0.9967347140150065,0.61,0.702555637214145,nan,nan,0,0,1.0,0.0040194489993155,0.16666666666666666,0.16666666666666666,0.8333333333333334,6
graph,1,2026-10-07T09:40:32,nodeGcor1,3.11.9,unknown,13158095,597,2,2,0.6552808284759521,integrated_gradients,attribution,6,7,0.9967347110448873,0.52,0.24202511758164025,nan,nan,0,0,1.0,0.19522984186187387,1.0,0.6666666666666666,1.0,6
graph,1,2026-10-07T09:40:32,nodeGcor1,3.11.9,unknown,13158095,597,2,2,0.6552808284759521,lime,attribution,6,7,0.9967347110448873,0.5,0.48770915951082283,nan,nan,0,0,0.7142857142857143,0.043475653044879436,0.5,0.5,0.8333333333333334,6
graph,1,2026-10-07T09:40:32,nodeGcor1,3.11.9,unknown,13158095,597,2,2,0.6552808284759521,random,attribution,6,7,0.9967347140150065,0.54,0.1368744476485857,nan,nan,0,0,0.7142857142857143,2.108793705701828e-05,1.0,1.0,1.0,6
graph,1,2026-10-07T09:40:32,nodeGcor1,3.11.9,unknown,13158095,601,1,1,0.9703678488731384,gnnexplainer,attribution,6,13,0.21735579811816394,1.0,0.2293800604709718,0.7142857142857143,0.7142857142857143,10,10,0.7142857142857143,0.4161032517440617,0.9047619047619049,0.9047619047619049,0.8333333333333334,6
graph,1,2026-10-07T09:40:32,nodeGcor1,3.11.9,unknown,13158095,601,1,1,0.9703678488731384,pgexplainer,attribution,6,13,0.9996831122963252,1.0,0.8457042319048564,0.8285714285714286,0.7142857142857143,10,10,1.0,0.003999924287199974,0.880952380952381,0.880952380952381,0.8333333333333334,6
graph,1,2026-10-07T09:40:32,nodeGcor1,3.11.9,unknown,13158095,601,1,1,0.9703678488731384,integrated_gradients,attribution,6,13,0.21735168265371044,1.0,0.5565422878477408,0.9428571428571428,0.7142857142857143,10,10,1.0,0.19581909524276853,0.9761904761904762,0.5238095238095238,0.8333333333333334,6
graph,1,2026-10-07T09:40:32,nodeGcor1,3.11.9,unknown,13158095,601,1,1,0.9703678488731384,lime,attribution,6,13,0.21735579811816394,1.0,0.5069048007450639,0.7142857142857143,0.7142857142857143,10,10,1.0,0.04457166977226734,0.9523809523809524,0.5238095238095238,0.8333333333333334,6
graph,1,2026-10-07T09:40:32,nodeGcor1,3.11.9,unknown,13158095,601,1,1,0.9703678488731384,random,attribution,6,13,0.0,0.75,0.4274257097920955,0.3238528138528139,0.2,10,10,0.5,2.0916108042001724e-05,0.38095238095238104,0.38095238095238104,0.5,6
graph,1,2026-10-07T09:40:32,nodeGcor1,3.11.9,unknown,13158095,603,2,2,0.6552808284759521,gnnexplainer,attribution,6,7,0.9967347110448873,0.55,0.3985255516342887,nan,nan,0,0,1.0,0.40044252295047045,1.0,1.0,1.0,6
graph,1,2026-10-07T09:40:32,nodeGcor1,3.11.9,unknown,13158095,603,2,2,0.6552808284759521,pgexplainer,attribution,6,7,0.9967347140150065,0.56,0.702555637214145,nan,nan,0,0,0.7142857142857143,0.003951115068048239,0.16666666666666666,0.16666666666666666,0.8333333333333334,6
graph,1,2026-10-07T09:40:32,nodeGcor1,3.11.9,unknown,13158095,603,2,2,0.6552808284759521,integrated_gradients,attribution,6,7,0.9967347110448873,0.54,0.2420251164746855,nan,nan,0,0,1.0,0.19501482183113694,1.0,0.6666666666666666,1.0,6
graph,1,2026-10-07T09:40:32,nodeGcor1,3.11.9,unknown,13158095,603,2,2,0.6552808284759521,lime,attribution,6,7,0.9967345811275821,0.43,0.36068435049177894,nan,nan,0,0,0.7142857142857143,0.04331333423033357,0.5,0.3333333333333333,0.8333333333333334,6
graph,1,2026-10-07T09:40:32,nodeGcor1,3.11.9,unknown,13158095,603,2,2,0.6552808284759521,random,attribution,6,7,0.9967347140150065,0.5,0.22874331015994187,nan,nan,0,0,0.7142857142857143,2.0815059542655945e-05,0.8333333333333334,0.8333333333333334,0.8333333333333334,6
graph,1,2026-10-07T09:40:32,nodeGcor1,3.11.9,unknown,13158095,604,3,0,0.9555375576019287,gnnexplainer,attribution,6,246,0.6213235266597884,0.26,0.6206948889693872,0.5,0.2,10,10,0.5,0.42629924742504954,0.6291666666666667,0.6291666666666667,0.0,6
graph,1,2026-10-07T09:40:32,nodeGcor1,3.11.9,unknown,13158095,604,3,0,0.9555375576019287,pgexplainer,attribution,6,246,0.0,0.24,0.9552357128346562,0.9142857142857143,0.2,10,10,1.0,0.004170912317931652,0.8722222222222222,0.8722222222222222,0.0,6
graph,1,2026-10-07T09:40:32,nodeGcor1,3.11.9,unknown,13158095,604,3,0,0.9555375576019287,integrated_gradients,attribution,6,246,0.9817228086719322,0.44,0.865228403053797,0.9714285714285715,0.7142857142857143,10,10,1.0,0.2005233890376985,0.9937499999999999,0.83125,0.6666666666666666,6
graph,1,2026-10-07T09:40:32,nodeGcor1,3.11.9,unknown,13158095,604,3,0,0.9555375576019287,lime,attribution,6,246,0.9817228109521259,0.92,0.4872309255284242,0.8285714285714285,0.7142857142857143,10,10,0.7142857142857143,0.1877071252092719,0.9965277777777778,0.8305555555555556,0.8333333333333334,6
graph,1,2026-10-07T09:40:32,nodeGcor1,3.11.9,unknown,13158095,604,3,0,0.9555375576019287,random,attribution,6,246,0.0,0.32,0.341500155922277,0.01818181818181818,0.0,10,10,0.0,1.0950956493616104e-05,0.5125,0.5125,0.0,6
graph,1,2026-10-07T09:40:32,nodeGcor1,3.11.9,unknown,13158095,608,2,2,0.8521487712860107,gnnexplainer,attribution,6,38,0.9974890937777949,0.1,0.6359606520103677,0.29333333333333333,0.09090909090909091,10,10,0.3333333333333333,0.4532221523113549,0.9479166666666666,0.9479166666666666,0.5,6
graph,1,2026-10-07T09:40:32,nodeGcor1,3.11.9,unknown,13158095,608,2,2,0.8521487712860107,pgexplainer,attribution,6,38,0.9999985929372783,0.44,0.9141291632896592,0.9714285714285715,0.5,10,10,1.0,0.004392162896692753,0.9114583333333333,0.9114583333333333,0.5,6
graph,1,2026-10-07T09:40:32,nodeGcor1,3.11.9,unknown,13158095,608,2,2,0.8521487712860107,integrated_gradients,attribution,6,38,0.9974890936021663,0.48,0.8011051163865248,1.0,1.0,10,10,1.0,0.20515648229047656,0.9791666666666667,0.6458333333333333,0.8333333333333334,6
graph,1,2026-10-07T09:40:32,nodeGcor1,3.11.9,unknown,13158095,608,2,2,0.8521487712860107,lime,attribution,6,38,0.9999759353368303,0.57,0.5823842768549046,0.36666666666666664,0.3333333333333333,10,10,0.5,0.04735722439363599,0.6874999999999999,0.7916666666666666,0.5,6
graph,1,2026-10-07T09:40:32,nodeGcor1,3.11.9,unknown,13158095,608,2,2,0.8521487712860107,random,attribution,6,38,0.8256918002804007,0.3,0.304365445899907,0.11454545454545453,0.0,10,10,0.09090909090909091,3.228103742003441e-05,0.578125,0.578125,0.0,6
graph,1,2026-10-07T09:40:32,nodeGcor1,3.11.9,unknown,13158095,612,2,2,0.8428013920783997,gnnexplainer,attribution,6,41,0.9974612451686219,0.12,0.5408157594052139,0.27151515151515154,0.2,10,10,0.2,0.4266132293269038,0.9666666666666667,0.9666666666666667,0.6666666666666666,6
graph,1,2026-10-07T09:40:32,nodeGcor1,3.11.9,unknown,13158095,612,2,2,0.8428013920783997,pgexplainer,attribution,6,41,0.7465975617863261,0.18,0.8772011739545125,0.8857142857142858,0.5,10,10,1.0,0.004180115181952715,0.8809523809523809,0.8809523809523809,0.16666666666666666,6
graph,1,2026-10-07T09:40:32,nodeGcor1,3.11.9,unknown,13158095,612,2,2,0.8428013920783997,integrated_gradients,attribution,6,41,0.9974612455277139,0.47,0.8142703815049224,1.0,1.0,10,10,1.0,0.20254532294347882,0.9809523809523809,0.6476190476190475,0.8333333333333334,6
graph,1,2026-10-07T09:40:32,nodeGcor1,3.11.9,unknown,13158095,612,2,2,0.8428013920783997,lime,attribution,6,41,0.999999191006659,0.48,0.5456630164598675,0.7142857142857143,0.5,10,10,0.3333333333333333,0.04676185315474868,0.9523809523809523,0.6523809523809523,0.6666666666666666,6
graph,1,2026-10-07T09:40:32,nodeGcor1,3.11.9,unknown,13158095,612,2,2,0.8428013920783997,random,attribution,6,41,0.8237586510757532,0.23,0.27570604749340655,0.07454545454545455,0.0,10,10,0.09090909090909091,2.1413899958133698e-05,0.41428571428571426,0.41428571428571426,0.0,6
graph,1,2026-10-07T09:40:32,nodeGcor1,3.11.9,unknown,13158095,613,2,3,0.6216061115264893,gnnexplainer,attribution,6,7,0.64456666717807,1.0,0.18388416170879363,1.0,1.0,10,10,1.0,0.4144918159581721,1.0,1.0,1.0,6
graph,1,2026-10-07T09:40:32,nodeGcor1,3.11.9,unknown,13158095,613,2,3,0.6216061115264893,pgexplainer,attribution,6,7,0.64456666717807,0.53,0.7355816088150924,0.7142857142857143,0.7142857142857143,10,10,1.0,0.0039600287564098835,0.5,0.5,0.8333333333333334,6
graph,1,2026-10-07T09:40:32,nodeGcor1,3.11.9,unknown,13158095,613,2,3,0.6216061115264893,integrated_gradients,attribution,6,7,0.64456666717807,0.53,0.4594125303770116,0.7142857142857143,0.7142857142857143,10,10,1.0,0.1964405789040029,0.5,0.8333333333333334,0.8333333333333334,6
graph,1,2026-10-07T09:40:32,nodeGcor1,3.11.9,unknown,13158095,613,2,3,0.6216061115264893,lime,attribution,6,7,0.64456666717807,0.53,0.56970849813843,0.7142857142857143,0.7142857142857143,10,10,1.0,0.04352351417765021,0.3333333333333333,0.8333333333333334,0.8333333333333334,6
graph,1,2026-10-07T09:40:32,nodeGcor1,3.11.9,unknown,13158095,613,2,3,0.6216061115264893,random,attribution,6,7,0.6445605782821067,1.0,0.33468273528381565,0.7142857142857143,0.7142857142857143,10,10,0.7142857142857143,2.1216925233602524e-05,0.6666666666666666,0.6666666666666666,0.8333333333333334,6
graph,1,2026-10-07T09:40:32,nodeGcor1,3.11.9,unknown,13158095,614,3,0,0.7181986570358276,gnnexplainer,attribution,6,41,0.9756828382561508,0.48,0.39627080570116135,0.7142857142857143,0.3333333333333333,10,10,0.7142857142857143,0.4275314146652818,0.9857142857142857,0.9857142857142857,0.8333333333333334,6
graph,1,2026-10-07T09:40:32,nodeGcor1,3.11.9,unknown,13158095,614,3,0,0.7181986570358276,pgexplainer,attribution,6,41,0.0,0.08,0.8772011549873469,0.9142857142857143,0.7142857142857143,10,10,1.0,0.004174391273409128,0.8809523809523809,0.8809523809523809,0.16666666666666666,6
graph,1,2026-10-07T09:40:32,nodeGcor1,3.11.9,unknown,13158095,614,3,0,0.7181986570358276,integrated_gradients,attribution,6,41,0.9756828483467852,0.82,0.7729177059735042,1.0,1.0,10,10,1.0,0.20105351600795984,0.9952380952380953,0.8333333333333335,0.8333333333333334,6
graph,1,2026-10-07T09:40:32,nodeGcor1,3.11.9,unknown,13158095,614,3,0,0.7181986570358276,lime,attribution,6,41,0.9756833543621005,1.0,0.5905950949708486,1.0,1.0,10,10,1.0,0.046498739160597324,0.9952380952380953,0.8285714285714286,0.8333333333333334,6
graph,1,2026-10-07T09:40:32,nodeGcor1,3.11.9,unknown,13158095,614,3,0,0.7181986570358276,random,attribution,6,41,0.31995614375427356,0.19,0.31993275256533527,0.10363636363636364,0.0,10,10,0.2,2.1540094166994095e-05,0.6047619047619048,0.6047619047619048,0.16666666666666666,6
graph,1,2026-10-07T09:40:32,nodeGcor1,3.11.9,unknown,13158095,615,1,1,0.9753732681274414,gnnexplainer,attribution,6,14,0.22137250686596868,1.0,0.24197578556935506,0.7142857142857143,0.7142857142857143,10,10,1.0,0.4040924762375653,0.8958333333333334,0.8958333333333334,0.8333333333333334,6
graph,1,2026-10-07T09:40:32,nodeGcor1,3.11.9,unknown,13158095,615,1,1,0.9753732681274414,pgexplainer,attribution,6,14,0.999804499644685,1.0,0.8587021258898588,0.8571428571428571,0.7142857142857143,10,10,1.0,0.004006742965430021,0.9166666666666666,0.9166666666666666,0.8333333333333334,6
graph,1,2026-10-07T09:40:32,nodeGcor1,3.11.9,unknown,13158095,615,1,1,0.9753732681274414,integrated_gradients,attribution,6,14,0.22136841252301845,1.0,0.6277725592098797,1.0,0.7142857142857143,10,10,1.0,0.19670027401298285,0.9791666666666666,0.5208333333333333,0.8333333333333334,6
graph,1,2026-10-07T09:40:32,nodeGcor1,3.11.9,unknown,13158095,615,1,1,0.9753732681274414,lime,attribution,6,14,0.9696837298052645,1.0,0.5938606884491532,0.6714285714285715,0.7142857142857143,10,10,0.7142857142857143,0.04490998713299632,0.7708333333333333,0.5624999999999999,0.6666666666666666,6
graph,1,2026-10-07T09:40:32,nodeGcor1,3.11.9,unknown,13158095,615,1,1,0.9753732681274414,random,attribution,6,14,0.0,0.65,0.24569871438804514,0.25,0.09090909090909091,10,10,0.3333333333333333,2.1348707377910614e-05,0.47916666666666663,0.47916666666666663,0.3333333333333333,6
graph,1,2026-10-07T09:40:32,nodeGcor1,3.11.9,unknown,13158095,617,2,2,0.44951683282852173,gnnexplainer,attribution,6,14,0.9952400246165961,0.01,0.4227870559130751,0.38333333333333336,0.3333333333333333,10,10,0.5,0.40349129773676395,0.7916666666666666,0.7916666666666666,0.5,6
graph,1,2026-10-07T09:40:32,nodeGcor1,3.11.9,unknown,13158095,617,2,2,0.44951683282852173,pgexplainer,attribution,6,14,0.995240023669847,0.02,0.8587019969477212,1.0,1.0,10,10,1.0,0.004013504832983017,0.9166666666666666,0.9166666666666666,0.8333333333333334,6
graph,1,2026-10-07T09:40:32,nodeGcor1,3.11.9,unknown,13158095,617,2,2,0.44951683282852173,integrated_gradients,attribution,6,14,0.9952400246165961,0.03,0.5639396985812666,1.0,1.0,10,10,1.0,0.1965296259149909,1.0,0.6666666666666666,1.0,6
graph,1,2026-10-07T09:40:32,nodeGcor1,3.11.9,unknown,13158095,617,2,2,0.44951683282852173,lime,attribution,6,14,0.9952398144126604,0.04,0.561387575029549,0.5,0.5,10,10,0.5,0.04461804125458002,0.9166666666666667,0.6041666666666666,0.8333333333333334,6
graph,1,2026-10-07T09:40:32,nodeGcor1,3.11.9,unknown,13158095,617,2,2,0.44951683282852173,random,attribution,6,14,0.9952400246165961,0.03,0.2779824536159633,0.3247619047619048,0.09090909090909091,10,10,0.2,2.1026935428380966e-05,0.6041666666666667,0.6041666666666667,0.5,6
graph,1,2026-10-07T09:40:32,nodeGcor1,3.11.9,unknown,13158095,618,2,3,0.6216061115264893,gnnexplainer,attribution,6,7,0.64456666717807,1.0,0.18388416170879363,1.0,1.0,10,10,1.0,0.40613830694928765,1.0,1.0,1.0,6
graph,1,2026-10-07T09:40:32,nodeGcor1,3.11.9,unknown,13158095,618,2,3,0.6216061115264893,pgexplainer,attribution,6,7,0.64456666717807,0.52,0.7355816065150473,0.7142857142857143,0.7142857142857143,10,10,1.0,0.004095328040421009,0.5,0.5,0.8333333333333334,6
graph,1,2026-10-07T09:40:32,nodeGcor1,3.11.9,unknown,13158095,618,2,3,0.6216061115264893,integrated_gradients,attribution,6,7,0.64456666717807,0.49,0.4594124576202592,0.7142857142857143,0.7142857142857143,10,10,1.0,0.19823529897257686,0.5,0.8333333333333334,0.8333333333333334,6
graph,1,2026-10-07T09:40:32,nodeGcor1,3.11.9,unknown,13158095,618,2,3,0.6216061115264893,lime,attribution,6,7,0.64456666717807,0.44,0.5697085331759106,0.7142857142857143,0.7142857142857143,10,10,1.0,0.04383366694673896,0.3333333333333333,0.8333333333333334,0.8333333333333334,6
graph,1,2026-10-07T09:40:32,nodeGcor1,3.11.9,unknown,13158095,618,2,3,0.6216061115264893,random,attribution,6,7,0.64456666717807,0.49,0.33973309489331227,0.7714285714285716,0.7142857142857143,10,10,0.7142857142857143,2.202298492193222e-05,0.3333333333333333,0.3333333333333333,0.8333333333333334,6
graph,1,2026-10-07T09:40:32,nodeGcor1,3.11.9,unknown,13158095,619,3,0,0.9341065287590027,gnnexplainer,attribution,6,14,0.9993181920047718,0.41,0.29994327725764647,0.47000000000000003,0.2,10,10,0.3333333333333333,0.4238913641311228,0.5208333333333333,0.5208333333333333,0.5,6
graph,1,2026-10-07T09:40:32,nodeGcor1,3.11.9,unknown,13158095,619,3,0,0.9341065287590027,pgexplainer,attribution,6,14,0.9813034880834676,0.31,0.8587021126547336,0.9428571428571428,0.7142857142857143,10,10,1.0,0.004074131138622761,0.9166666666666666,0.9166666666666666,0.8333333333333334,6
graph,1,2026-10-07T09:40:32,nodeGcor1,3.11.9,unknown,13158095,619,3,0,0.9341065287590027,integrated_gradients,attribution,6,14,0.9813034880834676,1.0,0.5701609285561839,1.0,1.0,10,10,1.0,0.19831541506573558,0.8125000000000001,0.7916666666666667,0.8333333333333334,6
graph,1,2026-10-07T09:40:32,nodeGcor1,3.11.9,unknown,13158095,619,3,0,0.9341065287590027,lime,attribution,6,14,0.9813038848970901,1.0,0.5664985426957778,1.0,1.0,10,10,1.0,0.0449982350692153,0.8333333333333334,0.7083333333333334,0.8333333333333334,6
graph,1,2026-10-07T09:40:32,nodeGcor1,3.11.9,unknown,13158095,619,3,0,0.9341065287590027,random,attribution,6,14,0.9634950610064055,0.14,0.24372899578352014,0.3266666666666667,0.09090909090909091,10,10,0.3333333333333333,2.1537765860557556e-05,0.4583333333333333,0.4583333333333333,0.5,6
graph,1,2026-10-07T09:40:32,nodeGcor1,3.11.9,unknown,13158095,621,1,1,0.9943331480026245,gnnexplainer,attribution,6,250,0.1976066982285608,0.7,0.6614100264002656,0.33333333333333337,0.2,10,10,0.5,0.419121814891696,0.9719945355191257,0.9719945355191257,0.16666666666666666,6
graph,1,2026-10-07T09:40:32,nodeGcor1,3.11.9,unknown,13158095,621,1,1,0.9943331480026245,pgexplainer,attribution,6,250,0.0014292529100879252,0.61,0.9461404300060479,0.7785714285714287,0.0,10,10,1.0,0.004312658216804266,0.8524590163934427,0.8524590163934427,0.0,6
graph,1,2026-10-07T09:40:32,nodeGcor1,3.11.9,unknown,13158095,621,1,1,0.9943331480026245,integrated_gradients,attribution,6,250,0.9999999979429672,1.0,0.9580799513962548,1.0,1.0,10,10,1.0,0.2036629794165492,1.0,0.5,1.0,6
graph,1,2026-10-07T09:40:32,nodeGcor1,3.11.9,unknown,13158095,621,1,1,0.9943331480026245,lime,attribution,6,250,0.23621558910120774,0.84,0.4845100105826905,0.7142857142857143,0.5,10,10,0.5,0.07524199225008488,0.830601092896175,0.5812841530054644,0.8333333333333334,6
graph,1,2026-10-07T09:40:32,nodeGcor1,3.11.9,unknown,13158095,621,1,1,0.9943331480026245,random,attribution,6,250,7.421109351544903e-05,0.51,0.3389274800381651,0.00909090909090909,0.0,10,10,0.0,3.353087231516838e-05,0.389344262295082,0.389344262295082,0.0,6
graph,1,2026-10-07T09:40:32,nodeGcor1,3.11.9,unknown,13158095,622,2,2,0.46365296840667725,gnnexplainer,attribution,6,15,0.9953851491231848,0.04,0.45386299986573775,0.5357142857142858,0.3333333333333333,10,10,0.5,0.43221532786265016,0.9444444444444444,0.9444444444444444,0.8333333333333334,6
graph,1,2026-10-07T09:40:32,nodeGcor1,3.11.9,unknown,13158095,622,2,2,0.46365296840667725,pgexplainer,attribution,6,15,0.9953851491231848,0.03,0.8711876339008185,0.9428571428571428,0.7142857142857143,10,10,1.0,0.004082281142473221,0.9259259259259259,0.9259259259259259,0.8333333333333334,6
graph,1,2026-10-07T09:40:32,nodeGcor1,3.11.9,unknown,13158095,622,2,2,0.46365296840667725,integrated_gradients,attribution,6,15,0.9953851491231848,0.05,0.5881213828698145,1.0,1.0,10,10,1.0,0.19824222987517715,1.0,0.6666666666666666,1.0,6
graph,1,2026-10-07T09:40:32,nodeGcor1,3.11.9,unknown,13158095,622,2,2,0.46365296840667725,lime,attribution,6,15,0.9953851491231848,0.02,0.5235340126438297,0.7142857142857143,0.7142857142857143,10,10,0.7142857142857143,0.044903750997036695,0.962962962962963,0.6666666666666666,0.8333333333333334,6
graph,1,2026-10-07T09:40:32,nodeGcor1,3.11.9,unknown,13158095,622,2,2,0.46365296840667725,random,attribution,6,15,0.2707907599193698,0.21,0.34874381188712056,0.22999999999999998,0.0,10,10,0.09090909090909091,2.1838117390871048e-05,0.35185185185185186,0.35185185185185186,0.3333333333333333,6
graph,1,2026-10-07T09:40:32,nodeGcor1,3.11.9,unknown,13158095,623,2,3,0.6216061115264893,gnnexplainer,attribution,6,7,0.64456666717807,1.0,0.18388416170879363,1.0,1.0,10,10,1.0,0.4042855422012508,1.0,1.0,1.0,6
graph,1,2026-10-07T09:40:32,nodeGcor1,3.11.9,unknown,13158095,623,2,3,0.6216061115264893,pgexplainer,attribution,6,7,0.64456666717807,0.54,0.7355814316513916,0.7142857142857143,0.7142857142857143,10,10,1.0,0.003939960151910782,0.5,0.5,0.8333333333333334,6
graph,1,2026-10-07T09:40:32,nodeGcor1,3.11.9,unknown,13158095,623,2,3,0.6216061115264893,integrated_gradients,attribution,6,7,0.64456666717807,0.46,0.45941244631336287,0.7142857142857143,0.7142857142857143,10,10,1.0,0.19674398377537727,0.5,0.8333333333333334,0.8333333333333334,6
graph,1,2026-10-07T09:40:32,nodeGcor1,3.11.9,unknown,13158095,623,2,3,0.6216061115264893,lime,attribution,6,7,0.64456666717807,0.49,0.5697085144926336,0.7142857142857143,0.7142857142857143,10,10,1.0,0.04352113464847207,0.3333333333333333,0.8333333333333334,0.8333333333333334,6
graph,1,2026-10-07T09:40:32,nodeGcor1,3.11.9,unknown,13158095,623,2,3,0.6216061115264893,random,attribution,6,7,0.64456666717807,0.43,0.31201021452201916,0.7714285714285715,0.7142857142857143,10,10,0.7142857142857143,9.36584547162056e-06,0.0,0.0,0.8333333333333334,6
graph,1,2026-10-07T09:40:32,nodeGcor1,3.11.9,unknown,13158095,624,3,0,0.9464169144630432,gnnexplainer,attribution,6,15,0.9815466790637103,0.48,0.4251172023956793,0.6714285714285715,0.5,10,10,0.7142857142857143,0.41820289473980665,0.9074074074074073,0.9074074074074073,0.8333333333333334,6
graph,1,2026-10-07T09:40:32,nodeGcor1,3.11.9,unknown,13158095,624,3,0,0.9464169144630432,pgexplainer,attribution,6,15,0.9815466790637103,0.28,0.8711877391562028,0.9428571428571428,0.7142857142857143,10,10,1.0,0.003969998098909855,0.9259259259259259,0.9259259259259259,0.8333333333333334,6
graph,1,2026-10-07T09:40:32,nodeGcor1,3.11.9,unknown,13158095,624,3,0,0.9464169144630432,integrated_gradients,attribution,6,15,0.9815466790637103,0.99,0.5885973814501048,1.0,1.0,10,10,1.0,0.19646224426105618,0.8148148148148149,0.7962962962962965,0.8333333333333334,6
graph,1,2026-10-07T09:40:32,nodeGcor1,3.11.9,unknown,13158095,624,3,0,0.9464169144630432,lime,attribution,6,15,0.9815470707158623,1.0,0.5746293822768587,1.0,1.0,10,10,1.0,0.04473262280225754,0.888888888888889,0.7777777777777777,0.8333333333333334,6
graph,1,2026-10-07T09:40:32,nodeGcor1,3.11.9,unknown,13158095,624,3,0,0.9464169144630432,random,attribution,6,15,0.9794155737459196,0.24,0.260775551903596,0.3533333333333334,0.09090909090909091,10,10,0.5,1.78399495780468e-05,0.35185185185185186,0.35185185185185186,0.3333333333333333,6
graph,1,2026-10-07T09:40:32,nodeGcor1,3.11.9,unknown,13158095,626,1,1,0.9799586534500122,gnnexplainer,attribution,6,13,0.22501587953462365,1.0,0.22999380582521545,0.7142857142857143,0.7142857142857143,10,10,0.7142857142857143,0.40086690289899707,0.9047619047619049,0.9047619047619049,0.8333333333333334,6
graph,1,2026-10-07T09:40:32,nodeGcor1,3.11.9,unknown,13158095,626,1,1,0.9799586534500122,pgexplainer,attribution,6,13,0.9996862138150028,1.0,0.8429799825366127,0.8285714285714286,0.7142857142857143,10,10,1.0,0.003986153285950422,0.8809523809523809,0.8809523809523809,0.8333333333333334,6
graph,1,2026-10-07T09:40:32,nodeGcor1,3.11.9,unknown,13158095,626,1,1,0.9799586534500122,integrated_gradients,attribution,6,13,0.22501180435002235,1.0,0.5994162662647371,0.9714285714285715,1.0,10,10,1.0,0.1949211759492755,0.9761904761904762,0.5238095238095238,0.8333333333333334,6
graph,1,2026-10-07T09:40:32,nodeGcor1,3.11.9,unknown,13158095,626,1,1,0.9799586534500122,lime,attribution,6,13,0.969825599737923,1.0,0.5856050606028897,0.7214285714285715,0.5,10,10,0.7142857142857143,0.04447051789611578,0.7619047619047619,0.5,0.6666666666666666,6
graph,1,2026-10-07T09:40:32,nodeGcor1,3.11.9,unknown,13158095,626,1,1,0.9799586534500122,random,attribution,6,13,0.0,0.6,0.40619462111118854,0.29666666666666675,0.2,10,10,0.5,2.083880826830864e-05,0.5476190476190477,0.5476190476190477,0.5,6
graph,1,2026-10-07T09:40:32,nodeGcor1,3.11.9,unknown,13158095,627,2,3,0.6216061115264893,gnnexplainer,attribution,6,7,0.64456666717807,1.0,0.26529741582479716,1.0,1.0,10,10,1.0,0.4111232035793364,1.0,1.0,1.0,6
graph,1,2026-10-07T09:40:32,nodeGcor1,3.11.9,unknown,13158095,627,2,3,0.6216061115264893,pgexplainer,attribution,6,7,0.64456666717807,0.44,0.7355814433535559,0.7142857142857143,0.7142857142857143,10,10,1.0,0.003960549831390381,0.5,0.5,0.8333333333333334,6
graph,1,2026-10-07T09:40:32,nodeGcor1,3.11.9,unknown,13158095,627,2,3,0.6216061115264893,integrated_gradients,attribution,6,7,0.64456666717807,0.53,0.45941249868566614,0.7142857142857143,0.7142857142857143,10,10,1.0,0.19499496230855584,0.5,0.8333333333333334,0.8333333333333334,6
graph,1,2026-10-07T09:40:32,nodeGcor1,3.11.9,unknown,13158095,627,2,3,0.6216061115264893,lime,attribution,6,7,0.64456666717807,0.5,0.3316726821816435,0.7142857142857143,0.7142857142857143,10,10,1.0,0.04325987910851836,0.5,0.8333333333333334,0.8333333333333334,6
graph,1,2026-10-07T09:40:32,nodeGcor1,3.11.9,unknown,13158095,627,2,3,0.6216061115264893,random,attribution,6,7,0.64456666717807,0.56,0.2711529701225882,0.7714285714285715,0.7142857142857143,10,10,0.7142857142857143,1.7935875803232193e-05,0.3333333333333333,0.3333333333333333,0.8333333333333334,6
graph,1,2026-10-07T09:40:32,nodeGcor1,3.11.9,unknown,13158095,630,1,1,0.9802112579345703,gnnexplainer,attribution,6,15,0.22521559620001227,0.44,0.3373691901768586,0.7142857142857143,0.7142857142857143,10,10,0.7142857142857143,0.41518276277929544,0.962962962962963,0.962962962962963,0.8333333333333334,6
graph,1,2026-10-07T09:40:32,nodeGcor1,3.11.9,unknown,13158095,630,1,1,0.9802112579345703,pgexplainer,attribution,6,15,0.22521152206560316,1.0,0.8591029437624558,0.7666666666666666,0.3333333333333333,10,10,1.0,0.003954464104026556,1.0,1.0,1.0,6
graph,1,2026-10-07T09:40:32,nodeGcor1,3.11.9,unknown,13158095,630,1,1,0.9802112579345703,integrated_gradients,attribution,6,15,0.22521152206560316,1.0,0.6117377110429121,1.0,0.7142857142857143,10,10,1.0,0.19489035196602345,0.9814814814814814,0.5185185185185185,0.8333333333333334,6
graph,1,2026-10-07T09:40:32,nodeGcor1,3.11.9,unknown,13158095,630,1,1,0.9802112579345703,lime,attribution,6,15,0.22521152206560316,1.0,0.5261035768991289,0.7428571428571429,0.7142857142857143,10,10,0.7142857142857143,0.04456150904297829,1.0,0.5,1.0,6
graph,1,2026-10-07T09:40:32,nodeGcor1,3.11.9,unknown,13158095,630,1,1,0.9802112579345703,random,attribution,6,15,0.0,0.39,0.36857953399720633,0.2957575757575758,0.09090909090909091,10,10,0.5,2.0665116608142853e-05,0.2777777777777778,0.2777777777777778,0.16666666666666666,6
graph,1,2026-10-07T09:40:32,nodeGcor1,3.11.9,unknown,13158095,633,2,2,0.6552808284759521,gnnexplainer,attribution,6,7,0.9967347110448873,0.53,0.3985255516342887,nan,nan,0,0,1.0,0.4020659700036049,1.0,1.0,1.0,6
graph,1,2026-10-07T09:40:32,nodeGcor1,3.11.9,unknown,13158095,633,2,2,0.6552808284759521,pgexplainer,attribution,6,7,0.9967347110448873,0.52,0.702555414381787,nan,nan,0,0,1.0,0.003976446110755205,0.16666666666666666,0.16666666666666666,0.8333333333333334,6
graph,1,2026-10-07T09:40:32,nodeGcor1,3.11.9,unknown,13158095,633,2,2,0.6552808284759521,integrated_gradients,attribution,6,7,0.9967347140150065,0.47,0.24202511345751498,nan,nan,0,0,1.0,0.19515458308160305,1.0,0.6666666666666666,1.0,6
graph,1,2026-10-07T09:40:32,nodeGcor1,3.11.9,unknown,13158095,633,2,2,0.6552808284759521,lime,attribution,6,7,0.9967345781573421,0.42,0.3606843405474014,nan,nan,0,0,0.7142857142857143,0.04358926368877292,0.5,0.3333333333333333,0.8333333333333334,6
graph,1,2026-10-07T09:40:32,nodeGcor1,3.11.9,unknown,13158095,633,2,2,0.6552808284759521,random,attribution,6,7,0.9967345811275821,0.48,0.13114275425863486,nan,nan,0,0,0.7142857142857143,2.1365005522966385e-05,0.3333333333333333,0.3333333333333333,0.8333333333333334,6
graph,1,2026-10-07T09:40:32,nodeGcor1,3.11.9,unknown,13158095,637,2,3,0.6216061115264893,gnnexplainer,attribution,6,7,0.64456666717807,1.0,0.26529741582479716,1.0,1.0,10,10,1.0,0.4179399851709604,1.0,1.0,1.0,6
graph,1,2026-10-07T09:40:32,nodeGcor1,3.11.9,unknown,13158095,637,2,3,0.6216061115264893,pgexplainer,attribution,6,7,0.64456666717807,0.47,0.7355816088150924,0.7142857142857143,0.7142857142857143,10,10,1.0,0.003991293255239725,0.5,0.5,0.8333333333333334,6
graph,1,2026-10-07T09:40:32,nodeGcor1,3.11.9,unknown,13158095,637,2,3,0.6216061115264893,integrated_gradients,attribution,6,7,0.64456666717807,0.59,0.45941246489856435,0.7142857142857143,0.7142857142857143,10,10,1.0,0.19652319001033902,0.5,0.8333333333333334,0.8333333333333334,6
graph,1,2026-10-07T09:40:32,nodeGcor1,3.11.9,unknown,13158095,637,2,3,0.6216061115264893,lime,attribution,6,7,0.64456666717807,0.48,0.3316726810018943,0.7142857142857143,0.7142857142857143,10,10,1.0,0.04361116187646985,0.5,0.8333333333333334,0.8333333333333334,6
graph,1,2026-10-07T09:40:32,nodeGcor1,3.11.9,unknown,13158095,637,2,3,0.6216061115264893,random,attribution,6,7,0.64456666717807,0.56,0.1840658631800982,0.7428571428571429,0.7142857142857143,10,10,0.7142857142857143,1.8124934285879135e-05,0.5,0.5,0.8333333333333334,6
graph,1,2026-10-07T09:40:32,nodeGcor1,3.11.9,unknown,13158095,639,3,0,0.9656863212585449,gnnexplainer,attribution,6,14,0.9993404882991049,0.22,0.23999543014889135,0.35333333333333333,0.2,10,10,0.5,0.41841952595859766,0.4583333333333333,0.4583333333333333,0.5,6
graph,1,2026-10-07T09:40:32,nodeGcor1,3.11.9,unknown,13158095,639,3,0,0.9656863212585449,pgexplainer,attribution,6,14,0.9819148961860584,0.49,0.8908494651917633,1.0,1.0,10,10,1.0,0.004036519210785627,1.0,1.0,1.0,6
graph,1,2026-10-07T09:40:32,nodeGcor1,3.11.9,unknown,13158095,639,3,0,0.9656863212585449,integrated_gradients,attribution,6,14,0.9819148961860584,1.0,0.5841208415227988,1.0,1.0,10,10,1.0,0.19600957119837403,0.8125000000000001,0.7916666666666667,0.8333333333333334,6
graph,1,2026-10-07T09:40:32,nodeGcor1,3.11.9,unknown,13158095,639,3,0,0.9656863212585449,lime,attribution,6,14,0.9819152800231928,1.0,0.5750170881717096,1.0,1.0,10,10,1.0,0.044556351844221354,0.8333333333333334,0.6874999999999999,0.8333333333333334,6
graph,1,2026-10-07T09:40:32,nodeGcor1,3.11.9,unknown,13158095,639,3,0,0.9656863212585449,random,attribution,6,14,0.9819148961860584,0.76,0.28855408865185417,0.2914285714285715,0.2,10,10,0.5,2.095801755785942e-05,0.5833333333333334,0.5833333333333334,0.6666666666666666,6
graph,1,2026-10-07T09:40:32,nodeGcor1,3.11.9,unknown,13158095,643,2,2,0.6552808284759521,gnnexplainer,attribution,6,7,0.9967347140150065,0.47,0.3985255516342887,nan,nan,0,0,1.0,0.4046957870014012,1.0,1.0,1.0,6
graph,1,2026-10-07T09:40:32,nodeGcor1,3.11.9,unknown,13158095,643,2,2,0.6552808284759521,pgexplainer,attribution,6,7,0.9967347110448873,0.53,0.7025556456339285,nan,nan,0,0,1.0,0.0039567300118505955,0.16666666666666666,0.16666666666666666,0.8333333333333334,6
graph,1,2026-10-07T09:40:32,nodeGcor1,3.11.9,unknown,13158095,643,2,2,0.6552808284759521,integrated_gradients,attribution,6,7,0.9967347140150065,0.49,0.2420251173364738,nan,nan,0,0,1.0,0.19714020984247327,1.0,0.6666666666666666,1.0,6
graph,1,2026-10-07T09:40:32,nodeGcor1,3.11.9,unknown,13158095,643,2,2,0.6552808284759521,lime,attribution,6,7,0.9967345811275821,0.48,0.36068434456923837,nan,nan,0,0,0.7142857142857143,0.04339672205969691,0.5,0.3333333333333333,0.8333333333333334,6
graph,1,2026-10-07T09:40:32,nodeGcor1,3.11.9,unknown,13158095,643,2,2,0.6552808284759521,random,attribution,6,7,0.9967347140150065,0.48,0.2891485434342812,nan,nan,0,0,0.7142857142857143,3.179023042321205e-05,0.0,0.0,0.8333333333333334,6
graph,1,2026-10-07T09:40:32,nodeGcor1,3.11.9,unknown,13158095,646,1,1,0.9829596281051636,gnnexplainer,attribution,6,14,0.22737789001997535,1.0,0.2950938818911044,0.7142857142857143,0.7142857142857143,10,10,0.7142857142857143,0.42092676693573594,0.8958333333333334,0.8958333333333334,0.8333333333333334,6
graph,1,2026-10-07T09:40:32,nodeGcor1,3.11.9,unknown,13158095,646,1,1,0.9829596281051636,pgexplainer,attribution,6,14,0.9999930970386279,1.0,0.8498643411337684,0.6857142857142857,0.5,10,10,1.0,0.004025495145469904,0.875,0.875,0.6666666666666666,6
graph,1,2026-10-07T09:40:32,nodeGcor1,3.11.9,unknown,13158095,646,1,1,0.9829596281051636,integrated_gradients,attribution,6,14,0.22737789001997535,1.0,0.6266315203318202,0.9714285714285715,1.0,10,10,1.0,0.1977436882443726,0.9791666666666666,0.5208333333333333,0.8333333333333334,6
graph,1,2026-10-07T09:40:32,nodeGcor1,3.11.9,unknown,13158095,646,1,1,0.9829596281051636,lime,attribution,6,14,0.22738195276279247,1.0,0.6006209040104884,0.7142857142857143,0.7142857142857143,10,10,0.7142857142857143,0.044637395069003105,0.9583333333333334,0.5208333333333334,0.8333333333333334,6
graph,1,2026-10-07T09:40:32,nodeGcor1,3.11.9,unknown,13158095,646,1,1,0.9829596281051636,random,attribution,6,14,0.0721083488637236,0.48,0.36233197151799446,0.2824242424242424,0.0,10,10,0.5,2.095615491271019e-05,0.35416666666666663,0.35416666666666663,0.3333333333333333,6
graph,1,2026-10-07T09:40:32,nodeGcor1,3.11.9,unknown,13158095,647,2,3,0.6216061115264893,gnnexplainer,attribution,6,7,0.64456666717807,1.0,0.26529741582479716,1.0,1.0,10,10,1.0,0.4046218548901379,1.0,1.0,1.0,6
graph,1,2026-10-07T09:40:32,nodeGcor1,3.11.9,unknown,13158095,647,2,3,0.6216061115264893,pgexplainer,attribution,6,7,0.64456666717807,0.43,0.7355816088150924,0.7142857142857143,0.7142857142857143,10,10,1.0,0.003988219890743494,0.5,0.5,0.8333333333333334,6
graph,1,2026-10-07T09:40:32,nodeGcor1,3.11.9,unknown,13158095,647,2,3,0.6216061115264893,integrated_gradients,attribution,6,7,0.64456666717807,0.56,0.4594124832425759,0.7142857142857143,0.7142857142857143,10,10,1.0,0.19730292493477464,0.5,0.8333333333333334,0.8333333333333334,6
graph,1,2026-10-07T09:40:32,nodeGcor1,3.11.9,unknown,13158095,647,2,3,0.6216061115264893,lime,attribution,6,7,0.64456666717807,0.54,0.3316726792953667,0.7142857142857143,0.7142857142857143,10,10,1.0,0.04347910499200225,0.5,0.8333333333333334,0.8333333333333334,6
graph,1,2026-10-07T09:40:32,nodeGcor1,3.11.9,unknown,13158095,647,2,3,0.6216061115264893,random,attribution,6,7,0.6445605782821067,1.0,0.22395224436251604,0.8,0.7142857142857143,10,10,0.7142857142857143,2.154521644115448e-05,0.8333333333333334,0.8333333333333334,0.8333333333333334,6
graph,1,2026-10-07T09:40:32,nodeGcor1,3.11.9,unknown,13158095,648,2,2,0.5395634174346924,gnnexplainer,attribution,6,14,0.47252267379560997,0.57,0.45774504207325206,0.38333333333333336,0.3333333333333333,10,10,0.5,0.42070961697027087,0.7916666666666666,0.7916666666666666,0.5,6
graph,1,2026-10-07T09:40:32,nodeGcor1,3.11.9,unknown,13158095,648,2,2,0.5395634174346924,pgexplainer,attribution,6,14,0.996034418566276,0.02,0.8498641483392653,0.8285714285714286,0.7142857142857143,10,10,1.0,0.004022371023893356,0.875,0.875,0.6666666666666666,6
graph,1,2026-10-07T09:40:32,nodeGcor1,3.11.9,unknown,13158095,648,2,2,0.5395634174346924,integrated_gradients,attribution,6,14,0.996034418566276,0.04,0.5603633600253044,1.0,1.0,10,10,1.0,0.19707700703293085,1.0,0.6666666666666666,1.0,6
graph,1,2026-10-07T09:40:32,nodeGcor1,3.11.9,unknown,13158095,648,2,2,0.5395634174346924,lime,attribution,6,14,0.996034418566276,0.04,0.5368783718886538,0.5642857142857143,0.5,10,10,0.5,0.044631530065089464,0.8958333333333334,0.7708333333333334,0.8333333333333334,6
graph,1,2026-10-07T09:40:32,nodeGcor1,3.11.9,unknown,13158095,648,2,2,0.5395634174346924,random,attribution,6,14,0.9998865615202335,0.3,0.37900036713222396,0.32666666666666666,0.09090909090909091,10,10,0.2,8.812174201011658e-06,0.375,0.375,0.3333333333333333,6
graph,1,2026-10-07T09:40:32,nodeGcor1,3.11.9,unknown,13158095,650,1,1,0.9928532242774963,gnnexplainer,attribution,6,195,0.0,0.45,0.6265755000403119,0.35,0.09090909090909091,10,10,0.3333333333333333,0.4164756606332958,0.9656084656084656,0.9656084656084656,0.16666666666666666,6
graph,1,2026-10-07T09:40:32,nodeGcor1,3.11.9,unknown,13158095,650,1,1,0.9928532242774963,pgexplainer,attribution,6,195,0.0005834074199122031,0.62,0.938801532487888,0.8571428571428571,0.0,10,10,1.0,0.00421135826036334,0.8253968253968254,0.8253968253968254,0.0,6
graph,1,2026-10-07T09:40:32,nodeGcor1,3.11.9,unknown,13158095,650,1,1,0.9928532242774963,integrated_gradients,attribution,6,195,0.9999999883673641,0.99,0.9481047839700377,0.8285714285714286,0.7142857142857143,10,10,1.0,0.20282070012763143,1.0,0.5,1.0,6
graph,1,2026-10-07T09:40:32,nodeGcor1,3.11.9,unknown,13158095,650,1,1,0.9928532242774963,lime,attribution,6,195,0.23507710997566053,0.9,0.48020716920789874,0.6928571428571428,0.7142857142857143,10,10,0.7142857142857143,0.07183363474905491,0.9550264550264551,0.5220458553791887,0.6666666666666666,6
graph,1,2026-10-07T09:40:32,nodeGcor1,3.11.9,unknown,13158095,650,1,1,0.9928532242774963,random,attribution,6,195,0.0,0.62,0.31678471778474093,0.01818181818181818,0.0,10,10,0.0,1.0135117918252945e-05,0.591710758377425,0.591710758377425,0.0,6
graph,1,2026-10-07T09:40:32,nodeGcor1,3.11.9,unknown,13158095,651,1,1,0.9721154570579529,gnnexplainer,attribution,6,15,0.21875896723015412,1.0,0.24259768530788206,0.7142857142857143,0.7142857142857143,10,10,0.7142857142857143,0.4323777509853244,0.9814814814814814,0.9814814814814814,0.8333333333333334,6
graph,1,2026-10-07T09:40:32,nodeGcor1,3.11.9,unknown,13158095,651,1,1,0.9721154570579529,pgexplainer,attribution,6,15,0.9998549555761838,0.98,0.8711877412874319,0.8857142857142856,0.7142857142857143,10,10,1.0,0.004052149597555399,0.9259259259259259,0.9259259259259259,0.8333333333333334,6
graph,1,2026-10-07T09:40:32,nodeGcor1,3.11.9,unknown,13158095,651,1,1,0.9721154570579529,integrated_gradients,attribution,6,15,0.21875896723015412,1.0,0.6541929146697341,1.0,0.7142857142857143,10,10,1.0,0.19884175108745694,0.9814814814814815,0.5185185185185185,0.8333333333333334,6
graph,1,2026-10-07T09:40:32,nodeGcor1,3.11.9,unknown,13158095,651,1,1,0.9721154570579529,lime,attribution,6,15,0.21876307529456662,1.0,0.6075941387763698,0.9714285714285715,0.7142857142857143,10,10,1.0,0.044843616895377636,0.9444444444444444,0.49999999999999994,0.8333333333333334,6
graph,1,2026-10-07T09:40:32,nodeGcor1,3.11.9,unknown,13158095,651,1,1,0.9721154570579529,random,attribution,6,15,0.061757084142478956,0.5,0.3938865710659938,0.2206060606060606,0.09090909090909091,10,10,0.5,2.179015427827835e-05,0.2777777777777778,0.2777777777777778,0.3333333333333333,6
graph,1,2026-10-07T09:40:32,nodeGcor1,3.11.9,unknown,13158095,655,1,1,0.9654221534729004,gnnexplainer,attribution,6,18,0.21334293505453075,1.0,0.1728498158865237,0.7714285714285715,0.7142857142857143,10,10,0.7142857142857143,0.42741573974490166,1.0,1.0,1.0,6
graph,1,2026-10-07T09:40:32,nodeGcor1,3.11.9,unknown,13158095,655,1,1,0.9654221534729004,pgexplainer,attribution,6,18,0.21334293505453075,1.0,0.9164491008623167,1.0,1.0,10,10,1.0,0.004240007139742374,1.0,1.0,1.0,6
graph,1,2026-10-07T09:40:32,nodeGcor1,3.11.9,unknown,13158095,655,1,1,0.9654221534729004,integrated_gradients,attribution,6,18,0.21334293505453075,1.0,0.6725532247517327,0.7142857142857143,0.7142857142857143,10,10,1.0,0.20264367712661624,1.0,0.5,1.0,6
graph,1,2026-10-07T09:40:32,nodeGcor1,3.11.9,unknown,13158095,655,1,1,0.9654221534729004,lime,attribution,6,18,0.2133470715985137,1.0,0.570702688477146,0.9714285714285715,0.7142857142857143,10,10,1.0,0.045263889245688915,0.888888888888889,0.5416666666666667,0.8333333333333334,6
graph,1,2026-10-07T09:40:32,nodeGcor1,3.11.9,unknown,13158095,655,1,1,0.9654221534729004,random,attribution,6,18,0.0,0.47,0.2940223921015346,0.1706060606060606,0.09090909090909091,10,10,0.2,2.2018328309059143e-05,0.4166666666666667,0.4166666666666667,0.3333333333333333,6
graph,1,2026-10-07T09:40:32,nodeGcor1,3.11.9,unknown,13158095,656,1,1,0.9654221534729004,gnnexplainer,attribution,6,18,0.21334293505453075,1.0,0.17222041948418243,0.7142857142857143,0.7142857142857143,10,10,0.7142857142857143,0.4219981450587511,1.0,1.0,1.0,6
graph,1,2026-10-07T09:40:32,nodeGcor1,3.11.9,unknown,13158095,656,1,1,0.9654221534729004,pgexplainer,attribution,6,18,0.21334293505453075,1.0,0.9164491056121647,1.0,1.0,10,10,1.0,0.004230989143252373,1.0,1.0,1.0,6
graph,1,2026-10-07T09:40:32,nodeGcor1,3.11.9,unknown,13158095,656,1,1,0.9654221534729004,integrated_gradients,attribution,6,18,0.21334293505453075,1.0,0.6725532861495671,0.7714285714285716,0.7142857142857143,10,10,1.0,0.20299337897449732,1.0,0.5,1.0,6
graph,1,2026-10-07T09:40:32,nodeGcor1,3.11.9,unknown,13158095,656,1,1,0.9654221534729004,lime,attribution,6,18,0.2133470715985137,1.0,0.6843629746113025,1.0,0.7142857142857143,10,10,1.0,0.045198420993983746,0.9166666666666667,0.5416666666666667,0.8333333333333334,6
graph,1,2026-10-07T09:40:32,nodeGcor1,3.11.9,unknown,13158095,656,1,1,0.9654221534729004,random,attribution,6,18,0.7168890954279705,0.8,0.2803729761356012,0.27484848484848484,0.09090909090909091,10,10,0.2,2.147490158677101e-05,0.5972222222222222,0.5972222222222222,0.3333333333333333,6
graph,1,2026-10-07T09:40:32,nodeGcor1,3.11.9,unknown,13158095,657,2,2,0.6552808284759521,gnnexplainer,attribution,6,7,0.9967347110448873,0.42,0.39851585743017526,nan,nan,0,0,1.0,0.41200347524136305,1.0,1.0,1.0,6
graph,1,2026-10-07T09:40:32,nodeGcor1,3.11.9,unknown,13158095,657,2,2,0.6552808284759521,pgexplainer,attribution,6,7,0.9967347110448873,0.59,0.702555637214145,nan,nan,0,0,1.0,0.003951795864850283,0.16666666666666666,0.16666666666666666,0.8333333333333334,6
graph,1,2026-10-07T09:40:32,nodeGcor1,3.11.9,unknown,13158095,657,2,2,0.6552808284759521,integrated_gradients,attribution,6,7,0.9967347140150065,0.66,0.24202510345379524,nan,nan,0,0,1.0,0.1949217850342393,1.0,0.6666666666666666,1.0,6
graph,1,2026-10-07T09:40:32,nodeGcor1,3.11.9,unknown,13158095,657,2,2,0.6552808284759521,lime,attribution,6,7,0.9967347110448873,0.58,0.4877091666519705,nan,nan,0,0,0.7142857142857143,0.04323998373001814,0.5,0.5,0.8333333333333334,6
graph,1,2026-10-07T09:40:32,nodeGcor1,3.11.9,unknown,13158095,657,2,2,0.6552808284759521,random,attribution,6,7,0.9967345811275821,0.45,0.39580054702650236,nan,nan,0,0,0.7142857142857143,2.1072104573249817e-05,0.5,0.5,0.8333333333333334,6
graph,1,2026-10-07T09:40:32,nodeGcor1,3.11.9,unknown,13158095,665,1,1,0.8011443614959717,gnnexplainer,attribution,6,20,0.052040804787034746,0.4,0.2571831210504434,0.7142857142857143,0.7142857142857143,10,10,0.7142857142857143,0.42405267897993326,0.9285714285714286,0.9285714285714286,0.8333333333333334,6
graph,1,2026-10-07T09:40:32,nodeGcor1,3.11.9,unknown,13158095,665,1,1,0.8011443614959717,pgexplainer,attribution,6,20,0.0,0.47,0.7869732640663754,0.8857142857142858,0.5,10,10,1.0,0.004118910990655422,0.9523809523809523,0.9523809523809523,0.6666666666666666,6
graph,1,2026-10-07T09:40:32,nodeGcor1,3.11.9,unknown,13158095,665,1,1,0.8011443614959717,integrated_gradients,attribution,6,20,0.05203582002849199,0.45,0.7671826219387163,0.9142857142857143,0.7142857142857143,10,10,1.0,0.19999101012945175,0.976190476190476,0.5238095238095237,0.8333333333333334,6
graph,1,2026-10-07T09:40:32,nodeGcor1,3.11.9,unknown,13158095,665,1,1,0.8011443614959717,lime,attribution,6,20,0.05203553791661434,0.44,0.6206881646795086,1.0,0.7142857142857143,10,10,1.0,0.045020719058811665,0.9166666666666667,0.5595238095238095,0.8333333333333334,6
graph,1,2026-10-07T09:40:32,nodeGcor1,3.11.9,unknown,13158095,665,1,1,0.8011443614959717,random,attribution,6,20,0.9865462703794785,0.75,0.21878632408932508,0.18484848484848485,0.09090909090909091,10,10,0.09090909090909091,2.098875120282173e-05,0.5476190476190476,0.5476190476190476,0.16666666666666666,6
graph,1,2026-10-07T09:40:32,nodeGcor1,3.11.9,unknown,13158095,670,1,1,0.8626016974449158,gnnexplainer,attribution,6,11,0.1195729249167808,0.91,0.14434979793869518,0.7142857142857143,0.7142857142857143,10,10,0.7142857142857143,0.4178867246955633,0.8666666666666667,0.8666666666666667,0.8333333333333334,6
graph,1,2026-10-07T09:40:32,nodeGcor1,3.11.9,unknown,13158095,670,1,1,0.8626016974449158,pgexplainer,attribution,6,11,0.1195729249167808,1.0,0.6840484918464553,1.0,1.0,10,10,1.0,0.004000343848019838,1.0,1.0,1.0,6
graph,1,2026-10-07T09:40:32,nodeGcor1,3.11.9,unknown,13158095,670,1,1,0.8626016974449158,integrated_gradients,attribution,6,11,0.1195729249167808,0.92,0.5359793591948399,0.9142857142857143,0.7142857142857143,10,10,1.0,0.19790421007201076,0.9333333333333333,0.5666666666666667,0.8333333333333334,6
graph,1,2026-10-07T09:40:32,nodeGcor1,3.11.9,unknown,13158095,670,1,1,0.8626016974449158,lime,attribution,6,11,0.1195729249167808,0.89,0.4353938736780243,0.7142857142857143,0.7142857142857143,10,10,1.0,0.0444184928201139,0.7666666666666667,0.7,0.8333333333333334,6
graph,1,2026-10-07T09:40:32,nodeGcor1,3.11.9,unknown,13158095,670,1,1,0.8626016974449158,random,attribution,6,11,0.9867832847579971,0.42,0.3591470350083743,0.40809523809523807,0.2,10,10,0.3333333333333333,2.110423520207405e-05,0.39999999999999997,0.39999999999999997,0.3333333333333333,6
graph,1,2026-10-07T09:40:32,nodeGcor1,3.11.9,unknown,13158095,673,2,1,0.6935694217681885,gnnexplainer,attribution,6,137,0.9999999784668531,0.8,0.6318377099512211,0.2,0.2,10,10,0.2,0.41533246356993914,0.9860050890585241,0.9860050890585241,0.6666666666666666,6
graph,1,2026-10-07T09:40:32,nodeGcor1,3.11.9,unknown,13158095,673,2,1,0.6935694217681885,pgexplainer,attribution,6,137,0.06141396241803034,0.53,0.9209619887322105,0.9142857142857143,0.3333333333333333,10,10,1.0,0.004185152240097523,0.8549618320610688,0.8549618320610688,0.0,6
graph,1,2026-10-07T09:40:32,nodeGcor1,3.11.9,unknown,13158095,673,2,1,0.6935694217681885,integrated_gradients,attribution,6,137,0.0,0.8,0.8655888936065932,1.0,1.0,10,10,1.0,0.20073216827586293,0.9974554707379134,0.3333333333333333,0.8333333333333334,6
graph,1,2026-10-07T09:40:32,nodeGcor1,3.11.9,unknown,13158095,673,2,1,0.6935694217681885,lime,attribution,6,137,0.0,0.65,0.5127684114304949,0.7142857142857143,0.7142857142857143,10,10,1.0,0.06913306098431349,0.9516539440203562,0.361323155216285,0.6666666666666666,6
graph,1,2026-10-07T09:40:32,nodeGcor1,3.11.9,unknown,13158095,673,2,1,0.6935694217681885,random,attribution,6,137,0.0,0.52,0.3440144171230963,0.04727272727272727,0.0,10,10,0.09090909090909091,1.8091872334480286e-05,0.33333333333333337,0.33333333333333337,0.0,6
graph,1,2026-10-07T09:40:32,nodeGcor1,3.11.9,unknown,13158095,678,2,3,0.5009083151817322,gnnexplainer,attribution,6,16,0.5589118838604072,0.89,0.23386362626631407,0.7142857142857143,0.7142857142857143,10,10,0.7142857142857143,0.4187199301086366,0.9166666666666667,0.9166666666666667,0.8333333333333334,6
graph,1,2026-10-07T09:40:32,nodeGcor1,3.11.9,unknown,13158095,678,2,3,0.5009083151817322,pgexplainer,attribution,6,16,0.5589204513948303,0.58,0.722539608457219,0.9714285714285713,0.7142857142857143,10,10,1.0,0.004014169797301292,0.9333333333333333,0.9333333333333333,0.8333333333333334,6
graph,1,2026-10-07T09:40:32,nodeGcor1,3.11.9,unknown,13158095,678,2,3,0.5009083151817322,integrated_gradients,attribution,6,16,0.5589204513948303,0.42,0.626601460042006,1.0,0.7142857142857143,10,10,1.0,0.19521762523800135,0.9500000000000001,0.3833333333333333,0.8333333333333334,6
graph,1,2026-10-07T09:40:32,nodeGcor1,3.11.9,unknown,13158095,678,2,3,0.5009083151817322,lime,attribution,6,16,0.5589204513948303,0.34,0.5935731170535468,0.5,0.5,10,10,0.7142857142857143,0.04465798707678914,0.9333333333333333,0.8333333333333334,0.6666666666666666,6
graph,1,2026-10-07T09:40:32,nodeGcor1,3.11.9,unknown,13158095,678,2,3,0.5009083151817322,random,attribution,6,16,0.9795316396666373,0.28,0.3375353840551716,0.24151515151515154,0.09090909090909091,10,10,0.3333333333333333,2.0570121705532074e-05,0.36666666666666664,0.36666666666666664,0.3333333333333333,6
graph,1,2026-10-07T09:40:32,nodeGcor1,3.11.9,unknown,13158095,679,3,3,0.7531907558441162,gnnexplainer,attribution,6,7,0.706661917704063,1.0,0.3038656944549617,1.0,1.0,10,10,0.7142857142857143,0.4211056982167065,1.0,1.0,1.0,6
graph,1,2026-10-07T09:40:32,nodeGcor1,3.11.9,unknown,13158095,679,3,3,0.7531907558441162,pgexplainer,attribution,6,7,0.706661917704063,1.0,0.5144841886022725,0.7142857142857143,0.7142857142857143,10,10,1.0,0.004116102587431669,0.0,0.0,0.8333333333333334,6
graph,1,2026-10-07T09:40:32,nodeGcor1,3.11.9,unknown,13158095,679,3,3,0.7531907558441162,integrated_gradients,attribution,6,7,0.706661917704063,1.0,0.4513745314396038,0.7142857142857143,0.7142857142857143,10,10,1.0,0.19952899310737848,0.6666666666666666,0.6666666666666666,0.8333333333333334,6
graph,1,2026-10-07T09:40:32,nodeGcor1,3.11.9,unknown,13158095,679,3,3,0.7531907558441162,lime,attribution,6,7,0.706661917704063,1.0,0.5125511105092965,0.7142857142857143,0.7142857142857143,10,10,0.7142857142857143,0.04408430773764849,0.8333333333333334,0.6666666666666666,0.8333333333333334,6
graph,1,2026-10-07T09:40:32,nodeGcor1,3.11.9,unknown,13158095,679,3,3,0.7531907558441162,random,attribution,6,7,0.706661917704063,0.47,0.30181211701666366,0.7714285714285715,0.7142857142857143,10,10,0.7142857142857143,2.2260937839746475e-05,0.3333333333333333,0.3333333333333333,0.8333333333333334,6
graph,1,2026-10-07T09:40:32,nodeGcor1,3.11.9,unknown,13158095,680,1,1,0.8426718711853027,gnnexplainer,attribution,6,20,0.0987528738916808,0.63,0.3446318220744078,0.7142857142857143,0.7142857142857143,10,10,0.7142857142857143,0.4263979932293296,0.9285714285714286,0.9285714285714286,0.8333333333333334,6
graph,1,2026-10-07T09:40:32,nodeGcor1,3.11.9,unknown,13158095,680,1,1,0.8426718711853027,pgexplainer,attribution,6,20,0.9999853161743354,0.5,0.7454993867162163,0.9142857142857143,0.7142857142857143,10,10,1.0,0.004146131221204996,0.9642857142857143,0.9642857142857143,0.8333333333333334,6
graph,1,2026-10-07T09:40:32,nodeGcor1,3.11.9,unknown,13158095,680,1,1,0.8426718711853027,integrated_gradients,attribution,6,20,0.09874819851283366,0.53,0.7369997756685781,1.0,1.0,10,10,1.0,0.1996200317516923,0.9761904761904762,0.5238095238095238,0.8333333333333334,6
graph,1,2026-10-07T09:40:32,nodeGcor1,3.11.9,unknown,13158095,680,1,1,0.8426718711853027,lime,attribution,6,20,0.0987481347643706,0.52,0.5575125062395576,0.9714285714285713,0.7142857142857143,10,10,1.0,0.04569344501942396,0.9285714285714286,0.5476190476190477,0.8333333333333334,6
graph,1,2026-10-07T09:40:32,nodeGcor1,3.11.9,unknown,13158095,680,1,1,0.8426718711853027,random,attribution,6,20,0.9672853467254932,0.66,0.3238978702967009,0.16303030303030303,0.09090909090909091,10,10,0.2,2.268422394990921e-05,0.42857142857142855,0.42857142857142855,0.3333333333333333,6
graph,1,2026-10-07T09:40:32,nodeGcor1,3.11.9,unknown,13158095,682,2,3,0.6552951335906982,gnnexplainer,attribution,6,20,0.6628395978836518,0.6,0.33893499200501487,0.5,0.5,10,10,0.7142857142857143,0.41451797587797046,0.9047619047619048,0.9047619047619048,0.8333333333333334,6
graph,1,2026-10-07T09:40:32,nodeGcor1,3.11.9,unknown,13158095,682,2,3,0.6552951335906982,pgexplainer,attribution,6,20,0.6628395978836518,0.64,0.7454996190569547,0.9142857142857143,0.7142857142857143,10,10,1.0,0.0040240040980279446,0.9642857142857143,0.9642857142857143,0.8333333333333334,6
graph,1,2026-10-07T09:40:32,nodeGcor1,3.11.9,unknown,13158095,682,2,3,0.6552951335906982,integrated_gradients,attribution,6,20,0.6628395978836518,0.72,0.6854941136698594,1.0,0.7142857142857143,10,10,1.0,0.19637685362249613,0.9642857142857142,0.369047619047619,0.8333333333333334,6
graph,1,2026-10-07T09:40:32,nodeGcor1,3.11.9,unknown,13158095,682,2,3,0.6552951335906982,lime,attribution,6,20,0.6628395978836518,0.37,0.6112446254106884,0.7142857142857143,0.7142857142857143,10,10,0.7142857142857143,0.045134355779737234,0.9285714285714285,0.7976190476190477,0.8333333333333334,6
graph,1,2026-10-07T09:40:32,nodeGcor1,3.11.9,unknown,13158095,682,2,3,0.6552951335906982,random,attribution,6,20,0.7235143576078367,0.23,0.30400277215310956,0.21303030303030304,0.09090909090909091,10,10,0.09090909090909091,2.12877057492733e-05,0.4880952380952381,0.4880952380952381,0.16666666666666666,6
graph,1,2026-10-07T09:40:32,nodeGcor1,3.11.9,unknown,13158095,683,2,2,0.6014713048934937,gnnexplainer,attribution,6,505,0.9979765703535204,0.43,0.653148810106547,0.2924242424242424,0.09090909090909091,10,10,0.09090909090909091,0.42816961323842406,0.9856379425517702,0.9856379425517702,0.3333333333333333,6
graph,1,2026-10-07T09:40:32,nodeGcor1,3.11.9,unknown,13158095,683,2,2,0.6014713048934937,pgexplainer,attribution,6,505,0.1084563173644031,0.26,0.9601289547144758,0.8571428571428573,0.2,10,10,1.0,0.00420136796310544,0.8493653974615899,0.8493653974615899,0.0,6
graph,1,2026-10-07T09:40:32,nodeGcor1,3.11.9,unknown,13158095,683,2,2,0.6014713048934937,integrated_gradients,attribution,6,505,0.0,0.0,0.8962382176731571,1.0,1.0,10,10,1.0,0.20315008703619242,1.0,0.6666666666666666,1.0,6
graph,1,2026-10-07T09:40:32,nodeGcor1,3.11.9,unknown,13158095,683,2,2,0.6014713048934937,lime,attribution,6,505,0.9964426132074266,0.0,0.45338916892362824,0.33333333333333337,0.3333333333333333,10,10,0.3333333333333333,0.2114118877798319,0.6302605210420841,0.36940547762191045,0.3333333333333333,6
graph,1,2026-10-07T09:40:32,nodeGcor1,3.11.9,unknown,13158095,683,2,2,0.6014713048934937,random,attribution,6,505,0.0169201050479273,0.32,0.32853452641038583,0.00909090909090909,0.0,10,10,0.0,2.4440232664346695e-05,0.5083500334001336,0.5083500334001336,0.0,6
graph,1,2026-10-07T09:40:32,nodeGcor1,3.11.9,unknown,13158095,687,2,2,0.5380074381828308,gnnexplainer,attribution,6,15,0.9960229504394265,0.05,0.46747459293569416,0.4,0.3333333333333333,10,10,0.5,0.41905027022585273,0.9074074074074074,0.9074074074074074,0.6666666666666666,6
graph,1,2026-10-07T09:40:32,nodeGcor1,3.11.9,unknown,13158095,687,2,2,0.5380074381828308,pgexplainer,attribution,6,15,0.9960229504394265,0.07,0.8684176146035121,0.8571428571428571,0.5,10,10,1.0,0.00406144792214036,0.888888888888889,0.888888888888889,0.6666666666666666,6
graph,1,2026-10-07T09:40:32,nodeGcor1,3.11.9,unknown,13158095,687,2,2,0.5380074381828308,integrated_gradients,attribution,6,15,0.9960229504394265,0.12,0.5858959385391984,1.0,1.0,10,10,1.0,0.19673878466710448,1.0,0.6666666666666666,1.0,6
graph,1,2026-10-07T09:40:32,nodeGcor1,3.11.9,unknown,13158095,687,2,2,0.5380074381828308,lime,attribution,6,15,0.9960229504394265,0.09,0.5104010895796743,0.6071428571428572,0.5,10,10,0.7142857142857143,0.04474657075479627,0.9444444444444445,0.6666666666666666,0.8333333333333334,6
graph,1,2026-10-07T09:40:32,nodeGcor1,3.11.9,unknown,13158095,687,2,2,0.5380074381828308,random,attribution,6,15,0.9960229504394265,0.01,0.3627334824143409,0.23727272727272725,0.09090909090909091,10,10,0.3333333333333333,2.1183397620916367e-05,0.5370370370370371,0.5370370370370371,0.5,6
graph,1,2026-10-07T09:40:32,nodeGcor1,3.11.9,unknown,13158095,689,3,0,0.8858851790428162,gnnexplainer,attribution,6,15,0.980285783531467,0.55,0.4179566494924458,0.5,0.5,10,10,0.7142857142857143,0.4139675819315016,0.888888888888889,0.888888888888889,0.8333333333333334,6
graph,1,2026-10-07T09:40:32,nodeGcor1,3.11.9,unknown,13158095,689,3,0,0.8858851790428162,pgexplainer,attribution,6,15,0.0,0.12,0.8684177673851035,0.7785714285714287,0.5,10,10,1.0,0.004024209920316935,0.888888888888889,0.888888888888889,0.6666666666666666,6
graph,1,2026-10-07T09:40:32,nodeGcor1,3.11.9,unknown,13158095,689,3,0,0.8858851790428162,integrated_gradients,attribution,6,15,0.980285783531467,0.96,0.5785954412826242,1.0,1.0,10,10,1.0,0.19797308975830674,0.8148148148148148,0.7962962962962964,0.8333333333333334,6
graph,1,2026-10-07T09:40:32,nodeGcor1,3.11.9,unknown,13158095,689,3,0,0.8858851790428162,lime,attribution,6,15,0.9802862019447884,0.97,0.5672748418993825,1.0,1.0,10,10,1.0,0.04480121098458767,0.9259259259259259,0.7962962962962963,0.8333333333333334,6
graph,1,2026-10-07T09:40:32,nodeGcor1,3.11.9,unknown,13158095,689,3,0,0.8858851790428162,random,attribution,6,15,0.980285783531467,0.46,0.33046564003114487,0.2206060606060606,0.0,10,10,0.2,2.0819250494241714e-05,0.6111111111111112,0.6111111111111112,0.5,6
graph,1,2026-10-07T09:40:32,nodeGcor1,3.11.9,unknown,13158095,693,2,3,0.6216061115264893,gnnexplainer,attribution,6,7,0.64456666717807,1.0,0.18388416170879363,1.0,1.0,10,10,1.0,0.41362657491117716,1.0,1.0,1.0,6
graph,1,2026-10-07T09:40:32,nodeGcor1,3.11.9,unknown,13158095,693,2,3,0.6216061115264893,pgexplainer,attribution,6,7,0.64456666717807,0.46,0.7355816065150473,0.7142857142857143,0.7142857142857143,10,10,1.0,0.003988198935985565,0.5,0.5,0.8333333333333334,6
graph,1,2026-10-07T09:40:32,nodeGcor1,3.11.9,unknown,13158095,693,2,3,0.6216061115264893,integrated_gradients,attribution,6,7,0.64456666717807,0.5,0.4594124551137606,0.7142857142857143,0.7142857142857143,10,10,1.0,0.19680356699973345,0.5,0.8333333333333334,0.8333333333333334,6
graph,1,2026-10-07T09:40:32,nodeGcor1,3.11.9,unknown,13158095,693,2,3,0.6216061115264893,lime,attribution,6,7,0.64456666717807,0.49,0.5697085265400408,0.7142857142857143,0.7142857142857143,10,10,1.0,0.04360379884019494,0.3333333333333333,0.8333333333333334,0.8333333333333334,6
graph,1,2026-10-07T09:40:32,nodeGcor1,3.11.9,unknown,13158095,693,2,3,0.6216061115264893,random,attribution,6,7,0.64456666717807,0.44,0.2025157221146271,0.7428571428571429,0.7142857142857143,10,10,1.0,2.112705260515213e-05,0.3333333333333333,0.3333333333333333,0.8333333333333334,6
graph,1,2026-10-07T09:40:32,nodeGcor1,3.11.9,unknown,13158095,694,3,0,0.9074999094009399,gnnexplainer,attribution,6,22,0.9807557313073576,0.5,0.2743737132417319,0.33333333333333337,0.3333333333333333,10,10,1.0,0.4291827268898487,0.9375,0.9375,0.8333333333333334,6
graph,1,2026-10-07T09:40:32,nodeGcor1,3.11.9,unknown,13158095,694,3,0,0.9074999094009399,pgexplainer,attribution,6,22,0.9807553266514837,0.35,0.9219005667198701,0.8857142857142858,0.7142857142857143,10,10,1.0,0.00410398980602622,0.96875,0.96875,0.8333333333333334,6
graph,1,2026-10-07T09:40:32,nodeGcor1,3.11.9,unknown,13158095,694,3,0,0.9074999094009399,integrated_gradients,attribution,6,22,0.98075532285951,0.42,0.6843032347369975,0.7142857142857143,0.7142857142857143,10,10,1.0,0.20180992223322392,0.9895833333333334,0.8333333333333335,0.8333333333333334,6
graph,1,2026-10-07T09:40:32,nodeGcor1,3.11.9,unknown,13158095,694,3,0,0.9074999094009399,lime,attribution,6,22,0.9807557350992507,1.0,0.6627568374605598,1.0,1.0,10,10,1.0,0.045447074342519045,0.9583333333333334,0.8020833333333334,0.8333333333333334,6
graph,1,2026-10-07T09:40:32,nodeGcor1,3.11.9,unknown,13158095,694,3,0,0.9074999094009399,random,attribution,6,22,0.5165892057980777,0.27,0.35259487615843454,0.18484848484848485,0.0,10,10,0.09090909090909091,2.1070707589387894e-05,0.7083333333333333,0.7083333333333333,0.3333333333333333,6
graph,1,2026-10-07T09:40:32,nodeGcor1,3.11.9,unknown,13158095,696,1,1,0.9590849876403809,gnnexplainer,attribution,6,28,0.20814499041500428,1.0,0.32396707657031676,1.0,0.7142857142857143,10,10,0.7142857142857143,0.41506345802918077,0.9696969696969697,0.9696969696969697,0.8333333333333334,6
graph,1,2026-10-07T09:40:32,nodeGcor1,3.11.9,unknown,13158095,696,1,1,0.9590849876403809,pgexplainer,attribution,6,28,0.20814499041500428,1.0,0.9423192531333677,1.0,1.0,10,10,1.0,0.00417851097881794,1.0,1.0,1.0,6
graph,1,2026-10-07T09:40:32,nodeGcor1,3.11.9,unknown,13158095,696,1,1,0.9590849876403809,integrated_gradients,attribution,6,28,0.20814499041500428,1.0,0.780844815606634,1.0,1.0,10,10,1.0,0.20233851484954357,1.0,0.5,1.0,6
graph,1,2026-10-07T09:40:32,nodeGcor1,3.11.9,unknown,13158095,696,1,1,0.9590849876403809,lime,attribution,6,28,0.9691688716310353,0.81,0.6907805207026148,0.6928571428571428,0.7142857142857143,10,10,0.7142857142857143,0.045692224986851215,0.9166666666666666,0.5,0.6666666666666666,6
graph,1,2026-10-07T09:40:32,nodeGcor1,3.11.9,unknown,13158095,696,1,1,0.9590849876403809,random,attribution,6,28,0.0815782385608051,0.54,0.2725067245273761,0.143030303030303,0.0,10,10,0.2,2.1033920347690582e-05,0.4696969696969697,0.4696969696969697,0.16666666666666666,6
graph,1,2026-10-07T09:40:32,nodeGcor1,3.11.9,unknown,13158095,697,2,2,0.6552814245223999,gnnexplainer,attribution,6,7,0.9967347110448873,0.53,0.39851585743017526,nan,nan,0,0,1.0,0.40504622692242265,1.0,1.0,1.0,6
graph,1,2026-10-07T09:40:32,nodeGcor1,3.11.9,unknown,13158095,697,2,2,0.6552814245223999,pgexplainer,attribution,6,7,0.9967347140150065,0.54,0.7025555943985535,nan,nan,0,0,1.0,0.003998277708888054,0.16666666666666666,0.16666666666666666,0.8333333333333334,6
graph,1,2026-10-07T09:40:32,nodeGcor1,3.11.9,unknown,13158095,697,2,2,0.6552814245223999,integrated_gradients,attribution,6,7,0.9967347110448873,0.56,0.2420251411979597,nan,nan,0,0,1.0,0.1972712050192058,1.0,0.6666666666666666,1.0,6
graph,1,2026-10-07T09:40:32,nodeGcor1,3.11.9,unknown,13158095,697,2,2,0.6552814245223999,lime,attribution,6,7,0.9967347110448873,0.51,0.48770916350673843,nan,nan,0,0,0.7142857142857143,0.043501769192516804,0.5,0.5,0.8333333333333334,6
graph,1,2026-10-07T09:40:32,nodeGcor1,3.11.9,unknown,13158095,697,2,2,0.6552814245223999,random,attribution,6,7,0.9967347140150065,0.46,0.40961132217242857,nan,nan,0,0,0.7142857142857143,2.101389691233635e-05,0.8333333333333334,0.8333333333333334,0.8333333333333334,6
graph,1,2026-10-07T09:40:32,nodeGcor1,3.11.9,unknown,13158095,698,2,2,0.6552814245223999,gnnexplainer,attribution,6,7,0.9967347140150065,0.58,0.3985255516342887,nan,nan,0,0,1.0,0.4202439640648663,1.0,1.0,1.0,6
graph,1,2026-10-07T09:40:32,nodeGcor1,3.11.9,unknown,13158095,698,2,2,0.6552814245223999,pgexplainer,attribution,6,7,0.9967347140150065,0.52,0.702555637214145,nan,nan,0,0,1.0,0.003974744118750095,0.16666666666666666,0.16666666666666666,0.8333333333333334,6
graph,1,2026-10-07T09:40:32,nodeGcor1,3.11.9,unknown,13158095,698,2,2,0.6552814245223999,integrated_gradients,attribution,6,7,0.9967347140150065,0.63,0.24202512455079328,nan,nan,0,0,1.0,0.1975609241053462,1.0,0.6666666666666666,1.0,6
graph,1,2026-10-07T09:40:32,nodeGcor1,3.11.9,unknown,13158095,698,2,2,0.6552814245223999,lime,attribution,6,7,0.9967345811275821,0.53,0.36068434515612247,nan,nan,0,0,0.7142857142857143,0.04338363092392683,0.5,0.3333333333333333,0.8333333333333334,6
graph,1,2026-10-07T09:40:32,nodeGcor1,3.11.9,unknown,13158095,698,2,2,0.6552814245223999,random,attribution,6,7,0.9967347140150065,0.49,0.42522384310984973,nan,nan,0,0,0.7142857142857143,2.0786188542842865e-05,0.6666666666666666,0.6666666666666666,0.8333333333333334,6
graph,1,2026-10-07T09:40:32,nodeGcor1,3.11.9,unknown,13158095,699,3,0,0.8028794527053833,gnnexplainer,attribution,6,635,0.1746088850832534,0.37,0.7243991508120732,0.24000000000000005,0.09090909090909091,10,10,0.7142857142857143,0.431636662222445,0.8177000529941707,0.8177000529941707,0.0,6
graph,1,2026-10-07T09:40:32,nodeGcor1,3.11.9,unknown,13158095,699,3,0,0.8028794527053833,pgexplainer,attribution,6,635,0.0,0.38,0.9673229666877127,0.7904761904761906,0.3333333333333333,10,10,1.0,0.004293717909604311,0.8534711181770005,0.8534711181770005,0.0,6
graph,1,2026-10-07T09:40:32,nodeGcor1,3.11.9,unknown,13158095,699,3,0,0.8028794527053833,integrated_gradients,attribution,6,635,0.9782480769233625,0.98,0.8532194359174623,0.9428571428571428,0.7142857142857143,10,10,1.0,0.20389360841363668,0.9986751457339693,0.49947005829358765,0.8333333333333334,6
graph,1,2026-10-07T09:40:32,nodeGcor1,3.11.9,unknown,13158095,699,3,0,0.8028794527053833,lime,attribution,6,635,0.9782476120223488,0.96,0.45500392040157167,0.5,0.7142857142857143,10,10,0.7142857142857143,0.5607946668751538,0.9872813990461049,0.5031796502384738,0.8333333333333334,6
graph,1,2026-10-07T09:40:32,nodeGcor1,3.11.9,unknown,13158095,699,3,0,0.8028794527053833,random,attribution,6,635,0.0,0.42,0.3286178146984784,0.0,0.0,10,10,0.0,1.6062986105680466e-05,0.5733969263381029,0.5733969263381029,0.0,6
