modality,seed,date,host,python,commit,slurm_job,instance,y_true,y_pred,p_pred,method,kind,k,d,fid_del,fid_suf,sparsity,stability,robustness,n_valid_stab,n_valid_rob,consistency,time_s,auc_gt,auc_gt_signed,precision_gt,n_gt_edges
graph,0,2026-10-07T09:40:32,nodeGcor1,3.11.9,unknown,13158094,300,1,1,0.6222254633903503,gnnexplainer,attribution,6,14,0.0,1.0,0.19540352064093325,0.7142857142857143,0.7142857142857143,10,10,0.7142857142857143,0.4263641769066453,0.9166666666666666,0.9166666666666666,0.8333333333333334,6
graph,0,2026-10-07T09:40:32,nodeGcor1,3.11.9,unknown,13158094,300,1,1,0.6222254633903503,pgexplainer,attribution,6,14,0.0,1.0,0.5723750906172844,1.0,1.0,10,10,1.0,0.008420934900641441,1.0,1.0,1.0,6
graph,0,2026-10-07T09:40:32,nodeGcor1,3.11.9,unknown,13158094,300,1,1,0.6222254633903503,integrated_gradients,attribution,6,14,0.0,0.82,0.6795282874544493,0.7142857142857143,0.7142857142857143,10,10,1.0,0.2214674586430192,0.875,0.41666666666666663,0.8333333333333334,6
graph,0,2026-10-07T09:40:32,nodeGcor1,3.11.9,unknown,13158094,300,1,1,0.6222254633903503,lime,attribution,6,14,0.9181895748963809,0.62,0.49952486192841494,0.6714285714285715,0.5,10,10,0.5,0.046700569335371256,0.75,0.625,0.6666666666666666,6
graph,0,2026-10-07T09:40:32,nodeGcor1,3.11.9,unknown,13158094,300,1,1,0.6222254633903503,random,attribution,6,14,0.0,0.29,0.33383668833339797,0.2753679653679654,0.2,10,10,0.2,1.1543743312358856e-05,0.22916666666666666,0.22916666666666666,0.16666666666666666,6
graph,0,2026-10-07T09:40:32,nodeGcor1,3.11.9,unknown,13158094,302,2,0,0.7367558479309082,gnnexplainer,attribution,6,14,0.998353015490308,0.03,0.18581150971819893,0.7142857142857143,0.7142857142857143,10,10,0.7142857142857143,0.4081838089041412,0.875,0.875,0.8333333333333334,6
graph,0,2026-10-07T09:40:32,nodeGcor1,3.11.9,unknown,13158094,302,2,0,0.7367558479309082,pgexplainer,attribution,6,14,0.9983529593128206,0.02,0.6746064062648056,1.0,1.0,10,10,1.0,0.004225154872983694,1.0,1.0,1.0,6
graph,0,2026-10-07T09:40:32,nodeGcor1,3.11.9,unknown,13158094,302,2,0,0.7367558479309082,integrated_gradients,attribution,6,14,0.9983530150905777,0.51,0.6763858839958325,1.0,1.0,10,10,1.0,0.19697192311286926,0.7291666666666667,0.5833333333333333,0.8333333333333334,6
graph,0,2026-10-07T09:40:32,nodeGcor1,3.11.9,unknown,13158094,302,2,0,0.7367558479309082,lime,attribution,6,14,0.9642782063441121,0.59,0.448972729540265,0.6500000000000001,0.5,10,10,0.3333333333333333,0.044761475175619125,0.625,0.5,0.6666666666666666,6
graph,0,2026-10-07T09:40:32,nodeGcor1,3.11.9,unknown,13158094,302,2,0,0.7367558479309082,random,attribution,6,14,0.9979182938704081,0.86,0.2844215415720358,0.2672727272727273,0.09090909090909091,10,10,0.2,2.32071615755558e-05,0.41666666666666663,0.41666666666666663,0.3333333333333333,6
graph,0,2026-10-07T09:40:32,nodeGcor1,3.11.9,unknown,13158094,305,1,1,0.8855273127555847,gnnexplainer,attribution,6,12,0.0,0.91,0.18113650246329183,0.7142857142857143,0.7142857142857143,10,10,0.7142857142857143,0.41977703012526035,0.8333333333333334,0.8333333333333334,0.8333333333333334,6
graph,0,2026-10-07T09:40:32,nodeGcor1,3.11.9,unknown,13158094,305,1,1,0.8855273127555847,pgexplainer,attribution,6,12,0.0,1.0,0.4554488035700669,1.0,1.0,10,10,1.0,0.004134912043809891,1.0,1.0,1.0,6
graph,0,2026-10-07T09:40:32,nodeGcor1,3.11.9,unknown,13158094,305,1,1,0.8855273127555847,integrated_gradients,attribution,6,12,0.0,1.0,0.591402601911805,0.9714285714285713,0.7142857142857143,10,10,1.0,0.19701317185536027,0.888888888888889,0.4444444444444444,0.8333333333333334,6
graph,0,2026-10-07T09:40:32,nodeGcor1,3.11.9,unknown,13158094,305,1,1,0.8855273127555847,lime,attribution,6,12,0.0,1.0,0.4159119536429037,0.9142857142857143,0.7142857142857143,10,10,1.0,0.04466380598023534,0.9166666666666667,0.41666666666666663,0.8333333333333334,6
graph,0,2026-10-07T09:40:32,nodeGcor1,3.11.9,unknown,13158094,305,1,1,0.8855273127555847,random,attribution,6,12,0.9952406522821649,0.71,0.3480710209076633,0.3814285714285715,0.09090909090909091,10,10,0.5,9.381677955389023e-06,0.6111111111111112,0.6111111111111112,0.5,6
graph,0,2026-10-07T09:40:32,nodeGcor1,3.11.9,unknown,13158094,306,1,0,0.6304133534431458,gnnexplainer,attribution,6,180,0.020172498136921034,0.56,0.6191631128623258,0.5,0.5,10,10,0.7142857142857143,0.4302171589806676,0.9798850574712643,0.9798850574712643,0.5,6
graph,0,2026-10-07T09:40:32,nodeGcor1,3.11.9,unknown,13158094,306,1,0,0.6304133534431458,pgexplainer,attribution,6,180,0.0,0.09,0.9615295454107137,1.0,1.0,10,10,1.0,0.004309734795242548,1.0,1.0,1.0,6
graph,0,2026-10-07T09:40:32,nodeGcor1,3.11.9,unknown,13158094,306,1,0,0.6304133534431458,integrated_gradients,attribution,6,180,0.9582523643280464,0.88,0.7434382872487735,1.0,0.7142857142857143,10,10,1.0,0.2023954251781106,0.9128352490421456,0.6331417624521072,0.5,6
graph,0,2026-10-07T09:40:32,nodeGcor1,3.11.9,unknown,13158094,306,1,0,0.6304133534431458,lime,attribution,6,180,0.10739636203694616,0.81,0.5509547745677439,0.5523809523809524,0.3333333333333333,10,10,0.5,0.07397421402856708,0.7203065134099617,0.38984674329501917,0.3333333333333333,6
graph,0,2026-10-07T09:40:32,nodeGcor1,3.11.9,unknown,13158094,306,1,0,0.6304133534431458,random,attribution,6,180,0.031663643949867336,0.29,0.3440122797457529,0.02727272727272727,0.0,10,10,0.0,9.460840374231339e-06,0.5737547892720307,0.5737547892720307,0.0,6
graph,0,2026-10-07T09:40:32,nodeGcor1,3.11.9,unknown,13158094,308,2,3,0.6810904145240784,gnnexplainer,attribution,6,7,0.9053061910667402,1.0,0.15509166356558002,1.0,1.0,10,10,1.0,0.4367996300570667,1.0,1.0,1.0,6
graph,0,2026-10-07T09:40:32,nodeGcor1,3.11.9,unknown,13158094,308,2,3,0.6810904145240784,pgexplainer,attribution,6,7,0.9053061744927561,1.0,0.0,1.0,1.0,10,10,1.0,0.004234859719872475,0.5,0.5,1.0,6
graph,0,2026-10-07T09:40:32,nodeGcor1,3.11.9,unknown,13158094,308,2,3,0.6810904145240784,integrated_gradients,attribution,6,7,0.9053061744927561,1.0,0.36764488870147105,0.7142857142857143,0.7142857142857143,10,10,1.0,0.1994898682460189,0.6666666666666666,0.8333333333333334,0.8333333333333334,6
graph,0,2026-10-07T09:40:32,nodeGcor1,3.11.9,unknown,13158094,308,2,3,0.6810904145240784,lime,attribution,6,7,0.9053061910667402,1.0,0.3664406083547578,1.0,1.0,10,10,1.0,0.04366854624822736,1.0,0.6666666666666666,1.0,6
graph,0,2026-10-07T09:40:32,nodeGcor1,3.11.9,unknown,13158094,308,2,3,0.6810904145240784,random,attribution,6,7,0.9053061910667402,0.51,0.3132241951343159,0.7714285714285715,0.7142857142857143,10,10,0.7142857142857143,2.24970281124115e-05,0.16666666666666666,0.16666666666666666,0.8333333333333334,6
graph,0,2026-10-07T09:40:32,nodeGcor1,3.11.9,unknown,13158094,310,1,0,0.6441716551780701,gnnexplainer,attribution,6,551,0.7356599519514763,0.52,0.7342457396898252,0.8,0.5,10,10,0.7142857142857143,0.43907782388851047,0.989908256880734,0.989908256880734,0.5,6
graph,0,2026-10-07T09:40:32,nodeGcor1,3.11.9,unknown,13158094,310,1,0,0.6441716551780701,pgexplainer,attribution,6,551,0.0,0.15,0.9881389915478275,1.0,1.0,10,10,1.0,0.004394283052533865,1.0,1.0,1.0,6
graph,0,2026-10-07T09:40:32,nodeGcor1,3.11.9,unknown,13158094,310,1,0,0.6441716551780701,integrated_gradients,attribution,6,551,0.9981163005522853,0.9,0.8002081167734163,1.0,0.7142857142857143,10,10,1.0,0.20547306584194303,0.9960244648318043,0.4981651376146789,0.6666666666666666,6
graph,0,2026-10-07T09:40:32,nodeGcor1,3.11.9,unknown,13158094,310,1,0,0.6441716551780701,lime,attribution,6,551,0.9999320229229932,1.0,0.4765617284081556,0.5857142857142857,0.5,10,10,0.5,0.21654475200921297,0.8003058103975536,0.45932721712538227,0.16666666666666666,6
graph,0,2026-10-07T09:40:32,nodeGcor1,3.11.9,unknown,13158094,310,1,0,0.6441716551780701,random,attribution,6,551,0.0,0.35,0.33644371812026375,0.0,0.0,10,10,0.0,1.2943055480718613e-05,0.3113149847094801,0.3113149847094801,0.0,6
graph,0,2026-10-07T09:40:32,nodeGcor1,3.11.9,unknown,13158094,312,2,3,0.6810904145240784,gnnexplainer,attribution,6,7,0.9053061910667402,1.0,0.1229549088491777,1.0,1.0,10,10,1.0,0.43857906805351377,1.0,1.0,1.0,6
graph,0,2026-10-07T09:40:32,nodeGcor1,3.11.9,unknown,13158094,312,2,3,0.6810904145240784,pgexplainer,attribution,6,7,0.9053061910667402,1.0,0.0,1.0,1.0,10,10,1.0,0.0041596670635044575,0.5,0.5,1.0,6
graph,0,2026-10-07T09:40:32,nodeGcor1,3.11.9,unknown,13158094,312,2,3,0.6810904145240784,integrated_gradients,attribution,6,7,0.9053061910667402,1.0,0.3676449075389364,0.7142857142857143,0.7142857142857143,10,10,1.0,0.19872711459174752,0.6666666666666666,0.8333333333333334,0.8333333333333334,6
graph,0,2026-10-07T09:40:32,nodeGcor1,3.11.9,unknown,13158094,312,2,3,0.6810904145240784,lime,attribution,6,7,0.9053061910667402,1.0,0.302798029394887,0.7142857142857143,0.7142857142857143,10,10,0.7142857142857143,0.043861459009349346,0.6666666666666666,0.8333333333333334,0.8333333333333334,6
graph,0,2026-10-07T09:40:32,nodeGcor1,3.11.9,unknown,13158094,312,2,3,0.6810904145240784,random,attribution,6,7,0.9053053815664801,0.52,0.2973700511044337,0.7428571428571429,0.7142857142857143,10,10,0.7142857142857143,2.26655974984169e-05,0.0,0.0,0.8333333333333334,6
graph,0,2026-10-07T09:40:32,nodeGcor1,3.11.9,unknown,13158094,313,2,0,0.6857815980911255,gnnexplainer,attribution,6,21,0.9982305917489831,0.2,0.3057885083369922,1.0,1.0,10,10,1.0,0.4361290279775858,0.9666666666666667,0.9666666666666667,0.8333333333333334,6
graph,0,2026-10-07T09:40:32,nodeGcor1,3.11.9,unknown,13158094,313,2,0,0.6857815980911255,pgexplainer,attribution,6,21,0.9982305319789587,0.28,0.8528381523624616,1.0,1.0,10,10,1.0,0.005787266883999109,1.0,1.0,1.0,6
graph,0,2026-10-07T09:40:32,nodeGcor1,3.11.9,unknown,13158094,313,2,0,0.6857815980911255,integrated_gradients,attribution,6,21,0.9982305319789587,0.38,0.7437928643685506,1.0,1.0,10,10,1.0,0.20400299597531557,0.9444444444444444,0.3222222222222222,0.8333333333333334,6
graph,0,2026-10-07T09:40:32,nodeGcor1,3.11.9,unknown,13158094,313,2,0,0.6857815980911255,lime,attribution,6,21,0.9982305318251654,0.84,0.5800051881838539,0.4333333333333334,0.3333333333333333,10,10,0.3333333333333333,0.04559390665963292,0.7222222222222222,0.5222222222222223,0.5,6
graph,0,2026-10-07T09:40:32,nodeGcor1,3.11.9,unknown,13158094,313,2,0,0.6857815980911255,random,attribution,6,21,0.9989361244234711,0.5,0.37171149137052484,0.21303030303030304,0.0,10,10,0.2,2.2874679416418076e-05,0.47777777777777775,0.47777777777777775,0.16666666666666666,6
graph,0,2026-10-07T09:40:32,nodeGcor1,3.11.9,unknown,13158094,317,2,3,0.4999611973762512,gnnexplainer,attribution,6,15,0.8709985939418853,0.5,0.35391808314729567,0.9428571428571428,0.7142857142857143,10,10,1.0,0.4223680840805173,0.9074074074074074,0.9074074074074074,0.8333333333333334,6
graph,0,2026-10-07T09:40:32,nodeGcor1,3.11.9,unknown,13158094,317,2,3,0.4999611973762512,pgexplainer,attribution,6,15,0.9865893912041969,0.38,0.28568508696975026,0.5785714285714285,0.3333333333333333,10,10,1.0,0.00409712502732873,0.8333333333333334,0.8333333333333334,0.6666666666666666,6
graph,0,2026-10-07T09:40:32,nodeGcor1,3.11.9,unknown,13158094,317,2,3,0.4999611973762512,integrated_gradients,attribution,6,15,0.8709995909625982,0.99,0.6186553932237089,1.0,1.0,10,10,1.0,0.199572894256562,1.0,0.5,1.0,6
graph,0,2026-10-07T09:40:32,nodeGcor1,3.11.9,unknown,13158094,317,2,3,0.4999611973762512,lime,attribution,6,15,0.870999637100144,0.6,0.5500676196790631,0.4333333333333333,0.3333333333333333,10,10,0.5,0.04494794784113765,0.6666666666666667,0.6111111111111112,0.5,6
graph,0,2026-10-07T09:40:32,nodeGcor1,3.11.9,unknown,13158094,317,2,3,0.4999611973762512,random,attribution,6,15,0.0,0.41,0.2758737490349805,0.3533333333333334,0.09090909090909091,10,10,0.09090909090909091,2.2117979824543e-05,0.4814814814814815,0.4814814814814815,0.5,6
graph,0,2026-10-07T09:40:32,nodeGcor1,3.11.9,unknown,13158094,318,2,3,0.6810905337333679,gnnexplainer,attribution,6,7,0.9053061910667402,1.0,0.15509166784647,1.0,1.0,10,10,1.0,0.4217275991104543,1.0,1.0,1.0,6
graph,0,2026-10-07T09:40:32,nodeGcor1,3.11.9,unknown,13158094,318,2,3,0.6810905337333679,pgexplainer,attribution,6,7,0.9053061910667402,1.0,0.0,1.0,1.0,10,10,1.0,0.004043180029839277,0.5,0.5,1.0,6
graph,0,2026-10-07T09:40:32,nodeGcor1,3.11.9,unknown,13158094,318,2,3,0.6810905337333679,integrated_gradients,attribution,6,7,0.9053061744927561,1.0,0.36764486579076217,0.7142857142857143,0.7142857142857143,10,10,1.0,0.1983420248143375,0.6666666666666666,0.8333333333333334,0.8333333333333334,6
graph,0,2026-10-07T09:40:32,nodeGcor1,3.11.9,unknown,13158094,318,2,3,0.6810905337333679,lime,attribution,6,7,0.9053061744927561,1.0,0.36644061923442073,1.0,1.0,10,10,1.0,0.04356301389634609,1.0,0.6666666666666666,1.0,6
graph,0,2026-10-07T09:40:32,nodeGcor1,3.11.9,unknown,13158094,318,2,3,0.6810905337333679,random,attribution,6,7,0.9053061744927561,1.0,0.3254738413967413,0.8285714285714286,0.7142857142857143,10,10,0.7142857142857143,2.3236963897943497e-05,1.0,1.0,1.0,6
graph,0,2026-10-07T09:40:32,nodeGcor1,3.11.9,unknown,13158094,319,3,3,0.7310816049575806,gnnexplainer,attribution,6,15,0.9117799740833962,0.68,0.3563740295295743,0.9428571428571428,0.7142857142857143,10,10,0.7142857142857143,0.4249934619292617,0.9259259259259259,0.9259259259259259,0.8333333333333334,6
graph,0,2026-10-07T09:40:32,nodeGcor1,3.11.9,unknown,13158094,319,3,3,0.7310816049575806,pgexplainer,attribution,6,15,0.9117807018516493,0.6,0.23123350009358268,0.49952380952380954,0.2,10,10,1.0,0.0039907959289848804,0.8333333333333334,0.8333333333333334,0.6666666666666666,6
graph,0,2026-10-07T09:40:32,nodeGcor1,3.11.9,unknown,13158094,319,3,3,0.7310816049575806,integrated_gradients,attribution,6,15,0.9117807018516493,0.81,0.698170904895413,0.7142857142857143,0.5,10,10,1.0,0.19892113795503974,0.7592592592592593,0.6296296296296297,0.6666666666666666,6
graph,0,2026-10-07T09:40:32,nodeGcor1,3.11.9,unknown,13158094,319,3,3,0.7310816049575806,lime,attribution,6,15,0.9117806946591728,0.87,0.555560215376862,0.65,0.5,10,10,0.5,0.04470488103106618,1.0,1.0,1.0,6
graph,0,2026-10-07T09:40:32,nodeGcor1,3.11.9,unknown,13158094,319,3,3,0.7310816049575806,random,attribution,6,15,0.9117799668908593,0.83,0.37501840189398017,0.31294372294372297,0.0,10,10,0.2,2.2137071937322617e-05,0.8703703703703705,0.8703703703703705,0.8333333333333334,6
graph,0,2026-10-07T09:40:32,nodeGcor1,3.11.9,unknown,13158094,325,1,1,0.7107784152030945,gnnexplainer,attribution,6,873,0.8708587556545604,0.36,0.7153685840803728,0.4333333333333333,0.09090909090909091,10,10,0.5,0.4217628622427583,0.9955786236063053,0.9955786236063053,0.5,6
graph,0,2026-10-07T09:40:32,nodeGcor1,3.11.9,unknown,13158094,325,1,1,0.7107784152030945,pgexplainer,attribution,6,873,0.9999999932639186,0.91,0.9925105035041784,1.0,1.0,10,10,1.0,0.00430948194116354,1.0,1.0,1.0,6
graph,0,2026-10-07T09:40:32,nodeGcor1,3.11.9,unknown,13158094,325,1,1,0.7107784152030945,integrated_gradients,attribution,6,873,0.0,0.82,0.8532336152167612,1.0,1.0,10,10,1.0,0.20576319191604853,0.9988465974625145,0.5005767012687429,0.8333333333333334,6
graph,0,2026-10-07T09:40:32,nodeGcor1,3.11.9,unknown,13158094,325,1,1,0.7107784152030945,lime,attribution,6,873,0.0,0.78,0.43372148387163956,0.5,0.2,10,10,0.5,0.24012619210407138,0.9775086505190311,0.5101883890811226,0.5,6
graph,0,2026-10-07T09:40:32,nodeGcor1,3.11.9,unknown,13158094,325,1,1,0.7107784152030945,random,attribution,6,873,0.011590872879437145,0.37,0.3489129041580574,0.0,0.0,10,10,0.0,1.693330705165863e-05,0.6028450595924644,0.6028450595924644,0.0,6
graph,0,2026-10-07T09:40:32,nodeGcor1,3.11.9,unknown,13158094,326,1,1,0.8666592240333557,gnnexplainer,attribution,6,56,0.0,0.68,0.4833612499591653,0.7142857142857143,0.7142857142857143,10,10,1.0,0.43843399873003364,0.9866666666666667,0.9866666666666667,0.8333333333333334,6
graph,0,2026-10-07T09:40:32,nodeGcor1,3.11.9,unknown,13158094,326,1,1,0.8666592240333557,pgexplainer,attribution,6,56,0.0,1.0,0.9052398491762721,1.0,1.0,10,10,1.0,0.004316629841923714,1.0,1.0,1.0,6
graph,0,2026-10-07T09:40:32,nodeGcor1,3.11.9,unknown,13158094,326,1,1,0.8666592240333557,integrated_gradients,attribution,6,56,0.0,0.5,0.8821345511894848,0.9714285714285715,1.0,10,10,1.0,0.20405774470418692,0.9866666666666667,0.51,0.8333333333333334,6
graph,0,2026-10-07T09:40:32,nodeGcor1,3.11.9,unknown,13158094,326,1,1,0.8666592240333557,lime,attribution,6,56,0.0,0.99,0.6283509975693115,1.0,0.7142857142857143,10,10,1.0,0.04857171606272459,0.98,0.3466666666666667,0.8333333333333334,6
graph,0,2026-10-07T09:40:32,nodeGcor1,3.11.9,unknown,13158094,326,1,1,0.8666592240333557,random,attribution,6,56,0.48801719956875217,0.54,0.31549113662194483,0.08363636363636365,0.0,10,10,0.0,2.2240914404392242e-05,0.4033333333333333,0.4033333333333333,0.16666666666666666,6
graph,0,2026-10-07T09:40:32,nodeGcor1,3.11.9,unknown,13158094,328,2,0,0.4803949296474457,gnnexplainer,attribution,6,56,0.9974741060350509,0.92,0.47686088178415065,0.7142857142857143,1.0,10,10,1.0,0.4215223682112992,0.9866666666666667,0.9866666666666667,0.8333333333333334,6
graph,0,2026-10-07T09:40:32,nodeGcor1,3.11.9,unknown,13158094,328,2,0,0.4803949296474457,pgexplainer,attribution,6,56,0.9974740204916444,0.36,0.9363188602241123,1.0,1.0,10,10,1.0,0.004372959956526756,1.0,1.0,1.0,6
graph,0,2026-10-07T09:40:32,nodeGcor1,3.11.9,unknown,13158094,328,2,0,0.4803949296474457,integrated_gradients,attribution,6,56,0.9974740204916444,0.77,0.8114613116359717,1.0,1.0,10,10,1.0,0.20447603007778525,0.9766666666666667,0.33666666666666667,0.8333333333333334,6
graph,0,2026-10-07T09:40:32,nodeGcor1,3.11.9,unknown,13158094,328,2,0,0.4803949296474457,lime,attribution,6,56,0.997474019864826,0.9,0.6602305813806117,0.33333333333333337,0.3333333333333333,10,10,0.2,0.048754412680864334,0.67,0.4866666666666667,0.3333333333333333,6
graph,0,2026-10-07T09:40:32,nodeGcor1,3.11.9,unknown,13158094,328,2,0,0.4803949296474457,random,attribution,6,56,0.0,0.24,0.3578857492819747,0.038181818181818185,0.0,10,10,0.0,2.5101937353610992e-05,0.42666666666666664,0.42666666666666664,0.16666666666666666,6
graph,0,2026-10-07T09:40:32,nodeGcor1,3.11.9,unknown,13158094,331,1,1,0.6331517696380615,gnnexplainer,attribution,6,25,0.0,0.4,0.2790155869278458,0.7142857142857143,0.7142857142857143,10,10,0.7142857142857143,0.4313441747799516,0.9561403508771931,0.9561403508771931,0.8333333333333334,6
graph,0,2026-10-07T09:40:32,nodeGcor1,3.11.9,unknown,13158094,331,1,1,0.6331517696380615,pgexplainer,attribution,6,25,0.0,1.0,0.7952765142060296,1.0,1.0,10,10,1.0,0.0042800880037248135,1.0,1.0,1.0,6
graph,0,2026-10-07T09:40:32,nodeGcor1,3.11.9,unknown,13158094,331,1,1,0.6331517696380615,integrated_gradients,attribution,6,25,0.0,0.99,0.7607929988946176,0.9714285714285713,1.0,10,10,1.0,0.20339950500056148,0.9473684210526316,0.368421052631579,0.8333333333333334,6
graph,0,2026-10-07T09:40:32,nodeGcor1,3.11.9,unknown,13158094,331,1,1,0.6331517696380615,lime,attribution,6,25,0.0,1.0,0.5805906391456053,0.9428571428571428,1.0,10,10,1.0,0.04559823591262102,0.9473684210526316,0.368421052631579,0.8333333333333334,6
graph,0,2026-10-07T09:40:32,nodeGcor1,3.11.9,unknown,13158094,331,1,1,0.6331517696380615,random,attribution,6,25,0.9956995255562288,0.71,0.40092593166061785,0.17393939393939392,0.0,10,10,0.0,2.187490463256836e-05,0.4736842105263158,0.4736842105263158,0.16666666666666666,6
graph,0,2026-10-07T09:40:32,nodeGcor1,3.11.9,unknown,13158094,332,2,3,0.6810904145240784,gnnexplainer,attribution,6,7,0.9053061910667402,1.0,0.1229549088491777,1.0,1.0,10,10,1.0,0.4214673973619938,1.0,1.0,1.0,6
graph,0,2026-10-07T09:40:32,nodeGcor1,3.11.9,unknown,13158094,332,2,3,0.6810904145240784,pgexplainer,attribution,6,7,0.9053061910667402,1.0,0.0,1.0,1.0,10,10,1.0,0.004089457914233208,0.5,0.5,1.0,6
graph,0,2026-10-07T09:40:32,nodeGcor1,3.11.9,unknown,13158094,332,2,3,0.6810904145240784,integrated_gradients,attribution,6,7,0.9053061744927561,1.0,0.3676448687425655,0.7142857142857143,0.7142857142857143,10,10,1.0,0.19822129234671593,0.6666666666666666,0.8333333333333334,0.8333333333333334,6
graph,0,2026-10-07T09:40:32,nodeGcor1,3.11.9,unknown,13158094,332,2,3,0.6810904145240784,lime,attribution,6,7,0.9053061910667402,1.0,0.3027980211748782,0.7142857142857143,0.7142857142857143,10,10,0.7142857142857143,0.04390309192240238,0.6666666666666666,0.8333333333333334,0.8333333333333334,6
graph,0,2026-10-07T09:40:32,nodeGcor1,3.11.9,unknown,13158094,332,2,3,0.6810904145240784,random,attribution,6,7,0.9053053649923544,0.5,0.41821108691482123,0.7714285714285716,0.7142857142857143,10,10,0.7142857142857143,2.8007198125123978e-05,0.16666666666666666,0.16666666666666666,0.8333333333333334,6
graph,0,2026-10-07T09:40:32,nodeGcor1,3.11.9,unknown,13158094,333,2,0,0.8574587106704712,gnnexplainer,attribution,6,25,0.9985848572978181,0.92,0.2705039422505522,1.0,1.0,10,10,1.0,0.43373333057388663,0.9561403508771931,0.9561403508771931,0.8333333333333334,6
graph,0,2026-10-07T09:40:32,nodeGcor1,3.11.9,unknown,13158094,333,2,0,0.8574587106704712,pgexplainer,attribution,6,25,0.9985848093717653,0.3,0.9005424278195482,1.0,1.0,10,10,1.0,0.004292012192308903,1.0,1.0,1.0,6
graph,0,2026-10-07T09:40:32,nodeGcor1,3.11.9,unknown,13158094,333,2,0,0.8574587106704712,integrated_gradients,attribution,6,25,0.9985848093717653,0.81,0.7685841978131431,1.0,1.0,10,10,1.0,0.20339635387063026,0.9561403508771931,0.32456140350877194,0.8333333333333334,6
graph,0,2026-10-07T09:40:32,nodeGcor1,3.11.9,unknown,13158094,333,2,0,0.8574587106704712,lime,attribution,6,25,0.9721290079890069,0.99,0.6906827637181852,0.33333333333333337,0.3333333333333333,10,10,0.2,0.04593885177746415,0.631578947368421,0.4912280701754386,0.3333333333333333,6
graph,0,2026-10-07T09:40:32,nodeGcor1,3.11.9,unknown,13158094,333,2,0,0.8574587106704712,random,attribution,6,25,0.9757365138943911,0.46,0.31485750389972844,0.11454545454545455,0.09090909090909091,10,10,0.3333333333333333,2.3526139557361603e-05,0.5,0.5,0.16666666666666666,6
graph,0,2026-10-07T09:40:32,nodeGcor1,3.11.9,unknown,13158094,336,1,1,0.9923077821731567,gnnexplainer,attribution,6,7,0.08451053035163882,1.0,0.11178112964989195,1.0,1.0,10,10,1.0,0.4102498278953135,1.0,1.0,1.0,6
graph,0,2026-10-07T09:40:32,nodeGcor1,3.11.9,unknown,13158094,336,1,1,0.9923077821731567,pgexplainer,attribution,6,7,0.08451053035163882,1.0,0.0,1.0,1.0,10,10,1.0,0.004063778091222048,0.5,0.5,1.0,6
graph,0,2026-10-07T09:40:32,nodeGcor1,3.11.9,unknown,13158094,336,1,1,0.9923077821731567,integrated_gradients,attribution,6,7,0.08451053035163882,1.0,0.2758459108867999,1.0,1.0,10,10,1.0,0.1968219969421625,1.0,0.5,1.0,6
graph,0,2026-10-07T09:40:32,nodeGcor1,3.11.9,unknown,13158094,336,1,1,0.9923077821731567,lime,attribution,6,7,0.08451053035163882,1.0,0.32716813022769964,1.0,1.0,10,10,1.0,0.04340193932875991,1.0,0.5,1.0,6
graph,0,2026-10-07T09:40:32,nodeGcor1,3.11.9,unknown,13158094,336,1,1,0.9923077821731567,random,attribution,6,7,0.08451191188552827,0.47,0.2225161485106204,0.7714285714285716,0.7142857142857143,10,10,0.7142857142857143,2.1575018763542175e-05,0.0,0.0,0.8333333333333334,6
graph,0,2026-10-07T09:40:32,nodeGcor1,3.11.9,unknown,13158094,337,2,3,0.530448317527771,gnnexplainer,attribution,6,12,0.8784122254291677,1.0,0.1932516571050038,0.9428571428571428,0.7142857142857143,10,10,0.7142857142857143,0.42110386677086353,0.8333333333333334,0.8333333333333334,0.8333333333333334,6
graph,0,2026-10-07T09:40:32,nodeGcor1,3.11.9,unknown,13158094,337,2,3,0.530448317527771,pgexplainer,attribution,6,12,0.8784132086377628,1.0,0.5820373101727556,1.0,1.0,10,10,1.0,0.004051547031849623,1.0,1.0,1.0,6
graph,0,2026-10-07T09:40:32,nodeGcor1,3.11.9,unknown,13158094,337,2,3,0.530448317527771,integrated_gradients,attribution,6,12,0.8784133315983933,0.92,0.5684507222105581,0.7142857142857143,0.7142857142857143,10,10,1.0,0.19716198788955808,0.9166666666666667,0.5555555555555556,0.8333333333333334,6
graph,0,2026-10-07T09:40:32,nodeGcor1,3.11.9,unknown,13158094,337,2,3,0.530448317527771,lime,attribution,6,12,0.8784132086377628,0.56,0.3874305420315277,0.6928571428571428,0.5,10,10,0.7142857142857143,0.04447473585605621,0.7222222222222223,0.7777777777777779,0.6666666666666666,6
graph,0,2026-10-07T09:40:32,nodeGcor1,3.11.9,unknown,13158094,337,2,3,0.530448317527771,random,attribution,6,12,0.5331153082319617,0.21,0.25169978371364476,0.37,0.2,10,10,0.7142857142857143,2.1597836166620255e-05,0.19444444444444442,0.19444444444444442,0.16666666666666666,6
graph,0,2026-10-07T09:40:32,nodeGcor1,3.11.9,unknown,13158094,338,2,0,0.9821265339851379,gnnexplainer,attribution,6,125,0.9942777247689875,0.46,0.6244751172072991,0.5,0.5,10,10,0.5,0.4303735448047519,0.96218487394958,0.96218487394958,0.3333333333333333,6
graph,0,2026-10-07T09:40:32,nodeGcor1,3.11.9,unknown,13158094,338,2,0,0.9821265339851379,pgexplainer,attribution,6,125,0.0,0.19,0.9583988358160129,1.0,1.0,10,10,1.0,0.004243840929120779,1.0,1.0,1.0,6
graph,0,2026-10-07T09:40:32,nodeGcor1,3.11.9,unknown,13158094,338,2,0,0.9821265339851379,integrated_gradients,attribution,6,125,0.998438378312638,0.83,0.6191831613974677,1.0,0.5,10,10,1.0,0.20406173216179013,0.8319327731092437,0.45238095238095233,0.3333333333333333,6
graph,0,2026-10-07T09:40:32,nodeGcor1,3.11.9,unknown,13158094,338,2,0,0.9821265339851379,lime,attribution,6,125,0.9554351379053587,0.93,0.5700443888029176,0.8571428571428571,0.5,10,10,0.7142857142857143,0.05420109024271369,0.7731092436974789,0.5938375350140056,0.16666666666666666,6
graph,0,2026-10-07T09:40:32,nodeGcor1,3.11.9,unknown,13158094,338,2,0,0.9821265339851379,random,attribution,6,125,0.0684036612928451,0.29,0.339969022754538,0.03636363636363636,0.0,10,10,0.0,2.1832995116710663e-05,0.6512605042016807,0.6512605042016807,0.16666666666666666,6
graph,0,2026-10-07T09:40:32,nodeGcor1,3.11.9,unknown,13158094,339,3,3,0.8870674967765808,gnnexplainer,attribution,6,7,0.927294081789761,1.0,0.16798085902106408,1.0,1.0,10,10,1.0,0.410229557659477,1.0,1.0,1.0,6
graph,0,2026-10-07T09:40:32,nodeGcor1,3.11.9,unknown,13158094,339,3,3,0.8870674967765808,pgexplainer,attribution,6,7,0.927294081789761,1.0,0.0,1.0,1.0,10,10,1.0,0.003967138007283211,0.5,0.5,1.0,6
graph,0,2026-10-07T09:40:32,nodeGcor1,3.11.9,unknown,13158094,339,3,3,0.8870674967765808,integrated_gradients,attribution,6,7,0.927294081789761,1.0,0.26556502477799493,0.7142857142857143,0.7142857142857143,10,10,1.0,0.1954506877809763,0.8333333333333334,0.8333333333333334,0.8333333333333334,6
graph,0,2026-10-07T09:40:32,nodeGcor1,3.11.9,unknown,13158094,339,3,3,0.8870674967765808,lime,attribution,6,7,0.927294081789761,0.53,0.5786436861263722,0.7142857142857143,0.7142857142857143,10,10,0.7142857142857143,0.04319177521392703,0.5,0.5,0.8333333333333334,6
graph,0,2026-10-07T09:40:32,nodeGcor1,3.11.9,unknown,13158094,339,3,3,0.8870674967765808,random,attribution,6,7,0.927294081789761,0.49,0.33090973327036954,0.7142857142857143,0.7142857142857143,10,10,0.7142857142857143,2.1222978830337524e-05,0.16666666666666666,0.16666666666666666,0.8333333333333334,6
graph,0,2026-10-07T09:40:32,nodeGcor1,3.11.9,unknown,13158094,341,1,0,0.6632884740829468,gnnexplainer,attribution,6,552,0.06467583497759234,0.46,0.7320494406670242,0.5214285714285715,0.5,10,10,0.7142857142857143,0.42848688131198287,0.9957264957264957,0.9957264957264957,0.6666666666666666,6
graph,0,2026-10-07T09:40:32,nodeGcor1,3.11.9,unknown,13158094,341,1,0,0.6632884740829468,pgexplainer,attribution,6,552,0.0,0.17,0.988107142011001,1.0,1.0,10,10,1.0,0.004203771706670523,1.0,1.0,1.0,6
graph,0,2026-10-07T09:40:32,nodeGcor1,3.11.9,unknown,13158094,341,1,0,0.6632884740829468,integrated_gradients,attribution,6,552,0.9981705868716804,0.81,0.8099390670664499,1.0,1.0,10,10,1.0,0.2013628869317472,0.9966422466422467,0.4984737484737485,0.6666666666666666,6
graph,0,2026-10-07T09:40:32,nodeGcor1,3.11.9,unknown,13158094,341,1,0,0.6632884740829468,lime,attribution,6,552,0.1516352050639304,0.97,0.48362721596965375,0.7571428571428572,0.7142857142857143,10,10,1.0,0.21255626622587442,0.8034188034188035,0.4877899877899877,0.3333333333333333,6
graph,0,2026-10-07T09:40:32,nodeGcor1,3.11.9,unknown,13158094,341,1,0,0.6632884740829468,random,attribution,6,552,0.0,0.39,0.3419043245564355,0.0,0.0,10,10,0.0,2.620881423354149e-05,0.4441391941391941,0.4441391941391941,0.0,6
graph,0,2026-10-07T09:40:32,nodeGcor1,3.11.9,unknown,13158094,342,2,0,0.6214613914489746,gnnexplainer,attribution,6,23,0.998047462826243,0.69,0.33077342190618797,1.0,1.0,10,10,0.7142857142857143,0.43706938391551375,0.9803921568627451,0.9803921568627451,0.8333333333333334,6
graph,0,2026-10-07T09:40:32,nodeGcor1,3.11.9,unknown,13158094,342,2,0,0.6214613914489746,pgexplainer,attribution,6,23,0.9980473968877489,0.26,0.8218368370103399,1.0,1.0,10,10,1.0,0.004186243284493685,1.0,1.0,1.0,6
graph,0,2026-10-07T09:40:32,nodeGcor1,3.11.9,unknown,13158094,342,2,0,0.6214613914489746,integrated_gradients,attribution,6,23,0.9980473968877489,0.43,0.7513518435335057,1.0,1.0,10,10,1.0,0.19991551619023085,0.9509803921568627,0.32352941176470584,0.8333333333333334,6
graph,0,2026-10-07T09:40:32,nodeGcor1,3.11.9,unknown,13158094,342,2,0,0.6214613914489746,lime,attribution,6,23,0.9980473967004738,0.72,0.5811184776591425,0.6714285714285715,0.5,10,10,0.7142857142857143,0.045103318989276886,0.8137254901960784,0.49019607843137253,0.6666666666666666,6
graph,0,2026-10-07T09:40:32,nodeGcor1,3.11.9,unknown,13158094,342,2,0,0.6214613914489746,random,attribution,6,23,0.0,0.35,0.36287601868814356,0.18484848484848485,0.09090909090909091,10,10,0.2,2.0746607333421707e-05,0.5784313725490196,0.5784313725490196,0.3333333333333333,6
graph,0,2026-10-07T09:40:32,nodeGcor1,3.11.9,unknown,13158094,343,2,3,0.6810905337333679,gnnexplainer,attribution,6,7,0.9053061910667402,1.0,0.15509166356558002,1.0,1.0,10,10,1.0,0.40028298320248723,1.0,1.0,1.0,6
graph,0,2026-10-07T09:40:32,nodeGcor1,3.11.9,unknown,13158094,343,2,3,0.6810905337333679,pgexplainer,attribution,6,7,0.9053061910667402,1.0,0.0,1.0,1.0,10,10,1.0,0.003939019050449133,0.5,0.5,1.0,6
graph,0,2026-10-07T09:40:32,nodeGcor1,3.11.9,unknown,13158094,343,2,3,0.6810905337333679,integrated_gradients,attribution,6,7,0.9053061744927561,1.0,0.3676448996281705,0.7142857142857143,0.7142857142857143,10,10,1.0,0.19432103587314487,0.6666666666666666,0.8333333333333334,0.8333333333333334,6
graph,0,2026-10-07T09:40:32,nodeGcor1,3.11.9,unknown,13158094,343,2,3,0.6810905337333679,lime,attribution,6,7,0.9053061744927561,1.0,0.3664406088216057,1.0,1.0,10,10,1.0,0.043360957875847816,1.0,0.6666666666666666,1.0,6
graph,0,2026-10-07T09:40:32,nodeGcor1,3.11.9,unknown,13158094,343,2,3,0.6810905337333679,random,attribution,6,7,0.9053061744927561,1.0,0.35659899044590604,0.8,0.7142857142857143,10,10,0.7142857142857143,2.1044164896011353e-05,1.0,1.0,1.0,6
graph,0,2026-10-07T09:40:32,nodeGcor1,3.11.9,unknown,13158094,344,3,0,0.8756892085075378,gnnexplainer,attribution,6,23,0.9986143183868399,0.94,0.32625713519972865,0.7142857142857143,0.7142857142857143,10,10,0.7142857142857143,0.42380344355478883,0.9607843137254902,0.9607843137254902,0.8333333333333334,6
graph,0,2026-10-07T09:40:32,nodeGcor1,3.11.9,unknown,13158094,344,3,0,0.8756892085075378,pgexplainer,attribution,6,23,0.9986142715528545,0.43,0.8118599788987023,1.0,1.0,10,10,1.0,0.004106864798814058,1.0,1.0,1.0,6
graph,0,2026-10-07T09:40:32,nodeGcor1,3.11.9,unknown,13158094,344,3,0,0.8756892085075378,integrated_gradients,attribution,6,23,0.9986142714585335,0.92,0.7412119231863508,1.0,1.0,10,10,1.0,0.19795602513477206,0.7941176470588236,0.6372549019607843,0.8333333333333334,6
graph,0,2026-10-07T09:40:32,nodeGcor1,3.11.9,unknown,13158094,344,3,0,0.8756892085075378,lime,attribution,6,23,0.9986143184811577,0.94,0.5949086373048509,0.9714285714285715,0.7142857142857143,10,10,1.0,0.045166193041950464,0.8725490196078431,0.6470588235294117,0.8333333333333334,6
graph,0,2026-10-07T09:40:32,nodeGcor1,3.11.9,unknown,13158094,344,3,0,0.8756892085075378,random,attribution,6,23,0.8846209398469577,0.47,0.35796349830105767,0.1406060606060606,0.09090909090909091,10,10,0.2,2.1014828234910965e-05,0.7450980392156863,0.7450980392156863,0.5,6
graph,0,2026-10-07T09:40:32,nodeGcor1,3.11.9,unknown,13158094,345,1,1,0.9923077821731567,gnnexplainer,attribution,6,7,0.08451053035163882,1.0,0.11240643014284957,1.0,1.0,10,10,1.0,0.40281870402395725,1.0,1.0,1.0,6
graph,0,2026-10-07T09:40:32,nodeGcor1,3.11.9,unknown,13158094,345,1,1,0.9923077821731567,pgexplainer,attribution,6,7,0.08451053035163882,1.0,0.0,1.0,1.0,10,10,1.0,0.003937911707907915,0.5,0.5,1.0,6
graph,0,2026-10-07T09:40:32,nodeGcor1,3.11.9,unknown,13158094,345,1,1,0.9923077821731567,integrated_gradients,attribution,6,7,0.08451053035163882,1.0,0.2758459134973743,1.0,1.0,10,10,1.0,0.19419291988015175,1.0,0.5,1.0,6
graph,0,2026-10-07T09:40:32,nodeGcor1,3.11.9,unknown,13158094,345,1,1,0.9923077821731567,lime,attribution,6,7,0.08451053035163882,1.0,0.33841228065330153,1.0,1.0,10,10,1.0,0.04315519891679287,1.0,0.5,1.0,6
graph,0,2026-10-07T09:40:32,nodeGcor1,3.11.9,unknown,13158094,345,1,1,0.9923077821731567,random,attribution,6,7,0.08451053035163882,1.0,0.3778644910028308,0.8,0.7142857142857143,10,10,0.7142857142857143,2.6585068553686142e-05,0.3333333333333333,0.3333333333333333,0.8333333333333334,6
graph,0,2026-10-07T09:40:32,nodeGcor1,3.11.9,unknown,13158094,348,2,3,0.5304482579231262,gnnexplainer,attribution,6,12,0.8784123347284021,1.0,0.1873053095250149,0.9428571428571428,0.7142857142857143,10,10,0.7142857142857143,0.414948923047632,0.8333333333333334,0.8333333333333334,0.8333333333333334,6
graph,0,2026-10-07T09:40:32,nodeGcor1,3.11.9,unknown,13158094,348,2,3,0.5304482579231262,pgexplainer,attribution,6,12,0.8784133179361133,1.0,0.5820373290636269,1.0,1.0,10,10,1.0,0.008036852814257145,1.0,1.0,1.0,6
graph,0,2026-10-07T09:40:32,nodeGcor1,3.11.9,unknown,13158094,348,2,3,0.5304482579231262,integrated_gradients,attribution,6,12,0.8784133315983933,0.91,0.5684507516980737,0.7142857142857143,0.7142857142857143,10,10,1.0,0.19408016419038177,0.9166666666666667,0.5555555555555556,0.8333333333333334,6
graph,0,2026-10-07T09:40:32,nodeGcor1,3.11.9,unknown,13158094,348,2,3,0.5304482579231262,lime,attribution,6,12,0.8784133179361133,0.93,0.4178897542230142,0.7142857142857143,0.7142857142857143,10,10,0.7142857142857143,0.04406247427687049,0.7777777777777779,0.7777777777777779,0.8333333333333334,6
graph,0,2026-10-07T09:40:32,nodeGcor1,3.11.9,unknown,13158094,348,2,3,0.5304482579231262,random,attribution,6,12,0.9766465309004767,0.5,0.3639450748994212,0.41142857142857137,0.2,10,10,0.5,2.064276486635208e-05,0.8333333333333333,0.8333333333333333,0.6666666666666666,6
graph,0,2026-10-07T09:40:32,nodeGcor1,3.11.9,unknown,13158094,355,1,0,0.9418240189552307,gnnexplainer,attribution,6,240,0.9710590653485799,0.54,0.6728585403802281,0.5,0.7142857142857143,10,10,0.7142857142857143,0.415416260715574,0.9843304843304843,0.9843304843304843,0.3333333333333333,6
graph,0,2026-10-07T09:40:32,nodeGcor1,3.11.9,unknown,13158094,355,1,0,0.9418240189552307,pgexplainer,attribution,6,240,0.0,0.23,0.9745724480521452,1.0,1.0,10,10,1.0,0.00436799693852663,1.0,1.0,1.0,6
graph,0,2026-10-07T09:40:32,nodeGcor1,3.11.9,unknown,13158094,355,1,0,0.9418240189552307,integrated_gradients,attribution,6,240,0.9850526984672603,0.87,0.7632203985388952,0.8928571428571429,0.7142857142857143,10,10,1.0,0.20176970213651657,0.9829059829059829,0.495014245014245,0.5,6
graph,0,2026-10-07T09:40:32,nodeGcor1,3.11.9,unknown,13158094,355,1,0,0.9418240189552307,lime,attribution,6,240,0.9998433598541719,0.99,0.5402933619417521,0.65,0.5,10,10,0.7142857142857143,0.07513693114742637,0.8411680911680911,0.49928774928774927,0.0,6
graph,0,2026-10-07T09:40:32,nodeGcor1,3.11.9,unknown,13158094,355,1,0,0.9418240189552307,random,attribution,6,240,0.0,0.38,0.3363644312408536,0.00909090909090909,0.0,10,10,0.09090909090909091,1.033395528793335e-05,0.3710826210826211,0.3710826210826211,0.0,6
graph,0,2026-10-07T09:40:32,nodeGcor1,3.11.9,unknown,13158094,356,1,1,0.832472562789917,gnnexplainer,attribution,6,13,0.0,0.5,0.19028285481582807,0.7142857142857143,0.7142857142857143,10,10,0.7142857142857143,0.4308936460874975,0.880952380952381,0.880952380952381,0.8333333333333334,6
graph,0,2026-10-07T09:40:32,nodeGcor1,3.11.9,unknown,13158094,356,1,1,0.832472562789917,pgexplainer,attribution,6,13,0.0,1.0,0.5957842429549188,1.0,1.0,10,10,1.0,0.0041244179010391235,1.0,1.0,1.0,6
graph,0,2026-10-07T09:40:32,nodeGcor1,3.11.9,unknown,13158094,356,1,1,0.832472562789917,integrated_gradients,attribution,6,13,0.0,1.0,0.5960506442055516,0.7142857142857143,0.7142857142857143,10,10,1.0,0.19523777719587088,0.9047619047619049,0.4285714285714286,0.8333333333333334,6
graph,0,2026-10-07T09:40:32,nodeGcor1,3.11.9,unknown,13158094,356,1,1,0.832472562789917,lime,attribution,6,13,0.0,1.0,0.4723006661346246,0.9142857142857143,0.7142857142857143,10,10,0.7142857142857143,0.04469612427055836,0.8571428571428572,0.4761904761904762,0.8333333333333334,6
graph,0,2026-10-07T09:40:32,nodeGcor1,3.11.9,unknown,13158094,356,1,1,0.832472562789917,random,attribution,6,13,0.0,0.27,0.30239157507748315,0.2690909090909091,0.09090909090909091,10,10,0.3333333333333333,9.295996278524399e-06,0.33333333333333337,0.33333333333333337,0.3333333333333333,6
graph,0,2026-10-07T09:40:32,nodeGcor1,3.11.9,unknown,13158094,357,2,3,0.6810904145240784,gnnexplainer,attribution,6,7,0.9053061744927561,1.0,0.12295490836040834,1.0,1.0,10,10,1.0,0.4150015711784363,1.0,1.0,1.0,6
graph,0,2026-10-07T09:40:32,nodeGcor1,3.11.9,unknown,13158094,357,2,3,0.6810904145240784,pgexplainer,attribution,6,7,0.9053061744927561,1.0,0.0,1.0,1.0,10,10,1.0,0.004012069199234247,0.5,0.5,1.0,6
graph,0,2026-10-07T09:40:32,nodeGcor1,3.11.9,unknown,13158094,357,2,3,0.6810904145240784,integrated_gradients,attribution,6,7,0.9053061910667402,1.0,0.3676448239203951,0.7142857142857143,0.7142857142857143,10,10,1.0,0.1954249870032072,0.6666666666666666,0.8333333333333334,0.8333333333333334,6
graph,0,2026-10-07T09:40:32,nodeGcor1,3.11.9,unknown,13158094,357,2,3,0.6810904145240784,lime,attribution,6,7,0.9053061910667402,1.0,0.3027979992331008,0.7142857142857143,0.7142857142857143,10,10,0.7142857142857143,0.04373510926961899,0.6666666666666666,0.8333333333333334,0.8333333333333334,6
graph,0,2026-10-07T09:40:32,nodeGcor1,3.11.9,unknown,13158094,357,2,3,0.6810904145240784,random,attribution,6,7,0.9053061910667402,1.0,0.3861649030808868,0.7428571428571429,0.7142857142857143,10,10,0.7142857142857143,1.9175000488758087e-05,1.0,1.0,1.0,6
graph,0,2026-10-07T09:40:32,nodeGcor1,3.11.9,unknown,13158094,363,2,0,0.8121364116668701,gnnexplainer,attribution,6,18,0.9985058849999626,0.19,0.2371424370992955,1.0,1.0,10,10,0.7142857142857143,0.4228676618076861,0.9583333333333333,0.9583333333333333,0.8333333333333334,6
graph,0,2026-10-07T09:40:32,nodeGcor1,3.11.9,unknown,13158094,363,2,0,0.8121364116668701,pgexplainer,attribution,6,18,0.9985058343993876,0.19,0.7629192251073889,1.0,1.0,10,10,1.0,0.004094516858458519,1.0,1.0,1.0,6
graph,0,2026-10-07T09:40:32,nodeGcor1,3.11.9,unknown,13158094,363,2,0,0.8121364116668701,integrated_gradients,attribution,6,18,0.9985058849999626,0.69,0.7055835930007561,0.9714285714285715,1.0,10,10,1.0,0.19522158987820148,0.8750000000000001,0.611111111111111,0.8333333333333334,6
graph,0,2026-10-07T09:40:32,nodeGcor1,3.11.9,unknown,13158094,363,2,0,0.8121364116668701,lime,attribution,6,18,0.010633154943476527,0.81,0.4980775047112822,0.6547619047619048,0.3333333333333333,10,10,0.5,0.044786304235458374,0.6944444444444444,0.5833333333333334,0.5,6
graph,0,2026-10-07T09:40:32,nodeGcor1,3.11.9,unknown,13158094,363,2,0,0.8121364116668701,random,attribution,6,18,0.0,0.19,0.3166076453714304,0.28,0.0,10,10,0.2,2.4011824280023575e-05,0.5277777777777777,0.5277777777777777,0.3333333333333333,6
graph,0,2026-10-07T09:40:32,nodeGcor1,3.11.9,unknown,13158094,365,1,1,0.9923077821731567,gnnexplainer,attribution,6,7,0.08451053035163882,1.0,0.11240643389735694,1.0,1.0,10,10,1.0,0.40807595988735557,1.0,1.0,1.0,6
graph,0,2026-10-07T09:40:32,nodeGcor1,3.11.9,unknown,13158094,365,1,1,0.9923077821731567,pgexplainer,attribution,6,7,0.08451053035163882,1.0,0.0,1.0,1.0,10,10,1.0,0.004062901716679335,0.5,0.5,1.0,6
graph,0,2026-10-07T09:40:32,nodeGcor1,3.11.9,unknown,13158094,365,1,1,0.9923077821731567,integrated_gradients,attribution,6,7,0.08451053035163882,1.0,0.275845908920507,1.0,1.0,10,10,1.0,0.1951907631009817,1.0,0.5,1.0,6
graph,0,2026-10-07T09:40:32,nodeGcor1,3.11.9,unknown,13158094,365,1,1,0.9923077821731567,lime,attribution,6,7,0.08451053035163882,1.0,0.3384122904769947,1.0,1.0,10,10,1.0,0.04379502963274717,1.0,0.5,1.0,6
graph,0,2026-10-07T09:40:32,nodeGcor1,3.11.9,unknown,13158094,365,1,1,0.9923077821731567,random,attribution,6,7,0.08451053035163882,1.0,0.3815514669887773,0.7142857142857143,0.7142857142857143,10,10,0.7142857142857143,2.2116582840681076e-05,0.6666666666666666,0.6666666666666666,0.8333333333333334,6
graph,0,2026-10-07T09:40:32,nodeGcor1,3.11.9,unknown,13158094,366,1,1,0.9305325746536255,gnnexplainer,attribution,6,21,0.023733558360653596,1.0,0.38573071495984756,0.7142857142857143,0.7142857142857143,10,10,0.7142857142857143,0.41818629018962383,0.9777777777777777,0.9777777777777777,0.8333333333333334,6
graph,0,2026-10-07T09:40:32,nodeGcor1,3.11.9,unknown,13158094,366,1,1,0.9305325746536255,pgexplainer,attribution,6,21,0.023733558360653596,1.0,0.6891814769901508,1.0,1.0,10,10,1.0,0.004007657989859581,1.0,1.0,1.0,6
graph,0,2026-10-07T09:40:32,nodeGcor1,3.11.9,unknown,13158094,366,1,1,0.9305325746536255,integrated_gradients,attribution,6,21,0.023733683428928082,0.74,0.7085339338678498,0.9714285714285713,0.7142857142857143,10,10,1.0,0.19591677282005548,0.9666666666666667,0.5222222222222223,0.8333333333333334,6
graph,0,2026-10-07T09:40:32,nodeGcor1,3.11.9,unknown,13158094,366,1,1,0.9305325746536255,lime,attribution,6,21,0.023735156679564655,1.0,0.5122616488407694,0.7142857142857143,0.7142857142857143,10,10,1.0,0.04500277806073427,0.9000000000000001,0.5111111111111111,0.8333333333333334,6
graph,0,2026-10-07T09:40:32,nodeGcor1,3.11.9,unknown,13158094,366,1,1,0.9305325746536255,random,attribution,6,21,0.023734198904490685,0.51,0.42301054497122903,0.18303030303030302,0.0,10,10,0.3333333333333333,2.1090731024742126e-05,0.5555555555555556,0.5555555555555556,0.3333333333333333,6
graph,0,2026-10-07T09:40:32,nodeGcor1,3.11.9,unknown,13158094,367,2,0,0.9188129901885986,gnnexplainer,attribution,6,446,0.9884573402555827,0.53,0.6823340830179825,0.6714285714285715,0.3333333333333333,10,10,0.5,0.4300589286722243,0.981439393939394,0.981439393939394,0.16666666666666666,6
graph,0,2026-10-07T09:40:32,nodeGcor1,3.11.9,unknown,13158094,367,2,0,0.9188129901885986,pgexplainer,attribution,6,446,0.0,0.43,0.9883385618614243,1.0,1.0,10,10,1.0,0.0042540342546999454,1.0,1.0,1.0,6
graph,0,2026-10-07T09:40:32,nodeGcor1,3.11.9,unknown,13158094,367,2,0,0.9188129901885986,integrated_gradients,attribution,6,446,0.9986793096527313,1.0,0.73710472044344,1.0,1.0,10,10,1.0,0.20383661100640893,0.9746212121212122,0.49431818181818177,0.5,6
graph,0,2026-10-07T09:40:32,nodeGcor1,3.11.9,unknown,13158094,367,2,0,0.9188129901885986,lime,attribution,6,446,0.9986793237166386,1.0,0.5045316682365302,0.5904761904761905,0.3333333333333333,10,10,0.5,0.20236037904396653,0.8537878787878789,0.6159090909090909,0.16666666666666666,6
graph,0,2026-10-07T09:40:32,nodeGcor1,3.11.9,unknown,13158094,367,2,0,0.9188129901885986,random,attribution,6,446,0.0032892372451885565,0.31,0.3323470435276228,0.00909090909090909,0.0,10,10,0.0,1.423107460141182e-05,0.6125,0.6125,0.16666666666666666,6
graph,0,2026-10-07T09:40:32,nodeGcor1,3.11.9,unknown,13158094,370,1,1,0.8110287189483643,gnnexplainer,attribution,6,15,0.0,0.5,0.25736667261192514,0.7142857142857143,0.7142857142857143,10,10,0.7142857142857143,0.4444300723262131,0.9259259259259258,0.9259259259259258,0.8333333333333334,6
graph,0,2026-10-07T09:40:32,nodeGcor1,3.11.9,unknown,13158094,370,1,1,0.8110287189483643,pgexplainer,attribution,6,15,0.0,1.0,0.599999840991807,1.0,1.0,10,10,1.0,0.004106506705284119,1.0,1.0,1.0,6
graph,0,2026-10-07T09:40:32,nodeGcor1,3.11.9,unknown,13158094,370,1,1,0.8110287189483643,integrated_gradients,attribution,6,15,0.0,1.0,0.6646334265622307,0.7142857142857143,0.7142857142857143,10,10,1.0,0.195215230807662,0.9074074074074074,0.5555555555555556,0.8333333333333334,6
graph,0,2026-10-07T09:40:32,nodeGcor1,3.11.9,unknown,13158094,370,1,1,0.8110287189483643,lime,attribution,6,15,0.0,1.0,0.47571379937918,0.7142857142857143,0.7142857142857143,10,10,1.0,0.044834891334176064,0.8703703703703705,0.5555555555555556,0.8333333333333334,6
graph,0,2026-10-07T09:40:32,nodeGcor1,3.11.9,unknown,13158094,370,1,1,0.8110287189483643,random,attribution,6,15,0.0032511728342528015,0.46,0.33683828236480506,0.23151515151515153,0.2,10,10,0.3333333333333333,2.164393663406372e-05,0.5740740740740741,0.5740740740740741,0.3333333333333333,6
graph,0,2026-10-07T09:40:32,nodeGcor1,3.11.9,unknown,13158094,372,2,0,0.4931137263774872,gnnexplainer,attribution,6,15,0.9975392629851161,0.0,0.2687123284776467,1.0,1.0,7,6,0.7142857142857143,0.407137633766979,0.9074074074074073,0.9074074074074073,0.8333333333333334,6
graph,0,2026-10-07T09:40:32,nodeGcor1,3.11.9,unknown,13158094,372,2,0,0.4931137263774872,pgexplainer,attribution,6,15,0.9975391790534558,0.02,0.6814121763183348,1.0,1.0,6,8,1.0,0.004043889231979847,1.0,1.0,1.0,6
graph,0,2026-10-07T09:40:32,nodeGcor1,3.11.9,unknown,13158094,372,2,0,0.4931137263774872,integrated_gradients,attribution,6,15,0.9975392634312736,0.43,0.6621175877996935,1.0,1.0,7,3,1.0,0.1956073879264295,0.8333333333333334,0.5925925925925926,0.8333333333333334,6
graph,0,2026-10-07T09:40:32,nodeGcor1,3.11.9,unknown,13158094,372,2,0,0.4931137263774872,lime,attribution,6,15,0.9651158174480047,0.83,0.5289683455535263,0.5,0.5,7,9,0.5,0.044698130805045366,0.38888888888888884,0.3703703703703704,0.3333333333333333,6
graph,0,2026-10-07T09:40:32,nodeGcor1,3.11.9,unknown,13158094,372,2,0,0.4931137263774872,random,attribution,6,15,0.9641558419738384,0.21,0.35644724626818824,0.1722943722943723,0.09090909090909091,7,7,0.2,2.150796353816986e-05,0.42592592592592593,0.42592592592592593,0.16666666666666666,6
graph,0,2026-10-07T09:40:32,nodeGcor1,3.11.9,unknown,13158094,373,2,0,0.9947609305381775,gnnexplainer,attribution,6,233,0.04159193074324962,0.59,0.7027755620704921,0.6928571428571428,0.5,10,10,0.7142857142857143,0.4240985088981688,0.987518355359765,0.987518355359765,0.5,6
graph,0,2026-10-07T09:40:32,nodeGcor1,3.11.9,unknown,13158094,373,2,0,0.9947609305381775,pgexplainer,attribution,6,233,0.0,0.34,0.9776824034334763,1.0,1.0,10,10,1.0,0.0041986191645264626,1.0,1.0,1.0,6
graph,0,2026-10-07T09:40:32,nodeGcor1,3.11.9,unknown,13158094,373,2,0,0.9947609305381775,integrated_gradients,attribution,6,233,0.9984582121851782,0.99,0.7231883088128871,1.0,0.5,10,10,1.0,0.201120272744447,0.9537444933920706,0.4816446402349486,0.3333333333333333,6
graph,0,2026-10-07T09:40:32,nodeGcor1,3.11.9,unknown,13158094,373,2,0,0.9947609305381775,lime,attribution,6,233,0.9964736451536759,0.99,0.5387199585299609,0.6285714285714287,0.5,10,10,0.5,0.07336847996339202,0.6226138032305433,0.4603524229074889,0.0,6
graph,0,2026-10-07T09:40:32,nodeGcor1,3.11.9,unknown,13158094,373,2,0,0.9947609305381775,random,attribution,6,233,0.0,0.4,0.3417639253243778,0.0,0.0,10,10,0.0,2.814875915646553e-05,0.4831130690161527,0.4831130690161527,0.0,6
graph,0,2026-10-07T09:40:32,nodeGcor1,3.11.9,unknown,13158094,374,3,3,0.8870674967765808,gnnexplainer,attribution,6,7,0.927294081789761,1.0,0.16798085731449275,1.0,1.0,10,10,1.0,0.43183781299740076,1.0,1.0,1.0,6
graph,0,2026-10-07T09:40:32,nodeGcor1,3.11.9,unknown,13158094,374,3,3,0.8870674967765808,pgexplainer,attribution,6,7,0.927294081789761,1.0,0.0,1.0,1.0,10,10,1.0,0.004016974940896034,0.5,0.5,1.0,6
graph,0,2026-10-07T09:40:32,nodeGcor1,3.11.9,unknown,13158094,374,3,3,0.8870674967765808,integrated_gradients,attribution,6,7,0.927294081789761,1.0,0.26556497977199867,0.7142857142857143,0.7142857142857143,10,10,1.0,0.19714982202276587,0.8333333333333334,0.8333333333333334,0.8333333333333334,6
graph,0,2026-10-07T09:40:32,nodeGcor1,3.11.9,unknown,13158094,374,3,3,0.8870674967765808,lime,attribution,6,7,0.927294081789761,0.41,0.5786436948032889,0.7142857142857143,0.7142857142857143,10,10,0.7142857142857143,0.04344622604548931,0.5,0.5,0.8333333333333334,6
graph,0,2026-10-07T09:40:32,nodeGcor1,3.11.9,unknown,13158094,374,3,3,0.8870674967765808,random,attribution,6,7,0.9272934602553613,1.0,0.1799973728764338,0.7428571428571429,0.7142857142857143,10,10,0.7142857142857143,8.82614403963089e-06,0.6666666666666666,0.6666666666666666,0.8333333333333334,6
graph,0,2026-10-07T09:40:32,nodeGcor1,3.11.9,unknown,13158094,376,1,1,0.9166030287742615,gnnexplainer,attribution,6,705,0.9082996988175095,0.55,0.7589018935579654,0.18636363636363634,0.09090909090909091,10,10,0.2,0.43359592789784074,0.9883166428230806,0.9883166428230806,0.16666666666666666,6
graph,0,2026-10-07T09:40:32,nodeGcor1,3.11.9,unknown,13158094,376,1,1,0.9166030287742615,pgexplainer,attribution,6,705,0.9999999284434993,0.92,0.9864303119003859,1.0,0.7142857142857143,10,10,1.0,0.004290188197046518,1.0,1.0,1.0,6
graph,0,2026-10-07T09:40:32,nodeGcor1,3.11.9,unknown,13158094,376,1,1,0.9166030287742615,integrated_gradients,attribution,6,705,0.008898396233801264,0.96,0.9130161703834025,1.0,0.7142857142857143,10,10,1.0,0.20358353340998292,0.9988078206962328,0.5007153075822603,0.8333333333333334,6
graph,0,2026-10-07T09:40:32,nodeGcor1,3.11.9,unknown,13158094,376,1,1,0.9166030287742615,lime,attribution,6,705,0.00889852513198354,0.61,0.44916291086419036,0.5857142857142857,0.7142857142857143,10,10,0.7142857142857143,0.4487655172124505,0.8743443013829281,0.6010968049594659,0.8333333333333334,6
graph,0,2026-10-07T09:40:32,nodeGcor1,3.11.9,unknown,13158094,376,1,1,0.9166030287742615,random,attribution,6,705,0.0,0.47,0.3337641247949774,0.00909090909090909,0.0,10,10,0.0,1.5162397176027298e-05,0.45040534096328083,0.45040534096328083,0.0,6
graph,0,2026-10-07T09:40:32,nodeGcor1,3.11.9,unknown,13158094,377,2,0,0.606441080570221,gnnexplainer,attribution,6,36,0.9979991042209143,0.83,0.4074145252588036,0.7142857142857143,0.7142857142857143,10,10,1.0,0.4436317849904299,0.9722222222222222,0.9722222222222222,0.8333333333333334,6
graph,0,2026-10-07T09:40:32,nodeGcor1,3.11.9,unknown,13158094,377,2,0,0.606441080570221,pgexplainer,attribution,6,36,0.9979990337040698,0.26,0.9067979695284084,1.0,1.0,10,10,1.0,0.004313909914344549,1.0,1.0,1.0,6
graph,0,2026-10-07T09:40:32,nodeGcor1,3.11.9,unknown,13158094,377,2,0,0.606441080570221,integrated_gradients,attribution,6,36,0.9979990364574042,0.63,0.7974807266315826,1.0,1.0,10,10,1.0,0.2034999132156372,0.9666666666666667,0.3333333333333333,0.8333333333333334,6
graph,0,2026-10-07T09:40:32,nodeGcor1,3.11.9,unknown,13158094,377,2,0,0.606441080570221,lime,attribution,6,36,0.9979990346874044,0.78,0.7014377511170151,0.5,0.3333333333333333,10,10,0.5,0.0467946738936007,0.7944444444444445,0.5833333333333333,0.5,6
graph,0,2026-10-07T09:40:32,nodeGcor1,3.11.9,unknown,13158094,377,2,0,0.606441080570221,random,attribution,6,36,0.3982616756807972,0.18,0.3376881408746323,0.16969696969696968,0.0,10,10,0.0,2.2626016288995743e-05,0.55,0.55,0.0,6
graph,0,2026-10-07T09:40:32,nodeGcor1,3.11.9,unknown,13158094,385,1,1,0.8519431352615356,gnnexplainer,attribution,6,12,0.0,0.92,0.18149063198843018,0.7142857142857143,0.7142857142857143,10,10,0.7142857142857143,0.4142553568817675,0.8333333333333334,0.8333333333333334,0.8333333333333334,6
graph,0,2026-10-07T09:40:32,nodeGcor1,3.11.9,unknown,13158094,385,1,1,0.8519431352615356,pgexplainer,attribution,6,12,0.0,1.0,0.4999999999993636,1.0,1.0,10,10,1.0,0.004085895139724016,1.0,1.0,1.0,6
graph,0,2026-10-07T09:40:32,nodeGcor1,3.11.9,unknown,13158094,385,1,1,0.8519431352615356,integrated_gradients,attribution,6,12,0.0,1.0,0.543574727130177,0.7142857142857143,0.7142857142857143,10,10,1.0,0.19810132309794426,0.8611111111111112,0.5833333333333333,0.8333333333333334,6
graph,0,2026-10-07T09:40:32,nodeGcor1,3.11.9,unknown,13158094,385,1,1,0.8519431352615356,lime,attribution,6,12,0.0,1.0,0.3986446664753126,0.9142857142857143,0.7142857142857143,10,10,1.0,0.04466296033933759,0.8333333333333334,0.5555555555555556,0.8333333333333334,6
graph,0,2026-10-07T09:40:32,nodeGcor1,3.11.9,unknown,13158094,385,1,1,0.8519431352615356,random,attribution,6,12,0.0,0.54,0.4444323635831605,0.3433333333333334,0.09090909090909091,10,10,0.3333333333333333,2.2461172193288803e-05,0.4722222222222222,0.4722222222222222,0.5,6
graph,0,2026-10-07T09:40:32,nodeGcor1,3.11.9,unknown,13158094,386,1,1,0.85194331407547,gnnexplainer,attribution,6,12,0.0,0.92,0.18102558962210424,0.7142857142857143,0.7142857142857143,10,10,0.7142857142857143,0.4156076577492058,0.8333333333333334,0.8333333333333334,0.8333333333333334,6
graph,0,2026-10-07T09:40:32,nodeGcor1,3.11.9,unknown,13158094,386,1,1,0.85194331407547,pgexplainer,attribution,6,12,0.0,1.0,0.4999999999993636,1.0,1.0,10,10,1.0,0.004044243134558201,1.0,1.0,1.0,6
graph,0,2026-10-07T09:40:32,nodeGcor1,3.11.9,unknown,13158094,386,1,1,0.85194331407547,integrated_gradients,attribution,6,12,0.0,1.0,0.543574741818704,0.7142857142857143,0.7142857142857143,10,10,1.0,0.19552362989634275,0.8611111111111112,0.5833333333333333,0.8333333333333334,6
graph,0,2026-10-07T09:40:32,nodeGcor1,3.11.9,unknown,13158094,386,1,1,0.85194331407547,lime,attribution,6,12,0.0,1.0,0.4081830678209756,0.9142857142857143,0.7142857142857143,10,10,1.0,0.04467006307095289,0.888888888888889,0.5555555555555556,0.8333333333333334,6
graph,0,2026-10-07T09:40:32,nodeGcor1,3.11.9,unknown,13158094,386,1,1,0.85194331407547,random,attribution,6,12,0.9734063125821019,0.98,0.45943529529267335,0.3424242424242424,0.09090909090909091,10,10,0.3333333333333333,2.17449851334095e-05,0.3333333333333333,0.3333333333333333,0.5,6
graph,0,2026-10-07T09:40:32,nodeGcor1,3.11.9,unknown,13158094,387,2,2,0.5293610692024231,gnnexplainer,attribution,6,7,0.9511785919132388,0.47,0.3270746168550206,nan,nan,0,0,1.0,0.41980882827192545,1.0,1.0,1.0,6
graph,0,2026-10-07T09:40:32,nodeGcor1,3.11.9,unknown,13158094,387,2,2,0.5293610692024231,pgexplainer,attribution,6,7,0.9511785919132388,0.5,0.0,nan,nan,0,0,1.0,0.00408182805404067,0.5,0.5,1.0,6
graph,0,2026-10-07T09:40:32,nodeGcor1,3.11.9,unknown,13158094,387,2,2,0.5293610692024231,integrated_gradients,attribution,6,7,0.951178580918918,0.46,0.23762584638170747,nan,nan,0,0,1.0,0.19768428709357977,1.0,0.6666666666666666,1.0,6
graph,0,2026-10-07T09:40:32,nodeGcor1,3.11.9,unknown,13158094,387,2,2,0.5293610692024231,lime,attribution,6,7,0.9511769557336069,0.59,0.3707209870844428,nan,nan,0,0,1.0,0.04385690204799175,0.8333333333333334,0.6666666666666666,0.8333333333333334,6
graph,0,2026-10-07T09:40:32,nodeGcor1,3.11.9,unknown,13158094,387,2,2,0.5293610692024231,random,attribution,6,7,0.951178580918918,0.49,0.32550234286327806,nan,nan,0,0,0.7142857142857143,2.222275361418724e-05,0.8333333333333334,0.8333333333333334,0.8333333333333334,6
graph,0,2026-10-07T09:40:32,nodeGcor1,3.11.9,unknown,13158094,390,1,0,0.6166991591453552,gnnexplainer,attribution,6,283,0.7684800190828333,0.54,0.673194928462302,0.7142857142857143,0.7142857142857143,10,10,0.7142857142857143,0.4343454698100686,0.9855595667870036,0.9855595667870036,0.3333333333333333,6
graph,0,2026-10-07T09:40:32,nodeGcor1,3.11.9,unknown,13158094,390,1,0,0.6166991591453552,pgexplainer,attribution,6,283,0.0,0.08,0.9787985865667446,1.0,1.0,10,10,1.0,0.004323502071201801,1.0,1.0,1.0,6
graph,0,2026-10-07T09:40:32,nodeGcor1,3.11.9,unknown,13158094,390,1,0,0.6166991591453552,integrated_gradients,attribution,6,283,0.9573238826695368,0.91,0.7698401029475654,1.0,1.0,10,10,1.0,0.20543986931443214,0.9356197352587244,0.6419975932611311,0.5,6
graph,0,2026-10-07T09:40:32,nodeGcor1,3.11.9,unknown,13158094,390,1,0,0.6166991591453552,lime,attribution,6,283,0.999928994177057,0.98,0.5045137275579674,0.488095238095238,0.3333333333333333,10,10,0.5,0.1899768658913672,0.8850782190132371,0.4993983152827918,0.16666666666666666,6
graph,0,2026-10-07T09:40:32,nodeGcor1,3.11.9,unknown,13158094,390,1,0,0.6166991591453552,random,attribution,6,283,0.0,0.33,0.3534207428359726,0.0,0.0,10,10,0.0,9.976327419281006e-06,0.6931407942238267,0.6931407942238267,0.0,6
graph,0,2026-10-07T09:40:32,nodeGcor1,3.11.9,unknown,13158094,392,2,3,0.6810904145240784,gnnexplainer,attribution,6,7,0.9053061910667402,1.0,0.1229549088491777,1.0,1.0,10,10,1.0,0.4347113948315382,1.0,1.0,1.0,6
graph,0,2026-10-07T09:40:32,nodeGcor1,3.11.9,unknown,13158094,392,2,3,0.6810904145240784,pgexplainer,attribution,6,7,0.9053061744927561,1.0,0.0,1.0,1.0,10,10,1.0,0.004081497900187969,0.5,0.5,1.0,6
graph,0,2026-10-07T09:40:32,nodeGcor1,3.11.9,unknown,13158094,392,2,3,0.6810904145240784,integrated_gradients,attribution,6,7,0.9053061910667402,1.0,0.367644918859958,0.7142857142857143,0.7142857142857143,10,10,1.0,0.19783195992931724,0.6666666666666666,0.8333333333333334,0.8333333333333334,6
graph,0,2026-10-07T09:40:32,nodeGcor1,3.11.9,unknown,13158094,392,2,3,0.6810904145240784,lime,attribution,6,7,0.9053061910667402,1.0,0.3027980160350544,0.7142857142857143,0.7142857142857143,10,10,0.7142857142857143,0.04397530574351549,0.6666666666666666,0.8333333333333334,0.8333333333333334,6
graph,0,2026-10-07T09:40:32,nodeGcor1,3.11.9,unknown,13158094,392,2,3,0.6810904145240784,random,attribution,6,7,0.9053061910667402,1.0,0.35178417476901647,0.7428571428571429,0.7142857142857143,10,10,0.7142857142857143,2.2360123693943024e-05,0.3333333333333333,0.3333333333333333,0.8333333333333334,6
graph,0,2026-10-07T09:40:32,nodeGcor1,3.11.9,unknown,13158094,394,3,0,0.6717664003372192,gnnexplainer,attribution,6,13,0.9981936840421446,0.17,0.2875612211706051,0.5,0.5,10,10,0.5,0.4246648447588086,0.7142857142857143,0.7142857142857143,0.6666666666666666,6
graph,0,2026-10-07T09:40:32,nodeGcor1,3.11.9,unknown,13158094,394,3,0,0.6717664003372192,pgexplainer,attribution,6,13,0.9981936840421446,0.35,0.496632370476389,0.7142857142857143,0.7142857142857143,10,10,1.0,0.004093346651643515,0.9047619047619048,0.9047619047619048,0.8333333333333334,6
graph,0,2026-10-07T09:40:32,nodeGcor1,3.11.9,unknown,13158094,394,3,0,0.6717664003372192,integrated_gradients,attribution,6,13,0.9981936840421446,0.27,0.6116521794771034,0.9714285714285713,0.7142857142857143,10,10,1.0,0.19789975276216865,0.6428571428571429,0.6666666666666667,0.6666666666666666,6
graph,0,2026-10-07T09:40:32,nodeGcor1,3.11.9,unknown,13158094,394,3,0,0.6717664003372192,lime,attribution,6,13,0.9981936840421446,0.75,0.4153586614759881,0.7142857142857143,0.7142857142857143,10,10,1.0,0.045031382236629725,0.8333333333333333,0.619047619047619,0.8333333333333334,6
graph,0,2026-10-07T09:40:32,nodeGcor1,3.11.9,unknown,13158094,394,3,0,0.6717664003372192,random,attribution,6,13,0.9608224330319216,0.1,0.3601901344471,0.3238528138528139,0.09090909090909091,10,10,0.2,2.2449996322393417e-05,0.7619047619047619,0.7619047619047619,0.6666666666666666,6
graph,0,2026-10-07T09:40:32,nodeGcor1,3.11.9,unknown,13158094,395,1,0,0.9820281267166138,gnnexplainer,attribution,6,63,0.9987643671579584,0.56,0.3307729189522137,0.7142857142857143,0.7142857142857143,10,10,0.7142857142857143,0.4181322860531509,0.9853801169590642,0.9853801169590642,0.8333333333333334,6
graph,0,2026-10-07T09:40:32,nodeGcor1,3.11.9,unknown,13158094,395,1,0,0.9820281267166138,pgexplainer,attribution,6,63,0.9987643253112918,0.49,0.9523809605627525,1.0,1.0,10,10,1.0,0.004146236926317215,1.0,1.0,1.0,6
graph,0,2026-10-07T09:40:32,nodeGcor1,3.11.9,unknown,13158094,395,1,0,0.9820281267166138,integrated_gradients,attribution,6,63,0.9987643253112918,0.99,0.8726612421168674,1.0,1.0,10,10,1.0,0.20227100001648068,0.9824561403508771,0.4912280701754386,0.8333333333333334,6
graph,0,2026-10-07T09:40:32,nodeGcor1,3.11.9,unknown,13158094,395,1,0,0.9820281267166138,lime,attribution,6,63,0.9729068591661488,1.0,0.7042064592990511,0.33333333333333337,0.3333333333333333,10,10,0.3333333333333333,0.049143887124955654,0.5467836257309941,0.6900584795321637,0.3333333333333333,6
graph,0,2026-10-07T09:40:32,nodeGcor1,3.11.9,unknown,13158094,395,1,0,0.9820281267166138,random,attribution,6,63,0.0,0.18,0.3449914870499884,0.05636363636363636,0.0,10,10,0.0,2.2176187485456467e-05,0.35964912280701755,0.35964912280701755,0.0,6
graph,0,2026-10-07T09:40:32,nodeGcor1,3.11.9,unknown,13158094,396,1,0,0.9820281267166138,gnnexplainer,attribution,6,63,0.9987643670079638,1.0,0.3306252491923519,1.0,0.7142857142857143,10,10,0.7142857142857143,0.42880294285714626,0.9824561403508771,0.9824561403508771,0.8333333333333334,6
graph,0,2026-10-07T09:40:32,nodeGcor1,3.11.9,unknown,13158094,396,1,0,0.9820281267166138,pgexplainer,attribution,6,63,0.9987643253112918,0.39,0.9523809605627516,1.0,1.0,10,10,1.0,0.004229044076055288,1.0,1.0,1.0,6
graph,0,2026-10-07T09:40:32,nodeGcor1,3.11.9,unknown,13158094,396,1,0,0.9820281267166138,integrated_gradients,attribution,6,63,0.9987643253112918,1.0,0.8726612513292488,1.0,1.0,10,10,1.0,0.20116578415036201,0.9824561403508771,0.4912280701754386,0.8333333333333334,6
graph,0,2026-10-07T09:40:32,nodeGcor1,3.11.9,unknown,13158094,396,1,0,0.9820281267166138,lime,attribution,6,63,0.42699358121432396,0.94,0.6505695358801582,0.33333333333333337,0.2,10,10,0.2,0.04880798328667879,0.7426900584795322,0.6578947368421053,0.3333333333333333,6
graph,0,2026-10-07T09:40:32,nodeGcor1,3.11.9,unknown,13158094,396,1,0,0.9820281267166138,random,attribution,6,63,0.9984382216357768,0.49,0.3171166737092682,0.06727272727272729,0.0,10,10,0.09090909090909091,2.238992601633072e-05,0.6754385964912281,0.6754385964912281,0.3333333333333333,6
graph,0,2026-10-07T09:40:32,nodeGcor1,3.11.9,unknown,13158094,399,3,0,0.8720595836639404,gnnexplainer,attribution,6,928,0.9999699106143709,1.0,0.6907790972221992,0.5,0.5,10,10,0.5,0.43139010528102517,0.9967462039045553,0.9967462039045553,0.6666666666666666,6
graph,0,2026-10-07T09:40:32,nodeGcor1,3.11.9,unknown,13158094,399,3,0,0.8720595836639404,pgexplainer,attribution,6,928,0.0,0.52,0.9943965517233793,1.0,1.0,10,10,1.0,0.004338544327765703,1.0,1.0,1.0,6
graph,0,2026-10-07T09:40:32,nodeGcor1,3.11.9,unknown,13158094,399,3,0,0.8720595836639404,integrated_gradients,attribution,6,928,0.9986085039717254,1.0,0.7439785036061504,0.9714285714285715,0.7142857142857143,10,10,0.7142857142857143,0.20384348696097732,0.9989154013015185,0.49945770065075923,0.8333333333333334,6
graph,0,2026-10-07T09:40:32,nodeGcor1,3.11.9,unknown,13158094,399,3,0,0.8720595836639404,lime,attribution,6,928,0.9029147687210729,0.98,0.42571169899635986,0.2,0.09090909090909091,10,10,0.3333333333333333,0.23766259290277958,0.9710773680404916,0.5112075198843095,0.3333333333333333,6
graph,0,2026-10-07T09:40:32,nodeGcor1,3.11.9,unknown,13158094,399,3,0,0.8720595836639404,random,attribution,6,928,0.0,0.54,0.3323370708988316,0.0,0.0,10,10,0.0,1.8020160496234894e-05,0.43745480838756323,0.43745480838756323,0.0,6
graph,0,2026-10-07T09:40:32,nodeGcor1,3.11.9,unknown,13158094,400,1,1,0.9461619853973389,gnnexplainer,attribution,6,13,0.0398603901712201,1.0,0.24144385246203603,0.7142857142857143,0.7142857142857143,10,10,0.7142857142857143,0.4315446908585727,0.880952380952381,0.880952380952381,0.8333333333333334,6
graph,0,2026-10-07T09:40:32,nodeGcor1,3.11.9,unknown,13158094,400,1,1,0.9461619853973389,pgexplainer,attribution,6,13,0.03986045065643691,1.0,0.3751315671584847,0.7928571428571429,0.5,10,10,1.0,0.0040038637816905975,0.9285714285714285,0.9285714285714285,1.0,6
graph,0,2026-10-07T09:40:32,nodeGcor1,3.11.9,unknown,13158094,400,1,1,0.9461619853973389,integrated_gradients,attribution,6,13,0.03986183908558636,1.0,0.598987230398673,0.9714285714285715,0.7142857142857143,10,10,1.0,0.19480886962264776,0.9285714285714286,0.5476190476190477,0.8333333333333334,6
graph,0,2026-10-07T09:40:32,nodeGcor1,3.11.9,unknown,13158094,400,1,1,0.9461619853973389,lime,attribution,6,13,0.03986183908558636,1.0,0.5091389917667877,0.9428571428571428,0.7142857142857143,10,10,1.0,0.0444744429551065,0.8333333333333334,0.47619047619047616,0.8333333333333334,6
graph,0,2026-10-07T09:40:32,nodeGcor1,3.11.9,unknown,13158094,400,1,1,0.9461619853973389,random,attribution,6,13,0.03881572291314439,0.52,0.37086644410302305,0.35666666666666663,0.2,10,10,0.2,2.0645558834075928e-05,0.16666666666666669,0.16666666666666669,0.16666666666666666,6
graph,0,2026-10-07T09:40:32,nodeGcor1,3.11.9,unknown,13158094,405,1,0,0.584585964679718,gnnexplainer,attribution,6,608,0.9999949905246116,0.59,0.7197862141111043,0.6500000000000001,0.5,10,10,0.7142857142857143,0.42760223615914583,0.9889258028792912,0.9889258028792912,0.3333333333333333,6
graph,0,2026-10-07T09:40:32,nodeGcor1,3.11.9,unknown,13158094,405,1,0,0.584585964679718,pgexplainer,attribution,6,608,0.0,0.27,0.9901315789473685,1.0,1.0,10,10,1.0,0.004176947753876448,1.0,1.0,1.0,6
graph,0,2026-10-07T09:40:32,nodeGcor1,3.11.9,unknown,13158094,405,1,0,0.584585964679718,integrated_gradients,attribution,6,608,0.9979242965652233,0.88,0.8402314527443717,1.0,0.7142857142857143,10,10,1.0,0.20025837095454335,0.9964008859357696,0.49806201550387597,0.6666666666666666,6
graph,0,2026-10-07T09:40:32,nodeGcor1,3.11.9,unknown,13158094,405,1,0,0.584585964679718,lime,attribution,6,608,0.9997476349507688,1.0,0.4478271025665701,0.5095238095238095,0.5,10,10,0.5,0.20992769906297326,0.7591362126245846,0.5650609080841639,0.0,6
graph,0,2026-10-07T09:40:32,nodeGcor1,3.11.9,unknown,13158094,405,1,0,0.584585964679718,random,attribution,6,608,0.014872677797766574,0.41,0.3298353111416117,0.00909090909090909,0.0,10,10,0.0,1.3743061572313309e-05,0.42884828349944626,0.42884828349944626,0.0,6
graph,0,2026-10-07T09:40:32,nodeGcor1,3.11.9,unknown,13158094,408,2,3,0.4492911994457245,gnnexplainer,attribution,6,23,0.856449849227965,0.54,0.43934389452827394,0.7142857142857143,0.7142857142857143,10,10,1.0,0.428554005920887,0.9705882352941176,0.9705882352941176,0.8333333333333334,6
graph,0,2026-10-07T09:40:32,nodeGcor1,3.11.9,unknown,13158094,408,2,3,0.4492911994457245,pgexplainer,attribution,6,23,0.8564510385988936,0.98,0.7490847271273968,1.0,1.0,10,10,1.0,0.004151205066591501,1.0,1.0,1.0,6
graph,0,2026-10-07T09:40:32,nodeGcor1,3.11.9,unknown,13158094,408,2,3,0.4492911994457245,integrated_gradients,attribution,6,23,0.8564510385988936,0.44,0.7193207018900674,0.9142857142857143,0.7142857142857143,10,10,1.0,0.19751681899651885,0.9901960784313726,0.5,0.8333333333333334,6
graph,0,2026-10-07T09:40:32,nodeGcor1,3.11.9,unknown,13158094,408,2,3,0.4492911994457245,lime,attribution,6,23,0.856449849227965,0.55,0.5711967031203372,0.41666666666666663,0.3333333333333333,10,10,0.3333333333333333,0.04557035677134991,0.7058823529411765,0.7549019607843137,0.6666666666666666,6
graph,0,2026-10-07T09:40:32,nodeGcor1,3.11.9,unknown,13158094,408,2,3,0.4492911994457245,random,attribution,6,23,0.8859304397136513,0.18,0.30786510903062525,0.21484848484848484,0.0,10,10,0.09090909090909091,2.201506868004799e-05,0.6078431372549019,0.6078431372549019,0.3333333333333333,6
graph,0,2026-10-07T09:40:32,nodeGcor1,3.11.9,unknown,13158094,409,3,3,0.6150725483894348,gnnexplainer,attribution,6,23,0.8951415818901237,0.29,0.43512867859534854,0.7142857142857143,0.7142857142857143,10,10,0.7142857142857143,0.40585731994360685,0.9607843137254902,0.9607843137254902,0.8333333333333334,6
graph,0,2026-10-07T09:40:32,nodeGcor1,3.11.9,unknown,13158094,409,3,3,0.6150725483894348,pgexplainer,attribution,6,23,0.8951415818901237,0.72,0.7157524130844961,1.0,1.0,10,10,1.0,0.004067733883857727,1.0,1.0,1.0,6
graph,0,2026-10-07T09:40:32,nodeGcor1,3.11.9,unknown,13158094,409,3,3,0.6150725483894348,integrated_gradients,attribution,6,23,0.8951415920516227,0.65,0.7686225902415964,1.0,1.0,10,10,1.0,0.19431662978604436,0.8725490196078431,0.5294117647058824,0.8333333333333334,6
graph,0,2026-10-07T09:40:32,nodeGcor1,3.11.9,unknown,13158094,409,3,3,0.6150725483894348,lime,attribution,6,23,0.8951407339551071,0.53,0.5298262966668594,0.3666666666666667,0.3333333333333333,10,10,0.7142857142857143,0.04530309699475765,0.9313725490196078,0.9705882352941176,0.8333333333333334,6
graph,0,2026-10-07T09:40:32,nodeGcor1,3.11.9,unknown,13158094,409,3,3,0.6150725483894348,random,attribution,6,23,0.0,0.35,0.3547659859503417,0.1745454545454545,0.0,10,10,0.09090909090909091,2.1412968635559082e-05,0.5098039215686274,0.5098039215686274,0.3333333333333333,6
graph,0,2026-10-07T09:40:32,nodeGcor1,3.11.9,unknown,13158094,411,1,1,0.9816123843193054,gnnexplainer,attribution,6,16,0.07453729108201043,0.52,0.39791375832995923,0.7142857142857143,0.7142857142857143,10,10,0.7142857142857143,0.43746305629611015,0.9333333333333333,0.9333333333333333,0.8333333333333334,6
graph,0,2026-10-07T09:40:32,nodeGcor1,3.11.9,unknown,13158094,411,1,1,0.9816123843193054,pgexplainer,attribution,6,16,0.029760352396479072,0.48,0.06072090148723985,0.6795238095238095,0.2,10,10,1.0,0.00402887724339962,0.75,0.75,0.3333333333333333,6
graph,0,2026-10-07T09:40:32,nodeGcor1,3.11.9,unknown,13158094,411,1,1,0.9816123843193054,integrated_gradients,attribution,6,16,0.07453589449528054,1.0,0.6451761023046935,0.9714285714285715,1.0,10,10,1.0,0.19421045016497374,0.9833333333333334,0.5166666666666667,0.8333333333333334,6
graph,0,2026-10-07T09:40:32,nodeGcor1,3.11.9,unknown,13158094,411,1,1,0.9816123843193054,lime,attribution,6,16,0.07453729108201043,1.0,0.5770930045166253,1.0,0.7142857142857143,10,10,1.0,0.04436126817017794,0.8833333333333333,0.4833333333333333,0.8333333333333334,6
graph,0,2026-10-07T09:40:32,nodeGcor1,3.11.9,unknown,13158094,411,1,1,0.9816123843193054,random,attribution,6,16,0.9894775292383022,0.79,0.47179166167512454,0.21818181818181817,0.09090909090909091,10,10,0.09090909090909091,2.1045096218585968e-05,0.6666666666666667,0.6666666666666667,0.5,6
graph,0,2026-10-07T09:40:32,nodeGcor1,3.11.9,unknown,13158094,413,2,2,0.5126066207885742,gnnexplainer,attribution,6,16,0.9495829693842038,0.06,0.5842441718702671,0.7142857142857143,0.7142857142857143,10,10,0.7142857142857143,0.4381281463429332,0.9333333333333333,0.9333333333333333,0.8333333333333334,6
graph,0,2026-10-07T09:40:32,nodeGcor1,3.11.9,unknown,13158094,413,2,2,0.5126066207885742,pgexplainer,attribution,6,16,0.9243073673071125,0.04,0.27638543714797636,0.7142857142857143,0.7142857142857143,10,10,1.0,0.0039805020205676556,0.85,0.85,0.6666666666666666,6
graph,0,2026-10-07T09:40:32,nodeGcor1,3.11.9,unknown,13158094,413,2,2,0.5126066207885742,integrated_gradients,attribution,6,16,0.9495830221455256,0.04,0.5951054640478142,1.0,1.0,10,10,1.0,0.1947582378052175,1.0,0.6666666666666666,1.0,6
graph,0,2026-10-07T09:40:32,nodeGcor1,3.11.9,unknown,13158094,413,2,2,0.5126066207885742,lime,attribution,6,16,0.9495830045584306,0.06,0.5849120534952602,0.7142857142857143,0.7142857142857143,10,10,0.7142857142857143,0.04419613117352128,0.85,0.7,0.6666666666666666,6
graph,0,2026-10-07T09:40:32,nodeGcor1,3.11.9,unknown,13158094,413,2,2,0.5126066207885742,random,attribution,6,16,0.9740273785823952,0.14,0.29542848647003284,0.31627705627705627,0.09090909090909091,10,10,0.2,2.0798295736312866e-05,0.5833333333333334,0.5833333333333334,0.3333333333333333,6
graph,0,2026-10-07T09:40:32,nodeGcor1,3.11.9,unknown,13158094,416,1,1,0.6847648024559021,gnnexplainer,attribution,6,272,0.0,0.55,0.6442493247471718,0.41666666666666663,0.09090909090909091,10,10,0.3333333333333333,0.4503388968296349,0.9793233082706766,0.9793233082706766,0.16666666666666666,6
graph,0,2026-10-07T09:40:32,nodeGcor1,3.11.9,unknown,13158094,416,1,1,0.6847648024559021,pgexplainer,attribution,6,272,0.9999999148454001,0.89,0.9759243389292934,1.0,1.0,10,10,1.0,0.004222298972308636,1.0,1.0,1.0,6
graph,0,2026-10-07T09:40:32,nodeGcor1,3.11.9,unknown,13158094,416,1,1,0.6847648024559021,integrated_gradients,attribution,6,272,0.0,0.3,0.8016165018965205,0.9142857142857143,0.5,10,10,1.0,0.20063007296994328,0.9943609022556391,0.5037593984962406,0.6666666666666666,6
graph,0,2026-10-07T09:40:32,nodeGcor1,3.11.9,unknown,13158094,416,1,1,0.6847648024559021,lime,attribution,6,272,0.0,0.69,0.5210789725199978,0.7428571428571429,0.7142857142857143,10,10,1.0,0.1962188039906323,0.9899749373433584,0.5043859649122807,0.6666666666666666,6
graph,0,2026-10-07T09:40:32,nodeGcor1,3.11.9,unknown,13158094,416,1,1,0.6847648024559021,random,attribution,6,272,0.0,0.55,0.319192215518581,0.0,0.0,10,10,0.0,2.265768125653267e-05,0.4141604010025063,0.4141604010025063,0.0,6
graph,0,2026-10-07T09:40:32,nodeGcor1,3.11.9,unknown,13158094,418,2,3,0.6810904145240784,gnnexplainer,attribution,6,7,0.9053061910667402,1.0,0.15509166784647,1.0,1.0,10,10,1.0,0.435815054923296,1.0,1.0,1.0,6
graph,0,2026-10-07T09:40:32,nodeGcor1,3.11.9,unknown,13158094,418,2,3,0.6810904145240784,pgexplainer,attribution,6,7,0.9053061744927561,1.0,0.0,1.0,1.0,10,10,1.0,0.0039682090282440186,0.5,0.5,1.0,6
graph,0,2026-10-07T09:40:32,nodeGcor1,3.11.9,unknown,13158094,418,2,3,0.6810904145240784,integrated_gradients,attribution,6,7,0.9053061910667402,1.0,0.3676449178026492,0.7142857142857143,0.7142857142857143,10,10,1.0,0.19566845335066319,0.6666666666666666,0.8333333333333334,0.8333333333333334,6
graph,0,2026-10-07T09:40:32,nodeGcor1,3.11.9,unknown,13158094,418,2,3,0.6810904145240784,lime,attribution,6,7,0.9053061744927561,1.0,0.36644063057814724,1.0,1.0,10,10,1.0,0.043389791157096624,1.0,0.6666666666666666,1.0,6
graph,0,2026-10-07T09:40:32,nodeGcor1,3.11.9,unknown,13158094,418,2,3,0.6810904145240784,random,attribution,6,7,0.9053061744927561,1.0,0.32589692192105246,0.7428571428571429,0.7142857142857143,10,10,0.7142857142857143,2.081366255879402e-05,0.5,0.5,0.8333333333333334,6
graph,0,2026-10-07T09:40:32,nodeGcor1,3.11.9,unknown,13158094,419,3,0,0.7879903316497803,gnnexplainer,attribution,6,14,0.9984601033261751,0.82,0.3966036316904892,0.7142857142857143,0.7142857142857143,10,10,1.0,0.4175815051421523,0.9166666666666666,0.9166666666666666,0.8333333333333334,6
graph,0,2026-10-07T09:40:32,nodeGcor1,3.11.9,unknown,13158094,419,3,0,0.7879903316497803,pgexplainer,attribution,6,14,0.998460051175131,0.39,0.5779218408369767,0.8571428571428571,0.7142857142857143,10,10,1.0,0.0040030828677117825,1.0,1.0,1.0,6
graph,0,2026-10-07T09:40:32,nodeGcor1,3.11.9,unknown,13158094,419,3,0,0.7879903316497803,integrated_gradients,attribution,6,14,0.9984601033261751,0.5,0.6360869963500158,0.9142857142857143,0.7142857142857143,10,10,1.0,0.19602198991924524,0.7708333333333333,0.5833333333333333,0.6666666666666666,6
graph,0,2026-10-07T09:40:32,nodeGcor1,3.11.9,unknown,13158094,419,3,0,0.7879903316497803,lime,attribution,6,14,0.9984601033261751,0.73,0.3952166027462153,1.0,1.0,10,10,1.0,0.04425844503566623,0.8125,0.625,0.8333333333333334,6
graph,0,2026-10-07T09:40:32,nodeGcor1,3.11.9,unknown,13158094,419,3,0,0.7879903316497803,random,attribution,6,14,0.998460051175131,0.39,0.31012852929087253,0.3157575757575758,0.09090909090909091,10,10,0.5,8.797738701105118e-06,0.4166666666666667,0.4166666666666667,0.3333333333333333,6
graph,0,2026-10-07T09:40:32,nodeGcor1,3.11.9,unknown,13158094,420,1,0,0.7972314953804016,gnnexplainer,attribution,6,198,0.36933303447452936,0.46,0.6364245332947995,0.7142857142857143,0.5,10,10,0.5,0.4186058412306011,0.9765625,0.9765625,0.3333333333333333,6
graph,0,2026-10-07T09:40:32,nodeGcor1,3.11.9,unknown,13158094,420,1,0,0.7972314953804016,pgexplainer,attribution,6,198,0.0,0.12,0.9696967592248376,1.0,1.0,10,10,1.0,0.004236031323671341,1.0,1.0,1.0,6
graph,0,2026-10-07T09:40:32,nodeGcor1,3.11.9,unknown,13158094,420,1,0,0.7972314953804016,integrated_gradients,attribution,6,198,0.2941701449624697,0.85,0.7750207209390149,0.8857142857142858,0.7142857142857143,10,10,1.0,0.19994161138311028,0.8194444444444443,0.6067708333333334,0.3333333333333333,6
graph,0,2026-10-07T09:40:32,nodeGcor1,3.11.9,unknown,13158094,420,1,0,0.7972314953804016,lime,attribution,6,198,0.9739035231263965,0.97,0.5330636133297071,0.5214285714285715,0.5,10,10,0.5,0.07103371899574995,0.7795138888888888,0.4930555555555556,0.16666666666666666,6
graph,0,2026-10-07T09:40:32,nodeGcor1,3.11.9,unknown,13158094,420,1,0,0.7972314953804016,random,attribution,6,198,0.7134684600793446,0.29,0.3409334160545078,0.00909090909090909,0.0,10,10,0.0,1.0746065527200699e-05,0.6770833333333333,0.6770833333333333,0.16666666666666666,6
graph,0,2026-10-07T09:40:32,nodeGcor1,3.11.9,unknown,13158094,421,1,1,0.8855271935462952,gnnexplainer,attribution,6,12,0.0,0.94,0.1816443669821809,0.7142857142857143,0.7142857142857143,10,10,0.7142857142857143,0.4322772971354425,0.8333333333333334,0.8333333333333334,0.8333333333333334,6
graph,0,2026-10-07T09:40:32,nodeGcor1,3.11.9,unknown,13158094,421,1,1,0.8855271935462952,pgexplainer,attribution,6,12,0.0,1.0,0.455448801862405,1.0,1.0,10,10,1.0,0.0039865439757704735,1.0,1.0,1.0,6
graph,0,2026-10-07T09:40:32,nodeGcor1,3.11.9,unknown,13158094,421,1,1,0.8855271935462952,integrated_gradients,attribution,6,12,0.0,1.0,0.5914026783880901,0.9428571428571428,0.7142857142857143,10,10,1.0,0.19535673316568136,0.888888888888889,0.4444444444444444,0.8333333333333334,6
graph,0,2026-10-07T09:40:32,nodeGcor1,3.11.9,unknown,13158094,421,1,1,0.8855271935462952,lime,attribution,6,12,0.0,1.0,0.44923479727271565,0.9714285714285715,0.7142857142857143,10,10,0.7142857142857143,0.04477986879646778,0.8055555555555557,0.5277777777777778,0.8333333333333334,6
graph,0,2026-10-07T09:40:32,nodeGcor1,3.11.9,unknown,13158094,421,1,1,0.8855271935462952,random,attribution,6,12,0.9425150218773863,0.54,0.3232012689148238,0.3466666666666667,0.2,10,10,0.2,2.234429121017456e-05,0.4722222222222222,0.4722222222222222,0.5,6
graph,0,2026-10-07T09:40:32,nodeGcor1,3.11.9,unknown,13158094,423,2,0,0.49559614062309265,gnnexplainer,attribution,6,12,0.9975515883573054,0.53,0.21428720499893128,nan,nan,0,0,0.7142857142857143,0.41798863280564547,0.9166666666666667,0.9166666666666667,0.8333333333333334,6
graph,0,2026-10-07T09:40:32,nodeGcor1,3.11.9,unknown,13158094,423,2,0,0.49559614062309265,pgexplainer,attribution,6,12,0.9975515051434843,0.01,0.5681067868818099,nan,nan,0,0,1.0,0.004087965004146099,1.0,1.0,1.0,6
graph,0,2026-10-07T09:40:32,nodeGcor1,3.11.9,unknown,13158094,423,2,0,0.49559614062309265,integrated_gradients,attribution,6,12,0.9975515051434843,0.03,0.6554970585992523,nan,nan,0,0,1.0,0.19841436995193362,0.8611111111111112,0.3055555555555556,0.8333333333333334,6
graph,0,2026-10-07T09:40:32,nodeGcor1,3.11.9,unknown,13158094,423,2,0,0.49559614062309265,lime,attribution,6,12,0.997551506321389,0.38,0.4439266637372228,nan,nan,0,0,0.5,0.044751495122909546,0.6111111111111112,0.4444444444444445,0.6666666666666666,6
graph,0,2026-10-07T09:40:32,nodeGcor1,3.11.9,unknown,13158094,423,2,0,0.49559614062309265,random,attribution,6,12,0.9975515874739063,0.22,0.3666673704361587,nan,nan,0,0,0.3333333333333333,2.237502485513687e-05,0.5555555555555556,0.5555555555555556,0.5,6
graph,0,2026-10-07T09:40:32,nodeGcor1,3.11.9,unknown,13158094,425,1,1,0.8324733376502991,gnnexplainer,attribution,6,13,0.0,1.0,0.19083002995685538,0.7142857142857143,0.7142857142857143,10,10,0.7142857142857143,0.4192958711646497,0.880952380952381,0.880952380952381,0.8333333333333334,6
graph,0,2026-10-07T09:40:32,nodeGcor1,3.11.9,unknown,13158094,425,1,1,0.8324733376502991,pgexplainer,attribution,6,13,0.0,1.0,0.5957840866488189,1.0,1.0,10,10,1.0,0.003950431942939758,1.0,1.0,1.0,6
graph,0,2026-10-07T09:40:32,nodeGcor1,3.11.9,unknown,13158094,425,1,1,0.8324733376502991,integrated_gradients,attribution,6,13,0.0,1.0,0.5960506896161348,0.7142857142857143,0.7142857142857143,10,10,1.0,0.1973500489257276,0.9047619047619049,0.4285714285714286,0.8333333333333334,6
graph,0,2026-10-07T09:40:32,nodeGcor1,3.11.9,unknown,13158094,425,1,1,0.8324733376502991,lime,attribution,6,13,0.0,1.0,0.44354717622507134,0.9428571428571428,0.7142857142857143,10,10,1.0,0.04478249279782176,0.9285714285714286,0.40476190476190477,0.8333333333333334,6
graph,0,2026-10-07T09:40:32,nodeGcor1,3.11.9,unknown,13158094,425,1,1,0.8324733376502991,random,attribution,6,13,0.0,0.74,0.3418338975668693,0.2890909090909091,0.09090909090909091,10,10,0.2,2.1756161004304886e-05,0.7619047619047619,0.7619047619047619,0.6666666666666666,6
graph,0,2026-10-07T09:40:32,nodeGcor1,3.11.9,unknown,13158094,426,1,1,0.622077226638794,gnnexplainer,attribution,6,165,0.0,0.44,0.6055020530301949,0.10181818181818184,0.3333333333333333,10,10,0.3333333333333333,0.4241504268720746,0.9727463312368972,0.9727463312368972,0.3333333333333333,6
graph,0,2026-10-07T09:40:32,nodeGcor1,3.11.9,unknown,13158094,426,1,1,0.622077226638794,pgexplainer,attribution,6,165,0.9999999728277676,0.85,0.9340000526969171,0.9428571428571428,0.7142857142857143,10,10,1.0,0.004178727976977825,0.9968553459119497,0.9968553459119497,0.8333333333333334,6
graph,0,2026-10-07T09:40:32,nodeGcor1,3.11.9,unknown,13158094,426,1,1,0.622077226638794,integrated_gradients,attribution,6,165,0.9979479259792398,0.16,0.7407452100303331,0.9142857142857143,0.3333333333333333,10,10,1.0,0.20270203100517392,0.9811320754716981,0.5125786163522013,0.3333333333333333,6
graph,0,2026-10-07T09:40:32,nodeGcor1,3.11.9,unknown,13158094,426,1,1,0.622077226638794,lime,attribution,6,165,0.0,0.51,0.5744667036795981,0.6285714285714287,0.5,10,10,0.7142857142857143,0.07058055885136127,0.9811320754716981,0.5146750524109014,0.5,6
graph,0,2026-10-07T09:40:32,nodeGcor1,3.11.9,unknown,13158094,426,1,1,0.622077226638794,random,attribution,6,165,0.9897893460490352,0.59,0.37528489518949404,0.02727272727272727,0.0,10,10,0.0,1.939898356795311e-05,0.4538784067085954,0.4538784067085954,0.16666666666666666,6
graph,0,2026-10-07T09:40:32,nodeGcor1,3.11.9,unknown,13158094,428,2,3,0.6810905337333679,gnnexplainer,attribution,6,7,0.9053061910667402,1.0,0.15509166682412556,1.0,1.0,10,10,1.0,0.41434423718601465,1.0,1.0,1.0,6
graph,0,2026-10-07T09:40:32,nodeGcor1,3.11.9,unknown,13158094,428,2,3,0.6810905337333679,pgexplainer,attribution,6,7,0.9053061910667402,1.0,0.0,1.0,1.0,10,10,1.0,0.003940167371183634,0.5,0.5,1.0,6
graph,0,2026-10-07T09:40:32,nodeGcor1,3.11.9,unknown,13158094,428,2,3,0.6810905337333679,integrated_gradients,attribution,6,7,0.9053061910667402,1.0,0.36764490997421784,0.7142857142857143,0.7142857142857143,10,10,1.0,0.194786393083632,0.6666666666666666,0.8333333333333334,0.8333333333333334,6
graph,0,2026-10-07T09:40:32,nodeGcor1,3.11.9,unknown,13158094,428,2,3,0.6810905337333679,lime,attribution,6,7,0.9053061744927561,1.0,0.36644062597258864,1.0,1.0,10,10,1.0,0.04318395024165511,1.0,0.6666666666666666,1.0,6
graph,0,2026-10-07T09:40:32,nodeGcor1,3.11.9,unknown,13158094,428,2,3,0.6810905337333679,random,attribution,6,7,0.9053061744927561,0.51,0.1724084193025942,0.7142857142857143,0.7142857142857143,10,10,0.7142857142857143,2.116803079843521e-05,0.6666666666666666,0.6666666666666666,0.8333333333333334,6
graph,0,2026-10-07T09:40:32,nodeGcor1,3.11.9,unknown,13158094,430,1,1,0.5261138081550598,gnnexplainer,attribution,6,871,0.9999283749543648,0.66,0.7239747797981604,0.35,0.0,10,10,0.2,0.4260020758956671,0.9967244701348748,0.9967244701348748,0.5,6
graph,0,2026-10-07T09:40:32,nodeGcor1,3.11.9,unknown,13158094,430,1,1,0.5261138081550598,pgexplainer,attribution,6,871,0.9999999957294616,0.73,0.9931113662453467,1.0,1.0,10,10,1.0,0.004219803959131241,1.0,1.0,1.0,6
graph,0,2026-10-07T09:40:32,nodeGcor1,3.11.9,unknown,13158094,430,1,1,0.5261138081550598,integrated_gradients,attribution,6,871,0.0,0.69,0.8661635398547938,1.0,0.7142857142857143,10,10,1.0,0.20243560383096337,0.9988439306358382,0.500578034682081,0.8333333333333334,6
graph,0,2026-10-07T09:40:32,nodeGcor1,3.11.9,unknown,13158094,430,1,1,0.5261138081550598,lime,attribution,6,871,0.0,0.58,0.4323884057418985,0.33333333333333337,0.3333333333333333,10,10,0.5,0.2380195688456297,0.9921001926782274,0.5040462427745664,0.5,6
graph,0,2026-10-07T09:40:32,nodeGcor1,3.11.9,unknown,13158094,430,1,1,0.5261138081550598,random,attribution,6,871,0.023251232196802547,0.46,0.33278985276458206,0.00909090909090909,0.0,10,10,0.0,1.733936369419098e-05,0.5998073217726396,0.5998073217726396,0.0,6
graph,0,2026-10-07T09:40:32,nodeGcor1,3.11.9,unknown,13158094,432,2,3,0.6810905337333679,gnnexplainer,attribution,6,7,0.9053061744927561,1.0,0.1229549088491777,1.0,1.0,10,10,1.0,0.43168931221589446,1.0,1.0,1.0,6
graph,0,2026-10-07T09:40:32,nodeGcor1,3.11.9,unknown,13158094,432,2,3,0.6810905337333679,pgexplainer,attribution,6,7,0.9053061910667402,1.0,0.0,1.0,1.0,10,10,1.0,0.004057649057358503,0.5,0.5,1.0,6
graph,0,2026-10-07T09:40:32,nodeGcor1,3.11.9,unknown,13158094,432,2,3,0.6810905337333679,integrated_gradients,attribution,6,7,0.9053061910667402,1.0,0.3676447604809048,0.7142857142857143,0.7142857142857143,10,10,1.0,0.19696550583466887,0.6666666666666666,0.8333333333333334,0.8333333333333334,6
graph,0,2026-10-07T09:40:32,nodeGcor1,3.11.9,unknown,13158094,432,2,3,0.6810905337333679,lime,attribution,6,7,0.9053061744927561,1.0,0.30279801133644013,0.7142857142857143,0.7142857142857143,10,10,0.7142857142857143,0.04370003892108798,0.6666666666666666,0.8333333333333334,0.8333333333333334,6
graph,0,2026-10-07T09:40:32,nodeGcor1,3.11.9,unknown,13158094,432,2,3,0.6810905337333679,random,attribution,6,7,0.9053061910667402,0.44,0.2135504284349259,0.7714285714285715,0.7142857142857143,10,10,0.7142857142857143,2.241414040327072e-05,0.6666666666666666,0.6666666666666666,0.8333333333333334,6
graph,0,2026-10-07T09:40:32,nodeGcor1,3.11.9,unknown,13158094,434,3,0,0.6598238348960876,gnnexplainer,attribution,6,40,0.9981609831964205,0.46,0.47262504937871463,1.0,0.7142857142857143,10,10,1.0,0.4289621729403734,0.9754901960784313,0.9754901960784313,0.8333333333333334,6
graph,0,2026-10-07T09:40:32,nodeGcor1,3.11.9,unknown,13158094,434,3,0,0.6598238348960876,pgexplainer,attribution,6,40,0.9981609210813305,0.34,0.8700009022398719,1.0,1.0,10,10,1.0,0.00414836872369051,1.0,1.0,1.0,6
graph,0,2026-10-07T09:40:32,nodeGcor1,3.11.9,unknown,13158094,434,3,0,0.6598238348960876,integrated_gradients,attribution,6,40,0.998160921911989,0.66,0.7573422790048764,1.0,1.0,10,10,1.0,0.201450920663774,0.9705882352941176,0.6470588235294117,0.8333333333333334,6
graph,0,2026-10-07T09:40:32,nodeGcor1,3.11.9,unknown,13158094,434,3,0,0.6598238348960876,lime,attribution,6,40,0.9601131955224953,0.94,0.639248114779515,0.9714285714285715,0.5,10,10,0.7142857142857143,0.04650913318619132,0.926470588235294,0.6715686274509803,0.6666666666666666,6
graph,0,2026-10-07T09:40:32,nodeGcor1,3.11.9,unknown,13158094,434,3,0,0.6598238348960876,random,attribution,6,40,0.0,0.23,0.3137369874162994,0.05454545454545455,0.0,10,10,0.0,2.1887943148612976e-05,0.5098039215686274,0.5098039215686274,0.16666666666666666,6
graph,0,2026-10-07T09:40:32,nodeGcor1,3.11.9,unknown,13158094,435,1,0,0.8629615902900696,gnnexplainer,attribution,6,250,0.9633101539838049,0.52,0.6429298221716137,0.4666666666666666,0.3333333333333333,10,10,0.7142857142857143,0.416690438054502,0.9849726775956283,0.9849726775956283,0.5,6
graph,0,2026-10-07T09:40:32,nodeGcor1,3.11.9,unknown,13158094,435,1,0,0.8629615902900696,pgexplainer,attribution,6,250,0.0,0.2,0.976,1.0,1.0,10,10,1.0,0.0042406730353832245,1.0,1.0,1.0,6
graph,0,2026-10-07T09:40:32,nodeGcor1,3.11.9,unknown,13158094,435,1,0,0.8629615902900696,integrated_gradients,attribution,6,250,0.969502370134714,0.96,0.7954297414726632,1.0,0.7142857142857143,10,10,1.0,0.2028339123353362,0.9877049180327869,0.4931693989071038,0.5,6
graph,0,2026-10-07T09:40:32,nodeGcor1,3.11.9,unknown,13158094,435,1,0,0.8629615902900696,lime,attribution,6,250,0.9758912028563179,1.0,0.548255972910269,0.5857142857142857,0.5,10,10,0.7142857142857143,0.07507831091061234,0.8435792349726776,0.5887978142076502,0.16666666666666666,6
graph,0,2026-10-07T09:40:32,nodeGcor1,3.11.9,unknown,13158094,435,1,0,0.8629615902900696,random,attribution,6,250,0.1539910944017178,0.33,0.32651677611465024,0.0,0.0,10,10,0.0,2.333894371986389e-05,0.5040983606557377,0.5040983606557377,0.0,6
graph,0,2026-10-07T09:40:32,nodeGcor1,3.11.9,unknown,13158094,438,2,0,0.5344577431678772,gnnexplainer,attribution,6,15,0.9977295393371708,0.52,0.3428096222393914,0.7142857142857143,0.7142857142857143,10,10,0.7142857142857143,0.4301169882528484,0.9444444444444444,0.9444444444444444,0.8333333333333334,6
graph,0,2026-10-07T09:40:32,nodeGcor1,3.11.9,unknown,13158094,438,2,0,0.5344577431678772,pgexplainer,attribution,6,15,0.9977295390839613,0.07,0.680976933367656,1.0,1.0,10,10,1.0,0.004014140926301479,1.0,1.0,1.0,6
graph,0,2026-10-07T09:40:32,nodeGcor1,3.11.9,unknown,13158094,438,2,0,0.5344577431678772,integrated_gradients,attribution,6,15,0.9977295413628448,0.1,0.6908364325213946,0.7142857142857143,0.7142857142857143,10,10,1.0,0.19714054698124528,0.8703703703703703,0.35185185185185186,0.6666666666666666,6
graph,0,2026-10-07T09:40:32,nodeGcor1,3.11.9,unknown,13158094,438,2,0,0.5344577431678772,lime,attribution,6,15,0.9977295390839613,0.41,0.55204889192252,0.5642857142857143,0.5,10,10,0.7142857142857143,0.04471287224441767,0.7222222222222222,0.462962962962963,0.6666666666666666,6
graph,0,2026-10-07T09:40:32,nodeGcor1,3.11.9,unknown,13158094,438,2,0,0.5344577431678772,random,attribution,6,15,0.918107877480961,0.26,0.3432522922683564,0.2890909090909091,0.2,10,10,0.2,2.1791085600852966e-05,0.2777777777777778,0.2777777777777778,0.16666666666666666,6
graph,0,2026-10-07T09:40:32,nodeGcor1,3.11.9,unknown,13158094,439,3,0,0.8588331341743469,gnnexplainer,attribution,6,15,0.9985871229855159,0.46,0.37920136744986777,1.0,1.0,10,10,0.7142857142857143,0.40503632416948676,0.9814814814814814,0.9814814814814814,0.8333333333333334,6
graph,0,2026-10-07T09:40:32,nodeGcor1,3.11.9,unknown,13158094,439,3,0,0.8588331341743469,pgexplainer,attribution,6,15,0.9985870752342538,0.42,0.6533431807739347,1.0,1.0,10,10,1.0,0.0039976793341338634,1.0,1.0,1.0,6
graph,0,2026-10-07T09:40:32,nodeGcor1,3.11.9,unknown,13158094,439,3,0,0.8588331341743469,integrated_gradients,attribution,6,15,0.9985871230835722,0.57,0.6563552051275297,0.9142857142857143,0.7142857142857143,10,10,1.0,0.1975288800895214,0.8333333333333333,0.5370370370370371,0.6666666666666666,6
graph,0,2026-10-07T09:40:32,nodeGcor1,3.11.9,unknown,13158094,439,3,0,0.8588331341743469,lime,attribution,6,15,0.9985870752342538,0.55,0.4632596822432469,0.6285714285714286,0.5,10,10,0.7142857142857143,0.044889391865581274,0.9074074074074073,0.611111111111111,0.8333333333333334,6
graph,0,2026-10-07T09:40:32,nodeGcor1,3.11.9,unknown,13158094,439,3,0,0.8588331341743469,random,attribution,6,15,0.0,0.42,0.2196548055717219,0.31333333333333335,0.09090909090909091,10,10,0.2,2.2138003259897232e-05,0.5185185185185186,0.5185185185185186,0.3333333333333333,6
graph,0,2026-10-07T09:40:32,nodeGcor1,3.11.9,unknown,13158094,442,2,0,0.9049896597862244,gnnexplainer,attribution,6,49,0.9986591816393127,0.51,0.3434251477493663,0.7142857142857143,0.7142857142857143,10,10,1.0,0.41520816506817937,0.9922480620155039,0.9922480620155039,0.8333333333333334,6
graph,0,2026-10-07T09:40:32,nodeGcor1,3.11.9,unknown,13158094,442,2,0,0.9049896597862244,pgexplainer,attribution,6,49,0.9986591362303716,0.46,0.965972235715695,1.0,1.0,10,10,1.0,0.004206845071166754,1.0,1.0,1.0,6
graph,0,2026-10-07T09:40:32,nodeGcor1,3.11.9,unknown,13158094,442,2,0,0.9049896597862244,integrated_gradients,attribution,6,49,0.9986591362303716,1.0,0.8308895971122257,1.0,1.0,10,10,1.0,0.20173003897070885,0.9806201550387597,0.3294573643410853,0.8333333333333334,6
graph,0,2026-10-07T09:40:32,nodeGcor1,3.11.9,unknown,13158094,442,2,0,0.9049896597862244,lime,attribution,6,49,0.9995566460411418,0.99,0.7593836409328483,0.2,0.2,10,10,0.2,0.04788478696718812,0.6124031007751938,0.565891472868217,0.16666666666666666,6
graph,0,2026-10-07T09:40:32,nodeGcor1,3.11.9,unknown,13158094,442,2,0,0.9049896597862244,random,attribution,6,49,0.0,0.28,0.33224831838323543,0.08727272727272727,0.0,10,10,0.2,2.6659108698368073e-05,0.3798449612403101,0.3798449612403101,0.16666666666666666,6
graph,0,2026-10-07T09:40:32,nodeGcor1,3.11.9,unknown,13158094,443,2,3,0.6810904145240784,gnnexplainer,attribution,6,7,0.9053061910667402,1.0,0.15509166682412556,1.0,1.0,10,10,1.0,0.4063483327627182,1.0,1.0,1.0,6
graph,0,2026-10-07T09:40:32,nodeGcor1,3.11.9,unknown,13158094,443,2,3,0.6810904145240784,pgexplainer,attribution,6,7,0.9053061744927561,1.0,0.0,1.0,1.0,10,10,1.0,0.004044214263558388,0.5,0.5,1.0,6
graph,0,2026-10-07T09:40:32,nodeGcor1,3.11.9,unknown,13158094,443,2,3,0.6810904145240784,integrated_gradients,attribution,6,7,0.9053061744927561,1.0,0.36764484934871433,0.7142857142857143,0.7142857142857143,10,10,1.0,0.19660912221297622,0.6666666666666666,0.8333333333333334,0.8333333333333334,6
graph,0,2026-10-07T09:40:32,nodeGcor1,3.11.9,unknown,13158094,443,2,3,0.6810904145240784,lime,attribution,6,7,0.9053061910667402,1.0,0.3664406252635066,1.0,1.0,10,10,1.0,0.04374186787754297,1.0,0.6666666666666666,1.0,6
graph,0,2026-10-07T09:40:32,nodeGcor1,3.11.9,unknown,13158094,443,2,3,0.6810904145240784,random,attribution,6,7,0.9053061910667402,0.51,0.38305088578062385,0.7142857142857143,0.7142857142857143,10,10,1.0,2.2245105355978012e-05,0.0,0.0,0.8333333333333334,6
graph,0,2026-10-07T09:40:32,nodeGcor1,3.11.9,unknown,13158094,444,3,0,0.9762696623802185,gnnexplainer,attribution,6,49,0.9987570785538005,1.0,0.34363506389865905,0.7142857142857143,1.0,10,10,0.7142857142857143,0.4302034550346434,0.9883720930232558,0.9883720930232558,0.8333333333333334,6
graph,0,2026-10-07T09:40:32,nodeGcor1,3.11.9,unknown,13158094,444,3,0,0.9762696623802185,pgexplainer,attribution,6,49,0.9987570364602937,0.46,0.958878618111896,1.0,1.0,10,10,1.0,0.0041505410335958,1.0,1.0,1.0,6
graph,0,2026-10-07T09:40:32,nodeGcor1,3.11.9,unknown,13158094,444,3,0,0.9762696623802185,integrated_gradients,attribution,6,49,0.9987570785538005,1.0,0.831421153974664,1.0,0.7142857142857143,10,10,1.0,0.202138626947999,0.9767441860465116,0.6589147286821706,0.8333333333333334,6
graph,0,2026-10-07T09:40:32,nodeGcor1,3.11.9,unknown,13158094,444,3,0,0.9762696623802185,lime,attribution,6,49,0.9987570785538005,1.0,0.6545697394290331,0.5,0.5,10,10,0.5,0.04746245685964823,0.7713178294573644,0.7209302325581396,0.5,6
graph,0,2026-10-07T09:40:32,nodeGcor1,3.11.9,unknown,13158094,444,3,0,0.9762696623802185,random,attribution,6,49,0.0,0.29,0.24753991457187552,0.08545454545454545,0.0,10,10,0.09090909090909091,2.6213005185127258e-05,0.40310077519379844,0.40310077519379844,0.0,6
graph,0,2026-10-07T09:40:32,nodeGcor1,3.11.9,unknown,13158094,446,1,0,0.7368922233581543,gnnexplainer,attribution,6,26,0.9983533208275664,0.58,0.242448138124995,1.0,1.0,10,10,1.0,0.41461919294670224,0.9583333333333333,0.9583333333333333,0.8333333333333334,6
graph,0,2026-10-07T09:40:32,nodeGcor1,3.11.9,unknown,13158094,446,1,0,0.7368922233581543,pgexplainer,attribution,6,26,0.9983532650601638,0.07,0.824786320667907,1.0,1.0,10,10,1.0,0.004196081776171923,1.0,1.0,1.0,6
graph,0,2026-10-07T09:40:32,nodeGcor1,3.11.9,unknown,13158094,446,1,0,0.7368922233581543,integrated_gradients,attribution,6,26,0.9983533205611784,0.51,0.7933904803986492,1.0,1.0,10,10,1.0,0.20173774706199765,0.95,0.6333333333333332,0.8333333333333334,6
graph,0,2026-10-07T09:40:32,nodeGcor1,3.11.9,unknown,13158094,446,1,0,0.7368922233581543,lime,attribution,6,26,0.9983532659925528,0.57,0.6888606322663126,0.4,0.3333333333333333,10,10,0.3333333333333333,0.04553958820179105,0.5916666666666666,0.4083333333333333,0.5,6
graph,0,2026-10-07T09:40:32,nodeGcor1,3.11.9,unknown,13158094,446,1,0,0.7368922233581543,random,attribution,6,26,0.9748935645784729,0.9,0.3469453451288511,0.1406060606060606,0.0,10,10,0.2,1.6946345567703247e-05,0.3833333333333333,0.3833333333333333,0.16666666666666666,6
graph,0,2026-10-07T09:40:32,nodeGcor1,3.11.9,unknown,13158094,447,2,3,0.5400016903877258,gnnexplainer,attribution,6,427,0.43352345690077465,0.12,0.6881824091122611,0.25333333333333335,0.0,10,10,0.2,0.4204622129909694,0.9619952494061758,0.9619952494061758,0.0,6
graph,0,2026-10-07T09:40:32,nodeGcor1,3.11.9,unknown,13158094,447,2,3,0.5400016903877258,pgexplainer,attribution,6,427,0.9308156751388177,0.59,0.9589953113439015,0.8857142857142858,0.3333333333333333,10,10,1.0,0.004252376034855843,0.998812351543943,0.998812351543943,0.8333333333333334,6
graph,0,2026-10-07T09:40:32,nodeGcor1,3.11.9,unknown,13158094,447,2,3,0.5400016903877258,integrated_gradients,attribution,6,427,0.8805644073081689,0.05,0.8744545341030475,0.9714285714285715,0.7142857142857143,10,10,1.0,0.2034149430692196,0.997624703087886,0.665083135391924,0.8333333333333334,6
graph,0,2026-10-07T09:40:32,nodeGcor1,3.11.9,unknown,13158094,447,2,3,0.5400016903877258,lime,attribution,6,427,0.8805643941250307,0.06,0.4131934704729474,0.21333333333333332,0.2,10,10,0.2,0.19982038903981447,0.8087885985748219,0.7383214568487727,0.6666666666666666,6
graph,0,2026-10-07T09:40:32,nodeGcor1,3.11.9,unknown,13158094,447,2,3,0.5400016903877258,random,attribution,6,427,0.0,0.17,0.34242850992712315,0.01818181818181818,0.0,10,10,0.0,1.1809170246124268e-05,0.6017418844022169,0.6017418844022169,0.0,6
graph,0,2026-10-07T09:40:32,nodeGcor1,3.11.9,unknown,13158094,449,3,3,0.8870674967765808,gnnexplainer,attribution,6,7,0.927294081789761,1.0,0.17556802257306559,1.0,1.0,10,10,1.0,0.43224035715684295,1.0,1.0,1.0,6
graph,0,2026-10-07T09:40:32,nodeGcor1,3.11.9,unknown,13158094,449,3,3,0.8870674967765808,pgexplainer,attribution,6,7,0.927294081789761,1.0,0.0,1.0,1.0,10,10,1.0,0.004053378012031317,0.5,0.5,1.0,6
graph,0,2026-10-07T09:40:32,nodeGcor1,3.11.9,unknown,13158094,449,3,3,0.8870674967765808,integrated_gradients,attribution,6,7,0.927294081789761,1.0,0.26556499854947213,0.7142857142857143,0.7142857142857143,10,10,1.0,0.1968587739393115,0.8333333333333334,0.8333333333333334,0.8333333333333334,6
graph,0,2026-10-07T09:40:32,nodeGcor1,3.11.9,unknown,13158094,449,3,3,0.8870674967765808,lime,attribution,6,7,0.927294081789761,0.44,0.5792877460659012,0.7142857142857143,0.7142857142857143,10,10,1.0,0.04364316398277879,0.8333333333333334,0.8333333333333334,0.8333333333333334,6
graph,0,2026-10-07T09:40:32,nodeGcor1,3.11.9,unknown,13158094,449,3,3,0.8870674967765808,random,attribution,6,7,0.927294081789761,1.0,0.3928064484423065,0.7428571428571429,0.7142857142857143,10,10,0.7142857142857143,2.194102853536606e-05,0.3333333333333333,0.3333333333333333,0.8333333333333334,6
graph,0,2026-10-07T09:40:32,nodeGcor1,3.11.9,unknown,13158094,450,1,1,0.9923077821731567,gnnexplainer,attribution,6,7,0.08451053035163882,1.0,0.11240643389735694,1.0,1.0,10,10,1.0,0.4216404319740832,1.0,1.0,1.0,6
graph,0,2026-10-07T09:40:32,nodeGcor1,3.11.9,unknown,13158094,450,1,1,0.9923077821731567,pgexplainer,attribution,6,7,0.08451053035163882,1.0,0.0,1.0,1.0,10,10,1.0,0.003997215069830418,0.5,0.5,1.0,6
graph,0,2026-10-07T09:40:32,nodeGcor1,3.11.9,unknown,13158094,450,1,1,0.9923077821731567,integrated_gradients,attribution,6,7,0.08451053035163882,1.0,0.2758459225467751,1.0,1.0,10,10,1.0,0.19771628966555,1.0,0.5,1.0,6
graph,0,2026-10-07T09:40:32,nodeGcor1,3.11.9,unknown,13158094,450,1,1,0.9923077821731567,lime,attribution,6,7,0.08451053035163882,1.0,0.3384122768954836,1.0,1.0,10,10,1.0,0.043400092981755733,1.0,0.5,1.0,6
graph,0,2026-10-07T09:40:32,nodeGcor1,3.11.9,unknown,13158094,450,1,1,0.9923077821731567,random,attribution,6,7,0.08451053035163882,1.0,0.1803187716412359,0.7142857142857143,0.7142857142857143,10,10,0.7142857142857143,2.1605752408504486e-05,0.8333333333333334,0.8333333333333334,0.8333333333333334,6
graph,0,2026-10-07T09:40:32,nodeGcor1,3.11.9,unknown,13158094,452,2,0,0.9904084205627441,gnnexplainer,attribution,6,411,0.5766587210531156,0.49,0.7094459244176629,0.9142857142857143,0.5,10,10,1.0,0.43285099184140563,0.9938271604938271,0.9938271604938271,0.5,6
graph,0,2026-10-07T09:40:32,nodeGcor1,3.11.9,unknown,13158094,452,2,0,0.9904084205627441,pgexplainer,attribution,6,411,0.0,0.34,0.9873479318734788,1.0,1.0,10,10,1.0,0.004292365163564682,1.0,1.0,1.0,6
graph,0,2026-10-07T09:40:32,nodeGcor1,3.11.9,unknown,13158094,452,2,0,0.9904084205627441,integrated_gradients,attribution,6,411,0.9987747807652951,1.0,0.721451548108027,1.0,1.0,10,10,1.0,0.20340367825701833,0.9872427983539095,0.33374485596707815,0.5,6
graph,0,2026-10-07T09:40:32,nodeGcor1,3.11.9,unknown,13158094,452,2,0,0.9904084205627441,lime,attribution,6,411,0.9992633491722147,1.0,0.48017990583501435,0.5,0.3333333333333333,10,10,0.5,0.5117381908930838,0.9497942386831276,0.6514403292181069,0.16666666666666666,6
graph,0,2026-10-07T09:40:32,nodeGcor1,3.11.9,unknown,13158094,452,2,0,0.9904084205627441,random,attribution,6,411,0.0,0.44,0.3255891674497102,0.0,0.0,10,10,0.0,1.6829930245876312e-05,0.5958847736625514,0.5958847736625514,0.0,6
graph,0,2026-10-07T09:40:32,nodeGcor1,3.11.9,unknown,13158094,455,1,1,0.8715123534202576,gnnexplainer,attribution,6,24,0.0,0.71,0.3542635518891645,1.0,0.7142857142857143,10,10,0.7142857142857143,0.43376787612214684,0.9907407407407407,0.9907407407407407,0.8333333333333334,6
graph,0,2026-10-07T09:40:32,nodeGcor1,3.11.9,unknown,13158094,455,1,1,0.8715123534202576,pgexplainer,attribution,6,24,0.0,1.0,0.7695524700758338,1.0,1.0,10,10,1.0,0.004225145094096661,1.0,1.0,1.0,6
graph,0,2026-10-07T09:40:32,nodeGcor1,3.11.9,unknown,13158094,455,1,1,0.8715123534202576,integrated_gradients,attribution,6,24,0.0,0.95,0.7689597683044973,0.9428571428571428,0.7142857142857143,10,10,1.0,0.20109570119529963,0.962962962962963,0.37037037037037035,0.8333333333333334,6
graph,0,2026-10-07T09:40:32,nodeGcor1,3.11.9,unknown,13158094,455,1,1,0.8715123534202576,lime,attribution,6,24,0.0,1.0,0.5786304227503711,0.9714285714285715,0.7142857142857143,10,10,1.0,0.04557010903954506,0.9537037037037037,0.37037037037037035,0.8333333333333334,6
graph,0,2026-10-07T09:40:32,nodeGcor1,3.11.9,unknown,13158094,455,1,1,0.8715123534202576,random,attribution,6,24,0.40961164802862626,0.43,0.2618358894905908,0.1296969696969697,0.09090909090909091,10,10,0.2,2.1836254745721817e-05,0.37037037037037035,0.37037037037037035,0.16666666666666666,6
graph,0,2026-10-07T09:40:32,nodeGcor1,3.11.9,unknown,13158094,457,2,0,0.5433257818222046,gnnexplainer,attribution,6,24,0.9977666755399253,0.64,0.349290387504648,1.0,1.0,10,10,0.7142857142857143,0.4206395549699664,0.9814814814814815,0.9814814814814815,0.8333333333333334,6
graph,0,2026-10-07T09:40:32,nodeGcor1,3.11.9,unknown,13158094,457,2,0,0.5433257818222046,pgexplainer,attribution,6,24,0.9977665999048491,0.13,0.8295517998226131,1.0,1.0,10,10,1.0,0.004136021714657545,1.0,1.0,1.0,6
graph,0,2026-10-07T09:40:32,nodeGcor1,3.11.9,unknown,13158094,457,2,0,0.5433257818222046,integrated_gradients,attribution,6,24,0.9977665999048491,0.35,0.7559553488306365,1.0,1.0,10,10,1.0,0.20100815081968904,0.9351851851851852,0.3425925925925926,0.8333333333333334,6
graph,0,2026-10-07T09:40:32,nodeGcor1,3.11.9,unknown,13158094,457,2,0,0.5433257818222046,lime,attribution,6,24,0.9977665999048491,0.64,0.6402352601600584,0.5428571428571429,0.5,10,10,0.5,0.045332838781178,0.8055555555555557,0.5370370370370371,0.6666666666666666,6
graph,0,2026-10-07T09:40:32,nodeGcor1,3.11.9,unknown,13158094,457,2,0,0.5433257818222046,random,attribution,6,24,0.6348300333025397,0.24,0.28359920176660114,0.1715151515151515,0.0,10,10,0.09090909090909091,2.217572182416916e-05,0.5092592592592593,0.5092592592592593,0.16666666666666666,6
graph,0,2026-10-07T09:40:32,nodeGcor1,3.11.9,unknown,13158094,459,3,0,0.8375054001808167,gnnexplainer,attribution,6,24,0.9985511438085998,0.35,0.34727255389595757,0.7142857142857143,0.7142857142857143,10,10,0.7142857142857143,0.41486890707165003,0.9722222222222222,0.9722222222222222,0.8333333333333334,6
graph,0,2026-10-07T09:40:32,nodeGcor1,3.11.9,unknown,13158094,459,3,0,0.8375054001808167,pgexplainer,attribution,6,24,0.998551094947021,0.38,0.8151215634762616,1.0,1.0,10,10,1.0,0.0041200220584869385,1.0,1.0,1.0,6
graph,0,2026-10-07T09:40:32,nodeGcor1,3.11.9,unknown,13158094,459,3,0,0.8375054001808167,integrated_gradients,attribution,6,24,0.9985510947407862,0.75,0.7453443790735477,1.0,1.0,10,10,1.0,0.19798151776194572,0.8425925925925927,0.6388888888888888,0.8333333333333334,6
graph,0,2026-10-07T09:40:32,nodeGcor1,3.11.9,unknown,13158094,459,3,0,0.8375054001808167,lime,attribution,6,24,0.9985511438085998,0.93,0.6108906238000148,0.9428571428571428,0.7142857142857143,10,10,1.0,0.04489058442413807,0.8796296296296295,0.6481481481481481,0.8333333333333334,6
graph,0,2026-10-07T09:40:32,nodeGcor1,3.11.9,unknown,13158094,459,3,0,0.8375054001808167,random,attribution,6,24,0.0,0.25,0.3163277010406036,0.1715151515151515,0.0,10,10,0.09090909090909091,2.0846258848905563e-05,0.4629629629629629,0.4629629629629629,0.3333333333333333,6
graph,0,2026-10-07T09:40:32,nodeGcor1,3.11.9,unknown,13158094,460,1,0,0.9842774868011475,gnnexplainer,attribution,6,336,0.0739786680373485,0.58,0.6893153474657711,0.9142857142857143,0.5,10,10,1.0,0.42261851020157337,0.9898989898989901,0.9898989898989901,0.5,6
graph,0,2026-10-07T09:40:32,nodeGcor1,3.11.9,unknown,13158094,460,1,0,0.9842774868011475,pgexplainer,attribution,6,336,0.0,0.33,0.9836855465591452,1.0,1.0,10,10,1.0,0.004293141886591911,1.0,1.0,1.0,6
graph,0,2026-10-07T09:40:32,nodeGcor1,3.11.9,unknown,13158094,460,1,0,0.9842774868011475,integrated_gradients,attribution,6,336,0.9987671907884207,0.93,0.7678636439408912,0.9142857142857143,0.7142857142857143,10,10,1.0,0.20123142283409834,0.9954545454545455,0.4974747474747475,0.6666666666666666,6
graph,0,2026-10-07T09:40:32,nodeGcor1,3.11.9,unknown,13158094,460,1,0,0.9842774868011475,lime,attribution,6,336,0.9812037187475702,0.99,0.539329601323479,0.6833333333333333,0.5,10,10,0.7142857142857143,0.19818886602297425,0.7797979797979798,0.3646464646464646,0.16666666666666666,6
graph,0,2026-10-07T09:40:32,nodeGcor1,3.11.9,unknown,13158094,460,1,0,0.9842774868011475,random,attribution,6,336,0.0,0.41,0.3365730124977224,0.0,0.0,10,10,0.0,1.096399500966072e-05,0.49393939393939396,0.49393939393939396,0.0,6
graph,0,2026-10-07T09:40:32,nodeGcor1,3.11.9,unknown,13158094,461,1,1,0.8995260000228882,gnnexplainer,attribution,6,17,0.0,1.0,0.28807299269298403,0.7142857142857143,0.7142857142857143,10,10,0.7142857142857143,0.4338775989599526,0.9696969696969696,0.9696969696969696,0.8333333333333334,6
graph,0,2026-10-07T09:40:32,nodeGcor1,3.11.9,unknown,13158094,461,1,1,0.8995260000228882,pgexplainer,attribution,6,17,0.0,1.0,0.6154200978917113,1.0,1.0,10,10,1.0,0.004063725005835295,1.0,1.0,1.0,6
graph,0,2026-10-07T09:40:32,nodeGcor1,3.11.9,unknown,13158094,461,1,1,0.8995260000228882,integrated_gradients,attribution,6,17,0.0,1.0,0.698394100599649,0.8857142857142858,0.7142857142857143,10,10,1.0,0.19439777918159962,0.9545454545454546,0.37878787878787884,0.8333333333333334,6
graph,0,2026-10-07T09:40:32,nodeGcor1,3.11.9,unknown,13158094,461,1,1,0.8995260000228882,lime,attribution,6,17,0.0,1.0,0.5366831906096732,0.7428571428571429,0.7142857142857143,10,10,1.0,0.04457350913435221,0.9545454545454545,0.3787878787878788,0.8333333333333334,6
graph,0,2026-10-07T09:40:32,nodeGcor1,3.11.9,unknown,13158094,461,1,1,0.8995260000228882,random,attribution,6,17,0.9978988631038932,0.9,0.2875682921363747,0.22575757575757577,0.09090909090909091,10,10,0.09090909090909091,2.162158489227295e-05,0.7727272727272727,0.7727272727272727,0.6666666666666666,6
graph,0,2026-10-07T09:40:32,nodeGcor1,3.11.9,unknown,13158094,462,2,3,0.6810905337333679,gnnexplainer,attribution,6,7,0.9053061910667402,1.0,0.12295490836040834,1.0,1.0,10,10,1.0,0.40715211909264326,1.0,1.0,1.0,6
graph,0,2026-10-07T09:40:32,nodeGcor1,3.11.9,unknown,13158094,462,2,3,0.6810905337333679,pgexplainer,attribution,6,7,0.9053061910667402,1.0,0.0,1.0,1.0,10,10,1.0,0.0038719968870282173,0.5,0.5,1.0,6
graph,0,2026-10-07T09:40:32,nodeGcor1,3.11.9,unknown,13158094,462,2,3,0.6810905337333679,integrated_gradients,attribution,6,7,0.9053061744927561,1.0,0.36764486340748004,0.7142857142857143,0.7142857142857143,10,10,1.0,0.1944807292893529,0.6666666666666666,0.8333333333333334,0.8333333333333334,6
graph,0,2026-10-07T09:40:32,nodeGcor1,3.11.9,unknown,13158094,462,2,3,0.6810905337333679,lime,attribution,6,7,0.9053061910667402,1.0,0.3027980024567697,0.7142857142857143,0.7142857142857143,10,10,0.7142857142857143,0.043055708054453135,0.6666666666666666,0.8333333333333334,0.8333333333333334,6
graph,0,2026-10-07T09:40:32,nodeGcor1,3.11.9,unknown,13158094,462,2,3,0.6810905337333679,random,attribution,6,7,0.9053061744927561,1.0,0.3731260241531351,0.7142857142857143,0.7142857142857143,10,10,0.7142857142857143,2.1023210138082504e-05,1.0,1.0,1.0,6
graph,0,2026-10-07T09:40:32,nodeGcor1,3.11.9,unknown,13158094,463,2,0,0.45706480741500854,gnnexplainer,attribution,6,17,0.9973451793555839,0.52,0.2911641147447175,0.7142857142857143,0.7142857142857143,10,10,1.0,0.41435516299679875,0.9393939393939393,0.9393939393939393,0.8333333333333334,6
graph,0,2026-10-07T09:40:32,nodeGcor1,3.11.9,unknown,13158094,463,2,0,0.45706480741500854,pgexplainer,attribution,6,17,0.9973450897920904,0.1,0.6945457621221603,1.0,1.0,10,10,1.0,0.0039443071000278,1.0,1.0,1.0,6
graph,0,2026-10-07T09:40:32,nodeGcor1,3.11.9,unknown,13158094,463,2,0,0.45706480741500854,integrated_gradients,attribution,6,17,0.9973450897920904,0.09,0.7055990121149097,0.7142857142857143,0.7142857142857143,10,10,1.0,0.19419436110183597,0.8636363636363636,0.37878787878787873,0.6666666666666666,6
graph,0,2026-10-07T09:40:32,nodeGcor1,3.11.9,unknown,13158094,463,2,0,0.45706480741500854,lime,attribution,6,17,0.99734509013831,0.33,0.589867572379376,0.6714285714285715,0.5,10,8,0.7142857142857143,0.04426676407456398,0.7727272727272728,0.5303030303030303,0.6666666666666666,6
graph,0,2026-10-07T09:40:32,nodeGcor1,3.11.9,unknown,13158094,463,2,0,0.45706480741500854,random,attribution,6,17,0.9997789516055279,0.38,0.2542560009739405,0.1878787878787879,0.09090909090909091,7,10,0.3333333333333333,2.0902138203382492e-05,0.3787878787878788,0.3787878787878788,0.16666666666666666,6
graph,0,2026-10-07T09:40:32,nodeGcor1,3.11.9,unknown,13158094,464,3,0,0.8072202801704407,gnnexplainer,attribution,6,17,0.9984967847752404,0.46,0.2918008587825064,0.7142857142857143,0.7142857142857143,10,10,0.7142857142857143,0.40369880804792047,0.9545454545454545,0.9545454545454545,0.8333333333333334,6
graph,0,2026-10-07T09:40:32,nodeGcor1,3.11.9,unknown,13158094,464,3,0,0.8072202801704407,pgexplainer,attribution,6,17,0.9984967340884722,0.42,0.6694538155258096,1.0,1.0,10,10,1.0,0.00406295619904995,1.0,1.0,1.0,6
graph,0,2026-10-07T09:40:32,nodeGcor1,3.11.9,unknown,13158094,464,3,0,0.8072202801704407,integrated_gradients,attribution,6,17,0.9984967338664719,0.64,0.6762662209377055,0.8285714285714286,0.7142857142857143,10,10,1.0,0.19632719922810793,0.8333333333333333,0.5606060606060606,0.8333333333333334,6
graph,0,2026-10-07T09:40:32,nodeGcor1,3.11.9,unknown,13158094,464,3,0,0.8072202801704407,lime,attribution,6,17,0.9984967847752404,0.84,0.5093620873237219,0.5,0.5,10,10,0.7142857142857143,0.045178328175097704,0.8939393939393939,0.6363636363636364,0.8333333333333334,6
graph,0,2026-10-07T09:40:32,nodeGcor1,3.11.9,unknown,13158094,464,3,0,0.8072202801704407,random,attribution,6,17,0.004607206055712526,0.34,0.415213089406796,0.20484848484848484,0.09090909090909091,10,10,0.2,1.570768654346466e-05,0.6212121212121211,0.6212121212121211,0.5,6
graph,0,2026-10-07T09:40:32,nodeGcor1,3.11.9,unknown,13158094,466,1,1,0.969689667224884,gnnexplainer,attribution,6,14,0.06315677537650542,1.0,0.28826189593899587,0.7142857142857143,0.7142857142857143,10,10,0.7142857142857143,0.4068295704200864,0.9166666666666666,0.9166666666666666,0.8333333333333334,6
graph,0,2026-10-07T09:40:32,nodeGcor1,3.11.9,unknown,13158094,466,1,1,0.969689667224884,pgexplainer,attribution,6,14,0.0,0.7,9.585042798021526e-06,0.3,0.0,10,10,1.0,0.004003758076578379,0.5625,0.5625,0.0,6
graph,0,2026-10-07T09:40:32,nodeGcor1,3.11.9,unknown,13158094,466,1,1,0.969689667224884,integrated_gradients,attribution,6,14,0.06315677537650542,1.0,0.5677835920458955,0.9714285714285715,1.0,10,10,1.0,0.19452434498816729,0.9791666666666667,0.5208333333333333,0.8333333333333334,6
graph,0,2026-10-07T09:40:32,nodeGcor1,3.11.9,unknown,13158094,466,1,1,0.969689667224884,lime,attribution,6,14,0.06315818913508095,1.0,0.45033752712582986,0.9142857142857143,1.0,10,10,1.0,0.04485341301187873,0.9583333333333334,0.5208333333333334,0.8333333333333334,6
graph,0,2026-10-07T09:40:32,nodeGcor1,3.11.9,unknown,13158094,466,1,1,0.969689667224884,random,attribution,6,14,0.0,0.29,0.33640075279628034,0.25909090909090915,0.09090909090909091,10,10,0.2,1.0204967111349106e-05,0.5416666666666667,0.5416666666666667,0.5,6
graph,0,2026-10-07T09:40:32,nodeGcor1,3.11.9,unknown,13158094,468,2,2,0.5293610692024231,gnnexplainer,attribution,6,7,0.9511785919132388,0.51,0.3269127609479705,nan,nan,0,0,1.0,0.4081904860213399,1.0,1.0,1.0,6
graph,0,2026-10-07T09:40:32,nodeGcor1,3.11.9,unknown,13158094,468,2,2,0.5293610692024231,pgexplainer,attribution,6,7,0.9511785919132388,0.45,0.0,nan,nan,0,0,1.0,0.003976528998464346,0.5,0.5,1.0,6
graph,0,2026-10-07T09:40:32,nodeGcor1,3.11.9,unknown,13158094,468,2,2,0.5293610692024231,integrated_gradients,attribution,6,7,0.9511785919132388,0.52,0.23762583546759164,nan,nan,0,0,1.0,0.19609336694702506,1.0,0.6666666666666666,1.0,6
graph,0,2026-10-07T09:40:32,nodeGcor1,3.11.9,unknown,13158094,468,2,2,0.5293610692024231,lime,attribution,6,7,0.9511769557336069,0.49,0.26268503494829143,nan,nan,0,0,1.0,0.043212254997342825,0.3333333333333333,0.3333333333333333,0.8333333333333334,6
graph,0,2026-10-07T09:40:32,nodeGcor1,3.11.9,unknown,13158094,468,2,2,0.5293610692024231,random,attribution,6,7,0.951178580918918,0.51,0.21136942993090624,nan,nan,0,0,0.7142857142857143,9.184237569570541e-06,1.0,1.0,1.0,6
graph,0,2026-10-07T09:40:32,nodeGcor1,3.11.9,unknown,13158094,469,3,0,0.9795540571212769,gnnexplainer,attribution,6,384,0.90827838183689,0.58,0.6822955400654614,0.6761904761904762,0.7142857142857143,10,10,0.7142857142857143,0.4295703391544521,0.986331569664903,0.986331569664903,0.3333333333333333,6
graph,0,2026-10-07T09:40:32,nodeGcor1,3.11.9,unknown,13158094,469,3,0,0.9795540571212769,pgexplainer,attribution,6,384,0.0,0.41,0.9864583333133679,1.0,1.0,10,10,1.0,0.004196118097752333,1.0,1.0,1.0,6
graph,0,2026-10-07T09:40:32,nodeGcor1,3.11.9,unknown,13158094,469,3,0,0.9795540571212769,integrated_gradients,attribution,6,384,0.42554490675170564,1.0,0.7203748515535549,0.8285714285714286,0.7142857142857143,10,10,0.7142857142857143,0.2008197088725865,0.9828042328042328,0.4964726631393298,0.3333333333333333,6
graph,0,2026-10-07T09:40:32,nodeGcor1,3.11.9,unknown,13158094,469,3,0,0.9795540571212769,lime,attribution,6,384,0.9987612172459098,1.0,0.48112322381332007,0.7714285714285716,0.7142857142857143,10,10,1.0,0.20005576917901635,0.8267195767195767,0.8955026455026455,0.16666666666666666,6
graph,0,2026-10-07T09:40:32,nodeGcor1,3.11.9,unknown,13158094,469,3,0,0.9795540571212769,random,attribution,6,384,0.0,0.39,0.3307575034276824,0.01818181818181818,0.0,10,10,0.09090909090909091,1.902785152196884e-05,0.5255731922398589,0.5255731922398589,0.0,6
graph,0,2026-10-07T09:40:32,nodeGcor1,3.11.9,unknown,13158094,475,1,1,0.9923077821731567,gnnexplainer,attribution,6,7,0.08451053035163882,1.0,0.11240643014284957,1.0,1.0,10,10,1.0,0.4250501920469105,1.0,1.0,1.0,6
graph,0,2026-10-07T09:40:32,nodeGcor1,3.11.9,unknown,13158094,475,1,1,0.9923077821731567,pgexplainer,attribution,6,7,0.08451053035163882,1.0,0.0,1.0,1.0,10,10,1.0,0.003956119064241648,0.5,0.5,1.0,6
graph,0,2026-10-07T09:40:32,nodeGcor1,3.11.9,unknown,13158094,475,1,1,0.9923077821731567,integrated_gradients,attribution,6,7,0.08451053035163882,1.0,0.27584593648368017,1.0,1.0,10,10,1.0,0.1943605039268732,1.0,0.5,1.0,6
graph,0,2026-10-07T09:40:32,nodeGcor1,3.11.9,unknown,13158094,475,1,1,0.9923077821731567,lime,attribution,6,7,0.08451053035163882,1.0,0.3384122857971137,1.0,1.0,10,10,1.0,0.04325926024466753,1.0,0.5,1.0,6
graph,0,2026-10-07T09:40:32,nodeGcor1,3.11.9,unknown,13158094,475,1,1,0.9923077821731567,random,attribution,6,7,0.08451053035163882,1.0,0.2678966581861657,0.8,0.7142857142857143,10,10,0.7142857142857143,1.2505799531936646e-05,0.8333333333333334,0.8333333333333334,0.8333333333333334,6
graph,0,2026-10-07T09:40:32,nodeGcor1,3.11.9,unknown,13158094,480,1,0,0.9280977845191956,gnnexplainer,attribution,6,324,0.9999831737725953,0.57,0.6432953946859202,0.8857142857142858,0.5,10,10,0.5,0.42531802598387003,0.9821802935010482,0.9821802935010482,0.16666666666666666,6
graph,0,2026-10-07T09:40:32,nodeGcor1,3.11.9,unknown,13158094,480,1,0,0.9280977845191956,pgexplainer,attribution,6,324,0.0,0.24,0.9814815579806203,1.0,1.0,10,10,1.0,0.00425976887345314,1.0,1.0,1.0,6
graph,0,2026-10-07T09:40:32,nodeGcor1,3.11.9,unknown,13158094,480,1,0,0.9280977845191956,integrated_gradients,attribution,6,324,0.998692566097477,0.89,0.7840516828032751,0.95,0.5,10,10,1.0,0.20062304940074682,0.9916142557651991,0.49528301886792453,0.6666666666666666,6
graph,0,2026-10-07T09:40:32,nodeGcor1,3.11.9,unknown,13158094,480,1,0,0.9280977845191956,lime,attribution,6,324,0.9999528184063754,1.0,0.5191641437804903,0.6928571428571428,0.5,10,10,0.7142857142857143,0.1952628460712731,0.5932914046121593,0.4690775681341719,0.16666666666666666,6
graph,0,2026-10-07T09:40:32,nodeGcor1,3.11.9,unknown,13158094,480,1,0,0.9280977845191956,random,attribution,6,324,0.0,0.35,0.37942254927820795,0.00909090909090909,0.0,10,10,0.0,2.1736137568950653e-05,0.4192872117400419,0.4192872117400419,0.0,6
graph,0,2026-10-07T09:40:32,nodeGcor1,3.11.9,unknown,13158094,483,2,3,0.5362691283226013,gnnexplainer,attribution,6,15,0.8797320942303631,0.49,0.3042236020609034,0.7142857142857143,0.7142857142857143,10,10,0.7142857142857143,0.4263018760830164,0.9074074074074074,0.9074074074074074,0.8333333333333334,6
graph,0,2026-10-07T09:40:32,nodeGcor1,3.11.9,unknown,13158094,483,2,3,0.5362691283226013,pgexplainer,attribution,6,15,0.8797331336024199,0.73,0.5668065167154062,0.7142857142857143,0.7142857142857143,10,10,1.0,0.003988638054579496,0.9259259259259259,0.9259259259259259,0.8333333333333334,6
graph,0,2026-10-07T09:40:32,nodeGcor1,3.11.9,unknown,13158094,483,2,3,0.5362691283226013,integrated_gradients,attribution,6,15,0.8797331336024199,0.97,0.6270307965061942,1.0,1.0,10,10,1.0,0.1959145301952958,1.0,0.5,1.0,6
graph,0,2026-10-07T09:40:32,nodeGcor1,3.11.9,unknown,13158094,483,2,3,0.5362691283226013,lime,attribution,6,15,0.8797320942303631,0.27,0.5135068327828607,0.4428571428571428,0.2,10,10,0.3333333333333333,0.044477790128439665,0.5185185185185186,0.7962962962962963,0.3333333333333333,6
graph,0,2026-10-07T09:40:32,nodeGcor1,3.11.9,unknown,13158094,483,2,3,0.5362691283226013,random,attribution,6,15,0.0,0.2,0.25623697632973585,0.223030303030303,0.09090909090909091,10,10,0.3333333333333333,1.7610378563404083e-05,0.40740740740740744,0.40740740740740744,0.16666666666666666,6
graph,0,2026-10-07T09:40:32,nodeGcor1,3.11.9,unknown,13158094,484,3,0,0.5817359685897827,gnnexplainer,attribution,6,15,0.9979141314930841,0.34,0.431767016899927,1.0,1.0,10,10,0.7142857142857143,0.4091595741920173,0.9814814814814815,0.9814814814814815,0.8333333333333334,6
graph,0,2026-10-07T09:40:32,nodeGcor1,3.11.9,unknown,13158094,484,3,0,0.5817359685897827,pgexplainer,attribution,6,15,0.9979141310656485,0.27,0.3711554213944964,0.7142857142857143,0.7142857142857143,10,10,1.0,0.003986565861850977,0.9259259259259259,0.9259259259259259,0.8333333333333334,6
graph,0,2026-10-07T09:40:32,nodeGcor1,3.11.9,unknown,13158094,484,3,0,0.5817359685897827,integrated_gradients,attribution,6,15,0.9979141310656485,0.25,0.6433353504443634,0.8285714285714286,0.7142857142857143,10,10,1.0,0.1957637988962233,0.6851851851851851,0.6851851851851852,0.6666666666666666,6
graph,0,2026-10-07T09:40:32,nodeGcor1,3.11.9,unknown,13158094,484,3,0,0.5817359685897827,lime,attribution,6,15,0.9979140604243877,0.33,0.4302538837702179,0.7714285714285716,0.7142857142857143,10,10,0.7142857142857143,0.0445045568048954,0.8888888888888888,0.5925925925925926,0.8333333333333334,6
graph,0,2026-10-07T09:40:32,nodeGcor1,3.11.9,unknown,13158094,484,3,0,0.5817359685897827,random,attribution,6,15,0.0,0.23,0.2525511932460224,0.25909090909090915,0.0,10,10,0.09090909090909091,1.7821788787841797e-05,0.3333333333333333,0.3333333333333333,0.16666666666666666,6
graph,0,2026-10-07T09:40:32,nodeGcor1,3.11.9,unknown,13158094,488,2,3,0.45969393849372864,gnnexplainer,attribution,6,14,0.8596981226434824,0.47,0.2589566678209583,0.9428571428571428,0.7142857142857143,10,10,1.0,0.4100029971450567,0.9166666666666666,0.9166666666666666,0.8333333333333334,6
graph,0,2026-10-07T09:40:32,nodeGcor1,3.11.9,unknown,13158094,488,2,3,0.45969393849372864,pgexplainer,attribution,6,14,0.8596992571819853,0.98,0.5780837952110411,0.8,0.7142857142857143,10,10,1.0,0.003980796784162521,1.0,1.0,1.0,6
graph,0,2026-10-07T09:40:32,nodeGcor1,3.11.9,unknown,13158094,488,2,3,0.45969393849372864,integrated_gradients,attribution,6,14,0.8596992571819853,0.99,0.6078415598985384,1.0,1.0,10,10,1.0,0.1949925827793777,1.0,0.5,1.0,6
graph,0,2026-10-07T09:40:32,nodeGcor1,3.11.9,unknown,13158094,488,2,3,0.45969393849372864,lime,attribution,6,14,0.8596981226434824,0.14,0.46204789263638124,0.488095238095238,0.5,10,10,0.7142857142857143,0.044399283826351166,0.41666666666666663,0.8333333333333334,0.3333333333333333,6
graph,0,2026-10-07T09:40:32,nodeGcor1,3.11.9,unknown,13158094,488,2,3,0.45969393849372864,random,attribution,6,14,0.9067730019901751,0.28,0.2796966478480829,0.24242424242424243,0.09090909090909091,10,10,0.2,9.02172178030014e-06,0.20833333333333331,0.20833333333333331,0.16666666666666666,6
graph,0,2026-10-07T09:40:32,nodeGcor1,3.11.9,unknown,13158094,491,1,1,0.6200702786445618,gnnexplainer,attribution,6,474,0.0,0.08,0.6774243478494649,0.2290909090909091,0.09090909090909091,10,10,0.2,0.42439855309203267,0.9821937321937322,0.9821937321937322,0.16666666666666666,6
graph,0,2026-10-07T09:40:32,nodeGcor1,3.11.9,unknown,13158094,491,1,1,0.6200702786445618,pgexplainer,attribution,6,474,0.9999999857444953,0.88,0.9862057314865789,1.0,1.0,10,10,1.0,0.004310552030801773,1.0,1.0,1.0,6
graph,0,2026-10-07T09:40:32,nodeGcor1,3.11.9,unknown,13158094,491,1,1,0.6200702786445618,integrated_gradients,attribution,6,474,0.0,0.48,0.847340604735046,0.9428571428571428,0.7142857142857143,10,10,1.0,0.20145745668560266,0.9975071225071225,0.5014245014245013,0.8333333333333334,6
graph,0,2026-10-07T09:40:32,nodeGcor1,3.11.9,unknown,13158094,491,1,1,0.6200702786445618,lime,attribution,6,474,0.0,0.56,0.4577308122907051,0.7142857142857143,0.7142857142857143,10,10,0.7142857142857143,0.22151548601686954,0.9533475783475784,0.5238603988603988,0.6666666666666666,6
graph,0,2026-10-07T09:40:32,nodeGcor1,3.11.9,unknown,13158094,491,1,1,0.6200702786445618,random,attribution,6,474,0.07312119889374825,0.47,0.3381122098318645,0.00909090909090909,0.0,10,10,0.0,1.1434778571128845e-05,0.5331196581196581,0.5331196581196581,0.0,6
graph,0,2026-10-07T09:40:32,nodeGcor1,3.11.9,unknown,13158094,492,2,0,0.6737864017486572,gnnexplainer,attribution,6,19,0.9981990924818546,0.16,0.27756014799011575,0.7142857142857143,0.7142857142857143,10,10,1.0,0.4196492009796202,0.923076923076923,0.923076923076923,0.8333333333333334,6
graph,0,2026-10-07T09:40:32,nodeGcor1,3.11.9,unknown,13158094,492,2,0,0.6737864017486572,pgexplainer,attribution,6,19,0.9981990314912642,0.22,0.8032582058866675,1.0,1.0,10,10,1.0,0.004049066919833422,1.0,1.0,1.0,6
graph,0,2026-10-07T09:40:32,nodeGcor1,3.11.9,unknown,13158094,492,2,0,0.6737864017486572,integrated_gradients,attribution,6,19,0.9981990314912642,0.32,0.72700288570875,1.0,1.0,10,10,1.0,0.19535139063373208,0.9358974358974359,0.3205128205128205,0.8333333333333334,6
graph,0,2026-10-07T09:40:32,nodeGcor1,3.11.9,unknown,13158094,492,2,0,0.6737864017486572,lime,attribution,6,19,0.9981990314912642,0.78,0.6029684415461676,0.4666666666666666,0.3333333333333333,10,10,0.5,0.044634087942540646,0.6666666666666666,0.4871794871794872,0.5,6
graph,0,2026-10-07T09:40:32,nodeGcor1,3.11.9,unknown,13158094,492,2,0,0.6737864017486572,random,attribution,6,19,0.27093871032975725,0.2,0.3714687724085284,0.26151515151515153,0.09090909090909091,10,10,0.2,2.1384097635746002e-05,0.47435897435897434,0.47435897435897434,0.16666666666666666,6
graph,0,2026-10-07T09:40:32,nodeGcor1,3.11.9,unknown,13158094,497,2,3,0.530448317527771,gnnexplainer,attribution,6,12,0.8784122254291677,1.0,0.19322812283234003,0.9428571428571428,0.7142857142857143,10,10,0.7142857142857143,0.4072634922340512,0.8333333333333334,0.8333333333333334,0.8333333333333334,6
graph,0,2026-10-07T09:40:32,nodeGcor1,3.11.9,unknown,13158094,497,2,3,0.530448317527771,pgexplainer,attribution,6,12,0.8784132769492549,1.0,0.5820372953949087,1.0,1.0,10,10,1.0,0.0040215919725596905,1.0,1.0,1.0,6
graph,0,2026-10-07T09:40:32,nodeGcor1,3.11.9,unknown,13158094,497,2,3,0.530448317527771,integrated_gradients,attribution,6,12,0.8784132086377628,0.85,0.5684507110093986,0.7142857142857143,0.7142857142857143,10,10,1.0,0.19777842005714774,0.9166666666666667,0.5555555555555556,0.8333333333333334,6
graph,0,2026-10-07T09:40:32,nodeGcor1,3.11.9,unknown,13158094,497,2,3,0.530448317527771,lime,attribution,6,12,0.8784132086377628,0.64,0.3874305606980871,0.6928571428571428,0.5,10,10,0.7142857142857143,0.044385958928614855,0.7222222222222223,0.7777777777777779,0.6666666666666666,6
graph,0,2026-10-07T09:40:32,nodeGcor1,3.11.9,unknown,13158094,497,2,3,0.530448317527771,random,attribution,6,12,0.8784132086377628,0.73,0.4904788705746832,0.3457575757575758,0.2,10,10,0.2,2.1559186279773712e-05,0.5555555555555556,0.5555555555555556,0.6666666666666666,6
graph,0,2026-10-07T09:40:32,nodeGcor1,3.11.9,unknown,13158094,498,2,0,0.709456741809845,gnnexplainer,attribution,6,312,0.9997845157090539,0.44,0.6913643618112635,0.5214285714285715,0.5,10,10,0.5,0.4260913748294115,0.9842047930283224,0.9842047930283224,0.3333333333333333,6
graph,0,2026-10-07T09:40:32,nodeGcor1,3.11.9,unknown,13158094,498,2,0,0.709456741809845,pgexplainer,attribution,6,312,0.5575105826784752,0.24,0.9807692307692306,1.0,1.0,10,10,1.0,0.004426760133355856,1.0,1.0,1.0,6
graph,0,2026-10-07T09:40:32,nodeGcor1,3.11.9,unknown,13158094,498,2,0,0.709456741809845,integrated_gradients,attribution,6,312,0.9978381893178996,0.99,0.7558756306966039,0.9428571428571428,0.7142857142857143,10,10,1.0,0.20202923938632011,0.966230936819172,0.5098039215686275,0.3333333333333333,6
graph,0,2026-10-07T09:40:32,nodeGcor1,3.11.9,unknown,13158094,498,2,0,0.709456741809845,lime,attribution,6,312,0.9994344538434683,0.97,0.4946283937980326,0.33333333333333337,0.3333333333333333,10,10,0.5,0.07837424334138632,0.74400871459695,0.7086056644880174,0.16666666666666666,6
graph,0,2026-10-07T09:40:32,nodeGcor1,3.11.9,unknown,13158094,498,2,0,0.709456741809845,random,attribution,6,312,0.12067819877918506,0.3,0.3442129589985963,0.00909090909090909,0.0,10,10,0.0,1.1109746992588043e-05,0.4112200435729847,0.4112200435729847,0.0,6
graph,0,2026-10-07T09:40:32,nodeGcor1,3.11.9,unknown,13158094,500,1,1,0.6318770051002502,gnnexplainer,attribution,6,32,0.0,0.98,0.4386485813289991,0.7142857142857143,0.7142857142857143,10,10,0.7142857142857143,0.443583098705858,1.0,1.0,1.0,6
graph,0,2026-10-07T09:40:32,nodeGcor1,3.11.9,unknown,13158094,500,1,1,0.6318770051002502,pgexplainer,attribution,6,32,0.0,0.98,0.8374999999954225,1.0,1.0,10,10,1.0,0.004207844380289316,1.0,1.0,1.0,6
graph,0,2026-10-07T09:40:32,nodeGcor1,3.11.9,unknown,13158094,500,1,1,0.6318770051002502,integrated_gradients,attribution,6,32,0.0,0.97,0.7512256720273887,1.0,1.0,10,10,1.0,0.2030821111984551,0.9615384615384616,0.5192307692307692,0.8333333333333334,6
graph,0,2026-10-07T09:40:32,nodeGcor1,3.11.9,unknown,13158094,500,1,1,0.6318770051002502,lime,attribution,6,32,0.0,0.42,0.5974871576588249,0.7142857142857143,0.7142857142857143,10,10,1.0,0.046031431294977665,0.9487179487179487,0.35256410256410253,0.8333333333333334,6
graph,0,2026-10-07T09:40:32,nodeGcor1,3.11.9,unknown,13158094,500,1,1,0.6318770051002502,random,attribution,6,32,0.9977198492844489,0.74,0.35797704422510823,0.13878787878787877,0.0,10,10,0.09090909090909091,2.1972693502902985e-05,0.4358974358974359,0.4358974358974359,0.16666666666666666,6
graph,0,2026-10-07T09:40:32,nodeGcor1,3.11.9,unknown,13158094,501,1,1,0.631877064704895,gnnexplainer,attribution,6,32,0.0,1.0,0.4380001782662376,0.7428571428571429,0.7142857142857143,10,10,0.7142857142857143,0.4155860380269587,1.0,1.0,1.0,6
graph,0,2026-10-07T09:40:32,nodeGcor1,3.11.9,unknown,13158094,501,1,1,0.631877064704895,pgexplainer,attribution,6,32,0.0,0.99,0.8374999999954224,1.0,1.0,10,10,1.0,0.004092022776603699,1.0,1.0,1.0,6
graph,0,2026-10-07T09:40:32,nodeGcor1,3.11.9,unknown,13158094,501,1,1,0.631877064704895,integrated_gradients,attribution,6,32,0.0,0.99,0.7512256744915744,0.9714285714285713,0.7142857142857143,10,10,1.0,0.19998126802966,0.9615384615384616,0.5192307692307692,0.8333333333333334,6
graph,0,2026-10-07T09:40:32,nodeGcor1,3.11.9,unknown,13158094,501,1,1,0.631877064704895,lime,attribution,6,32,0.0,0.46,0.6304679552055162,0.7142857142857143,0.7142857142857143,10,10,1.0,0.04608698096126318,0.9615384615384616,0.3589743589743589,0.8333333333333334,6
graph,0,2026-10-07T09:40:32,nodeGcor1,3.11.9,unknown,13158094,501,1,1,0.631877064704895,random,attribution,6,32,0.19095453117219285,0.63,0.39506195848185843,0.09636363636363636,0.0,10,10,0.09090909090909091,9.180046617984772e-06,0.39743589743589747,0.39743589743589747,0.0,6
graph,0,2026-10-07T09:40:32,nodeGcor1,3.11.9,unknown,13158094,502,2,2,0.5293610692024231,gnnexplainer,attribution,6,7,0.9511785919132388,0.53,0.3270746168550206,nan,nan,0,0,1.0,0.4456419418565929,1.0,1.0,1.0,6
graph,0,2026-10-07T09:40:32,nodeGcor1,3.11.9,unknown,13158094,502,2,2,0.5293610692024231,pgexplainer,attribution,6,7,0.9511785919132388,0.45,0.0,nan,nan,0,0,1.0,0.0039663552306592464,0.5,0.5,1.0,6
graph,0,2026-10-07T09:40:32,nodeGcor1,3.11.9,unknown,13158094,502,2,2,0.5293610692024231,integrated_gradients,attribution,6,7,0.951178580918918,0.47,0.2376258470696776,nan,nan,0,0,1.0,0.19738784292712808,1.0,0.6666666666666666,1.0,6
graph,0,2026-10-07T09:40:32,nodeGcor1,3.11.9,unknown,13158094,502,2,2,0.5293610692024231,lime,attribution,6,7,0.9511769557336069,0.62,0.37072099536592806,nan,nan,0,0,1.0,0.04336440283805132,0.8333333333333334,0.6666666666666666,0.8333333333333334,6
graph,0,2026-10-07T09:40:32,nodeGcor1,3.11.9,unknown,13158094,502,2,2,0.5293610692024231,random,attribution,6,7,0.9511769447389178,0.47,0.4089353589777235,nan,nan,0,0,0.7142857142857143,8.581206202507019e-06,0.8333333333333334,0.8333333333333334,0.8333333333333334,6
graph,0,2026-10-07T09:40:32,nodeGcor1,3.11.9,unknown,13158094,503,2,2,0.5293610692024231,gnnexplainer,attribution,6,7,0.951178580918918,0.55,0.3269127609479705,nan,nan,0,0,1.0,0.42095975717529655,1.0,1.0,1.0,6
graph,0,2026-10-07T09:40:32,nodeGcor1,3.11.9,unknown,13158094,503,2,2,0.5293610692024231,pgexplainer,attribution,6,7,0.9511785919132388,0.55,0.0,nan,nan,0,0,1.0,0.004016849212348461,0.5,0.5,1.0,6
graph,0,2026-10-07T09:40:32,nodeGcor1,3.11.9,unknown,13158094,503,2,2,0.5293610692024231,integrated_gradients,attribution,6,7,0.951178580918918,0.52,0.23762584331655834,nan,nan,0,0,1.0,0.19692579098045826,1.0,0.6666666666666666,1.0,6
graph,0,2026-10-07T09:40:32,nodeGcor1,3.11.9,unknown,13158094,503,2,2,0.5293610692024231,lime,attribution,6,7,0.9511769447389178,0.51,0.2626850617227978,nan,nan,0,0,1.0,0.04348988505080342,0.3333333333333333,0.3333333333333333,0.8333333333333334,6
graph,0,2026-10-07T09:40:32,nodeGcor1,3.11.9,unknown,13158094,503,2,2,0.5293610692024231,random,attribution,6,7,0.9511785919132388,0.56,0.3128553157447823,nan,nan,0,0,0.7142857142857143,9.119976311922073e-06,1.0,1.0,1.0,6
graph,0,2026-10-07T09:40:32,nodeGcor1,3.11.9,unknown,13158094,504,3,0,0.9756855964660645,gnnexplainer,attribution,6,581,0.5197435917485955,0.44,0.7469261176731469,0.7142857142857143,0.5,10,10,0.7142857142857143,0.4334934651851654,0.9965217391304347,0.9965217391304347,0.6666666666666666,6
graph,0,2026-10-07T09:40:32,nodeGcor1,3.11.9,unknown,13158094,504,3,0,0.9756855964660645,pgexplainer,attribution,6,581,0.0,0.47,0.991049913941479,1.0,1.0,10,10,1.0,0.004325540270656347,1.0,1.0,1.0,6
graph,0,2026-10-07T09:40:32,nodeGcor1,3.11.9,unknown,13158094,504,3,0,0.9756855964660645,integrated_gradients,attribution,6,581,0.9727306963022089,1.0,0.7452447513310287,1.0,0.7142857142857143,10,10,1.0,0.20375007390975952,0.9889855072463768,0.49565217391304345,0.3333333333333333,6
graph,0,2026-10-07T09:40:32,nodeGcor1,3.11.9,unknown,13158094,504,3,0,0.9756855964660645,lime,attribution,6,581,0.9993195017481024,1.0,0.47550990902184487,0.41666666666666663,0.3333333333333333,10,10,0.3333333333333333,0.2082881680689752,0.9113043478260869,0.5402898550724639,0.5,6
graph,0,2026-10-07T09:40:32,nodeGcor1,3.11.9,unknown,13158094,504,3,0,0.9756855964660645,random,attribution,6,581,0.0,0.54,0.3550466227537239,0.00909090909090909,0.0,10,10,0.09090909090909091,1.4275778084993362e-05,0.46492753623188404,0.46492753623188404,0.0,6
graph,0,2026-10-07T09:40:32,nodeGcor1,3.11.9,unknown,13158094,505,1,1,0.8707432150840759,gnnexplainer,attribution,6,20,0.0,1.0,0.321357186356267,0.7142857142857143,0.7142857142857143,10,10,0.7142857142857143,0.42645380971953273,0.9285714285714286,0.9285714285714286,0.8333333333333334,6
graph,0,2026-10-07T09:40:32,nodeGcor1,3.11.9,unknown,13158094,505,1,1,0.8707432150840759,pgexplainer,attribution,6,20,0.0,1.0,0.7160165413039478,1.0,1.0,10,10,1.0,0.0041052536107599735,1.0,1.0,1.0,6
graph,0,2026-10-07T09:40:32,nodeGcor1,3.11.9,unknown,13158094,505,1,1,0.8707432150840759,integrated_gradients,attribution,6,20,0.0,1.0,0.7278167492184477,0.8571428571428573,0.7142857142857143,10,10,1.0,0.19688573200255632,0.9523809523809524,0.38095238095238093,0.8333333333333334,6
graph,0,2026-10-07T09:40:32,nodeGcor1,3.11.9,unknown,13158094,505,1,1,0.8707432150840759,lime,attribution,6,20,0.0,0.7,0.5619788027496043,0.7142857142857143,0.7142857142857143,10,10,0.7142857142857143,0.04525447590276599,0.9523809523809524,0.38095238095238093,0.8333333333333334,6
graph,0,2026-10-07T09:40:32,nodeGcor1,3.11.9,unknown,13158094,505,1,1,0.8707432150840759,random,attribution,6,20,0.237558139367732,0.61,0.36162770259807564,0.2481818181818182,0.0,10,10,0.2,2.164812758564949e-05,0.5,0.5,0.16666666666666666,6
graph,0,2026-10-07T09:40:32,nodeGcor1,3.11.9,unknown,13158094,506,1,1,0.5514613389968872,gnnexplainer,attribution,6,504,0.904376790494148,0.52,0.6705191918088299,0.1939393939393939,0.09090909090909091,10,10,0.3333333333333333,0.4318692907691002,0.9802543507362784,0.9802543507362784,0.16666666666666666,6
graph,0,2026-10-07T09:40:32,nodeGcor1,3.11.9,unknown,13158094,506,1,1,0.5514613389968872,pgexplainer,attribution,6,504,0.9999999894547582,0.83,0.9880921817581507,1.0,1.0,10,10,1.0,0.0042690918780863285,1.0,1.0,1.0,6
graph,0,2026-10-07T09:40:32,nodeGcor1,3.11.9,unknown,13158094,506,1,1,0.5514613389968872,integrated_gradients,attribution,6,504,0.0,0.54,0.8539515111482128,0.9714285714285713,0.7142857142857143,10,10,1.0,0.2040080982260406,0.9979919678714859,0.501004016064257,0.8333333333333334,6
graph,0,2026-10-07T09:40:32,nodeGcor1,3.11.9,unknown,13158094,506,1,1,0.5514613389968872,lime,attribution,6,504,0.9076917239300354,0.55,0.45982572401431565,0.4666666666666666,0.3333333333333333,10,10,0.5,0.20222298335283995,0.9953145917001338,0.5020080321285141,0.6666666666666666,6
graph,0,2026-10-07T09:40:32,nodeGcor1,3.11.9,unknown,13158094,506,1,1,0.5514613389968872,random,attribution,6,504,0.0627093333886728,0.53,0.3196248232772305,0.0,0.0,10,10,0.0,1.2920238077640533e-05,0.4116465863453815,0.4116465863453815,0.0,6
graph,0,2026-10-07T09:40:32,nodeGcor1,3.11.9,unknown,13158094,507,2,0,0.5489088296890259,gnnexplainer,attribution,6,20,0.997789385726676,0.1,0.3176988821477157,1.0,1.0,10,10,0.7142857142857143,0.4359673988074064,0.9285714285714286,0.9285714285714286,0.8333333333333334,6
graph,0,2026-10-07T09:40:32,nodeGcor1,3.11.9,unknown,13158094,507,2,0,0.5489088296890259,pgexplainer,attribution,6,20,0.9977893106206631,0.14,0.7869951575414723,1.0,1.0,10,10,1.0,0.004096155986189842,1.0,1.0,1.0,6
graph,0,2026-10-07T09:40:32,nodeGcor1,3.11.9,unknown,13158094,507,2,0,0.5489088296890259,integrated_gradients,attribution,6,20,0.9977893106206631,0.25,0.7315060676614356,1.0,1.0,10,10,1.0,0.19898736057803035,0.9047619047619048,0.3571428571428571,0.8333333333333334,6
graph,0,2026-10-07T09:40:32,nodeGcor1,3.11.9,unknown,13158094,507,2,0,0.5489088296890259,lime,attribution,6,20,0.9977893120609812,0.22,0.6068046392981344,0.6547619047619048,0.3333333333333333,10,10,0.7142857142857143,0.0452171741053462,0.8214285714285714,0.5119047619047619,0.8333333333333334,6
graph,0,2026-10-07T09:40:32,nodeGcor1,3.11.9,unknown,13158094,507,2,0,0.5489088296890259,random,attribution,6,20,0.9977893874069895,0.63,0.26424396468497136,0.11454545454545455,0.09090909090909091,10,10,0.5,2.167513594031334e-05,0.6904761904761905,0.6904761904761905,0.5,6
graph,0,2026-10-07T09:40:32,nodeGcor1,3.11.9,unknown,13158094,510,1,1,0.8707435727119446,gnnexplainer,attribution,6,20,0.0,1.0,0.3125635064008718,0.7142857142857143,0.7142857142857143,10,10,0.7142857142857143,0.4120601126924157,0.9285714285714286,0.9285714285714286,0.8333333333333334,6
graph,0,2026-10-07T09:40:32,nodeGcor1,3.11.9,unknown,13158094,510,1,1,0.8707435727119446,pgexplainer,attribution,6,20,0.0,1.0,0.7160165029357802,1.0,1.0,10,10,1.0,0.004055894911289215,1.0,1.0,1.0,6
graph,0,2026-10-07T09:40:32,nodeGcor1,3.11.9,unknown,13158094,510,1,1,0.8707435727119446,integrated_gradients,attribution,6,20,0.0,1.0,0.7278167524242894,0.9428571428571428,0.7142857142857143,10,10,1.0,0.1964711770415306,0.9523809523809524,0.38095238095238093,0.8333333333333334,6
graph,0,2026-10-07T09:40:32,nodeGcor1,3.11.9,unknown,13158094,510,1,1,0.8707435727119446,lime,attribution,6,20,0.0,1.0,0.5560567081419924,1.0,1.0,10,10,1.0,0.04493251396343112,0.9404761904761905,0.38095238095238093,0.8333333333333334,6
graph,0,2026-10-07T09:40:32,nodeGcor1,3.11.9,unknown,13158094,510,1,1,0.8707435727119446,random,attribution,6,20,0.0,0.53,0.3014823896551412,0.12787878787878787,0.09090909090909091,10,10,0.2,8.98679718375206e-06,0.4523809523809524,0.4523809523809524,0.0,6
graph,0,2026-10-07T09:40:32,nodeGcor1,3.11.9,unknown,13158094,512,2,0,0.5489083528518677,gnnexplainer,attribution,6,20,0.9977893854866309,0.12,0.30767092664936146,1.0,1.0,10,10,0.7142857142857143,0.4179599778726697,0.9285714285714286,0.9285714285714286,0.8333333333333334,6
graph,0,2026-10-07T09:40:32,nodeGcor1,3.11.9,unknown,13158094,512,2,0,0.5489083528518677,pgexplainer,attribution,6,20,0.9977893106206631,0.15,0.7869951917302468,1.0,1.0,10,10,1.0,0.003930613864213228,1.0,1.0,1.0,6
graph,0,2026-10-07T09:40:32,nodeGcor1,3.11.9,unknown,13158094,512,2,0,0.5489083528518677,integrated_gradients,attribution,6,20,0.9977893108607163,0.33,0.7315060534697082,1.0,1.0,10,10,1.0,0.19402055582031608,0.9047619047619048,0.3571428571428571,0.8333333333333334,6
graph,0,2026-10-07T09:40:32,nodeGcor1,3.11.9,unknown,13158094,512,2,0,0.5489083528518677,lime,attribution,6,20,0.9977893106206631,0.21,0.5724187055474079,0.5428571428571429,0.5,10,10,0.7142857142857143,0.044439650140702724,0.7976190476190477,0.5238095238095238,0.8333333333333334,6
graph,0,2026-10-07T09:40:32,nodeGcor1,3.11.9,unknown,13158094,512,2,0,0.5489083528518677,random,attribution,6,20,0.0,0.28,0.36124113027710036,0.16727272727272727,0.09090909090909091,10,10,0.09090909090909091,2.0625069737434387e-05,0.34523809523809523,0.34523809523809523,0.3333333333333333,6
graph,0,2026-10-07T09:40:32,nodeGcor1,3.11.9,unknown,13158094,514,3,0,0.8447476029396057,gnnexplainer,attribution,6,20,0.9985635645411061,0.37,0.31256838840026235,1.0,1.0,10,10,0.7142857142857143,0.4119465812109411,0.9285714285714286,0.9285714285714286,0.8333333333333334,6
graph,0,2026-10-07T09:40:32,nodeGcor1,3.11.9,unknown,13158094,514,3,0,0.8447476029396057,pgexplainer,attribution,6,20,0.9985635154885123,0.41,0.740705140911396,1.0,1.0,10,10,1.0,0.003945843782275915,1.0,1.0,1.0,6
graph,0,2026-10-07T09:40:32,nodeGcor1,3.11.9,unknown,13158094,514,3,0,0.8447476029396057,integrated_gradients,attribution,6,20,0.9985635154885123,0.78,0.7144841339640811,1.0,1.0,10,10,1.0,0.1941306060180068,0.8452380952380952,0.5714285714285714,0.8333333333333334,6
graph,0,2026-10-07T09:40:32,nodeGcor1,3.11.9,unknown,13158094,514,3,0,0.8447476029396057,lime,attribution,6,20,0.9985635157925833,0.93,0.5983410406808487,0.5,0.5,10,10,0.5,0.04447974590584636,0.9047619047619049,0.6071428571428571,0.6666666666666666,6
graph,0,2026-10-07T09:40:32,nodeGcor1,3.11.9,unknown,13158094,514,3,0,0.8447476029396057,random,attribution,6,20,0.746586881531256,0.29,0.33427358681356945,0.21818181818181817,0.09090909090909091,10,10,0.5,2.0777340978384018e-05,0.6666666666666666,0.6666666666666666,0.5,6
graph,0,2026-10-07T09:40:32,nodeGcor1,3.11.9,unknown,13158094,515,1,0,0.5277101397514343,gnnexplainer,attribution,6,270,0.9999207890082454,0.6,0.6578744785643506,0.5904761904761905,0.3333333333333333,10,10,0.5,0.4224578361026943,0.9791666666666667,0.9791666666666667,0.3333333333333333,6
graph,0,2026-10-07T09:40:32,nodeGcor1,3.11.9,unknown,13158094,515,1,0,0.5277101397514343,pgexplainer,attribution,6,270,0.0,0.06,0.9754615451368032,1.0,1.0,10,10,1.0,0.004269801080226898,1.0,1.0,1.0,6
graph,0,2026-10-07T09:40:32,nodeGcor1,3.11.9,unknown,13158094,515,1,0,0.5277101397514343,integrated_gradients,attribution,6,270,0.950127483250722,0.87,0.7816262223928188,1.0,1.0,10,10,1.0,0.20258064288645983,0.9892676767676767,0.4943181818181818,0.5,6
graph,0,2026-10-07T09:40:32,nodeGcor1,3.11.9,unknown,13158094,515,1,0,0.5277101397514343,lime,attribution,6,270,0.9977005314302849,0.95,0.5142462947955204,0.5214285714285715,0.5,10,10,0.5,0.19869981007650495,0.8484848484848485,0.47032828282828276,0.3333333333333333,6
graph,0,2026-10-07T09:40:32,nodeGcor1,3.11.9,unknown,13158094,515,1,0,0.5277101397514343,random,attribution,6,270,0.3810789811373308,0.39,0.2991685544776429,0.04727272727272728,0.0,10,10,0.0,9.78820025920868e-06,0.7689393939393939,0.7689393939393939,0.16666666666666666,6
graph,0,2026-10-07T09:40:32,nodeGcor1,3.11.9,unknown,13158094,516,1,1,0.9225165247917175,gnnexplainer,attribution,6,16,0.015252509876427707,0.51,0.30429785555089417,0.7142857142857143,0.7142857142857143,10,10,0.7142857142857143,0.4203210691921413,0.9333333333333333,0.9333333333333333,0.8333333333333334,6
graph,0,2026-10-07T09:40:32,nodeGcor1,3.11.9,unknown,13158094,516,1,1,0.9225165247917175,pgexplainer,attribution,6,16,0.01525102382489506,1.0,0.5913463154665038,1.0,1.0,10,10,1.0,0.004030190408229828,1.0,1.0,1.0,6
graph,0,2026-10-07T09:40:32,nodeGcor1,3.11.9,unknown,13158094,516,1,1,0.9225165247917175,integrated_gradients,attribution,6,16,0.015252509876427707,1.0,0.6775534204661919,1.0,0.7142857142857143,10,10,1.0,0.19514048611745238,0.9500000000000001,0.5333333333333333,0.8333333333333334,6
graph,0,2026-10-07T09:40:32,nodeGcor1,3.11.9,unknown,13158094,516,1,1,0.9225165247917175,lime,attribution,6,16,0.015252509876427707,1.0,0.5242343479150907,0.9142857142857143,0.7142857142857143,10,10,0.7142857142857143,0.0447857640683651,0.9,0.41666666666666663,0.8333333333333334,6
graph,0,2026-10-07T09:40:32,nodeGcor1,3.11.9,unknown,13158094,516,1,1,0.9225165247917175,random,attribution,6,16,0.0,0.39,0.37928542471976734,0.1906060606060606,0.09090909090909091,10,10,0.3333333333333333,2.1554064005613327e-05,0.3833333333333333,0.3833333333333333,0.3333333333333333,6
graph,0,2026-10-07T09:40:32,nodeGcor1,3.11.9,unknown,13158094,522,2,2,0.5293610692024231,gnnexplainer,attribution,6,7,0.9511785919132388,0.51,0.3270746168550206,nan,nan,0,0,1.0,0.411978823132813,1.0,1.0,1.0,6
graph,0,2026-10-07T09:40:32,nodeGcor1,3.11.9,unknown,13158094,522,2,2,0.5293610692024231,pgexplainer,attribution,6,7,0.9511785919132388,0.53,0.0,nan,nan,0,0,1.0,0.003931765910238028,0.5,0.5,1.0,6
graph,0,2026-10-07T09:40:32,nodeGcor1,3.11.9,unknown,13158094,522,2,2,0.5293610692024231,integrated_gradients,attribution,6,7,0.951178580918918,0.54,0.23762583952077643,nan,nan,0,0,1.0,0.19573144894093275,1.0,0.6666666666666666,1.0,6
graph,0,2026-10-07T09:40:32,nodeGcor1,3.11.9,unknown,13158094,522,2,2,0.5293610692024231,lime,attribution,6,7,0.9511769557336069,0.49,0.3707210214180694,nan,nan,0,0,1.0,0.043085812125355005,0.8333333333333334,0.6666666666666666,0.8333333333333334,6
graph,0,2026-10-07T09:40:32,nodeGcor1,3.11.9,unknown,13158094,522,2,2,0.5293610692024231,random,attribution,6,7,0.951178580918918,0.41,0.10669304902427279,nan,nan,0,0,0.7142857142857143,2.0730774849653244e-05,1.0,1.0,1.0,6
graph,0,2026-10-07T09:40:32,nodeGcor1,3.11.9,unknown,13158094,523,2,2,0.5293610692024231,gnnexplainer,attribution,6,7,0.9511785919132388,0.51,0.3269127609479705,nan,nan,0,0,1.0,0.41588937817141414,1.0,1.0,1.0,6
graph,0,2026-10-07T09:40:32,nodeGcor1,3.11.9,unknown,13158094,523,2,2,0.5293610692024231,pgexplainer,attribution,6,7,0.9511785919132388,0.48,0.0,nan,nan,0,0,1.0,0.003937249071896076,0.5,0.5,1.0,6
graph,0,2026-10-07T09:40:32,nodeGcor1,3.11.9,unknown,13158094,523,2,2,0.5293610692024231,integrated_gradients,attribution,6,7,0.9511785919132388,0.57,0.23762582403965438,nan,nan,0,0,1.0,0.19540358567610383,1.0,0.6666666666666666,1.0,6
graph,0,2026-10-07T09:40:32,nodeGcor1,3.11.9,unknown,13158094,523,2,2,0.5293610692024231,lime,attribution,6,7,0.9511769447389178,0.48,0.2626850744372582,nan,nan,0,0,1.0,0.04311192920431495,0.3333333333333333,0.3333333333333333,0.8333333333333334,6
graph,0,2026-10-07T09:40:32,nodeGcor1,3.11.9,unknown,13158094,523,2,2,0.5293610692024231,random,attribution,6,7,0.951178580918918,0.53,0.4546214673404422,nan,nan,0,0,0.7142857142857143,2.0625069737434387e-05,0.0,0.0,0.8333333333333334,6
graph,0,2026-10-07T09:40:32,nodeGcor1,3.11.9,unknown,13158094,524,3,0,0.8136923313140869,gnnexplainer,attribution,6,556,0.9721001965059648,0.51,0.7676896608381032,0.8,0.7142857142857143,10,10,0.7142857142857143,0.4279501708224416,0.9942424242424241,0.9942424242424241,0.6666666666666666,6
graph,0,2026-10-07T09:40:32,nodeGcor1,3.11.9,unknown,13158094,524,3,0,0.8136923313140869,pgexplainer,attribution,6,556,0.0,0.36,0.9895095108829779,1.0,1.0,10,10,1.0,0.0042073531076312065,1.0,1.0,1.0,6
graph,0,2026-10-07T09:40:32,nodeGcor1,3.11.9,unknown,13158094,524,3,0,0.8136923313140869,integrated_gradients,attribution,6,556,0.9673018360854263,0.99,0.6661500288125093,1.0,0.7142857142857143,10,10,1.0,0.20086200116202235,0.9909090909090909,0.4954545454545455,0.3333333333333333,6
graph,0,2026-10-07T09:40:32,nodeGcor1,3.11.9,unknown,13158094,524,3,0,0.8136923313140869,lime,attribution,6,556,0.9990254526468861,1.0,0.4371621550071305,0.5476190476190477,0.3333333333333333,10,10,0.5,0.21911541186273098,0.9324242424242424,0.516969696969697,0.3333333333333333,6
graph,0,2026-10-07T09:40:32,nodeGcor1,3.11.9,unknown,13158094,524,3,0,0.8136923313140869,random,attribution,6,556,0.0,0.5,0.33865168466406814,0.0,0.0,10,10,0.0,2.115592360496521e-05,0.6009090909090908,0.6009090909090908,0.0,6
graph,0,2026-10-07T09:40:32,nodeGcor1,3.11.9,unknown,13158094,525,1,0,0.9430428743362427,gnnexplainer,attribution,6,278,0.9988060266963672,0.53,0.5754754452948018,0.7214285714285715,0.2,10,10,1.0,0.44124210299924016,0.9644607843137255,0.9644607843137255,0.0,6
graph,0,2026-10-07T09:40:32,nodeGcor1,3.11.9,unknown,13158094,525,1,0,0.9430428743362427,pgexplainer,attribution,6,278,0.0,0.28,0.9784382390608837,1.0,1.0,10,10,1.0,0.004294553771615028,1.0,1.0,1.0,6
graph,0,2026-10-07T09:40:32,nodeGcor1,3.11.9,unknown,13158094,525,1,0,0.9430428743362427,integrated_gradients,attribution,6,278,0.9987132861235682,0.87,0.791998326913824,0.8857142857142858,0.5,10,10,1.0,0.20305647188797593,0.9914215686274509,0.4950980392156863,0.6666666666666666,6
graph,0,2026-10-07T09:40:32,nodeGcor1,3.11.9,unknown,13158094,525,1,0,0.9430428743362427,lime,attribution,6,278,0.9998435606812343,1.0,0.5500899870202383,0.8,0.7142857142857143,10,10,1.0,0.19905055174604058,0.7818627450980392,0.4068627450980392,0.0,6
graph,0,2026-10-07T09:40:32,nodeGcor1,3.11.9,unknown,13158094,525,1,0,0.9430428743362427,random,attribution,6,278,0.0,0.33,0.3336267666061893,0.01818181818181818,0.0,10,10,0.0,2.2685155272483826e-05,0.3131127450980392,0.3131127450980392,0.0,6
graph,0,2026-10-07T09:40:32,nodeGcor1,3.11.9,unknown,13158094,527,2,3,0.6810905337333679,gnnexplainer,attribution,6,7,0.9053061744927561,1.0,0.12295490836040834,1.0,1.0,10,10,1.0,0.4198179072700441,1.0,1.0,1.0,6
graph,0,2026-10-07T09:40:32,nodeGcor1,3.11.9,unknown,13158094,527,2,3,0.6810905337333679,pgexplainer,attribution,6,7,0.9053061910667402,1.0,0.0,1.0,1.0,10,10,1.0,0.004002759698778391,0.5,0.5,1.0,6
graph,0,2026-10-07T09:40:32,nodeGcor1,3.11.9,unknown,13158094,527,2,3,0.6810905337333679,integrated_gradients,attribution,6,7,0.9053061910667402,1.0,0.3676448534860932,0.7142857142857143,0.7142857142857143,10,10,1.0,0.1962148961611092,0.6666666666666666,0.8333333333333334,0.8333333333333334,6
graph,0,2026-10-07T09:40:32,nodeGcor1,3.11.9,unknown,13158094,527,2,3,0.6810905337333679,lime,attribution,6,7,0.9053061744927561,1.0,0.30279802336271844,0.7142857142857143,0.7142857142857143,10,10,0.7142857142857143,0.043567551765590906,0.6666666666666666,0.8333333333333334,0.8333333333333334,6
graph,0,2026-10-07T09:40:32,nodeGcor1,3.11.9,unknown,13158094,527,2,3,0.6810905337333679,random,attribution,6,7,0.9053053815664801,0.45,0.2524382407072556,0.7428571428571429,0.7142857142857143,10,10,0.7142857142857143,2.188095822930336e-05,0.6666666666666666,0.6666666666666666,0.8333333333333334,6
graph,0,2026-10-07T09:40:32,nodeGcor1,3.11.9,unknown,13158094,528,2,3,0.4913572371006012,gnnexplainer,attribution,6,19,0.8687395514002116,0.56,0.35325766340385467,0.9714285714285715,1.0,10,10,1.0,0.4206819753162563,0.9230769230769231,0.9230769230769231,0.8333333333333334,6
graph,0,2026-10-07T09:40:32,nodeGcor1,3.11.9,unknown,13158094,528,2,3,0.4913572371006012,pgexplainer,attribution,6,19,0.8687406128260147,0.6,0.6752515658144843,0.8285714285714286,0.7142857142857143,10,10,1.0,0.004074143245816231,0.9487179487179487,0.9487179487179487,0.8333333333333334,6
graph,0,2026-10-07T09:40:32,nodeGcor1,3.11.9,unknown,13158094,528,2,3,0.4913572371006012,integrated_gradients,attribution,6,19,0.8687406128260147,0.97,0.6836737959227852,1.0,0.7142857142857143,10,10,1.0,0.19709543511271477,1.0,0.5,1.0,6
graph,0,2026-10-07T09:40:32,nodeGcor1,3.11.9,unknown,13158094,528,2,3,0.4913572371006012,lime,attribution,6,19,0.8687395514002116,0.19,0.6135571626217373,0.3666666666666667,0.3333333333333333,10,10,0.3333333333333333,0.04505125666037202,0.4871794871794872,0.7564102564102564,0.3333333333333333,6
graph,0,2026-10-07T09:40:32,nodeGcor1,3.11.9,unknown,13158094,528,2,3,0.4913572371006012,random,attribution,6,19,0.8687395514002116,0.29,0.34018417363278297,0.21151515151515152,0.09090909090909091,10,10,0.2,2.137012779712677e-05,0.6153846153846154,0.6153846153846154,0.3333333333333333,6
graph,0,2026-10-07T09:40:32,nodeGcor1,3.11.9,unknown,13158094,529,3,0,0.5439606308937073,gnnexplainer,attribution,6,19,0.9977692864146347,0.63,0.35470640099718675,0.7142857142857143,0.7142857142857143,10,10,1.0,0.4110067877918482,0.9230769230769231,0.9230769230769231,0.8333333333333334,6
graph,0,2026-10-07T09:40:32,nodeGcor1,3.11.9,unknown,13158094,529,3,0,0.5439606308937073,pgexplainer,attribution,6,19,0.9977692864146347,0.34,0.584794456257158,0.8285714285714286,0.7142857142857143,10,10,1.0,0.003936797846108675,0.9487179487179487,0.9487179487179487,0.8333333333333334,6
graph,0,2026-10-07T09:40:32,nodeGcor1,3.11.9,unknown,13158094,529,3,0,0.5439606308937073,integrated_gradients,attribution,6,19,0.9977692864146347,0.42,0.6662609962195817,0.9428571428571427,0.7142857142857143,10,10,1.0,0.19525640923529863,0.7435897435897436,0.6410256410256411,0.6666666666666666,6
graph,0,2026-10-07T09:40:32,nodeGcor1,3.11.9,unknown,13158094,529,3,0,0.5439606308937073,lime,attribution,6,19,0.99776921086798,0.38,0.5331625999324878,0.9142857142857143,0.7142857142857143,10,10,0.7142857142857143,0.044476650189608335,0.9102564102564102,0.6025641025641025,0.8333333333333334,6
graph,0,2026-10-07T09:40:32,nodeGcor1,3.11.9,unknown,13158094,529,3,0,0.5439606308937073,random,attribution,6,19,0.9977692111124181,0.27,0.24787520631306847,0.2015151515151515,0.0,10,10,0.2,2.6633962988853455e-05,0.5897435897435896,0.5897435897435896,0.5,6
graph,0,2026-10-07T09:40:32,nodeGcor1,3.11.9,unknown,13158094,531,1,0,0.9288311004638672,gnnexplainer,attribution,6,299,0.9622891327148297,0.52,0.6619265339625213,0.29333333333333333,0.2,10,10,0.3333333333333333,0.4189977250061929,0.9744027303754266,0.9744027303754266,0.0,6
graph,0,2026-10-07T09:40:32,nodeGcor1,3.11.9,unknown,13158094,531,1,0,0.9288311004638672,pgexplainer,attribution,6,299,0.0,0.24,0.9799332038952138,1.0,1.0,10,10,1.0,0.00418768310919404,1.0,1.0,1.0,6
graph,0,2026-10-07T09:40:32,nodeGcor1,3.11.9,unknown,13158094,531,1,0,0.9288311004638672,integrated_gradients,attribution,6,299,0.3941756642826038,0.86,0.7686397701816365,0.9428571428571428,0.7142857142857143,10,10,1.0,0.19974760012701154,0.9886234357224117,0.4937428896473265,0.3333333333333333,6
graph,0,2026-10-07T09:40:32,nodeGcor1,3.11.9,unknown,13158094,531,1,0,0.9288311004638672,lime,attribution,6,299,0.9776009388988219,1.0,0.5253514573107034,0.7000000000000001,0.5,10,10,0.7142857142857143,0.20129245100542903,0.7485779294653014,0.534698521046644,0.16666666666666666,6
graph,0,2026-10-07T09:40:32,nodeGcor1,3.11.9,unknown,13158094,531,1,0,0.9288311004638672,random,attribution,6,299,0.0,0.31,0.3394189852295404,0.00909090909090909,0.0,10,10,0.0,1.046992838382721e-05,0.5147895335608645,0.5147895335608645,0.0,6
graph,0,2026-10-07T09:40:32,nodeGcor1,3.11.9,unknown,13158094,532,2,3,0.4596942961215973,gnnexplainer,attribution,6,14,0.8596979862051654,0.52,0.22364274489166236,0.7142857142857143,0.7142857142857143,10,10,1.0,0.41868783393874764,0.875,0.875,0.8333333333333334,6
graph,0,2026-10-07T09:40:32,nodeGcor1,3.11.9,unknown,13158094,532,2,3,0.4596942961215973,pgexplainer,attribution,6,14,0.8596991207447714,0.96,0.5780838007035262,0.8,0.7142857142857143,10,10,1.0,0.00400872528553009,1.0,1.0,1.0,6
graph,0,2026-10-07T09:40:32,nodeGcor1,3.11.9,unknown,13158094,532,2,3,0.4596942961215973,integrated_gradients,attribution,6,14,0.8596991207447714,0.97,0.6078416026655974,1.0,1.0,10,10,1.0,0.19594153994694352,1.0,0.5,1.0,6
graph,0,2026-10-07T09:40:32,nodeGcor1,3.11.9,unknown,13158094,532,2,3,0.4596942961215973,lime,attribution,6,14,0.8596980589723009,0.33,0.4938512545351711,0.35,0.2,10,10,0.3333333333333333,0.044364386703819036,0.5625,0.9166666666666666,0.5,6
graph,0,2026-10-07T09:40:32,nodeGcor1,3.11.9,unknown,13158094,532,2,3,0.4596942961215973,random,attribution,6,14,0.9509474478609629,0.21,0.26912158368217187,0.2206060606060606,0.09090909090909091,10,10,0.2,1.7247162759304047e-05,0.5,0.5,0.5,6
graph,0,2026-10-07T09:40:32,nodeGcor1,3.11.9,unknown,13158094,534,3,0,0.7879906296730042,gnnexplainer,attribution,6,14,0.9984601037920933,0.75,0.3909119094391449,0.7142857142857143,0.7142857142857143,10,10,1.0,0.41372195025905967,0.9166666666666666,0.9166666666666666,0.8333333333333334,6
graph,0,2026-10-07T09:40:32,nodeGcor1,3.11.9,unknown,13158094,534,3,0,0.7879906296730042,pgexplainer,attribution,6,14,0.998460051874032,0.28,0.5779218408435478,0.8857142857142856,0.7142857142857143,10,10,1.0,0.004008460324257612,1.0,1.0,1.0,6
graph,0,2026-10-07T09:40:32,nodeGcor1,3.11.9,unknown,13158094,534,3,0,0.7879906296730042,integrated_gradients,attribution,6,14,0.9984601037920933,0.48,0.6360869902509712,0.9142857142857143,0.7142857142857143,10,10,1.0,0.1980589721351862,0.7708333333333333,0.5833333333333333,0.6666666666666666,6
graph,0,2026-10-07T09:40:32,nodeGcor1,3.11.9,unknown,13158094,534,3,0,0.7879906296730042,lime,attribution,6,14,0.9984601040250523,0.96,0.41548279472527627,0.7142857142857143,0.7142857142857143,10,10,0.7142857142857143,0.044541771057993174,0.7916666666666666,0.625,0.6666666666666666,6
graph,0,2026-10-07T09:40:32,nodeGcor1,3.11.9,unknown,13158094,534,3,0,0.7879906296730042,random,attribution,6,14,0.9666008670593905,0.25,0.4176030996784935,0.3057575757575758,0.09090909090909091,10,10,0.2,2.185208722949028e-05,0.5208333333333333,0.5208333333333333,0.5,6
graph,0,2026-10-07T09:40:32,nodeGcor1,3.11.9,unknown,13158094,536,1,0,0.8315939903259277,gnnexplainer,attribution,6,20,0.9985408435392907,0.03,0.22092335755417158,0.7142857142857143,0.7142857142857143,10,10,0.7142857142857143,0.4215784501284361,0.9285714285714286,0.9285714285714286,0.8333333333333334,6
graph,0,2026-10-07T09:40:32,nodeGcor1,3.11.9,unknown,13158094,536,1,0,0.8315939903259277,pgexplainer,attribution,6,20,0.9985407933905204,0.05,0.7999518356223678,1.0,1.0,10,10,1.0,0.004046368878334761,1.0,1.0,1.0,6
graph,0,2026-10-07T09:40:32,nodeGcor1,3.11.9,unknown,13158094,536,1,0,0.8315939903259277,integrated_gradients,attribution,6,20,0.9985407933905204,0.35,0.7693621576920103,1.0,1.0,10,10,1.0,0.20083470083773136,0.9285714285714286,0.4642857142857143,0.8333333333333334,6
graph,0,2026-10-07T09:40:32,nodeGcor1,3.11.9,unknown,13158094,536,1,0,0.8315939903259277,lime,attribution,6,20,0.9683520484288846,0.85,0.5554078413802421,0.5428571428571429,0.5,10,10,0.7142857142857143,0.04483427805826068,0.6547619047619048,0.30952380952380953,0.5,6
graph,0,2026-10-07T09:40:32,nodeGcor1,3.11.9,unknown,13158094,536,1,0,0.8315939903259277,random,attribution,6,20,0.9971749736719295,0.37,0.30292753060406985,0.24536796536796537,0.0,10,10,0.2,2.1955929696559906e-05,0.42857142857142855,0.42857142857142855,0.16666666666666666,6
graph,0,2026-10-07T09:40:32,nodeGcor1,3.11.9,unknown,13158094,537,2,2,0.5293611884117126,gnnexplainer,attribution,6,7,0.951178580918918,0.56,0.3270746168550206,nan,nan,0,0,1.0,0.4091691658832133,1.0,1.0,1.0,6
graph,0,2026-10-07T09:40:32,nodeGcor1,3.11.9,unknown,13158094,537,2,2,0.5293611884117126,pgexplainer,attribution,6,7,0.9511785919132388,0.55,0.0,nan,nan,0,0,1.0,0.003971594385802746,0.5,0.5,1.0,6
graph,0,2026-10-07T09:40:32,nodeGcor1,3.11.9,unknown,13158094,537,2,2,0.5293611884117126,integrated_gradients,attribution,6,7,0.951178580918918,0.52,0.23762584807244358,nan,nan,0,0,1.0,0.19429151434451342,1.0,0.6666666666666666,1.0,6
graph,0,2026-10-07T09:40:32,nodeGcor1,3.11.9,unknown,13158094,537,2,2,0.5293611884117126,lime,attribution,6,7,0.9511769447389178,0.47,0.3707209990803564,nan,nan,0,0,1.0,0.043337039183825254,0.8333333333333334,0.6666666666666666,0.8333333333333334,6
graph,0,2026-10-07T09:40:32,nodeGcor1,3.11.9,unknown,13158094,537,2,2,0.5293611884117126,random,attribution,6,7,0.9511785919132388,0.48,0.21980088913065654,nan,nan,0,0,0.7142857142857143,2.1276064217090607e-05,0.5,0.5,0.8333333333333334,6
graph,0,2026-10-07T09:40:32,nodeGcor1,3.11.9,unknown,13158094,538,2,2,0.5293610692024231,gnnexplainer,attribution,6,7,0.9511785919132388,0.5,0.3269127609479705,nan,nan,0,0,1.0,0.4159622876904905,1.0,1.0,1.0,6
graph,0,2026-10-07T09:40:32,nodeGcor1,3.11.9,unknown,13158094,538,2,2,0.5293610692024231,pgexplainer,attribution,6,7,0.9511785919132388,0.62,0.0,nan,nan,0,0,1.0,0.003941557835787535,0.5,0.5,1.0,6
graph,0,2026-10-07T09:40:32,nodeGcor1,3.11.9,unknown,13158094,538,2,2,0.5293610692024231,integrated_gradients,attribution,6,7,0.9511785919132388,0.49,0.23762582468954252,nan,nan,0,0,1.0,0.19460173603147268,1.0,0.6666666666666666,1.0,6
graph,0,2026-10-07T09:40:32,nodeGcor1,3.11.9,unknown,13158094,538,2,2,0.5293610692024231,lime,attribution,6,7,0.9511769447389178,0.49,0.2626850602897701,nan,nan,0,0,1.0,0.04320895206183195,0.3333333333333333,0.3333333333333333,0.8333333333333334,6
graph,0,2026-10-07T09:40:32,nodeGcor1,3.11.9,unknown,13158094,538,2,2,0.5293610692024231,random,attribution,6,7,0.9511785919132388,0.46,0.4052090189472909,nan,nan,0,0,0.7142857142857143,2.1188054233789444e-05,1.0,1.0,1.0,6
graph,0,2026-10-07T09:40:32,nodeGcor1,3.11.9,unknown,13158094,544,3,0,0.8624014258384705,gnnexplainer,attribution,6,12,0.9985929695172807,0.84,0.2091501386910659,0.7142857142857143,0.7142857142857143,10,10,0.7142857142857143,0.4157786602154374,0.9444444444444444,0.9444444444444444,0.8333333333333334,6
graph,0,2026-10-07T09:40:32,nodeGcor1,3.11.9,unknown,13158094,544,3,0,0.8624014258384705,pgexplainer,attribution,6,12,0.9985929215742119,0.4,0.5663936820854962,1.0,1.0,10,10,1.0,0.003944536671042442,1.0,1.0,1.0,6
graph,0,2026-10-07T09:40:32,nodeGcor1,3.11.9,unknown,13158094,544,3,0,0.8624014258384705,integrated_gradients,attribution,6,12,0.9985929695172807,0.8,0.6133449280374423,1.0,1.0,10,10,1.0,0.19524467503651977,0.7222222222222223,0.5833333333333334,0.8333333333333334,6
graph,0,2026-10-07T09:40:32,nodeGcor1,3.11.9,unknown,13158094,544,3,0,0.8624014258384705,lime,attribution,6,12,0.9985929215742119,0.47,0.4630073159436209,0.7142857142857143,0.7142857142857143,10,10,0.7142857142857143,0.04423440573737025,0.7777777777777779,0.5,0.8333333333333334,6
graph,0,2026-10-07T09:40:32,nodeGcor1,3.11.9,unknown,13158094,544,3,0,0.8624014258384705,random,attribution,6,12,0.43842080600136435,0.43,0.2471457891167188,0.3705194805194805,0.09090909090909091,10,10,0.5,2.1079089492559433e-05,0.33333333333333326,0.33333333333333326,0.3333333333333333,6
graph,0,2026-10-07T09:40:32,nodeGcor1,3.11.9,unknown,13158094,546,1,1,0.8855271935462952,gnnexplainer,attribution,6,12,0.0,0.92,0.1816443701284769,0.7142857142857143,0.7142857142857143,10,10,0.7142857142857143,0.4041026160120964,0.8333333333333334,0.8333333333333334,0.8333333333333334,6
graph,0,2026-10-07T09:40:32,nodeGcor1,3.11.9,unknown,13158094,546,1,1,0.8855271935462952,pgexplainer,attribution,6,12,0.0,1.0,0.455448801862405,1.0,1.0,10,10,1.0,0.004068773705512285,1.0,1.0,1.0,6
graph,0,2026-10-07T09:40:32,nodeGcor1,3.11.9,unknown,13158094,546,1,1,0.8855271935462952,integrated_gradients,attribution,6,12,0.0,1.0,0.5914026579588677,0.9428571428571428,1.0,10,10,1.0,0.19445111881941557,0.888888888888889,0.4444444444444444,0.8333333333333334,6
graph,0,2026-10-07T09:40:32,nodeGcor1,3.11.9,unknown,13158094,546,1,1,0.8855271935462952,lime,attribution,6,12,0.0,1.0,0.44923476426293407,0.9714285714285715,0.7142857142857143,10,10,0.7142857142857143,0.044482065830379725,0.8055555555555557,0.5277777777777778,0.8333333333333334,6
graph,0,2026-10-07T09:40:32,nodeGcor1,3.11.9,unknown,13158094,546,1,1,0.8855271935462952,random,attribution,6,12,0.9744148765550431,0.4,0.2700201494702432,0.39142857142857146,0.2,10,10,0.2,2.151867374777794e-05,0.6111111111111112,0.6111111111111112,0.5,6
graph,0,2026-10-07T09:40:32,nodeGcor1,3.11.9,unknown,13158094,548,2,0,0.49559614062309265,gnnexplainer,attribution,6,12,0.9975515883573054,0.64,0.21428720499893128,nan,nan,0,0,0.7142857142857143,0.40175691014155746,0.9166666666666667,0.9166666666666667,0.8333333333333334,6
graph,0,2026-10-07T09:40:32,nodeGcor1,3.11.9,unknown,13158094,548,2,0,0.49559614062309265,pgexplainer,attribution,6,12,0.9975515051434843,0.02,0.5681067752866021,nan,nan,0,0,1.0,0.004008965101093054,1.0,1.0,1.0,6
graph,0,2026-10-07T09:40:32,nodeGcor1,3.11.9,unknown,13158094,548,2,0,0.49559614062309265,integrated_gradients,attribution,6,12,0.9975515045545316,0.02,0.6554970721292994,nan,nan,0,0,1.0,0.19480133801698685,0.8611111111111112,0.3055555555555556,0.8333333333333334,6
graph,0,2026-10-07T09:40:32,nodeGcor1,3.11.9,unknown,13158094,548,2,0,0.49559614062309265,lime,attribution,6,12,0.997551506321389,0.21,0.4439266523782388,nan,nan,0,0,0.5,0.04429930495098233,0.6111111111111112,0.4444444444444445,0.6666666666666666,6
graph,0,2026-10-07T09:40:32,nodeGcor1,3.11.9,unknown,13158094,548,2,0,0.49559614062309265,random,attribution,6,12,0.7796981518250173,0.12,0.32816300988355385,nan,nan,0,0,0.5,8.5378997027874e-06,0.4722222222222222,0.4722222222222222,0.5,6
graph,0,2026-10-07T09:40:32,nodeGcor1,3.11.9,unknown,13158094,550,1,1,0.8878718614578247,gnnexplainer,attribution,6,16,0.0,1.0,0.30197766390718295,0.7142857142857143,0.7142857142857143,10,10,0.7142857142857143,0.4032111819833517,0.9333333333333333,0.9333333333333333,0.8333333333333334,6
graph,0,2026-10-07T09:40:32,nodeGcor1,3.11.9,unknown,13158094,550,1,1,0.8878718614578247,pgexplainer,attribution,6,16,0.0,1.0,0.6249999956803961,1.0,1.0,10,10,1.0,0.004091326147317886,1.0,1.0,1.0,6
graph,0,2026-10-07T09:40:32,nodeGcor1,3.11.9,unknown,13158094,550,1,1,0.8878718614578247,integrated_gradients,attribution,6,16,0.0,1.0,0.5936647645765742,0.9428571428571428,0.7142857142857143,10,10,1.0,0.19490393809974194,0.9333333333333333,0.55,0.8333333333333334,6
graph,0,2026-10-07T09:40:32,nodeGcor1,3.11.9,unknown,13158094,550,1,1,0.8878718614578247,lime,attribution,6,16,0.0,1.0,0.5916682992785077,1.0,1.0,10,10,1.0,0.04503689333796501,0.8333333333333334,0.5333333333333333,0.8333333333333334,6
graph,0,2026-10-07T09:40:32,nodeGcor1,3.11.9,unknown,13158094,550,1,1,0.8878718614578247,random,attribution,6,16,0.9791038849275021,0.48,0.31422389045235743,0.2672727272727273,0.09090909090909091,10,10,0.2,1.8338672816753387e-05,0.5666666666666667,0.5666666666666667,0.3333333333333333,6
graph,0,2026-10-07T09:40:32,nodeGcor1,3.11.9,unknown,13158094,552,2,2,0.5293610692024231,gnnexplainer,attribution,6,7,0.9511785919132388,0.51,0.3270746168550206,nan,nan,0,0,1.0,0.412598610855639,1.0,1.0,1.0,6
graph,0,2026-10-07T09:40:32,nodeGcor1,3.11.9,unknown,13158094,552,2,2,0.5293610692024231,pgexplainer,attribution,6,7,0.9511785919132388,0.58,0.0,nan,nan,0,0,1.0,0.003948534838855267,0.5,0.5,1.0,6
graph,0,2026-10-07T09:40:32,nodeGcor1,3.11.9,unknown,13158094,552,2,2,0.5293610692024231,integrated_gradients,attribution,6,7,0.951178580918918,0.55,0.2376258421761982,nan,nan,0,0,1.0,0.1943612778559327,1.0,0.6666666666666666,1.0,6
graph,0,2026-10-07T09:40:32,nodeGcor1,3.11.9,unknown,13158094,552,2,2,0.5293610692024231,lime,attribution,6,7,0.9511769557336069,0.43,0.3707209946817096,nan,nan,0,0,1.0,0.04310744581744075,0.8333333333333334,0.6666666666666666,0.8333333333333334,6
graph,0,2026-10-07T09:40:32,nodeGcor1,3.11.9,unknown,13158094,552,2,2,0.5293610692024231,random,attribution,6,7,0.951178580918918,0.48,0.1775306939500214,nan,nan,0,0,1.0,1.4614779502153397e-05,0.8333333333333334,0.8333333333333334,0.8333333333333334,6
graph,0,2026-10-07T09:40:32,nodeGcor1,3.11.9,unknown,13158094,554,3,0,0.9700543284416199,gnnexplainer,attribution,6,425,0.2776788894594365,0.53,0.6453239841995768,0.6928571428571428,0.5,10,10,0.5,0.42622420098632574,0.9809069212410501,0.9809069212410501,0.0,6
graph,0,2026-10-07T09:40:32,nodeGcor1,3.11.9,unknown,13158094,554,3,0,0.9700543284416199,pgexplainer,attribution,6,425,0.0,0.32,0.9877647040654036,1.0,1.0,10,10,1.0,0.004179986193776131,1.0,1.0,1.0,6
graph,0,2026-10-07T09:40:32,nodeGcor1,3.11.9,unknown,13158094,554,3,0,0.9700543284416199,integrated_gradients,attribution,6,425,0.4199194178145088,1.0,0.7377817634589818,0.8857142857142858,0.5,10,10,1.0,0.20062152203172445,0.9725536992840095,0.5031821797931584,0.3333333333333333,6
graph,0,2026-10-07T09:40:32,nodeGcor1,3.11.9,unknown,13158094,554,3,0,0.9700543284416199,lime,attribution,6,425,0.9987490860156917,1.0,0.4751190267425026,0.6285714285714287,0.5,10,10,0.7142857142857143,0.19645216595381498,0.773667462211615,0.7641209228321401,0.16666666666666666,6
graph,0,2026-10-07T09:40:32,nodeGcor1,3.11.9,unknown,13158094,554,3,0,0.9700543284416199,random,attribution,6,425,0.0,0.46,0.3320379565701779,0.0,0.0,10,10,0.0,2.3875851184129715e-05,0.6296738265712013,0.6296738265712013,0.0,6
graph,0,2026-10-07T09:40:32,nodeGcor1,3.11.9,unknown,13158094,555,1,1,0.8375100493431091,gnnexplainer,attribution,6,978,0.0,0.95,0.6962862772240843,0.9714285714285715,0.5,10,10,0.7142857142857143,0.44275179598480463,0.9993141289437586,0.9993141289437586,0.8333333333333334,6
graph,0,2026-10-07T09:40:32,nodeGcor1,3.11.9,unknown,13158094,555,1,1,0.8375100493431091,pgexplainer,attribution,6,978,0.999999987988311,0.98,0.9933144572922433,1.0,1.0,10,10,1.0,0.004423763137310743,1.0,1.0,1.0,6
graph,0,2026-10-07T09:40:32,nodeGcor1,3.11.9,unknown,13158094,555,1,1,0.8375100493431091,integrated_gradients,attribution,6,978,0.0,0.98,0.9035171981709607,1.0,0.7142857142857143,10,10,1.0,0.20496815908700228,0.9989711934156379,0.5005144032921811,0.8333333333333334,6
graph,0,2026-10-07T09:40:32,nodeGcor1,3.11.9,unknown,13158094,555,1,1,0.8375100493431091,lime,attribution,6,978,0.0,0.81,0.4210643144780388,0.5214285714285715,0.2,10,10,0.5,0.24694561306387186,0.9104938271604939,0.5438957475994513,0.5,6
graph,0,2026-10-07T09:40:32,nodeGcor1,3.11.9,unknown,13158094,555,1,1,0.8375100493431091,random,attribution,6,978,0.0,0.19,0.3317648065073273,0.0,0.0,10,10,0.0,1.8709339201450348e-05,0.7892661179698217,0.7892661179698217,0.0,6
graph,0,2026-10-07T09:40:32,nodeGcor1,3.11.9,unknown,13158094,556,1,1,0.7962721586227417,gnnexplainer,attribution,6,76,0.0,0.53,0.48295232625945217,0.7142857142857143,0.7142857142857143,10,10,0.7142857142857143,0.45022336579859257,0.9952380952380953,0.9952380952380953,0.8333333333333334,6
graph,0,2026-10-07T09:40:32,nodeGcor1,3.11.9,unknown,13158094,556,1,1,0.7962721586227417,pgexplainer,attribution,6,76,0.0,0.98,0.9324101471954271,1.0,1.0,10,10,1.0,0.0042960126884281635,1.0,1.0,1.0,6
graph,0,2026-10-07T09:40:32,nodeGcor1,3.11.9,unknown,13158094,556,1,1,0.7962721586227417,integrated_gradients,attribution,6,76,0.0,0.52,0.9006138746918055,1.0,0.7142857142857143,10,10,1.0,0.20286300498992205,0.9904761904761905,0.3428571428571428,0.8333333333333334,6
graph,0,2026-10-07T09:40:32,nodeGcor1,3.11.9,unknown,13158094,556,1,1,0.7962721586227417,lime,attribution,6,76,0.0,0.91,0.5631654121774803,1.0,0.5,10,10,1.0,0.04967233492061496,0.980952380952381,0.3428571428571428,0.8333333333333334,6
graph,0,2026-10-07T09:40:32,nodeGcor1,3.11.9,unknown,13158094,556,1,1,0.7962721586227417,random,attribution,6,76,0.7235723452727645,0.42,0.31471670557976417,0.03636363636363636,0.0,10,10,0.0,2.2123102098703384e-05,0.638095238095238,0.638095238095238,0.16666666666666666,6
graph,0,2026-10-07T09:40:32,nodeGcor1,3.11.9,unknown,13158094,557,2,3,0.6810905337333679,gnnexplainer,attribution,6,7,0.9053061744927561,1.0,0.1229549088491777,1.0,1.0,10,10,1.0,0.4176185689866543,1.0,1.0,1.0,6
graph,0,2026-10-07T09:40:32,nodeGcor1,3.11.9,unknown,13158094,557,2,3,0.6810905337333679,pgexplainer,attribution,6,7,0.9053061910667402,1.0,0.0,1.0,1.0,10,10,1.0,0.004000381100922823,0.5,0.5,1.0,6
graph,0,2026-10-07T09:40:32,nodeGcor1,3.11.9,unknown,13158094,557,2,3,0.6810905337333679,integrated_gradients,attribution,6,7,0.9053061910667402,1.0,0.36764484665690667,0.7142857142857143,0.7142857142857143,10,10,1.0,0.19728642283007503,0.6666666666666666,0.8333333333333334,0.8333333333333334,6
graph,0,2026-10-07T09:40:32,nodeGcor1,3.11.9,unknown,13158094,557,2,3,0.6810905337333679,lime,attribution,6,7,0.9053061744927561,1.0,0.30279801820384034,0.7142857142857143,0.7142857142857143,10,10,0.7142857142857143,0.04335191799327731,0.6666666666666666,0.8333333333333334,0.8333333333333334,6
graph,0,2026-10-07T09:40:32,nodeGcor1,3.11.9,unknown,13158094,557,2,3,0.6810905337333679,random,attribution,6,7,0.9053061910667402,0.59,0.21541260048782973,0.7428571428571429,0.7142857142857143,10,10,0.7142857142857143,1.827208325266838e-05,0.16666666666666666,0.16666666666666666,0.8333333333333334,6
graph,0,2026-10-07T09:40:32,nodeGcor1,3.11.9,unknown,13158094,558,2,0,0.6515454053878784,gnnexplainer,attribution,6,76,0.9981376181269267,0.99,0.47600212338049075,1.0,1.0,10,10,0.7142857142857143,0.43054759688675404,0.9928571428571429,0.9928571428571429,0.8333333333333334,6
graph,0,2026-10-07T09:40:32,nodeGcor1,3.11.9,unknown,13158094,558,2,0,0.6515454053878784,pgexplainer,attribution,6,76,0.998137553691368,0.49,0.9662632645816063,1.0,1.0,10,10,1.0,0.0042123920284211636,1.0,1.0,1.0,6
graph,0,2026-10-07T09:40:32,nodeGcor1,3.11.9,unknown,13158094,558,2,0,0.6515454053878784,integrated_gradients,attribution,6,76,0.9981375550544098,0.96,0.8379794355903241,1.0,1.0,10,10,1.0,0.20233841612935066,0.988095238095238,0.4952380952380952,0.8333333333333334,6
graph,0,2026-10-07T09:40:32,nodeGcor1,3.11.9,unknown,13158094,558,2,0,0.6515454053878784,lime,attribution,6,76,0.9633208224050439,1.0,0.6369597656314946,0.32,0.2,10,10,0.3333333333333333,0.04922728007659316,0.6857142857142857,0.5476190476190476,0.3333333333333333,6
graph,0,2026-10-07T09:40:32,nodeGcor1,3.11.9,unknown,13158094,558,2,0,0.6515454053878784,random,attribution,6,76,0.006728868339994749,0.36,0.33898836186269765,0.03636363636363636,0.0,10,10,0.0,2.231961116194725e-05,0.24285714285714283,0.24285714285714283,0.16666666666666666,6
graph,0,2026-10-07T09:40:32,nodeGcor1,3.11.9,unknown,13158094,561,1,1,0.9407569169998169,gnnexplainer,attribution,6,13,0.03434522974929972,0.47,0.24593021470160026,0.7142857142857143,0.7142857142857143,10,10,0.7142857142857143,0.40774298598989844,0.880952380952381,0.880952380952381,0.8333333333333334,6
graph,0,2026-10-07T09:40:32,nodeGcor1,3.11.9,unknown,13158094,561,1,1,0.9407569169998169,pgexplainer,attribution,6,13,0.03434377250999143,1.0,0.372574045342146,0.5428571428571428,0.3333333333333333,10,10,1.0,0.004030595067888498,0.9285714285714285,0.9285714285714285,1.0,6
graph,0,2026-10-07T09:40:32,nodeGcor1,3.11.9,unknown,13158094,561,1,1,0.9407569169998169,integrated_gradients,attribution,6,13,0.03434377250999143,1.0,0.5469309572375667,0.9142857142857143,0.7142857142857143,10,10,1.0,0.19769670907408,0.9285714285714286,0.5476190476190477,0.8333333333333334,6
graph,0,2026-10-07T09:40:32,nodeGcor1,3.11.9,unknown,13158094,561,1,1,0.9407569169998169,lime,attribution,6,13,0.034345474477948904,1.0,0.42713450712760104,0.8285714285714286,0.7142857142857143,10,10,1.0,0.04471303289756179,0.9523809523809524,0.5238095238095238,0.8333333333333334,6
graph,0,2026-10-07T09:40:32,nodeGcor1,3.11.9,unknown,13158094,561,1,1,0.9407569169998169,random,attribution,6,13,0.0897970275240123,0.69,0.3145647484957066,0.34575757575757576,0.2,10,10,0.3333333333333333,2.178596332669258e-05,0.5476190476190477,0.5476190476190477,0.5,6
graph,0,2026-10-07T09:40:32,nodeGcor1,3.11.9,unknown,13158094,563,2,2,0.5293610692024231,gnnexplainer,attribution,6,7,0.9511785919132388,0.48,0.3269127609479705,nan,nan,0,0,1.0,0.4173062271438539,1.0,1.0,1.0,6
graph,0,2026-10-07T09:40:32,nodeGcor1,3.11.9,unknown,13158094,563,2,2,0.5293610692024231,pgexplainer,attribution,6,7,0.951178580918918,0.48,0.0,nan,nan,0,0,1.0,0.004021379165351391,0.5,0.5,1.0,6
graph,0,2026-10-07T09:40:32,nodeGcor1,3.11.9,unknown,13158094,563,2,2,0.5293610692024231,integrated_gradients,attribution,6,7,0.951178580918918,0.51,0.237625847159042,nan,nan,0,0,1.0,0.19805674208328128,1.0,0.6666666666666666,1.0,6
graph,0,2026-10-07T09:40:32,nodeGcor1,3.11.9,unknown,13158094,563,2,2,0.5293610692024231,lime,attribution,6,7,0.9511769447389178,0.41,0.26268504101475754,nan,nan,0,0,1.0,0.04374392190948129,0.3333333333333333,0.3333333333333333,0.8333333333333334,6
graph,0,2026-10-07T09:40:32,nodeGcor1,3.11.9,unknown,13158094,563,2,2,0.5293610692024231,random,attribution,6,7,0.951178580918918,0.55,0.24639308968568485,nan,nan,0,0,0.7142857142857143,2.214871346950531e-05,1.0,1.0,1.0,6
graph,0,2026-10-07T09:40:32,nodeGcor1,3.11.9,unknown,13158094,566,1,1,0.9923077821731567,gnnexplainer,attribution,6,7,0.08451053035163882,1.0,0.11178112964989195,1.0,1.0,10,10,1.0,0.4228690299205482,1.0,1.0,1.0,6
graph,0,2026-10-07T09:40:32,nodeGcor1,3.11.9,unknown,13158094,566,1,1,0.9923077821731567,pgexplainer,attribution,6,7,0.08451053035163882,1.0,0.0,1.0,1.0,10,10,1.0,0.004049573093652725,0.5,0.5,1.0,6
graph,0,2026-10-07T09:40:32,nodeGcor1,3.11.9,unknown,13158094,566,1,1,0.9923077821731567,integrated_gradients,attribution,6,7,0.08451053035163882,1.0,0.2758459186974397,1.0,1.0,10,10,1.0,0.19780114572495222,1.0,0.5,1.0,6
graph,0,2026-10-07T09:40:32,nodeGcor1,3.11.9,unknown,13158094,566,1,1,0.9923077821731567,lime,attribution,6,7,0.08451053035163882,1.0,0.3271681503119921,1.0,1.0,10,10,1.0,0.043642350006848574,1.0,0.5,1.0,6
graph,0,2026-10-07T09:40:32,nodeGcor1,3.11.9,unknown,13158094,566,1,1,0.9923077821731567,random,attribution,6,7,0.08451053035163882,1.0,0.4233104342553875,0.7142857142857143,0.7142857142857143,10,10,0.7142857142857143,2.201693132519722e-05,0.3333333333333333,0.3333333333333333,0.8333333333333334,6
graph,0,2026-10-07T09:40:32,nodeGcor1,3.11.9,unknown,13158094,567,2,3,0.6471050977706909,gnnexplainer,attribution,6,14,0.900331431848959,0.59,0.226827843724976,0.9428571428571428,0.7142857142857143,10,10,0.7142857142857143,0.4221985377371311,0.875,0.875,0.8333333333333334,6
graph,0,2026-10-07T09:40:32,nodeGcor1,3.11.9,unknown,13158094,567,2,3,0.6471050977706909,pgexplainer,attribution,6,14,0.9003322837117402,1.0,0.5741844338510926,1.0,1.0,10,10,1.0,0.004053737968206406,1.0,1.0,1.0,6
graph,0,2026-10-07T09:40:32,nodeGcor1,3.11.9,unknown,13158094,567,2,3,0.6471050977706909,integrated_gradients,attribution,6,14,0.9003322837117402,0.79,0.6402025651952598,0.5857142857142857,0.5,10,10,1.0,0.19727633707225323,0.8541666666666667,0.5,0.8333333333333334,6
graph,0,2026-10-07T09:40:32,nodeGcor1,3.11.9,unknown,13158094,567,2,3,0.6471050977706909,lime,attribution,6,14,0.9003322378098644,0.91,0.47362336537605987,0.6928571428571428,0.5,10,10,1.0,0.04476451175287366,0.9375,0.8125000000000001,0.8333333333333334,6
graph,0,2026-10-07T09:40:32,nodeGcor1,3.11.9,unknown,13158094,567,2,3,0.6471050977706909,random,attribution,6,14,0.9003323020724788,0.44,0.3267399315650148,0.28575757575757577,0.09090909090909091,10,10,0.2,2.2124033421278e-05,0.6875,0.6875,0.6666666666666666,6
graph,0,2026-10-07T09:40:32,nodeGcor1,3.11.9,unknown,13158094,568,2,0,0.9996364116668701,gnnexplainer,attribution,6,169,0.6888863567576541,0.53,0.613846502486167,0.4833333333333333,0.3333333333333333,10,10,0.3333333333333333,0.42022176273167133,0.9744376278118609,0.9744376278118609,0.3333333333333333,6
graph,0,2026-10-07T09:40:32,nodeGcor1,3.11.9,unknown,13158094,568,2,0,0.9996364116668701,pgexplainer,attribution,6,169,0.0,0.32,0.9692307700490105,1.0,1.0,10,10,1.0,0.004245818592607975,1.0,1.0,1.0,6
graph,0,2026-10-07T09:40:32,nodeGcor1,3.11.9,unknown,13158094,568,2,0,0.9996364116668701,integrated_gradients,attribution,6,169,0.9984657318766459,1.0,0.6861938098459114,0.9142857142857143,0.7142857142857143,10,10,1.0,0.20417806832119823,0.7750511247443763,0.5674846625766872,0.3333333333333333,6
graph,0,2026-10-07T09:40:32,nodeGcor1,3.11.9,unknown,13158094,568,2,0,0.9996364116668701,lime,attribution,6,169,0.9964908419872744,1.0,0.5900744286361762,0.8571428571428573,0.7142857142857143,10,10,0.7142857142857143,0.0705155129544437,0.6104294478527607,0.49591002044989774,0.0,6
graph,0,2026-10-07T09:40:32,nodeGcor1,3.11.9,unknown,13158094,568,2,0,0.9996364116668701,random,attribution,6,169,0.0,0.39,0.2978521416420852,0.02727272727272727,0.0,10,10,0.09090909090909091,2.2620894014835358e-05,0.4314928425357873,0.4314928425357873,0.0,6
graph,0,2026-10-07T09:40:32,nodeGcor1,3.11.9,unknown,13158094,569,3,3,0.8870674967765808,gnnexplainer,attribution,6,7,0.927294081789761,1.0,0.16798085870513457,1.0,1.0,10,10,1.0,0.4256728342734277,1.0,1.0,1.0,6
graph,0,2026-10-07T09:40:32,nodeGcor1,3.11.9,unknown,13158094,569,3,3,0.8870674967765808,pgexplainer,attribution,6,7,0.927294081789761,1.0,0.0,1.0,1.0,10,10,1.0,0.003923350013792515,0.5,0.5,1.0,6
graph,0,2026-10-07T09:40:32,nodeGcor1,3.11.9,unknown,13158094,569,3,3,0.8870674967765808,integrated_gradients,attribution,6,7,0.927294081789761,1.0,0.265564993919997,0.7142857142857143,0.7142857142857143,10,10,1.0,0.19521785620599985,0.8333333333333334,0.8333333333333334,0.8333333333333334,6
graph,0,2026-10-07T09:40:32,nodeGcor1,3.11.9,unknown,13158094,569,3,3,0.8870674967765808,lime,attribution,6,7,0.927294081789761,0.51,0.5786436866025018,0.7142857142857143,0.7142857142857143,10,10,0.7142857142857143,0.04334440594539046,0.5,0.5,0.8333333333333334,6
graph,0,2026-10-07T09:40:32,nodeGcor1,3.11.9,unknown,13158094,569,3,3,0.8870674967765808,random,attribution,6,7,0.927294081789761,0.54,0.37198157819174227,0.7428571428571429,0.7142857142857143,10,10,0.7142857142857143,2.1021347492933273e-05,0.16666666666666666,0.16666666666666666,0.8333333333333334,6
graph,0,2026-10-07T09:40:32,nodeGcor1,3.11.9,unknown,13158094,573,2,0,0.49559614062309265,gnnexplainer,attribution,6,12,0.9975515880628391,0.5,0.21428720499893128,nan,nan,0,0,0.7142857142857143,0.41557187400758266,0.9166666666666667,0.9166666666666667,0.8333333333333334,6
graph,0,2026-10-07T09:40:32,nodeGcor1,3.11.9,unknown,13158094,573,2,0,0.49559614062309265,pgexplainer,attribution,6,12,0.9975515054379606,0.01,0.5681067752864759,nan,nan,0,0,1.0,0.003954421263188124,1.0,1.0,1.0,6
graph,0,2026-10-07T09:40:32,nodeGcor1,3.11.9,unknown,13158094,573,2,0,0.49559614062309265,integrated_gradients,attribution,6,12,0.9975515045545316,0.01,0.6554970689819972,nan,nan,0,0,1.0,0.19518214231356978,0.8611111111111112,0.3055555555555556,0.8333333333333334,6
graph,0,2026-10-07T09:40:32,nodeGcor1,3.11.9,unknown,13158094,573,2,0,0.49559614062309265,lime,attribution,6,12,0.9975515054379606,0.31,0.44392665299897394,nan,nan,0,0,0.5,0.04393509263172746,0.6111111111111112,0.4444444444444445,0.6666666666666666,6
graph,0,2026-10-07T09:40:32,nodeGcor1,3.11.9,unknown,13158094,573,2,0,0.49559614062309265,random,attribution,6,12,0.9715944260844863,0.72,0.3769842910958142,nan,nan,0,0,0.3333333333333333,2.0679086446762085e-05,0.5555555555555556,0.5555555555555556,0.5,6
graph,0,2026-10-07T09:40:32,nodeGcor1,3.11.9,unknown,13158094,574,3,0,0.8624014258384705,gnnexplainer,attribution,6,12,0.9985929692255414,0.85,0.2091501386910659,0.7142857142857143,0.7142857142857143,10,10,0.7142857142857143,0.3982944209128618,0.9444444444444444,0.9444444444444444,0.8333333333333334,6
graph,0,2026-10-07T09:40:32,nodeGcor1,3.11.9,unknown,13158094,574,3,0,0.8624014258384705,pgexplainer,attribution,6,12,0.9985929215742119,0.38,0.5663936829927765,1.0,1.0,10,10,1.0,0.00394996115937829,1.0,1.0,1.0,6
graph,0,2026-10-07T09:40:32,nodeGcor1,3.11.9,unknown,13158094,574,3,0,0.8624014258384705,integrated_gradients,attribution,6,12,0.9985929692255414,0.78,0.6133449283207101,1.0,1.0,10,10,1.0,0.19421467930078506,0.7222222222222223,0.5833333333333334,0.8333333333333334,6
graph,0,2026-10-07T09:40:32,nodeGcor1,3.11.9,unknown,13158094,574,3,0,0.8624014258384705,lime,attribution,6,12,0.9985929215742119,0.47,0.46300732367687236,0.7142857142857143,0.7142857142857143,10,10,0.7142857142857143,0.044132519979029894,0.7777777777777779,0.5,0.8333333333333334,6
graph,0,2026-10-07T09:40:32,nodeGcor1,3.11.9,unknown,13158094,574,3,0,0.8624014258384705,random,attribution,6,12,0.0,0.14,0.4096550054686613,0.32666666666666666,0.2,10,10,0.2,2.0417850464582443e-05,0.7777777777777778,0.7777777777777778,0.6666666666666666,6
graph,0,2026-10-07T09:40:32,nodeGcor1,3.11.9,unknown,13158094,576,1,1,0.7932367324829102,gnnexplainer,attribution,6,20,0.0,0.53,0.3107502899117679,0.7142857142857143,0.7142857142857143,10,10,0.7142857142857143,0.4122537882067263,0.9285714285714286,0.9285714285714286,0.8333333333333334,6
graph,0,2026-10-07T09:40:32,nodeGcor1,3.11.9,unknown,13158094,576,1,1,0.7932367324829102,pgexplainer,attribution,6,20,0.0,1.0,0.6999999999999389,1.0,1.0,10,10,1.0,0.0040062409825623035,1.0,1.0,1.0,6
graph,0,2026-10-07T09:40:32,nodeGcor1,3.11.9,unknown,13158094,576,1,1,0.7932367324829102,integrated_gradients,attribution,6,20,0.0,1.0,0.7307387049180103,0.9428571428571428,0.7142857142857143,10,10,1.0,0.19542846269905567,0.9404761904761905,0.5357142857142857,0.8333333333333334,6
graph,0,2026-10-07T09:40:32,nodeGcor1,3.11.9,unknown,13158094,576,1,1,0.7932367324829102,lime,attribution,6,20,0.9358267261620165,0.6,0.5722794700050484,0.7428571428571429,0.5,10,10,0.7142857142857143,0.04465470230206847,0.75,0.49999999999999994,0.6666666666666666,6
graph,0,2026-10-07T09:40:32,nodeGcor1,3.11.9,unknown,13158094,576,1,1,0.7932367324829102,random,attribution,6,20,0.0,0.4,0.20201511438148845,0.18484848484848485,0.0,10,10,0.09090909090909091,9.111128747463226e-06,0.5595238095238095,0.5595238095238095,0.16666666666666666,6
graph,0,2026-10-07T09:40:32,nodeGcor1,3.11.9,unknown,13158094,579,3,3,0.8870674967765808,gnnexplainer,attribution,6,7,0.927294081789761,1.0,0.17556802257306559,1.0,1.0,10,10,1.0,0.41155656380578876,1.0,1.0,1.0,6
graph,0,2026-10-07T09:40:32,nodeGcor1,3.11.9,unknown,13158094,579,3,3,0.8870674967765808,pgexplainer,attribution,6,7,0.927294081789761,1.0,0.0,1.0,1.0,10,10,1.0,0.003889136016368866,0.5,0.5,1.0,6
graph,0,2026-10-07T09:40:32,nodeGcor1,3.11.9,unknown,13158094,579,3,3,0.8870674967765808,integrated_gradients,attribution,6,7,0.927294081789761,1.0,0.265564993809149,0.7142857142857143,0.7142857142857143,10,10,1.0,0.19508465519174933,0.8333333333333334,0.8333333333333334,0.8333333333333334,6
graph,0,2026-10-07T09:40:32,nodeGcor1,3.11.9,unknown,13158094,579,3,3,0.8870674967765808,lime,attribution,6,7,0.927294081789761,0.57,0.5792876834441678,0.7142857142857143,0.7142857142857143,10,10,1.0,0.04323230031877756,0.8333333333333334,0.8333333333333334,0.8333333333333334,6
graph,0,2026-10-07T09:40:32,nodeGcor1,3.11.9,unknown,13158094,579,3,3,0.8870674967765808,random,attribution,6,7,0.927294081789761,1.0,0.30622692173122323,0.7714285714285716,0.7142857142857143,10,10,0.7142857142857143,2.15042382478714e-05,1.0,1.0,1.0,6
graph,0,2026-10-07T09:40:32,nodeGcor1,3.11.9,unknown,13158094,580,1,1,0.9923077821731567,gnnexplainer,attribution,6,7,0.08451053035163882,1.0,0.11240643275865714,1.0,1.0,10,10,1.0,0.41556025529280305,1.0,1.0,1.0,6
graph,0,2026-10-07T09:40:32,nodeGcor1,3.11.9,unknown,13158094,580,1,1,0.9923077821731567,pgexplainer,attribution,6,7,0.08451053035163882,1.0,0.0,1.0,1.0,10,10,1.0,0.003941670060157776,0.5,0.5,1.0,6
graph,0,2026-10-07T09:40:32,nodeGcor1,3.11.9,unknown,13158094,580,1,1,0.9923077821731567,integrated_gradients,attribution,6,7,0.08451053035163882,1.0,0.27584591658383617,1.0,1.0,10,10,1.0,0.19521092297509313,1.0,0.5,1.0,6
graph,0,2026-10-07T09:40:32,nodeGcor1,3.11.9,unknown,13158094,580,1,1,0.9923077821731567,lime,attribution,6,7,0.08451053035163882,1.0,0.33841228606983687,1.0,1.0,10,10,1.0,0.0433658198453486,1.0,0.5,1.0,6
graph,0,2026-10-07T09:40:32,nodeGcor1,3.11.9,unknown,13158094,580,1,1,0.9923077821731567,random,attribution,6,7,0.08451053035163882,1.0,0.11722622044046993,0.7428571428571429,0.7142857142857143,10,10,0.7142857142857143,2.1203886717557907e-05,1.0,1.0,1.0,6
graph,0,2026-10-07T09:40:32,nodeGcor1,3.11.9,unknown,13158094,584,3,3,0.8870674967765808,gnnexplainer,attribution,6,7,0.927294081789761,1.0,0.17556802257306559,1.0,1.0,10,10,1.0,0.4158222288824618,1.0,1.0,1.0,6
graph,0,2026-10-07T09:40:32,nodeGcor1,3.11.9,unknown,13158094,584,3,3,0.8870674967765808,pgexplainer,attribution,6,7,0.927294081789761,1.0,0.0,1.0,1.0,10,10,1.0,0.003979558125138283,0.5,0.5,1.0,6
graph,0,2026-10-07T09:40:32,nodeGcor1,3.11.9,unknown,13158094,584,3,3,0.8870674967765808,integrated_gradients,attribution,6,7,0.927294081789761,1.0,0.2655649652115192,0.7142857142857143,0.7142857142857143,10,10,1.0,0.1965419054031372,0.8333333333333334,0.8333333333333334,0.8333333333333334,6
graph,0,2026-10-07T09:40:32,nodeGcor1,3.11.9,unknown,13158094,584,3,3,0.8870674967765808,lime,attribution,6,7,0.927294081789761,0.45,0.5792877011444879,0.7142857142857143,0.7142857142857143,10,10,1.0,0.04333267780020833,0.8333333333333334,0.8333333333333334,0.8333333333333334,6
graph,0,2026-10-07T09:40:32,nodeGcor1,3.11.9,unknown,13158094,584,3,3,0.8870674967765808,random,attribution,6,7,0.927294081789761,1.0,0.3409259783186366,0.8285714285714286,0.7142857142857143,10,10,0.7142857142857143,2.077501267194748e-05,1.0,1.0,1.0,6
graph,0,2026-10-07T09:40:32,nodeGcor1,3.11.9,unknown,13158094,587,2,3,0.5605494379997253,gnnexplainer,attribution,6,14,0.8849420990136321,0.53,0.2841472374342613,0.7142857142857143,0.7142857142857143,10,10,1.0,0.41623302875086665,0.875,0.875,0.8333333333333334,6
graph,0,2026-10-07T09:40:32,nodeGcor1,3.11.9,unknown,13158094,587,2,3,0.5605494379997253,pgexplainer,attribution,6,14,0.8849430294189922,0.81,0.4623381905269325,0.8714285714285716,0.5,10,10,1.0,0.0039805020205676556,0.9166666666666667,0.9166666666666667,0.8333333333333334,6
graph,0,2026-10-07T09:40:32,nodeGcor1,3.11.9,unknown,13158094,587,2,3,0.5605494379997253,integrated_gradients,attribution,6,14,0.8849430294189922,1.0,0.6198704608699943,1.0,1.0,10,10,1.0,0.1952389352954924,1.0,0.5,1.0,6
graph,0,2026-10-07T09:40:32,nodeGcor1,3.11.9,unknown,13158094,587,2,3,0.5605494379997253,lime,attribution,6,14,0.8849420990136321,0.56,0.4851443638880617,0.35,0.2,10,10,0.2,0.04499224899336696,0.8541666666666667,0.8541666666666667,0.6666666666666666,6
graph,0,2026-10-07T09:40:32,nodeGcor1,3.11.9,unknown,13158094,587,2,3,0.5605494379997253,random,attribution,6,14,0.9974583666113855,0.3,0.3181725144292009,0.37333333333333335,0.09090909090909091,10,10,0.2,2.5690067559480667e-05,0.5833333333333333,0.5833333333333333,0.5,6
graph,0,2026-10-07T09:40:32,nodeGcor1,3.11.9,unknown,13158094,588,2,3,0.6810904145240784,gnnexplainer,attribution,6,7,0.9053061910667402,1.0,0.15509166784647,1.0,1.0,10,10,1.0,0.4079064931720495,1.0,1.0,1.0,6
graph,0,2026-10-07T09:40:32,nodeGcor1,3.11.9,unknown,13158094,588,2,3,0.6810904145240784,pgexplainer,attribution,6,7,0.9053061744927561,1.0,0.0,1.0,1.0,10,10,1.0,0.003965744748711586,0.5,0.5,1.0,6
graph,0,2026-10-07T09:40:32,nodeGcor1,3.11.9,unknown,13158094,588,2,3,0.6810904145240784,integrated_gradients,attribution,6,7,0.9053061910667402,1.0,0.36764485387088364,0.7142857142857143,0.7142857142857143,10,10,1.0,0.19503045408055186,0.6666666666666666,0.8333333333333334,0.8333333333333334,6
graph,0,2026-10-07T09:40:32,nodeGcor1,3.11.9,unknown,13158094,588,2,3,0.6810904145240784,lime,attribution,6,7,0.9053061910667402,1.0,0.36644063970667007,1.0,1.0,10,10,1.0,0.04349395306780934,1.0,0.6666666666666666,1.0,6
graph,0,2026-10-07T09:40:32,nodeGcor1,3.11.9,unknown,13158094,588,2,3,0.6810904145240784,random,attribution,6,7,0.9053061910667402,1.0,0.1435023413258002,0.8,0.7142857142857143,10,10,0.7142857142857143,2.132914960384369e-05,0.16666666666666666,0.16666666666666666,0.8333333333333334,6
graph,0,2026-10-07T09:40:32,nodeGcor1,3.11.9,unknown,13158094,593,2,2,0.5293610692024231,gnnexplainer,attribution,6,7,0.9511785919132388,0.49,0.3269127609479705,nan,nan,0,0,1.0,0.41593534080311656,1.0,1.0,1.0,6
graph,0,2026-10-07T09:40:32,nodeGcor1,3.11.9,unknown,13158094,593,2,2,0.5293610692024231,pgexplainer,attribution,6,7,0.951178580918918,0.5,0.0,nan,nan,0,0,1.0,0.003916611894965172,0.5,0.5,1.0,6
graph,0,2026-10-07T09:40:32,nodeGcor1,3.11.9,unknown,13158094,593,2,2,0.5293610692024231,integrated_gradients,attribution,6,7,0.9511785919132388,0.52,0.23762582410768707,nan,nan,0,0,1.0,0.19541618274524808,1.0,0.6666666666666666,1.0,6
graph,0,2026-10-07T09:40:32,nodeGcor1,3.11.9,unknown,13158094,593,2,2,0.5293610692024231,lime,attribution,6,7,0.9511769557336069,0.5,0.26268504990636843,nan,nan,0,0,1.0,0.04292659694328904,0.3333333333333333,0.3333333333333333,0.8333333333333334,6
graph,0,2026-10-07T09:40:32,nodeGcor1,3.11.9,unknown,13158094,593,2,2,0.5293610692024231,random,attribution,6,7,0.951178580918918,0.52,0.24851192790775822,nan,nan,0,0,0.7142857142857143,2.0609237253665924e-05,0.8333333333333334,0.8333333333333334,0.8333333333333334,6
graph,0,2026-10-07T09:40:32,nodeGcor1,3.11.9,unknown,13158094,594,3,0,0.998840868473053,gnnexplainer,attribution,6,202,0.38260695680910745,0.61,0.6463808278347067,0.4,0.3333333333333333,10,10,0.5,0.4269021973013878,0.9855442176870748,0.9855442176870748,0.5,6
graph,0,2026-10-07T09:40:32,nodeGcor1,3.11.9,unknown,13158094,594,3,0,0.998840868473053,pgexplainer,attribution,6,202,0.0,0.43,0.9742574257425742,1.0,1.0,10,10,1.0,0.004164358135312796,1.0,1.0,1.0,6
graph,0,2026-10-07T09:40:32,nodeGcor1,3.11.9,unknown,13158094,594,3,0,0.998840868473053,integrated_gradients,attribution,6,202,0.9987851243522482,0.97,0.6937629578107833,0.9428571428571428,0.7142857142857143,10,10,1.0,0.20088285394012928,0.8316326530612245,0.5816326530612246,0.5,6
graph,0,2026-10-07T09:40:32,nodeGcor1,3.11.9,unknown,13158094,594,3,0,0.998840868473053,lime,attribution,6,202,0.9814777738313495,1.0,0.5809456470217195,0.5214285714285715,0.3333333333333333,10,10,0.5,0.0712735909037292,0.8435374149659863,0.7074829931972789,0.16666666666666666,6
graph,0,2026-10-07T09:40:32,nodeGcor1,3.11.9,unknown,13158094,594,3,0,0.998840868473053,random,attribution,6,202,0.0,0.37,0.3228527107102942,0.0,0.0,10,10,0.0,2.2470951080322266e-05,0.608843537414966,0.608843537414966,0.0,6
graph,0,2026-10-07T09:40:32,nodeGcor1,3.11.9,unknown,13158094,596,1,0,0.9089744687080383,gnnexplainer,attribution,6,32,0.9986650600272599,0.81,0.24450738351108936,0.7142857142857143,1.0,10,10,0.7142857142857143,0.4378783409483731,0.9807692307692308,0.9807692307692308,0.8333333333333334,6
graph,0,2026-10-07T09:40:32,nodeGcor1,3.11.9,unknown,13158094,596,1,0,0.9089744687080383,pgexplainer,attribution,6,32,0.9986650148173998,0.3,0.8730329648816479,1.0,1.0,10,10,1.0,0.0041593280620872974,1.0,1.0,1.0,6
graph,0,2026-10-07T09:40:32,nodeGcor1,3.11.9,unknown,13158094,596,1,0,0.9089744687080383,integrated_gradients,attribution,6,32,0.9986650600272599,0.71,0.8460996063129994,1.0,1.0,10,10,1.0,0.2022861880250275,0.9551282051282051,0.641025641025641,0.8333333333333334,6
graph,0,2026-10-07T09:40:32,nodeGcor1,3.11.9,unknown,13158094,596,1,0,0.9089744687080383,lime,attribution,6,32,0.9986650148173998,0.38,0.6894364824242643,0.5428571428571429,0.5,10,10,0.5,0.04596634302288294,0.9487179487179487,0.6282051282051281,0.8333333333333334,6
graph,0,2026-10-07T09:40:32,nodeGcor1,3.11.9,unknown,13158094,596,1,0,0.9089744687080383,random,attribution,6,32,0.9998376982830439,0.45,0.4135756367132625,0.14636363636363633,0.0,10,10,0.09090909090909091,2.270471304655075e-05,0.41666666666666663,0.41666666666666663,0.0,6
graph,0,2026-10-07T09:40:32,nodeGcor1,3.11.9,unknown,13158094,600,1,0,0.9817202091217041,gnnexplainer,attribution,6,276,0.9995615327384386,0.45,0.6582670516951649,0.5642857142857143,0.3333333333333333,10,10,0.5,0.43076428212225437,0.9827160493827161,0.9827160493827161,0.3333333333333333,6
graph,0,2026-10-07T09:40:32,nodeGcor1,3.11.9,unknown,13158094,600,1,0,0.9817202091217041,pgexplainer,attribution,6,276,0.0,0.24,0.9799088672349692,1.0,1.0,10,10,1.0,0.004265299998223782,1.0,1.0,1.0,6
graph,0,2026-10-07T09:40:32,nodeGcor1,3.11.9,unknown,13158094,600,1,0,0.9817202091217041,integrated_gradients,attribution,6,276,0.985660144622226,0.91,0.7767683739037192,1.0,0.7142857142857143,10,10,1.0,0.20374221913516521,0.9901234567901236,0.4944444444444444,0.5,6
graph,0,2026-10-07T09:40:32,nodeGcor1,3.11.9,unknown,13158094,600,1,0,0.9817202091217041,lime,attribution,6,276,0.9788076574423947,0.99,0.5290287380867054,0.8071428571428573,0.5,10,10,1.0,0.07704721111804247,0.9067901234567901,0.47469135802469137,0.16666666666666666,6
graph,0,2026-10-07T09:40:32,nodeGcor1,3.11.9,unknown,13158094,600,1,0,0.9817202091217041,random,attribution,6,276,0.0,0.36,0.3167026343511533,0.0,0.0,10,10,0.09090909090909091,1.1511147022247314e-05,0.4228395061728395,0.4228395061728395,0.0,6
graph,0,2026-10-07T09:40:32,nodeGcor1,3.11.9,unknown,13158094,601,1,1,0.9484052062034607,gnnexplainer,attribution,6,15,0.04213341474983124,1.0,0.30908808689811706,0.7142857142857143,0.7142857142857143,10,10,0.7142857142857143,0.43115694262087345,0.9074074074074074,0.9074074074074074,0.8333333333333334,6
graph,0,2026-10-07T09:40:32,nodeGcor1,3.11.9,unknown,13158094,601,1,1,0.9484052062034607,pgexplainer,attribution,6,15,0.04213196926342852,1.0,0.5333333321482976,1.0,1.0,10,10,1.0,0.00410493602976203,0.9444444444444444,0.9444444444444444,1.0,6
graph,0,2026-10-07T09:40:32,nodeGcor1,3.11.9,unknown,13158094,601,1,1,0.9484052062034607,integrated_gradients,attribution,6,15,0.04213341474983124,1.0,0.6420205347457344,0.9142857142857143,0.7142857142857143,10,10,1.0,0.19833159586414695,0.9444444444444445,0.5370370370370371,0.8333333333333334,6
graph,0,2026-10-07T09:40:32,nodeGcor1,3.11.9,unknown,13158094,601,1,1,0.9484052062034607,lime,attribution,6,15,0.04213341474983124,1.0,0.5112532296514825,1.0,0.7142857142857143,10,10,1.0,0.045255535282194614,0.9444444444444444,0.38888888888888895,0.8333333333333334,6
graph,0,2026-10-07T09:40:32,nodeGcor1,3.11.9,unknown,13158094,601,1,1,0.9484052062034607,random,attribution,6,15,0.04213341474983124,0.73,0.2459259911435444,0.3006060606060606,0.0,10,10,0.3333333333333333,8.966773748397827e-06,0.7407407407407407,0.7407407407407407,0.5,6
graph,0,2026-10-07T09:40:32,nodeGcor1,3.11.9,unknown,13158094,602,2,3,0.6810905337333679,gnnexplainer,attribution,6,7,0.9053061744927561,1.0,0.1229549088491777,1.0,1.0,10,10,1.0,0.4241283377632499,1.0,1.0,1.0,6
graph,0,2026-10-07T09:40:32,nodeGcor1,3.11.9,unknown,13158094,602,2,3,0.6810905337333679,pgexplainer,attribution,6,7,0.9053061910667402,1.0,0.0,1.0,1.0,10,10,1.0,0.004009126219898462,0.5,0.5,1.0,6
graph,0,2026-10-07T09:40:32,nodeGcor1,3.11.9,unknown,13158094,602,2,3,0.6810905337333679,integrated_gradients,attribution,6,7,0.9053061744927561,1.0,0.3676447743559248,0.7142857142857143,0.7142857142857143,10,10,1.0,0.19766445457935333,0.6666666666666666,0.8333333333333334,0.8333333333333334,6
graph,0,2026-10-07T09:40:32,nodeGcor1,3.11.9,unknown,13158094,602,2,3,0.6810905337333679,lime,attribution,6,7,0.9053061910667402,1.0,0.3027980166907466,0.7142857142857143,0.7142857142857143,10,10,0.7142857142857143,0.043445947114378214,0.6666666666666666,0.8333333333333334,0.8333333333333334,6
graph,0,2026-10-07T09:40:32,nodeGcor1,3.11.9,unknown,13158094,602,2,3,0.6810905337333679,random,attribution,6,7,0.9053053649923544,1.0,0.26479303267464593,0.7714285714285715,0.7142857142857143,10,10,0.7142857142857143,2.2446736693382263e-05,0.0,0.0,0.8333333333333334,6
graph,0,2026-10-07T09:40:32,nodeGcor1,3.11.9,unknown,13158094,607,2,0,0.5344576835632324,gnnexplainer,attribution,6,15,0.9977296136953077,0.58,0.2802412932488406,0.7714285714285716,0.7142857142857143,10,10,1.0,0.42290408816188574,0.9629629629629629,0.9629629629629629,0.8333333333333334,6
graph,0,2026-10-07T09:40:32,nodeGcor1,3.11.9,unknown,13158094,607,2,0,0.5344576835632324,pgexplainer,attribution,6,15,0.9977295411096356,0.1,0.6809772438555923,1.0,1.0,10,10,1.0,0.004073378164321184,1.0,1.0,1.0,6
graph,0,2026-10-07T09:40:32,nodeGcor1,3.11.9,unknown,13158094,607,2,0,0.5344576835632324,integrated_gradients,attribution,6,15,0.9977295380711227,0.07,0.6908364372206515,0.7142857142857143,0.7142857142857143,10,10,1.0,0.19822126301005483,0.8703703703703703,0.35185185185185186,0.6666666666666666,6
graph,0,2026-10-07T09:40:32,nodeGcor1,3.11.9,unknown,13158094,607,2,0,0.5344576835632324,lime,attribution,6,15,0.9977295365518632,0.27,0.502973729959463,0.6285714285714287,0.5,10,10,0.5,0.04496450815349817,0.7037037037037037,0.42592592592592593,0.6666666666666666,6
graph,0,2026-10-07T09:40:32,nodeGcor1,3.11.9,unknown,13158094,607,2,0,0.5344576835632324,random,attribution,6,15,0.0,0.21,0.24398546301747082,0.2290909090909091,0.0,10,10,0.2,2.200482413172722e-05,0.4444444444444444,0.4444444444444444,0.16666666666666666,6
graph,0,2026-10-07T09:40:32,nodeGcor1,3.11.9,unknown,13158094,608,2,3,0.6810904145240784,gnnexplainer,attribution,6,7,0.9053061744927561,1.0,0.15509166356558002,1.0,1.0,10,10,1.0,0.41544039314612746,1.0,1.0,1.0,6
graph,0,2026-10-07T09:40:32,nodeGcor1,3.11.9,unknown,13158094,608,2,3,0.6810904145240784,pgexplainer,attribution,6,7,0.9053061744927561,1.0,0.0,1.0,1.0,10,10,1.0,0.0040067220106720924,0.5,0.5,1.0,6
graph,0,2026-10-07T09:40:32,nodeGcor1,3.11.9,unknown,13158094,608,2,3,0.6810904145240784,integrated_gradients,attribution,6,7,0.9053061910667402,1.0,0.36764483166909145,0.7142857142857143,0.7142857142857143,10,10,1.0,0.19659609301015735,0.6666666666666666,0.8333333333333334,0.8333333333333334,6
graph,0,2026-10-07T09:40:32,nodeGcor1,3.11.9,unknown,13158094,608,2,3,0.6810904145240784,lime,attribution,6,7,0.9053061744927561,1.0,0.366440619155987,1.0,1.0,10,10,1.0,0.0436799437738955,1.0,0.6666666666666666,1.0,6
graph,0,2026-10-07T09:40:32,nodeGcor1,3.11.9,unknown,13158094,608,2,3,0.6810904145240784,random,attribution,6,7,0.9053061744927561,1.0,0.4456312020833483,0.8,0.7142857142857143,10,10,0.7142857142857143,2.1216925233602524e-05,1.0,1.0,1.0,6
graph,0,2026-10-07T09:40:32,nodeGcor1,3.11.9,unknown,13158094,609,3,0,0.8588330745697021,gnnexplainer,attribution,6,15,0.9985871221030088,0.92,0.2622325769431946,1.0,1.0,10,10,0.7142857142857143,0.4196751252748072,0.9074074074074073,0.9074074074074073,0.8333333333333334,6
graph,0,2026-10-07T09:40:32,nodeGcor1,3.11.9,unknown,13158094,609,3,0,0.8588330745697021,pgexplainer,attribution,6,15,0.9985870744497767,0.28,0.6533431807740002,1.0,1.0,10,10,1.0,0.004144422709941864,1.0,1.0,1.0,6
graph,0,2026-10-07T09:40:32,nodeGcor1,3.11.9,unknown,13158094,609,3,0,0.8588330745697021,integrated_gradients,attribution,6,15,0.9985871229855159,0.71,0.6563551975201358,0.9428571428571428,0.7142857142857143,10,10,1.0,0.19689182518050075,0.8333333333333333,0.5370370370370371,0.6666666666666666,6
graph,0,2026-10-07T09:40:32,nodeGcor1,3.11.9,unknown,13158094,609,3,0,0.8588330745697021,lime,attribution,6,15,0.9985871221030088,0.84,0.44223752003610184,0.8,0.7142857142857143,10,10,0.7142857142857143,0.04516289522871375,0.9074074074074073,0.611111111111111,0.8333333333333334,6
graph,0,2026-10-07T09:40:32,nodeGcor1,3.11.9,unknown,13158094,609,3,0,0.8588330745697021,random,attribution,6,15,0.9904092498883323,0.44,0.39159844140276834,0.2971861471861472,0.0,10,10,0.2,2.2168271243572235e-05,0.4074074074074074,0.4074074074074074,0.16666666666666666,6
graph,0,2026-10-07T09:40:32,nodeGcor1,3.11.9,unknown,13158094,610,1,1,0.6506085991859436,gnnexplainer,attribution,6,404,0.0,0.42,0.6668124441438505,0.25333333333333335,0.5,10,10,0.3333333333333333,0.41771169286221266,0.9798994974874371,0.9798994974874371,0.16666666666666666,6
graph,0,2026-10-07T09:40:32,nodeGcor1,3.11.9,unknown,13158094,610,1,1,0.6506085991859436,pgexplainer,attribution,6,404,0.9999999762579657,0.82,0.982319709550084,1.0,1.0,10,10,1.0,0.004226326011121273,1.0,1.0,1.0,6
graph,0,2026-10-07T09:40:32,nodeGcor1,3.11.9,unknown,13158094,610,1,1,0.6506085991859436,integrated_gradients,attribution,6,404,0.0,0.61,0.8346303535361647,0.9714285714285713,0.5,10,10,1.0,0.2031502090394497,0.9958123953098827,0.5029313232830821,0.6666666666666666,6
graph,0,2026-10-07T09:40:32,nodeGcor1,3.11.9,unknown,13158094,610,1,1,0.6506085991859436,lime,attribution,6,404,0.0,0.28,0.4987339267225235,0.6928571428571428,0.7142857142857143,10,10,0.7142857142857143,0.20778289204463363,0.9886934673366834,0.507537688442211,0.5,6
graph,0,2026-10-07T09:40:32,nodeGcor1,3.11.9,unknown,13158094,610,1,1,0.6506085991859436,random,attribution,6,404,0.0,0.53,0.35459691882617395,0.0,0.0,10,10,0.0,2.408726140856743e-05,0.5376884422110553,0.5376884422110553,0.0,6
graph,0,2026-10-07T09:40:32,nodeGcor1,3.11.9,unknown,13158094,612,2,3,0.6810904145240784,gnnexplainer,attribution,6,7,0.9053061910667402,1.0,0.1229549088491777,1.0,1.0,10,10,1.0,0.4306308859959245,1.0,1.0,1.0,6
graph,0,2026-10-07T09:40:32,nodeGcor1,3.11.9,unknown,13158094,612,2,3,0.6810904145240784,pgexplainer,attribution,6,7,0.9053061910667402,1.0,0.0,1.0,1.0,10,10,1.0,0.004103891085833311,0.5,0.5,1.0,6
graph,0,2026-10-07T09:40:32,nodeGcor1,3.11.9,unknown,13158094,612,2,3,0.6810904145240784,integrated_gradients,attribution,6,7,0.9053061744927561,1.0,0.3676449113400554,0.7142857142857143,0.7142857142857143,10,10,1.0,0.1961027029901743,0.6666666666666666,0.8333333333333334,0.8333333333333334,6
graph,0,2026-10-07T09:40:32,nodeGcor1,3.11.9,unknown,13158094,612,2,3,0.6810904145240784,lime,attribution,6,7,0.9053061910667402,1.0,0.3027980390995134,0.7142857142857143,0.7142857142857143,10,10,0.7142857142857143,0.04378251079469919,0.6666666666666666,0.8333333333333334,0.8333333333333334,6
graph,0,2026-10-07T09:40:32,nodeGcor1,3.11.9,unknown,13158094,612,2,3,0.6810904145240784,random,attribution,6,7,0.9053061744927561,1.0,0.3602739090788185,0.7428571428571429,0.7142857142857143,10,10,0.7142857142857143,2.236710861325264e-05,0.8333333333333334,0.8333333333333334,0.8333333333333334,6
graph,0,2026-10-07T09:40:32,nodeGcor1,3.11.9,unknown,13158094,614,3,0,0.9527530670166016,gnnexplainer,attribution,6,15,0.9987263998716995,0.49,0.2073267354220366,1.0,1.0,10,10,0.7142857142857143,0.41982247261330485,0.9074074074074073,0.9074074074074073,0.8333333333333334,6
graph,0,2026-10-07T09:40:32,nodeGcor1,3.11.9,unknown,13158094,614,3,0,0.9527530670166016,pgexplainer,attribution,6,15,0.9987263571376088,0.47,0.7750427210305996,1.0,1.0,10,10,1.0,0.004046781919896603,1.0,1.0,1.0,6
graph,0,2026-10-07T09:40:32,nodeGcor1,3.11.9,unknown,13158094,614,3,0,0.9527530670166016,integrated_gradients,attribution,6,15,0.998726357296968,0.89,0.6735320786190013,1.0,1.0,10,10,1.0,0.19656922807917,0.9074074074074073,0.4629629629629629,0.8333333333333334,6
graph,0,2026-10-07T09:40:32,nodeGcor1,3.11.9,unknown,13158094,614,3,0,0.9527530670166016,lime,attribution,6,15,0.9987264002700843,0.98,0.4660236374781608,0.7142857142857143,0.7142857142857143,10,10,0.7142857142857143,0.044919364620000124,0.9074074074074073,0.611111111111111,0.8333333333333334,6
graph,0,2026-10-07T09:40:32,nodeGcor1,3.11.9,unknown,13158094,614,3,0,0.9527530670166016,random,attribution,6,15,0.9987263567392105,0.44,0.3400226601174384,0.24575757575757579,0.09090909090909091,10,10,0.5,2.2058840841054916e-05,0.5740740740740741,0.5740740740740741,0.5,6
graph,0,2026-10-07T09:40:32,nodeGcor1,3.11.9,unknown,13158094,616,1,1,0.8270342350006104,gnnexplainer,attribution,6,16,0.0,0.47,0.255830000974698,0.7142857142857143,0.7142857142857143,10,10,0.7142857142857143,0.4086070037446916,0.9333333333333333,0.9333333333333333,0.8333333333333334,6
graph,0,2026-10-07T09:40:32,nodeGcor1,3.11.9,unknown,13158094,616,1,1,0.8270342350006104,pgexplainer,attribution,6,16,0.0,1.0,0.6742878169900827,1.0,1.0,10,10,1.0,0.004018838983029127,1.0,1.0,1.0,6
graph,0,2026-10-07T09:40:32,nodeGcor1,3.11.9,unknown,13158094,616,1,1,0.8270342350006104,integrated_gradients,attribution,6,16,0.0,1.0,0.6658910851466548,0.7714285714285716,0.7142857142857143,10,10,1.0,0.1951827951706946,0.9333333333333333,0.39999999999999997,0.8333333333333334,6
graph,0,2026-10-07T09:40:32,nodeGcor1,3.11.9,unknown,13158094,616,1,1,0.8270342350006104,lime,attribution,6,16,0.0,1.0,0.49549359136770477,0.9428571428571428,0.7142857142857143,10,10,1.0,0.0442452821880579,0.9500000000000001,0.3833333333333333,0.8333333333333334,6
graph,0,2026-10-07T09:40:32,nodeGcor1,3.11.9,unknown,13158094,616,1,1,0.8270342350006104,random,attribution,6,16,0.4518121822285763,0.53,0.28932236094472974,0.24151515151515152,0.09090909090909091,10,10,0.09090909090909091,2.0728912204504013e-05,0.85,0.85,0.6666666666666666,6
graph,0,2026-10-07T09:40:32,nodeGcor1,3.11.9,unknown,13158094,617,2,3,0.6810905337333679,gnnexplainer,attribution,6,7,0.9053061910667402,1.0,0.1229549088491777,1.0,1.0,10,10,1.0,0.41173254512250423,1.0,1.0,1.0,6
graph,0,2026-10-07T09:40:32,nodeGcor1,3.11.9,unknown,13158094,617,2,3,0.6810905337333679,pgexplainer,attribution,6,7,0.9053061910667402,1.0,0.0,1.0,1.0,10,10,1.0,0.003922744188457727,0.5,0.5,1.0,6
graph,0,2026-10-07T09:40:32,nodeGcor1,3.11.9,unknown,13158094,617,2,3,0.6810905337333679,integrated_gradients,attribution,6,7,0.9053061910667402,1.0,0.36764487114404754,0.7142857142857143,0.7142857142857143,10,10,1.0,0.19387614587321877,0.6666666666666666,0.8333333333333334,0.8333333333333334,6
graph,0,2026-10-07T09:40:32,nodeGcor1,3.11.9,unknown,13158094,617,2,3,0.6810905337333679,lime,attribution,6,7,0.9053061910667402,1.0,0.3027980392874481,0.7142857142857143,0.7142857142857143,10,10,0.7142857142857143,0.04291895404458046,0.6666666666666666,0.8333333333333334,0.8333333333333334,6
graph,0,2026-10-07T09:40:32,nodeGcor1,3.11.9,unknown,13158094,617,2,3,0.6810905337333679,random,attribution,6,7,0.9053061744927561,1.0,0.4032169240003428,0.7142857142857143,0.7142857142857143,10,10,0.7142857142857143,2.0706094801425934e-05,1.0,1.0,1.0,6
graph,0,2026-10-07T09:40:32,nodeGcor1,3.11.9,unknown,13158094,620,1,1,0.8519431352615356,gnnexplainer,attribution,6,12,0.0,0.9,0.18149063198843018,0.7142857142857143,0.7142857142857143,10,10,0.7142857142857143,0.41346246004104614,0.8333333333333334,0.8333333333333334,0.8333333333333334,6
graph,0,2026-10-07T09:40:32,nodeGcor1,3.11.9,unknown,13158094,620,1,1,0.8519431352615356,pgexplainer,attribution,6,12,0.0,1.0,0.4999999999993636,1.0,1.0,10,10,1.0,0.003930148668587208,1.0,1.0,1.0,6
graph,0,2026-10-07T09:40:32,nodeGcor1,3.11.9,unknown,13158094,620,1,1,0.8519431352615356,integrated_gradients,attribution,6,12,0.0,1.0,0.5435747220745939,0.7142857142857143,0.7142857142857143,10,10,1.0,0.1942219347693026,0.8611111111111112,0.5833333333333333,0.8333333333333334,6
graph,0,2026-10-07T09:40:32,nodeGcor1,3.11.9,unknown,13158094,620,1,1,0.8519431352615356,lime,attribution,6,12,0.0,1.0,0.3986446417501719,0.9428571428571428,0.7142857142857143,10,10,1.0,0.04422348691150546,0.8333333333333334,0.5555555555555556,0.8333333333333334,6
graph,0,2026-10-07T09:40:32,nodeGcor1,3.11.9,unknown,13158094,620,1,1,0.8519431352615356,random,attribution,6,12,0.0,0.42,0.22249537389678775,0.39952380952380956,0.09090909090909091,10,10,0.5,2.1005980670452118e-05,0.5833333333333334,0.5833333333333334,0.5,6
graph,0,2026-10-07T09:40:32,nodeGcor1,3.11.9,unknown,13158094,625,1,0,0.9070603847503662,gnnexplainer,attribution,6,201,0.02491965080710608,0.6,0.7001220256771788,0.7142857142857143,0.5,10,10,0.5,0.4152268636971712,0.9811965811965812,0.9811965811965812,0.5,6
graph,0,2026-10-07T09:40:32,nodeGcor1,3.11.9,unknown,13158094,625,1,0,0.9070603847503662,pgexplainer,attribution,6,201,0.0,0.15,0.9701492469285216,1.0,1.0,10,10,1.0,0.004080445040017366,1.0,1.0,1.0,6
graph,0,2026-10-07T09:40:32,nodeGcor1,3.11.9,unknown,13158094,625,1,0,0.9070603847503662,integrated_gradients,attribution,6,201,0.379635036256526,0.88,0.7279969207793104,0.9714285714285713,0.7142857142857143,10,10,1.0,0.20102045917883515,0.9051282051282051,0.5410256410256411,0.3333333333333333,6
graph,0,2026-10-07T09:40:32,nodeGcor1,3.11.9,unknown,13158094,625,1,0,0.9070603847503662,lime,attribution,6,201,0.9770633302284474,0.93,0.5338254153349811,0.6714285714285715,0.3333333333333333,10,10,0.5,0.07088202610611916,0.7487179487179487,0.4914529914529915,0.16666666666666666,6
graph,0,2026-10-07T09:40:32,nodeGcor1,3.11.9,unknown,13158094,625,1,0,0.9070603847503662,random,attribution,6,201,0.0,0.37,0.33557475054373276,0.01818181818181818,0.0,10,10,0.0,9.735114872455597e-06,0.5888888888888889,0.5888888888888889,0.0,6
graph,0,2026-10-07T09:40:32,nodeGcor1,3.11.9,unknown,13158094,627,2,3,0.6810905337333679,gnnexplainer,attribution,6,7,0.9053061910667402,1.0,0.1229549088491777,1.0,1.0,10,10,1.0,0.4311643810942769,1.0,1.0,1.0,6
graph,0,2026-10-07T09:40:32,nodeGcor1,3.11.9,unknown,13158094,627,2,3,0.6810905337333679,pgexplainer,attribution,6,7,0.9053061910667402,1.0,0.0,1.0,1.0,10,10,1.0,0.0038616121746599674,0.5,0.5,1.0,6
graph,0,2026-10-07T09:40:32,nodeGcor1,3.11.9,unknown,13158094,627,2,3,0.6810905337333679,integrated_gradients,attribution,6,7,0.9053061910667402,1.0,0.36764484199087155,0.7142857142857143,0.7142857142857143,10,10,1.0,0.19340208591893315,0.6666666666666666,0.8333333333333334,0.8333333333333334,6
graph,0,2026-10-07T09:40:32,nodeGcor1,3.11.9,unknown,13158094,627,2,3,0.6810905337333679,lime,attribution,6,7,0.9053061910667402,1.0,0.3027980326843531,0.7142857142857143,0.7142857142857143,10,10,0.7142857142857143,0.04302627593278885,0.6666666666666666,0.8333333333333334,0.8333333333333334,6
graph,0,2026-10-07T09:40:32,nodeGcor1,3.11.9,unknown,13158094,627,2,3,0.6810905337333679,random,attribution,6,7,0.9053061910667402,1.0,0.3211225999143329,0.7428571428571429,0.7142857142857143,10,10,0.7142857142857143,2.0778272300958633e-05,0.8333333333333334,0.8333333333333334,0.8333333333333334,6
graph,0,2026-10-07T09:40:32,nodeGcor1,3.11.9,unknown,13158094,630,1,1,0.8374571204185486,gnnexplainer,attribution,6,12,0.0,0.94,0.18157697806340256,0.7142857142857143,0.7142857142857143,10,10,0.7142857142857143,0.41331265680491924,0.8333333333333334,0.8333333333333334,0.8333333333333334,6
graph,0,2026-10-07T09:40:32,nodeGcor1,3.11.9,unknown,13158094,630,1,1,0.8374571204185486,pgexplainer,attribution,6,12,0.0,1.0,0.49504045988129874,1.0,1.0,10,10,1.0,0.003979899920523167,1.0,1.0,1.0,6
graph,0,2026-10-07T09:40:32,nodeGcor1,3.11.9,unknown,13158094,630,1,1,0.8374571204185486,integrated_gradients,attribution,6,12,0.0,0.92,0.5958409260857691,0.9714285714285713,1.0,10,10,1.0,0.19450477184727788,0.8611111111111112,0.5833333333333333,0.8333333333333334,6
graph,0,2026-10-07T09:40:32,nodeGcor1,3.11.9,unknown,13158094,630,1,1,0.8374571204185486,lime,attribution,6,12,0.0,0.87,0.39604141674928284,0.9714285714285715,0.7142857142857143,10,10,0.7142857142857143,0.044156499207019806,0.888888888888889,0.5555555555555556,0.8333333333333334,6
graph,0,2026-10-07T09:40:32,nodeGcor1,3.11.9,unknown,13158094,630,1,1,0.8374571204185486,random,attribution,6,12,0.0,0.53,0.2991614424584247,0.37,0.09090909090909091,10,10,0.3333333333333333,2.120714634656906e-05,0.5833333333333333,0.5833333333333333,0.5,6
graph,0,2026-10-07T09:40:32,nodeGcor1,3.11.9,unknown,13158094,631,1,1,0.9923077821731567,gnnexplainer,attribution,6,7,0.08451053035163882,1.0,0.11178112964989195,1.0,1.0,10,10,1.0,0.4124156069010496,1.0,1.0,1.0,6
graph,0,2026-10-07T09:40:32,nodeGcor1,3.11.9,unknown,13158094,631,1,1,0.9923077821731567,pgexplainer,attribution,6,7,0.08451053035163882,1.0,0.0,1.0,1.0,10,10,1.0,0.003997602965682745,0.5,0.5,1.0,6
graph,0,2026-10-07T09:40:32,nodeGcor1,3.11.9,unknown,13158094,631,1,1,0.9923077821731567,integrated_gradients,attribution,6,7,0.08451053035163882,1.0,0.27584591479536313,1.0,1.0,10,10,1.0,0.19528978085145354,1.0,0.5,1.0,6
graph,0,2026-10-07T09:40:32,nodeGcor1,3.11.9,unknown,13158094,631,1,1,0.9923077821731567,lime,attribution,6,7,0.08451053035163882,1.0,0.32716812612134505,1.0,1.0,10,10,1.0,0.043412105180323124,1.0,0.5,1.0,6
graph,0,2026-10-07T09:40:32,nodeGcor1,3.11.9,unknown,13158094,631,1,1,0.9923077821731567,random,attribution,6,7,0.08451053035163882,1.0,0.41700337651583996,0.7428571428571429,0.7142857142857143,10,10,0.7142857142857143,2.1524261683225632e-05,0.0,0.0,0.8333333333333334,6
graph,0,2026-10-07T09:40:32,nodeGcor1,3.11.9,unknown,13158094,632,2,3,0.530448317527771,gnnexplainer,attribution,6,12,0.8784122254291677,1.0,0.19322812256855504,0.9714285714285713,0.7142857142857143,10,10,0.7142857142857143,0.41575038712471724,0.8333333333333334,0.8333333333333334,0.8333333333333334,6
graph,0,2026-10-07T09:40:32,nodeGcor1,3.11.9,unknown,13158094,632,2,3,0.530448317527771,pgexplainer,attribution,6,12,0.8784133315983933,1.0,0.5820373033681043,1.0,1.0,10,10,1.0,0.004014763981103897,1.0,1.0,1.0,6
graph,0,2026-10-07T09:40:32,nodeGcor1,3.11.9,unknown,13158094,632,2,3,0.530448317527771,integrated_gradients,attribution,6,12,0.8784132632869626,0.89,0.5684507293461522,0.7142857142857143,0.7142857142857143,10,10,1.0,0.19466735608875751,0.9166666666666667,0.5555555555555556,0.8333333333333334,6
graph,0,2026-10-07T09:40:32,nodeGcor1,3.11.9,unknown,13158094,632,2,3,0.530448317527771,lime,attribution,6,12,0.8784132086377628,0.67,0.38743056421209277,0.6714285714285715,0.5,10,10,0.7142857142857143,0.044270636048167944,0.7222222222222223,0.7777777777777779,0.6666666666666666,6
graph,0,2026-10-07T09:40:32,nodeGcor1,3.11.9,unknown,13158094,632,2,3,0.530448317527771,random,attribution,6,12,0.0,0.06,0.31128157946369484,0.31000000000000005,0.2,10,10,0.3333333333333333,2.1647661924362183e-05,0.08333333333333333,0.08333333333333333,0.16666666666666666,6
graph,0,2026-10-07T09:40:32,nodeGcor1,3.11.9,unknown,13158094,639,3,3,0.8870674967765808,gnnexplainer,attribution,6,7,0.927294081789761,1.0,0.17556802257306559,1.0,1.0,10,10,1.0,0.412333105225116,1.0,1.0,1.0,6
graph,0,2026-10-07T09:40:32,nodeGcor1,3.11.9,unknown,13158094,639,3,3,0.8870674967765808,pgexplainer,attribution,6,7,0.927294081789761,1.0,0.0,1.0,1.0,10,10,1.0,0.003899536095559597,0.5,0.5,1.0,6
graph,0,2026-10-07T09:40:32,nodeGcor1,3.11.9,unknown,13158094,639,3,3,0.8870674967765808,integrated_gradients,attribution,6,7,0.927294081789761,1.0,0.2655649905073689,0.7142857142857143,0.7142857142857143,10,10,1.0,0.1955001470632851,0.8333333333333334,0.8333333333333334,0.8333333333333334,6
graph,0,2026-10-07T09:40:32,nodeGcor1,3.11.9,unknown,13158094,639,3,3,0.8870674967765808,lime,attribution,6,7,0.927294081789761,0.48,0.57928768621271,0.7142857142857143,0.7142857142857143,10,10,1.0,0.043071340303868055,0.8333333333333334,0.8333333333333334,0.8333333333333334,6
graph,0,2026-10-07T09:40:32,nodeGcor1,3.11.9,unknown,13158094,639,3,3,0.8870674967765808,random,attribution,6,7,0.927294081789761,0.47,0.22340727098354207,0.7428571428571429,0.7142857142857143,10,10,0.7142857142857143,2.09929421544075e-05,0.0,0.0,0.8333333333333334,6
graph,0,2026-10-07T09:40:32,nodeGcor1,3.11.9,unknown,13158094,642,2,3,0.45960357785224915,gnnexplainer,attribution,6,16,0.8596705021185032,0.47,0.2982951733238086,0.7142857142857143,0.7142857142857143,10,10,0.7142857142857143,0.41576189501211047,0.9166666666666667,0.9166666666666667,0.8333333333333334,6
graph,0,2026-10-07T09:40:32,nodeGcor1,3.11.9,unknown,13158094,642,2,3,0.45960357785224915,pgexplainer,attribution,6,16,0.8596716368803569,0.95,0.6665202613454546,1.0,1.0,10,10,1.0,0.00396011071279645,1.0,1.0,1.0,6
graph,0,2026-10-07T09:40:32,nodeGcor1,3.11.9,unknown,13158094,642,2,3,0.45960357785224915,integrated_gradients,attribution,6,16,0.8596717005760373,0.97,0.6470750898160874,1.0,1.0,10,10,1.0,0.19558882294222713,1.0,0.5,1.0,6
graph,0,2026-10-07T09:40:32,nodeGcor1,3.11.9,unknown,13158094,642,2,3,0.45960357785224915,lime,attribution,6,16,0.8596705658146987,0.18,0.5849024157844883,0.33333333333333337,0.3333333333333333,10,10,0.3333333333333333,0.044551799073815346,0.6166666666666667,0.9333333333333333,0.3333333333333333,6
graph,0,2026-10-07T09:40:32,nodeGcor1,3.11.9,unknown,13158094,642,2,3,0.45960357785224915,random,attribution,6,16,0.9393878789796585,0.04,0.2846418238300572,0.21575757575757576,0.0,10,10,0.5,2.1457206457853317e-05,0.5166666666666666,0.5166666666666666,0.3333333333333333,6
graph,0,2026-10-07T09:40:32,nodeGcor1,3.11.9,unknown,13158094,643,2,3,0.6810904145240784,gnnexplainer,attribution,6,7,0.9053061910667402,1.0,0.15509166682412556,1.0,1.0,10,10,1.0,0.40518973488360643,1.0,1.0,1.0,6
graph,0,2026-10-07T09:40:32,nodeGcor1,3.11.9,unknown,13158094,643,2,3,0.6810904145240784,pgexplainer,attribution,6,7,0.9053061744927561,1.0,0.0,1.0,1.0,10,10,1.0,0.003965342883020639,0.5,0.5,1.0,6
graph,0,2026-10-07T09:40:32,nodeGcor1,3.11.9,unknown,13158094,643,2,3,0.6810904145240784,integrated_gradients,attribution,6,7,0.9053061910667402,1.0,0.3676449298568586,0.7142857142857143,0.7142857142857143,10,10,1.0,0.19760364666581154,0.6666666666666666,0.8333333333333334,0.8333333333333334,6
graph,0,2026-10-07T09:40:32,nodeGcor1,3.11.9,unknown,13158094,643,2,3,0.6810904145240784,lime,attribution,6,7,0.9053061910667402,1.0,0.36644064369195073,1.0,1.0,10,10,1.0,0.043567122891545296,1.0,0.6666666666666666,1.0,6
graph,0,2026-10-07T09:40:32,nodeGcor1,3.11.9,unknown,13158094,643,2,3,0.6810904145240784,random,attribution,6,7,0.9053061910667402,1.0,0.2464619922738226,0.7714285714285716,0.7142857142857143,10,10,0.7142857142857143,2.1449290215969086e-05,1.0,1.0,1.0,6
graph,0,2026-10-07T09:40:32,nodeGcor1,3.11.9,unknown,13158094,644,3,0,0.7518488764762878,gnnexplainer,attribution,6,16,0.9983860805000472,0.29,0.4237094185478736,0.7142857142857143,0.7142857142857143,10,10,1.0,0.4211278511211276,0.9166666666666667,0.9166666666666667,0.8333333333333334,6
graph,0,2026-10-07T09:40:32,nodeGcor1,3.11.9,unknown,13158094,644,3,0,0.7518488764762878,pgexplainer,attribution,6,16,0.9983860255861998,0.46,0.6307184947232491,1.0,1.0,10,10,1.0,0.004022626206278801,1.0,1.0,1.0,6
graph,0,2026-10-07T09:40:32,nodeGcor1,3.11.9,unknown,13158094,644,3,0,0.7518488764762878,integrated_gradients,attribution,6,16,0.9983860805000472,0.52,0.6612203011113839,0.9428571428571428,0.7142857142857143,10,10,1.0,0.19763256469741464,0.8,0.5833333333333333,0.6666666666666666,6
graph,0,2026-10-07T09:40:32,nodeGcor1,3.11.9,unknown,13158094,644,3,0,0.7518488764762878,lime,attribution,6,16,0.9983860805000472,0.79,0.4913068505554157,0.8285714285714286,0.7142857142857143,10,10,1.0,0.0447672656737268,0.9166666666666667,0.6166666666666667,0.8333333333333334,6
graph,0,2026-10-07T09:40:32,nodeGcor1,3.11.9,unknown,13158094,644,3,0,0.7518488764762878,random,attribution,6,16,0.9649953602992241,0.52,0.28942784443623293,0.30294372294372296,0.09090909090909091,10,10,0.3333333333333333,2.167699858546257e-05,0.8166666666666667,0.8166666666666667,0.6666666666666666,6
graph,0,2026-10-07T09:40:32,nodeGcor1,3.11.9,unknown,13158094,646,1,1,0.5695038437843323,gnnexplainer,attribution,6,161,0.0,0.13,0.6239113745335815,0.7142857142857143,0.7142857142857143,10,10,0.7142857142857143,0.4169542700983584,0.9946236559139785,0.9946236559139785,0.8333333333333334,6
graph,0,2026-10-07T09:40:32,nodeGcor1,3.11.9,unknown,13158094,646,1,1,0.5695038437843323,pgexplainer,attribution,6,161,0.0,0.65,0.9709520380412018,1.0,1.0,10,10,1.0,0.004153076093643904,1.0,1.0,1.0,6
graph,0,2026-10-07T09:40:32,nodeGcor1,3.11.9,unknown,13158094,646,1,1,0.5695038437843323,integrated_gradients,attribution,6,161,0.0,0.67,0.8963894017735721,0.9428571428571428,0.7142857142857143,10,10,1.0,0.2030403227545321,0.9935483870967742,0.6688172043010753,0.8333333333333334,6
graph,0,2026-10-07T09:40:32,nodeGcor1,3.11.9,unknown,13158094,646,1,1,0.5695038437843323,lime,attribution,6,161,0.0,0.22,0.49220409860494274,0.7142857142857143,0.7142857142857143,10,10,0.5,0.07025538012385368,0.9526881720430107,0.3161290322580645,0.8333333333333334,6
graph,0,2026-10-07T09:40:32,nodeGcor1,3.11.9,unknown,13158094,646,1,1,0.5695038437843323,random,attribution,6,161,0.0,0.5,0.293480221243122,0.00909090909090909,0.0,10,10,0.0,9.55117866396904e-06,0.45698924731182794,0.45698924731182794,0.0,6
graph,0,2026-10-07T09:40:32,nodeGcor1,3.11.9,unknown,13158094,649,3,3,0.8870674967765808,gnnexplainer,attribution,6,7,0.927294081789761,1.0,0.17556802257306559,1.0,1.0,10,10,1.0,0.43001658003777266,1.0,1.0,1.0,6
graph,0,2026-10-07T09:40:32,nodeGcor1,3.11.9,unknown,13158094,649,3,3,0.8870674967765808,pgexplainer,attribution,6,7,0.927294081789761,1.0,0.0,1.0,1.0,10,10,1.0,0.004021672997623682,0.5,0.5,1.0,6
graph,0,2026-10-07T09:40:32,nodeGcor1,3.11.9,unknown,13158094,649,3,3,0.8870674967765808,integrated_gradients,attribution,6,7,0.927294081789761,1.0,0.26556500792171267,0.7142857142857143,0.7142857142857143,10,10,1.0,0.19695790391415358,0.8333333333333334,0.8333333333333334,0.8333333333333334,6
graph,0,2026-10-07T09:40:32,nodeGcor1,3.11.9,unknown,13158094,649,3,3,0.8870674967765808,lime,attribution,6,7,0.927294081789761,0.5,0.5792877388631723,0.7142857142857143,0.7142857142857143,10,10,1.0,0.04342932906001806,0.8333333333333334,0.8333333333333334,0.8333333333333334,6
graph,0,2026-10-07T09:40:32,nodeGcor1,3.11.9,unknown,13158094,649,3,3,0.8870674967765808,random,attribution,6,7,0.927294081789761,0.52,0.3205212462360738,0.8285714285714286,0.7142857142857143,10,10,0.7142857142857143,2.1696090698242188e-05,0.5,0.5,0.8333333333333334,6
graph,0,2026-10-07T09:40:32,nodeGcor1,3.11.9,unknown,13158094,650,1,0,0.957182765007019,gnnexplainer,attribution,6,140,0.0,0.51,0.5497535215988578,0.5428571428571429,0.5,10,10,0.7142857142857143,0.430152399931103,0.9738805970149254,0.9738805970149254,0.5,6
graph,0,2026-10-07T09:40:32,nodeGcor1,3.11.9,unknown,13158094,650,1,0,0.957182765007019,pgexplainer,attribution,6,140,0.0,0.25,0.9572601778935432,1.0,1.0,10,10,1.0,0.004150235094130039,1.0,1.0,1.0,6
graph,0,2026-10-07T09:40:32,nodeGcor1,3.11.9,unknown,13158094,650,1,0,0.957182765007019,integrated_gradients,attribution,6,140,0.41211959873876514,0.89,0.7735786216392527,1.0,0.7142857142857143,10,10,1.0,0.20298180263489485,0.972636815920398,0.4825870646766169,0.3333333333333333,6
graph,0,2026-10-07T09:40:32,nodeGcor1,3.11.9,unknown,13158094,650,1,0,0.957182765007019,lime,attribution,6,140,0.9782643788181793,0.95,0.5688732000968998,0.7142857142857143,0.7142857142857143,10,10,0.7142857142857143,0.06442451104521751,0.5845771144278606,0.3756218905472637,0.16666666666666666,6
graph,0,2026-10-07T09:40:32,nodeGcor1,3.11.9,unknown,13158094,650,1,0,0.957182765007019,random,attribution,6,140,0.0,0.26,0.3372032709250047,0.04242424242424242,0.0,10,10,0.0,9.834766387939453e-06,0.47388059701492535,0.47388059701492535,0.16666666666666666,6
graph,0,2026-10-07T09:40:32,nodeGcor1,3.11.9,unknown,13158094,651,1,1,0.8324727416038513,gnnexplainer,attribution,6,13,0.0,0.49,0.19028285481582807,0.7142857142857143,0.7142857142857143,10,10,0.7142857142857143,0.42930555576458573,0.880952380952381,0.880952380952381,0.8333333333333334,6
graph,0,2026-10-07T09:40:32,nodeGcor1,3.11.9,unknown,13158094,651,1,1,0.8324727416038513,pgexplainer,attribution,6,13,0.0,1.0,0.5957842394031266,1.0,1.0,10,10,1.0,0.0040025790221989155,1.0,1.0,1.0,6
graph,0,2026-10-07T09:40:32,nodeGcor1,3.11.9,unknown,13158094,651,1,1,0.8324727416038513,integrated_gradients,attribution,6,13,0.0,1.0,0.5960506360321582,0.7142857142857143,0.7142857142857143,10,10,1.0,0.19737218599766493,0.9047619047619049,0.4285714285714286,0.8333333333333334,6
graph,0,2026-10-07T09:40:32,nodeGcor1,3.11.9,unknown,13158094,651,1,1,0.8324727416038513,lime,attribution,6,13,0.0,1.0,0.47230066528043013,0.9428571428571428,1.0,10,10,0.7142857142857143,0.04467928921803832,0.8571428571428572,0.4761904761904762,0.8333333333333334,6
graph,0,2026-10-07T09:40:32,nodeGcor1,3.11.9,unknown,13158094,651,1,1,0.8324727416038513,random,attribution,6,13,0.9875923845327367,0.59,0.40901517222756834,0.35666666666666663,0.0,10,10,0.2,2.131424844264984e-05,0.23809523809523808,0.23809523809523808,0.3333333333333333,6
graph,0,2026-10-07T09:40:32,nodeGcor1,3.11.9,unknown,13158094,655,1,1,0.9923077821731567,gnnexplainer,attribution,6,7,0.08451053035163882,1.0,0.11240643275865714,1.0,1.0,10,10,1.0,0.4055150458589196,1.0,1.0,1.0,6
graph,0,2026-10-07T09:40:32,nodeGcor1,3.11.9,unknown,13158094,655,1,1,0.9923077821731567,pgexplainer,attribution,6,7,0.08451053035163882,1.0,0.0,1.0,1.0,10,10,1.0,0.003983570262789726,0.5,0.5,1.0,6
graph,0,2026-10-07T09:40:32,nodeGcor1,3.11.9,unknown,13158094,655,1,1,0.9923077821731567,integrated_gradients,attribution,6,7,0.08451053035163882,1.0,0.2758458989407182,1.0,1.0,10,10,1.0,0.19687764905393124,1.0,0.5,1.0,6
graph,0,2026-10-07T09:40:32,nodeGcor1,3.11.9,unknown,13158094,655,1,1,0.9923077821731567,lime,attribution,6,7,0.08451053035163882,1.0,0.33841228684417446,1.0,1.0,10,10,1.0,0.043364832643419504,1.0,0.5,1.0,6
graph,0,2026-10-07T09:40:32,nodeGcor1,3.11.9,unknown,13158094,655,1,1,0.9923077821731567,random,attribution,6,7,0.08451191188552827,1.0,0.2304320183529217,0.7428571428571429,0.7142857142857143,10,10,0.7142857142857143,2.1834857761859894e-05,0.6666666666666666,0.6666666666666666,0.8333333333333334,6
graph,0,2026-10-07T09:40:32,nodeGcor1,3.11.9,unknown,13158094,656,1,1,0.9353953003883362,gnnexplainer,attribution,6,13,0.028810534824940188,1.0,0.23392440112087776,0.7142857142857143,0.7142857142857143,10,10,0.7142857142857143,0.421222317032516,0.880952380952381,0.880952380952381,0.8333333333333334,6
graph,0,2026-10-07T09:40:32,nodeGcor1,3.11.9,unknown,13158094,656,1,1,0.9353953003883362,pgexplainer,attribution,6,13,0.02880913111901157,1.0,0.21866556130619996,0.5999999999999999,0.3333333333333333,10,10,1.0,0.004038697108626366,0.9285714285714285,0.9285714285714285,1.0,6
graph,0,2026-10-07T09:40:32,nodeGcor1,3.11.9,unknown,13158094,656,1,1,0.9353953003883362,integrated_gradients,attribution,6,13,0.028809069233397492,0.91,0.5625904665572151,0.9428571428571428,0.7142857142857143,10,10,1.0,0.19729339331388474,0.9285714285714286,0.5476190476190477,0.8333333333333334,6
graph,0,2026-10-07T09:40:32,nodeGcor1,3.11.9,unknown,13158094,656,1,1,0.9353953003883362,lime,attribution,6,13,0.028809069233397492,1.0,0.4865339413154175,0.7142857142857143,0.7142857142857143,10,10,0.7142857142857143,0.044539774768054485,0.9285714285714286,0.5476190476190477,0.8333333333333334,6
graph,0,2026-10-07T09:40:32,nodeGcor1,3.11.9,unknown,13158094,656,1,1,0.9353953003883362,random,attribution,6,13,0.02880976833268518,0.49,0.41536723712368673,0.28909090909090907,0.0,10,10,0.3333333333333333,2.169329673051834e-05,0.38095238095238093,0.38095238095238093,0.3333333333333333,6
graph,0,2026-10-07T09:40:32,nodeGcor1,3.11.9,unknown,13158094,661,1,1,0.8855271935462952,gnnexplainer,attribution,6,12,0.0,0.91,0.1816443701284769,0.7142857142857143,0.7142857142857143,10,10,0.7142857142857143,0.4059153371490538,0.8333333333333334,0.8333333333333334,0.8333333333333334,6
graph,0,2026-10-07T09:40:32,nodeGcor1,3.11.9,unknown,13158094,661,1,1,0.8855271935462952,pgexplainer,attribution,6,12,0.0,1.0,0.455448801862405,1.0,1.0,10,10,1.0,0.004030700773000717,1.0,1.0,1.0,6
graph,0,2026-10-07T09:40:32,nodeGcor1,3.11.9,unknown,13158094,661,1,1,0.8855271935462952,integrated_gradients,attribution,6,12,0.0,1.0,0.5914026664259797,0.9714285714285715,0.7142857142857143,10,10,1.0,0.1977540571242571,0.888888888888889,0.4444444444444444,0.8333333333333334,6
graph,0,2026-10-07T09:40:32,nodeGcor1,3.11.9,unknown,13158094,661,1,1,0.8855271935462952,lime,attribution,6,12,0.0,1.0,0.4492347583502696,0.9714285714285715,1.0,10,10,0.7142857142857143,0.04459562571719289,0.8055555555555557,0.5277777777777778,0.8333333333333334,6
graph,0,2026-10-07T09:40:32,nodeGcor1,3.11.9,unknown,13158094,661,1,1,0.8855271935462952,random,attribution,6,12,0.0,0.4,0.30246432978593085,0.37333333333333335,0.2,10,10,0.2,2.1804124116897583e-05,0.44444444444444453,0.44444444444444453,0.5,6
graph,0,2026-10-07T09:40:32,nodeGcor1,3.11.9,unknown,13158094,662,2,3,0.6810904145240784,gnnexplainer,attribution,6,7,0.9053061910667402,1.0,0.1229549088491777,1.0,1.0,10,10,1.0,0.40539375599473715,1.0,1.0,1.0,6
graph,0,2026-10-07T09:40:32,nodeGcor1,3.11.9,unknown,13158094,662,2,3,0.6810904145240784,pgexplainer,attribution,6,7,0.9053061910667402,1.0,0.0,1.0,1.0,10,10,1.0,0.0039917039684951305,0.5,0.5,1.0,6
graph,0,2026-10-07T09:40:32,nodeGcor1,3.11.9,unknown,13158094,662,2,3,0.6810904145240784,integrated_gradients,attribution,6,7,0.9053061910667402,1.0,0.36764492415518013,0.7142857142857143,0.7142857142857143,10,10,1.0,0.1975454930216074,0.6666666666666666,0.8333333333333334,0.8333333333333334,6
graph,0,2026-10-07T09:40:32,nodeGcor1,3.11.9,unknown,13158094,662,2,3,0.6810904145240784,lime,attribution,6,7,0.9053061910667402,1.0,0.3027980238046888,0.7142857142857143,0.7142857142857143,10,10,0.7142857142857143,0.043482805136591196,0.6666666666666666,0.8333333333333334,0.8333333333333334,6
graph,0,2026-10-07T09:40:32,nodeGcor1,3.11.9,unknown,13158094,662,2,3,0.6810904145240784,random,attribution,6,7,0.9053061910667402,1.0,0.33655799084215743,0.7142857142857143,0.7142857142857143,10,10,0.7142857142857143,2.169376239180565e-05,1.0,1.0,1.0,6
graph,0,2026-10-07T09:40:32,nodeGcor1,3.11.9,unknown,13158094,664,3,0,0.8624014258384705,gnnexplainer,attribution,6,12,0.9985929695172807,0.88,0.2091501386910659,0.7142857142857143,0.7142857142857143,10,10,0.7142857142857143,0.42129817232489586,0.9444444444444444,0.9444444444444444,0.8333333333333334,6
graph,0,2026-10-07T09:40:32,nodeGcor1,3.11.9,unknown,13158094,664,3,0,0.8624014258384705,pgexplainer,attribution,6,12,0.998592921865961,0.49,0.5663936820854962,1.0,1.0,10,10,1.0,0.0039672558195889,1.0,1.0,1.0,6
graph,0,2026-10-07T09:40:32,nodeGcor1,3.11.9,unknown,13158094,664,3,0,0.8624014258384705,integrated_gradients,attribution,6,12,0.9985929695172807,0.79,0.6133449016756763,1.0,1.0,10,10,1.0,0.19751417124643922,0.7222222222222223,0.5833333333333334,0.8333333333333334,6
graph,0,2026-10-07T09:40:32,nodeGcor1,3.11.9,unknown,13158094,664,3,0,0.8624014258384705,lime,attribution,6,12,0.9985929215742119,0.44,0.463007277726595,0.7142857142857143,0.7142857142857143,10,10,0.7142857142857143,0.04451395617797971,0.7777777777777779,0.5,0.8333333333333334,6
graph,0,2026-10-07T09:40:32,nodeGcor1,3.11.9,unknown,13158094,664,3,0,0.8624014258384705,random,attribution,6,12,0.9836761503357936,0.79,0.3746460348088474,0.2966666666666667,0.2,10,10,0.3333333333333333,2.1534040570259094e-05,0.33333333333333337,0.33333333333333337,0.5,6
graph,0,2026-10-07T09:40:32,nodeGcor1,3.11.9,unknown,13158094,666,1,1,0.7534201741218567,gnnexplainer,attribution,6,33,0.0,1.0,0.37443368236655006,0.7428571428571429,0.7142857142857143,10,10,0.7142857142857143,0.4153885506093502,1.0,1.0,1.0,6
graph,0,2026-10-07T09:40:32,nodeGcor1,3.11.9,unknown,13158094,666,1,1,0.7534201741218567,pgexplainer,attribution,6,33,0.0,1.0,0.8424759669524751,1.0,1.0,10,10,1.0,0.00416455278173089,1.0,1.0,1.0,6
graph,0,2026-10-07T09:40:32,nodeGcor1,3.11.9,unknown,13158094,666,1,1,0.7534201741218567,integrated_gradients,attribution,6,33,0.0,1.0,0.8076331123234475,0.9428571428571428,0.7142857142857143,10,10,1.0,0.20092204306274652,0.9753086419753086,0.3580246913580247,0.8333333333333334,6
graph,0,2026-10-07T09:40:32,nodeGcor1,3.11.9,unknown,13158094,666,1,1,0.7534201741218567,lime,attribution,6,33,0.0,1.0,0.6402703373481979,0.95,1.0,10,10,1.0,0.04588667210191488,0.9320987654320988,0.3703703703703704,0.8333333333333334,6
graph,0,2026-10-07T09:40:32,nodeGcor1,3.11.9,unknown,13158094,666,1,1,0.7534201741218567,random,attribution,6,33,0.0,0.56,0.302502835713357,0.13060606060606061,0.0,10,10,0.2,2.269633114337921e-05,0.42592592592592593,0.42592592592592593,0.0,6
graph,0,2026-10-07T09:40:32,nodeGcor1,3.11.9,unknown,13158094,671,1,0,0.9652288556098938,gnnexplainer,attribution,6,260,0.33817949496497035,0.57,0.6457934720272149,0.5,0.5,10,10,0.7142857142857143,0.428276214748621,0.9888451443569555,0.9888451443569555,0.5,6
graph,0,2026-10-07T09:40:32,nodeGcor1,3.11.9,unknown,13158094,671,1,0,0.9652288556098938,pgexplainer,attribution,6,260,0.0,0.31,0.9776355115445357,1.0,1.0,10,10,1.0,0.004212167114019394,1.0,1.0,1.0,6
graph,0,2026-10-07T09:40:32,nodeGcor1,3.11.9,unknown,13158094,671,1,0,0.9652288556098938,integrated_gradients,attribution,6,260,0.985415136571625,0.85,0.7614975371084286,0.8,0.7142857142857143,10,10,1.0,0.20273228827863932,0.9881889763779528,0.49409448818897644,0.5,6
graph,0,2026-10-07T09:40:32,nodeGcor1,3.11.9,unknown,13158094,671,1,0,0.9652288556098938,lime,attribution,6,260,0.9998471564237774,0.99,0.5372588735169987,0.6928571428571428,0.5,10,10,0.7142857142857143,0.07510890904814005,0.8267716535433071,0.4534120734908137,0.0,6
graph,0,2026-10-07T09:40:32,nodeGcor1,3.11.9,unknown,13158094,671,1,0,0.9652288556098938,random,attribution,6,260,0.0,0.41,0.3327280734468112,0.00909090909090909,0.0,10,10,0.0,2.2965949028730392e-05,0.5807086614173228,0.5807086614173228,0.0,6
graph,0,2026-10-07T09:40:32,nodeGcor1,3.11.9,unknown,13158094,673,2,3,0.6810904145240784,gnnexplainer,attribution,6,7,0.9053061910667402,1.0,0.15509166784647,1.0,1.0,10,10,1.0,0.4288446642458439,1.0,1.0,1.0,6
graph,0,2026-10-07T09:40:32,nodeGcor1,3.11.9,unknown,13158094,673,2,3,0.6810904145240784,pgexplainer,attribution,6,7,0.9053061910667402,1.0,0.0,1.0,1.0,10,10,1.0,0.003988098818808794,0.5,0.5,1.0,6
graph,0,2026-10-07T09:40:32,nodeGcor1,3.11.9,unknown,13158094,673,2,3,0.6810904145240784,integrated_gradients,attribution,6,7,0.9053061744927561,1.0,0.3676448379973586,0.7142857142857143,0.7142857142857143,10,10,1.0,0.1971770990639925,0.6666666666666666,0.8333333333333334,0.8333333333333334,6
graph,0,2026-10-07T09:40:32,nodeGcor1,3.11.9,unknown,13158094,673,2,3,0.6810904145240784,lime,attribution,6,7,0.9053061744927561,1.0,0.36644062964144686,1.0,1.0,10,10,1.0,0.043524779845029116,1.0,0.6666666666666666,1.0,6
graph,0,2026-10-07T09:40:32,nodeGcor1,3.11.9,unknown,13158094,673,2,3,0.6810904145240784,random,attribution,6,7,0.9053061744927561,1.0,0.2818947061088718,0.7714285714285715,0.7142857142857143,10,10,1.0,2.162996679544449e-05,0.6666666666666666,0.6666666666666666,0.8333333333333334,6
graph,0,2026-10-07T09:40:32,nodeGcor1,3.11.9,unknown,13158094,674,3,0,0.7879905104637146,gnnexplainer,attribution,6,14,0.9984601033261751,0.71,0.4006434737390514,0.7142857142857143,0.7142857142857143,10,10,1.0,0.4204723942093551,0.9166666666666666,0.9166666666666666,0.8333333333333334,6
graph,0,2026-10-07T09:40:32,nodeGcor1,3.11.9,unknown,13158094,674,3,0,0.7879905104637146,pgexplainer,attribution,6,14,0.9984600507091967,0.42,0.5779218408435478,0.8857142857142856,0.7142857142857143,10,10,1.0,0.00401298375800252,1.0,1.0,1.0,6
graph,0,2026-10-07T09:40:32,nodeGcor1,3.11.9,unknown,13158094,674,3,0,0.7879905104637146,integrated_gradients,attribution,6,14,0.9984601033261751,0.49,0.6360870371710399,0.8857142857142856,0.7142857142857143,10,10,1.0,0.19783610571175814,0.7708333333333333,0.5833333333333333,0.6666666666666666,6
graph,0,2026-10-07T09:40:32,nodeGcor1,3.11.9,unknown,13158094,674,3,0,0.7879905104637146,lime,attribution,6,14,0.9984601033261751,0.64,0.42537074389209584,1.0,1.0,10,10,1.0,0.04450025595724583,0.8541666666666667,0.6041666666666666,0.8333333333333334,6
graph,0,2026-10-07T09:40:32,nodeGcor1,3.11.9,unknown,13158094,674,3,0,0.7879905104637146,random,attribution,6,14,0.9984600508256803,0.62,0.45509936435730514,0.24961038961038962,0.09090909090909091,10,10,0.2,2.1195970475673676e-05,0.4375,0.4375,0.5,6
graph,0,2026-10-07T09:40:32,nodeGcor1,3.11.9,unknown,13158094,675,1,1,0.8519431352615356,gnnexplainer,attribution,6,12,0.0,0.89,0.18149063198843018,0.7142857142857143,0.7142857142857143,10,10,0.7142857142857143,0.41473904997110367,0.8333333333333334,0.8333333333333334,0.8333333333333334,6
graph,0,2026-10-07T09:40:32,nodeGcor1,3.11.9,unknown,13158094,675,1,1,0.8519431352615356,pgexplainer,attribution,6,12,0.0,1.0,0.4999999999993636,1.0,1.0,10,10,1.0,0.00396852707490325,1.0,1.0,1.0,6
graph,0,2026-10-07T09:40:32,nodeGcor1,3.11.9,unknown,13158094,675,1,1,0.8519431352615356,integrated_gradients,attribution,6,12,0.0,1.0,0.543574727305554,0.7142857142857143,0.7142857142857143,10,10,1.0,0.1970289652235806,0.8611111111111112,0.5833333333333333,0.8333333333333334,6
graph,0,2026-10-07T09:40:32,nodeGcor1,3.11.9,unknown,13158094,675,1,1,0.8519431352615356,lime,attribution,6,12,0.0,1.0,0.3986446384330772,0.8857142857142856,0.7142857142857143,10,10,1.0,0.044103301130235195,0.8333333333333334,0.5555555555555556,0.8333333333333334,6
graph,0,2026-10-07T09:40:32,nodeGcor1,3.11.9,unknown,13158094,675,1,1,0.8519431352615356,random,attribution,6,12,0.0,0.43,0.4677853576461003,0.3624242424242424,0.2,10,10,0.7142857142857143,2.1198298782110214e-05,0.38888888888888884,0.38888888888888884,0.3333333333333333,6
graph,0,2026-10-07T09:40:32,nodeGcor1,3.11.9,unknown,13158094,677,2,2,0.5293611884117126,gnnexplainer,attribution,6,7,0.9511785919132388,0.37,0.3270746168550206,nan,nan,0,0,1.0,0.40937349293380976,1.0,1.0,1.0,6
graph,0,2026-10-07T09:40:32,nodeGcor1,3.11.9,unknown,13158094,677,2,2,0.5293611884117126,pgexplainer,attribution,6,7,0.9511785919132388,0.56,0.0,nan,nan,0,0,1.0,0.003943523857742548,0.5,0.5,1.0,6
graph,0,2026-10-07T09:40:32,nodeGcor1,3.11.9,unknown,13158094,677,2,2,0.5293611884117126,integrated_gradients,attribution,6,7,0.951178580918918,0.49,0.23762583430235285,nan,nan,0,0,1.0,0.19668982503935695,1.0,0.6666666666666666,1.0,6
graph,0,2026-10-07T09:40:32,nodeGcor1,3.11.9,unknown,13158094,677,2,2,0.5293611884117126,lime,attribution,6,7,0.9511769557336069,0.51,0.3707209891303397,nan,nan,0,0,1.0,0.04325496079400182,0.8333333333333334,0.6666666666666666,0.8333333333333334,6
graph,0,2026-10-07T09:40:32,nodeGcor1,3.11.9,unknown,13158094,677,2,2,0.5293611884117126,random,attribution,6,7,0.951178580918918,0.52,0.23827564214689478,nan,nan,0,0,0.7142857142857143,1.7231330275535583e-05,0.3333333333333333,0.3333333333333333,0.8333333333333334,6
graph,0,2026-10-07T09:40:32,nodeGcor1,3.11.9,unknown,13158094,679,3,0,0.9717109799385071,gnnexplainer,attribution,6,362,0.9977532458577939,0.5,0.7209309627932114,0.9714285714285715,0.5,10,10,0.5,0.4301343937404454,0.9911048689138577,0.9911048689138577,0.5,6
graph,0,2026-10-07T09:40:32,nodeGcor1,3.11.9,unknown,13158094,679,3,0,0.9717109799385071,pgexplainer,attribution,6,362,0.0,0.34,0.9856351610391467,1.0,1.0,10,10,1.0,0.00419051805511117,1.0,1.0,1.0,6
graph,0,2026-10-07T09:40:32,nodeGcor1,3.11.9,unknown,13158094,679,3,0,0.9717109799385071,integrated_gradients,attribution,6,362,0.9987512053767634,0.99,0.752084587176055,0.9428571428571428,0.7142857142857143,10,10,1.0,0.20302481902763247,0.9826779026217228,0.49719101123595505,0.5,6
graph,0,2026-10-07T09:40:32,nodeGcor1,3.11.9,unknown,13158094,679,3,0,0.9717109799385071,lime,attribution,6,362,0.9984216380075838,1.0,0.464479366464179,0.7142857142857143,0.5,10,10,0.7142857142857143,0.20211991667747498,0.875,0.7668539325842697,0.3333333333333333,6
graph,0,2026-10-07T09:40:32,nodeGcor1,3.11.9,unknown,13158094,679,3,0,0.9717109799385071,random,attribution,6,362,0.0,0.28,0.3370768473683441,0.02727272727272727,0.0,10,10,0.0,2.3520085960626602e-05,0.26029962546816476,0.26029962546816476,0.0,6
graph,0,2026-10-07T09:40:32,nodeGcor1,3.11.9,unknown,13158094,680,1,1,0.9923077821731567,gnnexplainer,attribution,6,7,0.08451053035163882,1.0,0.11240643275865714,1.0,1.0,10,10,1.0,0.4331063427962363,1.0,1.0,1.0,6
graph,0,2026-10-07T09:40:32,nodeGcor1,3.11.9,unknown,13158094,680,1,1,0.9923077821731567,pgexplainer,attribution,6,7,0.08451053035163882,1.0,0.0,1.0,1.0,10,10,1.0,0.004053522367030382,0.5,0.5,1.0,6
graph,0,2026-10-07T09:40:32,nodeGcor1,3.11.9,unknown,13158094,680,1,1,0.9923077821731567,integrated_gradients,attribution,6,7,0.08451053035163882,1.0,0.2758459217492032,1.0,1.0,10,10,1.0,0.19844293221831322,1.0,0.5,1.0,6
graph,0,2026-10-07T09:40:32,nodeGcor1,3.11.9,unknown,13158094,680,1,1,0.9923077821731567,lime,attribution,6,7,0.08451053035163882,1.0,0.3384122928097879,1.0,1.0,10,10,1.0,0.04379733419045806,1.0,0.5,1.0,6
graph,0,2026-10-07T09:40:32,nodeGcor1,3.11.9,unknown,13158094,680,1,1,0.9923077821731567,random,attribution,6,7,0.08451053035163882,1.0,0.25665400679283246,0.7714285714285715,0.7142857142857143,10,10,1.0,2.158433198928833e-05,0.5,0.5,0.8333333333333334,6
graph,0,2026-10-07T09:40:32,nodeGcor1,3.11.9,unknown,13158094,681,1,1,0.9353953003883362,gnnexplainer,attribution,6,13,0.028810534824940188,1.0,0.24470515306096974,0.7142857142857143,0.7142857142857143,10,10,0.7142857142857143,0.42380692390725017,0.880952380952381,0.880952380952381,0.8333333333333334,6
graph,0,2026-10-07T09:40:32,nodeGcor1,3.11.9,unknown,13158094,681,1,1,0.9353953003883362,pgexplainer,attribution,6,13,0.02880913111901157,1.0,0.21866556137779602,0.7142857142857143,0.3333333333333333,10,10,1.0,0.0041433279402554035,0.9285714285714285,0.9285714285714285,1.0,6
graph,0,2026-10-07T09:40:32,nodeGcor1,3.11.9,unknown,13158094,681,1,1,0.9353953003883362,integrated_gradients,attribution,6,13,0.028809069233397492,0.88,0.5625904719451147,0.9714285714285715,1.0,10,10,1.0,0.19837734010070562,0.9285714285714286,0.5476190476190477,0.8333333333333334,6
graph,0,2026-10-07T09:40:32,nodeGcor1,3.11.9,unknown,13158094,681,1,1,0.9353953003883362,lime,attribution,6,13,0.02880913111901157,0.89,0.43859702349801766,0.7142857142857143,0.7142857142857143,10,10,0.7142857142857143,0.04509258409962058,0.9285714285714286,0.5476190476190477,0.8333333333333334,6
graph,0,2026-10-07T09:40:32,nodeGcor1,3.11.9,unknown,13158094,681,1,1,0.9353953003883362,random,attribution,6,13,0.336426963237805,0.44,0.24753083918084007,0.31333333333333335,0.2,10,10,0.3333333333333333,2.2410880774259567e-05,0.5,0.5,0.5,6
graph,0,2026-10-07T09:40:32,nodeGcor1,3.11.9,unknown,13158094,682,2,0,0.9992891550064087,gnnexplainer,attribution,6,162,0.6879611387575163,0.51,0.6053641953789368,0.5214285714285715,0.5,10,10,0.3333333333333333,0.4198555569164455,0.9903846153846154,0.9903846153846154,0.6666666666666666,6
graph,0,2026-10-07T09:40:32,nodeGcor1,3.11.9,unknown,13158094,682,2,0,0.9992891550064087,pgexplainer,attribution,6,162,0.0,0.34,0.9679012345679012,1.0,1.0,10,10,1.0,0.004283756949007511,1.0,1.0,1.0,6
graph,0,2026-10-07T09:40:32,nodeGcor1,3.11.9,unknown,13158094,682,2,0,0.9992891550064087,integrated_gradients,attribution,6,162,0.9984651987128242,1.0,0.6753394751028987,0.8285714285714286,0.7142857142857143,10,10,1.0,0.20430558919906616,0.7275641025641026,0.5566239316239316,0.3333333333333333,6
graph,0,2026-10-07T09:40:32,nodeGcor1,3.11.9,unknown,13158094,682,2,0,0.9992891550064087,lime,attribution,6,162,0.996489623240934,1.0,0.5713736660978135,0.47142857142857136,0.5,10,10,0.5,0.07092988397926092,0.6987179487179487,0.5844017094017094,0.0,6
graph,0,2026-10-07T09:40:32,nodeGcor1,3.11.9,unknown,13158094,682,2,0,0.9992891550064087,random,attribution,6,162,0.00022814994551242478,0.37,0.3473880647291545,0.04727272727272728,0.0,10,10,0.09090909090909091,2.2919848561286926e-05,0.3461538461538462,0.3461538461538462,0.0,6
graph,0,2026-10-07T09:40:32,nodeGcor1,3.11.9,unknown,13158094,685,1,1,0.8577150106430054,gnnexplainer,attribution,6,31,0.0,0.58,0.3921189604754043,0.7142857142857143,0.7142857142857143,10,10,0.7142857142857143,0.4412748981267214,0.96,0.96,0.8333333333333334,6
graph,0,2026-10-07T09:40:32,nodeGcor1,3.11.9,unknown,13158094,685,1,1,0.8577150106430054,pgexplainer,attribution,6,31,0.0,1.0,0.8289680945918357,1.0,1.0,10,10,1.0,0.004144616890698671,1.0,1.0,1.0,6
graph,0,2026-10-07T09:40:32,nodeGcor1,3.11.9,unknown,13158094,685,1,1,0.8577150106430054,integrated_gradients,attribution,6,31,0.0,0.73,0.8112014332331728,1.0,0.7142857142857143,10,10,1.0,0.2025388008914888,0.9733333333333333,0.36,0.8333333333333334,6
graph,0,2026-10-07T09:40:32,nodeGcor1,3.11.9,unknown,13158094,685,1,1,0.8577150106430054,lime,attribution,6,31,0.0,1.0,0.6548460177046833,1.0,0.7142857142857143,10,10,1.0,0.04589854506775737,0.96,0.36,0.8333333333333334,6
graph,0,2026-10-07T09:40:32,nodeGcor1,3.11.9,unknown,13158094,685,1,1,0.8577150106430054,random,attribution,6,31,0.0,0.57,0.3396107505048128,0.12545454545454543,0.0,10,10,0.0,2.163369208574295e-05,0.3133333333333333,0.3133333333333333,0.0,6
graph,0,2026-10-07T09:40:32,nodeGcor1,3.11.9,unknown,13158094,687,2,0,0.5670154690742493,gnnexplainer,attribution,6,31,0.9978599768593538,0.77,0.3871463963750621,1.0,1.0,10,10,0.7142857142857143,0.42807410517707467,0.9666666666666667,0.9666666666666667,0.8333333333333334,6
graph,0,2026-10-07T09:40:32,nodeGcor1,3.11.9,unknown,13158094,687,2,0,0.5670154690742493,pgexplainer,attribution,6,31,0.9978599046090416,0.35,0.8644724490014868,1.0,1.0,10,10,1.0,0.004053184762597084,1.0,1.0,1.0,6
graph,0,2026-10-07T09:40:32,nodeGcor1,3.11.9,unknown,13158094,687,2,0,0.5670154690742493,integrated_gradients,attribution,6,31,0.9978599046090416,0.54,0.7761783942957106,1.0,1.0,10,10,1.0,0.1998126618564129,0.9666666666666667,0.32666666666666666,0.8333333333333334,6
graph,0,2026-10-07T09:40:32,nodeGcor1,3.11.9,unknown,13158094,687,2,0,0.5670154690742493,lime,attribution,6,31,0.9978599041591081,0.71,0.7187494481421906,0.5214285714285715,0.3333333333333333,10,10,0.3333333333333333,0.04538205824792385,0.74,0.5866666666666667,0.5,6
graph,0,2026-10-07T09:40:32,nodeGcor1,3.11.9,unknown,13158094,687,2,0,0.5670154690742493,random,attribution,6,31,0.997859977084313,0.37,0.34754581650120575,0.09636363636363636,0.09090909090909091,10,10,0.2,2.0542647689580917e-05,0.6466666666666666,0.6466666666666666,0.5,6
graph,0,2026-10-07T09:40:32,nodeGcor1,3.11.9,unknown,13158094,689,3,0,0.8518355488777161,gnnexplainer,attribution,6,31,0.9985755157153546,0.54,0.3866854663712208,0.7142857142857143,0.7142857142857143,10,10,1.0,0.416625521145761,0.96,0.96,0.8333333333333334,6
graph,0,2026-10-07T09:40:32,nodeGcor1,3.11.9,unknown,13158094,689,3,0,0.8518355488777161,pgexplainer,attribution,6,31,0.9985754674729344,0.49,0.8561343599477292,1.0,1.0,10,10,1.0,0.00418859114870429,1.0,1.0,1.0,6
graph,0,2026-10-07T09:40:32,nodeGcor1,3.11.9,unknown,13158094,689,3,0,0.8518355488777161,integrated_gradients,attribution,6,31,0.9985754674729344,0.85,0.763707055466139,1.0,1.0,10,10,1.0,0.2006747918203473,0.9666666666666667,0.6466666666666666,0.8333333333333334,6
graph,0,2026-10-07T09:40:32,nodeGcor1,3.11.9,unknown,13158094,689,3,0,0.8518355488777161,lime,attribution,6,31,0.9985755157153546,0.94,0.6371750157225267,0.7142857142857143,0.7142857142857143,10,10,0.7142857142857143,0.04594314005225897,0.7933333333333333,0.6666666666666666,0.6666666666666666,6
graph,0,2026-10-07T09:40:32,nodeGcor1,3.11.9,unknown,13158094,689,3,0,0.8518355488777161,random,attribution,6,31,0.45144022017117114,0.32,0.2704764448327177,0.13545454545454544,0.0,10,10,0.09090909090909091,2.3171771317720413e-05,0.6333333333333333,0.6333333333333333,0.16666666666666666,6
graph,0,2026-10-07T09:40:32,nodeGcor1,3.11.9,unknown,13158094,690,1,0,0.8929538130760193,gnnexplainer,attribution,6,164,0.20296882588639312,0.5,0.6276964055684087,0.7142857142857143,0.3333333333333333,10,10,1.0,0.42292462661862373,0.9778481012658229,0.9778481012658229,0.5,6
graph,0,2026-10-07T09:40:32,nodeGcor1,3.11.9,unknown,13158094,690,1,0,0.8929538130760193,pgexplainer,attribution,6,164,0.0,0.17,0.9601323797465605,1.0,1.0,10,10,1.0,0.004098894074559212,1.0,1.0,1.0,6
graph,0,2026-10-07T09:40:32,nodeGcor1,3.11.9,unknown,13158094,690,1,0,0.8929538130760193,integrated_gradients,attribution,6,164,0.9705267345051249,0.96,0.7404868471197582,1.0,1.0,10,10,1.0,0.20144823705777526,0.9725738396624473,0.4915611814345992,0.5,6
graph,0,2026-10-07T09:40:32,nodeGcor1,3.11.9,unknown,13158094,690,1,0,0.8929538130760193,lime,attribution,6,164,0.9702042068076039,0.98,0.5783364442974162,0.6285714285714287,0.3333333333333333,10,10,0.5,0.06914043799042702,0.8291139240506329,0.3575949367088608,0.3333333333333333,6
graph,0,2026-10-07T09:40:32,nodeGcor1,3.11.9,unknown,13158094,690,1,0,0.8929538130760193,random,attribution,6,164,0.055588589383174035,0.31,0.35965168004561265,0.01818181818181818,0.0,10,10,0.0,9.08784568309784e-06,0.5991561181434599,0.5991561181434599,0.0,6
graph,0,2026-10-07T09:40:32,nodeGcor1,3.11.9,unknown,13158094,692,2,3,0.6810905337333679,gnnexplainer,attribution,6,7,0.9053061910667402,1.0,0.12295490836040834,1.0,1.0,10,10,1.0,0.42671722639352083,1.0,1.0,1.0,6
graph,0,2026-10-07T09:40:32,nodeGcor1,3.11.9,unknown,13158094,692,2,3,0.6810905337333679,pgexplainer,attribution,6,7,0.9053061910667402,1.0,0.0,1.0,1.0,10,10,1.0,0.003920653834939003,0.5,0.5,1.0,6
graph,0,2026-10-07T09:40:32,nodeGcor1,3.11.9,unknown,13158094,692,2,3,0.6810905337333679,integrated_gradients,attribution,6,7,0.9053061744927561,1.0,0.3676447879900375,0.7142857142857143,0.7142857142857143,10,10,1.0,0.19448055792599916,0.6666666666666666,0.8333333333333334,0.8333333333333334,6
graph,0,2026-10-07T09:40:32,nodeGcor1,3.11.9,unknown,13158094,692,2,3,0.6810905337333679,lime,attribution,6,7,0.9053061910667402,1.0,0.3027980190162922,0.7142857142857143,0.7142857142857143,10,10,0.7142857142857143,0.04374161083251238,0.6666666666666666,0.8333333333333334,0.8333333333333334,6
graph,0,2026-10-07T09:40:32,nodeGcor1,3.11.9,unknown,13158094,692,2,3,0.6810905337333679,random,attribution,6,7,0.9053061744927561,0.52,0.3241677908098949,0.8,0.7142857142857143,10,10,0.7142857142857143,3.0088238418102264e-05,0.3333333333333333,0.3333333333333333,0.8333333333333334,6
graph,0,2026-10-07T09:40:32,nodeGcor1,3.11.9,unknown,13158094,693,2,3,0.5362693071365356,gnnexplainer,attribution,6,15,0.8797321610673655,0.51,0.288161162017885,0.7142857142857143,0.7142857142857143,10,10,0.7142857142857143,0.41312930965796113,0.9074074074074074,0.9074074074074074,0.8333333333333334,6
graph,0,2026-10-07T09:40:32,nodeGcor1,3.11.9,unknown,13158094,693,2,3,0.5362693071365356,pgexplainer,attribution,6,15,0.8797330801332562,0.75,0.566806793403291,0.7142857142857143,0.7142857142857143,10,10,1.0,0.004015227779746056,0.9259259259259258,0.9259259259259258,0.8333333333333334,6
graph,0,2026-10-07T09:40:32,nodeGcor1,3.11.9,unknown,13158094,693,2,3,0.5362693071365356,integrated_gradients,attribution,6,15,0.8797330801332562,0.99,0.6270308049215498,1.0,1.0,10,10,1.0,0.19493028614670038,1.0,0.5,1.0,6
graph,0,2026-10-07T09:40:32,nodeGcor1,3.11.9,unknown,13158094,693,2,3,0.5362693071365356,lime,attribution,6,15,0.8797321075977695,0.43,0.6703461550415861,0.4,0.3333333333333333,10,10,0.3333333333333333,0.04461858328431845,0.6666666666666667,0.9074074074074074,0.5,6
graph,0,2026-10-07T09:40:32,nodeGcor1,3.11.9,unknown,13158094,693,2,3,0.5362693071365356,random,attribution,6,15,0.6894735803758989,0.17,0.3312512689534255,0.3190909090909091,0.09090909090909091,10,10,0.3333333333333333,2.1031592041254044e-05,0.35185185185185186,0.35185185185185186,0.3333333333333333,6
graph,0,2026-10-07T09:40:32,nodeGcor1,3.11.9,unknown,13158094,694,3,0,0.5817356705665588,gnnexplainer,attribution,6,15,0.9979141314930841,0.3,0.38698459637597227,1.0,1.0,10,10,0.7142857142857143,0.40367738204076886,0.9814814814814815,0.9814814814814815,0.8333333333333334,6
graph,0,2026-10-07T09:40:32,nodeGcor1,3.11.9,unknown,13158094,694,3,0,0.5817356705665588,pgexplainer,attribution,6,15,0.9979141310656485,0.23,0.3711554320370182,0.7142857142857143,0.7142857142857143,10,10,1.0,0.003992380108684301,0.9259259259259259,0.9259259259259259,0.8333333333333334,6
graph,0,2026-10-07T09:40:32,nodeGcor1,3.11.9,unknown,13158094,694,3,0,0.5817356705665588,integrated_gradients,attribution,6,15,0.9979141310656485,0.43,0.643335335756902,0.8571428571428571,0.7142857142857143,10,10,1.0,0.1979341390542686,0.6851851851851851,0.6851851851851852,0.6666666666666666,6
graph,0,2026-10-07T09:40:32,nodeGcor1,3.11.9,unknown,13158094,694,3,0,0.5817356705665588,lime,attribution,6,15,0.9979140608518376,0.35,0.4667078088497679,0.7142857142857143,0.7142857142857143,10,10,0.7142857142857143,0.04496245505288243,0.9074074074074073,0.611111111111111,0.8333333333333334,6
graph,0,2026-10-07T09:40:32,nodeGcor1,3.11.9,unknown,13158094,694,3,0,0.5817356705665588,random,attribution,6,15,0.9979140608518376,0.44,0.2658725282960701,0.26242424242424245,0.0,10,10,0.2,8.556060492992401e-06,0.5925925925925926,0.5925925925925926,0.5,6
graph,0,2026-10-07T09:40:32,nodeGcor1,3.11.9,unknown,13158094,695,1,1,0.8342095017433167,gnnexplainer,attribution,6,38,0.0,1.0,0.4025104926516224,0.7142857142857143,0.7142857142857143,10,10,0.7142857142857143,0.42212932789698243,0.9895833333333334,0.9895833333333334,0.8333333333333334,6
graph,0,2026-10-07T09:40:32,nodeGcor1,3.11.9,unknown,13158094,695,1,1,0.8342095017433167,pgexplainer,attribution,6,38,0.0,1.0,0.8631144928595433,1.0,1.0,10,10,1.0,0.004057357087731361,1.0,1.0,1.0,6
graph,0,2026-10-07T09:40:32,nodeGcor1,3.11.9,unknown,13158094,695,1,1,0.8342095017433167,integrated_gradients,attribution,6,38,0.0,0.64,0.8416672784005063,1.0,0.7142857142857143,10,10,1.0,0.20123734278604388,0.9791666666666666,0.35416666666666663,0.8333333333333334,6
graph,0,2026-10-07T09:40:32,nodeGcor1,3.11.9,unknown,13158094,695,1,1,0.8342095017433167,lime,attribution,6,38,0.0,1.0,0.5893398810597786,1.0,1.0,10,10,1.0,0.04567423602566123,0.96875,0.35416666666666663,0.8333333333333334,6
graph,0,2026-10-07T09:40:32,nodeGcor1,3.11.9,unknown,13158094,695,1,1,0.8342095017433167,random,attribution,6,38,0.9952871464883297,0.69,0.3702493877505736,0.07636363636363637,0.0,10,10,0.0,2.271495759487152e-05,0.515625,0.515625,0.3333333333333333,6
graph,0,2026-10-07T09:40:32,nodeGcor1,3.11.9,unknown,13158094,698,2,3,0.6810904145240784,gnnexplainer,attribution,6,7,0.9053061744927561,1.0,0.15509166784647,1.0,1.0,10,10,1.0,0.40641152672469616,1.0,1.0,1.0,6
graph,0,2026-10-07T09:40:32,nodeGcor1,3.11.9,unknown,13158094,698,2,3,0.6810904145240784,pgexplainer,attribution,6,7,0.9053061744927561,1.0,0.0,1.0,1.0,10,10,1.0,0.0039035193622112274,0.5,0.5,1.0,6
graph,0,2026-10-07T09:40:32,nodeGcor1,3.11.9,unknown,13158094,698,2,3,0.6810904145240784,integrated_gradients,attribution,6,7,0.9053061910667402,1.0,0.367644817381537,0.7142857142857143,0.7142857142857143,10,10,1.0,0.19437645701691508,0.6666666666666666,0.8333333333333334,0.8333333333333334,6
graph,0,2026-10-07T09:40:32,nodeGcor1,3.11.9,unknown,13158094,698,2,3,0.6810904145240784,lime,attribution,6,7,0.9053061744927561,1.0,0.3664406106403081,1.0,1.0,10,10,1.0,0.04307789262384176,1.0,0.6666666666666666,1.0,6
graph,0,2026-10-07T09:40:32,nodeGcor1,3.11.9,unknown,13158094,698,2,3,0.6810904145240784,random,attribution,6,7,0.9053061910667402,1.0,0.4336307460243637,0.7714285714285716,0.7142857142857143,10,10,0.7142857142857143,2.0239967852830887e-05,1.0,1.0,1.0,6
