modality,seed,date,host,python,commit,slurm_job,instance,n_words,y_true,y_pred,p_pred,method,kind,k,d,fid_del,fid_suf,sparsity,stability,robustness,n_valid_stab,n_valid_rob,consistency,time_s,top_words
text,0,2026-10-05T13:51:05,nodeGcor3,3.11.9,unknown,13155630,61,65,0,0,0.9937708973884583,integrated_gradients,attribution,10,65,0.6085665802719882,0.65,0.6865350727901933,0.9666666666666666,0.6666666666666666,10,10,1.0,0.10408389801159501,"movie|bad|this.|movie,|joke|funny.|movie,|just|vote|bottom"
text,0,2026-10-05T13:51:05,nodeGcor3,3.11.9,unknown,13155630,61,65,0,0,0.9937708973884583,lime,attribution,10,65,0.4718894811874903,0.79,0.6484441771220818,0.9174825174825175,0.5384615384615384,10,10,0.5384615384615384,0.18159052496775985,"never|a|movie|bad|as|this.|movie,|NOT|funny.|truly"
text,0,2026-10-05T13:51:05,nodeGcor3,3.11.9,unknown,13155630,61,65,0,0,0.9937708973884583,random,attribution,10,65,0.026743464424407577,0.37,0.31975284064337817,0.08245614035087719,0.0,10,10,0.17647058823529413,1.6404781490564346e-05,as|the|is|then|you|may|just|of|If|it
text,0,2026-10-05T13:51:05,nodeGcor3,3.11.9,unknown,13155630,303,128,1,1,0.5805898904800415,integrated_gradients,attribution,10,128,0.0,0.52,0.5790623063292933,1.0,0.8181818181818182,10,10,1.0,0.05556724779307842,"Unfortunately,|action.|this|were|great|plus|also.|never|been|Sad."
text,0,2026-10-05T13:51:05,nodeGcor3,3.11.9,unknown,13155630,303,128,1,1,0.5805898904800415,lime,attribution,10,128,0.0,0.33,0.5851730727985824,1.0,0.8181818181818182,10,10,0.5384615384615384,0.3470440050587058,"being|extremely|wonderful.|kind,|money.|Unfortunately,|great|also.|released.|Sad."
text,0,2026-10-05T13:51:05,nodeGcor3,3.11.9,unknown,13155630,303,128,1,1,0.5805898904800415,random,attribution,10,128,0.0076908372534900534,0.49,0.33292592044856695,0.044547643618851045,0.0,10,10,0.0,1.2263655662536621e-05,and|of|her|had|proposed|in|Her|was|a|anything
text,0,2026-10-05T13:51:05,nodeGcor3,3.11.9,unknown,13155630,715,156,1,1,0.9941574335098267,integrated_gradients,attribution,10,156,0.02832702827246928,0.63,0.7281442711665376,0.9064935064935066,0.6666666666666666,10,10,1.0,0.06571951508522034,an|excellent|excellent|is|an|exceptionally|strong|performance|by|film's
text,0,2026-10-05T13:51:05,nodeGcor3,3.11.9,unknown,13155630,715,156,1,1,0.9941574335098267,lime,attribution,10,156,0.05523204538540651,0.65,0.4205956731317083,0.9484848484848485,0.6666666666666666,10,10,0.5384615384615384,0.388119095005095,film|excellent|example|excellent|remembers|story.|exceptionally|strong|performance|likable
text,0,2026-10-05T13:51:05,nodeGcor3,3.11.9,unknown,13155630,715,156,1,1,0.9941574335098267,random,attribution,10,156,0.005411952160278248,0.48,0.351406377463783,0.03216374269005848,0.0,10,10,0.0,2.0816922187805176e-05,"film|what|can|line|physical|end,|what|good|become.|part"
text,0,2026-10-05T13:51:05,nodeGcor3,3.11.9,unknown,13155630,847,124,0,0,0.8088233470916748,integrated_gradients,attribution,10,124,0.654638121523347,0.49,0.5309645418469526,0.862937062937063,0.5384615384615384,10,10,1.0,0.06148104229941964,1970|this|Spaghetti|merit.|Westerns|The|worse|about|this|is
text,0,2026-10-05T13:51:05,nodeGcor3,3.11.9,unknown,13155630,847,124,0,0,0.8088233470916748,lime,attribution,10,124,0.5631720620283093,0.55,0.5515720268500842,1.0,0.5384615384615384,10,10,0.8181818181818182,0.2769466140307486,this|inferior|#Western|Spaghetti|Masterpieces|merit.|well.|worse|this|Casting.
text,0,2026-10-05T13:51:05,nodeGcor3,3.11.9,unknown,13155630,847,124,0,0,0.8088233470916748,random,attribution,10,124,0.06325662478249501,0.52,0.3443979866773893,0.04327485380116959,0.0,10,10,0.0,1.1791940778493881e-05,"I|was|Sturges|interpreted|by|Peckipahn's.|all|sergeant's|for|""puttana"""
text,0,2026-10-05T13:51:05,nodeGcor3,3.11.9,unknown,13155630,955,108,1,1,0.9813822507858276,integrated_gradients,attribution,10,108,0.2505476814807194,0.57,0.6063690112341961,0.8037878787878787,0.3333333333333333,10,10,1.0,0.055203668307513,"hillarious,|scenes|anyway!)|scenery|is|very|tranquil...until|Not|greatest|ever"
text,0,2026-10-05T13:51:05,nodeGcor3,3.11.9,unknown,13155630,955,108,1,1,0.9813822507858276,lime,attribution,10,108,0.4347303366405379,0.65,0.5046164424581321,0.9121212121212121,0.6666666666666666,10,10,0.6666666666666666,0.13398456713184714,"weekend)|it|absolutely|hillarious,|very|greatest|ever|renting|lucky,|it."
text,0,2026-10-05T13:51:05,nodeGcor3,3.11.9,unknown,13155630,955,108,1,1,0.9813822507858276,random,attribution,10,108,0.03749305642525276,0.46,0.37346049565512884,0.03742690058479532,0.0,10,10,0.0,1.1236872524023056e-05,(last|some|laughing|cool|is|the|made|think|much|as
text,0,2026-10-05T13:51:05,nodeGcor3,3.11.9,unknown,13155630,1170,202,1,1,0.9835180044174194,integrated_gradients,attribution,10,202,0.07427639104149195,0.63,0.665951750770112,0.9636363636363636,0.8181818181818182,10,10,1.0,0.08294330909848213,"basically|thriller|very|well.|scene|well|performances|really|good,|entertainment"
text,0,2026-10-05T13:51:05,nodeGcor3,3.11.9,unknown,13155630,1170,202,1,1,0.9835180044174194,lime,attribution,10,202,0.5422436474490103,0.62,0.5144653289230315,0.890909090909091,0.6666666666666666,10,10,0.6666666666666666,0.29957761615514755,"thriller|well.|well|refreshing|performances|good,|it|it|delivers|pure"
text,0,2026-10-05T13:51:05,nodeGcor3,3.11.9,unknown,13155630,1170,202,1,1,0.9835180044174194,random,attribution,10,202,0.023620582261570332,0.5,0.3327637043887095,0.02631578947368421,0.0,10,10,0.0,1.444295048713684e-05,"from|i|the|others,|like|Da|purist|there|worry|it"
text,0,2026-10-05T13:51:05,nodeGcor3,3.11.9,unknown,13155630,1455,118,0,0,0.9812029004096985,integrated_gradients,attribution,10,118,0.6891852332784165,0.65,0.624368594109078,0.862937062937063,0.5384615384615384,10,10,1.0,0.05577805917710066,this|attempt|entertainment.|attempt|comes|across|thud|movie|palatable.|Sorry
text,0,2026-10-05T13:51:05,nodeGcor3,3.11.9,unknown,13155630,1455,118,0,0,0.9812029004096985,lime,attribution,10,118,0.5912148529087218,0.72,0.6006597390958499,0.8969696969696971,0.6666666666666666,10,10,0.6666666666666666,0.22139489790424705,this|noxious|entertainment.|attempt|quiet|thud|palatable.|Sorry|fish|politics).
text,0,2026-10-05T13:51:05,nodeGcor3,3.11.9,unknown,13155630,1455,118,0,0,0.9812029004096985,random,attribution,10,118,0.028374326997088358,0.5,0.37206747022224396,0.05438596491228069,0.0,10,10,0.0,1.1777039617300034e-05,would|be|self-flagellate|watch|playing|this|comes|you|referencing|of
text,0,2026-10-05T13:51:05,nodeGcor3,3.11.9,unknown,13155630,1814,181,0,0,0.9953363537788391,integrated_gradients,attribution,10,181,0.10199184105513555,0.63,0.619903794541203,0.9818181818181818,0.8181818181818182,10,10,1.0,0.06557180127128959,this?!!!!|crap|was|one|of|the|worst|films|ever|porn
text,0,2026-10-05T13:51:05,nodeGcor3,3.11.9,unknown,13155630,1814,181,0,0,0.9953363537788391,lime,attribution,10,181,0.5075478294383733,0.6,0.49773018821043646,0.8575757575757577,0.8181818181818182,10,10,0.3333333333333333,0.27430793223902583,5|just|bad|this?!!!!|This|crap|worst|less|some|spectacle
text,0,2026-10-05T13:51:05,nodeGcor3,3.11.9,unknown,13155630,1814,181,0,0,0.9953363537788391,random,attribution,10,181,0.0,0.46,0.3273217486420654,0.03742690058479532,0.0,10,10,0.0,1.543993130326271e-05,the|working|like|could|the|less|best|within|no|problems
text,0,2026-10-05T13:51:05,nodeGcor3,3.11.9,unknown,13155630,1842,94,0,0,0.9957848191261292,integrated_gradients,attribution,10,94,0.5007029600520085,0.88,0.6314466329521737,0.9090909090909092,0.8181818181818182,10,10,1.0,0.0384803400374949,movie|really|bad.|bad|cliche|cliche|worse|bad|poor|script
text,0,2026-10-05T13:51:05,nodeGcor3,3.11.9,unknown,13155630,1842,94,0,0,0.9957848191261292,lime,attribution,10,94,0.5456016303118482,0.94,0.5187548116784673,0.9454545454545455,0.6666666666666666,10,10,0.8181818181818182,0.18444187007844448,this.|movie|bad.|bad.|cliche|cliche|worse|bad|poor|script
text,0,2026-10-05T13:51:05,nodeGcor3,3.11.9,unknown,13155630,1842,94,0,0,0.9957848191261292,random,attribution,10,94,0.00995834135665903,0.58,0.33774131873910995,0.03216374269005848,0.0,10,10,0.1111111111111111,1.0460149496793747e-05,may|know|to|aligns|that|bad|be|laugh|might|Otherwise
text,0,2026-10-05T13:51:05,nodeGcor3,3.11.9,unknown,13155630,1865,52,1,1,0.9874235987663269,integrated_gradients,attribution,10,52,0.23437375782609177,0.73,0.5055175544627994,0.8939393939393939,0.6666666666666666,10,10,1.0,0.03347012400627136,"most|faithful|is|a|very|dynamic|film,|action|thriller.|scene"
text,0,2026-10-05T13:51:05,nodeGcor3,3.11.9,unknown,13155630,1865,52,1,1,0.9874235987663269,lime,attribution,10,52,0.1853486906094867,0.76,0.5274946249388252,0.8424242424242424,0.5384615384615384,10,10,0.6666666666666666,0.15000778622925282,"Branagh|few|most|faithful|is|a|very|dynamic|film,|almost"
text,0,2026-10-05T13:51:05,nodeGcor3,3.11.9,unknown,13155630,1865,52,1,1,0.9874235987663269,random,attribution,10,52,0.031181526695982953,0.58,0.3343174242938569,0.09108187134502925,0.0,10,10,0.25,1.53370201587677e-05,of|the|between|faithful|to|film|thriller.|of|won't|mind.
text,0,2026-10-05T13:51:05,nodeGcor3,3.11.9,unknown,13155630,2130,85,1,1,0.9748929738998413,integrated_gradients,attribution,10,85,0.6310349297107665,0.57,0.5632980205874217,0.9090909090909092,0.5384615384615384,10,10,1.0,0.047922397032380104,"Tsui)|This|film|the|best|years.|there're|Wait,|ORIENTAL|""culture""."
text,0,2026-10-05T13:51:05,nodeGcor3,3.11.9,unknown,13155630,2130,85,1,1,0.9748929738998413,lime,attribution,10,85,0.5119392039246784,0.56,0.5565891263506526,0.890909090909091,0.5384615384615384,10,10,0.5384615384615384,0.18575923098251224,"This|is|the|best|years.|scenese.|Wait,|mind|use|formula"
text,0,2026-10-05T13:51:05,nodeGcor3,3.11.9,unknown,13155630,2130,85,1,1,0.9748929738998413,random,attribution,10,85,0.06326819715590436,0.54,0.2803959608423606,0.0654970760233918,0.0,10,10,0.0,1.2104865163564682e-05,of|Xu|many|year|since|is|right|this|ORIENTAL|about
text,0,2026-10-05T13:51:05,nodeGcor3,3.11.9,unknown,13155630,2167,38,0,0,0.9870920181274414,integrated_gradients,attribution,10,38,0.4770931175673234,0.85,0.5180963105376599,0.8727272727272728,0.6666666666666666,10,10,1.0,0.026355617213994265,script|movie|hair-ball|dog.|Mostly|amateur|film|lame|fanatics:|Binks.
text,0,2026-10-05T13:51:05,nodeGcor3,3.11.9,unknown,13155630,2167,38,0,0,0.9870920181274414,lime,attribution,10,38,0.4831832748654401,0.84,0.5550478556589136,0.9121212121212121,0.8181818181818182,10,10,0.8181818181818182,0.14590770425274968,script|movie|hair-ball|coughed|dog.|Mostly|film|lame|FX.|fanatics:
text,0,2026-10-05T13:51:05,nodeGcor3,3.11.9,unknown,13155630,2167,38,0,0,0.9870920181274414,random,attribution,10,38,0.3142074806698479,0.51,0.33614869458987173,0.15918472652218782,0.0,10,10,0.17647058823529413,1.0659918189048767e-05,script|movie|in|up|really|old|an|film|with|one
text,0,2026-10-05T13:51:05,nodeGcor3,3.11.9,unknown,13155630,2171,106,0,0,0.9936979413032532,integrated_gradients,attribution,10,106,0.4668482141812802,0.66,0.649119475132144,0.9454545454545455,0.6666666666666666,10,10,1.0,0.055194560904055834,indifferently|worth|sink|swamp.|monster|movie|this|amateur|the|worst
text,0,2026-10-05T13:51:05,nodeGcor3,3.11.9,unknown,13155630,2171,106,0,0,0.9936979413032532,lime,attribution,10,106,0.7119154652389994,0.61,0.5629675771335394,0.9636363636363636,0.8181818181818182,10,10,0.8181818181818182,0.21107516810297966,"Dull,|minutes--it|indifferently|but|movie|this|amateur|Probably|worst|sequels--and"
text,0,2026-10-05T13:51:05,nodeGcor3,3.11.9,unknown,13155630,2171,106,0,0,0.9936979413032532,random,attribution,10,106,0.12102977029340818,0.58,0.3332335201804755,0.04269005847953216,0.0,10,10,0.17647058823529413,1.123594120144844e-05,"in|a|student|of|mummy!),|gets|rapidly|both|sink|worst"
text,0,2026-10-05T13:51:05,nodeGcor3,3.11.9,unknown,13155630,2405,154,0,0,0.9482024908065796,integrated_gradients,attribution,10,154,0.21535129245939735,0.48,0.556167442626623,0.9454545454545455,0.6666666666666666,10,10,1.0,0.0651609250344336,"music|performances;|Lunch...etc,|bad,|spontaneity,|doesn't|have|guess|its|balanced"
text,0,2026-10-05T13:51:05,nodeGcor3,3.11.9,unknown,13155630,2405,154,0,0,0.9482024908065796,lime,attribution,10,154,0.7905430269349174,0.57,0.5041051929879484,0.9090909090909092,0.5384615384615384,10,10,0.6666666666666666,0.3926308839581907,"some|performances;|good,|but|bland|or|bad,|doesn't|balanced|bad"
text,0,2026-10-05T13:51:05,nodeGcor3,3.11.9,unknown,13155630,2405,154,0,0,0.9482024908065796,random,attribution,10,154,0.5096061162929956,0.54,0.3519349154190061,0.0281733746130031,0.0,10,10,0.0,1.5011057257652283e-05,"Plastics,|bland|the|this|item.|Kerouac|doesn't|and|does|have"
text,0,2026-10-05T13:51:05,nodeGcor3,3.11.9,unknown,13155630,2413,113,0,0,0.9927250146865845,integrated_gradients,attribution,10,113,0.7609502087100684,0.79,0.6778725430683703,0.9454545454545455,0.6666666666666666,10,10,1.0,0.05581435700878501,"truly|awful,|disappointment.|movie|really|awful.|weren't|a|drama,|too"
text,0,2026-10-05T13:51:05,nodeGcor3,3.11.9,unknown,13155630,2413,113,0,0,0.9927250146865845,lime,attribution,10,113,0.8554005358819086,0.78,0.5141017134147194,0.9818181818181818,0.8181818181818182,10,10,0.3333333333333333,0.2584845498204231,"awful,|disappointment.|movie|awful.|on.|weren't|drama,|couldn't|too|minutes."
text,0,2026-10-05T13:51:05,nodeGcor3,3.11.9,unknown,13155630,2413,113,0,0,0.9927250146865845,random,attribution,10,113,0.01669458393740031,0.45,0.319515253999077,0.04912280701754386,0.0,10,10,0.0,1.2183096259832382e-05,movie|We've|waiting|sense.|29th|noticed|especially|she|disposed|66
text,0,2026-10-05T13:51:05,nodeGcor3,3.11.9,unknown,13155630,2420,134,1,1,0.9946150183677673,integrated_gradients,attribution,10,134,0.010857398010687564,0.65,0.6512091638053181,0.9272727272727274,0.8181818181818182,10,10,1.0,0.05535104498267174,drama|the|most|wonderful|performances|ever.|a|splendid|of|humanity
text,0,2026-10-05T13:51:05,nodeGcor3,3.11.9,unknown,13155630,2420,134,1,1,0.9946150183677673,lime,attribution,10,134,0.019258493698429142,0.6,0.4948231506462638,0.809090909090909,0.5384615384615384,10,10,0.3333333333333333,0.24095356417819858,this|wonderful|performances|you|splendid|great|treasure|surprise|order|enjoy
text,0,2026-10-05T13:51:05,nodeGcor3,3.11.9,unknown,13155630,2420,134,1,1,0.9946150183677673,random,attribution,10,134,0.0017736698509864433,0.52,0.30364990347864773,0.03216374269005848,0.0,10,10,0.05263157894736842,1.1831056326627731e-05,It|has|all|drama|generation|This|for|why|not|for
text,0,2026-10-05T13:51:05,nodeGcor3,3.11.9,unknown,13155630,2455,145,0,0,0.8510885834693909,integrated_gradients,attribution,10,145,0.6226707847251787,0.53,0.5346419919079923,0.9636363636363636,0.42857142857142855,10,10,1.0,0.060348507948219776,we|slasher|was|Years|Drugs|movie!|slasher|but|pointless|The
text,0,2026-10-05T13:51:05,nodeGcor3,3.11.9,unknown,13155630,2455,145,0,0,0.8510885834693909,lime,attribution,10,145,0.36919084156150156,0.44,0.5374582265727694,0.8447552447552449,0.5384615384615384,10,10,0.6666666666666666,0.37896026391536,and|from|really|good!|Nice|would|but|whole|pointless|The
text,0,2026-10-05T13:51:05,nodeGcor3,3.11.9,unknown,13155630,2455,145,0,0,0.8510885834693909,random,attribution,10,145,0.062342630526713655,0.51,0.35092967294120236,0.04454764361885105,0.0,10,10,0.05263157894736842,1.1070165783166885e-05,"phones|and|are|of|then|BLACK|axe|movie,|part|it"
text,0,2026-10-05T13:51:05,nodeGcor3,3.11.9,unknown,13155630,2517,161,0,0,0.9896718263626099,integrated_gradients,attribution,10,161,0.7541784364648917,0.51,0.574057601691127,1.0,0.8181818181818182,10,10,1.0,0.06628887495025992,"Director|too|VIDEODROME,|result|no|ugly|little|snailish|poorly|movie"
text,0,2026-10-05T13:51:05,nodeGcor3,3.11.9,unknown,13155630,2517,161,0,0,0.9896718263626099,lime,attribution,10,161,0.18580574078269865,0.6,0.5542869713852521,0.9818181818181818,0.8181818181818182,10,10,0.5384615384615384,0.4341430189087987,cash-grabber|result|dish|brilliant|Mastorakis's|moves|snailish|pace|poorly|directed.
text,0,2026-10-05T13:51:05,nodeGcor3,3.11.9,unknown,13155630,2517,161,0,0,0.9896718263626099,random,attribution,10,161,0.009073630604980577,0.45,0.34216413998790696,0.043859649122807015,0.0,10,10,0.0,1.2460630387067795e-05,"a|pics,|OF|DEATH's|cinematic|an|COULD|(sometimes|Mastorakis's|simply"
text,0,2026-10-05T13:51:05,nodeGcor3,3.11.9,unknown,13155630,2533,144,0,0,0.9362850189208984,integrated_gradients,attribution,10,144,0.8316165556507356,0.65,0.7045492505124302,0.9272727272727274,0.6666666666666666,10,10,1.0,0.061649785842746496,"disappointed.|reason?""|weak|final|excellent.|impressed..|only|audio.|The|substance."
text,0,2026-10-05T13:51:05,nodeGcor3,3.11.9,unknown,13155630,2533,144,0,0,0.9362850189208984,lime,attribution,10,144,0.8344366331946717,0.59,0.5787375171590305,0.8841491841491841,0.6666666666666666,10,10,0.6666666666666666,0.4028893983922899,"disappointed.|reason?""|weak|act.|mixing|excellent.|impressed..|only|audio.|substance."
text,0,2026-10-05T13:51:05,nodeGcor3,3.11.9,unknown,13155630,2533,144,0,0,0.9362850189208984,random,attribution,10,144,0.24171034645730247,0.46,0.34247903514478173,0.026900584795321637,0.0,10,10,0.0,1.2827105820178986e-05,"I|widowed|sons.|see,|thought,|better|act.|mixing|it|and"
text,0,2026-10-05T13:51:05,nodeGcor3,3.11.9,unknown,13155630,2669,132,0,0,0.9866748452186584,integrated_gradients,attribution,10,132,0.10544962964981092,0.6,0.5124361713561315,0.9666666666666666,0.6666666666666666,10,10,1.0,0.06442810781300068,"chilling,|grossly|intriguing|drama.|movie|was|neither.|didn't|writer/director|poorly"
text,0,2026-10-05T13:51:05,nodeGcor3,3.11.9,unknown,13155630,2669,132,0,0,0.9866748452186584,lime,attribution,10,132,0.09434362449336724,0.56,0.5281903004550662,0.8393939393939395,0.6666666666666666,10,10,0.42857142857142855,0.4071333520114422,"You|chilling,|grossly|intriguing|mellow,|drama.|right?|writer/director|poorly|side'"
text,0,2026-10-05T13:51:05,nodeGcor3,3.11.9,unknown,13155630,2669,132,0,0,0.9866748452186584,random,attribution,10,132,0.014505918541141695,0.55,0.31041956041979313,0.055073959408324734,0.0,10,10,0.0,2.649286761879921e-05,to|a|a|be|of|close|any|didn't|hell|droning
text,0,2026-10-05T13:51:05,nodeGcor3,3.11.9,unknown,13155630,2809,136,0,0,0.9965301156044006,integrated_gradients,attribution,10,136,0.13978406963430412,0.96,0.5372878587073469,0.8787878787878789,0.5384615384615384,10,10,1.0,0.06189988413825631,This|worse|worse.|Poorly|stopped|acting|script.|this|amateurish|mess.
text,0,2026-10-05T13:51:05,nodeGcor3,3.11.9,unknown,13155630,2809,136,0,0,0.9965301156044006,lime,attribution,10,136,0.44688064795258997,0.93,0.48546985742046556,1.0,0.8181818181818182,10,10,0.6666666666666666,0.25340649113059044,just|worse|worse.|Poorly|not|shines|script.|this|amateurish|mess.
text,0,2026-10-05T13:51:05,nodeGcor3,3.11.9,unknown,13155630,2809,136,0,0,0.9965301156044006,random,attribution,10,136,0.0018694298780172333,0.54,0.320035882043068,0.03216374269005848,0.0,10,10,0.0,1.2307893484830856e-05,"trying|the|you""|style|that|heads|Isn't|is|our|plug"
text,0,2026-10-05T13:51:05,nodeGcor3,3.11.9,unknown,13155630,2877,128,0,0,0.9780727028846741,integrated_gradients,attribution,10,128,0.5733889187600937,0.57,0.530191057840099,0.890909090909091,0.8181818181818182,10,10,1.0,0.05100651877000928,first|series|makes|themes|but|any|completely|film|degenerates|cliches
text,0,2026-10-05T13:51:05,nodeGcor3,3.11.9,unknown,13155630,2877,128,0,0,0.9780727028846741,lime,attribution,10,128,0.5251182299443299,0.5,0.545990495003131,0.8606060606060606,0.6666666666666666,10,10,0.5384615384615384,0.3428153838030994,first|series|nod|themes|any|society|film|degenerates|tired|cliches
text,0,2026-10-05T13:51:05,nodeGcor3,3.11.9,unknown,13155630,2877,128,0,0,0.9780727028846741,random,attribution,10,128,0.06920395382214406,0.58,0.3115712514769884,0.06745786033711731,0.0,10,10,0.0,1.1317897588014603e-05,brat|pretty|had|going|Tobias|on|also|completely|film|chases
text,0,2026-10-05T13:51:05,nodeGcor3,3.11.9,unknown,13155630,3010,125,1,1,0.984001636505127,integrated_gradients,attribution,10,125,0.6999700705223539,0.57,0.6220943187107875,1.0,0.8181818181818182,10,10,1.0,0.06564100692048669,"movie.|funny,|it's|it's|a|delightful|of|every|bad|but"
text,0,2026-10-05T13:51:05,nodeGcor3,3.11.9,unknown,13155630,3010,125,1,1,0.984001636505127,lime,attribution,10,125,0.8176236285502866,0.49,0.5821660233957362,0.9484848484848485,0.5384615384615384,10,10,0.6666666666666666,0.2439281172119081,"It's|funny,|quirky,|delightful|every|cliche|known|don't|ruin|but"
text,0,2026-10-05T13:51:05,nodeGcor3,3.11.9,unknown,13155630,3010,125,1,1,0.984001636505127,random,attribution,10,125,0.005708225572676113,0.52,0.3525895493853467,0.026900584795321637,0.0,10,10,0.0,1.1657830327749252e-05,"this|if|it|to|_Mystery|fun|Ben|Stiller,|by|somewhat"
text,0,2026-10-05T13:51:05,nodeGcor3,3.11.9,unknown,13155630,3025,122,1,1,0.9939730763435364,integrated_gradients,attribution,10,122,0.02240955484738309,0.69,0.6485592224414698,0.9636363636363636,0.8181818181818182,10,10,1.0,0.05546415690332651,It|is|a|passionate|and|deeply|moving|work|that|best
text,0,2026-10-05T13:51:05,nodeGcor3,3.11.9,unknown,13155630,3025,122,1,1,0.9939730763435364,lime,attribution,10,122,0.04151695891023927,0.59,0.4793122559402293,0.9484848484848485,0.6666666666666666,10,10,0.5384615384615384,0.14111557183787227,entranced|It|a|and|deeply|moving|work|that|all|great
text,0,2026-10-05T13:51:05,nodeGcor3,3.11.9,unknown,13155630,3025,122,1,1,0.9939730763435364,random,attribution,10,122,0.004347419099944285,0.47,0.3148854565106207,0.04327485380116959,0.0,10,10,0.0,2.370821312069893e-05,"passionate|some|film|vault|forever.|it|and|releases,|often|pieces"
text,0,2026-10-05T13:51:05,nodeGcor3,3.11.9,unknown,13155630,3141,139,1,1,0.9894090890884399,integrated_gradients,attribution,10,139,0.1303026651959423,0.49,0.6257086114147666,0.8704545454545455,0.5384615384615384,10,10,1.0,0.06190935894846916,amazed|i|this|is|of|best|ever|seen.|Mexico|must
text,0,2026-10-05T13:51:05,nodeGcor3,3.11.9,unknown,13155630,3141,139,1,1,0.9894090890884399,lime,attribution,10,139,0.2774708681510862,0.61,0.5167138855809278,0.8636363636363636,0.3333333333333333,10,10,0.6666666666666666,0.2560076708905399,amazed|this|one|best|i|ever|seen.|intense|see|this
text,0,2026-10-05T13:51:05,nodeGcor3,3.11.9,unknown,13155630,3141,139,1,1,0.9894090890884399,random,attribution,10,139,0.007163335347446584,0.57,0.32075389319434366,0.03216374269005848,0.0,10,10,0.1111111111111111,1.3264361768960953e-05,that|can|be|i|movie|on.|who's|and|away|catalyst.
text,0,2026-10-05T13:51:05,nodeGcor3,3.11.9,unknown,13155630,3570,197,1,1,0.9918910264968872,integrated_gradients,attribution,10,197,0.021042330557286538,0.55,0.5754774850820359,0.9356643356643357,0.6666666666666666,10,10,1.0,0.06693408777937293,quality|movie|so|striking|truly|best|a|searingly|that|heartily
text,0,2026-10-05T13:51:05,nodeGcor3,3.11.9,unknown,13155630,3570,197,1,1,0.9918910264968872,lime,attribution,10,197,0.042472734789681256,0.55,0.44946761360573073,0.8393939393939395,0.6666666666666666,10,10,0.5384615384615384,0.2939913743175566,so|striking|truly|good|the|although|best|searingly|painful|heartily
text,0,2026-10-05T13:51:05,nodeGcor3,3.11.9,unknown,13155630,3570,197,1,1,0.9918910264968872,random,attribution,10,197,0.006168136014474944,0.52,0.31669249454768433,0.05565875472996216,0.0,10,10,0.05263157894736842,1.2842006981372833e-05,be|it|sad|a|rest|how|not|work|searingly|to
text,0,2026-10-05T13:51:05,nodeGcor3,3.11.9,unknown,13155630,3730,119,0,0,0.9917484521865845,integrated_gradients,attribution,10,119,0.9029188321401969,0.75,0.58829743266234,0.8757575757575757,0.5384615384615384,10,10,1.0,0.053977212868630886,"This|terrible|only|film|Unutterably|dull,|drivel.|not|this|film!"
text,0,2026-10-05T13:51:05,nodeGcor3,3.11.9,unknown,13155630,3730,119,0,0,0.9917484521865845,lime,attribution,10,119,0.43081469083847385,0.78,0.5738550707365719,0.8787878787878787,0.6666666666666666,10,10,0.42857142857142855,0.21161395823583007,"a|truly|terrible|Unutterably|dull,|although|watching|drivel.|ironically?|not"
text,0,2026-10-05T13:51:05,nodeGcor3,3.11.9,unknown,13155630,3730,119,0,0,0.9917484521865845,random,attribution,10,119,0.010779036777821063,0.45,0.37908911434843695,0.04327485380116959,0.0,10,10,0.05263157894736842,1.1246651411056519e-05,their|watching|die|stars|and|I|I|5|last|Are
text,0,2026-10-05T13:51:05,nodeGcor3,3.11.9,unknown,13155630,4054,35,1,1,0.9882221817970276,integrated_gradients,attribution,10,35,0.4181405396759165,0.72,0.6158639406478992,0.8454545454545455,0.6666666666666666,10,10,1.0,0.02633680496364832,movie|try|and|attempting|realise|almost|I'd|you|Great|stuff!
text,0,2026-10-05T13:51:05,nodeGcor3,3.11.9,unknown,13155630,4054,35,1,1,0.9882221817970276,lime,attribution,10,35,0.5152362385693228,0.91,0.604775595603578,0.9303030303030303,0.5384615384615384,10,10,0.8181818181818182,0.13983327522873878,It's|this|movie|that|you|and|realise|too!|Great|stuff!
text,0,2026-10-05T13:51:05,nodeGcor3,3.11.9,unknown,13155630,4054,35,1,1,0.9882221817970276,random,attribution,10,35,0.44998476140914473,0.75,0.3064930987484592,0.14680082559339525,0.1111111111111111,10,10,0.17647058823529413,1.1797063052654266e-05,this|movie|By|the|air|like|and|would|Great|stuff!
text,0,2026-10-05T13:51:05,nodeGcor3,3.11.9,unknown,13155630,4207,77,0,0,0.9960699081420898,integrated_gradients,attribution,10,77,0.8774668891311737,0.94,0.6844945112581646,0.9454545454545455,0.6666666666666666,10,10,1.0,0.03831190103664994,"Very|dull,|laborious|caricatures|only|quality|novel's|setting|dud|bad"
text,0,2026-10-05T13:51:05,nodeGcor3,3.11.9,unknown,13155630,4207,77,0,0,0.9960699081420898,lime,attribution,10,77,0.9239798582155286,0.95,0.6330621791228865,0.9121212121212121,0.5384615384615384,10,10,0.6666666666666666,0.18099441891536117,"dull,|laborious|adaptation|caricatures|only|quality|setting|if|dud|bad"
text,0,2026-10-05T13:51:05,nodeGcor3,3.11.9,unknown,13155630,4207,77,0,0,0.9960699081420898,random,attribution,10,77,0.00473267158470207,0.4,0.314168027519515,0.10288097695218439,0.0,10,10,0.0,1.151813194155693e-05,Amis's|satire.|The|a|wit.|The|as|were|post-war|TV.
text,0,2026-10-05T13:51:05,nodeGcor3,3.11.9,unknown,13155630,4322,180,0,0,0.9949199557304382,integrated_gradients,attribution,10,180,0.633700978798989,0.59,0.6026470188599731,0.9303030303030303,0.42857142857142855,10,10,1.0,0.08265199698507786,"bad|scripts.|run""!|THIS|trash|light|It|unpleasant|humor,|strange"
text,0,2026-10-05T13:51:05,nodeGcor3,3.11.9,unknown,13155630,4322,180,0,0,0.9949199557304382,lime,attribution,10,180,0.39903098414826227,0.58,0.5429630727626733,0.9636363636363636,0.6666666666666666,10,10,0.42857142857142855,0.2978270738385618,"Mr.|bad|scripts.|and|writers|THIS|trash|unpleasant|humor,|of"
text,0,2026-10-05T13:51:05,nodeGcor3,3.11.9,unknown,13155630,4322,180,0,0,0.9949199557304382,random,attribution,10,180,0.0556766549123241,0.56,0.3618736280354714,0.03869969040247678,0.0,10,10,0.05263157894736842,1.1321157217025757e-05,"Kennedy|should|I've|ZERO|rating,|seems|execs|unpleasant|quite|in"
text,0,2026-10-05T13:51:05,nodeGcor3,3.11.9,unknown,13155630,4436,140,0,0,0.9924227595329285,integrated_gradients,attribution,10,140,0.273636342287859,0.7,0.6087756296100272,0.8939393939393939,0.8181818181818182,10,10,1.0,0.06595419580116868,uninteresting.|nothing|movie|interesting!!!|waste|waste|your|time!|quite|beautiful...
text,0,2026-10-05T13:51:05,nodeGcor3,3.11.9,unknown,13155630,4436,140,0,0,0.9924227595329285,lime,attribution,10,140,0.5086415743913952,0.65,0.49364414218775254,0.9818181818181818,0.6666666666666666,10,10,0.6666666666666666,0.2591181839816272,uninteresting.|filthy|film|nothing|movie|interesting!!!|waste|hype|waste|beautiful...
text,0,2026-10-05T13:51:05,nodeGcor3,3.11.9,unknown,13155630,4436,140,0,0,0.9924227595329285,random,attribution,10,140,0.006923085285239582,0.44,0.32930492889958707,0.044547643618851045,0.0,10,10,0.05263157894736842,1.1266209185123444e-05,is|get|that|the|something|these|Turner|strike|a|your
text,0,2026-10-05T13:51:05,nodeGcor3,3.11.9,unknown,13155630,4473,117,0,0,0.9939261078834534,integrated_gradients,attribution,10,117,0.11438891731747404,0.69,0.6170799058555918,0.9121212121212121,0.8181818181818182,10,10,1.0,0.05119471391662955,grade|movies|problem|extreme|wide|people|awfully|film|tedious|payoff
text,0,2026-10-05T13:51:05,nodeGcor3,3.11.9,unknown,13155630,4473,117,0,0,0.9939261078834534,lime,attribution,10,117,0.24906878809411254,0.75,0.5362086634329705,0.9090909090909092,0.6666666666666666,10,10,0.3333333333333333,0.2146602999418974,film|grade|not|amusing.|problem|of|awfully|film|tedious|gore
text,0,2026-10-05T13:51:05,nodeGcor3,3.11.9,unknown,13155630,4473,117,0,0,0.9939261078834534,random,attribution,10,117,0.006063334463347105,0.49,0.343052971962195,0.02631578947368421,0.0,10,10,0.1111111111111111,1.2133270502090454e-05,here|Africa|warn|who|not|concerns|visiting|house|and|-
text,0,2026-10-05T13:51:05,nodeGcor3,3.11.9,unknown,13155630,4620,69,0,0,0.8875949382781982,integrated_gradients,attribution,10,69,0.4097909178549834,0.58,0.5167133937336771,0.8242424242424242,0.6666666666666666,10,10,1.0,0.03828709525987506,"doesn't|look|this,|schtick.|this|Banzai!!!|this|Chill?|style.|Wooofff!"
text,0,2026-10-05T13:51:05,nodeGcor3,3.11.9,unknown,13155630,4620,69,0,0,0.8875949382781982,lime,attribution,10,69,0.35155310068138784,0.58,0.47879872390536904,0.787878787878788,0.5384615384615384,10,10,0.8181818181818182,0.0999258141964674,"Un-bleeping-believable!|doesn't|even|this,|her|acting|schtick.|directed|style.|Wooofff!"
text,0,2026-10-05T13:51:05,nodeGcor3,3.11.9,unknown,13155630,4620,69,0,0,0.8875949382781982,random,attribution,10,69,0.25320548032780327,0.53,0.3270916301278358,0.0654970760233918,0.0,10,10,0.05263157894736842,2.2251158952713013e-05,her|normally|acting|schtick.|Hard|Kline:|what|has|this|directed
text,0,2026-10-05T13:51:05,nodeGcor3,3.11.9,unknown,13155630,5162,51,1,1,0.9938787817955017,integrated_gradients,attribution,10,51,0.4221126258574535,0.81,0.6678270960811709,0.9454545454545455,0.5384615384615384,10,10,1.0,0.031945373862981796,movie|a|lasting|impression.|Great|but|a|great|movie|all
text,0,2026-10-05T13:51:05,nodeGcor3,3.11.9,unknown,13155630,5162,51,1,1,0.9938787817955017,lime,attribution,10,51,0.4697658145341404,0.75,0.5865018927949291,0.9484848484848485,0.6666666666666666,10,10,0.6666666666666666,0.14832769893109798,Saw|this|movie|left|lasting|impression.|Great|great|same.|DVD
text,0,2026-10-05T13:51:05,nodeGcor3,3.11.9,unknown,13155630,5162,51,1,1,0.9938787817955017,random,attribution,10,51,0.013417478489184606,0.53,0.3137364910659771,0.1026487788097695,0.05263157894736842,10,10,0.1111111111111111,1.0892283171415329e-05,this|it|out|left|of|little|but|only|once|time
text,0,2026-10-05T13:51:05,nodeGcor3,3.11.9,unknown,13155630,5334,167,1,1,0.9818405508995056,integrated_gradients,attribution,10,167,0.2091857539248171,0.61,0.5608362375110609,0.9121212121212121,0.25,10,10,1.0,0.0656698732636869,is|one|best|excellent|dialogue|chance|resounding|this|as|possible.
text,0,2026-10-05T13:51:05,nodeGcor3,3.11.9,unknown,13155630,5334,167,1,1,0.9818405508995056,lime,attribution,10,167,0.2354723928309586,0.52,0.47437604412946643,0.8575757575757577,0.8181818181818182,10,10,0.8181818181818182,0.19713711738586426,is|best|astonishing|gives|excellent|resounding|full|effect.|not|enough
text,0,2026-10-05T13:51:05,nodeGcor3,3.11.9,unknown,13155630,5334,167,1,1,0.9818405508995056,random,attribution,10,167,0.028565035251674132,0.52,0.352348008034038,0.021637426900584796,0.0,10,10,0.05263157894736842,1.1803116649389267e-05,available|would|with|Hartley|(Henry|and|scenes|devil.|of|comedies
text,0,2026-10-05T13:51:05,nodeGcor3,3.11.9,unknown,13155630,5359,143,1,1,0.9944234490394592,integrated_gradients,attribution,10,143,0.015153931778865988,0.57,0.6229683237827113,0.9454545454545455,0.6666666666666666,10,10,1.0,0.06170127494260669,"witty,|love|is--a|fun|audience.|the|best|highly|recommend|it"
text,0,2026-10-05T13:51:05,nodeGcor3,3.11.9,unknown,13155630,5359,143,1,1,0.9944234490394592,lime,attribution,10,143,0.007087954397528072,0.53,0.49838226251839135,0.9818181818181818,0.8181818181818182,10,10,0.42857142857142855,0.3714636620134115,I|humor.|but|it|fun|audience.|result|best|highly|it
text,0,2026-10-05T13:51:05,nodeGcor3,3.11.9,unknown,13155630,5359,143,1,1,0.9944234490394592,random,attribution,10,143,0.0001099878761592857,0.46,0.35166779848864627,0.038011695906432746,0.0,10,10,0.05263157894736842,1.2745149433612823e-05,watched|its|what|consider|of|shows|many|think|success|among
text,0,2026-10-05T13:51:05,nodeGcor3,3.11.9,unknown,13155630,5433,170,1,1,0.9811848998069763,integrated_gradients,attribution,10,170,0.051185881573370576,0.51,0.5619628455931414,0.8939393939393939,0.6666666666666666,10,10,1.0,0.06751945102587342,"couldn't|roles.|roles|testament|ability.|It|really|victory|masses,|golf"
text,0,2026-10-05T13:51:05,nodeGcor3,3.11.9,unknown,13155630,5433,170,1,1,0.9811848998069763,lime,attribution,10,170,0.22088866352872824,0.58,0.4663257642115133,0.8727272727272728,0.8181818181818182,10,10,0.6666666666666666,0.2837506760843098,ability.|really|movie.|privileged.|This|victory|opened|it|the|thank
text,0,2026-10-05T13:51:05,nodeGcor3,3.11.9,unknown,13155630,5433,170,1,1,0.9811848998069763,random,attribution,10,170,0.042457603174816276,0.58,0.3533090102547809,0.015789473684210527,0.0,10,10,0.1111111111111111,1.237727701663971e-05,a|that|watch|the|into|couldn't|been|ability.|but|(Peter
text,0,2026-10-05T13:51:05,nodeGcor3,3.11.9,unknown,13155630,5528,81,1,1,0.9948102235794067,integrated_gradients,attribution,10,81,0.02832551614587434,0.72,0.5839506018429383,0.9272727272727274,0.8181818181818182,10,10,1.0,0.03874179441481829,"film|warm|Very|well-acted|strong,|an|entertaining|and|intelligent|film"
text,0,2026-10-05T13:51:05,nodeGcor3,3.11.9,unknown,13155630,5528,81,1,1,0.9948102235794067,lime,attribution,10,81,0.013372920764144303,0.58,0.3968937708546042,0.9818181818181818,0.6666666666666666,10,10,0.3333333333333333,0.1060923826880753,warm|cry.|Very|well-acted|a|little|entertaining|and|film|But
text,0,2026-10-05T13:51:05,nodeGcor3,3.11.9,unknown,13155630,5528,81,1,1,0.9948102235794067,random,attribution,10,81,0.00859710873709553,0.39,0.36808186335641513,0.07690058479532164,0.0,10,10,0.1111111111111111,9.634997695684433e-06,"flawed|this|about|inaccuracies|will|well|well-acted|a|appropriate,|to"
text,0,2026-10-05T13:51:05,nodeGcor3,3.11.9,unknown,13155630,5673,170,1,1,0.922062337398529,integrated_gradients,attribution,10,170,0.847097676293545,0.57,0.5832534193653097,0.9303030303030303,0.5384615384615384,10,10,1.0,0.06575766624882817,"was|actually|funny.|basically|hilarious|humor,|find|you|truly:|mail.com"
text,0,2026-10-05T13:51:05,nodeGcor3,3.11.9,unknown,13155630,5673,170,1,1,0.922062337398529,lime,attribution,10,170,0.5339323367533011,0.49,0.5549695729022823,0.9454545454545455,0.6666666666666666,10,10,0.3333333333333333,0.28552958695217967,and|it|actually|funny.|basically|hilarious|find|old|you|love
text,0,2026-10-05T13:51:05,nodeGcor3,3.11.9,unknown,13155630,5673,170,1,1,0.922062337398529,random,attribution,10,170,0.12486535723296452,0.44,0.32340278878684436,0.021052631578947368,0.0,10,10,0.0,1.1206138879060745e-05,weird|a|her|but|will|book|a|understand|like|wanna
text,0,2026-10-05T13:51:05,nodeGcor3,3.11.9,unknown,13155630,5893,181,0,0,0.9552357196807861,integrated_gradients,attribution,10,181,0.31259813620150406,0.54,0.5760757120836852,0.8034632034632034,0.42857142857142855,10,10,1.0,0.08228982891887426,pay|way...)|but|couldn't|this|a|movie.|too|appreciate|despite
text,0,2026-10-05T13:51:05,nodeGcor3,3.11.9,unknown,13155630,5893,181,0,0,0.9552357196807861,lime,attribution,10,181,0.678891110529286,0.58,0.5030001193078735,0.9818181818181818,0.5384615384615384,10,10,0.5384615384615384,0.40707554295659065,didn't|pay|this|mess|movie.|appreciate|left|empty|appreciate|attempt
text,0,2026-10-05T13:51:05,nodeGcor3,3.11.9,unknown,13155630,5893,181,0,0,0.9552357196807861,random,attribution,10,181,0.025345503075090307,0.45,0.32778652548698595,0.038699690402476776,0.0,10,10,0.1111111111111111,1.284480094909668e-05,"like|of|and|was|as|be|better|a|seen|'extras',"
text,0,2026-10-05T13:51:05,nodeGcor3,3.11.9,unknown,13155630,6091,199,1,1,0.974190354347229,integrated_gradients,attribution,10,199,0.2870901252933609,0.64,0.5488820334626842,0.9090909090909092,0.5384615384615384,10,10,1.0,0.08207333041355014,Love|TV|show.|time|saw|It|touches|have|a|well.
text,0,2026-10-05T13:51:05,nodeGcor3,3.11.9,unknown,13155630,6091,199,1,1,0.974190354347229,lime,attribution,10,199,0.1321034823235787,0.64,0.5358537895430031,0.9484848484848485,0.6666666666666666,10,10,0.6666666666666666,0.40932527277618647,Love|the|show.|saw|it.|them.|It|touches|Why|etc....don't
text,0,2026-10-05T13:51:05,nodeGcor3,3.11.9,unknown,13155630,6091,199,1,1,0.974190354347229,random,attribution,10,199,0.038432833857535535,0.52,0.33999806894480766,0.027485380116959064,0.0,10,10,0.0,1.4382880181074142e-05,"it.|someone|the|want|is|but,|unhappy|a|you|want"
text,0,2026-10-05T13:51:05,nodeGcor3,3.11.9,unknown,13155630,6350,148,0,0,0.9925537705421448,integrated_gradients,attribution,10,148,0.2895845129759638,0.78,0.5949508315003921,1.0,0.8181818181818182,10,10,1.0,0.06551615102216601,"Dismal!|Awful!|Laughable!|Disappointing!|England,|too|much,|movie|its|Spoilers"
text,0,2026-10-05T13:51:05,nodeGcor3,3.11.9,unknown,13155630,6350,148,0,0,0.9925537705421448,lime,attribution,10,148,0.2366108947544689,0.81,0.5306204440523988,0.9818181818181818,0.8181818181818182,10,10,0.8181818181818182,0.2589331530034542,"Dismal!|Awful!|Laughable!|Disappointing!|Right,|15|movie|film|self.|Spoilers"
text,0,2026-10-05T13:51:05,nodeGcor3,3.11.9,unknown,13155630,6350,148,0,0,0.9925537705421448,random,attribution,10,148,0.009704071314159873,0.47,0.33248784182842384,0.03742690058479532,0.0,10,10,0.1111111111111111,1.1459924280643463e-05,"with|and|Woman|to|This|ironically,|deepest|the|good|Thanks"
text,0,2026-10-05T13:51:05,nodeGcor3,3.11.9,unknown,13155630,6445,152,0,0,0.9606574773788452,integrated_gradients,attribution,10,152,0.4849234275670686,0.54,0.49567420613457036,0.9666666666666666,0.6666666666666666,10,10,1.0,0.06477691791951656,"movie?|""horror""|soap|did|movie.|flick|even|flick|conspiring|kid."
text,0,2026-10-05T13:51:05,nodeGcor3,3.11.9,unknown,13155630,6445,152,0,0,0.9606574773788452,lime,attribution,10,152,0.5682174549632137,0.62,0.537727246891526,0.9818181818181818,0.5384615384615384,10,10,0.5384615384615384,0.30124886985868216,movie?|formulaic|posturing|even|but|then|aren't|even|original.|This
text,0,2026-10-05T13:51:05,nodeGcor3,3.11.9,unknown,13155630,6445,152,0,0,0.9606574773788452,random,attribution,10,152,0.022810224978870343,0.54,0.3017002861342394,0.01111111111111111,0.0,10,10,0.0,2.802116796374321e-05,"horror|see|you|been|us|because|not|for|seen|before,"
text,0,2026-10-05T13:51:05,nodeGcor3,3.11.9,unknown,13155630,6633,97,0,0,0.996563732624054,integrated_gradients,attribution,10,97,0.02968928916511883,0.88,0.5803527323793702,1.0,0.8181818181818182,10,10,1.0,0.050669892225414515,movie|bored|screen.|movie|nothing|director/writer|flicks|this|complete|waste
text,0,2026-10-05T13:51:05,nodeGcor3,3.11.9,unknown,13155630,6633,97,0,0,0.996563732624054,lime,attribution,10,97,0.013590425348984856,0.9,0.4763045924820911,0.9090909090909092,0.5384615384615384,10,10,0.3333333333333333,0.2051165639422834,bored|by|director/writer|pretentiousness.|for|I|this|complete|waste|time.
text,0,2026-10-05T13:51:05,nodeGcor3,3.11.9,unknown,13155630,6633,97,0,0,0.996563732624054,random,attribution,10,97,0.0005341048047601717,0.55,0.34530677476169447,0.04853801169590643,0.0,10,10,0.1111111111111111,1.1469703167676926e-05,"gotten|be|nothing|the|The|by|a|flicks|would|say,"
text,0,2026-10-05T13:51:05,nodeGcor3,3.11.9,unknown,13155630,6681,28,1,1,0.9858821630477905,integrated_gradients,attribution,10,28,0.5251576173279393,0.87,0.6348227872290466,0.7909090909090909,0.6666666666666666,10,10,1.0,0.024419655092060566,favorite|movie.|a|great|story|really|was.|but|does|possible.
text,0,2026-10-05T13:51:05,nodeGcor3,3.11.9,unknown,13155630,6681,28,1,1,0.9858821630477905,lime,attribution,10,28,0.5170031852064895,0.85,0.6042128791436578,0.8114219114219114,0.5384615384615384,10,10,0.8181818181818182,0.1327595873735845,favorite|movie.|What|great|story|really|was.|this|not|possible.
text,0,2026-10-05T13:51:05,nodeGcor3,3.11.9,unknown,13155630,6681,28,1,1,0.9858821630477905,random,attribution,10,28,0.1701047061889911,0.36,0.39509165781710665,0.22990196078431374,0.05263157894736842,10,10,0.25,1.0008923709392548e-05,What|story|I'd|just|be|able|to|a|seem|possible.
text,0,2026-10-05T13:51:05,nodeGcor3,3.11.9,unknown,13155630,6985,163,0,0,0.9835337996482849,integrated_gradients,attribution,10,163,0.2976675476861678,0.62,0.6568608207212253,0.9484848484848485,0.6666666666666666,10,10,1.0,0.06669173808768392,the|worst|movie|ever|made.|uncontrollable|always|This|this|truly
text,0,2026-10-05T13:51:05,nodeGcor3,3.11.9,unknown,13155630,6985,163,0,0,0.9835337996482849,lime,attribution,10,163,0.9235650031007289,0.49,0.586249539738264,0.9818181818181818,0.8181818181818182,10,10,1.0,0.3875264101661742,worst|movie|made.|uncontrollable|anyway?|lighting?|abominable|this|truly|special.
text,0,2026-10-05T13:51:05,nodeGcor3,3.11.9,unknown,13155630,6985,163,0,0,0.9835337996482849,random,attribution,10,163,0.023902186533522083,0.5,0.35618930866187215,0.047953216374269005,0.0,10,10,0.1111111111111111,1.2426171451807022e-05,is|ever|else's|out.|hurt|uncontrollable|Forces|junior.|actors|-
text,0,2026-10-05T13:51:05,nodeGcor3,3.11.9,unknown,13155630,7204,112,1,1,0.9891186952590942,integrated_gradients,attribution,10,112,0.18885029146126422,0.62,0.5296982631223538,0.9272727272727274,0.6666666666666666,10,10,1.0,0.04903044179081917,movie|special|very|touching.|love|great|performance|love|characters.|happy
text,0,2026-10-05T13:51:05,nodeGcor3,3.11.9,unknown,13155630,7204,112,1,1,0.9891186952590942,lime,attribution,10,112,0.1673271603428043,0.55,0.4862056753894751,0.8575757575757577,0.6666666666666666,10,10,0.8181818181818182,0.19931499380618334,This|movie|special|Anyway|but|touching.|this?|great|performance|characters.
text,0,2026-10-05T13:51:05,nodeGcor3,3.11.9,unknown,13155630,7204,112,1,1,0.9891186952590942,random,attribution,10,112,0.038348364877420195,0.55,0.33897606406867853,0.03216374269005848,0.0,10,10,0.0,1.1718831956386566e-05,This|of|time|I|met|of|our|performance|in|between
text,0,2026-10-05T13:51:05,nodeGcor3,3.11.9,unknown,13155630,7209,130,0,0,0.9927672147750854,integrated_gradients,attribution,10,130,0.22071948208049175,0.52,0.6215589826344017,0.9636363636363636,0.5384615384615384,10,10,1.0,0.06052417913451791,"Users,but|film|It|was|bad|""The|remade|,totaly|stripped|Mom"""
text,0,2026-10-05T13:51:05,nodeGcor3,3.11.9,unknown,13155630,7209,130,0,0,0.9927672147750854,lime,attribution,10,130,0.5288636378646087,0.67,0.5082471004194071,0.8939393939393939,0.8181818181818182,10,10,0.6666666666666666,0.2859000638127327,"totally|moronic.I|Users,but|no|It|bad|enough|,totaly|stripped|?,Mary"
text,0,2026-10-05T13:51:05,nodeGcor3,3.11.9,unknown,13155630,7209,130,0,0,0.9927672147750854,random,attribution,10,130,0.025510645796346872,0.51,0.31127954249570733,0.021052631578947368,0.0,10,10,0.1111111111111111,1.0740943253040314e-05,doesn't|broadminded|unable|ANY|in|in|leading|The|to|on
text,0,2026-10-05T13:51:05,nodeGcor3,3.11.9,unknown,13155630,7250,142,1,1,0.9941459894180298,integrated_gradients,attribution,10,142,0.10475141138540543,0.71,0.6422479585025112,0.9636363636363636,0.8181818181818182,10,10,1.0,0.06189852999523282,"film|gem,|is|one|of|the|best|films|a|wonderful"
text,0,2026-10-05T13:51:05,nodeGcor3,3.11.9,unknown,13155630,7250,142,1,1,0.9941459894180298,lime,attribution,10,142,0.13432872062728934,0.53,0.5289310219588014,0.8296037296037297,0.6666666666666666,10,10,0.3333333333333333,0.3781409179791808,"film|gem,|We|lot|one|best|films|ever|New|wonderful"
text,0,2026-10-05T13:51:05,nodeGcor3,3.11.9,unknown,13155630,7250,142,1,1,0.9941459894180298,random,attribution,10,142,0.003202529743686103,0.5,0.33293702127447933,0.0327485380116959,0.0,10,10,0.17647058823529413,1.2637116014957428e-05,good|the|members|at|little|naive.|is|like|a|you
text,0,2026-10-05T13:51:05,nodeGcor3,3.11.9,unknown,13155630,7370,138,1,1,0.9937950372695923,integrated_gradients,attribution,10,138,0.13331720757142307,0.66,0.6290709220404977,0.9484848484848485,0.8181818181818182,10,10,1.0,0.061506909783929586,so|rewarded|a|marvelous|an|amazing|cast|incredible|marvelous|highly
text,0,2026-10-05T13:51:05,nodeGcor3,3.11.9,unknown,13155630,7370,138,1,1,0.9937950372695923,lime,attribution,10,138,0.1110974230728585,0.55,0.5331892854601586,0.9484848484848485,0.6666666666666666,10,10,0.6666666666666666,0.36804791213944554,this|marvelous|excesses.|amazing|incredible|but|marvelous|highly|thoroughly|wonderful
text,0,2026-10-05T13:51:05,nodeGcor3,3.11.9,unknown,13155630,7370,138,1,1,0.9937950372695923,random,attribution,10,138,0.003412679838931108,0.38,0.30344246434040245,0.03684210526315789,0.0,10,10,0.0,1.173466444015503e-05,"for|insecurities,|But|and|How|someone|but|I|throw|and"
text,0,2026-10-05T13:51:05,nodeGcor3,3.11.9,unknown,13155630,7421,184,0,0,0.9967963099479675,integrated_gradients,attribution,10,184,0.0027854870045786557,0.68,0.56765203051254,1.0,0.8181818181818182,10,10,1.0,0.08221862511709332,"movie|the|worst|movie|ever|movie!PLEASE|MOVIE.|*******|movie,|movie"
text,0,2026-10-05T13:51:05,nodeGcor3,3.11.9,unknown,13155630,7421,184,0,0,0.9967963099479675,lime,attribution,10,184,0.025639958508603507,0.63,0.42626321438240655,0.8272727272727272,0.5384615384615384,10,10,0.25,0.2514214916154742,"worst|planet,|this|will|sucks?|college|acting|horrible|this|just"
text,0,2026-10-05T13:51:05,nodeGcor3,3.11.9,unknown,13155630,7421,184,0,0,0.9967963099479675,random,attribution,10,184,0.00047627683900712694,0.58,0.3492034206599497,0.026900584795321637,0.0,10,10,0.05263157894736842,1.112883910536766e-05,"movie|than|movie|over|.1|sucked,|she|at|WAIT|and"
text,0,2026-10-05T13:51:05,nodeGcor3,3.11.9,unknown,13155630,7516,144,0,0,0.9783847332000732,integrated_gradients,attribution,10,144,0.6696938854086478,0.64,0.6014729616072536,0.9636363636363636,0.6666666666666666,10,10,1.0,0.0614763367921114,best|slow-moving|attempt|favourite|best|script|rest|down|badly.|stars
text,0,2026-10-05T13:51:05,nodeGcor3,3.11.9,unknown,13155630,7516,144,0,0,0.9783847332000732,lime,attribution,10,144,0.6986628100933732,0.66,0.5205562188216855,0.9454545454545455,0.6666666666666666,10,10,0.6666666666666666,0.33514517033472657,"if|slow-moving|attempt|favourite|wasted)|script|cast,|badly.|stars|go."
text,0,2026-10-05T13:51:05,nodeGcor3,3.11.9,unknown,13155630,7516,144,0,0,0.9783847332000732,random,attribution,10,144,0.12647634065633878,0.59,0.3502894962067963,0.031578947368421054,0.0,10,10,0.05263157894736842,2.521788701415062e-05,have|just|this|was|some|of|the|badly.|first|the
text,0,2026-10-05T13:51:05,nodeGcor3,3.11.9,unknown,13155630,7548,122,1,1,0.940078616142273,integrated_gradients,attribution,10,122,0.11815030298818748,0.5,0.5675695511036195,0.9484848484848485,0.5384615384615384,10,10,1.0,0.056880681309849024,mispronunciation|rather|less|than|Argentine|perspective|that|gives|film|flair
text,0,2026-10-05T13:51:05,nodeGcor3,3.11.9,unknown,13155630,7548,122,1,1,0.940078616142273,lime,attribution,10,122,0.18042516368666253,0.53,0.5136532257780666,0.8606060606060606,0.42857142857142855,10,10,0.8181818181818182,0.22993710590526462,mispronunciation|less|creates|fish-eyed|perspective|gives|a|flair|and|intimacy.
text,0,2026-10-05T13:51:05,nodeGcor3,3.11.9,unknown,13155630,7548,122,1,1,0.940078616142273,random,attribution,10,122,0.08705081986941081,0.53,0.33306954074436435,0.03216374269005848,0.0,10,10,0.0,1.2121163308620453e-05,the|himself|off|soon|people.|ultimate|commencing|the|perspective|gives
text,0,2026-10-05T13:51:05,nodeGcor3,3.11.9,unknown,13155630,7672,141,1,1,0.9647224545478821,integrated_gradients,attribution,10,141,0.08625222168408148,0.62,0.6420574775409221,0.8424242424242424,0.3333333333333333,10,10,1.0,0.06202792329713702,greatness.|poor|that|but|moments.|breathtaking|stuff|worth|movie|maestro..Peace.
text,0,2026-10-05T13:51:05,nodeGcor3,3.11.9,unknown,13155630,7672,141,1,1,0.9647224545478821,lime,attribution,10,141,0.16011719729135415,0.47,0.5337720949653727,0.9818181818181818,0.8181818181818182,10,10,0.8181818181818182,0.29065693309530616,greatness.|poor|script|that|but|moments.|breathtaking|worth|it.|enjoy
text,0,2026-10-05T13:51:05,nodeGcor3,3.11.9,unknown,13155630,7672,141,1,1,0.9647224545478821,random,attribution,10,141,0.06901423305028119,0.52,0.3712715789371095,0.02222222222222222,0.0,10,10,0.0,9.950250387191772e-06,"any|human,|you|you|of|a|deserved|for|He|enjoy"
text,0,2026-10-05T13:51:05,nodeGcor3,3.11.9,unknown,13155630,7803,156,1,1,0.991455614566803,integrated_gradients,attribution,10,156,0.06069900170525611,0.7,0.5715418706332184,0.9636363636363636,0.8181818181818182,10,10,1.0,0.06154075590893626,enjoyed|this|movie|lot.|movie|realistic|enjoyed|love|love|happiness.
text,0,2026-10-05T13:51:05,nodeGcor3,3.11.9,unknown,13155630,7803,156,1,1,0.991455614566803,lime,attribution,10,156,0.06741199354449492,0.57,0.5137748849476667,0.9121212121212121,0.6666666666666666,10,10,0.42857142857142855,0.21443659672513604,enjoyed|this|realistic|and|was|love|Throughout|life|recommend|mature
text,0,2026-10-05T13:51:05,nodeGcor3,3.11.9,unknown,13155630,7803,156,1,1,0.991455614566803,random,attribution,10,156,0.01409756541850015,0.56,0.3535277626908059,0.05438596491228069,0.0,10,10,0.0,1.2859702110290527e-05,this|a|plot|always|when|given|she|her|possible.|movie
text,0,2026-10-05T13:51:05,nodeGcor3,3.11.9,unknown,13155630,7836,123,0,0,0.9950562715530396,integrated_gradients,attribution,10,123,0.005391129916760681,0.76,0.570202995663176,0.9818181818181818,0.6666666666666666,10,10,1.0,0.0570876719430089,"hated|it.|It|stupid|unrealistic,|this|ridiculously|project.|video|store"
text,0,2026-10-05T13:51:05,nodeGcor3,3.11.9,unknown,13155630,7836,123,0,0,0.9950562715530396,lime,attribution,10,123,0.2542183026347836,0.72,0.43480805690994107,0.8636363636363636,0.8181818181818182,10,10,0.42857142857142855,0.22494229627773166,"hated|stupid|unrealistic,|ridiculously|excellent|sucked|anyone|movie|horrible!|Horrible!"
text,0,2026-10-05T13:51:05,nodeGcor3,3.11.9,unknown,13155630,7836,123,0,0,0.9950562715530396,random,attribution,10,123,0.00027770000660106575,0.43,0.3428232839473576,0.055073959408324734,0.0,10,10,0.05263157894736842,1.1560972779989243e-05,of|absurd|Christina|anyone|this|the|is|too|stupid|pontificate
text,0,2026-10-05T13:51:05,nodeGcor3,3.11.9,unknown,13155630,7976,107,1,1,0.9909622073173523,integrated_gradients,attribution,10,107,0.0876956103865686,0.71,0.6317898953707177,0.890909090909091,0.6666666666666666,10,10,1.0,0.05098937312141061,enjoyed|the|action|gunfights|characters.|no|but|definitely|entertaining.|anyway?
text,0,2026-10-05T13:51:05,nodeGcor3,3.11.9,unknown,13155630,7976,107,1,1,0.9909622073173523,lime,attribution,10,107,0.19295072107829936,0.65,0.5005937234782898,0.8575757575757577,0.6666666666666666,10,10,0.5384615384615384,0.2059454219415784,"movie|enjoyed|the|gunfights|colorful|no|winner,|but|definitely|entertaining."
text,0,2026-10-05T13:51:05,nodeGcor3,3.11.9,unknown,13155630,7976,107,1,1,0.9909622073173523,random,attribution,10,107,0.006993076394836465,0.46,0.33110508725406784,0.06033711730306157,0.0,10,10,0.1111111111111111,1.3150274753570557e-05,I|gunfights|acting|colorful|(|likes|to|Robert|in|that
text,0,2026-10-05T13:51:05,nodeGcor3,3.11.9,unknown,13155630,8016,177,0,0,0.9963071346282959,integrated_gradients,attribution,10,177,0.008462207587557717,0.63,0.5635824827840744,0.9090909090909092,0.6666666666666666,10,10,1.0,0.08311443775892258,movie?|makes|no|sense|whatsoever.|writer/director|not|a|interesting|and
text,0,2026-10-05T13:51:05,nodeGcor3,3.11.9,unknown,13155630,8016,177,0,0,0.9963071346282959,lime,attribution,10,177,0.09081916763484385,0.63,0.48156746891158686,0.890909090909091,0.6666666666666666,10,10,0.25,0.32618958270177245,"director|This|sense|not|bad|trip|it|foul.|Yes,|awful!"
text,0,2026-10-05T13:51:05,nodeGcor3,3.11.9,unknown,13155630,8016,177,0,0,0.9963071346282959,random,attribution,10,177,0.004819727602203017,0.55,0.3340574086934469,0.03216374269005848,0.0,10,10,0.0,1.1742115020751953e-05,the|makes|This|interesting|a|have|all|worked|in|awful!
text,0,2026-10-05T13:51:05,nodeGcor3,3.11.9,unknown,13155630,8066,81,1,1,0.9900828003883362,integrated_gradients,attribution,10,81,0.439069732384884,0.78,0.5820683270546673,0.9818181818181818,0.6666666666666666,10,10,1.0,0.03718315530568361,good|movie!|very|good|movie|perfect|movie|a|good|one!
text,0,2026-10-05T13:51:05,nodeGcor3,3.11.9,unknown,13155630,8066,81,1,1,0.9900828003883362,lime,attribution,10,81,0.44329023114012406,0.64,0.5600420832327025,0.9121212121212121,0.5384615384615384,10,10,0.8181818181818182,0.17179635632783175,Outrage|good|movie!|perfect|true|do?|this|it|its|good
text,0,2026-10-05T13:51:05,nodeGcor3,3.11.9,unknown,13155630,8066,81,1,1,0.9900828003883362,random,attribution,10,81,0.008769758867601642,0.59,0.3228284465217277,0.060921912624698996,0.0,10,10,0.0,1.0794028639793396e-05,is|pretty|the|to|a|can|why|do|picked|see
text,0,2026-10-05T13:51:05,nodeGcor3,3.11.9,unknown,13155630,8433,116,1,1,0.9942920207977295,integrated_gradients,attribution,10,116,0.022294222349469338,0.68,0.6780611009937748,0.9484848484848485,0.5384615384615384,10,10,1.0,0.055561363697052,"is|an|extraordinary|film.|drama,|film|highlights|one|the|best"
text,0,2026-10-05T13:51:05,nodeGcor3,3.11.9,unknown,13155630,8433,116,1,1,0.9942920207977295,lime,attribution,10,116,0.28762028629162495,0.67,0.5358325984032548,1.0,0.6666666666666666,10,10,0.42857142857142855,0.14458979573100805,"extraordinary|drama,|compelling,|highlights|well|paced,|of|the|best|documentaries"
text,0,2026-10-05T13:51:05,nodeGcor3,3.11.9,unknown,13155630,8433,116,1,1,0.9942920207977295,random,attribution,10,116,0.0018064374731887847,0.58,0.3215740855672793,0.04853801169590643,0.0,10,10,0.05263157894736842,2.246210351586342e-05,"an|For|system|innocence,|is|beyond|man|or|right|The"
text,0,2026-10-05T13:51:05,nodeGcor3,3.11.9,unknown,13155630,8683,177,0,0,0.9879462122917175,integrated_gradients,attribution,10,177,0.33672418566602796,0.68,0.578694971031305,0.9454545454545455,0.8181818181818182,10,10,1.0,0.06701760413125157,movie|nothing|movie-watching|movies|utter|rubbish.|Whatever|slight|simply|bothered
text,0,2026-10-05T13:51:05,nodeGcor3,3.11.9,unknown,13155630,8683,177,0,0,0.9879462122917175,lime,attribution,10,177,0.44309518915459783,0.54,0.5215881254012285,0.9636363636363636,0.6666666666666666,10,10,0.42857142857142855,0.40115470299497247,"subjected|this|nothing|discrimination,|""action"".|rubbish.|development?|dialogue?|simply|be"
text,0,2026-10-05T13:51:05,nodeGcor3,3.11.9,unknown,13155630,8683,177,0,0,0.9879462122917175,random,attribution,10,177,0.023947047439614885,0.51,0.3289042291431167,0.021637426900584796,0.0,10,10,0.1111111111111111,1.11311674118042e-05,"Arthur"",|""entertainment""|development?|when|realistic|the|even|slight|to|only"
text,0,2026-10-05T13:51:05,nodeGcor3,3.11.9,unknown,13155630,8710,52,0,0,0.9848837852478027,integrated_gradients,attribution,10,52,0.6824095560727415,0.48,0.5933649974473605,0.8727272727272728,0.3333333333333333,10,10,1.0,0.0345762986689806,not|film.|brilliant|film|theorist|frustrating.|pity|his|excellent|actors.
text,0,2026-10-05T13:51:05,nodeGcor3,3.11.9,unknown,13155630,8710,52,0,0,0.9848837852478027,lime,attribution,10,52,0.7708638452328329,0.58,0.5720931266913283,0.9272727272727274,0.42857142857142855,10,10,0.6666666666666666,0.15307015785947442,not|make|should|brilliant|theorist|frustrating.|pity|his|excellent|actors.
text,0,2026-10-05T13:51:05,nodeGcor3,3.11.9,unknown,13155630,8710,52,0,0,0.9848837852478027,random,attribution,10,52,0.4507623879724089,0.53,0.28505404256678435,0.09425524595803234,0.05263157894736842,10,10,0.05263157894736842,1.0852236300706863e-05,The|'signifie'|not|Pascal|as|the|take|pity|leading|actors.
text,0,2026-10-05T13:51:05,nodeGcor3,3.11.9,unknown,13155630,8862,166,1,1,0.9946358799934387,integrated_gradients,attribution,10,166,0.009216873198958652,0.58,0.5689211591847472,0.8545454545454547,0.5384615384615384,10,10,1.0,0.06571982800960541,dashingly|fun|entertaining.|movie|is|not|lot|more|wonderful|wonderful
text,0,2026-10-05T13:51:05,nodeGcor3,3.11.9,unknown,13155630,8862,166,1,1,0.9946358799934387,lime,attribution,10,166,0.006379911909838073,0.63,0.4344935883113463,0.890909090909091,0.5384615384615384,10,10,0.25,0.39035706920549273,dashingly|adoring|entertaining.|beautifully.|this|even|wonderful|is|fun!|others.
text,0,2026-10-05T13:51:05,nodeGcor3,3.11.9,unknown,13155630,8862,166,1,1,0.9946358799934387,random,attribution,10,166,0.003605932947133618,0.49,0.3284463663220607,0.02222222222222222,0.0,10,10,0.05263157894736842,1.1305324733257294e-05,dashingly|Jack|Wild|movie|movie|is|not|would|when|to
text,0,2026-10-05T13:51:05,nodeGcor3,3.11.9,unknown,13155630,8897,212,1,1,0.9896518588066101,integrated_gradients,attribution,10,212,0.10194811331010505,0.58,0.6383174819582099,0.9818181818181818,0.8181818181818182,10,10,1.0,0.08510448411107063,an|interesting|movie|and|very|brilliant|its|strong|characterisation|brilliant
text,0,2026-10-05T13:51:05,nodeGcor3,3.11.9,unknown,13155630,8897,212,1,1,0.9896518588066101,lime,attribution,10,212,0.011156614621537265,0.55,0.44452443610239945,0.862937062937063,0.5384615384615384,10,10,0.5384615384615384,0.3988517317920923,and|brilliant|story|brilliant|this|so|sex?|where|movie|fails.
text,0,2026-10-05T13:51:05,nodeGcor3,3.11.9,unknown,13155630,8897,212,1,1,0.9896518588066101,random,attribution,10,212,0.0044836051548570515,0.5,0.3525086851788879,0.038011695906432746,0.0,10,10,0.05263157894736842,1.1733733117580414e-05,Soap|at|The|is|so|You|one|love|is|post
text,0,2026-10-05T13:51:05,nodeGcor3,3.11.9,unknown,13155630,8951,136,0,0,0.9688266515731812,integrated_gradients,attribution,10,136,0.5650991798188457,0.54,0.6098338996946829,0.9090909090909092,0.6666666666666666,10,10,1.0,0.05612435983493924,worst|I|crappy|trash|okay|really|worth|but|the|best
text,0,2026-10-05T13:51:05,nodeGcor3,3.11.9,unknown,13155630,8951,136,0,0,0.9688266515731812,lime,attribution,10,136,0.42264805914330894,0.55,0.5178701728375238,0.9303030303030303,0.3333333333333333,10,10,0.3333333333333333,0.2384493020363152,worst|absolutely|crappy|okay|and|really|worth|but|best|film
text,0,2026-10-05T13:51:05,nodeGcor3,3.11.9,unknown,13155630,8951,136,0,0,0.9688266515731812,random,attribution,10,136,0.0,0.47,0.3500055556743127,0.06150670794633641,0.0,10,10,0.0,1.0634306818246841e-05,I|is|and|some|quality|okay|really|is|far|best
text,0,2026-10-05T13:51:05,nodeGcor3,3.11.9,unknown,13155630,9024,152,1,1,0.9948803186416626,integrated_gradients,attribution,10,152,0.005854898731208948,0.68,0.6454428004781373,0.9454545454545455,0.6666666666666666,10,10,1.0,0.06593838287517428,best|ever|great|It's|a|great|interest|story|that|superb
text,0,2026-10-05T13:51:05,nodeGcor3,3.11.9,unknown,13155630,9024,152,1,1,0.9948803186416626,lime,attribution,10,152,0.007592987541669857,0.62,0.39481112561177967,0.9121212121212121,0.8181818181818182,10,10,0.3333333333333333,0.3040430140681565,best|great|that|are|superb|wonderful|brilliant|This|one|on
text,0,2026-10-05T13:51:05,nodeGcor3,3.11.9,unknown,13155630,9024,152,1,1,0.9948803186416626,random,attribution,10,152,0.0017530067420663265,0.51,0.31593879966794836,0.04327485380116959,0.0,10,10,0.0,1.0620802640914917e-05,"because|great|on|superb|source|last|through|my|It|future,"
text,0,2026-10-05T13:51:05,nodeGcor3,3.11.9,unknown,13155630,9093,127,0,0,0.9734938144683838,integrated_gradients,attribution,10,127,0.5904151571013309,0.78,0.5074114308002234,0.9272727272727274,0.42857142857142855,10,10,1.0,0.06461859913542867,Filmes|Story..|Actress..|Bad|Action..|Awful|Colors..|Movie...Simply:|Great|Need
text,0,2026-10-05T13:51:05,nodeGcor3,3.11.9,unknown,13155630,9093,127,0,0,0.9734938144683838,lime,attribution,10,127,0.5325782935097079,0.71,0.4932688150697563,0.9303030303030303,0.6666666666666666,10,10,0.8181818181818182,0.2058492968790233,this|Actress..|Bad|Action..|Awful|If|great|Have|Great|Great
text,0,2026-10-05T13:51:05,nodeGcor3,3.11.9,unknown,13155630,9093,127,0,0,0.9734938144683838,random,attribution,10,127,0.17196131937051218,0.45,0.3577436337791271,0.03216374269005848,0.0,10,10,0.05263157894736842,1.0922085493803024e-05,Even|Ta'Kohl|Frontal|Is|Dear|If|Egyptian|Ta'Kohl|AL|This
text,0,2026-10-05T13:51:05,nodeGcor3,3.11.9,unknown,13155630,9158,127,0,0,0.9968149065971375,integrated_gradients,attribution,10,127,0.039497478873513146,0.98,0.5444164563116078,0.9818181818181818,0.8181818181818182,10,10,1.0,0.05408620508387685,the|worst|movie|video|store.|awful.|movie|pathetic|waste|travesty
text,0,2026-10-05T13:51:05,nodeGcor3,3.11.9,unknown,13155630,9158,127,0,0,0.9968149065971375,lime,attribution,10,127,0.1716261527445373,0.83,0.4680758281624765,0.9818181818181818,0.6666666666666666,10,10,0.25,0.22032457310706377,worst|poorly|to|only|agreed|awful.|pathetic|others|travesty|0/10.
text,0,2026-10-05T13:51:05,nodeGcor3,3.11.9,unknown,13155630,9158,127,0,0,0.9968149065971375,random,attribution,10,127,0.0004601261385431133,0.47,0.3148508276129489,0.04912280701754386,0.0,10,10,0.0,1.2678094208240509e-05,DVD|store.|mentioning|by|and|still|only|joked|and|Rating
text,0,2026-10-05T13:51:05,nodeGcor3,3.11.9,unknown,13155630,9167,111,1,1,0.6938879489898682,integrated_gradients,attribution,10,111,0.13427590308746942,0.45,0.5778844992779222,0.8242424242424242,0.6666666666666666,10,10,1.0,0.05080022104084492,"go.|slow.|light|acting,|films.|cost,|very|a|must|see"
text,0,2026-10-05T13:51:05,nodeGcor3,3.11.9,unknown,13155630,9167,111,1,1,0.6938879489898682,lime,attribution,10,111,0.0,0.42,0.54446069878284,0.9090909090909092,0.8181818181818182,10,10,0.6666666666666666,0.20653128065168858,"not|slow.|bad|acting,|better|would|sexy|It's|a|must"
text,0,2026-10-05T13:51:05,nodeGcor3,3.11.9,unknown,13155630,9167,111,1,1,0.6938879489898682,random,attribution,10,111,0.04638161997569387,0.37,0.32315018374289606,0.05438596491228069,0.0,10,10,0.17647058823529413,1.1723954230546951e-05,"sexy|all|real,|in|on|light|ends|low|once|bed."
text,0,2026-10-05T13:51:05,nodeGcor3,3.11.9,unknown,13155630,9201,126,1,1,0.9928091764450073,integrated_gradients,attribution,10,126,0.02406719413007741,0.68,0.626235579828153,0.9272727272727274,0.5384615384615384,10,10,1.0,0.0573590868152678,"moments,|work.|story|is|and|highly|entertaining.|scene|very|today."
text,0,2026-10-05T13:51:05,nodeGcor3,3.11.9,unknown,13155630,9201,126,1,1,0.9928091764450073,lime,attribution,10,126,0.1927249865428509,0.62,0.5097262136650054,0.9818181818181818,0.6666666666666666,10,10,0.6666666666666666,0.2308272779919207,"moments,|story|highly|entertaining.|hilarious!|fun.|enjoy|it|today.|Fiend"
text,0,2026-10-05T13:51:05,nodeGcor3,3.11.9,unknown,13155630,9201,126,1,1,0.9928091764450073,random,attribution,10,126,0.0038879543896602024,0.49,0.33148716714477966,0.03402132782937737,0.0,10,10,0.05263157894736842,1.1849217116832733e-05,"expose|Piggy|which|Beyond|progressive,|Joan|go|there|same|much,"
text,0,2026-10-05T13:51:05,nodeGcor3,3.11.9,unknown,13155630,9223,200,1,1,0.9588085412979126,integrated_gradients,attribution,10,200,0.14829096952916854,0.46,0.5588720376009475,0.9818181818181818,0.6666666666666666,10,10,1.0,0.0820954442024231,shows|so|that|Greaves|struggles|exciting.|this|chaotic|failure.|process.
text,0,2026-10-05T13:51:05,nodeGcor3,3.11.9,unknown,13155630,9223,200,1,1,0.9588085412979126,lime,attribution,10,200,0.057543954925663325,0.42,0.5070451525984951,0.8757575757575757,0.6666666666666666,10,10,0.6666666666666666,0.41527090314775705,shows|that|impossible.|perspective.|exciting.|while|sees|a|confusing|failure.
text,0,2026-10-05T13:51:05,nodeGcor3,3.11.9,unknown,13155630,9223,200,1,1,0.9588085412979126,random,attribution,10,200,0.08313828962551484,0.43,0.3451965754611326,0.04912280701754386,0.0,10,10,0.0,1.2946315109729767e-05,"is|us|see|be|complex|and|the|as|as|choose,"
text,0,2026-10-05T13:51:05,nodeGcor3,3.11.9,unknown,13155630,9294,150,1,1,0.9905142784118652,integrated_gradients,attribution,10,150,0.713651228614246,0.67,0.6930309451206332,1.0,0.6666666666666666,10,10,1.0,0.06201593903824687,viewers|allegory|$|the|movie|and|found|it|incredibly|moving.
text,0,2026-10-05T13:51:05,nodeGcor3,3.11.9,unknown,13155630,9294,150,1,1,0.9905142784118652,lime,attribution,10,150,0.6951288633242172,0.76,0.6144376842174,0.9484848484848485,0.6666666666666666,10,10,0.5384615384615384,0.17964373901486397,viewers|ok|I|loved|the|movie|and|it|incredibly|moving.
text,0,2026-10-05T13:51:05,nodeGcor3,3.11.9,unknown,13155630,9294,150,1,1,0.9905142784118652,random,attribution,10,150,0.008581922138741486,0.53,0.31062430294395815,0.049810801513587896,0.0,10,10,0.0,1.3305805623531342e-05,SPOILER|get|it.|think|out.|tough|narration.|raising|him|loved
text,0,2026-10-05T13:51:05,nodeGcor3,3.11.9,unknown,13155630,9411,44,1,1,0.9939378499984741,integrated_gradients,attribution,10,44,0.156870764372424,0.86,0.4807178212606439,0.9303030303030303,0.5384615384615384,10,10,1.0,0.03364217095077038,"funniest|always|Hilarious|A|perfect|example|of|""musical|comedy"".|fondly."
text,0,2026-10-05T13:51:05,nodeGcor3,3.11.9,unknown,13155630,9411,44,1,1,0.9939378499984741,lime,attribution,10,44,0.18953105482231128,0.82,0.5016388325612251,0.8545454545454547,0.5384615384615384,10,10,0.5384615384615384,0.1498711109161377,"funniest|makes|Hilarious|sequences.|perfect|example|comedy"".|who|this|fondly."
text,0,2026-10-05T13:51:05,nodeGcor3,3.11.9,unknown,13155630,9411,44,1,1,0.9939378499984741,random,attribution,10,44,0.011282113710465226,0.62,0.34543390062937773,0.16993464052287582,0.0,10,10,0.17647058823529413,1.2872740626335144e-05,"without|the|it|me|""musical|like|knuckleheads|remember|one|fondly."
text,0,2026-10-05T13:51:05,nodeGcor3,3.11.9,unknown,13155630,9593,72,0,0,0.9942474365234375,integrated_gradients,attribution,10,72,0.6890309905385288,0.85,0.6211517864552427,0.9636363636363636,0.6666666666666666,10,10,1.0,0.04853277700021863,"bad....bad,bad,bad.|plot.|It's|painfully|dull|movie.|enjoy|films......but|film....I've|scrabble"
text,0,2026-10-05T13:51:05,nodeGcor3,3.11.9,unknown,13155630,9593,72,0,0,0.9942474365234375,lime,attribution,10,72,0.8344641659009117,0.9,0.5929485511079557,0.9121212121212121,0.6666666666666666,10,10,0.6666666666666666,0.1831523086875677,"I'm|Mr.Sandler|It|bad....bad,bad,bad.|plot.|painfully|dull|movie.|enjoy|scrabble"
text,0,2026-10-05T13:51:05,nodeGcor3,3.11.9,unknown,13155630,9593,72,0,0,0.9942474365234375,random,attribution,10,72,0.00789025451203978,0.47,0.3536024295490803,0.08533711730306157,0.05263157894736842,10,10,0.05263157894736842,1.2318603694438934e-05,this|It's|like|one.|on|Adam.|You|from|is|film....I've
text,0,2026-10-05T13:51:05,nodeGcor3,3.11.9,unknown,13155630,9827,147,1,1,0.9944773316383362,integrated_gradients,attribution,10,147,0.011636086799047336,0.56,0.5768391242044797,0.9818181818181818,0.8181818181818182,10,10,1.0,0.06471207598224282,"best|submitted).|hilarious.|solid,|solid.|most|convincing,|portrayals|wider|audience."
text,0,2026-10-05T13:51:05,nodeGcor3,3.11.9,unknown,13155630,9827,147,1,1,0.9944773316383362,lime,attribution,10,147,0.04394212110225735,0.59,0.44800444008415896,0.9454545454545455,0.8181818181818182,10,10,0.3333333333333333,0.3530302266590297,"hilarious.|solid,|solid.|It|convincing,|endearing|funny|portrayals|convoluted|without"
text,0,2026-10-05T13:51:05,nodeGcor3,3.11.9,unknown,13155630,9827,147,1,1,0.9944773316383362,random,attribution,10,147,0.0014564362826208013,0.46,0.33870166855739336,0.04269005847953216,0.0,10,10,0.05263157894736842,1.3833865523338318e-05,"best|B|is|have|this|features|being|chance,|see|to"
text,0,2026-10-05T13:51:05,nodeGcor3,3.11.9,unknown,13155630,10104,111,0,0,0.9963143467903137,integrated_gradients,attribution,10,111,0.008996863427761534,0.79,0.4823459627370653,0.8731601731601731,0.5384615384615384,10,10,1.0,0.05075374012812972,screenplay.|terribly|worse.|did|not|give|enough|movie|screenplay|miserably.
text,0,2026-10-05T13:51:05,nodeGcor3,3.11.9,unknown,13155630,10104,111,0,0,0.9963143467903137,lime,attribution,10,111,0.0355302101699028,0.81,0.40040199226396866,0.9454545454545455,0.5384615384615384,10,10,0.3333333333333333,0.2090755240060389,was|poorly|terribly|scenes.|worse.|enough|have|acting|failed|miserably.
text,0,2026-10-05T13:51:05,nodeGcor3,3.11.9,unknown,13155630,10104,111,0,0,0.9963143467903137,random,attribution,10,111,0.003057543229197109,0.49,0.36021291910384257,0.027485380116959064,0.0,10,10,0.1111111111111111,1.3828743249177933e-05,"ending|give|the|had,|better|give|this|I|better|made"
text,0,2026-10-05T13:51:05,nodeGcor3,3.11.9,unknown,13155630,10158,147,1,1,0.9923341274261475,integrated_gradients,attribution,10,147,0.0060171411368785035,0.6,0.5650598891824139,0.9538461538461538,0.8181818181818182,10,10,1.0,0.061202000826597214,very|depressing|movie.|remarkable|refuse|togetherness.|it|an|uplifting|film.
text,0,2026-10-05T13:51:05,nodeGcor3,3.11.9,unknown,13155630,10158,147,1,1,0.9923341274261475,lime,attribution,10,147,0.0032827977649056944,0.53,0.41372238215590085,0.9818181818181818,0.8181818181818182,10,10,0.42857142857142855,0.37269161781296134,"depressing|And|wrenching,|remarkable|sends.|refuse|uplifting|profoundly|film.|lucky"
text,0,2026-10-05T13:51:05,nodeGcor3,3.11.9,unknown,13155630,10158,147,1,1,0.9923341274261475,random,attribution,10,147,0.004658468661997126,0.59,0.33942822515394755,0.04853801169590643,0.0,10,10,0.0,1.3378914445638657e-05,"Closer|that|shows|dedication|moments|faith|make|will|survive,|this"
text,0,2026-10-05T13:51:05,nodeGcor3,3.11.9,unknown,13155630,10165,124,1,1,0.9951702952384949,integrated_gradients,attribution,10,124,0.0055050892757729656,0.66,0.5513216176897797,0.9356643356643357,0.5384615384615384,10,10,1.0,0.05601351009681821,possesses|a|vivid|style|Matsumoto's|great|storytelling.|a|highly|recommend
text,0,2026-10-05T13:51:05,nodeGcor3,3.11.9,unknown,13155630,10165,124,1,1,0.9951702952384949,lime,attribution,10,124,0.011597797748671599,0.62,0.44191000560979476,1.0,0.6666666666666666,10,10,0.42857142857142855,0.2280673999339342,Express|never|story|vivid|great|unique|classic|highly|recommend|this
text,0,2026-10-05T13:51:05,nodeGcor3,3.11.9,unknown,13155630,10165,124,1,1,0.9951702952384949,random,attribution,10,124,0.0005055645339861132,0.52,0.3443019496808374,0.021637426900584796,0.0,10,10,0.05263157894736842,1.2439209967851639e-05,"I|this|eighties|long|this|Runner.|cell|traditional,|and|Wizard"
text,0,2026-10-05T13:51:05,nodeGcor3,3.11.9,unknown,13155630,10277,146,0,0,0.9968457818031311,integrated_gradients,attribution,10,146,0.015387612406070042,0.85,0.4856438674059802,0.9818181818181818,0.5384615384615384,10,10,1.0,0.06099470937624574,terrible|movie.|don't|this|garbage.|movie|cost|dollars|intentionally|movie.
text,0,2026-10-05T13:51:05,nodeGcor3,3.11.9,unknown,13155630,10277,146,0,0,0.9968457818031311,lime,attribution,10,146,0.007646659228785521,0.81,0.4464801772812962,0.8606060606060606,0.6666666666666666,10,10,0.25,0.37083704909309745,terrible|movie.|this|garbage.|the|movie.|Actually|insult|cost|bothering
text,0,2026-10-05T13:51:05,nodeGcor3,3.11.9,unknown,13155630,10277,146,0,0,0.9968457818031311,random,attribution,10,146,0.00162464227943333,0.43,0.32953959520259446,0.03859649122807017,0.0,10,10,0.0,1.2475065886974335e-05,the|don't|and|I|The|real|brief|rest|baby|I
text,0,2026-10-05T13:51:05,nodeGcor3,3.11.9,unknown,13155630,10359,122,0,0,0.9958418011665344,integrated_gradients,attribution,10,122,0.2916244624479865,0.64,0.5388611047555386,0.9090909090909092,0.5384615384615384,10,10,1.0,0.061200497671961784,"ridiculous|direction.|""Couldn't|don't|fester|Debbie|Reynolds-buffs.|no|screen|****"
text,0,2026-10-05T13:51:05,nodeGcor3,3.11.9,unknown,13155630,10359,122,0,0,0.9958418011665344,lime,attribution,10,122,0.547963025842419,0.7,0.5455202167990154,0.9303030303030303,0.5384615384615384,10,10,0.6666666666666666,0.23723674518987536,ridiculous|comedy|direction.|worse|no|screenwriter|'script|embarrassment|inane|plugs.
text,0,2026-10-05T13:51:05,nodeGcor3,3.11.9,unknown,13155630,10359,122,0,0,0.9958418011665344,random,attribution,10,122,0.03908746593511291,0.56,0.30731599899666884,0.04327485380116959,0.0,10,10,0.05263157894736842,1.4329329133033752e-05,ridiculous|one|Slept|it|fester|There|onto|one|gives|*1/2
text,0,2026-10-05T13:51:05,nodeGcor3,3.11.9,unknown,13155630,10387,50,0,0,0.9966495633125305,integrated_gradients,attribution,10,50,0.12031274435956452,0.83,0.4382572162172955,0.9484848484848485,0.6666666666666666,10,10,1.0,0.033511963207274675,"movie|boring|plot.|movie|went|Overall,|wasn't|good|don't|recommend"
text,0,2026-10-05T13:51:05,nodeGcor3,3.11.9,unknown,13155630,10387,50,0,0,0.9966495633125305,lime,attribution,10,50,0.8471406024936898,0.9,0.5487954261459758,0.9454545454545455,0.6666666666666666,10,10,0.42857142857142855,0.07496593100950122,"first|boring|no|suspense,|no|action,|plot.|could|wasn't|don't"
text,0,2026-10-05T13:51:05,nodeGcor3,3.11.9,unknown,13155630,10387,50,0,0,0.9966495633125305,random,attribution,10,50,0.02356425346442992,0.67,0.36668013575787384,0.14957860337117304,0.05263157894736842,10,10,0.1111111111111111,1.3607088476419449e-05,"The|was|boring|hell.|suspense,|no|min|short|Overall,|the"
text,0,2026-10-05T13:51:05,nodeGcor3,3.11.9,unknown,13155630,10474,129,0,0,0.9243469834327698,integrated_gradients,attribution,10,129,0.6625178319611034,0.5,0.5918582061913815,0.9666666666666666,0.8181818181818182,10,10,1.0,0.06202223198488355,"Well...there|great,|gender-bender|but,|overall,|plot|acting|Dietrich's|little|Memorable"
text,0,2026-10-05T13:51:05,nodeGcor3,3.11.9,unknown,13155630,10474,129,0,0,0.9243469834327698,lime,attribution,10,129,0.9212759017637964,0.54,0.6071480200852497,0.9818181818181818,0.6666666666666666,10,10,0.6666666666666666,0.21565316803753376,"Well...there|great,|unconvincing|plot|dated|acting|less|little|aside...""great|expectations""."
text,0,2026-10-05T13:51:05,nodeGcor3,3.11.9,unknown,13155630,10474,129,0,0,0.9243469834327698,random,attribution,10,129,0.7703978838234716,0.46,0.26273121718334447,0.049226006191950465,0.0,10,10,0.05263157894736842,1.2157019227743149e-05,"of|her|acting|a|place|seemed|Herbert|day|put|expectations""."
text,0,2026-10-05T13:51:05,nodeGcor3,3.11.9,unknown,13155630,10767,165,1,1,0.9925537705421448,integrated_gradients,attribution,10,165,0.16885510454448635,0.6,0.7114576695566762,0.851948051948052,0.8181818181818182,10,10,1.0,0.06462167296558619,one|the|most|amazing|ever|a|very|good|performance|beautiful
text,0,2026-10-05T13:51:05,nodeGcor3,3.11.9,unknown,13155630,10767,165,1,1,0.9925537705421448,lime,attribution,10,165,0.3253938842882201,0.61,0.4788980650404411,0.9023310023310023,0.8181818181818182,10,10,1.0,0.1868926901370287,"one|most|amazing|seen.|Instead,|best.|very|good|performance|beautiful"
text,0,2026-10-05T13:51:05,nodeGcor3,3.11.9,unknown,13155630,10767,165,1,1,0.9925537705421448,random,attribution,10,165,0.002684555858957288,0.57,0.33257096057452185,0.04853801169590643,0.0,10,10,0.0,1.1920928955078125e-05,been|led|first|in|few|was|actually|tell|happen|a
text,0,2026-10-05T13:51:05,nodeGcor3,3.11.9,unknown,13155630,10799,174,1,1,0.9917803406715393,integrated_gradients,attribution,10,174,0.01761220550391714,0.66,0.6081913387790525,0.9818181818181818,0.8181818181818182,10,10,1.0,0.06580918561667204,love|this|show.|hate|show|so|glad|finale.|so|no
text,0,2026-10-05T13:51:05,nodeGcor3,3.11.9,unknown,13155630,10799,174,1,1,0.9917803406715393,lime,attribution,10,174,0.017075524692636047,0.79,0.46253662747259794,0.8757575757575757,0.5384615384615384,10,10,0.3333333333333333,0.40487547498196363,i|love|this|show.|hate|so|surprises|so|year|no
text,0,2026-10-05T13:51:05,nodeGcor3,3.11.9,unknown,13155630,10799,174,1,1,0.9917803406715393,random,attribution,10,174,0.0019068094938775417,0.48,0.3295021123983046,0.049810801513587896,0.0,10,10,0.0,1.3055279850959778e-05,until|cant|glad|together|like|the|i|and|the|born
text,0,2026-10-05T13:51:05,nodeGcor3,3.11.9,unknown,13155630,10803,134,0,0,0.9818752408027649,integrated_gradients,attribution,10,134,0.2940960896752306,0.78,0.6025132385070404,0.9272727272727274,0.5384615384615384,10,10,1.0,0.06586328474804759,"remake,|creepy|Compared|it's|a|here,|Unfortunately,|laughable.|idiotically|that"
text,0,2026-10-05T13:51:05,nodeGcor3,3.11.9,unknown,13155630,10803,134,0,0,0.9818752408027649,lime,attribution,10,134,0.16556018821677698,0.82,0.5705568379775044,0.890909090909091,0.5384615384615384,10,10,0.42857142857142855,0.18272904679179192,"Haunting.|a|classic.|concern.|Unfortunately,|laughable.|an|idiotically|Cowboys"".|Stop"
text,0,2026-10-05T13:51:05,nodeGcor3,3.11.9,unknown,13155630,10803,134,0,0,0.9818752408027649,random,attribution,10,134,0.04756830409855854,0.51,0.37055580099976615,0.04912280701754386,0.0,10,10,0.05263157894736842,1.0735820978879929e-05,"one|There|here,|authoritative|the|fellow,|how|laughable.|give|orally,"
text,0,2026-10-05T13:51:05,nodeGcor3,3.11.9,unknown,13155630,10819,160,1,1,0.8321685194969177,integrated_gradients,attribution,10,160,0.7802573776072736,0.53,0.6110463811260246,0.7932400932400933,0.5384615384615384,10,10,1.0,0.0625662743113935,"An|absorbing|(although|in|this|wasteland|work,|violence,|film|oppression"
text,0,2026-10-05T13:51:05,nodeGcor3,3.11.9,unknown,13155630,10819,160,1,1,0.8321685194969177,lime,attribution,10,160,0.718002297179144,0.44,0.5139244322625101,0.9636363636363636,0.6666666666666666,10,10,0.5384615384615384,0.2995997751131654,"An|absorbing|repetitive|this|wasteland|work,|Although|violence,|a|harsh"
text,0,2026-10-05T13:51:05,nodeGcor3,3.11.9,unknown,13155630,10819,160,1,1,0.8321685194969177,random,attribution,10,160,0.0,0.46,0.3423469756397066,0.021637426900584796,0.0,10,10,0.0,2.0137988030910492e-05,analysis|where|no|forward|seems|be|a|the|political|audience.
text,0,2026-10-05T13:51:05,nodeGcor3,3.11.9,unknown,13155630,10825,56,1,1,0.986929178237915,integrated_gradients,attribution,10,56,0.16764631846359485,0.78,0.49682811038434505,0.8757575757575757,0.42857142857142855,10,10,1.0,0.0342312240973115,debut|well|directed|nice|polished|it.|a|strong|storyline|storyline
text,0,2026-10-05T13:51:05,nodeGcor3,3.11.9,unknown,13155630,10825,56,1,1,0.986929178237915,lime,attribution,10,56,0.3711589689625342,0.72,0.4820329715577867,0.9090909090909092,0.6666666666666666,10,10,0.8181818181818182,0.1650957460515201,is|well|nice|polished|feel|it.|strong|storyline|going|meaningful
text,0,2026-10-05T13:51:05,nodeGcor3,3.11.9,unknown,13155630,10825,56,1,1,0.986929178237915,random,attribution,10,56,0.03020620217848566,0.55,0.35764993559990477,0.145983832129343,0.05263157894736842,10,10,0.05263157894736842,1.1683907359838486e-05,Lauren|Himmel's|a|to|the|Treading|The|revolves|mother|7.5/10
text,0,2026-10-05T13:51:05,nodeGcor3,3.11.9,unknown,13155630,10906,193,1,1,0.9935992956161499,integrated_gradients,attribution,10,193,0.011129747573910472,0.66,0.6691782302208373,0.9636363636363636,0.8181818181818182,10,10,1.0,0.08845060085877776,"artful|Joyce's|upper-class|little|insight,|Dead""|is|highly|recommended.|wonderful"
text,0,2026-10-05T13:51:05,nodeGcor3,3.11.9,unknown,13155630,10906,193,1,1,0.9935992956161499,lime,attribution,10,193,0.1830952685180353,0.52,0.4776816314854542,0.9454545454545455,0.6666666666666666,10,10,0.42857142857142855,0.3896471466869116,artful|little|plot|reveals|poignant|characters.|highly|recommended.|wonderful|never
text,0,2026-10-05T13:51:05,nodeGcor3,3.11.9,unknown,13155630,10906,193,1,1,0.9935992956161499,random,attribution,10,193,0.0032350659844761465,0.55,0.3388305206540856,0.026900584795321637,0.0,10,10,0.0,1.2579374015331268e-05,artful|Most|20th|with|at|of|characters.|is|is|every
text,0,2026-10-05T13:51:05,nodeGcor3,3.11.9,unknown,13155630,11069,149,1,1,0.9674102663993835,integrated_gradients,attribution,10,149,0.4062938238746416,0.61,0.5406193573469442,0.8393939393939395,0.5384615384615384,10,10,1.0,0.06720278738066554,blamed.|film|marred|limitations|trends|than|The|Student|Prague|worthwhile.
text,0,2026-10-05T13:51:05,nodeGcor3,3.11.9,unknown,13155630,11069,149,1,1,0.9674102663993835,lime,attribution,10,149,0.36868174519611313,0.53,0.5185173219946837,0.9121212121212121,0.6666666666666666,10,10,0.5384615384615384,0.19054509419947863,If|blamed.|some|limitations|But|wallop.|interesting|trends|still|worthwhile.
text,0,2026-10-05T13:51:05,nodeGcor3,3.11.9,unknown,13155630,11069,149,1,1,0.9674102663993835,random,attribution,10,149,0.1114371991265061,0.61,0.3340264467340395,0.026900584795321637,0.0,10,10,0.05263157894736842,1.2384727597236633e-05,"Devil--|student's|student's|doppelganger,|who|the|where|walks|than|is"
text,0,2026-10-05T13:51:05,nodeGcor3,3.11.9,unknown,13155630,11434,166,1,1,0.9510514140129089,integrated_gradients,attribution,10,166,0.29368716899196823,0.51,0.49176714849328595,0.7501165501165501,0.5384615384615384,10,10,1.0,0.08193647721782327,"slasher-style|a|style|there|some|music|excellent,|quite|amazing|Great"
text,0,2026-10-05T13:51:05,nodeGcor3,3.11.9,unknown,13155630,11434,166,1,1,0.9510514140129089,lime,attribution,10,166,0.6922391552516781,0.56,0.5536466686076263,0.8939393939393939,0.6666666666666666,10,10,0.5384615384615384,0.2847563591785729,"relief.|annoying|good|one-liners,|music|excellent,|amazing|lipstick!|Great|give"
text,0,2026-10-05T13:51:05,nodeGcor3,3.11.9,unknown,13155630,11434,166,1,1,0.9510514140129089,random,attribution,10,166,0.015220736782632483,0.58,0.3570985279727932,0.05380116959064327,0.0,10,10,0.1111111111111111,1.2557022273540497e-05,"HALLOWEEN/Friday|out|to|called|""Hull|House"".|Johnson|is|pokes|of"
text,0,2026-10-05T13:51:05,nodeGcor3,3.11.9,unknown,13155630,11500,102,0,0,0.9956685304641724,integrated_gradients,attribution,10,102,0.36548697582083345,0.83,0.5341795174731814,0.9454545454545455,0.8181818181818182,10,10,1.0,0.05388879170641303,"sucks|bad,|very|bad.|'great'|worse,|no|movie.|movie?|pointless"
text,0,2026-10-05T13:51:05,nodeGcor3,3.11.9,unknown,13155630,11500,102,0,0,0.9956685304641724,lime,attribution,10,102,0.5098145139652404,0.78,0.47841571531952887,0.9303030303030303,0.6666666666666666,10,10,0.5384615384615384,0.214463222771883,"This|sucks|bad,|very|bad.|But|have|ridiculous,|pointless|but"
text,0,2026-10-05T13:51:05,nodeGcor3,3.11.9,unknown,13155630,11500,102,0,0,0.9956685304641724,random,attribution,10,102,0.008526660946068213,0.69,0.35053769528385426,0.0793859649122807,0.0,10,10,0.05263157894736842,1.0791700333356857e-05,"movie|from|get|any|that's|worse,|clue|movie?|The|very"
text,0,2026-10-05T13:51:05,nodeGcor3,3.11.9,unknown,13155630,11676,171,1,1,0.9947595000267029,integrated_gradients,attribution,10,171,0.011999128782851523,0.79,0.6342310572808907,0.9818181818181818,0.8181818181818182,10,10,1.0,0.06652583507820964,a|fine|romantic|comedy.|excellent.|well|paced|lost|diamond|movie.
text,0,2026-10-05T13:51:05,nodeGcor3,3.11.9,unknown,13155630,11676,171,1,1,0.9947595000267029,lime,attribution,10,171,0.018958260369895792,0.68,0.4369088429205179,0.9454545454545455,0.8181818181818182,10,10,0.3333333333333333,0.3994710040278733,fine|comedy.|probably|excellent.|glamour|appropriate.|effect|believability|enjoy|well
text,0,2026-10-05T13:51:05,nodeGcor3,3.11.9,unknown,13155630,11676,171,1,1,0.9947595000267029,random,attribution,10,171,0.00434164534811087,0.55,0.3321855982812767,0.04269005847953216,0.0,10,10,0.1111111111111111,1.2157950550317764e-05,"deft|wit|displayed|punch|his|shame|""it|of|paced|diamond"
text,0,2026-10-05T13:51:05,nodeGcor3,3.11.9,unknown,13155630,11860,146,0,0,0.8751482367515564,integrated_gradients,attribution,10,146,0.3932843141494962,0.48,0.6044548685510512,0.8727272727272728,0.6666666666666666,10,10,1.0,0.0614737868309021,movie?|it|might|movie/documentary.|hard|But|cut|waste|beautiful|planet.
text,0,2026-10-05T13:51:05,nodeGcor3,3.11.9,unknown,13155630,11860,146,0,0,0.8751482367515564,lime,attribution,10,146,0.3206279344781435,0.66,0.5146013687923209,0.9272727272727274,0.6666666666666666,10,10,0.6666666666666666,0.37561751576140523,movie?|might|good|hard|just|doesn't|skips|waste|beautiful|planet.
text,0,2026-10-05T13:51:05,nodeGcor3,3.11.9,unknown,13155630,11860,146,0,0,0.8751482367515564,random,attribution,10,146,0.3161628384604283,0.56,0.2796410091986764,0.031578947368421054,0.0,10,10,0.0,1.2031756341457367e-05,sceptic|one|But|melodramatic|doesn't|that|important|mass|all:|planet.
text,0,2026-10-05T13:51:05,nodeGcor3,3.11.9,unknown,13155630,11902,152,1,1,0.9515940546989441,integrated_gradients,attribution,10,152,0.14060745880749,0.61,0.58119181640678,0.9121212121212121,0.6666666666666666,10,10,1.0,0.06582617806270719,one|too|But|exciting|always|honest.|She|she's|100%.|life.
text,0,2026-10-05T13:51:05,nodeGcor3,3.11.9,unknown,13155630,11902,152,1,1,0.9515940546989441,lime,attribution,10,152,0.18547770984696055,0.5,0.46437806318629005,0.9484848484848485,0.5384615384615384,10,10,0.42857142857142855,0.30580821773037314,"Nikki|Never|animals.|Okay,|But|love|she's|life.|Girl?|She's"
text,0,2026-10-05T13:51:05,nodeGcor3,3.11.9,unknown,13155630,11902,152,1,1,0.9515940546989441,random,attribution,10,152,0.07257812807800315,0.5,0.3325904981439256,0.04454764361885105,0.0,10,10,0.17647058823529413,2.2359658032655716e-05,"is|thinking|But|ordinary|makes|things|steals,|be|you|she's"
text,0,2026-10-05T13:51:05,nodeGcor3,3.11.9,unknown,13155630,11927,165,0,0,0.6881541609764099,integrated_gradients,attribution,10,165,0.0,0.47,0.6556157882326892,0.9636363636363636,0.6666666666666666,10,10,1.0,0.06710352376103401,"doesn't|boring|But|Although|choreography|bad,|is|undeniably|memorable.|fact,"
text,0,2026-10-05T13:51:05,nodeGcor3,3.11.9,unknown,13155630,11927,165,0,0,0.6881541609764099,lime,attribution,10,165,0.0,0.48,0.5601050423507643,0.8757575757575757,0.6666666666666666,10,10,0.6666666666666666,0.3940426930785179,"doesn't|work|part!).|But|involves|is|undeniably|memorable.|In|fact,"
text,0,2026-10-05T13:51:05,nodeGcor3,3.11.9,unknown,13155630,11927,165,0,0,0.6881541609764099,random,attribution,10,165,0.0,0.51,0.3355079012628327,0.061506707946336434,0.0,10,10,0.0,1.2290198355913162e-05,"The|are|at|the|the|""story""|involves|couple|bad,|of"
text,0,2026-10-05T13:51:05,nodeGcor3,3.11.9,unknown,13155630,11962,142,1,1,0.9919535517692566,integrated_gradients,attribution,10,142,0.1037401923385337,0.62,0.6058246468039055,1.0,0.8181818181818182,10,10,1.0,0.06151139969006181,"lousy|favorite|this|atmosphere,|setting,|beautiful.|really|well|it's|perfect."
text,0,2026-10-05T13:51:05,nodeGcor3,3.11.9,unknown,13155630,11962,142,1,1,0.9919535517692566,lime,attribution,10,142,0.03431741884901286,0.49,0.5399558149485584,0.8939393939393939,0.6666666666666666,10,10,0.42857142857142855,0.36577939009293914,"who|says|lousy|this|atmosphere,|actors,|beautiful.|really|perfect.|laughable"
text,0,2026-10-05T13:51:05,nodeGcor3,3.11.9,unknown,13155630,11962,142,1,1,0.9919535517692566,random,attribution,10,142,0.019803188505090576,0.5,0.36882689995836815,0.05108359133126935,0.0,10,10,0.0,1.193210482597351e-05,"disagree|those|a|see|something|this|atmosphere,|other.|times|likes"
text,0,2026-10-05T13:51:05,nodeGcor3,3.11.9,unknown,13155630,11987,192,0,0,0.9917484521865845,integrated_gradients,attribution,10,192,0.1466345665529043,0.65,0.6283254519561837,0.9818181818181818,0.6666666666666666,10,10,1.0,0.08268113294616342,"best|nothing|this|painful|experience.|only|stupid,|abundance|kitsch|music."
text,0,2026-10-05T13:51:05,nodeGcor3,3.11.9,unknown,13155630,11987,192,0,0,0.9917484521865845,lime,attribution,10,192,0.7060391394127622,0.52,0.5326325202762909,1.0,0.6666666666666666,10,10,0.6666666666666666,0.4191654841415584,"wrong|explanation|best|not|nothing|painful|stupid,|abundance|kitsch|cheesy"
text,0,2026-10-05T13:51:05,nodeGcor3,3.11.9,unknown,13155630,11987,192,0,0,0.9917484521865845,random,attribution,10,192,0.014366980555903805,0.58,0.3104096828104681,0.021052631578947368,0.0,10,10,0.0,1.1758413165807724e-05,Browsing|the|my|I|this|would|I|I|like|find
text,0,2026-10-05T13:51:05,nodeGcor3,3.11.9,unknown,13155630,12316,121,1,1,0.9944880604743958,integrated_gradients,attribution,10,121,0.010147535403756043,0.61,0.5123096635124276,0.9636363636363636,0.8181818181818182,10,10,1.0,0.05597448023036122,"fortunate|remarkable|film|but|exquisite|minutes,|life-changing|journey|most|performances"
text,0,2026-10-05T13:51:05,nodeGcor3,3.11.9,unknown,13155630,12316,121,1,1,0.9944880604743958,lime,attribution,10,121,0.007908183890897678,0.62,0.44448306868050713,0.9636363636363636,0.6666666666666666,10,10,0.17647058823529413,0.141904731746763,this|remarkable|exquisite|takes|life-changing|our|embodies|performances|dramatic|future.
text,0,2026-10-05T13:51:05,nodeGcor3,3.11.9,unknown,13155630,12316,121,1,1,0.9944880604743958,random,attribution,10,121,0.003959006615685554,0.52,0.35176474258478774,0.07846577227382182,0.0,10,10,0.0,1.091696321964264e-05,film|twelve|us|on|rending|a|feel|short|be|when
text,0,2026-10-05T13:51:05,nodeGcor3,3.11.9,unknown,13155630,12332,162,1,1,0.9744104743003845,integrated_gradients,attribution,10,162,0.16839060931086236,0.58,0.5802681805533213,0.8379953379953381,0.5384615384615384,10,10,1.0,0.062024274840950966,This|and|very|well|filmed.|favorite|though|did|well|brilliant
text,0,2026-10-05T13:51:05,nodeGcor3,3.11.9,unknown,13155630,12332,162,1,1,0.9744104743003845,lime,attribution,10,162,0.4156888700349495,0.63,0.5019320161794301,0.8841491841491841,0.6666666666666666,10,10,0.6666666666666666,0.22774595022201538,however|very|true|and|very|well|brilliant|never|first|always
text,0,2026-10-05T13:51:05,nodeGcor3,3.11.9,unknown,13155630,12332,162,1,1,0.9744104743003845,random,attribution,10,162,0.10665250786110383,0.57,0.327434056339315,0.02631578947368421,0.0,10,10,0.0,1.2141652405261993e-05,very|favorite|Scott|the|brilliant|two|Ciarin|I|first|always
text,0,2026-10-05T13:51:05,nodeGcor3,3.11.9,unknown,13155630,12343,71,1,1,0.994830310344696,integrated_gradients,attribution,10,71,0.033000303226695116,0.74,0.5838598451788218,0.9090909090909092,0.6666666666666666,10,10,1.0,0.037111613899469376,"film|is|stunningly|beautiful.|Goldsworthy's|beautiful,|strongly|recommend|compelling|refreshed"
text,0,2026-10-05T13:51:05,nodeGcor3,3.11.9,unknown,13155630,12343,71,1,1,0.994830310344696,lime,attribution,10,71,0.03975846594733058,0.71,0.47891906936930984,0.8939393939393939,0.6666666666666666,10,10,0.5384615384615384,0.09162001963704824,film|stunningly|beautiful.|film|recommend|this|movie|nothing|compelling|refreshed
text,0,2026-10-05T13:51:05,nodeGcor3,3.11.9,unknown,13155630,12343,71,1,1,0.994830310344696,random,attribution,10,71,0.00608466513521508,0.54,0.2902452345303521,0.10941692466460266,0.0,10,10,0.1111111111111111,8.666887879371643e-06,medium|of|most|recommend|to|movie|TO|and|left|I
text,0,2026-10-05T13:51:05,nodeGcor3,3.11.9,unknown,13155630,12449,120,0,0,0.9757624268531799,integrated_gradients,attribution,10,120,0.782496212564774,0.75,0.6919383444042388,0.9090909090909092,0.6666666666666666,10,10,1.0,0.06191466189920902,"film|Unfortunately,|script|is|awash|different|fail|to|entertain.|****"
text,0,2026-10-05T13:51:05,nodeGcor3,3.11.9,unknown,13155630,12449,120,0,0,0.9757624268531799,lime,attribution,10,120,0.816009967150211,0.72,0.6056433565582089,0.9454545454545455,0.8181818181818182,10,10,0.6666666666666666,0.1563558541238308,"film|Unfortunately,|this|script|awash|fail|to|good-looking,|unabsorbing.|****"
text,0,2026-10-05T13:51:05,nodeGcor3,3.11.9,unknown,13155630,12449,120,0,0,0.9757624268531799,random,attribution,10,120,0.0509610015578559,0.56,0.3432230566273614,0.03859649122807017,0.0,10,10,0.05263157894736842,1.8205028027296066e-05,"act|of|Grable,|very|this|taken|Rudolf|is|results|are"
text,0,2026-10-05T13:51:05,nodeGcor3,3.11.9,unknown,13155630,12807,119,1,1,0.9885804057121277,integrated_gradients,attribution,10,119,0.11206884129252394,0.7,0.5929262889382376,0.9636363636363636,0.6666666666666666,10,10,1.0,0.05388628412038088,is|a|funny|movie.|great|moments.|fun|needed|good|great
text,0,2026-10-05T13:51:05,nodeGcor3,3.11.9,unknown,13155630,12807,119,1,1,0.9885804057121277,lime,attribution,10,119,0.1996027041968326,0.67,0.5059615025640316,0.890909090909091,0.6666666666666666,10,10,0.6666666666666666,0.216244800016284,funny|movie.|great|hilarious|moments.|excellent.|garbage|worth|needed|great
text,0,2026-10-05T13:51:05,nodeGcor3,3.11.9,unknown,13155630,12807,119,1,1,0.9885804057121277,random,attribution,10,119,0.012733495091864782,0.39,0.34425103063910645,0.03928448572411421,0.0,10,10,0.0,1.0383781045675278e-05,but|enough|of|rodents.|to|anyway|her|the|This|a
text,0,2026-10-05T13:51:05,nodeGcor3,3.11.9,unknown,13155630,13207,87,1,1,0.9884026646614075,integrated_gradients,attribution,10,87,0.16586437205886034,0.74,0.5650452712390517,0.8575757575757577,0.5384615384615384,10,10,1.0,0.03777897031977773,"A|good|documentary|reviewing|our|addiction,|our|thank|documentary|well"
text,0,2026-10-05T13:51:05,nodeGcor3,3.11.9,unknown,13155630,13207,87,1,1,0.9884026646614075,lime,attribution,10,87,0.22648920000398007,0.61,0.47967092580114234,0.9454545454545455,0.5384615384615384,10,10,0.42857142857142855,0.17759202234447002,"good|documentary|addiction,|our|usage|education.|thank|documentary|I|well"
text,0,2026-10-05T13:51:05,nodeGcor3,3.11.9,unknown,13155630,13207,87,1,1,0.9884026646614075,random,attribution,10,87,0.06564061402749682,0.38,0.31087384432420584,0.03742690058479532,0.0,10,10,0.0,1.2506730854511261e-05,"A|documentary|effects|the|students|your|parents,|They|and|this"
text,0,2026-10-05T13:51:05,nodeGcor3,3.11.9,unknown,13155630,13217,43,0,0,0.9961456060409546,integrated_gradients,attribution,10,43,0.5385426819964637,0.92,0.6674376989857186,0.9272727272727274,0.8181818181818182,10,10,1.0,0.0332099050283432,"watch|inane|story,|dialogue,|minutes|too|much|waste|Enid-Blyton-meets-struggling-wanna-be-artists.|Vomit."
text,0,2026-10-05T13:51:05,nodeGcor3,3.11.9,unknown,13155630,13217,43,0,0,0.9961456060409546,lime,attribution,10,43,0.49192319544294555,0.99,0.5138956185280293,0.8811188811188811,0.5384615384615384,10,10,0.6666666666666666,0.14702459005638957,"inane|story,|without|banal|dialogue,|minutes|too|waste|Enid-Blyton-meets-struggling-wanna-be-artists.|Vomit."
text,0,2026-10-05T13:51:05,nodeGcor3,3.11.9,unknown,13155630,13217,43,0,0,0.9961456060409546,random,attribution,10,43,0.0887656880607687,0.65,0.39142339136875537,0.10941692466460266,0.05263157894736842,10,10,0.05263157894736842,1.0050833225250244e-05,"put|on|story,|without|to|banal|be|finished|think|is"
text,0,2026-10-05T13:51:05,nodeGcor3,3.11.9,unknown,13155630,13312,128,0,0,0.9763782024383545,integrated_gradients,attribution,10,128,0.8164204786450178,0.81,0.6090305939534068,0.9818181818181818,0.6666666666666666,10,10,1.0,0.05742573831230402,"high|hopes|love|Unfortunately,|film|cookie-cutter|predictable,|stale,|overall|bland."
text,0,2026-10-05T13:51:05,nodeGcor3,3.11.9,unknown,13155630,13312,128,0,0,0.9763782024383545,lime,attribution,10,128,0.8437731290597567,0.8,0.5590770031665185,0.9090909090909092,0.6666666666666666,10,10,0.42857142857142855,0.24257542425766587,"actors,|love|Unfortunately,|this|film|Others|predictable,|stale,|overall|bland."
text,0,2026-10-05T13:51:05,nodeGcor3,3.11.9,unknown,13155630,13312,128,0,0,0.9763782024383545,random,attribution,10,128,0.0069581002469460175,0.49,0.3512877032853715,0.0327485380116959,0.0,10,10,0.05263157894736842,1.0909046977758408e-05,"I|this|Arthur|better|movie.|rises|subject,|film|wow|Others"
text,0,2026-10-05T13:51:05,nodeGcor3,3.11.9,unknown,13155630,13412,183,1,1,0.9945095181465149,integrated_gradients,attribution,10,183,0.0683147198209948,0.65,0.664300726564205,0.9818181818181818,1.0,10,10,1.0,0.06762151140719652,a|great|Classic|Film.|Great|Hepburn.|Great|Classic|with|great
text,0,2026-10-05T13:51:05,nodeGcor3,3.11.9,unknown,13155630,13412,183,1,1,0.9945095181465149,lime,attribution,10,183,0.05260993026053603,0.69,0.47035052182675285,0.862937062937063,0.6666666666666666,10,10,0.5384615384615384,0.2129676891490817,"more|a|great|Film.|film,|then|Great|Hepburn.|Great|great"
text,0,2026-10-05T13:51:05,nodeGcor3,3.11.9,unknown,13155630,13412,183,1,1,0.9945095181465149,random,attribution,10,183,0.0016538707197517113,0.52,0.3473243805927827,0.03216374269005848,0.0,10,10,0.0,1.8194783478975296e-05,"Ferrer,|pictures|Egg|Ewing|mental|about|to|film|will|different"
text,0,2026-10-05T13:51:05,nodeGcor3,3.11.9,unknown,13155630,13418,137,0,0,0.9888849258422852,integrated_gradients,attribution,10,137,0.6635160429290178,0.67,0.6262258441570849,0.9636363636363636,0.6666666666666666,10,10,1.0,0.057116382755339146,misogynistic|time:|script.|film|group!|script|awful.|modern|original|about
text,0,2026-10-05T13:51:05,nodeGcor3,3.11.9,unknown,13155630,13418,137,0,0,0.9888849258422852,lime,attribution,10,137,0.8575494028715784,0.77,0.6121307225276285,0.9818181818181818,0.6666666666666666,10,10,0.6666666666666666,0.16376168001443148,misogynistic|acceptable|group!|script|predictable|FX|awful.|that|nothing|original
text,0,2026-10-05T13:51:05,nodeGcor3,3.11.9,unknown,13155630,13418,137,0,0,0.9888849258422852,random,attribution,10,137,0.018457891199040236,0.5,0.33534617920735277,0.03684210526315789,0.0,10,10,0.0,9.689945727586746e-06,The|of|and|do!|The|than|is|was|about|Darklight.
text,0,2026-10-05T13:51:05,nodeGcor3,3.11.9,unknown,13155630,13425,56,1,1,0.9950467348098755,integrated_gradients,attribution,10,56,0.07160254206961807,0.75,0.5356543905768605,0.9090909090909092,0.5384615384615384,10,10,1.0,0.03328274702653289,very|appreciated|movie|An|excellent|movie|recommend|appreciates|good|story.
text,0,2026-10-05T13:51:05,nodeGcor3,3.11.9,unknown,13155630,13425,56,1,1,0.9950467348098755,lime,attribution,10,56,0.0801635235029544,0.81,0.5460196829721055,0.8939393939393939,0.5384615384615384,10,10,0.5384615384615384,0.15645612590014935,very|I|appreciated|this|This|movie|always|excellent|appreciates|story.
text,0,2026-10-05T13:51:05,nodeGcor3,3.11.9,unknown,13155630,13425,56,1,1,0.9950467348098755,random,attribution,10,56,0.0027261105321312647,0.57,0.26132934174689415,0.0935672514619883,0.0,10,10,0.3333333333333333,1.0255258530378342e-05,Claudine|that|models|for|women.|this|shows|from|responsibility.|appreciates
text,0,2026-10-05T13:51:05,nodeGcor3,3.11.9,unknown,13155630,13482,55,0,0,0.7683857679367065,integrated_gradients,attribution,10,55,0.44151713386020763,0.6,0.45273146781171236,0.7606060606060606,0.3333333333333333,10,10,1.0,0.033155806828290224,"CLUE|what|this|movie|was|about.|movies|wife|jeans,|however."
text,0,2026-10-05T13:51:05,nodeGcor3,3.11.9,unknown,13155630,13482,55,0,0,0.7683857679367065,lime,attribution,10,55,0.3803359905623714,0.57,0.40665100851329283,0.7834498834498834,0.42857142857142855,10,10,0.8181818181818182,0.1530628497712314,"not|CLUE|this|about.|not|lost|movies|wife|jeans,|however."
text,0,2026-10-05T13:51:05,nodeGcor3,3.11.9,unknown,13155630,13482,55,0,0,0.7683857679367065,random,attribution,10,55,0.13394429484397863,0.41,0.3564797761156707,0.10507395940832473,0.0,10,10,0.05263157894736842,9.725801646709442e-06,like|was|I|am|with|no|better.|wife|still|:P
text,0,2026-10-05T13:51:05,nodeGcor3,3.11.9,unknown,13155630,13622,85,0,0,0.988447368144989,integrated_gradients,attribution,10,85,0.2558565360108711,0.77,0.5388201064776412,0.790909090909091,0.5384615384615384,10,10,1.0,0.053672153968364,this|sucked....|couldn't|even|camp|value|this......and|thing|either.....it's|Hollywood
text,0,2026-10-05T13:51:05,nodeGcor3,3.11.9,unknown,13155630,13622,85,0,0,0.988447368144989,lime,attribution,10,85,0.24842904604274335,0.77,0.522837006367038,0.806060606060606,0.5384615384615384,10,10,0.6666666666666666,0.12911589490249753,this|sucked....|couldn't|even|this......and|whole|Don't|scenes|plastic|Hollywood
text,0,2026-10-05T13:51:05,nodeGcor3,3.11.9,unknown,13155630,13622,85,0,0,0.988447368144989,random,attribution,10,85,0.04144790617361523,0.52,0.28824023631681783,0.0654970760233918,0.0,10,10,0.25,9.93208959698677e-06,"man,|camp|the|on|Jameson|much|just|to|I|be"
text,0,2026-10-05T13:51:05,nodeGcor3,3.11.9,unknown,13155630,13669,127,1,1,0.9906960725784302,integrated_gradients,attribution,10,127,0.1468853907696484,0.67,0.6124431947794986,1.0,0.8181818181818182,10,10,1.0,0.056248185224831104,this|a|stunning|piece|work.|beautiful|well|breathtaking.|very|intense
text,0,2026-10-05T13:51:05,nodeGcor3,3.11.9,unknown,13155630,13669,127,1,1,0.9906960725784302,lime,attribution,10,127,0.15809775056100303,0.67,0.5197223344858942,0.8393939393939395,0.6666666666666666,10,10,0.6666666666666666,0.23042937414720654,Fabulous|help|this|stunning|work.|beautiful|breathtaking.|intense|fantasy|highest
text,0,2026-10-05T13:51:05,nodeGcor3,3.11.9,unknown,13155630,13669,127,1,1,0.9906960725784302,random,attribution,10,127,0.01436160567258937,0.54,0.28913181474755245,0.038011695906432746,0.0,10,10,0.05263157894736842,1.2122094631195068e-05,as|and|away|and|beautiful|there|describe|and|a|making
text,0,2026-10-05T13:51:05,nodeGcor3,3.11.9,unknown,13155630,13770,149,0,0,0.996249258518219,integrated_gradients,attribution,10,149,0.0006682904669172586,0.92,0.5483327355515865,0.9484848484848485,0.6666666666666666,10,10,1.0,0.06222340511158109,worst|ever.|couldn't|so|bad.|worse|THE|WORST|MOVIE|EVER.
text,0,2026-10-05T13:51:05,nodeGcor3,3.11.9,unknown,13155630,13770,149,0,0,0.996249258518219,lime,attribution,10,149,0.0036660249203540754,0.75,0.4193792535619314,0.8031968031968033,0.42857142857142855,10,10,0.3333333333333333,0.18100667791441083,worst|movie|couldn't|bad.|than|least|you|then|horrible|WORST
text,0,2026-10-05T13:51:05,nodeGcor3,3.11.9,unknown,13155630,13770,149,0,0,0.996249258518219,random,attribution,10,149,0.00018002560563599207,0.52,0.3271134510040511,0.05438596491228069,0.0,10,10,0.05263157894736842,9.66433435678482e-06,the|whole|the|worse.|one.|see|run|movie|out|EVER.
text,0,2026-10-05T13:51:05,nodeGcor3,3.11.9,unknown,13155630,13813,183,1,1,0.9936856627464294,integrated_gradients,attribution,10,183,0.09278364305462107,0.74,0.6617176225420437,0.9303030303030303,1.0,10,10,1.0,0.0674805878661573,loved|this|movie|because|it|so|entertaining|and|worth|perfect
text,0,2026-10-05T13:51:05,nodeGcor3,3.11.9,unknown,13155630,13813,183,1,1,0.9936856627464294,lime,attribution,10,183,0.3349163552478487,0.7,0.48079683154760355,0.9272727272727274,0.6666666666666666,10,10,0.5384615384615384,0.3411712567321956,loved|this|it|entertaining|glitches|But|worth|it.|entertaining|enjoyed
text,0,2026-10-05T13:51:05,nodeGcor3,3.11.9,unknown,13155630,13813,183,1,1,0.9936856627464294,random,attribution,10,183,0.0026010001992048722,0.55,0.31028559167910075,0.03742690058479532,0.0,10,10,0.05263157894736842,1.240801066160202e-05,"string|Hollywood|He|out|and|it|she|And|If|Moonlight,"
text,0,2026-10-05T13:51:05,nodeGcor3,3.11.9,unknown,13155630,14279,102,1,1,0.9947697520256042,integrated_gradients,attribution,10,102,0.015576291321945752,0.74,0.5581284645227635,0.9484848484848485,0.8181818181818182,10,10,1.0,0.048213338013738394,stunningly|wonderful.|very|superb|fine|wonderful|beautiful|finest|films|movie!
text,0,2026-10-05T13:51:05,nodeGcor3,3.11.9,unknown,13155630,14279,102,1,1,0.9947697520256042,lime,attribution,10,102,0.00589419662113835,0.73,0.4510091687525951,0.9454545454545455,0.6666666666666666,10,10,0.42857142857142855,0.19353102101013064,stunningly|wonderful.|characters|superb|are|Robert|wonderful|finest|in|1990s.
text,0,2026-10-05T13:51:05,nodeGcor3,3.11.9,unknown,13155630,14279,102,1,1,0.9947697520256042,random,attribution,10,102,0.00030474310533703684,0.46,0.31775312328604055,0.061506707946336434,0.0,10,10,0.05263157894736842,1.0925810784101486e-05,superior|the|who|and|a|of|the|streams|western|made
text,0,2026-10-05T13:51:05,nodeGcor3,3.11.9,unknown,13155630,14300,154,1,1,0.986828088760376,integrated_gradients,attribution,10,154,0.2628959929761779,0.59,0.631604519776618,0.8575757575757577,0.8181818181818182,10,10,1.0,0.06545847002416849,crappy|rotten|a|total|shock|and|really|brilliant.|entertaining|performance.
text,0,2026-10-05T13:51:05,nodeGcor3,3.11.9,unknown,13155630,14300,154,1,1,0.986828088760376,lime,attribution,10,154,0.030025740162553934,0.44,0.5673305621420269,0.9636363636363636,0.6666666666666666,10,10,0.42857142857142855,0.2686714930459857,"crappy|loved|rotten|nice,|Sigh...|Seriously,|brilliant.|stole|entertaining|performance."
text,0,2026-10-05T13:51:05,nodeGcor3,3.11.9,unknown,13155630,14300,154,1,1,0.986828088760376,random,attribution,10,154,0.009914154359314212,0.52,0.3388465001322043,0.03859649122807017,0.0,10,10,0.05263157894736842,1.1852942407131195e-05,"few|though,|is|actor!|Speers|Two|was|shock|leading|programme"
text,0,2026-10-05T13:51:05,nodeGcor3,3.11.9,unknown,13155630,14345,204,0,0,0.9132132530212402,integrated_gradients,attribution,10,204,0.7784040533181004,0.46,0.5357921725060387,0.8939393939393939,0.6666666666666666,10,10,1.0,0.08862125920131803,"Sci-Fi|genre,|actors|awkward,|trying,|cinematography|little|not|film|cheated."
text,0,2026-10-05T13:51:05,nodeGcor3,3.11.9,unknown,13155630,14345,204,0,0,0.9132132530212402,lime,attribution,10,204,0.7960574632130066,0.57,0.514743839462829,0.8818181818181818,0.8181818181818182,10,10,0.5384615384615384,0.38464772095903754,"Sci-Fi|film|awkward,|up|trying,|little|not|ingenious|ill-conceived|cheated."
text,0,2026-10-05T13:51:05,nodeGcor3,3.11.9,unknown,13155630,14345,204,0,0,0.9132132530212402,random,attribution,10,204,0.027839703688541925,0.54,0.33975339586319375,0.03216374269005848,0.0,10,10,0.0,1.3242010027170181e-05,"I|Drama,|The|of|the|which|way.|for|closure,|:)"
text,0,2026-10-05T13:51:05,nodeGcor3,3.11.9,unknown,13155630,14494,145,0,0,0.9935494065284729,integrated_gradients,attribution,10,145,0.7471347549309068,0.83,0.7075702524557806,0.862937062937063,0.42857142857142855,10,10,1.0,0.06225868593901396,Awful!|Despite|performance|the|worst|the|worst|of|masterpiece|strong
text,0,2026-10-05T13:51:05,nodeGcor3,3.11.9,unknown,13155630,14494,145,0,0,0.9935494065284729,lime,attribution,10,145,0.733590655416317,0.83,0.5614857807879041,0.8545454545454547,0.42857142857142855,10,10,0.3333333333333333,0.18150368379428983,"Awful!|the|is|the|worst|composer,|worst|of|despite|his"
text,0,2026-10-05T13:51:05,nodeGcor3,3.11.9,unknown,13155630,14494,145,0,0,0.9935494065284729,random,attribution,10,145,0.03473407181825561,0.52,0.3560497936798417,0.03216374269005848,0.0,10,10,0.0,1.614680513739586e-05,"good|strong|for|the|music.|here|a|personality,|despite|nice"
text,0,2026-10-05T13:51:05,nodeGcor3,3.11.9,unknown,13155630,14518,72,1,1,0.9932550191879272,integrated_gradients,attribution,10,72,0.13998214360083086,0.67,0.5882485014269281,0.9636363636363636,0.6666666666666666,10,10,1.0,0.03752528689801693,well|special|story.|no|fine|superb|so|well|love|winner.
text,0,2026-10-05T13:51:05,nodeGcor3,3.11.9,unknown,13155630,14518,72,1,1,0.9932550191879272,lime,attribution,10,72,0.4295868820396285,0.76,0.5129918497742223,0.9121212121212121,0.5384615384615384,10,10,0.5384615384615384,0.17016573622822762,well|special|story.|but|fine|superb|is|well|enjoy|winner.
text,0,2026-10-05T13:51:05,nodeGcor3,3.11.9,unknown,13155630,14518,72,1,1,0.9932550191879272,random,attribution,10,72,0.017310973668232234,0.54,0.3594137918263456,0.04454764361885105,0.0,10,10,0.05263157894736842,1.224735751748085e-05,"I'm|but|well|but|while|usual|directing,|can|real|-"
text,0,2026-10-05T13:51:05,nodeGcor3,3.11.9,unknown,13155630,14521,156,0,0,0.9962126016616821,integrated_gradients,attribution,10,156,0.005887275293271844,0.66,0.52584351313414,0.8575757575757577,0.42857142857142855,10,10,1.0,0.06561213685199618,"sorry,|didn't|pretty|badly|written.|actors|bad|doesn't|movie|CRAP-O-LANTERN"
text,0,2026-10-05T13:51:05,nodeGcor3,3.11.9,unknown,13155630,14521,156,0,0,0.9962126016616821,lime,attribution,10,156,0.0595152208903919,0.68,0.4868146798720656,0.9484848484848485,0.6666666666666666,10,10,0.5384615384615384,0.26690871780738235,"characters|badly|written.|directing.|movie|this|disaster|movie,|GUTS,|CRAP-O-LANTERN"
text,0,2026-10-05T13:51:05,nodeGcor3,3.11.9,unknown,13155630,14521,156,0,0,0.9962126016616821,random,attribution,10,156,0.0028775241158826,0.5,0.3447418387150971,0.026900584795321637,0.0,10,10,0.0,1.4683697372674942e-05,the|sure|seen|and|the|and|is|spoiler|been|a
text,0,2026-10-05T13:51:05,nodeGcor3,3.11.9,unknown,13155630,14554,122,0,0,0.9965368509292603,integrated_gradients,attribution,10,122,0.4127020127980466,0.69,0.6181402591057245,0.9636363636363636,0.6666666666666666,10,10,1.0,0.05733811063691974,"worst|movies|worst|problems.|whole|cheap|rip-off|movies.|'bots|watchable,"
text,0,2026-10-05T13:51:05,nodeGcor3,3.11.9,unknown,13155630,14554,122,0,0,0.9965368509292603,lime,attribution,10,122,0.14990842218074474,0.72,0.532199361857711,0.9090909090909092,0.5384615384615384,10,10,0.5384615384615384,0.22232883796095848,worst|movies|It's|worst|cheap|rip-off|Conan|errors|dumbest|'bots
text,0,2026-10-05T13:51:05,nodeGcor3,3.11.9,unknown,13155630,14554,122,0,0,0.9965368509292603,random,attribution,10,122,0.0007218683956578081,0.44,0.3495585609548848,0.06160990712074303,0.0,10,10,0.0,1.1092051863670349e-05,Fate|This|a|of|Conan|the|and|in|version.|off
text,0,2026-10-05T13:51:05,nodeGcor3,3.11.9,unknown,13155630,14866,155,1,1,0.9907498955726624,integrated_gradients,attribution,10,155,0.8098423778089613,0.6,0.5435810763329649,0.9121212121212121,0.5384615384615384,10,10,1.0,0.06702820025384426,audiences.|never|humor|it's|definitely|worth|trying.|this|show|funny!
text,0,2026-10-05T13:51:05,nodeGcor3,3.11.9,unknown,13155630,14866,155,1,1,0.9907498955726624,lime,attribution,10,155,0.10801036576470074,0.59,0.5344352552267044,0.9818181818181818,0.6666666666666666,10,10,0.5384615384615384,0.3855370101518929,"hilarious,|""huh?""|never|stale.|but|definitely|worth|affiliates.|plain|funny!"
text,0,2026-10-05T13:51:05,nodeGcor3,3.11.9,unknown,13155630,14866,155,1,1,0.9907498955726624,random,attribution,10,155,0.00902778091117057,0.52,0.3159191266965431,0.03742690058479532,0.0,10,10,0.0,1.156982034444809e-05,"Personally,|most|of|favorite|generally|part|churn|but|Feresten""|and"
text,0,2026-10-05T13:51:05,nodeGcor3,3.11.9,unknown,13155630,14925,149,1,1,0.9873993396759033,integrated_gradients,attribution,10,149,0.22968732229968564,0.53,0.5889845334183315,1.0,0.5384615384615384,10,10,1.0,0.06618320615962148,"An|assassination|thriller|Malkovich's|This|one|of|good|films,|focused"
text,0,2026-10-05T13:51:05,nodeGcor3,3.11.9,unknown,13155630,14925,149,1,1,0.9873993396759033,lime,attribution,10,149,0.3780437083313513,0.6,0.5190455850849489,0.8811188811188811,0.6666666666666666,10,10,0.6666666666666666,0.30441290605813265,"thriller|presence|This|one|good|films,|focused|game.|joke.|well-handled."
text,0,2026-10-05T13:51:05,nodeGcor3,3.11.9,unknown,13155630,14925,149,1,1,0.9873993396759033,random,attribution,10,149,0.007751687632335801,0.53,0.31308823900312843,0.0563467492260062,0.0,10,10,0.0,1.1114869266748428e-05,"Of|Eastwood's|failure|rather|changeable|focused|too|care,|it's|Pretty"
text,0,2026-10-05T13:51:05,nodeGcor3,3.11.9,unknown,13155630,15067,117,0,0,0.9958011507987976,integrated_gradients,attribution,10,117,0.01651647706190502,0.73,0.5022906946703514,0.9303030303030303,0.8181818181818182,10,10,1.0,0.062023866921663284,"thick-black-framed-glasses-wearing|movie|don't|footage|nonsensical,|poorly-acted|mess|film|over-hyped|$3.50"
text,0,2026-10-05T13:51:05,nodeGcor3,3.11.9,unknown,13155630,15067,117,0,0,0.9958011507987976,lime,attribution,10,117,0.054916416822855835,0.83,0.4965903604193348,0.8841491841491841,0.6666666666666666,10,10,0.3333333333333333,0.1530088628642261,"does|this|footage|nonsensical,|poorly-acted|mess|film|this|over-hyped|stinker"
text,0,2026-10-05T13:51:05,nodeGcor3,3.11.9,unknown,13155630,15067,117,0,0,0.9958011507987976,random,attribution,10,117,0.003739561642402353,0.5,0.3622215696169776,0.05964912280701753,0.0,10,10,0.05263157894736842,3.0110124498605728e-05,"Lynch|types|don't|see|guy|critics|you're|""Memento.""|away|your"
text,0,2026-10-05T13:51:05,nodeGcor3,3.11.9,unknown,13155630,15351,190,0,0,0.9965233206748962,integrated_gradients,attribution,10,190,0.0019044329924593664,0.71,0.6006195707350013,1.0,0.8181818181818182,10,10,1.0,0.0671445862390101,"bad|""horror""|film.|worst|awful.|crap.|don't|films|too|short."
text,0,2026-10-05T13:51:05,nodeGcor3,3.11.9,unknown,13155630,15351,190,0,0,0.9965233206748962,lime,attribution,10,190,0.004384861264987316,0.78,0.43110066362373445,0.9636363636363636,0.6666666666666666,10,10,0.17647058823529413,0.3726448738016188,duty|bad|money|acting|worst|awful.|this|crap.|said|your
text,0,2026-10-05T13:51:05,nodeGcor3,3.11.9,unknown,13155630,15351,190,0,0,0.9965233206748962,random,attribution,10,190,0.000363959634394323,0.48,0.30417763902057326,0.026900584795321637,0.0,10,10,0.0,1.1429190635681152e-05,"is|other|i|watching|many|holes|bad,|blood|the|are"
text,0,2026-10-05T13:51:05,nodeGcor3,3.11.9,unknown,13155630,15368,133,0,0,0.8576489090919495,integrated_gradients,attribution,10,133,0.4188967500850131,0.58,0.5353824970414283,0.9174825174825175,0.6666666666666666,10,10,1.0,0.057544710114598274,loved|At|there|moments|famous.|this|flaw.|We|dumber|character.
text,0,2026-10-05T13:51:05,nodeGcor3,3.11.9,unknown,13155630,15368,133,0,0,0.8576489090919495,lime,attribution,10,133,0.5070995744585033,0.58,0.5143464225251425,0.9090909090909092,0.5384615384615384,10,10,0.5384615384615384,0.3632675725966692,loved|would|moments|mild|this|flaw.|agreement:|even|dumber|than
text,0,2026-10-05T13:51:05,nodeGcor3,3.11.9,unknown,13155630,15368,133,0,0,0.8576489090919495,random,attribution,10,133,0.1874443887922137,0.49,0.3133628969348743,0.0327485380116959,0.0,10,10,0.1111111111111111,1.2049917131662369e-05,of|who|would|movie|or|mostly|famous.|fatal|even|happy
text,0,2026-10-05T13:51:05,nodeGcor3,3.11.9,unknown,13155630,15383,170,0,0,0.9524415731430054,integrated_gradients,attribution,10,170,0.5527434274729373,0.48,0.5911994252606978,0.9,0.25,10,10,1.0,0.06264214124530554,film|really|bored|everyone|felt|this|PC|too|films|movie
text,0,2026-10-05T13:51:05,nodeGcor3,3.11.9,unknown,13155630,15383,170,0,0,0.9524415731430054,lime,attribution,10,170,0.49563348072802604,0.58,0.5022902788737034,0.8575757575757578,0.6666666666666666,10,10,0.5384615384615384,0.1901080133393407,it|really|bored|least|it|PC|too|many|who|surprised
text,0,2026-10-05T13:51:05,nodeGcor3,3.11.9,unknown,13155630,15383,170,0,0,0.9524415731430054,random,attribution,10,170,0.08749803965350711,0.47,0.356238371534805,0.03402132782937737,0.0,10,10,0.1111111111111111,1.1323951184749603e-05,it|really|who|family|of|of|life|children|were|you
text,0,2026-10-05T13:51:05,nodeGcor3,3.11.9,unknown,13155630,15527,191,0,0,0.9920157194137573,integrated_gradients,attribution,10,191,0.3106010107874286,0.57,0.5605057027817335,0.890909090909091,0.6666666666666666,10,10,1.0,0.08506006794050336,"movie.|crap|bikinis,|aren't|barely|movie.|worst|movies|bad|movie"
text,0,2026-10-05T13:51:05,nodeGcor3,3.11.9,unknown,13155630,15527,191,0,0,0.9920157194137573,lime,attribution,10,191,0.2825400453348628,0.73,0.4961546394759587,0.9272727272727274,0.6666666666666666,10,10,0.25,0.43093681102618575,"crap|happens.|great|barely|worst|I|don't|deserve|bad|unbearable,"
text,0,2026-10-05T13:51:05,nodeGcor3,3.11.9,unknown,13155630,15527,191,0,0,0.9920157194137573,random,attribution,10,191,0.035178800886508904,0.44,0.35934173464235086,0.043859649122807015,0.0,10,10,0.0,1.1965632438659668e-05,young|this|I|remember|of|looking|show|girls|bad|and
text,0,2026-10-05T13:51:05,nodeGcor3,3.11.9,unknown,13155630,15570,137,1,1,0.9945095181465149,integrated_gradients,attribution,10,137,0.12537269028218648,0.75,0.6384477569551573,0.9636363636363636,0.6666666666666666,10,10,1.0,0.062195554841309786,"terrific|story.|terrific,no|very|gem.|high|highly|recommend|this|story."
text,0,2026-10-05T13:51:05,nodeGcor3,3.11.9,unknown,13155630,15570,137,1,1,0.9945095181465149,lime,attribution,10,137,0.02120784285333364,0.58,0.5204225702245231,0.8393939393939395,0.3333333333333333,10,10,0.25,0.28937785513699055,"terrific|story.|series|this|not|recommend|terrific,no|this|gem.|highly"
text,0,2026-10-05T13:51:05,nodeGcor3,3.11.9,unknown,13155630,15570,137,1,1,0.9945095181465149,random,attribution,10,137,0.0007426985308629537,0.46,0.342136395288793,0.05565875472996216,0.0,10,10,0.05263157894736842,1.5399884432554245e-05,House)|terrific|early|in|the|and|the|recommend|actors|very
text,0,2026-10-05T13:51:05,nodeGcor3,3.11.9,unknown,13155630,15748,96,0,0,0.9934865236282349,integrated_gradients,attribution,10,96,0.45222486428735215,0.76,0.5509379266527621,0.9636363636363636,0.6666666666666666,10,10,1.0,0.04807031620293856,"dull|scripts,|mediocre|poor|awful|any|excellent|drama.|this|dross."
text,0,2026-10-05T13:51:05,nodeGcor3,3.11.9,unknown,13155630,15748,96,0,0,0.9934865236282349,lime,attribution,10,96,0.3535249531165763,0.84,0.5261671560978951,0.8242424242424242,0.6666666666666666,10,10,0.5384615384615384,0.1152255698107183,"This|demonstrates|dull|acting,|plots,|awful|dialog,|excellent|this|dross."
text,0,2026-10-05T13:51:05,nodeGcor3,3.11.9,unknown,13155630,15748,96,0,0,0.9934865236282349,random,attribution,10,96,0.017220486421295783,0.6,0.3314036338564803,0.04269005847953216,0.0,10,10,0.05263157894736842,2.09868885576725e-05,With|mediocre|a|any|to|act!|easy|on|the|UK
text,0,2026-10-05T13:51:05,nodeGcor3,3.11.9,unknown,13155630,15800,79,0,0,0.9170801043510437,integrated_gradients,attribution,10,79,0.5425058710646417,0.45,0.5510086786899444,0.8575757575757577,0.42857142857142855,10,10,1.0,0.04706152528524399,"result|success|creative,|bloody|murders,|wouldn't.|not|repulsive|just|creative."
text,0,2026-10-05T13:51:05,nodeGcor3,3.11.9,unknown,13155630,15800,79,0,0,0.9170801043510437,lime,attribution,10,79,0.32360831249031996,0.78,0.4815412292370185,0.8757575757575757,0.42857142857142855,10,10,0.6666666666666666,0.18339077476412058,"result|success|bloody|If|wouldn't.|here,|not|just|not|creative."
text,0,2026-10-05T13:51:05,nodeGcor3,3.11.9,unknown,13155630,15800,79,0,0,0.9170801043510437,random,attribution,10,79,0.1407372171065857,0.49,0.33153606210549147,0.11444788441692466,0.0,10,10,0.0,1.0913703590631485e-05,"Day""|""Friday|rather|than|that|not,|the|old|film|repulsive"
text,0,2026-10-05T13:51:05,nodeGcor3,3.11.9,unknown,13155630,15815,201,0,0,0.9810037016868591,integrated_gradients,attribution,10,201,0.12338959459941425,0.52,0.5907294810551029,0.9818181818181818,0.8181818181818182,10,10,1.0,0.0882639610208571,"entirely|script|fails|screen.|outrageously|melodramatic|script,|has|failed|Dave"
text,0,2026-10-05T13:51:05,nodeGcor3,3.11.9,unknown,13155630,15815,201,0,0,0.9810037016868591,lime,attribution,10,201,0.06188968127189635,0.55,0.5060971122732874,1.0,0.5384615384615384,10,10,0.6666666666666666,0.363639771938324,fails|excessive|dialogue?|a|classic|Little|moment.|inappropriate|failed|Australia.
text,0,2026-10-05T13:51:05,nodeGcor3,3.11.9,unknown,13155630,15815,201,0,0,0.9810037016868591,random,attribution,10,201,0.03368135793086021,0.52,0.31939171712063374,0.01637426900584795,0.0,10,10,0.0,1.1992175132036209e-05,Many|first|awkward|and|dialogue?|to|approximately|man|serious|counts
text,0,2026-10-05T13:51:05,nodeGcor3,3.11.9,unknown,13155630,15938,164,1,1,0.9932811260223389,integrated_gradients,attribution,10,164,0.37889105770520937,0.53,0.6484239254101464,0.9818181818181818,0.6666666666666666,10,10,1.0,0.06702399021014571,"inconclusive,|soundtrack|exceptional|atmosphere|a|great|short,|despite|this|short."
text,0,2026-10-05T13:51:05,nodeGcor3,3.11.9,unknown,13155630,15938,164,1,1,0.9932811260223389,lime,attribution,10,164,0.43313429536285897,0.6,0.5306626087533615,0.9666666666666666,0.6666666666666666,10,10,0.5384615384615384,0.276596674695611,"got|dark,|inconclusive,|scary!|exceptional|atmosphere|good|great|despite|in"
text,0,2026-10-05T13:51:05,nodeGcor3,3.11.9,unknown,13155630,15938,164,1,1,0.9932811260223389,random,attribution,10,164,0.007641937119955412,0.51,0.33078689641476133,0.05497076023391813,0.0,10,10,0.0,1.3081822544336319e-05,got|talk|the|socking|in|and|talking|end!|their|in
text,0,2026-10-05T13:51:05,nodeGcor3,3.11.9,unknown,13155630,15980,129,0,0,0.9930558800697327,integrated_gradients,attribution,10,129,0.08079138029686965,0.7,0.5215146114906235,0.9484848484848485,0.6666666666666666,10,10,1.0,0.055997197050601244,"film|excellent|film|weak,|film|comedy|devoid|of|any|merit."
text,0,2026-10-05T13:51:05,nodeGcor3,3.11.9,unknown,13155630,15980,129,0,0,0.9930558800697327,lime,attribution,10,129,0.43106552522692154,0.71,0.5180950968956087,0.9818181818181818,0.6666666666666666,10,10,0.6666666666666666,0.35929990699514747,"excellent|story|weak,|humorless,|nothing|merely|comedy|devoid|any|merit."
text,0,2026-10-05T13:51:05,nodeGcor3,3.11.9,unknown,13155630,15980,129,0,0,0.9930558800697327,random,attribution,10,129,0.009764768170485862,0.47,0.3507621653531765,0.03742690058479532,0.0,10,10,0.0,1.1372845619916916e-05,why|to|Americans?|of|not|of|question|Is|New|to
text,0,2026-10-05T13:51:05,nodeGcor3,3.11.9,unknown,13155630,16144,50,1,1,0.9909971952438354,integrated_gradients,attribution,10,50,0.5483890340615947,0.87,0.5508424566248844,0.8727272727272728,0.6666666666666666,10,10,1.0,0.03050836268812418,"Pleasant,|and|charming.|best|mood|so|pleasant|not|enjoy|film."
text,0,2026-10-05T13:51:05,nodeGcor3,3.11.9,unknown,13155630,16144,50,1,1,0.9909971952438354,lime,attribution,10,50,0.5283613957125675,0.83,0.5089458019547213,0.9333333333333332,0.5384615384615384,10,10,0.6666666666666666,0.15043573826551437,"Pleasant,|and|charming.|best|rendition|so|pleasant|not|enjoy|film."
text,0,2026-10-05T13:51:05,nodeGcor3,3.11.9,unknown,13155630,16144,50,1,1,0.9909971952438354,random,attribution,10,50,0.027258706663361037,0.47,0.3080859025170024,0.08255933952528378,0.0,10,10,0.05263157894736842,1.0223593562841415e-05,diverting|and|the|though|may|bit|in|mood|it|not
text,0,2026-10-05T13:51:05,nodeGcor3,3.11.9,unknown,13155630,16163,188,1,1,0.9777350425720215,integrated_gradients,attribution,10,188,0.40710128805306517,0.62,0.5675124247940018,0.8969696969696971,0.5384615384615384,10,10,1.0,0.08265109825879335,this|movie.|pure|Jurassic|DVD!|great|movie.|a|due|mess..
text,0,2026-10-05T13:51:05,nodeGcor3,3.11.9,unknown,13155630,16163,188,1,1,0.9777350425720215,lime,attribution,10,188,0.479048471586118,0.57,0.5220887246865704,0.9818181818181818,0.6666666666666666,10,10,0.5384615384615384,0.21934141870588064,loved|this|Jurassic|well|great|movie.|funny|also|sad|mess..
text,0,2026-10-05T13:51:05,nodeGcor3,3.11.9,unknown,13155630,16163,188,1,1,0.9777350425720215,random,attribution,10,188,0.031999054845768676,0.48,0.32894164557548333,0.06023391812865497,0.0,10,10,0.0,1.0864809155464172e-05,sense|have|goes|on|knows|find|explain|bobby.|it|like
text,0,2026-10-05T13:51:05,nodeGcor3,3.11.9,unknown,13155630,16268,156,0,0,0.9937829375267029,integrated_gradients,attribution,10,156,0.08981724906946363,0.83,0.5414553106217977,0.9818181818181818,0.5384615384615384,10,10,1.0,0.06668829079717398,"a|bad|film.|misgauged|rewrite,|didn't|little|worst|Worst?|debatable."
text,0,2026-10-05T13:51:05,nodeGcor3,3.11.9,unknown,13155630,16268,156,0,0,0.9937829375267029,lime,attribution,10,156,0.04543291810290356,0.72,0.46198370848358095,0.8811188811188811,0.5384615384615384,10,10,0.42857142857142855,0.19487758120521903,bad.|well|great|didn't|work|little|worst|Top|Worst?|debatable.
text,0,2026-10-05T13:51:05,nodeGcor3,3.11.9,unknown,13155630,16268,156,0,0,0.9937829375267029,random,attribution,10,156,0.0075855979798608655,0.53,0.3235987091550224,0.02631578947368421,0.0,10,10,0.05263157894736842,1.0690651834011078e-05,I|probably|never|to|I|this|made|great|not|it
text,0,2026-10-05T13:51:05,nodeGcor3,3.11.9,unknown,13155630,16668,132,0,0,0.8826303482055664,integrated_gradients,attribution,10,132,0.10673780800752022,0.54,0.5788726992833884,0.748917748917749,0.42857142857142855,10,10,1.0,0.06746584316715598,great|cast!|no.|writing/shooting/editing|So|yet|painful|to|suit|lame.
text,0,2026-10-05T13:51:05,nodeGcor3,3.11.9,unknown,13155630,16668,132,0,0,0.8826303482055664,lime,attribution,10,132,0.2520398323077671,0.75,0.5163747324964216,0.9818181818181818,0.6666666666666666,10,10,0.8181818181818182,0.30105359805747867,"Wow,|great|script,|unnecessary?|writing/shooting/editing|yet|painful|this|doesn't|lame."
text,0,2026-10-05T13:51:05,nodeGcor3,3.11.9,unknown,13155630,16668,132,0,0,0.8826303482055664,random,attribution,10,132,0.25433911756284405,0.47,0.3179685635461811,0.03216374269005848,0.0,10,10,0.05263157894736842,9.67876985669136e-06,"of|thespians|fetching|America's|is|another.|woke|""You|with|suit"
text,0,2026-10-05T13:51:05,nodeGcor3,3.11.9,unknown,13155630,16814,153,1,1,0.9858821630477905,integrated_gradients,attribution,10,153,0.030958398844813394,0.52,0.5871163743061045,0.8606060606060606,0.5384615384615384,10,10,1.0,0.06564039969816804,"humor,|enjoy|flick.|well|absolutely|beautiful|bad|solid|attention|Brain-candy."
text,0,2026-10-05T13:51:05,nodeGcor3,3.11.9,unknown,13155630,16814,153,1,1,0.9858821630477905,lime,attribution,10,153,0.056667576360801865,0.46,0.48475252756200704,0.8212121212121213,0.5384615384615384,10,10,0.3333333333333333,0.31851244112476707,subtle|well|this|than|shows|humor.|bad|perfectly|solid|Brain-candy.
text,0,2026-10-05T13:51:05,nodeGcor3,3.11.9,unknown,13155630,16814,153,1,1,0.9858821630477905,random,attribution,10,153,0.013607202455956516,0.54,0.35305794708819693,0.01637426900584795,0.0,10,10,0.05263157894736842,1.0320916771888733e-05,with|then|you|ain't|but|Eleniak|Tom|the|for|available.
text,0,2026-10-05T13:51:05,nodeGcor3,3.11.9,unknown,13155630,16968,196,0,0,0.9962126016616821,integrated_gradients,attribution,10,196,0.8330310409309168,0.55,0.6645086215921457,1.0,0.5384615384615384,10,10,1.0,0.08599414210766554,"bad,|entertaining.|interesting|with|great|effects.|boring|bad,|movie|unrealistic."
text,0,2026-10-05T13:51:05,nodeGcor3,3.11.9,unknown,13155630,16968,196,0,0,0.9962126016616821,lime,attribution,10,196,0.9189013064990977,0.67,0.5028039349425377,0.8727272727272728,0.8181818181818182,10,10,0.5384615384615384,0.2665011687204242,"bad,|great|had|entertaining|boring|prettier|bad,|movie|unrealistic.|stupid."
text,0,2026-10-05T13:51:05,nodeGcor3,3.11.9,unknown,13155630,16968,196,0,0,0.9962126016616821,random,attribution,10,196,0.0019390111354331788,0.57,0.33765551290417917,0.021637426900584796,0.0,10,10,0.0,1.2266915291547775e-05,1|interesting|is|prettier|to|one-liners|in|never|plot|Avoid
text,0,2026-10-05T13:51:05,nodeGcor3,3.11.9,unknown,13155630,17033,118,0,0,0.5003204345703125,integrated_gradients,attribution,10,118,0.49481831273445365,0.42,0.5084663934036325,0.8757575757575757,0.42857142857142855,10,10,1.0,0.05404564784839749,"Pakistan|anti-Pakistan|just|too|screenplay,|happy|done|brilliantly|tries|say:"
text,0,2026-10-05T13:51:05,nodeGcor3,3.11.9,unknown,13155630,17033,118,0,0,0.5003204345703125,lime,attribution,10,118,0.6342167199746866,0.44,0.47761628719655813,0.8424242424242424,0.5384615384615384,10,10,0.8181818181818182,0.14224533224478364,over|just|make|too|much|really|happy|brilliantly|tries|that
text,0,2026-10-05T13:51:05,nodeGcor3,3.11.9,unknown,13155630,17033,118,0,0,0.5003204345703125,random,attribution,10,118,0.20866277562597213,0.63,0.3578959033825717,0.02631578947368421,0.0,10,10,0.0,1.1110212653875351e-05,"but|am|a|cinematography,|everything.|are|have|of|because|there"
text,0,2026-10-05T13:51:05,nodeGcor3,3.11.9,unknown,13155630,17100,93,1,1,0.9937950372695923,integrated_gradients,attribution,10,93,0.016657536198696896,0.7,0.5402391860062942,0.9484848484848485,0.6666666666666666,10,10,1.0,0.04854669887572527,a|really|good|series|a|pace|great|an|amazing|9pm/8pm
text,0,2026-10-05T13:51:05,nodeGcor3,3.11.9,unknown,13155630,17100,93,1,1,0.9937950372695923,lime,attribution,10,93,0.06061909011118139,0.7,0.4986235752685265,0.9454545454545455,0.5384615384615384,10,10,0.6666666666666666,0.19153325911611319,addicted|really|good|series|great|This|drama|genres.|amazing|worth
text,0,2026-10-05T13:51:05,nodeGcor3,3.11.9,unknown,13155630,17100,93,1,1,0.9937950372695923,random,attribution,10,93,0.010501277685740048,0.56,0.33840119249520617,0.03216374269005848,0.0,10,10,0.0,1.1858996003866196e-05,Im|prequel|continue|great|episodes|Sci|sure|love|genres.|Totally
text,0,2026-10-05T13:51:05,nodeGcor3,3.11.9,unknown,13155630,17547,179,0,0,0.9959298968315125,integrated_gradients,attribution,10,179,0.10280645721740068,0.73,0.5677995885464316,0.9090909090909092,0.8181818181818182,10,10,1.0,0.08476449176669121,"film|totally|empty|lame|zombie|feeble,|*not*|this|dreary|mess."
text,0,2026-10-05T13:51:05,nodeGcor3,3.11.9,unknown,13155630,17547,179,0,0,0.9959298968315125,lime,attribution,10,179,0.4411299561892978,0.78,0.46469235731043523,0.8787878787878787,0.6666666666666666,10,10,0.3333333333333333,0.4190315962769091,"empty|lame|feeble,|undermine|boredom,|illogic.|*not*|this|dreary|mess."
text,0,2026-10-05T13:51:05,nodeGcor3,3.11.9,unknown,13155630,17547,179,0,0,0.9959298968315125,random,attribution,10,179,0.003506747379589993,0.46,0.3311458624627649,0.026900584795321637,0.0,10,10,0.05263157894736842,1.2736301869153976e-05,seems|somewhere...|some|flashes|and|existentialist|there's|B|fan|this
text,0,2026-10-05T13:51:05,nodeGcor3,3.11.9,unknown,13155630,17617,146,1,1,0.9918121099472046,integrated_gradients,attribution,10,146,0.1764114283269208,0.55,0.617117315781096,0.9636363636363636,0.8181818181818182,10,10,1.0,0.061748682986944914,"A|dramatized|Spain.|convincingly|scene,|expertly|delves|suspenseful|unfaithful|expertly"
text,0,2026-10-05T13:51:05,nodeGcor3,3.11.9,unknown,13155630,17617,146,1,1,0.9918121099472046,lime,attribution,10,146,0.24040450855134116,0.63,0.5086633211804551,0.9484848484848485,0.8181818181818182,10,10,0.5384615384615384,0.3505024155601859,dramatized|this|expertly|delves|a|and|suspenseful|expertly|darkly|once
text,0,2026-10-05T13:51:05,nodeGcor3,3.11.9,unknown,13155630,17617,146,1,1,0.9918121099472046,random,attribution,10,146,0.016914639714814668,0.57,0.2836651576932159,0.049810801513587896,0.0,10,10,0.17647058823529413,1.1240597814321518e-05,understandable|to|Spanish|wealthy|Spain.|convincingly|the|of|expertly|manages
text,0,2026-10-05T13:51:05,nodeGcor3,3.11.9,unknown,13155630,17790,173,0,0,0.9961305856704712,integrated_gradients,attribution,10,173,0.07151589805303854,0.56,0.5447596562255683,1.0,0.6666666666666666,10,10,1.0,0.06750231608748436,"movie|wouldn't|movie|bad|taste,|camera-work,|lousy|script|frightfully|direction."
text,0,2026-10-05T13:51:05,nodeGcor3,3.11.9,unknown,13155630,17790,173,0,0,0.9961305856704712,lime,attribution,10,173,0.02849362786613786,0.67,0.467764118993639,0.890909090909091,0.8181818181818182,10,10,0.8181818181818182,0.20985965756699443,"nothing.|Ilya|movie|out|bad|camera-work,|lousy|script|bad|direction."
text,0,2026-10-05T13:51:05,nodeGcor3,3.11.9,unknown,13155630,17790,173,0,0,0.9961305856704712,random,attribution,10,173,0.0035329073236965974,0.54,0.3363478048025279,0.026900584795321637,0.0,10,10,0.05263157894736842,1.03069469332695e-05,"comment,|they|left|wouldn't|She|dolls|the|a|judges|comes"
text,0,2026-10-05T13:51:05,nodeGcor3,3.11.9,unknown,13155630,17813,113,1,1,0.9943581223487854,integrated_gradients,attribution,10,113,0.05793552920322006,0.62,0.6668104883336008,1.0,0.8181818181818182,10,10,1.0,0.05594549188390374,"strong,|courage,|Great|action|quick|paced.|Thoroughly|enjoyable|computer-generated|strong"
text,0,2026-10-05T13:51:05,nodeGcor3,3.11.9,unknown,13155630,17813,113,1,1,0.9943581223487854,lime,attribution,10,113,0.09857209573518119,0.81,0.5026359005518621,0.8603396603396604,0.6666666666666666,10,10,0.42857142857142855,0.1384050860069692,"one's|courage,|what|Great|paced.|image.|Thoroughly|enjoyable|film|not"
text,0,2026-10-05T13:51:05,nodeGcor3,3.11.9,unknown,13155630,17813,113,1,1,0.9943581223487854,random,attribution,10,113,0.002247496652342527,0.49,0.32125599214751754,0.03742690058479532,0.0,10,10,0.0,1.740129664540291e-05,"A|don't|I|is|man.|violent,|the|but|the|films."
text,0,2026-10-05T13:51:05,nodeGcor3,3.11.9,unknown,13155630,17903,149,0,0,0.991186797618866,integrated_gradients,attribution,10,149,0.5325039064954714,0.61,0.7427679670420717,0.9090909090909092,0.6666666666666666,10,10,1.0,0.06642197212204337,slightly|entertaining|many|flaws.The|average.There|enough|film|absolutely|no|only
text,0,2026-10-05T13:51:05,nodeGcor3,3.11.9,unknown,13155630,17903,149,0,0,0.991186797618866,lime,attribution,10,149,0.8515042225029172,0.63,0.5206265232166044,0.9484848484848485,0.6666666666666666,10,10,0.5384615384615384,0.3993150098249316,a|slightly|entertaining|flaws.The|average.There|liking.The|film|boring|forgettable|no
text,0,2026-10-05T13:51:05,nodeGcor3,3.11.9,unknown,13155630,17903,149,0,0,0.991186797618866,random,attribution,10,149,0.01040250809487199,0.45,0.31003614743051156,0.015789473684210527,0.0,10,10,0.05263157894736842,1.1828262358903885e-05,"""Dracula|come|body|offer|a|vampire|good|decapitation|for|absolutely"
text,0,2026-10-05T13:51:05,nodeGcor3,3.11.9,unknown,13155630,17946,103,0,0,0.9968944787979126,integrated_gradients,attribution,10,103,0.2097779423207519,0.86,0.5231419346447177,1.0,0.8181818181818182,10,10,1.0,0.05124161904677749,movie|movie|couldn't|movie.|plot|was|very|lacking.|actors|terrible.
text,0,2026-10-05T13:51:05,nodeGcor3,3.11.9,unknown,13155630,17946,103,0,0,0.9968944787979126,lime,attribution,10,103,0.2670976114123946,0.83,0.5423546360001859,0.9636363636363636,0.6666666666666666,10,10,0.6666666666666666,0.20728326495736837,this|movie|sucked|plot|was|lacking.|actors|terrible.|R&H|besties4lyf
text,0,2026-10-05T13:51:05,nodeGcor3,3.11.9,unknown,13155630,17946,103,0,0,0.9968944787979126,random,attribution,10,103,0.0048013424602068484,0.46,0.34911314425133666,0.06023391812865497,0.0,10,10,0.05263157894736842,1.2541189789772034e-05,"and|review,|to|are|sucked|my|they|one|and|it"
text,0,2026-10-05T13:51:05,nodeGcor3,3.11.9,unknown,13155630,18056,95,1,1,0.9945307374000549,integrated_gradients,attribution,10,95,0.14169782703584324,0.72,0.6036932330345522,0.9121212121212121,0.6666666666666666,10,10,1.0,0.04897923907265067,this|film.|it's|a|funny|excoriating|selfless.|Really|a|must
text,0,2026-10-05T13:51:05,nodeGcor3,3.11.9,unknown,13155630,18056,95,1,1,0.9945307374000549,lime,attribution,10,95,0.10234079893646306,0.72,0.5337796760192732,0.890909090909091,0.5384615384615384,10,10,0.5384615384615384,0.11720207333564758,love|this|film.|it's|funny|excoriating|sublime|his|a|must
text,0,2026-10-05T13:51:05,nodeGcor3,3.11.9,unknown,13155630,18056,95,1,1,0.9945307374000549,random,attribution,10,95,0.00510876028148345,0.52,0.3177858285791405,0.04853801169590643,0.0,10,10,0.05263157894736842,1.018540933728218e-05,"and|very|'actorly'|notices|world|him,|own|the|devotion|selfless."
text,0,2026-10-05T13:51:05,nodeGcor3,3.11.9,unknown,13155630,18087,104,0,0,0.9965029954910278,integrated_gradients,attribution,10,104,0.13731947742345538,0.83,0.5429562327248685,0.9636363636363636,0.8181818181818182,10,10,1.0,0.05437396001070738,"worst|movie|ever|worse|soap|opera,|bad|overplayed|implausible|spoiler*"
text,0,2026-10-05T13:51:05,nodeGcor3,3.11.9,unknown,13155630,18087,104,0,0,0.9965029954910278,lime,attribution,10,104,0.1265685425036364,0.94,0.5028884806572536,0.9454545454545455,0.6666666666666666,10,10,0.42857142857142855,0.21197982179000974,"This|worst|movie|bad|implausible|spoiler*|minute|lame,|unless|revel"
text,0,2026-10-05T13:51:05,nodeGcor3,3.11.9,unknown,13155630,18087,104,0,0,0.9965029954910278,random,attribution,10,104,0.0033120703199907456,0.5,0.3120207378040729,0.03216374269005848,0.0,10,10,0.0,1.2052245438098907e-05,be|and|card|the|a|minute|scene|crash|Avoid|'conflict'.
text,0,2026-10-05T13:51:05,nodeGcor3,3.11.9,unknown,13155630,18170,92,1,1,0.9948503375053406,integrated_gradients,attribution,10,92,0.05320248215500989,0.62,0.5836604013934965,0.9666666666666666,0.6666666666666666,10,10,1.0,0.050898666959255934,"very|good|it|has|drama,|action,|cool,|especially|year's|best"
text,0,2026-10-05T13:51:05,nodeGcor3,3.11.9,unknown,13155630,18170,92,1,1,0.9948503375053406,lime,attribution,10,92,0.03485497026838527,0.49,0.48960769686141314,0.8606060606060606,0.6666666666666666,10,10,0.3333333333333333,0.19883613009005785,"good|it|drama,|romance,|and|cool,|especially|best|Pinoy|watch"
text,0,2026-10-05T13:51:05,nodeGcor3,3.11.9,unknown,13155630,18170,92,1,1,0.9948503375053406,random,attribution,10,92,0.00376865868595184,0.52,0.34035592417677807,0.06618507051943585,0.0,10,10,0.05263157894736842,1.1176802217960358e-05,"Kudos|to|is|drama,|While|the|that|cool,|--|for"
text,0,2026-10-05T13:51:05,nodeGcor3,3.11.9,unknown,13155630,18253,147,1,1,0.9939613342285156,integrated_gradients,attribution,10,147,0.014955830880292906,0.71,0.7480181269415165,1.0,0.8181818181818182,10,10,1.0,0.06072643818333745,Canadian|Great|very|funny|this|one|of|the|best|comedy
text,0,2026-10-05T13:51:05,nodeGcor3,3.11.9,unknown,13155630,18253,147,1,1,0.9939613342285156,lime,attribution,10,147,0.2168742396214322,0.67,0.49106645903475465,0.8606060606060606,0.8181818181818182,10,10,0.5384615384615384,0.3658674065954983,show|series.|Great|funny|this|best|comedy|highly|recommend|it!
text,0,2026-10-05T13:51:05,nodeGcor3,3.11.9,unknown,13155630,18253,147,1,1,0.9939613342285156,random,attribution,10,147,0.0039020973015915657,0.48,0.32432028318388506,0.049226006191950465,0.0,10,10,0.05263157894736842,1.2685079127550125e-05,them|a|whos|these|you|But|when|to|and|highly
text,0,2026-10-05T13:51:05,nodeGcor3,3.11.9,unknown,13155630,18474,49,1,1,0.9915707111358643,integrated_gradients,attribution,10,49,0.20594722368559942,0.8,0.4941895263524727,0.7962703962703963,0.6666666666666666,10,10,1.0,0.030457921791821718,the|most|outstanding|film|score.|very|well|best|extremely|well.
text,0,2026-10-05T13:51:05,nodeGcor3,3.11.9,unknown,13155630,18474,49,1,1,0.9915707111358643,lime,attribution,10,49,0.2165188248280996,0.81,0.5450150510357707,0.8090909090909092,0.5384615384615384,10,10,0.42857142857142855,0.07237805798649788,this|outstanding|was|music|film|well|best|scenes|extremely|well.
text,0,2026-10-05T13:51:05,nodeGcor3,3.11.9,unknown,13155630,18474,49,1,1,0.9915707111358643,random,attribution,10,49,0.007695574050078517,0.68,0.35742168270691554,0.14680082559339527,0.0,10,10,0.1111111111111111,9.54512506723404e-06,"watching|me,|film|well|their|the|score|come|in|particular"
text,0,2026-10-05T13:51:05,nodeGcor3,3.11.9,unknown,13155630,18723,135,1,1,0.9918279647827148,integrated_gradients,attribution,10,135,0.11019937846572186,0.74,0.58168357922421,1.0,0.8181818181818182,10,10,1.0,0.05753498477861285,"such|a|wonderful|so|impressed|so|dynamically|perfect|beat.....""Showgirls""|magical"
text,0,2026-10-05T13:51:05,nodeGcor3,3.11.9,unknown,13155630,18723,135,1,1,0.9918279647827148,lime,attribution,10,135,0.06694263836685714,0.67,0.48226342067529815,0.8575757575757577,0.6666666666666666,10,10,0.6666666666666666,0.3008595719002187,wonderful|so|impressed|dynamically|perfect|movement|favorite|sorry|so|magical
text,0,2026-10-05T13:51:05,nodeGcor3,3.11.9,unknown,13155630,18723,135,1,1,0.9918279647827148,random,attribution,10,135,0.011396317524785891,0.57,0.2991827218729135,0.04327485380116959,0.0,10,10,0.05263157894736842,1.2727919965982437e-05,".|so|,|films|choreography|the|movement|the|before,|him"
text,0,2026-10-05T13:51:05,nodeGcor3,3.11.9,unknown,13155630,18863,130,1,1,0.9949001669883728,integrated_gradients,attribution,10,130,0.0447171955087737,0.74,0.626927347970073,0.9818181818181818,0.6666666666666666,10,10,1.0,0.060862560756504536,"It|has|elements|best,|classic|a|must-see.|a|greatly|entertaining"
text,0,2026-10-05T13:51:05,nodeGcor3,3.11.9,unknown,13155630,18863,130,1,1,0.9949001669883728,lime,attribution,10,130,0.03165851438937601,0.7,0.4844834559605171,0.9454545454545455,0.8181818181818182,10,10,0.17647058823529413,0.16936761094257236,"classic|It|best,|of|Brasiliano|is|a|must-see.|greatly|entertaining"
text,0,2026-10-05T13:51:05,nodeGcor3,3.11.9,unknown,13155630,18863,130,1,1,0.9949001669883728,random,attribution,10,130,0.0010507046784755615,0.52,0.30365043570859673,0.021052631578947368,0.0,10,10,0.05263157894736842,1.0489951819181442e-05,adventure|could|for|in|athletic|her|rounds|the|Roc|romp.
text,0,2026-10-05T13:51:05,nodeGcor3,3.11.9,unknown,13155630,18890,158,0,0,0.9969603419303894,integrated_gradients,attribution,10,158,0.016188655666890407,0.7,0.5063720588962022,0.890909090909091,0.6666666666666666,10,10,1.0,0.0657912022434175,"worst|waste|terrible!I|Bigfoot,but|movie.It|bad|worst|laughable.If|Bigfoot|movie.Personally,"
text,0,2026-10-05T13:51:05,nodeGcor3,3.11.9,unknown,13155630,18890,158,0,0,0.9969603419303894,lime,attribution,10,158,0.014940256372345717,0.78,0.41524398610910973,0.9636363636363636,0.8181818181818182,10,10,0.25,0.19773256313055754,"worst|sheer|waste|terrible!I|it|worst|fur|laughable.If|movie,|wasted"
text,0,2026-10-05T13:51:05,nodeGcor3,3.11.9,unknown,13155630,18890,158,0,0,0.9969603419303894,random,attribution,10,158,0.0009627997815884152,0.48,0.348070490977057,0.026900584795321637,0.0,10,10,0.0,1.0492745786905289e-05,"Bigfoot|worst|one|is|Bigfoot,but|sense|though.There|looked.The|faux|one!"
text,0,2026-10-05T13:51:05,nodeGcor3,3.11.9,unknown,13155630,19059,189,1,1,0.9535353183746338,integrated_gradients,attribution,10,189,0.3563043688617616,0.62,0.5628137889509597,0.9818181818181818,0.6666666666666666,10,10,1.0,0.0840529641136527,"great|doc,|rock-bottom|loved|this|I'd|it's|distracting|Paris,|well."
text,0,2026-10-05T13:51:05,nodeGcor3,3.11.9,unknown,13155630,19059,189,1,1,0.9535353183746338,lime,attribution,10,189,0.45261303084924626,0.51,0.5232026880250105,0.8272727272727274,0.6666666666666666,10,10,0.3333333333333333,0.388458832167089,"great|for|rock-bottom|remainder.|loved|this|film,|I'd|everything.|distracting"
text,0,2026-10-05T13:51:05,nodeGcor3,3.11.9,unknown,13155630,19059,189,1,1,0.9535353183746338,random,attribution,10,189,0.2614736097786252,0.57,0.3345084221494309,0.04269005847953216,0.0,10,10,0.05263157894736842,1.2652948498725891e-05,In|theatrical|they|for|Films|better.|prices|viewer|the|and
text,0,2026-10-05T13:51:05,nodeGcor3,3.11.9,unknown,13155630,19257,128,0,0,0.9967459440231323,integrated_gradients,attribution,10,128,0.009352779725571744,0.56,0.5583341820571162,0.9090909090909092,0.8181818181818182,10,10,1.0,0.055917076766490936,"poor|lack|strong|plot,|weak|antsy|movie,|horror|movie|flick,"
text,0,2026-10-05T13:51:05,nodeGcor3,3.11.9,unknown,13155630,19257,128,0,0,0.9967459440231323,lime,attribution,10,128,0.43342007013015066,0.58,0.5423796693722165,0.9272727272727274,0.6666666666666666,10,10,0.42857142857142855,0.2768730972893536,"This|terrible|poor|lack|No|weak|antsy|reel.|movie|flick,"
text,0,2026-10-05T13:51:05,nodeGcor3,3.11.9,unknown,13155630,19257,128,0,0,0.9967459440231323,random,attribution,10,128,0.002562935405703723,0.43,0.34889390676643517,0.04327485380116959,0.0,10,10,0.0,1.1121854186058044e-05,"This|not|or|by|of|climax,|will|hardly|suggest|with"
text,0,2026-10-05T13:51:05,nodeGcor3,3.11.9,unknown,13155630,19321,147,0,0,0.9963215589523315,integrated_gradients,attribution,10,147,0.23105270783970472,0.62,0.5397107178879813,0.9454545454545455,0.6666666666666666,10,10,1.0,0.0658787339925766,movies|awful.|too|prolonged|rating|cast|crew.|movie|bad|movie
text,0,2026-10-05T13:51:05,nodeGcor3,3.11.9,unknown,13155630,19321,147,0,0,0.9963215589523315,lime,attribution,10,147,0.14877519083782229,0.78,0.48902717696224673,0.8198135198135198,0.42857142857142855,10,10,0.25,0.3052179887890816,movies|this|was|awful.|cast|this|movie|bad|as|Trust
text,0,2026-10-05T13:51:05,nodeGcor3,3.11.9,unknown,13155630,19321,147,0,0,0.9963215589523315,random,attribution,10,147,0.0022755523585232438,0.51,0.3250801963199629,0.03742690058479532,0.0,10,10,0.1111111111111111,1.041404902935028e-05,saw|It|they|It|bailed|as|were|too|for|boils
text,0,2026-10-05T13:51:05,nodeGcor3,3.11.9,unknown,13155630,19378,110,1,1,0.9947595000267029,integrated_gradients,attribution,10,110,0.012882329661019234,0.66,0.6292028839460251,0.9818181818181818,0.8181818181818182,10,10,1.0,0.051269959192723036,"It's|really|deep|touching,|thanks|great|work|actresses.|Golden|great."
text,0,2026-10-05T13:51:05,nodeGcor3,3.11.9,unknown,13155630,19378,110,1,1,0.9947595000267029,lime,attribution,10,110,0.02999539525186654,0.72,0.490183781398421,0.9818181818181818,0.8181818181818182,10,10,0.3333333333333333,0.13742580590769649,"about|without|deep|touching,|the|great|I|also|great.|incredible."
text,0,2026-10-05T13:51:05,nodeGcor3,3.11.9,unknown,13155630,19378,110,1,1,0.9947595000267029,random,attribution,10,110,0.0013820835451707218,0.51,0.33167531850121057,0.02631578947368421,0.0,10,10,0.05263157894736842,9.224284440279007e-06,Portman)|hates|(Susane|to|and|without|work|for|the|I
text,0,2026-10-05T13:51:05,nodeGcor3,3.11.9,unknown,13155630,19411,117,1,1,0.9950946569442749,integrated_gradients,attribution,10,117,0.0023813234662188815,0.83,0.6043321584035964,1.0,0.8181818181818182,10,10,1.0,0.056394861079752445,"favourite|a|superb|dramatisation|absorbing|'magical'|excellent,|Very|highly|recommended."
text,0,2026-10-05T13:51:05,nodeGcor3,3.11.9,unknown,13155630,19411,117,1,1,0.9950946569442749,lime,attribution,10,117,0.0021580219801019688,0.66,0.4454437530214769,0.9121212121212121,0.6666666666666666,10,10,0.3333333333333333,0.14361317222937942,"one|superb|Lewis|absorbing|excellent|you|excellent,|cast.|it|recommended."
text,0,2026-10-05T13:51:05,nodeGcor3,3.11.9,unknown,13155630,19411,117,1,1,0.9950946569442749,random,attribution,10,117,0.0003985644014543827,0.49,0.3576042088230462,0.07192982456140351,0.0,10,10,0.0,9.792856872081757e-06,beautiful|and|dramatisation|the|Davidman.|dialogue|and|all|were|NOTHING
text,0,2026-10-05T13:51:05,nodeGcor3,3.11.9,unknown,13155630,20039,128,0,0,0.9754135012626648,integrated_gradients,attribution,10,128,0.8718917057135644,0.76,0.6971498426716481,1.0,0.6666666666666666,10,10,1.0,0.05775895435363054,"bad.|highlight|film.|worth|watching|this|dull|sequel,|story.|(Ioan"
text,0,2026-10-05T13:51:05,nodeGcor3,3.11.9,unknown,13155630,20039,128,0,0,0.9754135012626648,lime,attribution,10,128,0.729172806652456,0.78,0.5979616795806564,0.8121212121212121,0.5384615384615384,10,10,0.42857142857142855,0.16580675402656198,"Cruella|and|cure|highlight|of|worth|this|dull|sequel,|which"
text,0,2026-10-05T13:51:05,nodeGcor3,3.11.9,unknown,13155630,20039,128,0,0,0.9754135012626648,random,attribution,10,128,0.13182337397339386,0.53,0.3814511251999383,0.038011695906432746,0.0,10,10,0.05263157894736842,9.431969374418259e-06,"Kevin|cured,|in|Things|back,|wanted.|the|this|of|(Ioan"
text,0,2026-10-05T13:51:05,nodeGcor3,3.11.9,unknown,13155630,20050,131,0,0,0.9946255087852478,integrated_gradients,attribution,10,131,0.3185971130781857,0.71,0.5425067569583378,0.9272727272727274,0.6666666666666666,10,10,1.0,0.05745532223954797,"pretty|good.|bad.|Criminally|footage,|poorly|lack|inaudible,|glitches|bad"
text,0,2026-10-05T13:51:05,nodeGcor3,3.11.9,unknown,13155630,20050,131,0,0,0.9946255087852478,lime,attribution,10,131,0.3653927504369107,0.72,0.5395463648605341,0.9454545454545455,0.5384615384615384,10,10,0.5384615384615384,0.2793095875531435,"good.|This|bad.|poorly|done.|lack|sometimes|inaudible,|basically|wants."
text,0,2026-10-05T13:51:05,nodeGcor3,3.11.9,unknown,13155630,20050,131,0,0,0.9946255087852478,random,attribution,10,131,0.006939574149937973,0.55,0.3273020125557988,0.038011695906432746,0.0,10,10,0.0,1.0363291949033737e-05,"good.|a|lighting,|glitches|who|is|only|extra|the|Satan's"
text,0,2026-10-05T13:51:05,nodeGcor3,3.11.9,unknown,13155630,20077,83,1,1,0.9932156205177307,integrated_gradients,attribution,10,83,0.33229162872171353,0.73,0.6450637792618809,0.9818181818181818,0.6666666666666666,10,10,1.0,0.0481415418908,"This|witty,|well-acted|it's|truly|outstanding.|fact,|it's|best|film"
text,0,2026-10-05T13:51:05,nodeGcor3,3.11.9,unknown,13155630,20077,83,1,1,0.9932156205177307,lime,attribution,10,83,0.22462033992716848,0.79,0.5654845734258055,0.9356643356643357,0.8181818181818182,10,10,0.6666666666666666,0.18708349484950304,"This|witty,|it's|truly|outstanding.|fact,|best|funniest|primitive,|dull"
text,0,2026-10-05T13:51:05,nodeGcor3,3.11.9,unknown,13155630,20077,83,1,1,0.9932156205177307,random,attribution,10,83,0.014787204502708422,0.45,0.32899540162186103,0.06618507051943583,0.0,10,10,0.05263157894736842,1.1218246072530746e-05,"Just|""Johnny|better|This|its|parody|even|period|primitive,|""Jane"
text,0,2026-10-05T13:51:05,nodeGcor3,3.11.9,unknown,13155630,20186,137,1,1,0.9838160872459412,integrated_gradients,attribution,10,137,0.17428990418155674,0.56,0.5440075198473182,0.8393939393939395,0.5384615384615384,10,10,1.0,0.061611345037817955,"there.|comedy,|Its|truly|only|made.|However,|unique|surprised|this"
text,0,2026-10-05T13:51:05,nodeGcor3,3.11.9,unknown,13155630,20186,137,1,1,0.9838160872459412,lime,attribution,10,137,0.11187217502807364,0.63,0.44134926406157016,0.9272727272727274,0.5384615384615384,10,10,0.5384615384615384,0.17328964499756694,"animes|comedy,|blunders|it!|truly|fall|Truly|unique|is.|surprised"
text,0,2026-10-05T13:51:05,nodeGcor3,3.11.9,unknown,13155630,20186,137,1,1,0.9838160872459412,random,attribution,10,137,0.014553704039726894,0.54,0.35746684780992966,0.03216374269005848,0.0,10,10,0.0,2.2303778678178787e-05,in|he|not|that|once|survived|to|many.|a|world....or
text,0,2026-10-05T13:51:05,nodeGcor3,3.11.9,unknown,13155630,20212,156,1,1,0.9930423498153687,integrated_gradients,attribution,10,156,0.011527394819094714,0.6,0.6458801514835835,0.9636363636363636,0.8181818181818182,10,10,1.0,0.06635448290035129,"heart-warming|great|Computer|This|a|wonderful|film|everyone,|But|if"
text,0,2026-10-05T13:51:05,nodeGcor3,3.11.9,unknown,13155630,20212,156,1,1,0.9930423498153687,lime,attribution,10,156,0.04707017550388386,0.61,0.4899256522974853,0.9636363636363636,0.8181818181818182,10,10,0.42857142857142855,0.20144760143011808,true-story|this|heart-warming|stunning|This|wonderful|film|touch|it;|thank
text,0,2026-10-05T13:51:05,nodeGcor3,3.11.9,unknown,13155630,20212,156,1,1,0.9930423498153687,random,attribution,10,156,0.002129949870610017,0.51,0.30624955109258645,0.026900584795321637,0.0,10,10,0.05263157894736842,1.0170973837375641e-05,"age|Boys,""|book|the|so|at|Rocket|make|Engineering.|in"
text,0,2026-10-05T13:51:05,nodeGcor3,3.11.9,unknown,13155630,20225,115,1,1,0.9950079917907715,integrated_gradients,attribution,10,115,0.0008663270846601999,0.69,0.48112609916058025,0.8727272727272728,0.6666666666666666,10,10,1.0,0.050982937682420015,"brilliantly|brilliant|exceptional|thrilling,|joyful|excellent|performances|great|skills|best."
text,0,2026-10-05T13:51:05,nodeGcor3,3.11.9,unknown,13155630,20225,115,1,1,0.9950079917907715,lime,attribution,10,115,0.0034381120658959698,0.67,0.40958984170134727,0.9454545454545455,0.6666666666666666,10,10,0.17647058823529413,0.13272787583991885,"brilliantly|Beautifully|never|understand|exceptional|thrilling,|sorrow,|excellent|camera|best."
text,0,2026-10-05T13:51:05,nodeGcor3,3.11.9,unknown,13155630,20225,115,1,1,0.9950079917907715,random,attribution,10,115,0.0003425292677421535,0.6,0.3311868526358782,0.03742690058479532,0.0,10,10,0.05263157894736842,9.764917194843292e-06,"is|is|never|falters.|traditions|tale|in|thrilling,|uplifting|the"
text,0,2026-10-05T13:51:05,nodeGcor3,3.11.9,unknown,13155630,20605,148,0,0,0.6974543929100037,integrated_gradients,attribution,10,148,0.556103645538807,0.51,0.6099804179602947,0.9636363636363636,0.42857142857142855,10,10,1.0,0.062268735840916634,"typical,|standards.|ruin|experience.|flick,|this|movie|perfect|for|to."
text,0,2026-10-05T13:51:05,nodeGcor3,3.11.9,unknown,13155630,20605,148,0,0,0.6974543929100037,lime,attribution,10,148,0.0,0.5,0.5633266674705134,0.8939393939393939,0.6666666666666666,10,10,0.6666666666666666,0.179997893050313,"ruin|experience.|this|perfect|for|you,|fun.|It|would|be"
text,0,2026-10-05T13:51:05,nodeGcor3,3.11.9,unknown,13155630,20605,148,0,0,0.6974543929100037,random,attribution,10,148,0.0,0.42,0.3053293131583419,0.03742690058479532,0.0,10,10,0.1111111111111111,1.0288320481777191e-05,also|the|This|is|should|are)|fun.|would|a|of
text,0,2026-10-05T13:51:05,nodeGcor3,3.11.9,unknown,13155630,20811,156,0,0,0.8778960704803467,integrated_gradients,attribution,10,156,0.5498745574272513,0.51,0.5967757925851298,0.851948051948052,0.42857142857142855,10,10,1.0,0.06559343310073018,"pointlessly|predictably|disastrous|film.|1967,|outstanding|performances|that|This|1992"
text,0,2026-10-05T13:51:05,nodeGcor3,3.11.9,unknown,13155630,20811,156,0,0,0.8778960704803467,lime,attribution,10,156,0.7688603138970219,0.63,0.5113403685541887,0.9090909090909092,0.8181818181818182,10,10,0.6666666666666666,0.30157830100506544,"pointlessly|disastrous|results.|unnecessary|had|outstanding|unappealing,|not|interesting.|skip"
text,0,2026-10-05T13:51:05,nodeGcor3,3.11.9,unknown,13155630,20811,156,0,0,0.8778960704803467,random,attribution,10,156,0.20354686905495492,0.41,0.32169958189319403,0.04912280701754386,0.0,10,10,0.0,1.0434072464704514e-05,"a|classic|style,|the|unnecessary|innovative|allowed|to|the|better."
text,0,2026-10-05T13:51:05,nodeGcor3,3.11.9,unknown,13155630,20942,196,0,0,0.9966495633125305,integrated_gradients,attribution,10,196,0.010034085869838566,0.58,0.5443626860389323,0.9303030303030303,0.6666666666666666,10,10,1.0,0.08632137160748243,don't|movie|lead|worst|miscasting|not|cat-and-mouse|really|ruined|movie
text,0,2026-10-05T13:51:05,nodeGcor3,3.11.9,unknown,13155630,20942,196,0,0,0.9966495633125305,lime,attribution,10,196,0.012814361337730597,0.59,0.44348143064653045,0.9818181818181818,0.5384615384615384,10,10,0.25,0.39330311492085457,"with|look,|The|worst|cases|miscasting|I've|not|lacks|dull."
text,0,2026-10-05T13:51:05,nodeGcor3,3.11.9,unknown,13155630,20942,196,0,0,0.9966495633125305,random,attribution,10,196,0.0009339151564155384,0.46,0.3463795611451945,0.021052631578947368,0.0,10,10,0.0,1.3872049748897552e-05,"I'm|Bogart|in|in|lead|dashing,|miscasting|not|the|may"
text,0,2026-10-05T13:51:05,nodeGcor3,3.11.9,unknown,13155630,20995,135,1,1,0.9825909733772278,integrated_gradients,attribution,10,135,0.49638993078676125,0.59,0.7266548902290129,0.9090909090909092,0.6666666666666666,10,10,1.0,0.06100729526951909,wrong!|huh?)|is|outstanding.|enjoyed|wide|range|setting...|wasn't|enough
text,0,2026-10-05T13:51:05,nodeGcor3,3.11.9,unknown,13155630,20995,135,1,1,0.9825909733772278,lime,attribution,10,135,0.3424837555226249,0.54,0.5498659469901056,0.8939393939393939,0.42857142857142855,10,10,0.42857142857142855,0.16607186617329717,wrong!|huh?)|outstanding.|can't|enjoyed|enough|dislike|I|recommend|this
text,0,2026-10-05T13:51:05,nodeGcor3,3.11.9,unknown,13155630,20995,135,1,1,0.9825909733772278,random,attribution,10,135,0.017514742518732477,0.48,0.33751219406771704,0.042105263157894736,0.0,10,10,0.0,1.2559816241264343e-05,or|close|(I|it|much|Bianca|expecting|enough|this|10
text,0,2026-10-05T13:51:05,nodeGcor3,3.11.9,unknown,13155630,21038,103,1,1,0.9948803186416626,integrated_gradients,attribution,10,103,0.2002474699128086,0.87,0.6372738438482586,0.9636363636363636,0.6666666666666666,10,10,1.0,0.05104978196322918,"Nevertheless,|it|a|beautiful|flick.|believable.|performances|good|incredibly|touching."
text,0,2026-10-05T13:51:05,nodeGcor3,3.11.9,unknown,13155630,21038,103,1,1,0.9948803186416626,lime,attribution,10,103,0.1879267561910315,0.63,0.5554902285991192,0.8939393939393939,0.5384615384615384,10,10,0.5384615384615384,0.1687806248664856,definitely|beautiful|flick.|characters|believable.|performances|good|touching.|back|days
text,0,2026-10-05T13:51:05,nodeGcor3,3.11.9,unknown,13155630,21038,103,1,1,0.9948803186416626,random,attribution,10,103,0.0014392508873772851,0.47,0.3334692553914673,0.07539559683522531,0.0,10,10,0.05263157894736842,1.3850163668394089e-05,"unlike|stuff,|profanity.|it|slow|the|story|best|The|in"
text,0,2026-10-05T13:51:05,nodeGcor3,3.11.9,unknown,13155630,21225,152,1,1,0.9874235987663269,integrated_gradients,attribution,10,152,0.027181821029892216,0.51,0.6284714231639217,0.9818181818181818,0.5384615384615384,10,10,1.0,0.06273811822757125,a|very|and|fun|film.My|crappy|was|very|and|very
text,0,2026-10-05T13:51:05,nodeGcor3,3.11.9,unknown,13155630,21225,152,1,1,0.9874235987663269,lime,attribution,10,152,0.06598077690509827,0.6,0.46025463906650677,0.8757575757575757,0.6666666666666666,10,10,0.6666666666666666,0.1902886861935258,and|fun|film.My|crappy|while|film|good.I|believable|cliché'e|good.Overall
text,0,2026-10-05T13:51:05,nodeGcor3,3.11.9,unknown,13155630,21225,152,1,1,0.9874235987663269,random,attribution,10,152,0.009618911834981779,0.53,0.33280455183873936,0.04327485380116959,0.0,10,10,0.0,1.2747012078762054e-05,"nothing|say|and|horror|very|this,|you|horror|time|out"
text,0,2026-10-05T13:51:05,nodeGcor3,3.11.9,unknown,13155630,21292,152,0,0,0.9951419830322266,integrated_gradients,attribution,10,152,0.5048419618163035,0.87,0.5960564783648692,0.9454545454545455,0.5384615384615384,10,10,1.0,0.06650325004011393,"film.""|up.|This|thing|mess.|bad|isn't|cheap|isn't|boring."
text,0,2026-10-05T13:51:05,nodeGcor3,3.11.9,unknown,13155630,21292,152,0,0,0.9951419830322266,lime,attribution,10,152,0.11614503173030297,0.85,0.5265139295843371,0.9636363636363636,0.8181818181818182,10,10,0.42857142857142855,0.32272306689992547,"up.|This|mess.|bad|chills,|isn't|interesting|cheap|effects|boring."
text,0,2026-10-05T13:51:05,nodeGcor3,3.11.9,unknown,13155630,21292,152,0,0,0.9951419830322266,random,attribution,10,152,0.0012336700585156236,0.52,0.34310545655243496,0.047953216374269005,0.0,10,10,0.1111111111111111,1.3326294720172882e-05,"""thinking|young|to|no|even|One|dreams.|after-school|pretentious...something|seems"
text,0,2026-10-05T13:51:05,nodeGcor3,3.11.9,unknown,13155630,21302,220,0,0,0.6950793862342834,integrated_gradients,attribution,10,220,0.3705477092692302,0.45,0.5400104783988511,0.9636363636363636,0.6666666666666666,10,10,1.0,0.08589690271764994,very|strange|bad|bad|problems|continues|unconvincing|sci-fi|comedy|much
text,0,2026-10-05T13:51:05,nodeGcor3,3.11.9,unknown,13155630,21302,220,0,0,0.6950793862342834,lime,attribution,10,220,0.1817066025056646,0.46,0.46002943840440835,0.8363636363636365,0.42857142857142855,10,10,0.42857142857142855,0.3665204672142863,very|really|good|bad|script|ill|path|did|comedy|than
text,0,2026-10-05T13:51:05,nodeGcor3,3.11.9,unknown,13155630,21302,220,0,0,0.6950793862342834,random,attribution,10,220,0.01343781162915876,0.41,0.32854152325616726,0.010526315789473684,0.0,10,10,0.0,2.5579240173101425e-05,style|some|T&A|ten|problems|any|CIRCUIT|had|to|ARE
text,0,2026-10-05T13:51:05,nodeGcor3,3.11.9,unknown,13155630,21409,134,0,0,0.995345413684845,integrated_gradients,attribution,10,134,0.47868448197136076,0.77,0.5226754442411093,0.9454545454545455,0.8181818181818182,10,10,1.0,0.06160047696903348,quite|copy|very|poor.|without|lacks|bad|complete|waste|time.
text,0,2026-10-05T13:51:05,nodeGcor3,3.11.9,unknown,13155630,21409,134,0,0,0.995345413684845,lime,attribution,10,134,0.6432638237033378,0.6,0.5063180957307054,0.9636363636363636,0.5384615384615384,10,10,0.42857142857142855,0.25096723483875394,"nothing|poor.|good|directing.|masterpiece,|lacks|bad|copy|wonderful|waste"
text,0,2026-10-05T13:51:05,nodeGcor3,3.11.9,unknown,13155630,21409,134,0,0,0.995345413684845,random,attribution,10,134,0.007789390162658223,0.55,0.3637629750486061,0.05039559683522532,0.0,10,10,0.17647058823529413,1.3446900993585587e-05,"Nowhere|Baldwin|a|watched|huge|disappointed,|indeed|copy|is|a"
text,0,2026-10-05T13:51:05,nodeGcor3,3.11.9,unknown,13155630,21562,108,1,1,0.9948603510856628,integrated_gradients,attribution,10,108,0.0021180293292421834,0.75,0.567495946617625,0.862937062937063,0.25,10,10,1.0,0.056182718370109797,"the|best|saw.Overcoming|amazing|best|light,best|performance|film,great|performance.And|bravery,greatness"
text,0,2026-10-05T13:51:05,nodeGcor3,3.11.9,unknown,13155630,21562,108,1,1,0.9948603510856628,lime,attribution,10,108,0.0069031867318571395,0.86,0.47649012126444357,0.9484848484848485,0.25,10,10,0.42857142857142855,0.14514169190078974,"best|saw.Overcoming|movie.Hated|so|this|film,great|performance.And|this|great|drama."
text,0,2026-10-05T13:51:05,nodeGcor3,3.11.9,unknown,13155630,21562,108,1,1,0.9948603510856628,random,attribution,10,108,0.00029932322156862266,0.6,0.3382561237852827,0.06745786033711729,0.0,10,10,0.1111111111111111,1.9884202629327774e-05,"Brashear|is|amazing|light,best|is|the|much|was|movie.|Vote"
text,0,2026-10-05T13:51:05,nodeGcor3,3.11.9,unknown,13155630,21599,124,1,1,0.9928231239318848,integrated_gradients,attribution,10,124,0.07917717488248649,0.56,0.620339371143064,0.9272727272727274,0.6666666666666666,10,10,1.0,0.057022040244191885,"shitty|surprised|a|very|good|very|very|excellent,|camera-work,|acting."
text,0,2026-10-05T13:51:05,nodeGcor3,3.11.9,unknown,13155630,21599,124,1,1,0.9928231239318848,lime,attribution,10,124,0.03206496706932085,0.54,0.4991741795563446,0.9303030303030303,0.6666666666666666,10,10,0.6666666666666666,0.226756164804101,"shitty|film.|But|surprised|very|excellent,|camera-work,|dialogues|acting.|he"
text,0,2026-10-05T13:51:05,nodeGcor3,3.11.9,unknown,13155630,21599,124,1,1,0.9928231239318848,random,attribution,10,124,0.008307353966017979,0.59,0.29690944329242763,0.04327485380116959,0.0,10,10,0.0,1.0507181286811829e-05,"movie|ago,|be|very|Manuccie.|especially|as|in|dialogues|and"
text,0,2026-10-05T13:51:05,nodeGcor3,3.11.9,unknown,13155630,21689,125,0,0,0.9927391409873962,integrated_gradients,attribution,10,125,0.37599795717893036,0.68,0.5545179005781908,0.8424242424242424,0.3333333333333333,10,10,1.0,0.05698659038171172,rent|video|store|is|incoherrent|mess.|too|liked|couldn't|superior
text,0,2026-10-05T13:51:05,nodeGcor3,3.11.9,unknown,13155630,21689,125,0,0,0.9927391409873962,lime,attribution,10,125,0.3774482376555494,0.6,0.5743263810439287,0.787878787878788,0.5384615384615384,10,10,0.5384615384615384,0.22863465920090675,hilarious|collection|fun|is|incoherrent|mess.|jokes|relevant|nudity|superior
text,0,2026-10-05T13:51:05,nodeGcor3,3.11.9,unknown,13155630,21689,125,0,0,0.9927391409873962,random,attribution,10,125,0.012549444177230458,0.5,0.34451237042051774,0.042105263157894736,0.0,10,10,0.1111111111111111,1.1226162314414978e-05,"store|times.|the|anymore,|like|Yeah,|about|had|it|funny?"
text,0,2026-10-05T13:51:05,nodeGcor3,3.11.9,unknown,13155630,21835,86,1,1,0.9946774244308472,integrated_gradients,attribution,10,86,0.027475087065983905,0.68,0.5480902499770224,1.0,0.6666666666666666,10,10,1.0,0.03837403515353799,movie|has|the|best|ever|good|marvelous|poetic|love|movie!!
text,0,2026-10-05T13:51:05,nodeGcor3,3.11.9,unknown,13155630,21835,86,1,1,0.9946774244308472,lime,attribution,10,86,0.021474757965613205,0.82,0.5166752000526325,0.9272727272727274,0.6666666666666666,10,10,0.42857142857142855,0.18056349083781242,This|movie|best|ever|good|marvelous|genius.|love|this|movie!!
text,0,2026-10-05T13:51:05,nodeGcor3,3.11.9,unknown,13155630,21835,86,1,1,0.9946774244308472,random,attribution,10,86,0.0005801203002076113,0.49,0.3226352449942934,0.060921912624699,0.0,10,10,0.05263157894736842,1.192418858408928e-05,written.|really|George|man|piece|of|dialogue.|I|time|imaginative
text,0,2026-10-05T13:51:05,nodeGcor3,3.11.9,unknown,13155630,22059,99,0,0,0.9966691136360168,integrated_gradients,attribution,10,99,0.11195572745306849,0.64,0.5168895510181609,0.9636363636363636,0.8181818181818182,10,10,1.0,0.04750325018540025,uneven.|was|awful|movie|DVD.|budget|schedule|gun|just|unbelievable.
text,0,2026-10-05T13:51:05,nodeGcor3,3.11.9,unknown,13155630,22059,99,0,0,0.9966691136360168,lime,attribution,10,99,0.17052534029434135,0.73,0.5042460895230554,0.9454545454545455,0.8181818181818182,10,10,0.3333333333333333,0.19073785189539194,murder|plot|holes.|acting|uneven.|color|awful|movie|budget|unbelievable.
text,0,2026-10-05T13:51:05,nodeGcor3,3.11.9,unknown,13155630,22059,99,0,0,0.9966691136360168,random,attribution,10,99,0.0016569253180951542,0.54,0.30854802074596566,0.06242690058479532,0.0,10,10,0.0,1.1470168828964233e-05,bar|The|take|about|has|too|to|even|in|schedule
text,0,2026-10-05T13:51:05,nodeGcor3,3.11.9,unknown,13155630,22125,108,0,0,0.9957352876663208,integrated_gradients,attribution,10,108,0.10695077945410857,0.87,0.4992064069730344,1.0,0.8181818181818182,10,10,1.0,0.051554614678025246,movie|(movie?)|(actors?)of|this|bad|remake|unlucky|this|rubbish;|cinema
text,0,2026-10-05T13:51:05,nodeGcor3,3.11.9,unknown,13155630,22125,108,0,0,0.9957352876663208,lime,attribution,10,108,0.2351998417782326,0.9,0.5920326727436991,1.0,0.8181818181818182,10,10,0.5384615384615384,0.17391413310542703,"ridiculous|this|bad|remake|directing,|playing,|copy|movie|this|rubbish;"
text,0,2026-10-05T13:51:05,nodeGcor3,3.11.9,unknown,13155630,22125,108,0,0,0.9957352876663208,random,attribution,10,108,0.020361893982556577,0.49,0.35220320211213674,0.061506707946336434,0.0,10,10,0.1111111111111111,1.1309981346130371e-05,"i've|this|because|this|directing,|only|watch|cinema|an|relaxed"
text,0,2026-10-05T13:51:05,nodeGcor3,3.11.9,unknown,13155630,22266,160,0,0,0.9868786931037903,integrated_gradients,attribution,10,160,0.6171198273704954,0.56,0.5974759891951491,0.9090909090909092,0.6666666666666666,10,10,1.0,0.06619242299348116,film's|doesn't|none|flop|confused|is|disorienting.|Great|this|flick.
text,0,2026-10-05T13:51:05,nodeGcor3,3.11.9,unknown,13155630,22266,160,0,0,0.9868786931037903,lime,attribution,10,160,0.4297363598659353,0.55,0.5138462559487589,0.9818181818181818,0.8181818181818182,10,10,0.6666666666666666,0.31670256704092026,doesn't|utter|flop|confused|without|is|disorienting.|challenged|this|flick.
text,0,2026-10-05T13:51:05,nodeGcor3,3.11.9,unknown,13155630,22266,160,0,0,0.9868786931037903,random,attribution,10,160,0.11316200317241987,0.5,0.3593711936419429,0.04269005847953216,0.0,10,10,0.05263157894736842,9.688083082437515e-06,"see|neglected|appear|the|flop|helps|-|Keith|but|""The"
text,0,2026-10-05T13:51:05,nodeGcor3,3.11.9,unknown,13155630,22287,107,0,0,0.9897116422653198,integrated_gradients,attribution,10,107,0.43893929190490877,0.74,0.5628693830259738,0.8727272727272728,0.6666666666666666,10,10,1.0,0.05410108808428049,"movie|tired,|clichés.|basement?|film|very|immature|enjoyable|impression|lame."
text,0,2026-10-05T13:51:05,nodeGcor3,3.11.9,unknown,13155630,22287,107,0,0,0.9897116422653198,lime,attribution,10,107,0.6462446624749784,0.69,0.5412463095412872,0.9272727272727274,0.6666666666666666,10,10,0.8181818181818182,0.13769560074433684,"This|tired,|clichés.|performing|basement?|immature|enjoyable|editing|of|lame."
text,0,2026-10-05T13:51:05,nodeGcor3,3.11.9,unknown,13155630,22287,107,0,0,0.9897116422653198,random,attribution,10,107,0.22880241783514768,0.66,0.3346265858362283,0.04853801169590643,0.0,10,10,0.0,9.955838322639465e-06,"This|childish,|basement?|that|immature|of|aged|Barbeau|only|lame."
text,0,2026-10-05T13:51:05,nodeGcor3,3.11.9,unknown,13155630,22533,169,1,1,0.9929060935974121,integrated_gradients,attribution,10,169,0.10077781513008609,0.64,0.6558664704263669,0.9454545454545455,0.6666666666666666,10,10,1.0,0.06602764595299959,film|month|happy|this|film|a|brilliant|with|the|of
text,0,2026-10-05T13:51:05,nodeGcor3,3.11.9,unknown,13155630,22533,169,1,1,0.9929060935974121,lime,attribution,10,169,0.07666728698178675,0.62,0.4791551060102227,0.890909090909091,0.5384615384615384,10,10,0.42857142857142855,0.2042703302577138,now|this|film|gives|a|brilliant|fine|quid|happy.|suggest
text,0,2026-10-05T13:51:05,nodeGcor3,3.11.9,unknown,13155630,22533,169,1,1,0.9929060935974121,random,attribution,10,169,0.012432255585837606,0.47,0.3238216161134144,0.04327485380116959,0.0,10,10,0.0,1.109810546040535e-05,I|ago|a|this|gives|some|a|some|all|two
text,0,2026-10-05T13:51:05,nodeGcor3,3.11.9,unknown,13155630,22669,198,1,1,0.9945307374000549,integrated_gradients,attribution,10,198,0.008081109195870392,0.57,0.5981853958367916,0.9272727272727274,0.5384615384615384,10,10,1.0,0.08302330132573843,such|impact|on|uplifting|very|an|incredible|the|best|work
text,0,2026-10-05T13:51:05,nodeGcor3,3.11.9,unknown,13155630,22669,198,1,1,0.9945307374000549,lime,attribution,10,198,0.007492153196643041,0.52,0.40468430421235335,0.9090909090909092,0.3333333333333333,10,10,0.25,0.34660046827048063,awe.|of|underrated|of|uplifting|that|incredible|best|I'm|that
text,0,2026-10-05T13:51:05,nodeGcor3,3.11.9,unknown,13155630,22669,198,1,1,0.9945307374000549,random,attribution,10,198,0.0008744741004097161,0.54,0.3328147150811389,0.021052631578947368,0.0,10,10,0.0,1.2394972145557404e-05,me|and|It's|though|are|and|their|job|plan|friend.
text,0,2026-10-05T13:51:05,nodeGcor3,3.11.9,unknown,13155630,22689,143,1,1,0.9857729077339172,integrated_gradients,attribution,10,143,0.011452472333536395,0.6,0.6158695135838512,1.0,0.6666666666666666,10,10,1.0,0.06177754420787096,"gem|unfold,|never|most|performances|one|of|the|best|thrillers"
text,0,2026-10-05T13:51:05,nodeGcor3,3.11.9,unknown,13155630,22689,143,1,1,0.9857729077339172,lime,attribution,10,143,0.026119318379359706,0.58,0.4983850184083436,0.8447552447552449,0.42857142857142855,10,10,0.6666666666666666,0.17321949591860175,this|gem|appreciate|this|never|This|best|thrillers|seen|intricate
text,0,2026-10-05T13:51:05,nodeGcor3,3.11.9,unknown,13155630,22689,143,1,1,0.9857729077339172,random,attribution,10,143,0.006753201993527234,0.51,0.34858213560242124,0.03742690058479532,0.0,10,10,0.0,9.505078196525574e-06,twice|two|two|sons'|after|Paxton|plays|younger|one|every
text,0,2026-10-05T13:51:05,nodeGcor3,3.11.9,unknown,13155630,22711,147,1,1,0.9908919930458069,integrated_gradients,attribution,10,147,0.14090124948201166,0.68,0.6447656554551644,0.9454545454545455,0.8181818181818182,10,10,1.0,0.06687393272295594,"genius.|perfectly|acclaim,|Particularly|brilliant|a|great|indication|drama,|Outstanding!"
text,0,2026-10-05T13:51:05,nodeGcor3,3.11.9,unknown,13155630,22711,147,1,1,0.9908919930458069,lime,attribution,10,147,0.16232673293829572,0.58,0.4783039185775402,0.9666666666666666,0.8181818181818182,10,10,0.6666666666666666,0.3178586750291288,"genius.|""worst|acclaim,|brilliant|gives|great|indication|drama,|comedy|Outstanding!"
text,0,2026-10-05T13:51:05,nodeGcor3,3.11.9,unknown,13155630,22711,147,1,1,0.9908919930458069,random,attribution,10,147,0.008512723670357243,0.53,0.29537491802538796,0.05438596491228069,0.0,10,10,0.0,1.1770986020565033e-05,"having|story,|subject|see|to|a|high|we|pitches|the"
text,0,2026-10-05T13:51:05,nodeGcor3,3.11.9,unknown,13155630,22837,76,1,1,0.746554970741272,integrated_gradients,attribution,10,76,0.0,0.44,0.5631773624809705,0.7713286713286714,0.6666666666666666,10,10,1.0,0.04815733293071389,"possibly|most|drama,|it?|great|impressive|can't|recommend|this|enough."
text,0,2026-10-05T13:51:05,nodeGcor3,3.11.9,unknown,13155630,22837,76,1,1,0.746554970741272,lime,attribution,10,76,0.0,0.48,0.5873189690467597,0.8939393939393939,0.6666666666666666,10,10,0.5384615384615384,0.22486554039642215,"possibly|one|everything|great|impressive|effects,|I|can't|this|enough."
text,0,2026-10-05T13:51:05,nodeGcor3,3.11.9,unknown,13155630,22837,76,1,1,0.746554970741272,random,attribution,10,76,0.0,0.46,0.2900075011963156,0.05380116959064327,0.0,10,10,0.0,1.1603347957134247e-05,"the|ever.|It|of|man,|revenge.|better|special|recommend|enough."
text,0,2026-10-05T13:51:05,nodeGcor3,3.11.9,unknown,13155630,22902,144,0,0,0.9896317720413208,integrated_gradients,attribution,10,144,0.8955765992064453,0.6,0.5651752862109345,0.890909090909091,0.8181818181818182,10,10,1.0,0.06157361716032028,"plot|absurd|none|actors|film|tiring,|bad|film,|lots|stupid"
text,0,2026-10-05T13:51:05,nodeGcor3,3.11.9,unknown,13155630,22902,144,0,0,0.9896317720413208,lime,attribution,10,144,0.8804775442976098,0.6,0.535986087690633,0.9121212121212121,0.8181818181818182,10,10,0.6666666666666666,0.1777740651741624,"plot|absurd|none|tiring,|just|bad|Bigas|Luna's|sex,|stupid"
text,0,2026-10-05T13:51:05,nodeGcor3,3.11.9,unknown,13155630,22902,144,0,0,0.9896317720413208,random,attribution,10,144,0.011701372489003067,0.41,0.33828233477567204,0.03742690058479532,0.0,10,10,0.05263157894736842,9.636860340833664e-06,a|torrid|sea.|the|thinking|film|development|of|the|Bigas
text,0,2026-10-05T13:51:05,nodeGcor3,3.11.9,unknown,13155630,23056,118,0,0,0.9963924288749695,integrated_gradients,attribution,10,118,0.1704354647699117,0.81,0.5593134055766511,0.9636363636363636,0.8181818181818182,10,10,1.0,0.05704914918169379,here...I|aim...poor|acting...no|$250|films|crap|films|melodrama...This|disappointed|film..
text,0,2026-10-05T13:51:05,nodeGcor3,3.11.9,unknown,13155630,23056,118,0,0,0.9963924288749695,lime,attribution,10,118,0.12460336797515728,0.85,0.5093042246734534,1.0,0.6666666666666666,10,10,0.5384615384615384,0.15128099219873548,aim...poor|acting...no|action|and|story..i|Beckham's|crap|not|melodrama...This|disappointed
text,0,2026-10-05T13:51:05,nodeGcor3,3.11.9,unknown,13155630,23056,118,0,0,0.9963924288749695,random,attribution,10,118,0.003723224889423391,0.63,0.31687040131646815,0.02631578947368421,0.0,10,10,0.05263157894736842,1.7002224922180176e-05,the|I|the|reading|that|get|Christian|melodrama...This|pales|say
text,0,2026-10-05T13:51:05,nodeGcor3,3.11.9,unknown,13155630,23243,91,0,0,0.9853702783584595,integrated_gradients,attribution,10,91,0.8085768190580924,0.67,0.5853660486313573,0.9666666666666666,0.42857142857142855,10,10,1.0,0.04723571473732591,"But|this|piece|junk|attempt|just|suffers|films.|movie,|films,"""
text,0,2026-10-05T13:51:05,nodeGcor3,3.11.9,unknown,13155630,23243,91,0,0,0.9853702783584595,lime,attribution,10,91,0.7510010724804422,0.59,0.572825644890522,0.9205128205128205,0.42857142857142855,10,10,0.6666666666666666,0.11119409697130322,love|But|allowance|this|of|junk|attempt|just|suffers|are
text,0,2026-10-05T13:51:05,nodeGcor3,3.11.9,unknown,13155630,23243,91,0,0,0.9853702783584595,random,attribution,10,91,0.0835546949903126,0.4,0.2698469243319447,0.07203302373581011,0.05263157894736842,10,10,0.05263157894736842,1.0631978511810303e-05,allowance|of|and|to|it|a|to|creativity|is|there
text,0,2026-10-05T13:51:05,nodeGcor3,3.11.9,unknown,13155630,23703,204,1,1,0.9916681051254272,integrated_gradients,attribution,10,204,0.03594521509632197,0.49,0.5928679682512799,1.0,0.8181818181818182,10,10,1.0,0.08668812084943056,"TV-series|a|quality|show,|very|but|funny.|too|ago|happy"
text,0,2026-10-05T13:51:05,nodeGcor3,3.11.9,unknown,13155630,23703,204,1,1,0.9916681051254272,lime,attribution,10,204,0.10767774830607853,0.58,0.4662121102808233,1.0,0.8181818181818182,10,10,0.6666666666666666,0.27609978010877967,"This|TV-series|quality|very|funny.|swear,|childhood.|so|happy|found"
text,0,2026-10-05T13:51:05,nodeGcor3,3.11.9,unknown,13155630,23703,204,1,1,0.9916681051254272,random,attribution,10,204,0.0060277939561578925,0.53,0.33642281931275664,0.038011695906432746,0.0,10,10,0.1111111111111111,1.195911318063736e-05,"see|still|the|dubbing|premise|you|viruses,|the|by|how"
text,0,2026-10-05T13:51:05,nodeGcor3,3.11.9,unknown,13155630,23746,118,0,0,0.9892441034317017,integrated_gradients,attribution,10,118,0.481871704854236,0.68,0.5885281154865201,0.8545454545454547,0.6666666666666666,10,10,1.0,0.05651906505227089,beauty|poor|Charlotte's|this|movie.|didn't|poor|script.This|movie|movie.
text,0,2026-10-05T13:51:05,nodeGcor3,3.11.9,unknown,13155630,23746,118,0,0,0.9892441034317017,lime,attribution,10,118,0.37880883030075385,0.75,0.5192153069906618,0.8030303030303031,0.42857142857142855,10,10,0.5384615384615384,0.14776958338916302,beauty|story|so|poor|foolish|simply|didn't|poor|script.This|Zhang
text,0,2026-10-05T13:51:05,nodeGcor3,3.11.9,unknown,13155630,23746,118,0,0,0.9892441034317017,random,attribution,10,118,0.007839541230994335,0.49,0.3532038416507993,0.021052631578947368,0.0,10,10,0.1111111111111111,2.113310620188713e-05,and|in|this|I|ending|doesn't.|the|be|put|movie
text,0,2026-10-05T13:51:05,nodeGcor3,3.11.9,unknown,13155630,23942,149,0,0,0.9885140061378479,integrated_gradients,attribution,10,149,0.5470198612404236,0.66,0.6538908884810016,1.0,0.42857142857142855,10,10,1.0,0.06509674899280071,terrible.|Carlitos|a|great|film.|one|better|capitalize|lacked|misery.
text,0,2026-10-05T13:51:05,nodeGcor3,3.11.9,unknown,13155630,23942,149,0,0,0.9885140061378479,lime,attribution,10,149,0.9498347758236856,0.81,0.5832547573192034,0.9272727272727274,0.5384615384615384,10,10,0.42857142857142855,0.30565911810845137,This|terrible.|Carlitos|great|film.|lacked|De|wasn't|bad|misery.
text,0,2026-10-05T13:51:05,nodeGcor3,3.11.9,unknown,13155630,23942,149,0,0,0.9885140061378479,random,attribution,10,149,0.020366712004145072,0.39,0.33244130567505326,0.026900584795321637,0.0,10,10,0.0,1.0162126272916794e-05,is|closer|to|THE|can|even|a|watched|get|came
text,0,2026-10-05T13:51:05,nodeGcor3,3.11.9,unknown,13155630,24084,140,0,0,0.9765130281448364,integrated_gradients,attribution,10,140,0.6982930959026855,0.67,0.6708538969803847,0.9636363636363636,0.6666666666666666,10,10,1.0,0.06129552097991109,"not|improve|problem|movie|script.|unnecessary.|Hollywood|movie|hollow,|message-less."
text,0,2026-10-05T13:51:05,nodeGcor3,3.11.9,unknown,13155630,24084,140,0,0,0.9765130281448364,lime,attribution,10,140,0.7892761443603405,0.71,0.5538580201141622,0.9484848484848485,0.6666666666666666,10,10,0.6666666666666666,0.17499201092869043,"not|improve|problem|script.|actors|unnecessary.|movie|hollow,|shallow,|message-less."
text,0,2026-10-05T13:51:05,nodeGcor3,3.11.9,unknown,13155630,24084,140,0,0,0.9765130281448364,random,attribution,10,140,0.08016366795925331,0.5,0.36170270460042675,0.015789473684210527,0.0,10,10,0.05263157894736842,1.0602176189422607e-05,"film,|we|to|the|No,|the|experience|in|end,|the"
text,0,2026-10-05T13:51:05,nodeGcor3,3.11.9,unknown,13155630,24267,175,1,1,0.994949460029602,integrated_gradients,attribution,10,175,0.036246856519000586,0.59,0.6319596249168997,1.0,1.0,10,10,1.0,0.06818907056003809,Nolan's|brilliant|very|clever|a|very|cool|movie|a|must
text,0,2026-10-05T13:51:05,nodeGcor3,3.11.9,unknown,13155630,24267,175,1,1,0.994949460029602,lime,attribution,10,175,0.013834431572249112,0.68,0.473650796244936,0.9818181818181818,0.8181818181818182,10,10,0.25,0.20743333082646132,"brilliant|classic.|one.|teach|No,|movie|surprise|this|a|must"
text,0,2026-10-05T13:51:05,nodeGcor3,3.11.9,unknown,13155630,24267,175,1,1,0.994949460029602,random,attribution,10,175,0.0005286811152469716,0.53,0.3273542616067877,0.04327485380116959,0.0,10,10,0.0,1.0643154382705688e-05,"as|story,|young|what|is|bond|But|No,|genius.|like"
text,0,2026-10-05T13:51:05,nodeGcor3,3.11.9,unknown,13155630,24352,158,1,1,0.7617157697677612,integrated_gradients,attribution,10,158,0.32696402902467786,0.49,0.6486233790569265,0.9818181818181818,0.42857142857142855,10,10,1.0,0.06540128635242581,"this|drawer.|content|this|forever,|feels|like|a|longer|Garfield"
text,0,2026-10-05T13:51:05,nodeGcor3,3.11.9,unknown,13155630,24352,158,1,1,0.7617157697677612,lime,attribution,10,158,0.5708871338169736,0.57,0.5224366065128115,0.9636363636363636,0.6666666666666666,10,10,0.5384615384615384,0.1868065013550222,"this|special|life.|drawer.|Not|forever,|including|Jon),|like|a"
text,0,2026-10-05T13:51:05,nodeGcor3,3.11.9,unknown,13155630,24352,158,1,1,0.7617157697677612,random,attribution,10,158,0.4492583025743634,0.6,0.3084267186339822,0.021637426900584796,0.0,10,10,0.0,9.320210665464401e-06,this|his|is|Jon|a|including|fusion|Office|Garfield|and
text,0,2026-10-05T13:51:05,nodeGcor3,3.11.9,unknown,13155630,24580,131,0,0,0.9969306588172913,integrated_gradients,attribution,10,131,0.003621667490447796,0.82,0.6191015612002364,1.0,0.5384615384615384,10,10,1.0,0.054402201902121305,poor|awful.|this|boring|mess.|film|quite|memorable|f****|movie
text,0,2026-10-05T13:51:05,nodeGcor3,3.11.9,unknown,13155630,24580,131,0,0,0.9969306588172913,lime,attribution,10,131,0.007043582754967633,0.95,0.39521708780723896,0.8939393939393939,0.8181818181818182,10,10,0.25,0.27017374709248543,wasted|this|terrible|film|i|awful.|this|boring|mess.|are
text,0,2026-10-05T13:51:05,nodeGcor3,3.11.9,unknown,13155630,24580,131,0,0,0.9969306588172913,random,attribution,10,131,0.0011574986812227705,0.45,0.3326667535902116,0.04269005847953216,0.0,10,10,0.0,9.980052709579468e-06,of|my|kept|the|the|acting|beautiful|unless|a|can
text,0,2026-10-05T13:51:05,nodeGcor3,3.11.9,unknown,13155630,24647,124,1,1,0.9919691681861877,integrated_gradients,attribution,10,124,0.2137768401237772,0.74,0.6839596579398826,0.9121212121212121,0.6666666666666666,10,10,1.0,0.05759255029261112,This|film|is|the|greatest|film|ever|http://uk.geocities.com/ninja3thedomination|excellent|best.
text,0,2026-10-05T13:51:05,nodeGcor3,3.11.9,unknown,13155630,24647,124,1,1,0.9919691681861877,lime,attribution,10,124,0.22434389439891805,0.61,0.5250544590398578,0.8118548118548119,0.42857142857142855,10,10,0.3333333333333333,0.1483300062827766,This|film|is|greatest|in|its|worth|http://uk.geocities.com/ninja3thedomination|excellent|best.
text,0,2026-10-05T13:51:05,nodeGcor3,3.11.9,unknown,13155630,24647,124,1,1,0.9919691681861877,random,attribution,10,124,0.017142215754970668,0.69,0.33392848985565315,0.049707602339181284,0.0,10,10,0.05263157894736842,9.419862180948257e-06,would|10/10|then|check|opening|excellent|best.|him|dying.|there's
text,0,2026-10-05T13:51:05,nodeGcor3,3.11.9,unknown,13155630,24676,171,0,0,0.9948403239250183,integrated_gradients,attribution,10,171,0.039642432161573565,0.7,0.507879690758329,1.0,0.8181818181818182,10,10,1.0,0.06664403714239597,"this|just|sucks.|don't|TV|guys|stupid,|funny-casue-its-stupid.|shouldn't|show"
text,0,2026-10-05T13:51:05,nodeGcor3,3.11.9,unknown,13155630,24676,171,0,0,0.9948403239250183,lime,attribution,10,171,0.6055991165353586,0.63,0.5109734848731976,0.9090909090909092,0.6666666666666666,10,10,0.42857142857142855,0.1996648060157895,this|sucks.|repeating|not|not|not|even|find|garbage|this
text,0,2026-10-05T13:51:05,nodeGcor3,3.11.9,unknown,13155630,24676,171,0,0,0.9948403239250183,random,attribution,10,171,0.0027311097691755703,0.45,0.3493895132052198,0.04981080151358789,0.0,10,10,0.25,9.977258741855621e-06,to|you.|these|not|i|i|put|the|favour|be
