modality,seed,date,host,python,commit,slurm_job,instance,n_words,y_true,y_pred,p_pred,method,kind,k,d,fid_del,fid_suf,sparsity,stability,robustness,n_valid_stab,n_valid_rob,consistency,time_s,top_words
text,2,2026-10-05T13:51:04,nodeGcor2,3.11.9,unknown,13155629,52,188,1,1,0.9609150886535645,integrated_gradients,attribution,10,188,0.14141580053444225,0.55,0.6077246263286554,0.9484848484848485,0.8181818181818182,10,10,1.0,0.11112451087683439,such|bad|innovative|humor|is|and|fresh.|hilarious|show|hilarity
text,2,2026-10-05T13:51:04,nodeGcor2,3.11.9,unknown,13155629,52,188,1,1,0.9609150886535645,lime,attribution,10,188,0.08125848247183261,0.61,0.49393782433566025,1.0,0.8181818181818182,10,10,0.8181818181818182,0.29195812437683344,"bad|innovative|never|and|fresh.|hilarious|love,|horrible|doesn't|lose"
text,2,2026-10-05T13:51:04,nodeGcor2,3.11.9,unknown,13155629,52,188,1,1,0.9609150886535645,random,attribution,10,188,0.03349140401501599,0.53,0.33592338270919997,0.026900584795321637,0.0,10,10,0.0,1.7522834241390228e-05,"never|carry|is|of|Annie|Award|time|get|groove""|warrant"
text,2,2026-10-05T13:51:04,nodeGcor2,3.11.9,unknown,13155629,193,207,1,1,0.9808392524719238,integrated_gradients,attribution,10,207,0.3599562025485071,0.58,0.6394568921772323,0.9454545454545455,0.8181818181818182,10,10,1.0,0.08512304304167628,really|cool.|deliciously|little|flick|that|deserves|its|cult|reputation.
text,2,2026-10-05T13:51:04,nodeGcor2,3.11.9,unknown,13155629,193,207,1,1,0.9808392524719238,lime,attribution,10,207,0.40750772131228036,0.69,0.51425689522101,0.9818181818181818,0.8181818181818182,10,10,0.5384615384615384,0.38586358074098825,It's|really|cool.|appreciate|looked|good|deliciously|on-screen.|flick|deserves
text,2,2026-10-05T13:51:04,nodeGcor2,3.11.9,unknown,13155629,193,207,1,1,0.9808392524719238,random,attribution,10,207,0.0070050277860288605,0.36,0.31444084165142994,0.0327485380116959,0.0,10,10,0.0,1.4347024261951447e-05,"a|robots.|many|working|budget.|special|his|""like|a|that"
text,2,2026-10-05T13:51:04,nodeGcor2,3.11.9,unknown,13155629,566,160,1,1,0.8855324983596802,integrated_gradients,attribution,10,160,0.0,0.48,0.6029858409152542,0.9818181818181818,0.6666666666666666,10,10,1.0,0.06158070079982281,"Afghanistan.|film|film|endurance.|film,|emotions|loosing|still|not|fantastic."
text,2,2026-10-05T13:51:04,nodeGcor2,3.11.9,unknown,13155629,566,160,1,1,0.8855324983596802,lime,attribution,10,160,0.0,0.49,0.5102650283802309,0.9818181818181818,0.8181818181818182,10,10,0.42857142857142855,0.2652348172850907,"friendships,|not|emotions|too|loosing|still|good,|but|not|fantastic."
text,2,2026-10-05T13:51:04,nodeGcor2,3.11.9,unknown,13155629,566,160,1,1,0.8855324983596802,random,attribution,10,160,0.015258296386091998,0.55,0.3472332468571544,0.04396284829721363,0.0,10,10,0.0,1.4240387827157974e-05,he|call|that|trouble|up|to|plays|it|liking.|It
text,2,2026-10-05T13:51:04,nodeGcor2,3.11.9,unknown,13155629,613,187,1,1,0.994551956653595,integrated_gradients,attribution,10,187,0.005078805569737597,0.65,0.6276736987936453,0.9636363636363636,0.6666666666666666,10,10,1.0,0.08107395470142365,unknown|surreal|noir|noir|not|is|excellent.The|fun|the|best
text,2,2026-10-05T13:51:04,nodeGcor2,3.11.9,unknown,13155629,613,187,1,1,0.994551956653595,lime,attribution,10,187,0.02137690264178317,0.64,0.4870946732596877,0.9818181818181818,0.5384615384615384,10,10,0.42857142857142855,0.36255457531660795,with|not|as|excellent.The|fun|fine|terrific|highly|recommend|masterpiece
text,2,2026-10-05T13:51:04,nodeGcor2,3.11.9,unknown,13155629,613,187,1,1,0.994551956653595,random,attribution,10,187,0.0020528217594192144,0.5,0.34415781059931916,0.015789473684210527,0.0,10,10,0.0,1.7923768609762192e-05,with|mostly|film|was|with|a|that|though|is|this
text,2,2026-10-05T13:51:04,nodeGcor2,3.11.9,unknown,13155629,983,119,0,0,0.9952816367149353,integrated_gradients,attribution,10,119,0.27616731409736045,0.74,0.5387609383247367,0.9090909090909092,0.6666666666666666,10,10,1.0,0.05821777880191803,talking--boring|such|crap!|Unbelievable.|movie|movie|not|enough.|waste|movie
text,2,2026-10-05T13:51:04,nodeGcor2,3.11.9,unknown,13155629,983,119,0,0,0.9952816367149353,lime,attribution,10,119,0.19731890929811885,0.7,0.5476583342649176,0.9454545454545455,0.8181818181818182,10,10,0.6666666666666666,0.22345311613753438,"talking--boring|who|superbly|crap!|unfortunately,|don't|waste|more,|unnecessary|this"
text,2,2026-10-05T13:51:04,nodeGcor2,3.11.9,unknown,13155629,983,119,0,0,0.9952816367149353,random,attribution,10,119,0.014696142754350732,0.35,0.30808131078747936,0.055073959408324734,0.0,10,10,0.05263157894736842,1.2453179806470871e-05,"and|grasp|superbly|such|need|I|would|unfortunately,|out|not"
text,2,2026-10-05T13:51:04,nodeGcor2,3.11.9,unknown,13155629,1029,83,1,1,0.9949396848678589,integrated_gradients,attribution,10,83,0.01825180900579536,0.79,0.48322488698336796,0.9272727272727274,0.8181818181818182,10,10,1.0,0.03863923158496618,the|best|films|superb.They|a|beautiful|of|life|myth;|life.
text,2,2026-10-05T13:51:04,nodeGcor2,3.11.9,unknown,13155629,1029,83,1,1,0.9949396848678589,lime,attribution,10,83,0.045173174870021045,0.84,0.5156404615467837,0.9818181818181818,0.8181818181818182,10,10,0.42857142857142855,0.18736970191821456,Carmen|best|films|I've|seen.|best:|superb.They|beautiful|tale|and
text,2,2026-10-05T13:51:04,nodeGcor2,3.11.9,unknown,13155629,1029,83,1,1,0.9949396848678589,random,attribution,10,83,0.002002597841713775,0.54,0.3441117417048777,0.08840729274165807,0.0,10,10,0.1111111111111111,1.822691410779953e-05,Carmen|Cristina|out.|of|and|penetrates|life|out.|live|is
text,2,2026-10-05T13:51:04,nodeGcor2,3.11.9,unknown,13155629,1151,208,0,0,0.9922594428062439,integrated_gradients,attribution,10,208,0.09648279777365179,0.47,0.48509401629955484,0.9818181818181818,0.8181818181818182,10,10,1.0,0.08136106608435512,"movie|FLATLINERS|GHOST.|movie|predictable|issues,|predictable|DEAD?""|film|movie."
text,2,2026-10-05T13:51:04,nodeGcor2,3.11.9,unknown,13155629,1151,208,0,0,0.9922594428062439,lime,attribution,10,208,0.03218464006675897,0.47,0.4683090965252681,0.9818181818181818,0.8181818181818182,10,10,0.42857142857142855,0.417904257774353,"predictable|predictable|""GEE|that|""die.""|would|have|great|STOOGES|comedy"
text,2,2026-10-05T13:51:04,nodeGcor2,3.11.9,unknown,13155629,1151,208,0,0,0.9922594428062439,random,attribution,10,208,0.0204786335075172,0.39,0.33848593206264455,0.021637426900584796,0.0,10,10,0.05263157894736842,1.6015954315662384e-05,electrical|movie|say|bring|you|back|movie|that|stick|a
text,2,2026-10-05T13:51:04,nodeGcor2,3.11.9,unknown,13155629,1610,107,1,1,0.987794041633606,integrated_gradients,attribution,10,107,0.10951788976803287,0.48,0.5042510601233974,0.8034632034632034,0.6666666666666666,10,10,1.0,0.0505059901624918,"A|beautiful|drama,|movie-making|no|Picture|silly.|But|emotion|me"
text,2,2026-10-05T13:51:04,nodeGcor2,3.11.9,unknown,13155629,1610,107,1,1,0.987794041633606,lime,attribution,10,107,0.1226498775013978,0.66,0.5153221659269196,0.9636363636363636,0.6666666666666666,10,10,0.8181818181818182,0.21404946222901344,"nomination|role.|beautiful|drama,|True|dollar|no|anything...|But|emotion"
text,2,2026-10-05T13:51:04,nodeGcor2,3.11.9,unknown,13155629,1610,107,1,1,0.987794041633606,random,attribution,10,107,0.015728950858998746,0.51,0.32660870371113226,0.0654970760233918,0.0,10,10,0.05263157894736842,1.3289973139762878e-05,for|prime|the|still|out|special|emotion|shock-wave.|I|old
text,2,2026-10-05T13:51:04,nodeGcor2,3.11.9,unknown,13155629,1689,140,0,0,0.9908919930458069,integrated_gradients,attribution,10,140,0.2925078419329072,0.64,0.5226742688757979,0.9303030303030303,0.5384615384615384,10,10,1.0,0.05635813903063536,disappointment.|film.|most|well|uninteresting.|also|sporadic|unable|boring.|not
text,2,2026-10-05T13:51:04,nodeGcor2,3.11.9,unknown,13155629,1689,140,0,0,0.9908919930458069,lime,attribution,10,140,0.37396391053660916,0.65,0.540390402977262,0.8787878787878789,0.8181818181818182,10,10,0.42857142857142855,0.24868696928024292,disappointment.|why.|uninteresting.|Chang|boring.|not|best|much-beloved|recommend|skip
text,2,2026-10-05T13:51:04,nodeGcor2,3.11.9,unknown,13155629,1689,140,0,0,0.9908919930458069,random,attribution,10,140,0.021912899279607472,0.52,0.3140623299613986,0.0327485380116959,0.0,10,10,0.05263157894736842,1.8096063286066055e-05,but|also|talky|sporadic|sequences.|My|that|could|found|movie
text,2,2026-10-05T13:51:04,nodeGcor2,3.11.9,unknown,13155629,1788,145,1,1,0.9814888834953308,integrated_gradients,attribution,10,145,0.10103262648853127,0.65,0.5952276001977285,1.0,0.8181818181818182,10,10,1.0,0.08196471817791462,"mania!!!!I|love|great,|great,|exciting...oops!|Sorry,|this|humor,|drama,|forth!!!!!!!!!!!!!!!!"
text,2,2026-10-05T13:51:04,nodeGcor2,3.11.9,unknown,13155629,1788,145,1,1,0.9814888834953308,lime,attribution,10,145,0.2319072044461257,0.55,0.5203796608429807,0.9818181818181818,0.8181818181818182,10,10,0.8181818181818182,0.27563853096216917,"LOVE|hilarious!|mania!!!!I|love|great,|great,|and|exciting...oops!|Sorry,|humor,"
text,2,2026-10-05T13:51:04,nodeGcor2,3.11.9,unknown,13155629,1788,145,1,1,0.9814888834953308,random,attribution,10,145,0.033330821185194245,0.57,0.30049634601819053,0.047953216374269005,0.0,10,10,0.05263157894736842,1.808488741517067e-05,hilarious!|Good|or|have|starting|pick|just|another|they|this
text,2,2026-10-05T13:51:04,nodeGcor2,3.11.9,unknown,13155629,1802,124,0,0,0.995309054851532,integrated_gradients,attribution,10,124,0.28345670258702643,0.57,0.5786655741698743,0.8727272727272728,0.6666666666666666,10,10,1.0,0.053523852955549955,documentary|lazy|rip|PROJECT.|very|lame|actors|lack|movie|excellent
text,2,2026-10-05T13:51:04,nodeGcor2,3.11.9,unknown,13155629,1802,124,0,0,0.995309054851532,lime,attribution,10,124,0.6001860943922259,0.6,0.5381571088466157,0.890909090909091,0.6666666666666666,10,10,0.5384615384615384,0.2222875547595322,Otherwise|this|mock|lazy|PROJECT.|dialogue|lame|actors|lack|excellent
text,2,2026-10-05T13:51:04,nodeGcor2,3.11.9,unknown,13155629,1802,124,0,0,0.995309054851532,random,attribution,10,124,0.0005931665181005616,0.4,0.32730252078456035,0.042105263157894736,0.0,10,10,0.05263157894736842,1.4855992048978806e-05,will:|to|house|dark|have|of|spooky|This|excellent|barely
text,2,2026-10-05T13:51:04,nodeGcor2,3.11.9,unknown,13155629,1877,164,0,0,0.9792352318763733,integrated_gradients,attribution,10,164,0.524266075738392,0.67,0.6356480775618145,0.8841491841491841,0.6666666666666666,10,10,1.0,0.06127439299598336,movies|but|this|movie|was|disappointing.|Lisbon|was|to|life.
text,2,2026-10-05T13:51:04,nodeGcor2,3.11.9,unknown,13155629,1877,164,0,0,0.9792352318763733,lime,attribution,10,164,0.7511910913253101,0.69,0.5747547666242709,0.9454545454545455,0.42857142857142855,10,10,0.6666666666666666,0.2696611029095948,but|this|very|disappointing.|spoiler|bad|but|only|true|life.
text,2,2026-10-05T13:51:04,nodeGcor2,3.11.9,unknown,13155629,1877,164,0,0,0.9792352318763733,random,attribution,10,164,0.7536637094485241,0.46,0.358241272467007,0.015789473684210527,0.0,10,10,0.05263157894736842,1.2029428035020828e-05,"prefer|movies|chases,|disappointing.|been|a|relationship,|of|theater|together"
text,2,2026-10-05T13:51:04,nodeGcor2,3.11.9,unknown,13155629,1966,146,1,1,0.777722179889679,integrated_gradients,attribution,10,146,0.7659039541116337,0.55,0.5979857164818259,0.8242424242424242,0.5384615384615384,10,10,1.0,0.06508025527000427,"Unfortunately,|ugly|pay|scenes.|What|remains,|however,|still|compelling|I"
text,2,2026-10-05T13:51:04,nodeGcor2,3.11.9,unknown,13155629,1966,146,1,1,0.777722179889679,lime,attribution,10,146,0.8214400729061199,0.52,0.5468433996091175,0.9636363636363636,0.8181818181818182,10,10,0.42857142857142855,0.37711583403870463,"worse.|Unfortunately,|during|Milligan's|ugly|suddenly|scenes.|What|still|compelling"
text,2,2026-10-05T13:51:04,nodeGcor2,3.11.9,unknown,13155629,1966,146,1,1,0.777722179889679,random,attribution,10,146,0.07399900659203819,0.5,0.37199133905819015,0.0327485380116959,0.0,10,10,0.0,1.3589859008789062e-05,"of|this|contains|distributor|actors|and|it|unfortunately,|think|before."
text,2,2026-10-05T13:51:04,nodeGcor2,3.11.9,unknown,13155629,1994,172,1,1,0.9952448010444641,integrated_gradients,attribution,10,172,0.00989343454327751,0.62,0.6475177996532272,1.0,0.8181818181818182,10,10,1.0,0.0650574448518455,"romantic,|and|challenging.|recommend|truly|the|most|beautiful|movie|ever"
text,2,2026-10-05T13:51:04,nodeGcor2,3.11.9,unknown,13155629,1994,172,1,1,0.9952448010444641,lime,attribution,10,172,0.020593639610677974,0.53,0.46967666689915344,0.9818181818181818,0.8181818181818182,10,10,0.3333333333333333,0.2772434717044234,"definitely|romantic,|when|impressive|highly|recommend|love|it|truly|beautiful"
text,2,2026-10-05T13:51:04,nodeGcor2,3.11.9,unknown,13155629,1994,172,1,1,0.9952448010444641,random,attribution,10,172,0.001126879532469564,0.51,0.3400848428395472,0.026900584795321637,0.0,10,10,0.1111111111111111,1.994892954826355e-05,its|its|most|those|world|I|B|recommend|I|collection.
text,2,2026-10-05T13:51:04,nodeGcor2,3.11.9,unknown,13155629,2373,131,1,1,0.9165588617324829,integrated_gradients,attribution,10,131,0.2808036076020078,0.54,0.6307432149956382,0.9090909090909092,0.42857142857142855,10,10,1.0,0.06074121035635471,"makes,|(happy|this|parody|world.|Basically,|always|recommend|it.|Ricci,"
text,2,2026-10-05T13:51:04,nodeGcor2,3.11.9,unknown,13155629,2373,131,1,1,0.9165588617324829,lime,attribution,10,131,0.04617330239770217,0.47,0.5666920872257671,0.9818181818181818,0.8181818181818182,10,10,0.8181818181818182,0.35598584869876504,"deliberately|gross|makes,|parody|world.|Basically,|them).|certainly|recommend|it."
text,2,2026-10-05T13:51:04,nodeGcor2,3.11.9,unknown,13155629,2373,131,1,1,0.9165588617324829,random,attribution,10,131,0.08139488152216,0.49,0.33079095526482294,0.060921912624698996,0.0,10,10,0.1111111111111111,1.4410819858312607e-05,that|working-class|loves|things.|big|loses|few|shock|them|starring
text,2,2026-10-05T13:51:04,nodeGcor2,3.11.9,unknown,13155629,2747,102,1,1,0.9923785924911499,integrated_gradients,attribution,10,102,0.1937089435923925,0.68,0.5842619673167553,1.0,0.8181818181818182,10,10,1.0,0.048560029827058315,well-done|and|inspiring.|definitely|worth|went|beautiful.|a|good|reverence.
text,2,2026-10-05T13:51:04,nodeGcor2,3.11.9,unknown,13155629,2747,102,1,1,0.9923785924911499,lime,attribution,10,102,0.15762705450963552,0.69,0.5013009186263737,0.9484848484848485,0.5384615384615384,10,10,0.8181818181818182,0.20054271817207336,inspiring.|definitely|worth|scenery|beautiful.|good|taste|would|definitely|recommend
text,2,2026-10-05T13:51:04,nodeGcor2,3.11.9,unknown,13155629,2747,102,1,1,0.9923785924911499,random,attribution,10,102,0.017595822059119425,0.45,0.2838161216209806,0.060921912624698996,0.0,10,10,0.05263157894736842,1.165410503745079e-05,"""Joseph|of|one|the|and|worth|care|portraying|I|recommend"
text,2,2026-10-05T13:51:04,nodeGcor2,3.11.9,unknown,13155629,3223,154,1,1,0.9944773316383362,integrated_gradients,attribution,10,154,0.04711355605940126,0.66,0.6356875528973572,0.9356643356643357,0.8181818181818182,10,10,1.0,0.06523846602067351,"love|it!|love|Shore.|humor,|The|movie|great.|love|funny"
text,2,2026-10-05T13:51:04,nodeGcor2,3.11.9,unknown,13155629,3223,154,1,1,0.9944773316383362,lime,attribution,10,154,0.041870385441966376,0.61,0.4389658688431354,0.9636363636363636,0.6666666666666666,10,10,0.25,0.27249957621097565,love|it!|love|great.|love|line|Pauly|and|it.|of
text,2,2026-10-05T13:51:04,nodeGcor2,3.11.9,unknown,13155629,3223,154,1,1,0.9944773316383362,random,attribution,10,154,0.002080785943364048,0.52,0.3441428293747337,0.05497076023391813,0.0,10,10,0.0,1.3787299394607544e-05,"I|humor,|else.|the|are|Even|if|and|wild|be"
text,2,2026-10-05T13:51:04,nodeGcor2,3.11.9,unknown,13155629,3379,144,1,1,0.9948503375053406,integrated_gradients,attribution,10,144,0.06192068825382385,0.72,0.5588854526016336,1.0,0.6666666666666666,10,10,1.0,0.05637532193213701,This|movie|is|so|wonderful!|It|Disney|LOVED|it!|adventure.
text,2,2026-10-05T13:51:04,nodeGcor2,3.11.9,unknown,13155629,3379,144,1,1,0.9948503375053406,lime,attribution,10,144,0.0731647739994065,0.71,0.5148599649839347,1.0,0.8181818181818182,10,10,0.3333333333333333,0.1662140879780054,glad|erase|This|wonderful!|It|Disney|LOVED|it!|unlike|adventure.
text,2,2026-10-05T13:51:04,nodeGcor2,3.11.9,unknown,13155629,3379,144,1,1,0.9948503375053406,random,attribution,10,144,0.0024401438898834144,0.5,0.35630431275796215,0.03742690058479532,0.0,10,10,0.0,1.1958181858062744e-05,for|first|much|Fried|have|said|Disney|tingled.|The|film
text,2,2026-10-05T13:51:04,nodeGcor2,3.11.9,unknown,13155629,3391,130,1,1,0.9913222789764404,integrated_gradients,attribution,10,130,0.21495935334773,0.66,0.620054627402158,0.9636363636363636,0.6666666666666666,10,10,1.0,0.060858325101435184,"best|novel,|good|roles.|strength|twist-after-twist|delightfully|good|storyline|humor,"
text,2,2026-10-05T13:51:04,nodeGcor2,3.11.9,unknown,13155629,3391,130,1,1,0.9913222789764404,lime,attribution,10,130,0.21649329819065216,0.59,0.5008269627843189,0.9636363636363636,0.8181818181818182,10,10,0.6666666666666666,0.2510829181410372,"Westlake's|best|faithful|hapless|strength|intricate|twist-after-twist|delightfully|good|humor,"
text,2,2026-10-05T13:51:04,nodeGcor2,3.11.9,unknown,13155629,3391,130,1,1,0.9913222789764404,random,attribution,10,130,0.014424805557219053,0.55,0.33334020908516715,0.060921912624698996,0.0,10,10,0.0,1.2363307178020477e-05,"from,|""A|who|in|roles.|the|it|that|faculties|bipartisan"
text,2,2026-10-05T13:51:04,nodeGcor2,3.11.9,unknown,13155629,3438,110,0,0,0.9952816367149353,integrated_gradients,attribution,10,110,0.7583976996123201,0.81,0.578389880238265,0.9272727272727274,0.6666666666666666,10,10,1.0,0.05023514572530985,worst|film.|only|forgettable|film.|amateur|acting|stopped|actor|better.
text,2,2026-10-05T13:51:04,nodeGcor2,3.11.9,unknown,13155629,3438,110,0,0,0.9952816367149353,lime,attribution,10,110,0.6676906981082528,0.75,0.5314952919571132,0.8090909090909092,0.42857142857142855,10,10,0.42857142857142855,0.21719368593767285,worst|His|hammy|I|forgettable|actor|it.|performance|muted|noteworthy.
text,2,2026-10-05T13:51:04,nodeGcor2,3.11.9,unknown,13155629,3438,110,0,0,0.9952816367149353,random,attribution,10,110,0.029199628339947378,0.52,0.3885489470722059,0.038011695906432746,0.0,10,10,0.05263157894736842,1.2238975614309311e-05,sounds|the|dramatic|if|I|recall|forgettable|of|is|performance
text,2,2026-10-05T13:51:04,nodeGcor2,3.11.9,unknown,13155629,3513,194,0,0,0.997285008430481,integrated_gradients,attribution,10,194,0.0061318460456956285,0.66,0.5396628383867108,0.9818181818181818,0.8181818181818182,10,10,1.0,0.08224777923896909,"movie,|worst|acting|EVER!|lead|""actress""|uninspired|movie|watchable.|crap!"
text,2,2026-10-05T13:51:04,nodeGcor2,3.11.9,unknown,13155629,3513,194,0,0,0.997285008430481,lime,attribution,10,194,0.013932025657217876,0.61,0.4910482151968155,0.9818181818181818,0.6666666666666666,10,10,0.25,0.33425878593698144,"worst|terrible,|hardly|plain|one|any|it|liked|this|crap!"
text,2,2026-10-05T13:51:04,nodeGcor2,3.11.9,unknown,13155629,3513,194,0,0,0.997285008430481,random,attribution,10,194,0.0006371750428200038,0.46,0.30179234461420645,0.03216374269005848,0.0,10,10,0.05263157894736842,1.935986801981926e-05,"that|be|how|it|became|is|butt,|with|create.|movie,"
text,2,2026-10-05T13:51:04,nodeGcor2,3.11.9,unknown,13155629,3743,43,1,1,0.9909096360206604,integrated_gradients,attribution,10,43,0.3397659687795964,0.89,0.48539430365689507,0.8811188811188811,0.6666666666666666,10,10,1.0,0.026542468927800655,"movie.|but|quite|good.|Its|good|emotions,|humor|and|drama."
text,2,2026-10-05T13:51:04,nodeGcor2,3.11.9,unknown,13155629,3743,43,1,1,0.9909096360206604,lime,attribution,10,43,0.397917376579013,0.83,0.5261017847688776,0.809090909090909,0.5384615384615384,10,10,0.6666666666666666,0.14427203172817826,"Also|Willis.|but|good.|Its|good|mix|emotions,|humor|drama."
text,2,2026-10-05T13:51:04,nodeGcor2,3.11.9,unknown,13155629,3743,43,1,1,0.9909096360206604,random,attribution,10,43,0.06738032344032571,0.55,0.30446125534792357,0.18643790849673203,0.05263157894736842,10,10,0.1111111111111111,1.1981930583715439e-05,I|because|plot|quite|from|a|humor|Left|me|:)
text,2,2026-10-05T13:51:04,nodeGcor2,3.11.9,unknown,13155629,4405,100,0,0,0.9797840118408203,integrated_gradients,attribution,10,100,0.5722698035679176,0.63,0.6550827925964875,0.9090909090909092,0.5384615384615384,10,10,1.0,0.048231012653559446,"stumbles|badly|between|exaggerated|drags|terribly,|acting|beautiful|takes|stars."
text,2,2026-10-05T13:51:04,nodeGcor2,3.11.9,unknown,13155629,4405,100,0,0,0.9797840118408203,lime,attribution,10,100,0.6327046252693751,0.53,0.5428149178042054,0.9090909090909092,0.5384615384615384,10,10,0.8181818181818182,0.19455254264175892,"film|stumbles|badly|neither|impossible|drags|terribly,|start.|good|beautiful"
text,2,2026-10-05T13:51:04,nodeGcor2,3.11.9,unknown,13155629,4405,100,0,0,0.9797840118408203,random,attribution,10,100,0.14604842375445065,0.5,0.32119444770684036,0.07719298245614034,0.0,10,10,0.17647058823529413,1.8259044736623764e-05,part|with|neither|much|the|obsessed|2/3|to|it|from
text,2,2026-10-05T13:51:04,nodeGcor2,3.11.9,unknown,13155629,4435,99,1,1,0.9960391521453857,integrated_gradients,attribution,10,99,0.011155923212128422,0.82,0.5258029240796163,0.9636363636363636,0.8181818181818182,10,10,1.0,0.047888720873743296,A|truly|accurate|and|unglamourous|life.|well.|intimate|a|must
text,2,2026-10-05T13:51:04,nodeGcor2,3.11.9,unknown,13155629,4435,99,1,1,0.9960391521453857,lime,attribution,10,99,0.15938283851055524,0.58,0.4949043188556119,0.9356643356643357,0.6666666666666666,10,10,0.8181818181818182,0.19401599140837789,"truly|accurate|very|believable,|intimate|loved|Overall|this|a|must"
text,2,2026-10-05T13:51:04,nodeGcor2,3.11.9,unknown,13155629,4435,99,1,1,0.9960391521453857,random,attribution,10,99,0.0031042267127942206,0.57,0.2941575222115864,0.05497076023391813,0.0,10,10,0.05263157894736842,1.178588718175888e-05,truly|It|the|are|not|The|I|very|a|film
text,2,2026-10-05T13:51:04,nodeGcor2,3.11.9,unknown,13155629,4442,178,0,0,0.9842759370803833,integrated_gradients,attribution,10,178,0.3755264963444861,0.79,0.567160127163417,0.9272727272727274,0.6666666666666666,10,10,1.0,0.08179206727072597,"shame|film|stinker,|Like|sleazing|bio-chemical|weapons|way|mark.|Disappointing."
text,2,2026-10-05T13:51:04,nodeGcor2,3.11.9,unknown,13155629,4442,178,0,0,0.9842759370803833,lime,attribution,10,178,0.4994453295836535,0.73,0.5580210204403367,0.9818181818181818,0.8181818181818182,10,10,0.5384615384615384,0.29674078803509474,shame|character|had|debut|reminded|film|anachronistic|sleazing|mark.|Disappointing.
text,2,2026-10-05T13:51:04,nodeGcor2,3.11.9,unknown,13155629,4442,178,0,0,0.9842759370803833,random,attribution,10,178,0.002298313915781174,0.4,0.32631208554624735,0.04853801169590643,0.0,10,10,0.0,1.1923257261514664e-05,on|USE|SPIES!|the|of|drinking|contest).|even|Patterson|that
text,2,2026-10-05T13:51:04,nodeGcor2,3.11.9,unknown,13155629,4479,73,0,0,0.9961530566215515,integrated_gradients,attribution,10,73,0.6265716888529215,0.85,0.6465889675185117,0.9818181818181818,0.8181818181818182,10,10,1.0,0.03830788563936949,"worst|movie|pointless,|eye-harming,|movie|bad|movies.|movie|sadist.|bad"
text,2,2026-10-05T13:51:04,nodeGcor2,3.11.9,unknown,13155629,4479,73,0,0,0.9961530566215515,lime,attribution,10,73,0.495491894624888,0.95,0.5760728553189381,0.8272727272727274,0.5384615384615384,10,10,0.6666666666666666,0.17493789829313755,"This|worst|movie|insufferably|pointless,|depressing|movie|Whoever|movie|zero"
text,2,2026-10-05T13:51:04,nodeGcor2,3.11.9,unknown,13155629,4479,73,0,0,0.9961530566215515,random,attribution,10,73,0.0025761884318339224,0.57,0.30884584527856007,0.1066391468868249,0.0,10,10,0.05263157894736842,1.1664815247058868e-05,entire|top|movies.|cried|at|how|I'd|give|that's|an
text,2,2026-10-05T13:51:04,nodeGcor2,3.11.9,unknown,13155629,4555,94,1,1,0.9793145656585693,integrated_gradients,attribution,10,94,0.19726439869284387,0.56,0.5598537383488055,0.9636363636363636,0.6666666666666666,10,10,1.0,0.04797777719795704,is|best|as|low|key|performance|dropped|scenes|classic|NFL).
text,2,2026-10-05T13:51:04,nodeGcor2,3.11.9,unknown,13155629,4555,94,1,1,0.9793145656585693,lime,attribution,10,94,0.21132694167778646,0.56,0.503521956396062,0.890909090909091,0.6666666666666666,10,10,0.6666666666666666,0.18905963795259595,best|as|Hightower.|rare|low|dropped|scenes|as|classic|scared
text,2,2026-10-05T13:51:04,nodeGcor2,3.11.9,unknown,13155629,4555,94,1,1,0.9793145656585693,random,attribution,10,94,0.04507792127800001,0.58,0.3377147188058288,0.05497076023391813,0.0,10,10,0.05263157894736842,1.2977980077266693e-05,at|his|his|Big|quotable|ever|put|goes|be|to
text,2,2026-10-05T13:51:04,nodeGcor2,3.11.9,unknown,13155629,4767,133,0,0,0.9917323589324951,integrated_gradients,attribution,10,133,0.6520177169731806,0.8,0.4542285593093671,0.9818181818181818,0.8181818181818182,10,10,1.0,0.056068490259349346,movie|sucked.|movie|horrible.|movie|movie|ridiculous.|Army|bored|movie.
text,2,2026-10-05T13:51:04,nodeGcor2,3.11.9,unknown,13155629,4767,133,0,0,0.9917323589324951,lime,attribution,10,133,0.5816871320433299,0.81,0.46356814933075197,0.9454545454545455,0.8181818181818182,10,10,0.3333333333333333,0.24184765480458736,This|movie|sucked.|I'm|movie|horrible.|It|ridiculous.|acted|bored
text,2,2026-10-05T13:51:04,nodeGcor2,3.11.9,unknown,13155629,4767,133,0,0,0.9917323589324951,random,attribution,10,133,0.0,0.46,0.29536566967996514,0.04912280701754386,0.0,10,10,0.05263157894736842,1.2231990694999695e-05,"the|way|bunch|normal|to|jump.|I'd|violent,|a|also"
text,2,2026-10-05T13:51:04,nodeGcor2,3.11.9,unknown,13155629,4844,133,0,0,0.9973580241203308,integrated_gradients,attribution,10,133,0.0007830087460678493,0.89,0.41793955670610206,0.9818181818181818,0.6666666666666666,10,10,1.0,0.05590987391769886,"horrible|movie.|worst|worse|horrible,|worse|film|trash.|budget|razors"
text,2,2026-10-05T13:51:04,nodeGcor2,3.11.9,unknown,13155629,4844,133,0,0,0.9973580241203308,lime,attribution,10,133,0.001693969081612974,0.53,0.41232507577884026,0.9454545454545455,0.6666666666666666,10,10,0.17647058823529413,0.3523545069620013,movie.|Nothing|acting|just|trash.|house|I|this|than|flop
text,2,2026-10-05T13:51:04,nodeGcor2,3.11.9,unknown,13155629,4844,133,0,0,0.9973580241203308,random,attribution,10,133,0.00017032322746858268,0.57,0.33351036876159057,0.03216374269005848,0.0,10,10,0.05263157894736842,1.2606382369995117e-05,worst|class|done|was|just|a|look|you|wnat|go
text,2,2026-10-05T13:51:04,nodeGcor2,3.11.9,unknown,13155629,5077,108,1,1,0.9915215969085693,integrated_gradients,attribution,10,108,0.2779074109652845,0.64,0.580679753186284,0.9272727272727274,0.5384615384615384,10,10,1.0,0.050612593069672585,"years).|""appropriate""?|love|this|movie|it|together.|Thank|you,|Joan"
text,2,2026-10-05T13:51:04,nodeGcor2,3.11.9,unknown,13155629,5077,108,1,1,0.9915215969085693,lime,attribution,10,108,0.40723825684828324,0.65,0.5224518965263056,0.8545454545454547,0.42857142857142855,10,10,0.5384615384615384,0.21259971801191568,"years).|in|""appropriate""?|I|love|this|friendship|it|Thank|you,"
text,2,2026-10-05T13:51:04,nodeGcor2,3.11.9,unknown,13155629,5077,108,1,1,0.9915215969085693,random,attribution,10,108,0.016554821973851233,0.5,0.32382680870616776,0.03216374269005848,0.0,10,10,0.0,1.222873106598854e-05,movie|original|rented|did|not|a|and|and|us|as
text,2,2026-10-05T13:51:04,nodeGcor2,3.11.9,unknown,13155629,5138,43,0,0,0.9672868847846985,integrated_gradients,attribution,10,43,0.6163362255302347,0.72,0.5485929557983708,0.793939393939394,0.42857142857142855,10,10,1.0,0.030438868794590235,it|a|total|wast|of|Scene|one|very|rest|crap.
text,2,2026-10-05T13:51:04,nodeGcor2,3.11.9,unknown,13155629,5138,43,0,0,0.9672868847846985,lime,attribution,10,43,0.609004014685433,0.63,0.5608954424537858,0.9121212121212121,0.5384615384615384,10,10,0.6666666666666666,0.1457303618080914,"total|wast|of|film.|it.|very|good,|rest|are|crap."
text,2,2026-10-05T13:51:04,nodeGcor2,3.11.9,unknown,13155629,5138,43,0,0,0.9672868847846985,random,attribution,10,43,0.746175262868362,0.85,0.30116582770900635,0.09761781905744753,0.05263157894736842,10,10,0.1111111111111111,1.1745374649763107e-05,"didn't|this|as|on|wast|Irons,|Think|is|are|crap."
text,2,2026-10-05T13:51:04,nodeGcor2,3.11.9,unknown,13155629,5297,141,1,1,0.9839708209037781,integrated_gradients,attribution,10,141,0.15420590780717397,0.54,0.5656651395406049,0.9454545454545455,0.6666666666666666,10,10,1.0,0.060486760921776295,"film|fast|pace|fairly|well|and|characterised,|'The|Prague'|echoes"
text,2,2026-10-05T13:51:04,nodeGcor2,3.11.9,unknown,13155629,5297,141,1,1,0.9839708209037781,lime,attribution,10,141,0.18476400737059942,0.59,0.5659822862108468,0.9636363636363636,0.8181818181818182,10,10,0.6666666666666666,0.25334211625158787,"impressive|drowning.|pace|hour)|fairly|well|and|characterised,|echoes|good"
text,2,2026-10-05T13:51:04,nodeGcor2,3.11.9,unknown,13155629,5297,141,1,1,0.9839708209037781,random,attribution,10,141,0.01470866972238374,0.51,0.37710580267952687,0.04269005847953216,0.0,10,10,0.17647058823529413,1.2168660759925842e-05,Germany|was|years|95|old|a|saved|runs|echoes|well
text,2,2026-10-05T13:51:04,nodeGcor2,3.11.9,unknown,13155629,5325,168,1,1,0.9713473320007324,integrated_gradients,attribution,10,168,0.12083591670949793,0.54,0.5545005647967488,0.9818181818181818,0.6666666666666666,10,10,1.0,0.06616713339462876,"episode|good|less|Scully,|disoriented|episode|a|decent|episode|view."
text,2,2026-10-05T13:51:04,nodeGcor2,3.11.9,unknown,13155629,5325,168,1,1,0.9713473320007324,lime,attribution,10,168,0.40402923228196674,0.44,0.5076850390416268,0.8939393939393941,0.6666666666666666,10,10,0.5384615384615384,0.28191136103123426,"debut|less|episode|reminds|Throughout|soggy,|Despite|a|decent|episode"
text,2,2026-10-05T13:51:04,nodeGcor2,3.11.9,unknown,13155629,5325,168,1,1,0.9713473320007324,random,attribution,10,168,0.05889735614460623,0.5,0.3231702843635289,0.0327485380116959,0.0,10,10,0.0,1.3073906302452087e-05,good|that|Bender|as|see|it|his|it's|Andrew.|would
text,2,2026-10-05T13:51:04,nodeGcor2,3.11.9,unknown,13155629,5508,149,0,0,0.995566189289093,integrated_gradients,attribution,10,149,0.012866024072928006,0.56,0.5578303955549949,0.9818181818181818,0.6666666666666666,10,10,1.0,0.06521779671311378,"films,|appallingly|nothing|TV|shoddy|sparse,|camerawork|sleepwalking.|porn.....|Trek:"
text,2,2026-10-05T13:51:04,nodeGcor2,3.11.9,unknown,13155629,5508,149,0,0,0.995566189289093,lime,attribution,10,149,0.10383923585639294,0.67,0.4782797714474448,0.9636363636363636,0.8181818181818182,10,10,0.42857142857142855,0.38013285119086504,"appallingly|shoddy|disjointed,|no|actors|porn.....|this|mess|makeup|either"
text,2,2026-10-05T13:51:04,nodeGcor2,3.11.9,unknown,13155629,5508,149,0,0,0.995566189289093,random,attribution,10,149,0.003535269384605446,0.5,0.30698920862635615,0.03216374269005848,0.0,10,10,0.05263157894736842,1.4216173440217972e-05,"quite|to|feels|TV|101.|from|two|is|role,|for"
text,2,2026-10-05T13:51:04,nodeGcor2,3.11.9,unknown,13155629,5598,161,1,1,0.9899863600730896,integrated_gradients,attribution,10,161,0.048550699114919035,0.54,0.5650531005105025,0.9484848484848485,0.6666666666666666,10,10,1.0,0.06509350473061204,tremendous|think|an|important|film|history|nothing|musical|reaches|appeal.
text,2,2026-10-05T13:51:04,nodeGcor2,3.11.9,unknown,13155629,5598,161,1,1,0.9899863600730896,lime,attribution,10,161,0.21466703874927262,0.5,0.5028076699322136,0.9454545454545455,0.6666666666666666,10,10,0.5384615384615384,0.3843258530832827,believe|tremendous|Goldberg.|important|strongly|recommend|this|film|glad|appeal.
text,2,2026-10-05T13:51:04,nodeGcor2,3.11.9,unknown,13155629,5598,161,1,1,0.9899863600730896,random,attribution,10,161,0.016812474280090903,0.45,0.3515335983305763,0.02631578947368421,0.0,10,10,0.1111111111111111,1.2915115803480148e-05,"I|Whoopi|character,|is|South|movie|videostore.|the|in|cast"
text,2,2026-10-05T13:51:04,nodeGcor2,3.11.9,unknown,13155629,5693,111,0,0,0.9941913485527039,integrated_gradients,attribution,10,111,0.9186634501341536,0.77,0.6091591880213592,0.9454545454545455,0.8181818181818182,10,10,1.0,0.055839665699750185,"Thoughtless,|ignorant,|ill-conceived,|career-killing|unfunny|garbage.|hasn't|film|script,|doesn't"
text,2,2026-10-05T13:51:04,nodeGcor2,3.11.9,unknown,13155629,5693,111,0,0,0.9941913485527039,lime,attribution,10,111,0.3494821838895433,0.74,0.5400414067422561,0.9454545454545455,0.6666666666666666,10,10,0.6666666666666666,0.26184670999646187,"ill-conceived,|now?),|unfunny|garbage.|directed|script,|doesn't|good|actors|well."
text,2,2026-10-05T13:51:04,nodeGcor2,3.11.9,unknown,13155629,5693,111,0,0,0.9941913485527039,random,attribution,10,111,0.011057231448672262,0.52,0.33468586440670867,0.026900584795321637,0.0,10,10,0.0,1.2258999049663544e-05,career-killing|Angela|It's|his|the|a|the|doesn't|it|0
text,2,2026-10-05T13:51:04,nodeGcor2,3.11.9,unknown,13155629,5792,192,1,1,0.7779753804206848,integrated_gradients,attribution,10,192,0.0,0.53,0.5801200242186918,0.7512487512487513,0.6666666666666666,10,10,1.0,0.0824486818164587,and|efficient.|French|right:|only|less|Jacques|yet.|Strange|weird.
text,2,2026-10-05T13:51:04,nodeGcor2,3.11.9,unknown,13155629,5792,192,1,1,0.7779753804206848,lime,attribution,10,192,0.0,0.51,0.5222368981864723,0.9272727272727274,0.5384615384615384,10,10,0.5384615384615384,0.4150609727948904,together.|efficient.|less|only|entertaining|clever|too|less|little|Strange
text,2,2026-10-05T13:51:04,nodeGcor2,3.11.9,unknown,13155629,5792,192,1,1,0.7779753804206848,random,attribution,10,192,0.0,0.53,0.35227050625648015,0.04327485380116959,0.0,10,10,0.0,1.445133239030838e-05,can|good|movie|major|The|an|points|by|Rear|the
text,2,2026-10-05T13:51:04,nodeGcor2,3.11.9,unknown,13155629,5845,154,1,1,0.9956516623497009,integrated_gradients,attribution,10,154,0.20134584806285677,0.79,0.6503282330680029,1.0,0.8181818181818182,10,10,1.0,0.06696997908875346,terrific|Belushi's|Wonderful|very|but|satisfying.|A|very|pleasant|film!
text,2,2026-10-05T13:51:04,nodeGcor2,3.11.9,unknown,13155629,5845,154,1,1,0.9956516623497009,lime,attribution,10,154,0.08342235751436625,0.89,0.4819360089908187,1.0,1.0,10,10,0.6666666666666666,0.27835048409178853,"terrific|Wonderful|predictable,|but|satisfying.|woman.|A|very|pleasant|film!"
text,2,2026-10-05T13:51:04,nodeGcor2,3.11.9,unknown,13155629,5845,154,1,1,0.9956516623497009,random,attribution,10,154,0.0012881741624877433,0.62,0.3372552325578996,0.015789473684210527,0.0,10,10,0.05263157894736842,1.5006400644779205e-05,"who|only|all|class|avalanche|Belushi's|life"",|life,|are|still"
text,2,2026-10-05T13:51:04,nodeGcor2,3.11.9,unknown,13155629,5853,143,1,1,0.5173975229263306,integrated_gradients,attribution,10,143,0.0,0.5,0.5537169307433212,0.8575757575757577,0.5384615384615384,10,10,1.0,0.05727383308112621,"back|Tap""|instead|one.|this?|But,|still|later|to|easiest"
text,2,2026-10-05T13:51:04,nodeGcor2,3.11.9,unknown,13155629,5853,143,1,1,0.5173975229263306,lime,attribution,10,143,0.0,0.5,0.4595829367005557,1.0,0.6666666666666666,10,10,0.5384615384615384,0.25730987824499607,"1984,|instead|government|don't|spoiler|movie|still|years|later|trying"
text,2,2026-10-05T13:51:04,nodeGcor2,3.11.9,unknown,13155629,5853,143,1,1,0.5173975229263306,random,attribution,10,143,0.0,0.45,0.3042782271666751,0.04981080151358789,0.0,10,10,0.05263157894736842,1.2512784451246262e-05,"Is|we|asleep.|we|theory's|this|the|be|know,|to"
text,2,2026-10-05T13:51:04,nodeGcor2,3.11.9,unknown,13155629,6203,143,0,0,0.9855243563652039,integrated_gradients,attribution,10,143,0.22619775612656193,0.45,0.5423764213765163,0.8424242424242424,0.25,10,10,1.0,0.05655879620462656,film.|filmography|highly|Filmography.|wooden|plot|unbelievable|budget|movie|bothered
text,2,2026-10-05T13:51:04,nodeGcor2,3.11.9,unknown,13155629,6203,143,0,0,0.9855243563652039,lime,attribution,10,143,0.20880554457673128,0.54,0.505081942992912,0.8531468531468531,0.6666666666666666,10,10,0.5384615384615384,0.25101158907637,little|looked|highly|Caine|wooden|plot|unbelievable|very|reminiscent|bothered
text,2,2026-10-05T13:51:04,nodeGcor2,3.11.9,unknown,13155629,6203,143,0,0,0.9855243563652039,random,attribution,10,143,0.10471367041532614,0.52,0.3355256806668472,0.038011695906432746,0.0,10,10,0.0,1.4170072972774506e-05,very|looked|would|no|actually|plot|scenes|reminiscent|other|named
text,2,2026-10-05T13:51:04,nodeGcor2,3.11.9,unknown,13155629,6261,163,0,0,0.996906578540802,integrated_gradients,attribution,10,163,0.13814207527426833,0.86,0.5585282029986758,0.9636363636363636,0.5384615384615384,10,10,1.0,0.06504763616248965,"This|so|bad,|bad.|acting|don't|movie|awful.|C-movies?|movie"
text,2,2026-10-05T13:51:04,nodeGcor2,3.11.9,unknown,13155629,6261,163,0,0,0.996906578540802,lime,attribution,10,163,0.5256742816892499,0.8,0.5031465213440821,0.9538461538461538,0.5384615384615384,10,10,0.3333333333333333,0.4321175408549607,"This|bad,|bad.|The|history.|disappointing|the|awful.|bad|but"
text,2,2026-10-05T13:51:04,nodeGcor2,3.11.9,unknown,13155629,6261,163,0,0,0.996906578540802,random,attribution,10,163,0.0014142033899865695,0.58,0.3323567298559571,0.05438596491228069,0.0,10,10,0.05263157894736842,1.3038981705904007e-05,"bad,|it|DO|HAVE|you'll|I|monkeys.|will|by|lake,"
text,2,2026-10-05T13:51:04,nodeGcor2,3.11.9,unknown,13155629,6308,46,1,1,0.990678071975708,integrated_gradients,attribution,10,46,0.35202033727350357,0.85,0.535544357953091,0.8689976689976688,0.5384615384615384,10,10,1.0,0.03055991092696786,is|the|GREATEST|of|all|!!!!!|GREATEST|ever|THRILLER|!!!!!!
text,2,2026-10-05T13:51:04,nodeGcor2,3.11.9,unknown,13155629,6308,46,1,1,0.990678071975708,lime,attribution,10,46,0.3615340004164732,0.66,0.515415633974992,0.890909090909091,0.5384615384615384,10,10,0.8181818181818182,0.147333106957376,Thriller|GREATEST|all|!!!!!|GREATEST|Thriller|really|ever|IT'S|THRILLER
text,2,2026-10-05T13:51:04,nodeGcor2,3.11.9,unknown,13155629,6308,46,1,1,0.990678071975708,random,attribution,10,46,0.12064041088493216,0.63,0.40641116036115377,0.16879084967320263,0.0,10,10,0.1111111111111111,1.1966098099946976e-05,GREATEST|of|really|music|other|have|been|Thriller|or|A
text,2,2026-10-05T13:51:04,nodeGcor2,3.11.9,unknown,13155629,6317,134,0,0,0.6423483490943909,integrated_gradients,attribution,10,134,0.0,0.57,0.5247756023300124,0.7701298701298701,0.5384615384615384,10,10,1.0,0.06206191796809435,"footage.|Clash|this|left|relate|Using|awesome|Fury""|deliver.|A"
text,2,2026-10-05T13:51:04,nodeGcor2,3.11.9,unknown,13155629,6317,134,0,0,0.6423483490943909,lime,attribution,10,134,0.0,0.53,0.46441689142640286,0.9636363636363636,0.6666666666666666,10,10,0.25,0.24951006239280105,wake.|best|intimacy|many|semi-boring|love|Clash|left|without|deliver.
text,2,2026-10-05T13:51:04,nodeGcor2,3.11.9,unknown,13155629,6317,134,0,0,0.6423483490943909,random,attribution,10,134,0.5573623918825011,0.5,0.35688929926986246,0.05380116959064327,0.0,10,10,0.05263157894736842,1.3937242329120636e-05,"There|many|stock|not|Jones),|left|without|the|flags|Strummer"
text,2,2026-10-05T13:51:04,nodeGcor2,3.11.9,unknown,13155629,6344,145,0,0,0.9918121099472046,integrated_gradients,attribution,10,145,0.6945930268825805,0.69,0.5731867794294329,0.8811188811188811,0.6666666666666666,10,10,1.0,0.06190405506640673,so|such|disappointment.|didn't|doesn't|fine|actor|best|didn't|down!
text,2,2026-10-05T13:51:04,nodeGcor2,3.11.9,unknown,13155629,6344,145,0,0,0.9918121099472046,lime,attribution,10,145,0.7453465615006293,0.61,0.5671696453837628,0.9636363636363636,0.8181818181818182,10,10,0.5384615384615384,0.17636445024982095,such|disappointment.|didn't|just|doesn't|were|best|but|didn't|down!
text,2,2026-10-05T13:51:04,nodeGcor2,3.11.9,unknown,13155629,6344,145,0,0,0.9918121099472046,random,attribution,10,145,0.019689845687273787,0.48,0.3523640818417315,0.021637426900584796,0.0,10,10,0.0,1.3231765478849411e-05,the|just|the|just|role|ever|was|magic|wouldn't|novel.
text,2,2026-10-05T13:51:04,nodeGcor2,3.11.9,unknown,13155629,6556,26,0,0,0.9951514005661011,integrated_gradients,attribution,10,26,0.5362826555309786,0.99,0.5209304224502448,0.9090909090909092,0.6666666666666666,10,10,1.0,0.025253175292164087,"not|friends,|cheap,|It|failed|miserably|satire|didn't|even|redemption"
text,2,2026-10-05T13:51:04,nodeGcor2,3.11.9,unknown,13155629,6556,26,0,0,0.9951514005661011,lime,attribution,10,26,0.542226101425083,0.95,0.4902719930737133,0.8757575757575757,0.5384615384615384,10,10,0.8181818181818182,0.13503143470734358,"friends,|cheap,|It|failed|miserably|satire|didn't|even|have|redemption"
text,2,2026-10-05T13:51:04,nodeGcor2,3.11.9,unknown,13155629,6556,26,0,0,0.9951514005661011,random,attribution,10,26,0.22534776564503678,0.92,0.3286602731771865,0.2365656789031402,0.17647058823529413,10,10,0.42857142857142855,1.1745374649763107e-05,"Were|not|with|so|cheap,|out.|miserably|as|have|camp."
text,2,2026-10-05T13:51:04,nodeGcor2,3.11.9,unknown,13155629,6763,115,1,1,0.9949001669883728,integrated_gradients,attribution,10,115,0.023428773240280847,0.63,0.5973054860256611,0.9636363636363636,0.6666666666666666,10,10,1.0,0.05384970596060157,The|best|perfect|colorful|cinematography.|performances|great|and|tone|cinema
text,2,2026-10-05T13:51:04,nodeGcor2,3.11.9,unknown,13155629,6763,115,1,1,0.9949001669883728,lime,attribution,10,115,0.02781701395098329,0.71,0.5126275718314368,0.9636363636363636,0.8181818181818182,10,10,0.5384615384615384,0.1433872040361166,best|insecurity|perfect|colorful|performances|great|get|style|Recommended|best
text,2,2026-10-05T13:51:04,nodeGcor2,3.11.9,unknown,13155629,6763,115,1,1,0.9949001669883728,random,attribution,10,115,0.0027147697457202418,0.62,0.34530484907911685,0.0327485380116959,0.0,10,10,0.1111111111111111,1.2129079550504684e-05,of|it.|and|really|took|about|it's|fans|of|heroes.
text,2,2026-10-05T13:51:04,nodeGcor2,3.11.9,unknown,13155629,7022,40,1,1,0.9958821535110474,integrated_gradients,attribution,10,40,0.14440089944236728,0.84,0.5055794692925571,0.9454545454545455,0.6666666666666666,10,10,1.0,0.026284805964678526,"wonderful|movie!|good|sadness,|humor,|very|good|acting|enjoy|movie!!"
text,2,2026-10-05T13:51:04,nodeGcor2,3.11.9,unknown,13155629,7022,40,1,1,0.9958821535110474,lime,attribution,10,40,0.20571416430204936,0.89,0.49012926140243307,0.9454545454545455,0.6666666666666666,10,10,0.5384615384615384,0.14287549769505858,"wonderful|Anyone|characters.|good|sadness,|humor,|very|good|enjoy|this"
text,2,2026-10-05T13:51:04,nodeGcor2,3.11.9,unknown,13155629,7022,40,1,1,0.9958821535110474,random,attribution,10,40,0.050996012121045264,0.59,0.26026500581949985,0.13487272101823186,0.0,10,10,0.1111111111111111,1.2715812772512436e-05,A|movie!|Anyone|Italian|A|with|good|You|this|it.
text,2,2026-10-05T13:51:04,nodeGcor2,3.11.9,unknown,13155629,7610,123,1,1,0.9870795607566833,integrated_gradients,attribution,10,123,0.12161513514701626,0.57,0.4995624324186525,0.9090909090909092,0.6666666666666666,10,10,1.0,0.05714434199035168,"perfect|character.|flighty,|inappropriate,|setting.|perfect|beauty|rich,|life,|enchantment."
text,2,2026-10-05T13:51:04,nodeGcor2,3.11.9,unknown,13155629,7610,123,1,1,0.9870795607566833,lime,attribution,10,123,0.07916060478319215,0.59,0.4784324479865085,0.8939393939393939,0.6666666666666666,10,10,0.42857142857142855,0.15394077030941844,"perfect|depth|who|inappropriate,|setting.|perfect|beauty|sweet,|least|touch"
text,2,2026-10-05T13:51:04,nodeGcor2,3.11.9,unknown,13155629,7610,123,1,1,0.9870795607566833,random,attribution,10,123,0.018731740755548447,0.57,0.349822438150483,0.04912280701754386,0.0,10,10,0.05263157894736842,2.518296241760254e-05,"comments|The|beauty|by|By|the|surface,|treasures|from|a"
text,2,2026-10-05T13:51:04,nodeGcor2,3.11.9,unknown,13155629,7622,125,1,1,0.9206114411354065,integrated_gradients,attribution,10,125,0.13512566317112581,0.63,0.5923414014435446,0.9090909090909092,0.6666666666666666,10,10,1.0,0.057339204009622335,"masterpiece,|depth|no|equal|stunning|very|brutal|destroyed|it.|stunning."
text,2,2026-10-05T13:51:04,nodeGcor2,3.11.9,unknown,13155629,7622,125,1,1,0.9206114411354065,lime,attribution,10,125,0.05709874015371799,0.67,0.542495632197493,0.9636363636363636,0.5384615384615384,10,10,0.5384615384615384,0.1474590222351253,"recognized|is:|masterpiece,|no|unremittingly|stunning|course,|so|destroyed|stunning."
text,2,2026-10-05T13:51:04,nodeGcor2,3.11.9,unknown,13155629,7622,125,1,1,0.9206114411354065,random,attribution,10,125,0.0,0.5,0.35404091272354554,0.055073959408324734,0.0,10,10,0.0,1.2318138033151627e-05,"If|the|and|what|dick-and-jane|like|characters|and|They|thinking,"
text,2,2026-10-05T13:51:04,nodeGcor2,3.11.9,unknown,13155629,7681,146,0,0,0.9972955584526062,integrated_gradients,attribution,10,146,0.010988389025644097,0.72,0.4808878834788255,0.9272727272727274,0.6666666666666666,10,10,1.0,0.061283635906875134,"worst|movies|movie,|'grey'|movie|movie|awful,|awful|bad|lighting,"
text,2,2026-10-05T13:51:04,nodeGcor2,3.11.9,unknown,13155629,7681,146,0,0,0.9972955584526062,lime,attribution,10,146,0.01136288453101072,0.82,0.4420473365714589,0.9272727272727274,0.8181818181818182,10,10,0.25,0.18376817787066102,"one|worst|story-line,|terrible.|was|with|awful,|awful|movie|bad"
text,2,2026-10-05T13:51:04,nodeGcor2,3.11.9,unknown,13155629,7681,146,0,0,0.9972955584526062,random,attribution,10,146,0.0004082036868263705,0.5,0.32165557019739,0.051083591331269364,0.0,10,10,0.0,1.0783318430185318e-05,movie|has|have|no|the|really|All|something|really|throughout.
text,2,2026-10-05T13:51:04,nodeGcor2,3.11.9,unknown,13155629,7831,139,0,0,0.9804125428199768,integrated_gradients,attribution,10,139,0.404812071160129,0.64,0.5384624077434079,0.9818181818181818,0.6666666666666666,10,10,1.0,0.06055138912051916,"Planet,|what|disappointment|Pit'|cliffhanger|spent|empty|Doctor/villain|I'd|interest..."
text,2,2026-10-05T13:51:04,nodeGcor2,3.11.9,unknown,13155629,7831,139,0,0,0.9804125428199768,lime,attribution,10,139,0.6315047432932409,0.61,0.535644494323569,0.8212121212121213,0.8181818181818182,10,10,0.8181818181818182,0.2480727923102677,"but|whoops,|a|disappointment|spent|no|Doctor/villain|no|I've|lost"
text,2,2026-10-05T13:51:04,nodeGcor2,3.11.9,unknown,13155629,7831,139,0,0,0.9804125428199768,random,attribution,10,139,0.03991697040591861,0.49,0.32732338086989476,0.06033711730306157,0.0,10,10,0.0,1.202896237373352e-05,"whoops,|of|nothing|confrontation|planet|solution|Beast|those|of|I've"
text,2,2026-10-05T13:51:04,nodeGcor2,3.11.9,unknown,13155629,8395,81,1,1,0.9908389449119568,integrated_gradients,attribution,10,81,0.3074961444685689,0.67,0.5720688059260535,0.9636363636363636,0.8181818181818182,10,10,1.0,0.0369488769210875,good|movie!|Robert|very|good|movie|perfect|do?|movie|good
text,2,2026-10-05T13:51:04,nodeGcor2,3.11.9,unknown,13155629,8395,81,1,1,0.9908389449119568,lime,attribution,10,81,0.418939756377696,0.75,0.5273264955770589,0.8575757575757577,0.6666666666666666,10,10,0.8181818181818182,0.17507136892527342,good|movie!|Robert|very|perfect|part!|true|story|do?|good
text,2,2026-10-05T13:51:04,nodeGcor2,3.11.9,unknown,13155629,8395,81,1,1,0.9908389449119568,random,attribution,10,81,0.01662963178855211,0.5,0.3854065344173363,0.06827485380116957,0.0,10,10,0.1111111111111111,1.2479256838560104e-05,for|believe|that|is|but|When|do|their|man!|Anyway
text,2,2026-10-05T13:51:04,nodeGcor2,3.11.9,unknown,13155629,8468,209,1,1,0.9939496517181396,integrated_gradients,attribution,10,209,0.03424424318295811,0.68,0.6345471426293341,0.9636363636363636,0.8181818181818182,10,10,1.0,0.08702575694769621,"realistic|acting,|great|wonderful|brilliant|seasons,|this|very|satisfying|viewing."
text,2,2026-10-05T13:51:04,nodeGcor2,3.11.9,unknown,13155629,8468,209,1,1,0.9939496517181396,lime,attribution,10,209,0.07374871279828119,0.68,0.4961078748694743,0.9090909090909092,0.5384615384615384,10,10,0.5384615384615384,0.4009598270058632,realistic|Fine|great|wonderful|brilliant|hold|to|this|very|satisfying
text,2,2026-10-05T13:51:04,nodeGcor2,3.11.9,unknown,13155629,8468,209,1,1,0.9939496517181396,random,attribution,10,209,0.002166624649460161,0.58,0.31614098396926493,0.01637426900584795,0.0,10,10,0.0,1.3632234185934067e-05,realistic|morals|exist?'|this|on|all|pasts.|the|this|very
text,2,2026-10-05T13:51:04,nodeGcor2,3.11.9,unknown,13155629,8853,101,1,1,0.9858140349388123,integrated_gradients,attribution,10,101,0.22011661375706162,0.5,0.6234931852667025,0.9636363636363636,0.8181818181818182,10,10,1.0,0.05067715607583523,"movie|Great|cast,|especially|movie's|greatest|funny|deceitful|enjoyable|***"
text,2,2026-10-05T13:51:04,nodeGcor2,3.11.9,unknown,13155629,8853,101,1,1,0.9858140349388123,lime,attribution,10,101,0.43960103305991244,0.66,0.5266006738204516,0.8575757575757577,0.6666666666666666,10,10,0.8181818181818182,0.13141555711627007,good|good.|Great|movie's|greatest|strength|reminds|funny|enjoyable|***
text,2,2026-10-05T13:51:04,nodeGcor2,3.11.9,unknown,13155629,8853,101,1,1,0.9858140349388123,random,attribution,10,101,0.020463002627391928,0.48,0.3522500555485636,0.04981080151358789,0.0,10,10,0.0,2.4064909666776657e-05,can|just|Cromwell|private|role|has|numerous|It's|him|and
text,2,2026-10-05T13:51:04,nodeGcor2,3.11.9,unknown,13155629,8912,118,1,1,0.9943799376487732,integrated_gradients,attribution,10,118,0.34602393213133403,0.74,0.5647459823368375,0.9818181818181818,0.8181818181818182,10,10,1.0,0.05398273281753063,"accomplished|doesn't|well|performances|excellent,|darker|moments.|a|fine|work."
text,2,2026-10-05T13:51:04,nodeGcor2,3.11.9,unknown,13155629,8912,118,1,1,0.9943799376487732,lime,attribution,10,118,0.32073892069419235,0.72,0.526674809884558,0.9303030303030303,0.5384615384615384,10,10,0.42857142857142855,0.21643826086074114,"accomplished|deserves.|doesn't|well|belie|performances|excellent,|a|fine|work."
text,2,2026-10-05T13:51:04,nodeGcor2,3.11.9,unknown,13155629,8912,118,1,1,0.9943799376487732,random,attribution,10,118,0.0038690452820419343,0.52,0.29189213127982694,0.04327485380116959,0.0,10,10,0.0,1.2887176126241684e-05,"given|of|the|budget.|My|a|and|a|moments.|Overall,"
text,2,2026-10-05T13:51:04,nodeGcor2,3.11.9,unknown,13155629,9029,156,1,1,0.9848546981811523,integrated_gradients,attribution,10,156,0.17297865052120906,0.59,0.6575491121377892,0.9090909090909092,0.5384615384615384,10,10,1.0,0.06133340438827872,"an|excellent|portrayal|""system""|ridiculous|funny|well|worth|immerse|movie."
text,2,2026-10-05T13:51:04,nodeGcor2,3.11.9,unknown,13155629,9029,156,1,1,0.9848546981811523,lime,attribution,10,156,0.3202847283079709,0.59,0.5255798727293124,0.9090909090909092,0.42857142857142855,10,10,0.5384615384615384,0.3734090607613325,excellent|portrayal|ridiculous|truly|funny|well|worth|it|and|immerse
text,2,2026-10-05T13:51:04,nodeGcor2,3.11.9,unknown,13155629,9029,156,1,1,0.9848546981811523,random,attribution,10,156,0.030159376679464896,0.48,0.334788469750401,0.031578947368421054,0.0,10,10,0.05263157894736842,1.2201257050037384e-05,"""against|an|and|in|unrealistic|enjoy.|what|a|I|been"
text,2,2026-10-05T13:51:04,nodeGcor2,3.11.9,unknown,13155629,9306,166,1,1,0.9937466382980347,integrated_gradients,attribution,10,166,0.09218666984319263,0.71,0.6423017713798745,0.9818181818181818,0.5384615384615384,10,10,1.0,0.08275331696495414,"it!One|best|very|well|grand,how|entertaining|captivating|best|best|best"
text,2,2026-10-05T13:51:04,nodeGcor2,3.11.9,unknown,13155629,9306,166,1,1,0.9937466382980347,lime,attribution,10,166,0.06124703115382627,0.71,0.4803588232306887,0.8727272727272728,0.42857142857142855,10,10,0.3333333333333333,0.360613654833287,"best|ever|accurate.Loosen|grand,how|entertaining|captivating|best|time.I|best|ever,"
text,2,2026-10-05T13:51:04,nodeGcor2,3.11.9,unknown,13155629,9306,166,1,1,0.9937466382980347,random,attribution,10,166,3.682754786951436e-05,0.52,0.3471860693710038,0.02631578947368421,0.0,10,10,0.05263157894736842,1.272931694984436e-05,"aspects,this|accurate|to|and|this|syndrome.This|related|movie|the|the"
text,2,2026-10-05T13:51:04,nodeGcor2,3.11.9,unknown,13155629,9490,49,1,1,0.9950946569442749,integrated_gradients,attribution,10,49,0.24227258858054887,0.86,0.6033040840031283,0.8296037296037296,0.6666666666666666,10,10,1.0,0.02619428699836135,played|Film|is|an|enjoyable|film|whole|and|songs|wonderful.
text,2,2026-10-05T13:51:04,nodeGcor2,3.11.9,unknown,13155629,9490,49,1,1,0.9950946569442749,lime,attribution,10,49,0.28647442293517106,0.8,0.5413772299912449,0.9636363636363636,0.42857142857142855,10,10,0.5384615384615384,0.14823774294927716,love|more|love|every|played|enjoyable|whole|and|songs|wonderful.
text,2,2026-10-05T13:51:04,nodeGcor2,3.11.9,unknown,13155629,9490,49,1,1,0.9950946569442749,random,attribution,10,49,0.03212558456411706,0.57,0.36155462444904574,0.09245786033711731,0.0,10,10,0.3333333333333333,1.2216158211231232e-05,Never|more|this|to|Family|Festival.|It|whole|songs|are
text,2,2026-10-05T13:51:04,nodeGcor2,3.11.9,unknown,13155629,9566,138,1,1,0.9876876473426819,integrated_gradients,attribution,10,138,0.36240354858762625,0.65,0.5712215803296418,0.9636363636363636,0.5384615384615384,10,10,1.0,0.06134440330788493,"first|films|awards,|prestigious|nomination.|Leung|Good|performances|Leung|fascinating"
text,2,2026-10-05T13:51:04,nodeGcor2,3.11.9,unknown,13155629,9566,138,1,1,0.9876876473426819,lime,attribution,10,138,0.2508364639188242,0.57,0.5579336610858345,0.8969696969696971,0.6666666666666666,10,10,0.42857142857142855,0.3656283379532397,"of|matter|bad|or...|Good|performances|Fai.|Society,|same;|fascinating"
text,2,2026-10-05T13:51:04,nodeGcor2,3.11.9,unknown,13155629,9566,138,1,1,0.9876876473426819,random,attribution,10,138,0.07269854065462372,0.59,0.31868364638932567,0.031578947368421054,0.0,10,10,0.0,1.27437524497509e-05,"awards,|Golden|but|Train,|it|bad|or...|Masons,|the|fascinating"
text,2,2026-10-05T13:51:04,nodeGcor2,3.11.9,unknown,13155629,9597,140,1,1,0.6542046666145325,integrated_gradients,attribution,10,140,0.0,0.47,0.6482129744852134,0.9818181818181818,0.8181818181818182,10,10,1.0,0.061739835888147354,This|spoof/comedy|falls|it's|face.|Watch|movie|instead|entertaining|experience!
text,2,2026-10-05T13:51:04,nodeGcor2,3.11.9,unknown,13155629,9597,140,1,1,0.6542046666145325,lime,attribution,10,140,0.024096067205716467,0.6,0.5423019952908873,0.9818181818181818,0.6666666666666666,10,10,0.6666666666666666,0.37140548368915915,This|cute|and|successful|very|amusing.|falls|instead|entertaining|experience!
text,2,2026-10-05T13:51:04,nodeGcor2,3.11.9,unknown,13155629,9597,140,1,1,0.6542046666145325,random,attribution,10,140,0.21165638777838347,0.5,0.3386318192272696,0.03742690058479532,0.0,10,10,0.0,1.2771226465702057e-05,featuring|Cassandra|of|the|pilot|is|amusing.|the|years|experience!
text,2,2026-10-05T13:51:04,nodeGcor2,3.11.9,unknown,13155629,9702,111,0,0,0.9954879879951477,integrated_gradients,attribution,10,111,0.38555569532995115,0.78,0.5663052397694448,0.9121212121212121,0.6666666666666666,10,10,1.0,0.05585986189544201,bad|movie.|movie|SPOILER***|movie....what|torrential|downpour....one|worst|ever|scenes
text,2,2026-10-05T13:51:04,nodeGcor2,3.11.9,unknown,13155629,9702,111,0,0,0.9954879879951477,lime,attribution,10,111,0.3404207533962334,0.81,0.5611017077767,0.9636363636363636,0.5384615384615384,10,10,0.42857142857142855,0.21650071302428842,What|bad|movie.|***POSSIBLE|SPOILER***|believe|downpour....one|worst|out|of
text,2,2026-10-05T13:51:04,nodeGcor2,3.11.9,unknown,13155629,9702,111,0,0,0.9954879879951477,random,attribution,10,111,0.0066762198906841815,0.46,0.3421515779228822,0.026900584795321637,0.0,10,10,0.1111111111111111,1.2572389096021652e-05,I'm|least|action|that?|We|that|the|even|torrential|a
text,2,2026-10-05T13:51:04,nodeGcor2,3.11.9,unknown,13155629,9778,158,0,0,0.9975032210350037,integrated_gradients,attribution,10,158,0.009213444111369918,0.77,0.5029102833654255,0.9818181818181818,0.8181818181818182,10,10,1.0,0.06151129584759474,"awful.|didn't|movie?|bad,|bad|movie|boring|uninteresting.|cast|don't"
text,2,2026-10-05T13:51:04,nodeGcor2,3.11.9,unknown,13155629,9778,158,0,0,0.9975032210350037,lime,attribution,10,158,0.004180617444762209,0.77,0.46662791477275634,0.9484848484848485,0.6666666666666666,10,10,0.25,0.3871965422295034,"awful.|soundtrack|bad,|and|boring|was|I|half|funny|instead."
text,2,2026-10-05T13:51:04,nodeGcor2,3.11.9,unknown,13155629,9778,158,0,0,0.9975032210350037,random,attribution,10,158,0.00028855127838254966,0.37,0.3250356430073229,0.04327485380116959,0.0,10,10,0.0,1.278705894947052e-05,this|first|an|in|the|would|ha|canal|If|bunch
text,2,2026-10-05T13:51:04,nodeGcor2,3.11.9,unknown,13155629,9830,109,1,1,0.9959140419960022,integrated_gradients,attribution,10,109,0.07345296587130092,0.75,0.6865823687224094,0.9818181818181818,0.8181818181818182,10,10,1.0,0.050796945579349995,"a|unique|and|bold|film.|energetic,|highly|Very|good|performances."
text,2,2026-10-05T13:51:04,nodeGcor2,3.11.9,unknown,13155629,9830,109,1,1,0.9959140419960022,lime,attribution,10,109,0.10330627850878571,0.72,0.48927661512738463,0.9636363636363636,0.8181818181818182,10,10,0.5384615384615384,0.21068299282342196,"unique|and|bold|energetic,|characters.|Very|good|performances.|courage|truly"
text,2,2026-10-05T13:51:04,nodeGcor2,3.11.9,unknown,13155629,9830,109,1,1,0.9959140419960022,random,attribution,10,109,0.004055261147434579,0.53,0.32350171390133464,0.04327485380116959,0.0,10,10,0.0,1.2251082807779312e-05,"Very|By|viewer|people|disturbing.|thought-provoking,|than|truly|curious|Watch"
text,2,2026-10-05T13:51:04,nodeGcor2,3.11.9,unknown,13155629,9843,130,0,0,0.8113772869110107,integrated_gradients,attribution,10,130,0.6613901170763786,0.56,0.5571577716809958,0.8477855477855478,0.42857142857142855,10,10,1.0,0.061524772085249424,"joke,|can't|bad|acting,|screenplay|etc.|Total|were|horror|favorite,"
text,2,2026-10-05T13:51:04,nodeGcor2,3.11.9,unknown,13155629,9843,130,0,0,0.8113772869110107,lime,attribution,10,130,0.5875607853634986,0.59,0.5460040081986416,0.9818181818181818,0.6666666666666666,10,10,0.6666666666666666,0.2474289550445974,"this|?|joke,|this|bad|bad|bad|screenplay|Total|favorite,"
text,2,2026-10-05T13:51:04,nodeGcor2,3.11.9,unknown,13155629,9843,130,0,0,0.8113772869110107,random,attribution,10,130,0.1554294490155188,0.52,0.3405840035531189,0.055073959408324734,0.0,10,10,0.05263157894736842,1.364201307296753e-05,"the|in|there|being|the|Wegener's|acting,|have|my|please"
text,2,2026-10-05T13:51:04,nodeGcor2,3.11.9,unknown,13155629,9854,195,0,0,0.9830526113510132,integrated_gradients,attribution,10,195,0.34660640957561945,0.62,0.5410077488301032,0.9090909090909092,0.5384615384615384,10,10,1.0,0.08152659982442856,"film|isn't|boring|forced|stories|film|disjointed,|boring|quite|bad"
text,2,2026-10-05T13:51:04,nodeGcor2,3.11.9,unknown,13155629,9854,195,0,0,0.9830526113510132,lime,attribution,10,195,0.2350694111388389,0.54,0.5045184051547417,0.9272727272727274,0.6666666666666666,10,10,0.5384615384615384,0.3899111086502671,"boring|film|disjointed,|boring|so|nothing|bad|best|nasal|fake"
text,2,2026-10-05T13:51:04,nodeGcor2,3.11.9,unknown,13155629,9854,195,0,0,0.9830526113510132,random,attribution,10,195,0.008569088514890601,0.45,0.34275654982914794,0.05657894736842105,0.0,10,10,0.0,1.3832002878189087e-05,David|the|is|too|good|seem|looks|the|towards|himself
text,2,2026-10-05T13:51:04,nodeGcor2,3.11.9,unknown,13155629,9937,163,1,1,0.7815808057785034,integrated_gradients,attribution,10,163,0.31917797563440164,0.36,0.6503605945401105,0.9090909090909092,0.5384615384615384,10,10,1.0,0.06646936433389783,"was|awful,|it|film|clever|start.|Surprising|nineties.|diverse.|this"
text,2,2026-10-05T13:51:04,nodeGcor2,3.11.9,unknown,13155629,9937,163,1,1,0.7815808057785034,lime,attribution,10,163,0.298323921374235,0.39,0.5653225815214229,0.9454545454545455,0.8181818181818182,10,10,0.6666666666666666,0.3171183210797608,"CB4|awful,|but|else,|clever|start.|Surprising|nineties.|diverse.|CB4"
text,2,2026-10-05T13:51:04,nodeGcor2,3.11.9,unknown,13155629,9937,163,1,1,0.7815808057785034,random,attribution,10,163,0.06365941545442413,0.51,0.33788343163151024,0.02631578947368421,0.0,10,10,0.0,1.3631768524646759e-05,it|like|like|throw|hats|a|itself|reel|all|rap
text,2,2026-10-05T13:51:04,nodeGcor2,3.11.9,unknown,13155629,9993,172,0,0,0.5763482451438904,integrated_gradients,attribution,10,172,0.7004249642614074,0.5,0.5586313818521201,0.9666666666666666,0.5384615384615384,10,10,1.0,0.06526930117979646,"true.|film|somewhat|abruptly|avoiding|impressive|Unfortunately,|scriptwriters|food|viewer"
text,2,2026-10-05T13:51:04,nodeGcor2,3.11.9,unknown,13155629,9993,172,0,0,0.5763482451438904,lime,attribution,10,172,0.7429151336276396,0.4,0.494932904044435,0.9121212121212121,0.5384615384615384,10,10,0.6666666666666666,0.3173448657616973,"script|However,|not|true.|not|impressive|Unfortunately,|not|provides|viewer"
text,2,2026-10-05T13:51:04,nodeGcor2,3.11.9,unknown,13155629,9993,172,0,0,0.5763482451438904,random,attribution,10,172,0.37950083142708546,0.46,0.3254980682816382,0.031578947368421054,0.0,10,10,0.0,1.3355165719985962e-05,"However,|ring|tune|brother,|generally|could|onwhether|wanted|film|it"
text,2,2026-10-05T13:51:04,nodeGcor2,3.11.9,unknown,13155629,10101,112,1,1,0.9562273025512695,integrated_gradients,attribution,10,112,0.05769960066900906,0.55,0.556902861437376,0.9636363636363636,0.42857142857142855,10,10,1.0,0.05573799880221486,"rubbish.|children"".Predictable?|funny,|witty.|particularly|wonderfully.Gary|good|comedy|type,|Israel).Thumbs"
text,2,2026-10-05T13:51:04,nodeGcor2,3.11.9,unknown,13155629,10101,112,1,1,0.9562273025512695,lime,attribution,10,112,0.25810324511283295,0.59,0.5306215021023214,0.9272727272727274,0.6666666666666666,10,10,0.5384615384615384,0.2227071118541062,"No|rubbish.|children"".Predictable?|not!|BBC,|it|hilarious,|witty.|particularly|wonderfully.Gary"
text,2,2026-10-05T13:51:04,nodeGcor2,3.11.9,unknown,13155629,10101,112,1,1,0.9562273025512695,random,attribution,10,112,0.11164176000845737,0.44,0.31492755614628487,0.04269005847953216,0.0,10,10,0.05263157894736842,1.2625008821487427e-05,rubbish|original?|be|certainly|unusual|it|was|were|it|way
text,2,2026-10-05T13:51:04,nodeGcor2,3.11.9,unknown,13155629,10188,111,1,1,0.9955834746360779,integrated_gradients,attribution,10,111,0.16537647848883794,0.76,0.608169391942906,0.9121212121212121,0.6666666666666666,10,10,1.0,0.050628060940653086,"It's|beautifully|story|riveted|fresh|today,|terrific|is|superb,|highly"
text,2,2026-10-05T13:51:04,nodeGcor2,3.11.9,unknown,13155629,10188,111,1,1,0.9955834746360779,lime,attribution,10,111,0.08731069927718291,0.66,0.5269820688461089,0.8818181818181818,0.6666666666666666,10,10,0.3333333333333333,0.21762649901211262,"beautifully|story|riveted|fresh|not|terrific|made.|superb,|of|recommend"
text,2,2026-10-05T13:51:04,nodeGcor2,3.11.9,unknown,13155629,10188,111,1,1,0.9955834746360779,random,attribution,10,111,0.0028569514472117454,0.5,0.32964234444125184,0.02631578947368421,0.0,10,10,0.17647058823529413,1.2998003512620926e-05,and|have|It's|filmed|really|knowledgeable|actors|whenever|post-war|British
text,2,2026-10-05T13:51:04,nodeGcor2,3.11.9,unknown,13155629,10235,120,1,1,0.995216965675354,integrated_gradients,attribution,10,120,0.002748762200566929,0.78,0.5524707634907793,0.9174825174825175,0.5384615384615384,10,10,1.0,0.05685783177614212,"show.It's|so|funny|cool.Kuzco|hilarious|so|funny|charming|great|cool,"
text,2,2026-10-05T13:51:04,nodeGcor2,3.11.9,unknown,13155629,10235,120,1,1,0.995216965675354,lime,attribution,10,120,0.009558380951753521,0.67,0.4739974671993765,0.8939393939393939,0.42857142857142855,10,10,0.3333333333333333,0.22585682990029454,"love|this|and|too.Everything|great|episode.It's|funny|watch,|unlike|enjoyable"
text,2,2026-10-05T13:51:04,nodeGcor2,3.11.9,unknown,13155629,10235,120,1,1,0.995216965675354,random,attribution,10,120,0.001879981817060221,0.64,0.3314055921557808,0.060921912624698996,0.0,10,10,0.0,1.2434087693691254e-05,"so|love|what|always|laugh,|just|so|and|worth|movie,"
text,2,2026-10-05T13:51:04,nodeGcor2,3.11.9,unknown,13155629,10290,131,1,1,0.9949396848678589,integrated_gradients,attribution,10,131,0.007134719096532908,0.85,0.578713199042131,0.9818181818181818,0.8181818181818182,10,10,1.0,0.05674753990024328,"incredible.|absolutely|loved|it,|outstanding,|disappointing|amazing|loved|it.|Loved"
text,2,2026-10-05T13:51:04,nodeGcor2,3.11.9,unknown,13155629,10290,131,1,1,0.9949396848678589,lime,attribution,10,131,0.003159537219456279,0.69,0.4374098666253159,0.8454545454545455,0.6666666666666666,10,10,0.3333333333333333,0.35619712620973587,"incredible.|outstanding,|disappointing|everything|loved|possible.|it|two|amazing.|Loved"
text,2,2026-10-05T13:51:04,nodeGcor2,3.11.9,unknown,13155629,10290,131,1,1,0.9949396848678589,random,attribution,10,131,0.0004003638080702752,0.53,0.3716415444200125,0.06160990712074303,0.0,10,10,0.0,1.299520954489708e-05,"movie|I|amazing|absolutely|would|loved|This|would|better|Vants,"
text,2,2026-10-05T13:51:04,nodeGcor2,3.11.9,unknown,13155629,10458,127,1,1,0.9914224743843079,integrated_gradients,attribution,10,127,0.14648209805998313,0.8,0.607677393517799,0.9666666666666666,0.6666666666666666,10,10,1.0,0.060684725642204285,"excellent|film,|quite|special|very|strong|and|cinematography|is|superb."
text,2,2026-10-05T13:51:04,nodeGcor2,3.11.9,unknown,13155629,10458,127,1,1,0.9914224743843079,lime,attribution,10,127,0.2575152063849713,0.61,0.513016310181815,0.9666666666666666,0.8181818181818182,10,10,0.42857142857142855,0.15559106087312102,"excellent|apology.|negligible|very|strong|and|superb.|reader,|enjoy|Thank"
text,2,2026-10-05T13:51:04,nodeGcor2,3.11.9,unknown,13155629,10458,127,1,1,0.9914224743843079,random,attribution,10,127,0.003887500677105199,0.43,0.3539544815094885,0.06676986584107328,0.0,10,10,0.05263157894736842,2.4831853806972504e-05,I|could|the|of|them|harsh|Our|values|special|plot
text,2,2026-10-05T13:51:04,nodeGcor2,3.11.9,unknown,13155629,10576,136,0,0,0.9916841983795166,integrated_gradients,attribution,10,136,0.5390757736946814,0.68,0.4657671221120975,0.9636363636363636,0.8181818181818182,10,10,1.0,0.06116717308759689,little|characters?|characters|silly|uninteresting.|TV?|couldn't|pitiful|wonderful|stomping
text,2,2026-10-05T13:51:04,nodeGcor2,3.11.9,unknown,13155629,10576,136,0,0,0.9916841983795166,lime,attribution,10,136,0.2740375773093637,0.55,0.5518378513529574,0.9484848484848485,0.8181818181818182,10,10,0.42857142857142855,0.33130747824907303,little|characters?|uninteresting.|seems|pitiful|to|wonderful|good|if|revisits
text,2,2026-10-05T13:51:04,nodeGcor2,3.11.9,unknown,13155629,10576,136,0,0,0.9916841983795166,random,attribution,10,136,0.012855803386285364,0.57,0.3383171099127964,0.03859649122807017,0.0,10,10,0.05263157894736842,1.1898111552000046e-05,"Mary|have|to|characters|can't|ever|Minneapolis,|Well,|Van|she"
text,2,2026-10-05T13:51:04,nodeGcor2,3.11.9,unknown,13155629,10899,121,0,0,0.7263285517692566,integrated_gradients,attribution,10,121,0.9188537444614707,0.67,0.5797018736151861,0.9090909090909092,0.3333333333333333,10,10,1.0,0.05374068999662995,me.|but|personally|I|found|dull.|liked|But|it's|gas!
text,2,2026-10-05T13:51:04,nodeGcor2,3.11.9,unknown,13155629,10899,121,0,0,0.7263285517692566,lime,attribution,10,121,0.9271516857653077,0.5,0.5453103230583585,0.9636363636363636,0.3333333333333333,10,10,0.3333333333333333,0.2238332787528634,affection|I|a|little|dull.|the|He|lively|probably|and
text,2,2026-10-05T13:51:04,nodeGcor2,3.11.9,unknown,13155629,10899,121,0,0,0.7263285517692566,random,attribution,10,121,0.7946395020881322,0.57,0.3493505043396232,0.043859649122807015,0.0,10,10,0.05263157894736842,1.1296942830085754e-05,I|is|a|I|fills|role|a|role|so|gets
text,2,2026-10-05T13:51:04,nodeGcor2,3.11.9,unknown,13155629,10930,130,1,1,0.9936733245849609,integrated_gradients,attribution,10,130,0.06387231726909944,0.74,0.5723450694024742,0.9818181818181818,0.8181818181818182,10,10,1.0,0.06078146491199732,"music|Istanbul,|modern.|It's|very|good.|very|very|good),|best"
text,2,2026-10-05T13:51:04,nodeGcor2,3.11.9,unknown,13155629,10930,130,1,1,0.9936733245849609,lime,attribution,10,130,0.061362640626829515,0.78,0.45966944056404446,0.890909090909091,0.6666666666666666,10,10,0.42857142857142855,0.3716348740272224,modern.|It's|very|good.|very|best|heard.|grand|barely|soundtrack
text,2,2026-10-05T13:51:04,nodeGcor2,3.11.9,unknown,13155629,10930,130,1,1,0.9936733245849609,random,attribution,10,130,0.004562454052144937,0.53,0.34086109858167557,0.07729618163054694,0.0,10,10,0.0,1.3317912817001343e-05,of|in|better|yourself.|with|Hop|Lots|grand|the|Pricey.
text,2,2026-10-05T13:51:04,nodeGcor2,3.11.9,unknown,13155629,10951,49,1,1,0.9884138703346252,integrated_gradients,attribution,10,49,0.3505057043245191,0.75,0.5753982588280573,0.9151515151515153,0.6666666666666666,10,10,1.0,0.030824346002191305,"thought|a|really|well|film.|movie|good|cry,|laugh,|smiling."
text,2,2026-10-05T13:51:04,nodeGcor2,3.11.9,unknown,13155629,10951,49,1,1,0.9884138703346252,lime,attribution,10,49,0.38087877809890586,0.71,0.47745140958640175,0.8034632034632037,0.5384615384615384,10,10,0.42857142857142855,0.15194433089345694,thought|a|really|well|film.|good|Jr|it.|It|leave
text,2,2026-10-05T13:51:04,nodeGcor2,3.11.9,unknown,13155629,10951,49,1,1,0.9884138703346252,random,attribution,10,49,0.05814652991146225,0.55,0.30344046991621687,0.16804265565875473,0.0,10,10,0.05263157894736842,1.4005228877067566e-05,thought|the|person|and|I|to|Gooding|Jr|will|everyone
text,2,2026-10-05T13:51:04,nodeGcor2,3.11.9,unknown,13155629,11071,190,0,0,0.994541347026825,integrated_gradients,attribution,10,190,0.27227863968018,0.76,0.6194065281287551,1.0,0.6666666666666666,10,10,1.0,0.08480434399098158,This|a|poor|film.|film's|more|boringly|dysfunctional|amateur|grown-ups.
text,2,2026-10-05T13:51:04,nodeGcor2,3.11.9,unknown,13155629,11071,190,0,0,0.994541347026825,lime,attribution,10,190,0.13704542859771293,0.76,0.5201623759529403,0.8993006993006993,0.5384615384615384,10,10,0.42857142857142855,0.42240661568939686,"This|poor|film.|boringly|dysfunctional|nothing|It's|Ireland,|Dublin|too"
text,2,2026-10-05T13:51:04,nodeGcor2,3.11.9,unknown,13155629,11071,190,0,0,0.994541347026825,random,attribution,10,190,0.015191330746477435,0.47,0.333302024555187,0.031578947368421054,0.0,10,10,0.0,1.3693701475858688e-05,go|from|plot.|who|It's|football|game|dialogue|at|at
text,2,2026-10-05T13:51:04,nodeGcor2,3.11.9,unknown,13155629,11413,120,0,0,0.9949592351913452,integrated_gradients,attribution,10,120,0.10800624418681136,0.61,0.5645700818619295,0.9636363636363636,0.6666666666666666,10,10,1.0,0.05693831667304039,this|lame|TV-movie.|too|guitar.|do.|screenplay|transparent|lazy|cheapjack.
text,2,2026-10-05T13:51:04,nodeGcor2,3.11.9,unknown,13155629,11413,120,0,0,0.9949592351913452,lime,attribution,10,120,0.6491983356023964,0.63,0.5321857252013619,0.8757575757575757,0.5384615384615384,10,10,0.6666666666666666,0.23295878944918513,"but|this|lame|TV-movie.|instead|little|intentions,|lazy|predicaments|production"
text,2,2026-10-05T13:51:04,nodeGcor2,3.11.9,unknown,13155629,11413,120,0,0,0.9949592351913452,random,attribution,10,120,0.012347173719493003,0.55,0.37133548900495605,0.07798417612659099,0.0,10,10,0.0,1.3764947652816772e-05,plays|singer|actors|Askew|end|one-star|but|mass|cheapjack.|1978
text,2,2026-10-05T13:51:04,nodeGcor2,3.11.9,unknown,13155629,11606,110,0,0,0.8561520576477051,integrated_gradients,attribution,10,110,0.5974266436124915,0.51,0.6058053325691295,0.9484848484848485,0.8181818181818182,10,10,1.0,0.06104302732273936,Screen|very|appealing|overtly|but|unhappy|screwball-sophisticated|yet|than|****
text,2,2026-10-05T13:51:04,nodeGcor2,3.11.9,unknown,13155629,11606,110,0,0,0.8561520576477051,lime,attribution,10,110,0.6076687110584852,0.51,0.5908944422669407,0.9454545454545455,0.6666666666666666,10,10,0.6666666666666666,0.14982754085212946,Screen|more.|very|appealing|but|looks|unhappy|screwball-sophisticated|yet|****
text,2,2026-10-05T13:51:04,nodeGcor2,3.11.9,unknown,13155629,11606,110,0,0,0.8561520576477051,random,attribution,10,110,0.4326155150068422,0.57,0.2969187055986604,0.03928448572411421,0.0,10,10,0.1111111111111111,1.3203825801610947e-05,Broadway|title|too|used|man|in|and|star-couple|screwball-sophisticated|*1/2
text,2,2026-10-05T13:51:04,nodeGcor2,3.11.9,unknown,13155629,11742,124,0,0,0.9957684278488159,integrated_gradients,attribution,10,124,0.19716043519594076,0.67,0.5351304965931482,0.9454545454545455,0.6666666666666666,10,10,1.0,0.05732480203732848,film|lacked|footage|tedious.|ex-Emperor|acting|film!|blame|stinker.|tedious.
text,2,2026-10-05T13:51:04,nodeGcor2,3.11.9,unknown,13155629,11742,124,0,0,0.9957684278488159,lime,attribution,10,124,0.03250286031156536,0.81,0.5301298186692189,1.0,0.8181818181818182,10,10,0.5384615384615384,0.15285031404346228,hard|praise|CGI|lacked|tedious.|amazed|this|stinker.|tedious.|enjoyable.
text,2,2026-10-05T13:51:04,nodeGcor2,3.11.9,unknown,13155629,11742,124,0,0,0.9957684278488159,random,attribution,10,124,0.0034938479807104204,0.48,0.3393781604500231,0.031578947368421054,0.0,10,10,0.0,2.60891392827034e-05,"It's|light|Also,|in|credits,|Roman|alias,|he|interesting,|drunk"
text,2,2026-10-05T13:51:04,nodeGcor2,3.11.9,unknown,13155629,11964,160,1,1,0.9937829375267029,integrated_gradients,attribution,10,160,0.4019957882579713,0.66,0.5970823848916873,0.9818181818181818,0.8181818181818182,10,10,1.0,0.06575011182576418,"extraordinary..|complex,|heartbreaking|performance|quite|great,|beautiful|fine|best|performances"
text,2,2026-10-05T13:51:04,nodeGcor2,3.11.9,unknown,13155629,11964,160,1,1,0.9937829375267029,lime,attribution,10,160,0.10862914100603067,0.51,0.5106507924876488,0.890909090909091,0.6666666666666666,10,10,0.8181818181818182,0.3142211209051311,"extraordinary..|complex,|heartbreaking|performance|great,|beautiful|perfect|but|snubbed..|best"
text,2,2026-10-05T13:51:04,nodeGcor2,3.11.9,unknown,13155629,11964,160,1,1,0.9937829375267029,random,attribution,10,160,0.032269589875457264,0.52,0.32199668443601137,0.038699690402476776,0.0,10,10,0.05263157894736842,1.2195203453302383e-05,"for|one?|extraordinary..|of|perfect|all|this|lack|studio,|Cheadle"
text,2,2026-10-05T13:51:04,nodeGcor2,3.11.9,unknown,13155629,12255,129,0,0,0.8366881012916565,integrated_gradients,attribution,10,129,0.6598780377732266,0.65,0.5818979808389868,0.8114219114219114,0.42857142857142855,10,10,1.0,0.05587906902655959,"zombie|embarrassment,|perfect|for|Theater""|bad,|fun|of|shame|sucks"
text,2,2026-10-05T13:51:04,nodeGcor2,3.11.9,unknown,13155629,12255,129,0,0,0.8366881012916565,lime,attribution,10,129,0.3545991795998902,0.54,0.5542951871680499,0.9090909090909092,0.8181818181818182,10,10,0.6666666666666666,0.2724420460872352,"fulfilled|wasn't|zombie|perfect|but|bad,|fun|of|sucks|like"
text,2,2026-10-05T13:51:04,nodeGcor2,3.11.9,unknown,13155629,12255,129,0,0,0.8366881012916565,random,attribution,10,129,0.0,0.51,0.3328313874061464,0.03216374269005848,0.0,10,10,0.0,1.0996591299772263e-05,"my|stupid|Fulci,|but|you|fans,|is|I,|any|title"
text,2,2026-10-05T13:51:04,nodeGcor2,3.11.9,unknown,13155629,12442,144,1,1,0.9953363537788391,integrated_gradients,attribution,10,144,0.12878869856248046,0.72,0.6209889855775625,0.9454545454545455,0.8181818181818182,10,10,1.0,0.06607482815161347,"funniest|comic,|effortlessly|hilarious.|brilliant,|role,|great|Funny,|funny,|funny."
text,2,2026-10-05T13:51:04,nodeGcor2,3.11.9,unknown,13155629,12442,144,1,1,0.9953363537788391,lime,attribution,10,144,0.11476729736613143,0.75,0.5035459220194807,0.9636363636363636,0.8181818181818182,10,10,0.42857142857142855,0.261780247092247,"funniest|perfect,|makes|hilarious.|brilliant,|of|great|Funny,|funny,|funny."
text,2,2026-10-05T13:51:04,nodeGcor2,3.11.9,unknown,13155629,12442,144,1,1,0.9953363537788391,random,attribution,10,144,0.0031518105933820003,0.45,0.34307344853140365,0.060921912624698996,0.0,10,10,0.0,1.2943986803293228e-05,"script|check|just|rent|never|Kline|Jr.|brilliant,|great|his"
text,2,2026-10-05T13:51:04,nodeGcor2,3.11.9,unknown,13155629,12463,82,1,1,0.9936116337776184,integrated_gradients,attribution,10,82,0.31656162490821105,0.8,0.6102182167607368,1.0,0.8181818181818182,10,10,1.0,0.05387999303638935,"suspenseful|brilliantly-handled|suspenseful,the|good|skillful|score|quite|effective,some|Ripper""(1982).Highly|recommended"
text,2,2026-10-05T13:51:04,nodeGcor2,3.11.9,unknown,13155629,12463,82,1,1,0.9936116337776184,lime,attribution,10,82,0.32823568417994514,0.79,0.5647737502248178,1.0,1.0,10,10,0.8181818181818182,0.16755655221641064,"very|suspenseful|brilliantly-handled|suspenseful,the|good|skillful|quite|effective,some|Ripper""(1982).Highly|cinema!"
text,2,2026-10-05T13:51:04,nodeGcor2,3.11.9,unknown,13155629,12463,82,1,1,0.9936116337776184,random,attribution,10,82,0.006611802961205185,0.55,0.3571501110888462,0.06033711730306157,0.0,10,10,0.17647058823529413,1.1986121535301208e-05,a|a|a|doll.However|the|a|several|gory|Francesco|for
text,2,2026-10-05T13:51:04,nodeGcor2,3.11.9,unknown,13155629,12662,115,1,1,0.9958741068840027,integrated_gradients,attribution,10,115,0.00644056932025656,0.6,0.5489163870619806,1.0,0.6666666666666666,10,10,1.0,0.056242120917886496,"best|This|a|wonderful|exploration|of|the|of|artistry,|faithfulness."
text,2,2026-10-05T13:51:04,nodeGcor2,3.11.9,unknown,13155629,12662,115,1,1,0.9958741068840027,lime,attribution,10,115,0.03202233421784002,0.56,0.48790827335330567,1.0,0.8181818181818182,10,10,0.5384615384615384,0.13971179071813822,best|movie|ever|most|wonderful|exploration|grace.|Marvellous|luminous|Enjoy
text,2,2026-10-05T13:51:04,nodeGcor2,3.11.9,unknown,13155629,12662,115,1,1,0.9958741068840027,random,attribution,10,115,0.003204693321969512,0.57,0.38562277236160547,0.08314413484692122,0.0,10,10,0.05263157894736842,2.3568980395793915e-05,"ever|loving.|of|with|searching|faces|accompanied|Mozart|this|another."""
text,2,2026-10-05T13:51:04,nodeGcor2,3.11.9,unknown,13155629,12674,137,0,0,0.9969839453697205,integrated_gradients,attribution,10,137,0.2740615480179343,0.8,0.6018894922191482,0.9272727272727274,0.8181818181818182,10,10,1.0,0.06264255102723837,"CRAP,|worst|film|ever...|worse,|alcoholic!?|Mockery,|blasphemies|garbage...|crap,"
text,2,2026-10-05T13:51:04,nodeGcor2,3.11.9,unknown,13155629,12674,137,0,0,0.9969839453697205,lime,attribution,10,137,0.1659306440663577,0.87,0.4492877522306744,0.9272727272727274,0.5384615384615384,10,10,0.3333333333333333,0.2897796221077442,"CRAP,|worst|film|worse,|mechanism???|Mockery,|continuous|this|garbage...|crap,"
text,2,2026-10-05T13:51:04,nodeGcor2,3.11.9,unknown,13155629,12674,137,0,0,0.9969839453697205,random,attribution,10,137,0.0015270274350189803,0.46,0.33304508968748103,0.07203302373581011,0.0,10,10,0.0,1.2278091162443161e-05,and|film|I|BEFORE|comes|over|with|alcohol|and|row
text,2,2026-10-05T13:51:04,nodeGcor2,3.11.9,unknown,13155629,12724,144,0,0,0.9961079955101013,integrated_gradients,attribution,10,144,0.07356348483977214,0.6,0.46656194585628574,0.9818181818181818,0.8181818181818182,10,10,1.0,0.05685171624645591,"horror|flick.|acting,|script,|film|isn't|character|movie|worst|film"
text,2,2026-10-05T13:51:04,nodeGcor2,3.11.9,unknown,13155629,12724,144,0,0,0.9961079955101013,lime,attribution,10,144,0.06280032831657453,0.56,0.48800245750994753,0.9818181818181818,0.6666666666666666,10,10,0.5384615384615384,0.359657752327621,"dvd|indy|cool|script,|sub|no|supposed|worst|film|skip"
text,2,2026-10-05T13:51:04,nodeGcor2,3.11.9,unknown,13155629,12724,144,0,0,0.9961079955101013,random,attribution,10,144,0.005218670578764773,0.49,0.32247213015540255,0.026900584795321637,0.0,10,10,0.0,1.3621989637613297e-05,the|film|isn't|much|movie|mid|for|the|scene|or
text,2,2026-10-05T13:51:04,nodeGcor2,3.11.9,unknown,13155629,12830,199,0,0,0.9641867876052856,integrated_gradients,attribution,10,199,0.030774147722882204,0.52,0.6440858782715673,0.9636363636363636,0.6666666666666666,10,10,1.0,0.0828086668625474,movie|out.|which|terrifyingly|convincing.The|occupies|uneasy|Not|worst|ever
text,2,2026-10-05T13:51:04,nodeGcor2,3.11.9,unknown,13155629,12830,199,0,0,0.9641867876052856,lime,attribution,10,199,0.27296538098473266,0.5,0.5158723562227101,0.9818181818181818,0.6666666666666666,10,10,0.6666666666666666,0.33761406503617764,which|terrifyingly|convincing.The|exploitation|mode.|Not|worst|movie|ever|not
text,2,2026-10-05T13:51:04,nodeGcor2,3.11.9,unknown,13155629,12830,199,0,0,0.9641867876052856,random,attribution,10,199,0.020806522106010188,0.45,0.30468730686143997,0.021637426900584796,0.0,10,10,0.0,1.3799872249364853e-05,"stood|the|Chris|Has|is|able|job|young,|without|not"
text,2,2026-10-05T13:51:04,nodeGcor2,3.11.9,unknown,13155629,12879,151,0,0,0.9705485105514526,integrated_gradients,attribution,10,151,0.32273506608261743,0.59,0.525462849826612,0.8545454545454547,0.5384615384615384,10,10,1.0,0.05687982775270939,sabotages|comedy|work|don't|it|problem|work|whole|falls|film
text,2,2026-10-05T13:51:04,nodeGcor2,3.11.9,unknown,13155629,12879,151,0,0,0.9705485105514526,lime,attribution,10,151,0.4541903010863655,0.47,0.5006791059001819,0.9818181818181818,0.8181818181818182,10,10,0.6666666666666666,0.17096591787412763,don't|problem|whole|falls|film|just|sort|misses.|amounted|Worth
text,2,2026-10-05T13:51:04,nodeGcor2,3.11.9,unknown,13155629,12879,151,0,0,0.9705485105514526,random,attribution,10,151,0.03196374990465576,0.56,0.3343145550479527,0.0544891640866873,0.0,10,10,0.0,1.2342352420091629e-05,never|by|out|a|much|to|work|the|misfire.|if
text,2,2026-10-05T13:51:04,nodeGcor2,3.11.9,unknown,13155629,12903,73,0,0,0.9970130920410156,integrated_gradients,attribution,10,73,0.8920996799565544,0.92,0.5452487049452301,0.9303030303030303,0.42857142857142855,10,10,1.0,0.03693647403270006,"worst|film|poor,|plot?)|""suspense""|hard|nothing|movie|any|Montreal"
text,2,2026-10-05T13:51:04,nodeGcor2,3.11.9,unknown,13155629,12903,73,0,0,0.9970130920410156,lime,attribution,10,73,0.889246010546715,0.76,0.6081979101170832,0.8841491841491841,0.5384615384615384,10,10,0.25,0.17262419499456882,"worst|poor,|like|were|old|plot|nothing|any|A|Montreal"
text,2,2026-10-05T13:51:04,nodeGcor2,3.11.9,unknown,13155629,12903,73,0,0,0.9970130920410156,random,attribution,10,73,0.0012567028936987538,0.4,0.325731602839785,0.1559511523907809,0.05263157894736842,10,10,0.05263157894736842,1.1712778359651566e-05,The|probably|they|written|year|it|everyone|the|Montreal|presented
text,2,2026-10-05T13:51:04,nodeGcor2,3.11.9,unknown,13155629,13061,129,0,0,0.7331653237342834,integrated_gradients,attribution,10,129,0.2888594609329251,0.62,0.5391006406911343,0.7046536796536798,0.42857142857142855,10,10,1.0,0.061151876114308834,"is|an|amateur,|about|daring|but|no|development|or|is,"
text,2,2026-10-05T13:51:04,nodeGcor2,3.11.9,unknown,13155629,13061,129,0,0,0.7331653237342834,lime,attribution,10,129,0.3633617585274973,0.62,0.4879300001806445,0.8811188811188811,0.3333333333333333,10,10,0.5384615384615384,0.25152147375047207,"amateur,|effort|is|daring|genuinely|sensibility,|evocative|case),|no|development"
text,2,2026-10-05T13:51:04,nodeGcor2,3.11.9,unknown,13155629,13061,129,0,0,0.7331653237342834,random,attribution,10,129,0.2794990078836806,0.49,0.36623042976432396,0.05039559683522532,0.0,10,10,0.1111111111111111,1.272512599825859e-05,"of|it|disturb|be|the|discipline,|technique,|image,|shown|but"
text,2,2026-10-05T13:51:04,nodeGcor2,3.11.9,unknown,13155629,13083,114,0,0,0.9896118640899658,integrated_gradients,attribution,10,114,0.01761688839055656,0.61,0.5264957410391464,0.9818181818181818,0.42857142857142855,10,10,1.0,0.05046013416722417,"not|good|movie.|not|superb.|movie.|lacking,|nothing|sexist|fainting."
text,2,2026-10-05T13:51:04,nodeGcor2,3.11.9,unknown,13155629,13083,114,0,0,0.9896118640899658,lime,attribution,10,114,0.10191181894860499,0.39,0.5618996629458524,0.778088578088578,0.5384615384615384,10,10,0.3333333333333333,0.13672086177393794,not|was|was|but|not|superb.|fell|it.|Also|sexist
text,2,2026-10-05T13:51:04,nodeGcor2,3.11.9,unknown,13155629,13083,114,0,0,0.9896118640899658,random,attribution,10,114,0.014633017830826506,0.53,0.36793391689769617,0.06827485380116957,0.0,10,10,0.05263157894736842,2.3519154638051987e-05,and|this|story|is|on|truly|about|jokes|the|fainting.
text,2,2026-10-05T13:51:04,nodeGcor2,3.11.9,unknown,13155629,13091,174,0,0,0.9941003918647766,integrated_gradients,attribution,10,174,0.0080230302519385,0.6,0.5418498525646434,0.8757575757575757,0.8181818181818182,10,10,1.0,0.06574428780004382,"bad|boring,|unimaginative|feeling,|film|most|challenging|film|money|dull"
text,2,2026-10-05T13:51:04,nodeGcor2,3.11.9,unknown,13155629,13091,174,0,0,0.9941003918647766,lime,attribution,10,174,0.030706722778912423,0.72,0.44965698729528736,0.806060606060606,0.6666666666666666,10,10,0.25,0.39236900210380554,"bad|boring,|annoying|challenging|money|dull|plot|worst|terrible|dialogue"
text,2,2026-10-05T13:51:04,nodeGcor2,3.11.9,unknown,13155629,13091,174,0,0,0.9941003918647766,random,attribution,10,174,0.009285933519232278,0.51,0.33290057005528584,0.04853801169590643,0.0,10,10,0.05263157894736842,1.2326054275035858e-05,bad|stores|this|and|because|less|that|the|Avoid|the
text,2,2026-10-05T13:51:04,nodeGcor2,3.11.9,unknown,13155629,13134,144,1,1,0.9757624268531799,integrated_gradients,attribution,10,144,0.226796404305114,0.65,0.6469282289989104,0.9303030303030303,0.6666666666666666,10,10,1.0,0.06149505823850632,This|te|cartoon|well-done|much|entertaining|memorable.|Worth|perspective.|*SIGH*
text,2,2026-10-05T13:51:04,nodeGcor2,3.11.9,unknown,13155629,13134,144,1,1,0.9757624268531799,lime,attribution,10,144,0.10811610366574129,0.61,0.5035093415669012,0.9272727272727274,0.5384615384615384,10,10,0.6666666666666666,0.2959953239187598,that|Cousin.|Visually|well-done|and|entertaining|memorable.|Worth|disabled|*SIGH*
text,2,2026-10-05T13:51:04,nodeGcor2,3.11.9,unknown,13155629,13134,144,1,1,0.9757624268531799,random,attribution,10,144,0.010273064901744148,0.41,0.31836289327810985,0.021052631578947368,0.0,10,10,0.1111111111111111,1.2994743883609772e-05,should|these|has|a|as|folks|who|lighten|common|hated
text,2,2026-10-05T13:51:04,nodeGcor2,3.11.9,unknown,13155629,13182,129,0,0,0.9453489780426025,integrated_gradients,attribution,10,129,0.7179920788503438,0.65,0.5697771609781566,0.8757575757575757,0.25,10,10,1.0,0.05651623196899891,"Nott|at|all.|acting|bad|bad.|bandwidth.|kids|awful|film,"
text,2,2026-10-05T13:51:04,nodeGcor2,3.11.9,unknown,13155629,13182,129,0,0,0.9453489780426025,lime,attribution,10,129,0.3741937428264391,0.86,0.5871763890538912,0.9636363636363636,0.8181818181818182,10,10,0.6666666666666666,0.3214942910708487,"very|good|at|all.|bad,|bad|bad.|this|awful|film,"
text,2,2026-10-05T13:51:04,nodeGcor2,3.11.9,unknown,13155629,13182,129,0,0,0.9453489780426025,random,attribution,10,129,0.03456820932535804,0.48,0.34451303302507663,0.060921912624698996,0.0,10,10,0.0,1.2366101145744324e-05,first|the|camera|work|I|floating|it|high|10's|This
text,2,2026-10-05T13:51:04,nodeGcor2,3.11.9,unknown,13155629,13274,129,0,0,0.9136765599250793,integrated_gradients,attribution,10,129,0.35085503905062243,0.61,0.5621476409379795,0.9454545454545455,0.5384615384615384,10,10,1.0,0.05648039095103741,film?|film|marketing|department|in).|nothing|original|here.|guys|admiration
text,2,2026-10-05T13:51:04,nodeGcor2,3.11.9,unknown,13155629,13274,129,0,0,0.9136765599250793,lime,attribution,10,129,0.8061697511029621,0.54,0.5127089990380919,0.9272727272727274,0.8181818181818182,10,10,0.5384615384615384,0.16425484791398048,"cliché|""antics""|""worrisome|marketing|nothing|original|Any|brought|admiration|if"
text,2,2026-10-05T13:51:04,nodeGcor2,3.11.9,unknown,13155629,13274,129,0,0,0.9136765599250793,random,attribution,10,129,0.00624876500013145,0.55,0.30032031014794636,0.05438596491228069,0.0,10,10,0.05263157894736842,1.2301374226808548e-05,"fire|is|this""|to|wife""|department|Disney|really|these|burning"
text,2,2026-10-05T13:51:04,nodeGcor2,3.11.9,unknown,13155629,13315,105,0,0,0.9919691681861877,integrated_gradients,attribution,10,105,0.7027894458764892,0.75,0.5904232214614422,0.9818181818181818,0.8181818181818182,10,10,1.0,0.050429430324584246,"over|mercifully|quickly.|script|little|sense,|sado-masochistic|irritating.|only|badly"
text,2,2026-10-05T13:51:04,nodeGcor2,3.11.9,unknown,13155629,13315,105,0,0,0.9919691681861877,lime,attribution,10,105,0.8063606321677639,0.73,0.5220220247606999,0.9636363636363636,0.6666666666666666,10,10,0.6666666666666666,0.12851063860580325,"over|little|sense,|sado-masochistic|trite,|irritating.|only|Keitel|Bad|actors"
text,2,2026-10-05T13:51:04,nodeGcor2,3.11.9,unknown,13155629,13315,105,0,0,0.9919691681861877,random,attribution,10,105,0.10689980658532823,0.54,0.32557685709241346,0.05321637426900585,0.0,10,10,0.05263157894736842,1.0711140930652618e-05,be|little|idea|sado-masochistic|main|should|music.|His|good|but
text,2,2026-10-05T13:51:04,nodeGcor2,3.11.9,unknown,13155629,13326,70,1,1,0.978425920009613,integrated_gradients,attribution,10,70,0.2934150369689477,0.57,0.5330798390427443,0.8606060606060606,0.5384615384615384,10,10,1.0,0.03763098828494549,First-time|winning|spirit|comedy.|flavor|throw|Needs|appreciate|elements|Expect
text,2,2026-10-05T13:51:04,nodeGcor2,3.11.9,unknown,13155629,13326,70,1,1,0.978425920009613,lime,attribution,10,70,0.41258924697094407,0.6,0.5128383132816627,0.8757575757575757,0.6666666666666666,10,10,0.6666666666666666,0.1703153713606298,winning|spirit|of|comedy.|throw|Python|appreciate|all|Expect|good
text,2,2026-10-05T13:51:04,nodeGcor2,3.11.9,unknown,13155629,13326,70,1,1,0.978425920009613,random,attribution,10,70,0.23402055757498372,0.59,0.3798523755323331,0.06804265565875474,0.0,10,10,0.1111111111111111,1.1464115232229233e-05,winning|spirit|dark|in|flavorings|Needs|more|the|Expect|things
text,2,2026-10-05T13:51:04,nodeGcor2,3.11.9,unknown,13155629,13444,148,1,1,0.9910320043563843,integrated_gradients,attribution,10,148,0.22562696828810525,0.63,0.5885400259654576,0.9636363636363636,0.6666666666666666,10,10,1.0,0.06180078210309148,"his|most|enjoyable|when|gem.|brilliant|wonderful|lacking,|wonderful|thoroughly"
text,2,2026-10-05T13:51:04,nodeGcor2,3.11.9,unknown,13155629,13444,148,1,1,0.9910320043563843,lime,attribution,10,148,0.14892319957985797,0.77,0.5386093933259128,0.9636363636363636,0.8181818181818182,10,10,0.8181818181818182,0.22577121201902628,"most|enjoyable|don't|this|gem.|brilliant|lacking,|him.|wonderful|amazing"
text,2,2026-10-05T13:51:04,nodeGcor2,3.11.9,unknown,13155629,13444,148,1,1,0.9910320043563843,random,attribution,10,148,0.014403108531440705,0.5,0.32142325157096074,0.026900584795321637,0.0,10,10,0.05263157894736842,1.2347940355539322e-05,"he|cops|recognise|face|gags,|sound|with|to|thoroughly|1921."
text,2,2026-10-05T13:51:04,nodeGcor2,3.11.9,unknown,13155629,13538,112,1,1,0.994830310344696,integrated_gradients,attribution,10,112,0.05991174731132706,0.77,0.5132339489852735,0.9333333333333332,0.6666666666666666,10,10,1.0,0.05361448181793094,"so|absolutely|refreshing|inventive,|today's|so|innovative|setting|style|pleasure."
text,2,2026-10-05T13:51:04,nodeGcor2,3.11.9,unknown,13155629,13538,112,1,1,0.994830310344696,lime,attribution,10,112,0.029243132149021692,0.65,0.49959783397662283,0.8727272727272728,0.6666666666666666,10,10,0.6666666666666666,0.13278498081490397,gem|absolutely|refreshing|dreadful|is|innovative|pleasure.|won't|be|sorry.
text,2,2026-10-05T13:51:04,nodeGcor2,3.11.9,unknown,13155629,13538,112,1,1,0.994830310344696,random,attribution,10,112,0.008818198970035798,0.55,0.32349527482379026,0.06150670794633643,0.0,10,10,0.0,2.1014828234910965e-05,"most|This|B|so|set|is|its|lines""|line|you"
text,2,2026-10-05T13:51:04,nodeGcor2,3.11.9,unknown,13155629,13631,138,1,1,0.9951136708259583,integrated_gradients,attribution,10,138,0.012854863935145096,0.63,0.5365966485251037,0.9818181818181818,0.8181818181818182,10,10,1.0,0.0572837688960135,"liked|movie|funny,|funny.|enjoyed|best|Perfect|funny,|entertaining.|best"
text,2,2026-10-05T13:51:04,nodeGcor2,3.11.9,unknown,13155629,13631,138,1,1,0.9951136708259583,lime,attribution,10,138,0.0044573790716478,0.6,0.439228752845058,0.9303030303030303,0.6666666666666666,10,10,0.25,0.16825078101828694,"Costello|enjoyed|this|if|This|funny,|entertaining.|Costello|movie,|best"
text,2,2026-10-05T13:51:04,nodeGcor2,3.11.9,unknown,13155629,13631,138,1,1,0.9951136708259583,random,attribution,10,138,0.0018023703407145403,0.4,0.3145133477658737,0.03742690058479532,0.0,10,10,0.0,1.130625605583191e-05,"I|am|it,|the|of|Man|movies|pretty|decent|liked"
text,2,2026-10-05T13:51:04,nodeGcor2,3.11.9,unknown,13155629,13709,148,1,1,0.9960082769393921,integrated_gradients,attribution,10,148,0.0030869683187189465,0.72,0.6132131485303369,0.9272727272727274,0.42857142857142855,10,10,1.0,0.06207408383488655,"excellent|movie!|impressed.|great|about|and|family.|great|drama,|well-made"
text,2,2026-10-05T13:51:04,nodeGcor2,3.11.9,unknown,13155629,13709,148,1,1,0.9960082769393921,lime,attribution,10,148,0.0060653804857211556,0.65,0.43223819617052506,0.9090909090909092,0.8181818181818182,10,10,0.3333333333333333,0.2973006940446794,"This|excellent|great|great|balance|suspense|all|great,|warm,|enjoy"
text,2,2026-10-05T13:51:04,nodeGcor2,3.11.9,unknown,13155629,13709,148,1,1,0.9960082769393921,random,attribution,10,148,0.0006473872377462307,0.58,0.366595029112455,0.021052631578947368,0.0,10,10,0.0,1.3220123946666718e-05,"an|and|a|I|it|the|kind|hope|knows|States,"
text,2,2026-10-05T13:51:04,nodeGcor2,3.11.9,unknown,13155629,14597,157,0,0,0.99703049659729,integrated_gradients,attribution,10,157,0.26864581911015917,0.63,0.5800474475646061,1.0,0.8181818181818182,10,10,1.0,0.06554249487817287,"Movie|worst|film|hasn't|hapless|dreadful|nonexistent,|little.|movie|video"
text,2,2026-10-05T13:51:04,nodeGcor2,3.11.9,unknown,13155629,14597,157,0,0,0.99703049659729,lime,attribution,10,157,0.3121130150801715,0.69,0.5245343230365058,0.9174825174825175,0.5384615384615384,10,10,0.42857142857142855,0.3052916871383786,"worst|fable|Poor|stupid,|As|dreadful|film|crawls|pace.|oblivion."
text,2,2026-10-05T13:51:04,nodeGcor2,3.11.9,unknown,13155629,14597,157,0,0,0.99703049659729,random,attribution,10,157,0.0012906372276952132,0.48,0.3403322892266394,0.043859649122807015,0.0,10,10,0.1111111111111111,1.3249926269054413e-05,positive|hapless|of|direction|and|very|her|snails|pace.|in
text,2,2026-10-05T13:51:04,nodeGcor2,3.11.9,unknown,13155629,14648,129,0,0,0.9943581223487854,integrated_gradients,attribution,10,129,0.22830481483028894,0.6,0.5438310228716897,0.9090909090909092,0.6666666666666666,10,10,1.0,0.05625799996778369,"perfect|overdone.|Dialogue|character|terrible|weak|plot.|cast|movie|bore,"
text,2,2026-10-05T13:51:04,nodeGcor2,3.11.9,unknown,13155629,14648,129,0,0,0.9943581223487854,lime,attribution,10,129,0.2659536506415292,0.57,0.5331298255513295,0.8727272727272728,0.6666666666666666,10,10,0.5384615384615384,0.3598504620604217,"perfect|seemed|overdone.|terrible|weak|plot.|job|no|real|bore,"
text,2,2026-10-05T13:51:04,nodeGcor2,3.11.9,unknown,13155629,14648,129,0,0,0.9943581223487854,random,attribution,10,129,0.014386280379852949,0.46,0.33389448273272004,0.03742690058479532,0.0,10,10,0.0,1.2960284948348999e-05,"The|Know""|way|overdone.|did|real|myself|face|a|surely"
text,2,2026-10-05T13:51:04,nodeGcor2,3.11.9,unknown,13155629,14831,169,1,1,0.8372876048088074,integrated_gradients,attribution,10,169,0.07438090658348137,0.5,0.5712827224830188,0.9538461538461538,0.42857142857142855,10,10,1.0,0.06140033109113574,jerky|Soul.|this|game.|The|beginning|spectacular|interesting|awkward|fans
text,2,2026-10-05T13:51:04,nodeGcor2,3.11.9,unknown,13155629,14831,169,1,1,0.8372876048088074,lime,attribution,10,169,0.19714074286582778,0.43,0.5462420515638038,0.9090909090909092,0.8181818181818182,10,10,0.5384615384615384,0.30281710904091597,jerky|beginning|spectacular|with|breath|interesting|awkward|also|interactive|varied
text,2,2026-10-05T13:51:04,nodeGcor2,3.11.9,unknown,13155629,14831,169,1,1,0.8372876048088074,random,attribution,10,169,0.22107286389501796,0.51,0.34605237704092073,0.03742690058479532,0.0,10,10,0.05263157894736842,1.2144912034273148e-05,only|about|taking|the|interactive|fate|is|many|you|Chronicle
text,2,2026-10-05T13:51:04,nodeGcor2,3.11.9,unknown,13155629,14925,157,1,1,0.5951690673828125,integrated_gradients,attribution,10,157,0.0,0.48,0.5388467154392441,0.8939393939393939,0.5384615384615384,10,10,1.0,0.08207854209467769,"last|chewed|had|Wonderful|script|ordinary.|story|is|1936,|T.B.W.O."
text,2,2026-10-05T13:51:04,nodeGcor2,3.11.9,unknown,13155629,14925,157,1,1,0.5951690673828125,lime,attribution,10,157,0.0,0.51,0.4958552761013211,0.9818181818181818,0.8181818181818182,10,10,0.6666666666666666,0.3633568659424782,"chewed|Wonderful|surprised|script|this|ordinary.|interesting|VERY|clever,|due"
text,2,2026-10-05T13:51:04,nodeGcor2,3.11.9,unknown,13155629,14925,157,1,1,0.5951690673828125,random,attribution,10,157,0.19337414674400719,0.5,0.3441011270174802,0.04454764361885105,0.0,10,10,0.0,1.1808238923549652e-05,"the|Barrymore,|Barbara|Then|who|the|Carlton.|surprised|story|Out"""
text,2,2026-10-05T13:51:04,nodeGcor2,3.11.9,unknown,13155629,15428,182,0,0,0.9807103276252747,integrated_gradients,attribution,10,182,0.5924215075507234,0.54,0.6360236272532231,0.890909090909091,0.6666666666666666,10,10,1.0,0.08274181187152863,and|depth|dull|show.|York.|unique|talent.|unable|not|film
text,2,2026-10-05T13:51:04,nodeGcor2,3.11.9,unknown,13155629,15428,182,0,0,0.9807103276252747,lime,attribution,10,182,0.2827161903703806,0.64,0.5582769523549641,0.854978354978355,0.5384615384615384,10,10,0.3333333333333333,0.3752902848646045,and|depth|dull|show.|least|which|unable|enough|heights.|Unfortunately
text,2,2026-10-05T13:51:04,nodeGcor2,3.11.9,unknown,13155629,15428,182,0,0,0.9807103276252747,random,attribution,10,182,0.015864319936519624,0.58,0.35230741647529684,0.0327485380116959,0.0,10,10,0.05263157894736842,1.4356803148984909e-05,Lathan's|which|young|younger|One|bro'|audience|dancing|flat|Video
text,2,2026-10-05T13:51:04,nodeGcor2,3.11.9,unknown,13155629,15476,135,1,1,0.9899184107780457,integrated_gradients,attribution,10,135,0.4406138580178618,0.72,0.6542208430943738,0.9272727272727274,0.6666666666666666,10,10,1.0,0.056925686076283455,"love|this|film,|excellent|and|funny,|film|Funny|moon,and|song!!"
text,2,2026-10-05T13:51:04,nodeGcor2,3.11.9,unknown,13155629,15476,135,1,1,0.9899184107780457,lime,attribution,10,135,0.3636391333733741,0.75,0.5760304398301869,0.9666666666666666,0.8181818181818182,10,10,0.6666666666666666,0.290104485116899,"love|this|it|excellent|and|funny,|bugging|me|no|nice"
text,2,2026-10-05T13:51:04,nodeGcor2,3.11.9,unknown,13155629,15476,135,1,1,0.9899184107780457,random,attribution,10,135,0.029895878962492642,0.6,0.33763416633348897,0.04327485380116959,0.0,10,10,0.05263157894736842,1.154281198978424e-05,this|Ben|10|never|Funny|Andre|shouts|looks|older|is
text,2,2026-10-05T13:51:04,nodeGcor2,3.11.9,unknown,13155629,15487,115,1,1,0.9932025074958801,integrated_gradients,attribution,10,115,0.05343214044528014,0.69,0.6148975076453456,0.8545454545454547,0.6666666666666666,10,10,1.0,0.05400196788832545,"most|original|acclaim,|his|best|work.|perfect|of|suspense|humor."
text,2,2026-10-05T13:51:04,nodeGcor2,3.11.9,unknown,13155629,15487,115,1,1,0.9932025074958801,lime,attribution,10,115,0.047323880031732254,0.73,0.4966954778331226,0.9272727272727274,0.6666666666666666,10,10,0.5384615384615384,0.21647645300254226,"most|original|Waves|acclaim,|really|best|work.|being|perfect|humor."
text,2,2026-10-05T13:51:04,nodeGcor2,3.11.9,unknown,13155629,15487,115,1,1,0.9932025074958801,random,attribution,10,115,0.0019781346565867137,0.46,0.3409368737338535,0.05380116959064327,0.0,10,10,0.05263157894736842,1.3124197721481323e-05,film|cure|the|these|gotten|more|being|handheld|were|of
text,2,2026-10-05T13:51:04,nodeGcor2,3.11.9,unknown,13155629,15651,131,0,0,0.9848692417144775,integrated_gradients,attribution,10,131,0.6652191406059929,0.63,0.6141559544392303,0.9303030303030303,0.6666666666666666,10,10,1.0,0.05700113624334335,"This|just|didn't|too|too|times|film.|""Tennessee""|too|cook;"
text,2,2026-10-05T13:51:04,nodeGcor2,3.11.9,unknown,13155629,15651,131,0,0,0.9848692417144775,lime,attribution,10,131,0.7548913465805147,0.53,0.5424709695751184,0.9818181818181818,0.8181818181818182,10,10,0.8181818181818182,0.27830840833485126,This|formulaic|film|just|didn't|enough|too|decisive|plot|too
text,2,2026-10-05T13:51:04,nodeGcor2,3.11.9,unknown,13155629,15651,131,0,0,0.9848692417144775,random,attribution,10,131,0.09268324537303663,0.51,0.300637056357997,0.02631578947368421,0.0,10,10,0.0,1.3905111700296402e-05,"Scott|action,|by|a|superfluous,|does|Bedoya's|photography|and|scene"
text,2,2026-10-05T13:51:04,nodeGcor2,3.11.9,unknown,13155629,15982,133,0,0,0.9968944787979126,integrated_gradients,attribution,10,133,0.05001060082460425,0.79,0.5259980474034275,0.9818181818181818,0.8181818181818182,10,10,1.0,0.061189702711999416,"movie.|bad|wouldn't|couldn't|plot|cliché,|stupid.|acting|horrible,|screen."
text,2,2026-10-05T13:51:04,nodeGcor2,3.11.9,unknown,13155629,15982,133,0,0,0.9968944787979126,lime,attribution,10,133,0.38337299225583754,0.85,0.5206806253526521,0.9636363636363636,0.6666666666666666,10,10,0.42857142857142855,0.16588902287185192,"obese,|movie|plot|cliché,|dumb,|stupid.|acting|horrible,|painful|idiocy"
text,2,2026-10-05T13:51:04,nodeGcor2,3.11.9,unknown,13155629,15982,133,0,0,0.9968944787979126,random,attribution,10,133,0.003037049553145049,0.59,0.3684334099631099,0.03742690058479532,0.0,10,10,0.05263157894736842,1.2514181435108185e-05,"hate|watch|good|topless|natives,|but|outlawed|this|acting|my"
text,2,2026-10-05T13:51:04,nodeGcor2,3.11.9,unknown,13155629,16065,127,1,1,0.7537840008735657,integrated_gradients,attribution,10,127,0.41992304211231074,0.37,0.5848741386414438,0.8841491841491841,0.6666666666666666,10,10,1.0,0.05663607595488429,"awful|best|awful|rubbish,|is|However,|can't|but|recommended|greatest"
text,2,2026-10-05T13:51:04,nodeGcor2,3.11.9,unknown,13155629,16065,127,1,1,0.7537840008735657,lime,attribution,10,127,0.5201916798911184,0.48,0.5286975009231762,0.9818181818181818,0.8181818181818182,10,10,0.6666666666666666,0.15502982400357723,"best|awful|rubbish,|crap,|screenplay|love|this|recommended|memorable.|greatest"
text,2,2026-10-05T13:51:04,nodeGcor2,3.11.9,unknown,13155629,16065,127,1,1,0.7537840008735657,random,attribution,10,127,0.6068519753096475,0.55,0.326242501207496,0.03928448572411421,0.0,10,10,0.1111111111111111,2.6207882910966873e-05,"Well|what|effects|However,|help|dearly|recommended|not|lot|then"
text,2,2026-10-05T13:51:04,nodeGcor2,3.11.9,unknown,13155629,16187,140,0,0,0.9890553951263428,integrated_gradients,attribution,10,140,0.09493776996860717,0.63,0.5242556622970154,1.0,0.6666666666666666,10,10,1.0,0.06550842802971601,"movie.not|acting,although|script,which|movie|movie,and|horrible|CGI.it|couldn't|roughest|didn't"
text,2,2026-10-05T13:51:04,nodeGcor2,3.11.9,unknown,13155629,16187,140,0,0,0.9890553951263428,lime,attribution,10,140,0.09456774770218583,0.65,0.48003126266621643,0.8787878787878787,0.6666666666666666,10,10,0.42857142857142855,0.1884894510731101,"would|loved|script,which|movie|roll.but,the|problem|movie,and|horrible|CGI.it|insulting.it"
text,2,2026-10-05T13:51:04,nodeGcor2,3.11.9,unknown,13155629,16187,140,0,0,0.9890553951263428,random,attribution,10,140,0.008456033279344634,0.45,0.3728751256611643,0.04327485380116959,0.0,10,10,0.0,1.377984881401062e-05,movie.not|was|the|credits|felt|it|have|released|for|Panic
text,2,2026-10-05T13:51:04,nodeGcor2,3.11.9,unknown,13155629,16574,133,1,1,0.9959378242492676,integrated_gradients,attribution,10,133,0.01892637433191949,0.64,0.5903533915512755,0.9454545454545455,0.6666666666666666,10,10,1.0,0.056273533031344414,"great,|great|smart,|witty,|well|amazing|beautiful|Berlin,|the|most"
text,2,2026-10-05T13:51:04,nodeGcor2,3.11.9,unknown,13155629,16574,133,1,1,0.9959378242492676,lime,attribution,10,133,0.01618085848495164,0.61,0.4610721881593288,0.890909090909091,0.6666666666666666,10,10,0.42857142857142855,0.28145164903253317,"in|smoothly|great,|great|witty,|amazing|It's|entertaining|well|the"
text,2,2026-10-05T13:51:04,nodeGcor2,3.11.9,unknown,13155629,16574,133,1,1,0.9959378242492676,random,attribution,10,133,0.0024107274949691977,0.58,0.36484887376859976,0.010526315789473684,0.0,10,10,0.0,1.3454817235469818e-05,it's|the|this|the|in|the|cast|and|the|in
text,2,2026-10-05T13:51:04,nodeGcor2,3.11.9,unknown,13155629,16661,106,0,0,0.9502266049385071,integrated_gradients,attribution,10,106,0.5871123336697788,0.71,0.5880875294698813,0.8424242424242425,0.5384615384615384,10,10,1.0,0.05031581176444888,"begins|intriguing|convincing|priming|movie|writer/director|film|whole,|movie|disappointing."
text,2,2026-10-05T13:51:04,nodeGcor2,3.11.9,unknown,13155629,16661,106,0,0,0.9502266049385071,lime,attribution,10,106,0.6526163617633424,0.67,0.597515429186239,0.9454545454545455,0.8181818181818182,10,10,0.6666666666666666,0.207429981790483,"begins|premise|intriguing|myth.|Sadly,|shifts|writer/director|whole,|movie|disappointing."
text,2,2026-10-05T13:51:04,nodeGcor2,3.11.9,unknown,13155629,16661,106,0,0,0.9502266049385071,random,attribution,10,106,0.7034903746086555,0.68,0.3204177053950763,0.06608187134502923,0.0,10,10,0.0,1.2423843145370483e-05,"begins|argument|is|Sadly,|clearly|some|legit|the|whole,|disappointing."
text,2,2026-10-05T13:51:04,nodeGcor2,3.11.9,unknown,13155629,16678,119,0,0,0.9972099661827087,integrated_gradients,attribution,10,119,0.0031296907481091164,0.91,0.5034095179798045,0.9303030303030303,0.8181818181818182,10,10,1.0,0.05402448680251837,worst|worst|wasn't|boring|poorly|made|doesn't|horrible|waste|animation
text,2,2026-10-05T13:51:04,nodeGcor2,3.11.9,unknown,13155629,16678,119,0,0,0.9972099661827087,lime,attribution,10,119,0.0008695544585376793,0.64,0.37715824929709996,0.8757575757575757,0.6666666666666666,10,10,0.17647058823529413,0.1420937953516841,worst|classic|and|much|the|with|and|poorly|.This|have
text,2,2026-10-05T13:51:04,nodeGcor2,3.11.9,unknown,13155629,16678,119,0,0,0.9972099661827087,random,attribution,10,119,0.0002741714532109111,0.46,0.31864495841951423,0.049226006191950465,0.0,10,10,0.05263157894736842,2.4626031517982483e-05,by|and|it's|.The|of|any|.|designs|ugly|joke
text,2,2026-10-05T13:51:04,nodeGcor2,3.11.9,unknown,13155629,16943,139,1,1,0.9776499271392822,integrated_gradients,attribution,10,139,0.4146120494244568,0.65,0.5986988816626029,0.9484848484848485,0.42857142857142855,10,10,1.0,0.05600986210629344,"This|a|great|movie|role.|thriller,|great|story|characters|great"
text,2,2026-10-05T13:51:04,nodeGcor2,3.11.9,unknown,13155629,16943,139,1,1,0.9776499271392822,lime,attribution,10,139,0.5921264187997691,0.59,0.5537137604889433,0.8393939393939395,0.5384615384615384,10,10,0.6666666666666666,0.28358871396631,"This|great|movie|Diesel|thriller,|it|great|you|great|best"
text,2,2026-10-05T13:51:04,nodeGcor2,3.11.9,unknown,13155629,16943,139,1,1,0.9776499271392822,random,attribution,10,139,0.034926562487425504,0.59,0.3390072930421386,0.0327485380116959,0.0,10,10,0.0,1.2416858226060867e-05,socks|just|animated|the|for|more.|it|great|felt|done.
text,2,2026-10-05T13:51:04,nodeGcor2,3.11.9,unknown,13155629,16985,191,0,0,0.994541347026825,integrated_gradients,attribution,10,191,0.05448566985913332,0.69,0.5828137341678052,0.9454545454545455,0.8181818181818182,10,10,1.0,0.08176480699330568,film|not|film|an|extremely|poor|adaption|worst|this|garbage.
text,2,2026-10-05T13:51:04,nodeGcor2,3.11.9,unknown,13155629,16985,191,0,0,0.994541347026825,lime,attribution,10,191,0.24712448762063896,0.68,0.48984428896959753,0.9454545454545455,0.5384615384615384,10,10,0.42857142857142855,0.4096356891095638,chance|horrified.|poor|great|was|in|poor|worst|this|garbage.
text,2,2026-10-05T13:51:04,nodeGcor2,3.11.9,unknown,13155629,16985,191,0,0,0.994541347026825,random,attribution,10,191,0.0026965710325079027,0.48,0.32998268046796553,0.021052631578947368,0.0,10,10,0.0,1.4289747923612595e-05,absolutely|ages|I|got|of|had|book|I|found|a
text,2,2026-10-05T13:51:04,nodeGcor2,3.11.9,unknown,13155629,17093,120,1,1,0.9626380801200867,integrated_gradients,attribution,10,120,0.18851771168084083,0.61,0.6298043374011357,0.8545454545454547,0.5384615384615384,10,10,1.0,0.05078015523031354,well|and|realistic.|disappointed.|closer|recommend|watch.|High|quality|realistic
text,2,2026-10-05T13:51:04,nodeGcor2,3.11.9,unknown,13155629,17093,120,1,1,0.9626380801200867,lime,attribution,10,120,0.2023337273589791,0.6,0.5193178270177627,0.9272727272727274,0.6666666666666666,10,10,0.6666666666666666,0.1346863890066743,well|and|realistic.|disappointed.|closer|watch.|High|quality|realistic|and
text,2,2026-10-05T13:51:04,nodeGcor2,3.11.9,unknown,13155629,17093,120,1,1,0.9626380801200867,random,attribution,10,120,0.05519428110298533,0.53,0.3573311634035732,0.038699690402476776,0.0,10,10,0.05263157894736842,2.1221116185188293e-05,"Hollywood|to|movie,|This|military|in|the|of""|avoid|quality"
text,2,2026-10-05T13:51:04,nodeGcor2,3.11.9,unknown,13155629,17103,195,1,1,0.9865069389343262,integrated_gradients,attribution,10,195,0.1106278593714881,0.52,0.5289345411510431,0.9090909090909092,0.5384615384615384,10,10,1.0,0.08369337068870664,a|drama|through|and|life|strong|Merkerson).|epitomized|resolve.|flawlessly.
text,2,2026-10-05T13:51:04,nodeGcor2,3.11.9,unknown,13155629,17103,195,1,1,0.9865069389343262,lime,attribution,10,195,0.17988440465861552,0.66,0.49702215372940284,0.9636363636363636,0.8181818181818182,10,10,0.42857142857142855,0.34735342115163803,drama|through.|Woman.|epitomized|stride|flawlessly.|never|Nothing|shocking|profound
text,2,2026-10-05T13:51:04,nodeGcor2,3.11.9,unknown,13155629,17103,195,1,1,0.9865069389343262,random,attribution,10,195,0.001957967088075288,0.49,0.3460963637098623,0.026900584795321637,0.0,10,10,0.05263157894736842,1.522991806268692e-05,to|will|used|type|of|reject.|Her|to|had|herself.
text,2,2026-10-05T13:51:04,nodeGcor2,3.11.9,unknown,13155629,17234,122,1,1,0.9938190579414368,integrated_gradients,attribution,10,122,0.11881962275865374,0.71,0.5577511840771274,0.8727272727272728,0.6666666666666666,10,10,1.0,0.05590401915833354,very|fun|wonderful|very|funny|favorite|best|cool|and|movie!
text,2,2026-10-05T13:51:04,nodeGcor2,3.11.9,unknown,13155629,17234,122,1,1,0.9938190579414368,lime,attribution,10,122,0.11601325623142376,0.61,0.5146969924198388,0.8606060606060606,0.6666666666666666,10,10,0.5384615384615384,0.224809224717319,fun|love|pity|wonderful|funny|favorite|best|is|cool|and
text,2,2026-10-05T13:51:04,nodeGcor2,3.11.9,unknown,13155629,17234,122,1,1,0.9938190579414368,random,attribution,10,122,0.011948229038900431,0.48,0.3678344196776404,0.021052631578947368,0.0,10,10,0.05263157894736842,1.3961922377347946e-05,"and|that|this|seen|that|I|if|this,|You|can"
text,2,2026-10-05T13:51:04,nodeGcor2,3.11.9,unknown,13155629,17416,125,1,1,0.9946980476379395,integrated_gradients,attribution,10,125,0.09729460176325111,0.75,0.6131911690346428,0.9636363636363636,0.6666666666666666,10,10,1.0,0.056787481997162104,"I|loved|this|movie!|lines....""Tutazema|This|a|great|movie|always"
text,2,2026-10-05T13:51:04,nodeGcor2,3.11.9,unknown,13155629,17416,125,1,1,0.9946980476379395,lime,attribution,10,125,0.11389099549240113,0.68,0.5343600967348858,1.0,0.8181818181818182,10,10,0.42857142857142855,0.22144540725275874,loved|this|takes|This|great|movie|enduring|feathers|way|always
text,2,2026-10-05T13:51:04,nodeGcor2,3.11.9,unknown,13155629,17416,125,1,1,0.9946980476379395,random,attribution,10,125,0.0035815588727503354,0.56,0.3389566011234585,0.038011695906432746,0.0,10,10,0.1111111111111111,1.2983102351427078e-05,"on|play|of|name,|lived|so|as|the|in|he"
text,2,2026-10-05T13:51:04,nodeGcor2,3.11.9,unknown,13155629,17452,174,1,1,0.9595351815223694,integrated_gradients,attribution,10,174,0.08900588377837228,0.65,0.5468108610428891,0.9484848484848485,0.5384615384615384,10,10,1.0,0.08473095204681158,"very|different,|highly|relevant,|especially|provocative,|film|is|sensitive,|insightful."
text,2,2026-10-05T13:51:04,nodeGcor2,3.11.9,unknown,13155629,17452,174,1,1,0.9595351815223694,lime,attribution,10,174,0.07087505790197231,0.63,0.4691593319919114,0.9636363636363636,0.6666666666666666,10,10,0.42857142857142855,0.2991210031323135,"2003|highly|relevant,|brings|hatefully|provocative,|though|script|sensitive,|insightful."
text,2,2026-10-05T13:51:04,nodeGcor2,3.11.9,unknown,13155629,17452,174,1,1,0.9595351815223694,random,attribution,10,174,0.0,0.47,0.3556390534685503,0.03343653250773994,0.0,10,10,0.0,1.354515552520752e-05,"Mormons|paths|with|is,|of|this|to|often|doubt|though"
text,2,2026-10-05T13:51:04,nodeGcor2,3.11.9,unknown,13155629,17586,177,1,1,0.9905874133110046,integrated_gradients,attribution,10,177,0.04705974662348875,0.59,0.6168553355732513,1.0,1.0,10,10,1.0,0.08321056608110666,"one|most|important|Italian|directors.|this|masterpiece.|direction,|cinematography,|accurate,"
text,2,2026-10-05T13:51:04,nodeGcor2,3.11.9,unknown,13155629,17586,177,1,1,0.9905874133110046,lime,attribution,10,177,0.0327477109594093,0.7,0.4692809893584178,0.9121212121212121,0.6666666666666666,10,10,0.3333333333333333,0.3736218879930675,"to|enjoy|this|masterpiece.|accurate,|but|between|They're|excellent|actors"
text,2,2026-10-05T13:51:04,nodeGcor2,3.11.9,unknown,13155629,17586,177,1,1,0.9905874133110046,random,attribution,10,177,0.003642211383283976,0.52,0.3423198012763331,0.010526315789473684,0.0,10,10,0.0,1.4273915439844131e-05,together|love|pretty|maybe|were|Loren|Anti-Fascist.|They|of|go
text,2,2026-10-05T13:51:04,nodeGcor2,3.11.9,unknown,13155629,17700,171,0,0,0.9312127232551575,integrated_gradients,attribution,10,171,0.8530529873059587,0.68,0.5522527737644951,0.9303030303030303,0.42857142857142855,10,10,1.0,0.06626711413264275,"depressing|movies|lovely.|But,|film|awful|disaster|uplifting|instead--unless|miserable."
text,2,2026-10-05T13:51:04,nodeGcor2,3.11.9,unknown,13155629,17700,171,0,0,0.9312127232551575,lime,attribution,10,171,0.8453324126487367,0.64,0.5494439403801652,0.9454545454545455,0.6666666666666666,10,10,0.8181818181818182,0.3942783260717988,"most|depressing|lovely.|But,|this|awful|disaster|uplifting|instead--unless|miserable."
text,2,2026-10-05T13:51:04,nodeGcor2,3.11.9,unknown,13155629,17700,171,0,0,0.9312127232551575,random,attribution,10,171,0.4569335762291834,0.49,0.30307344233012556,0.05438596491228069,0.0,10,10,0.0,1.382501795887947e-05,WIFE|are|means|this|ever|portion|this|For|HOUSE|instead--unless
text,2,2026-10-05T13:51:04,nodeGcor2,3.11.9,unknown,13155629,17771,174,0,0,0.9949690699577332,integrated_gradients,attribution,10,174,0.1026422691780312,0.61,0.5570961476922429,1.0,0.8181818181818182,10,10,1.0,0.06588588980957866,"Army|it's|poor|writing,|dialog|annoying|moralizing|make|very|film."
text,2,2026-10-05T13:51:04,nodeGcor2,3.11.9,unknown,13155629,17771,174,0,0,0.9949690699577332,lime,attribution,10,174,0.9514847364533151,0.6,0.4825974915618504,0.9666666666666666,0.42857142857142855,10,10,0.3333333333333333,0.40596331283450127,"just|overrated|see|it's|poor|writing,|sloppy|annoying|for|slow"
text,2,2026-10-05T13:51:04,nodeGcor2,3.11.9,unknown,13155629,17771,174,0,0,0.9949690699577332,random,attribution,10,174,0.0040271228135273325,0.51,0.3336115306254315,0.021052631578947368,0.0,10,10,0.0,1.254398375749588e-05,"What|a|enough,|star,|of|this|for|dialog|moralizing|very"
text,2,2026-10-05T13:51:04,nodeGcor2,3.11.9,unknown,13155629,17866,140,1,1,0.9951889514923096,integrated_gradients,attribution,10,140,0.04448818614679723,0.67,0.5931932086035425,0.9272727272727274,0.8181818181818182,10,10,1.0,0.06099510192871094,"roles|is,|a|very|successful|comedy.|When|gutted|perfection,|comedy,"
text,2,2026-10-05T13:51:04,nodeGcor2,3.11.9,unknown,13155629,17866,140,1,1,0.9951889514923096,lime,attribution,10,140,0.09891510196747821,0.59,0.4414962346059118,0.9454545454545455,0.6666666666666666,10,10,0.5384615384615384,0.16823996091261506,"genius,|perfect|a|very|successful|comedy.|gutted|browsed|comedy,|enjoy"
text,2,2026-10-05T13:51:04,nodeGcor2,3.11.9,unknown,13155629,17866,140,1,1,0.9951889514923096,random,attribution,10,140,0.0029587638127751325,0.54,0.32311915473204433,0.03928448572411421,0.0,10,10,0.0,1.2926757335662842e-05,"the|play|browsed|funny|and|perfection,|his|of|limelight|it."
text,2,2026-10-05T13:51:04,nodeGcor2,3.11.9,unknown,13155629,17870,127,1,1,0.7454910278320312,integrated_gradients,attribution,10,127,0.4459582447448139,0.47,0.580499477107082,0.8606060606060606,0.5384615384615384,10,10,1.0,0.05604588892310858,CREEPY|ever|upset.|was|great|movie.|Kids|a|are|too
text,2,2026-10-05T13:51:04,nodeGcor2,3.11.9,unknown,13155629,17870,127,1,1,0.7454910278320312,lime,attribution,10,127,0.3714608966437424,0.5,0.5367265164666912,0.9636363636363636,0.6666666666666666,10,10,0.6666666666666666,0.15045497799292207,saw...I|upset.|great|movie.|it|VERY|Kids|spoiled|effects|too
text,2,2026-10-05T13:51:04,nodeGcor2,3.11.9,unknown,13155629,17870,127,1,1,0.7454910278320312,random,attribution,10,127,0.4027316845634665,0.49,0.3735642662843979,0.05497076023391813,0.0,10,10,0.0,2.4788081645965576e-05,movies|saw...I|at|time.|GOOD!|one|got|alcohol|and|MINT!
text,2,2026-10-05T13:51:04,nodeGcor2,3.11.9,unknown,13155629,17929,150,0,0,0.9969186782836914,integrated_gradients,attribution,10,150,0.45328695311117384,0.8,0.51782078177694,0.9272727272727274,0.8181818181818182,10,10,1.0,0.06569347670301795,acting...!!!!|was|awful.|movie|off..because|movie|stinker|sucks.|only|stupidly
text,2,2026-10-05T13:51:04,nodeGcor2,3.11.9,unknown,13155629,17929,150,0,0,0.9969186782836914,lime,attribution,10,150,0.4664703399356193,0.67,0.4875846660779799,0.9454545454545455,0.6666666666666666,10,10,0.42857142857142855,0.23432141402736306,awful.|stinker|roles|sucks.|only|brilliant|'overly|stupidly|movie|and
text,2,2026-10-05T13:51:04,nodeGcor2,3.11.9,unknown,13155629,17929,150,0,0,0.9969186782836914,random,attribution,10,150,0.0034427629155924597,0.54,0.3250158899140634,0.02631578947368421,0.0,10,10,0.05263157894736842,1.2785196304321289e-05,just|was|pretty|I|Goli|them.|comedy|roles|to|ever
text,2,2026-10-05T13:51:04,nodeGcor2,3.11.9,unknown,13155629,18244,187,0,0,0.9962564706802368,integrated_gradients,attribution,10,187,0.013649958329369688,0.49,0.5242900260234274,0.9636363636363636,0.8181818181818182,10,10,1.0,0.06605491507798433,"movie|useless,|movie|movie|movie,|movies|pathetic|movie|movie|bad"
text,2,2026-10-05T13:51:04,nodeGcor2,3.11.9,unknown,13155629,18244,187,0,0,0.9962564706802368,lime,attribution,10,187,0.6073859621727599,0.61,0.4899754414540848,0.8545454545454547,0.8181818181818182,10,10,0.42857142857142855,0.3260211939923465,"useless,|negative|movie|nothing|pathetic|This|empty,|cannot|bad|this"
text,2,2026-10-05T13:51:04,nodeGcor2,3.11.9,unknown,13155629,18244,187,0,0,0.9962564706802368,random,attribution,10,187,0.0011376411132669355,0.46,0.3202131569794071,0.03216374269005848,0.0,10,10,0.05263157894736842,1.1892057955265045e-05,"It|I|a|A|genre,|if|situations|movie|this|for"
text,2,2026-10-05T13:51:04,nodeGcor2,3.11.9,unknown,13155629,18377,151,1,1,0.9901686906814575,integrated_gradients,attribution,10,151,0.10057744051175654,0.63,0.6338884518881812,0.9636363636363636,0.6666666666666666,10,10,1.0,0.05701678618788719,no|disappointed|superb|conjuring|world|believable|well|animated|enchant|well
text,2,2026-10-05T13:51:04,nodeGcor2,3.11.9,unknown,13155629,18377,151,1,1,0.9901686906814575,lime,attribution,10,151,0.06185041253232399,0.62,0.5304132313947463,0.8363636363636363,0.5384615384615384,10,10,0.42857142857142855,0.3707793029025197,stumbled|no|disappointed|this|superb|believable|so|enchant|alike.|would
text,2,2026-10-05T13:51:04,nodeGcor2,3.11.9,unknown,13155629,18377,151,1,1,0.9901686906814575,random,attribution,10,151,0.004903061435177387,0.49,0.36287138906366667,0.05565875472996216,0.0,10,10,0.1111111111111111,1.2309756129980087e-05,I|was|enchanted|years|called.|the|film|and|a|this
text,2,2026-10-05T13:51:04,nodeGcor2,3.11.9,unknown,13155629,18412,158,1,1,0.994820237159729,integrated_gradients,attribution,10,158,0.010705850111627618,0.59,0.6427232015817401,1.0,0.5384615384615384,10,10,1.0,0.06573745422065258,excellent|this|one|best|works|far.|superb|great|Best.|this
text,2,2026-10-05T13:51:04,nodeGcor2,3.11.9,unknown,13155629,18412,158,1,1,0.994820237159729,lime,attribution,10,158,0.03826285113629378,0.76,0.5019626413163726,0.9636363636363636,0.6666666666666666,10,10,0.3333333333333333,0.30873972503468394,funniest|film|excellent|the|best|superb|Best.|funniest|doesn't|impressed
text,2,2026-10-05T13:51:04,nodeGcor2,3.11.9,unknown,13155629,18412,158,1,1,0.994820237159729,random,attribution,10,158,0.0019241099957735966,0.56,0.3365164074392333,0.02631578947368421,0.0,10,10,0.0,1.3204291462898254e-05,"is|his|and|is|3|at|the|and|Laughs,|this"
text,2,2026-10-05T13:51:04,nodeGcor2,3.11.9,unknown,13155629,18433,108,1,1,0.767646312713623,integrated_gradients,attribution,10,108,0.6660965381698285,0.49,0.658053756544616,0.890909090909091,0.5384615384615384,10,10,1.0,0.05520033370703459,"entertaining|draft|""Saboteur""|wonderful|Hitchcockian|best|suffers|from|poorly|lead"
text,2,2026-10-05T13:51:04,nodeGcor2,3.11.9,unknown,13155629,18433,108,1,1,0.767646312713623,lime,attribution,10,108,0.7852496411203134,0.62,0.5739679599945413,0.9484848484848485,0.6666666666666666,10,10,0.8181818181818182,0.140519130975008,"An|entertaining|Northwest"",|wonderful|best|from|poorly|lead|from|lack"
text,2,2026-10-05T13:51:04,nodeGcor2,3.11.9,unknown,13155629,18433,108,1,1,0.767646312713623,random,attribution,10,108,0.14350730586487986,0.55,0.3191726700921702,0.03684210526315789,0.0,10,10,0.1111111111111111,1.1535827070474625e-05,"best|wearing|to|he|himself|Priscilla|making|distinct|villains,|many"
text,2,2026-10-05T13:51:04,nodeGcor2,3.11.9,unknown,13155629,19010,142,0,0,0.9969245791435242,integrated_gradients,attribution,10,142,0.007175399607033976,0.88,0.5063024384483843,1.0,0.6666666666666666,10,10,1.0,0.06087938090786338,movie|awful.|budget|movie|dumb.|plot|unsympathetic|unsympathetic|bad|movie.
text,2,2026-10-05T13:51:04,nodeGcor2,3.11.9,unknown,13155629,19010,142,0,0,0.9969245791435242,lime,attribution,10,142,0.034251647128874574,0.83,0.4581919905181109,1.0,0.8181818181818182,10,10,0.25,0.2966454429551959,this|awful.|budget|terrible|dumb.|plot|predictable|be|don't|bad
text,2,2026-10-05T13:51:04,nodeGcor2,3.11.9,unknown,13155629,19010,142,0,0,0.9969245791435242,random,attribution,10,142,0.0006121148640298455,0.59,0.35935368920890465,0.022910216718266256,0.0,10,10,0.0,1.3181939721107483e-05,the|acting|The|fully|be|but|to|were|little|it
text,2,2026-10-05T13:51:04,nodeGcor2,3.11.9,unknown,13155629,19094,135,1,1,0.9203612804412842,integrated_gradients,attribution,10,135,0.340261898439878,0.49,0.579135413295937,0.8606060606060606,0.6666666666666666,10,10,1.0,0.06074333097785711,"lacking|department,|scenes!|particular|quite|make|better.|...|Funnily|least"
text,2,2026-10-05T13:51:04,nodeGcor2,3.11.9,unknown,13155629,19094,135,1,1,0.9203612804412842,lime,attribution,10,135,0.3646243467110504,0.6,0.5215973591891301,1.0,0.8181818181818182,10,10,0.8181818181818182,0.2827377491630614,lacking|but|and|make|this|movie|better.|(Damon)|Funnily|least
text,2,2026-10-05T13:51:04,nodeGcor2,3.11.9,unknown,13155629,19094,135,1,1,0.9203612804412842,random,attribution,10,135,0.22083756986225075,0.59,0.3382318994554362,0.04912280701754386,0.0,10,10,0.05263157894736842,1.2554693967103958e-05,"(duh),|is|the|make|the|because|movie|was|scenes,|a"
text,2,2026-10-05T13:51:04,nodeGcor2,3.11.9,unknown,13155629,19202,154,0,0,0.9972796440124512,integrated_gradients,attribution,10,154,0.007007170155399587,0.58,0.403437654375836,0.9818181818181818,0.8181818181818182,10,10,1.0,0.061447215266525745,minutes|total|bore.|film|dumbest|remote|controlled|helicopter|machine|gun
text,2,2026-10-05T13:51:04,nodeGcor2,3.11.9,unknown,13155629,19202,154,0,0,0.9972796440124512,lime,attribution,10,154,0.06990937374937065,0.71,0.4611361964761552,0.9090909090909092,0.6666666666666666,10,10,0.17647058823529413,0.2899347050115466,entire|total|bore.|isn't|not|dumbest|machine|it|done|been
text,2,2026-10-05T13:51:04,nodeGcor2,3.11.9,unknown,13155629,19202,154,0,0,0.9972796440124512,random,attribution,10,154,0.0017007961473563518,0.42,0.3303654315494582,0.005263157894736842,0.0,10,10,0.05263157894736842,1.258309930562973e-05,through|actual|a|bore.|great|somethings|remote|first|enough|been
text,2,2026-10-05T13:51:04,nodeGcor2,3.11.9,unknown,13155629,19275,169,0,0,0.9971717000007629,integrated_gradients,attribution,10,169,0.017514711055415303,0.63,0.5738227020512884,0.9636363636363636,0.6666666666666666,10,10,1.0,0.06507209176197648,"movie|badly|bad|plot|wooden|implausible.|strong,|movie|waste|time."
text,2,2026-10-05T13:51:04,nodeGcor2,3.11.9,unknown,13155629,19275,169,0,0,0.9971717000007629,lime,attribution,10,169,0.10364467163764703,0.66,0.4700993195152515,0.9818181818181818,0.8181818181818182,10,10,0.25,0.31170836789533496,bad|badly|bad|dialogue|implausible.|terrifically|show|than|Nothing|waste
text,2,2026-10-05T13:51:04,nodeGcor2,3.11.9,unknown,13155629,19275,169,0,0,0.9971717000007629,random,attribution,10,169,0.001112627702780045,0.64,0.30348635919839007,0.04396284829721362,0.0,10,10,0.1111111111111111,1.4516990631818771e-05,this|author|trite|ashamedare|(mostly|the|and|the|CIA|down.
text,2,2026-10-05T13:51:04,nodeGcor2,3.11.9,unknown,13155629,19329,95,0,0,0.9961079955101013,integrated_gradients,attribution,10,95,0.10395000119375877,0.79,0.44944543981497087,1.0,0.6666666666666666,10,10,1.0,0.0386089151725173,completely|kid's|awful|television|show|never|ridiculous|worst|ever|made.
text,2,2026-10-05T13:51:04,nodeGcor2,3.11.9,unknown,13155629,19329,95,0,0,0.9961079955101013,lime,attribution,10,95,0.46798934341412257,0.92,0.5223206461463572,0.8727272727272728,0.6666666666666666,10,10,0.3333333333333333,0.18843937665224075,"completely|awful|cheesiness,|awful|fight|this|ridiculous|remains|worst|made."
text,2,2026-10-05T13:51:04,nodeGcor2,3.11.9,unknown,13155629,19329,95,0,0,0.9961079955101013,random,attribution,10,95,0.003145599257631634,0.55,0.340680463904535,0.057163742690058486,0.0,10,10,0.05263157894736842,1.307344064116478e-05,from|not|further|demonstration|in|how|television|purpose|completely|As
text,2,2026-10-05T13:51:04,nodeGcor2,3.11.9,unknown,13155629,19331,84,0,0,0.9847230911254883,integrated_gradients,attribution,10,84,0.7688274109807013,0.76,0.5666942496999243,0.8575757575757577,0.5384615384615384,10,10,1.0,0.04726195940747857,"worse|movie...|no|poor|plot|worse,|endings|films|impeccable|flick."
text,2,2026-10-05T13:51:04,nodeGcor2,3.11.9,unknown,13155629,19331,84,0,0,0.9847230911254883,lime,attribution,10,84,0.7311544907448209,0.86,0.4833723437203241,0.9303030303030303,0.5384615384615384,10,10,0.5384615384615384,0.18907476915046573,"worse|movie...|action,|poor|story|plot|worse,|or|want|good"
text,2,2026-10-05T13:51:04,nodeGcor2,3.11.9,unknown,13155629,19331,84,0,0,0.9847230911254883,random,attribution,10,84,0.00679617444848081,0.47,0.3425480310968195,0.08441692466460268,0.0,10,10,0.0,1.233397051692009e-05,story|to|one|CHEEZIEST|Seagal|like|social|action|a|one
text,2,2026-10-05T13:51:04,nodeGcor2,3.11.9,unknown,13155629,19440,80,1,1,0.9870545864105225,integrated_gradients,attribution,10,80,0.3513037538342326,0.62,0.5407841962276261,0.890909090909091,0.5384615384615384,10,10,1.0,0.03863270068541169,enjoyed|this|anthology|better|surprise|hooked|Forget|special|hikes|this
text,2,2026-10-05T13:51:04,nodeGcor2,3.11.9,unknown,13155629,19440,80,1,1,0.9870545864105225,lime,attribution,10,80,0.4495439258919127,0.81,0.531763565815106,0.8727272727272728,0.5384615384615384,10,10,0.8181818181818182,0.1773762539960444,"enjoyed|this|anthology|surprise|hooked|me.|""where|before?""|IMDB.|special"
text,2,2026-10-05T13:51:04,nodeGcor2,3.11.9,unknown,13155629,19440,80,1,1,0.9870545864105225,random,attribution,10,80,0.08695275152916408,0.49,0.3392870751545809,0.062194702442380456,0.0,10,10,0.05263157894736842,1.0792631655931473e-05,"believe|did.|were|but|its|surprise|ending|""where|time|this"
text,2,2026-10-05T13:51:04,nodeGcor2,3.11.9,unknown,13155629,19567,127,0,0,0.9959219694137573,integrated_gradients,attribution,10,127,0.02397407641172034,0.51,0.5464506599075227,0.9818181818181818,0.5384615384615384,10,10,1.0,0.055651507806032896,"movie.|movie|Bulgaria,|movies|shame|budget|movies.|actors|movie|boring"
text,2,2026-10-05T13:51:04,nodeGcor2,3.11.9,unknown,13155629,19567,127,0,0,0.9959219694137573,lime,attribution,10,127,0.8117278843157958,0.69,0.5305244786631393,0.890909090909091,0.6666666666666666,10,10,0.42857142857142855,0.18995070783421397,Zone|awful|no|plot|no|and|boring|movie|cliché|remember
text,2,2026-10-05T13:51:04,nodeGcor2,3.11.9,unknown,13155629,19567,127,0,0,0.9959219694137573,random,attribution,10,127,0.004501221452315122,0.45,0.3727479103991961,0.021052631578947368,0.0,10,10,0.0,1.2829899787902832e-05,"I|to|great.|it's|movie|Bulgaria,|Grey|-|that|to"
text,2,2026-10-05T13:51:04,nodeGcor2,3.11.9,unknown,13155629,19613,127,0,0,0.9954967498779297,integrated_gradients,attribution,10,127,0.07160897261494424,0.63,0.6433380862086158,0.9636363636363636,0.8181818181818182,10,10,1.0,0.0619280943647027,"lapsed|movie.|wasteful,|stunningly|melodramatic,|aren't|blandness,|film|squanders|lack"
text,2,2026-10-05T13:51:04,nodeGcor2,3.11.9,unknown,13155629,19613,127,0,0,0.9954967498779297,lime,attribution,10,127,0.15872448397956035,0.64,0.5381593527103145,0.8939393939393939,0.6666666666666666,10,10,0.42857142857142855,0.23363504698500037,"down|tremendously|hackneyed|wasteful,|stunningly|tries|self-righteous|squanders|energies,|lack"
text,2,2026-10-05T13:51:04,nodeGcor2,3.11.9,unknown,13155629,19613,127,0,0,0.9954967498779297,random,attribution,10,127,0.0035592261944678086,0.46,0.35564264513700905,0.03742690058479532,0.0,10,10,0.1111111111111111,1.191580668091774e-05,I|down|the|engaged|into|up|to|the|is|beings
text,2,2026-10-05T13:51:04,nodeGcor2,3.11.9,unknown,13155629,19750,101,0,0,0.9973113536834717,integrated_gradients,attribution,10,101,0.04693455241861934,0.83,0.49803712811607603,1.0,0.8181818181818182,10,10,1.0,0.04882377991452813,"couldn't|TV|confusing,|feeble|silly|screenplay.|lovable|pranks.|pay|stinker"
text,2,2026-10-05T13:51:04,nodeGcor2,3.11.9,unknown,13155629,19750,101,0,0,0.9973113536834717,lime,attribution,10,101,0.11565111819742019,0.92,0.48053037381693187,0.9818181818181818,0.8181818181818182,10,10,0.3333333333333333,0.19841537717729807,"this|confusing,|feeble|silly|screenplay.|actors|hilarious|No|this|stinker"
text,2,2026-10-05T13:51:04,nodeGcor2,3.11.9,unknown,13155629,19750,101,0,0,0.9973113536834717,random,attribution,10,101,0.0036231537592274687,0.47,0.37931347294124773,0.04327485380116959,0.0,10,10,0.0,1.3447366654872894e-05,Steve|this|bombed|and|turned|cast|simple|yet|through|this
text,2,2026-10-05T13:51:04,nodeGcor2,3.11.9,unknown,13155629,19954,167,0,0,0.9922744631767273,integrated_gradients,attribution,10,167,0.00892062358767205,0.66,0.5515059128401203,0.9818181818181818,0.42857142857142855,10,10,1.0,0.0819105263799429,"fair.|hilarious,|entertaining|pennies.|film|dummy(without|film|Spartans"".|Very|disappointing"
text,2,2026-10-05T13:51:04,nodeGcor2,3.11.9,unknown,13155629,19954,167,0,0,0.9922744631767273,lime,attribution,10,167,0.783055749827768,0.62,0.49524304098791394,0.9818181818181818,0.8181818181818182,10,10,0.5384615384615384,0.22101117298007011,"fair.|expecting|hilarious,|disappointing|vulgar,|unnecessary,|STUPID,|scenes|worse|disappointing"
text,2,2026-10-05T13:51:04,nodeGcor2,3.11.9,unknown,13155629,19954,167,0,0,0.9922744631767273,random,attribution,10,167,0.007654675571011634,0.5,0.3604962905246021,0.021052631578947368,0.0,10,10,0.0,1.406809315085411e-05,"I|I|Leslie|be|hour|and|time|I've|be|Spartans""."
text,2,2026-10-05T13:51:04,nodeGcor2,3.11.9,unknown,13155629,20139,132,0,0,0.9916195869445801,integrated_gradients,attribution,10,132,0.14703675314739487,0.78,0.4881019201790108,0.9121212121212121,0.8181818181818182,10,10,1.0,0.06056405510753393,"crap.|horror|flick,|old.|movie's|this|movie|dreadfully|awful!|thrilling"
text,2,2026-10-05T13:51:04,nodeGcor2,3.11.9,unknown,13155629,20139,132,0,0,0.9916195869445801,lime,attribution,10,132,0.18434109436678708,0.71,0.5710336099599402,0.9818181818181818,0.8181818181818182,10,10,0.42857142857142855,0.2858789931051433,this|crap.|movie's|this|movie|dreadfully|awful!|don't|movie|thrilling
text,2,2026-10-05T13:51:04,nodeGcor2,3.11.9,unknown,13155629,20139,132,0,0,0.9916195869445801,random,attribution,10,132,0.028733728061043184,0.57,0.3867667345137966,0.03742690058479532,0.0,10,10,0.05263157894736842,1.272931694984436e-05,there|not|all|was|be|first|to|awful!|If|thrills
text,2,2026-10-05T13:51:04,nodeGcor2,3.11.9,unknown,13155629,20153,117,0,0,0.9843212366104126,integrated_gradients,attribution,10,117,0.2737361914041093,0.56,0.5024009643459755,0.9272727272727274,0.6666666666666666,10,10,1.0,0.050702838227152824,"movie|ended|budget|movie|movie|such|bad|climate.|acting,|hijacker"
text,2,2026-10-05T13:51:04,nodeGcor2,3.11.9,unknown,13155629,20153,117,0,0,0.9843212366104126,lime,attribution,10,117,0.19613937606310217,0.54,0.5166515293019205,0.8727272727272728,0.5384615384615384,10,10,0.5384615384615384,0.209309461992234,"ended|well|such|bad|Without|any|acting,|characters|not|if"
text,2,2026-10-05T13:51:04,nodeGcor2,3.11.9,unknown,13155629,20153,117,0,0,0.9843212366104126,random,attribution,10,117,0.041361751756219055,0.46,0.36595251103383686,0.038011695906432746,0.0,10,10,0.1111111111111111,1.2076925486326218e-05,I|should|gone|here.|a|immediately.|named|all|kids.|should
text,2,2026-10-05T13:51:04,nodeGcor2,3.11.9,unknown,13155629,20171,51,0,0,0.9903290271759033,integrated_gradients,attribution,10,51,0.6165685041508365,0.59,0.6022294605931997,0.9121212121212121,0.5384615384615384,10,10,1.0,0.03401054395362735,"Predictable|parody,|failed|only|worthwhile|was|Shame|like|enjoyable|Incredible"
text,2,2026-10-05T13:51:04,nodeGcor2,3.11.9,unknown,13155629,20171,51,0,0,0.9903290271759033,lime,attribution,10,51,0.7185305366896974,0.6,0.503639399754898,0.9636363636363636,0.6666666666666666,10,10,0.6666666666666666,0.1596270170994103,"Predictable|parody,|failed|only|worthwhile|was|wasn't|like|enjoyable|Incredible"
text,2,2026-10-05T13:51:04,nodeGcor2,3.11.9,unknown,13155629,20171,51,0,0,0.9903290271759033,random,attribution,10,51,0.12257643170337293,0.53,0.3571974186667116,0.15183178534571726,0.0,10,10,0.17647058823529413,1.1480879038572311e-05,"worthwhile|DO|line|Shame|wasn't|the|DVD,|like|of|'The"
text,2,2026-10-05T13:51:04,nodeGcor2,3.11.9,unknown,13155629,20292,153,1,1,0.9910492897033691,integrated_gradients,attribution,10,153,0.03187535153564241,0.49,0.6004819613548806,0.9272727272727274,0.8181818181818182,10,10,1.0,0.06511949934065342,"subtle|humor,|enjoy|mess|well|absolutely|beautiful|Better|bad|solid"
text,2,2026-10-05T13:51:04,nodeGcor2,3.11.9,unknown,13155629,20292,153,1,1,0.9910492897033691,lime,attribution,10,153,0.013114955823787843,0.46,0.44595897377520033,0.8575757575757577,0.42857142857142855,10,10,0.8181818181818182,0.193876001983881,fun|mess|well|beautiful|this|Better|humor.|bad|perfectly|Brain-candy.
text,2,2026-10-05T13:51:04,nodeGcor2,3.11.9,unknown,13155629,20292,153,1,1,0.9910492897033691,random,attribution,10,153,0.005959386176066852,0.59,0.35879568015991115,0.03216374269005848,0.0,10,10,0.1111111111111111,1.347903162240982e-05,"I|Hopper|is|Tom|Navy""|middle|""the|this|kept|as"
text,2,2026-10-05T13:51:04,nodeGcor2,3.11.9,unknown,13155629,20309,148,1,1,0.9907498955726624,integrated_gradients,attribution,10,148,0.4968025556452959,0.61,0.6307971577357374,0.9636363636363636,0.8181818181818182,10,10,1.0,0.06564025394618511,"gems|marveling|wonderfully|love|low-budget.|soundtrack,|a|positive,|wholesome|message!"
text,2,2026-10-05T13:51:04,nodeGcor2,3.11.9,unknown,13155629,20309,148,1,1,0.9907498955726624,lime,attribution,10,148,0.4122054322502824,0.63,0.5071616828388505,0.8939393939393939,0.6666666666666666,10,10,0.5384615384615384,0.19499491900205612,"awestruck,|marveling|wonderfully|love|low-budget.|But|work!|soundtrack,|positive,|wholesome"
text,2,2026-10-05T13:51:04,nodeGcor2,3.11.9,unknown,13155629,20309,148,1,1,0.9907498955726624,random,attribution,10,148,0.005543969522365656,0.56,0.3442963639754495,0.03216374269005848,0.0,10,10,0.0,1.2818258255720139e-05,"King|awestruck,|into|drug|only|manages|I|fell|DVD|a"
text,2,2026-10-05T13:51:04,nodeGcor2,3.11.9,unknown,13155629,20408,160,0,0,0.9963357448577881,integrated_gradients,attribution,10,160,0.04005135279682503,0.67,0.5186775552754427,1.0,1.0,10,10,1.0,0.06557225296273828,**SPOILERS**|movie|17-year-old|wouldn't|movie|movie|boring.|creepy|incomprehensible|movie
text,2,2026-10-05T13:51:04,nodeGcor2,3.11.9,unknown,13155629,20408,160,0,0,0.9963357448577881,lime,attribution,10,160,0.092786020840238,0.73,0.4860577440535305,0.9121212121212121,0.5384615384615384,10,10,0.25,0.22968962974846363,"movie|just|even|art,|boring.|creepy|incomprehensible|read|no|plot"
text,2,2026-10-05T13:51:04,nodeGcor2,3.11.9,unknown,13155629,20408,160,0,0,0.9963357448577881,random,attribution,10,160,0.006628542918231559,0.53,0.3135772082749204,0.03216374269005848,0.0,10,10,0.05263157894736842,1.1568423360586166e-05,here|with|the|family|the|movie|A|creepy|guy|on.
text,2,2026-10-05T13:51:04,nodeGcor2,3.11.9,unknown,13155629,20545,108,0,0,0.9917803406715393,integrated_gradients,attribution,10,108,0.20234783731756234,0.69,0.45533822112049893,0.9636363636363636,0.8181818181818182,10,10,1.0,0.05553999915719032,"porn|flicks,|softcore|grindhouse|This|amateurish|badly|made|simulated|scenes,"
text,2,2026-10-05T13:51:04,nodeGcor2,3.11.9,unknown,13155629,20545,108,0,0,0.9917803406715393,lime,attribution,10,108,0.2693185710251379,0.68,0.5255296100589099,0.9636363636363636,0.42857142857142855,10,10,0.6666666666666666,0.14011503383517265,"porn|flicks,|exploitation|This|another|amateurish|piles|badly|that|real"
text,2,2026-10-05T13:51:04,nodeGcor2,3.11.9,unknown,13155629,20545,108,0,0,0.9917803406715393,random,attribution,10,108,0.008394757644140717,0.41,0.35649863441974927,0.03742690058479532,0.0,10,10,0.1111111111111111,2.504698932170868e-05,"Sure,|right|aren't|ANY|a|can|those|to|tears|want"
text,2,2026-10-05T13:51:04,nodeGcor2,3.11.9,unknown,13155629,20553,133,0,0,0.972727358341217,integrated_gradients,attribution,10,133,0.7649158006200744,0.69,0.6091905151201631,0.9636363636363636,0.6666666666666666,10,10,1.0,0.060349774081259966,movie|outright|terrible|it|career|misfire.|nice|movie|IRS.|painful
text,2,2026-10-05T13:51:04,nodeGcor2,3.11.9,unknown,13155629,20553,133,0,0,0.972727358341217,lime,attribution,10,133,0.7293508987351879,0.63,0.5395033300750155,0.9666666666666666,0.5384615384615384,10,10,0.6666666666666666,0.28591298777610064,This|isn't|terrible|career|misfire.|nice|makes|that's|painful|movie
text,2,2026-10-05T13:51:04,nodeGcor2,3.11.9,unknown,13155629,20553,133,0,0,0.972727358341217,random,attribution,10,133,0.06368032122243746,0.52,0.3434058150542766,0.03684210526315789,0.0,10,10,0.0,1.330208033323288e-05,the|&|movie|it|the|bearable.|which|losing|If|that's
text,2,2026-10-05T13:51:04,nodeGcor2,3.11.9,unknown,13155629,20604,118,1,1,0.9958337545394897,integrated_gradients,attribution,10,118,0.003787561833682701,0.67,0.5281318217254338,0.9272727272727274,0.6666666666666666,10,10,1.0,0.05618865601718426,"a|very|funny|and|film.|but|effective,|film's|entertaining,|hilariously"
text,2,2026-10-05T13:51:04,nodeGcor2,3.11.9,unknown,13155629,20604,118,1,1,0.9958337545394897,lime,attribution,10,118,0.0038030041685924694,0.65,0.43482984157713744,0.9818181818181818,0.6666666666666666,10,10,0.17647058823529413,0.15030723810195923,"Just|film.|nicely|by|astounding|touches|fantasy-world|films|brilliance,|hilariously"
text,2,2026-10-05T13:51:04,nodeGcor2,3.11.9,unknown,13155629,20604,118,1,1,0.9958337545394897,random,attribution,10,118,0.0016605896889015938,0.56,0.35070005140853144,0.06804265565875474,0.0,10,10,0.1111111111111111,2.6801135390996933e-05,looking|The|story|the|of|fantasy-world|vast|with|Enough|hilariously
text,2,2026-10-05T13:51:04,nodeGcor2,3.11.9,unknown,13155629,20716,150,1,1,0.9923341274261475,integrated_gradients,attribution,10,150,0.02068695969944387,0.59,0.5271413351482819,0.9818181818181818,1.0,10,10,1.0,0.06580624636262655,"most|stars|first|major|film,|neat|touch.|pleasing|appealing|enjoyable"
text,2,2026-10-05T13:51:04,nodeGcor2,3.11.9,unknown,13155629,20716,150,1,1,0.9923341274261475,lime,attribution,10,150,0.013665229829479998,0.53,0.49392757963503686,0.9121212121212121,0.5384615384615384,10,10,0.5384615384615384,0.30085408221930265,much-admired|SMART|who|neat|screwball|touch.|pleasing|appealing|enjoyable|fans
text,2,2026-10-05T13:51:04,nodeGcor2,3.11.9,unknown,13155629,20716,150,1,1,0.9923341274261475,random,attribution,10,150,0.001964248774251583,0.4,0.3322845683356326,0.06160990712074303,0.0,10,10,0.0,1.3122335076332092e-05,perky|personality|operatic|beleaguered|three|when|their|the|cast|actors
text,2,2026-10-05T13:51:04,nodeGcor2,3.11.9,unknown,13155629,20743,164,0,0,0.9969780445098877,integrated_gradients,attribution,10,164,0.0021442002626249246,0.7,0.6099019863053492,1.0,0.8181818181818182,10,10,1.0,0.06705387821421027,"dreadful,|worse|amateurish.|film-makers|ludicrous.|bad|film-making.|Very,|very|sad."
text,2,2026-10-05T13:51:04,nodeGcor2,3.11.9,unknown,13155629,20743,164,0,0,0.9969780445098877,lime,attribution,10,164,0.017343360685512753,0.71,0.42100563947167324,0.9272727272727274,0.6666666666666666,10,10,0.3333333333333333,0.20013514207676053,"dreadful,|worse|amateurish.|of|bad|terrible|horribly|ludicrous.|can|bad"
text,2,2026-10-05T13:51:04,nodeGcor2,3.11.9,unknown,13155629,20743,164,0,0,0.9969780445098877,random,attribution,10,164,0.00037557133834685,0.47,0.3165051966799697,0.01637426900584795,0.0,10,10,0.1111111111111111,1.2456905096769333e-05,"who|limit.|makers.|The|what|me|fight|small|budget|Very,"
text,2,2026-10-05T13:51:04,nodeGcor2,3.11.9,unknown,13155629,20809,165,1,1,0.9936733245849609,integrated_gradients,attribution,10,165,0.013803251524557029,0.61,0.6196028249815022,0.9090909090909092,0.6666666666666666,10,10,1.0,0.06531911808997393,a|most|beautiful|and|interesting|Coleridge's|striking|superb|well|excellent
text,2,2026-10-05T13:51:04,nodeGcor2,3.11.9,unknown,13155629,20809,165,1,1,0.9936733245849609,lime,attribution,10,165,0.0007168705167850033,0.51,0.4774336582742763,1.0,0.25,10,10,0.6666666666666666,0.32154339319095016,"rendition|superb|to|excellent|knowledge,this|rare;|that|regrettable.|fine|without"
text,2,2026-10-05T13:51:04,nodeGcor2,3.11.9,unknown,13155629,20809,165,1,1,0.9936733245849609,random,attribution,10,165,0.00159071954101092,0.51,0.3577667786287333,0.021637426900584796,0.0,10,10,0.0,1.1102762073278427e-05,"interesting|poem.|of|visual|well|of|of|not|critic,|fine"
text,2,2026-10-05T13:51:04,nodeGcor2,3.11.9,unknown,13155629,20906,189,1,1,0.9695844650268555,integrated_gradients,attribution,10,189,0.5586413119920368,0.58,0.5775263456518209,0.9818181818181818,0.8181818181818182,10,10,1.0,0.08188092103227973,Finnish|unfortunately|first|stellar|but|really|suspense.|definitely|worth|it!
text,2,2026-10-05T13:51:04,nodeGcor2,3.11.9,unknown,13155629,20906,189,1,1,0.9695844650268555,lime,attribution,10,189,0.5556028464624667,0.68,0.5028385597416818,0.9818181818181818,0.6666666666666666,10,10,0.5384615384615384,0.4082352421246469,unfortunately|stellar|but|flick|really|proves|suspense.|definitely|worth|it!
text,2,2026-10-05T13:51:04,nodeGcor2,3.11.9,unknown,13155629,20906,189,1,1,0.9695844650268555,random,attribution,10,189,0.017635044551743268,0.48,0.310780904879969,0.02631578947368421,0.0,10,10,0.0,1.2443866580724716e-05,be|a|in|fitting|being|a|cast.|Mr(s)|the|try
text,2,2026-10-05T13:51:04,nodeGcor2,3.11.9,unknown,13155629,20922,164,1,1,0.9792551398277283,integrated_gradients,attribution,10,164,0.41014907930556466,0.44,0.5992246228331132,0.9090909090909092,0.6666666666666666,10,10,1.0,0.06618279917165637,"Me|this|Not|sad.|this|Although|it|reminds|movie|ruined."""
text,2,2026-10-05T13:51:04,nodeGcor2,3.11.9,unknown,13155629,20922,164,1,1,0.9792551398277283,lime,attribution,10,164,0.37498529293162924,0.59,0.5263566184570087,0.9484848484848485,0.6666666666666666,10,10,0.42857142857142855,0.4002345143817365,"loved|this|Not|honest.|sad.|Love|this|Umm...if|good.|ruined."""
text,2,2026-10-05T13:51:04,nodeGcor2,3.11.9,unknown,13155629,20922,164,1,1,0.9792551398277283,random,attribution,10,164,0.08896021863544579,0.54,0.33765037020146904,0.03343653250773994,0.0,10,10,0.0,1.2302771210670471e-05,"and|honest.|who|fell|A|lot|in|have|good.|it"""
text,2,2026-10-05T13:51:04,nodeGcor2,3.11.9,unknown,13155629,20928,190,1,1,0.9954879879951477,integrated_gradients,attribution,10,190,0.020212595059478727,0.7,0.6944990712816581,0.9636363636363636,0.8181818181818182,10,10,1.0,0.08326197182759643,very|successful.|beautiful|Keyes)...who|well|superbly|depth|up.|Highly|recommended.
text,2,2026-10-05T13:51:04,nodeGcor2,3.11.9,unknown,13155629,20928,190,1,1,0.9954879879951477,lime,attribution,10,190,0.05190678188095129,0.74,0.49128875180068454,0.9272727272727274,0.8181818181818182,10,10,0.3333333333333333,0.4176319078542292,successful.|well|superbly|Lorre.|depth|fresh|great|up.|Highly|recommended.
text,2,2026-10-05T13:51:04,nodeGcor2,3.11.9,unknown,13155629,20928,190,1,1,0.9954879879951477,random,attribution,10,190,0.0009936821906656743,0.49,0.3188198892565073,0.010526315789473684,0.0,10,10,0.0,1.5620607882738113e-05,falls|with|is|an|and|sadly|disappeared|from|know).|did
text,2,2026-10-05T13:51:04,nodeGcor2,3.11.9,unknown,13155629,20963,126,1,1,0.9791356921195984,integrated_gradients,attribution,10,126,0.6880002344895539,0.65,0.6372030959938032,0.8757575757575757,0.42857142857142855,10,10,1.0,0.05719675961881876,"German|understand|this|great|spoof|of|this|the|best|DVD,"
text,2,2026-10-05T13:51:04,nodeGcor2,3.11.9,unknown,13155629,20963,126,1,1,0.9791356921195984,lime,attribution,10,126,0.5875334529603423,0.65,0.5594474665770373,0.8575757575757577,0.6666666666666666,10,10,0.5384615384615384,0.1471284576691687,"Swiss|this|great|but|this|the|best|one|DVD,|no"
text,2,2026-10-05T13:51:04,nodeGcor2,3.11.9,unknown,13155629,20963,126,1,1,0.9791356921195984,random,attribution,10,126,0.023522005097530184,0.52,0.3243950030898919,0.03684210526315789,0.0,10,10,0.05263157894736842,2.586469054222107e-05,for|had|spoof|of|I|can't|give|better|almost|chance
text,2,2026-10-05T13:51:04,nodeGcor2,3.11.9,unknown,13155629,21116,136,0,0,0.9943909049034119,integrated_gradients,attribution,10,136,0.17432456092871407,0.67,0.47653665054009786,0.890909090909091,0.6666666666666666,10,10,1.0,0.0569812199100852,commercials|did|fail|tasteless|didn't|fill|Boys'|only|boring.|commercial
text,2,2026-10-05T13:51:04,nodeGcor2,3.11.9,unknown,13155629,21116,136,0,0,0.9943909049034119,lime,attribution,10,136,0.5378008334296883,0.75,0.5196984108720242,0.8787878787878789,0.6666666666666666,10,10,0.42857142857142855,0.16704945312812924,did|fail|story|predictable|impressed|only|this|flic|boring.|only
text,2,2026-10-05T13:51:04,nodeGcor2,3.11.9,unknown,13155629,21116,136,0,0,0.9943909049034119,random,attribution,10,136,0.006812878005786811,0.53,0.31023649500148676,0.05108359133126935,0.0,10,10,0.05263157894736842,1.1985190212726593e-05,After|for|In|I|Boy|tasteless|sex|word|watch|only
text,2,2026-10-05T13:51:04,nodeGcor2,3.11.9,unknown,13155629,21185,116,0,0,0.8533025979995728,integrated_gradients,attribution,10,116,0.42766579617466893,0.48,0.5874656944663336,0.8393939393939395,0.3333333333333333,10,10,1.0,0.056322196032851934,"this|movie|make|them.|acting|hammy|positive|director|surprise.|suspense."""
text,2,2026-10-05T13:51:04,nodeGcor2,3.11.9,unknown,13155629,21185,116,0,0,0.8533025979995728,lime,attribution,10,116,0.34639266914696115,0.53,0.5517080480283711,0.890909090909091,0.8181818181818182,10,10,0.6666666666666666,0.14395773876458406,"movie|acting|is|hammy|unimpressive|move).|director|Hitchcock|surprise.|suspense."""
text,2,2026-10-05T13:51:04,nodeGcor2,3.11.9,unknown,13155629,21185,116,0,0,0.8533025979995728,random,attribution,10,116,0.15630695970296818,0.41,0.33993094036457383,0.05565875472996216,0.0,10,10,0.1111111111111111,1.147482544183731e-05,"I|doesn't|into|enormous|upon|some|is|as|off,|when"
text,2,2026-10-05T13:51:04,nodeGcor2,3.11.9,unknown,13155629,21565,122,0,0,0.9957270622253418,integrated_gradients,attribution,10,122,0.04409707972115578,0.82,0.5102871435565319,0.9636363636363636,0.6666666666666666,10,10,1.0,0.05584508506581187,rewriting|senseless|rubbish.|poorly|film|appalling.|glitch|dreadful|films.|ashamed
text,2,2026-10-05T13:51:04,nodeGcor2,3.11.9,unknown,13155629,21565,122,0,0,0.9957270622253418,lime,attribution,10,122,0.40532289670820343,0.84,0.4679525339343047,0.9090909090909092,0.6666666666666666,10,10,0.42857142857142855,0.1424654358997941,rewriting|This|ridiculous|rubbish.|poorly|inaccurate|appalling.|of|dreadful|films.
text,2,2026-10-05T13:51:04,nodeGcor2,3.11.9,unknown,13155629,21565,122,0,0,0.9957270622253418,random,attribution,10,122,0.0040118456597121625,0.48,0.3676928400563857,0.03742690058479532,0.0,10,10,0.1111111111111111,1.2206844985485077e-05,so|amazing|produce|acted|a|that|act.|should|for|either
text,2,2026-10-05T13:51:04,nodeGcor2,3.11.9,unknown,13155629,21597,95,0,0,0.9800721406936646,integrated_gradients,attribution,10,95,0.4423301827502016,0.66,0.6265203031652006,0.9090909090909092,0.6666666666666666,10,10,1.0,0.05081113241612911,"lesser-tiered|lousy|effects|""Alien""|""Star|Wars""|storyline|laughable|believable|Avoid"
text,2,2026-10-05T13:51:04,nodeGcor2,3.11.9,unknown,13155629,21597,95,0,0,0.9800721406936646,lime,attribution,10,95,0.5246926299173101,0.82,0.5911136889656046,0.8969696969696969,0.42857142857142855,10,10,0.8181818181818182,0.24105720780789852,"lesser-tiered|lousy|effects|(sure,|laughable|cry,|can't|believable|turkey.|Avoid"
text,2,2026-10-05T13:51:04,nodeGcor2,3.11.9,unknown,13155629,21597,95,0,0,0.9800721406936646,random,attribution,10,95,0.06735346029972118,0.44,0.35538598371188646,0.05565875472996216,0.0,10,10,0.05263157894736842,1.3537704944610596e-05,"cast|mostly|but|came|same|and|one|that|than|""The"
text,2,2026-10-05T13:51:04,nodeGcor2,3.11.9,unknown,13155629,21602,174,0,0,0.9961381554603577,integrated_gradients,attribution,10,174,0.00633229468494249,0.66,0.46406671874817773,1.0,0.8181818181818182,10,10,1.0,0.08298446098342538,bad|movie|unbelievably|bad.|bad|movie.|video|movie|sucks.|*****.
text,2,2026-10-05T13:51:04,nodeGcor2,3.11.9,unknown,13155629,21602,174,0,0,0.9961381554603577,lime,attribution,10,174,0.013300343905806608,0.66,0.45300764183760067,0.9818181818181818,0.8181818181818182,10,10,0.17647058823529413,0.20940018305554986,"this|how|bad.|bad|zombies,|video|sucks.|no|disappointed|It's"
text,2,2026-10-05T13:51:04,nodeGcor2,3.11.9,unknown,13155629,21602,174,0,0,0.9961381554603577,random,attribution,10,174,0.00041268696792954944,0.47,0.3242140015036451,0.04327485380116959,0.0,10,10,0.0,1.3911165297031403e-05,after|Because|bad|scenes|of|kicking|it|about|find|of
text,2,2026-10-05T13:51:04,nodeGcor2,3.11.9,unknown,13155629,21720,42,0,0,0.9696707129478455,integrated_gradients,attribution,10,42,0.58858899552045,0.65,0.4799620372907589,0.8454545454545455,0.5384615384615384,10,10,1.0,0.026182844769209623,Any|movie|husband|cheating|result|8|era.|wonder|movie|woman.
text,2,2026-10-05T13:51:04,nodeGcor2,3.11.9,unknown,13155629,21720,42,0,0,0.9696707129478455,lime,attribution,10,42,0.600900489446549,0.81,0.5325197982632546,0.8939393939393939,0.5384615384615384,10,10,0.6666666666666666,0.06601972132921219,"Any|that|portrays|bored,|cheating|obvious|result|8|era.|movie"
text,2,2026-10-05T13:51:04,nodeGcor2,3.11.9,unknown,13155629,21720,42,0,0,0.9696707129478455,random,attribution,10,42,0.5037426602226713,0.61,0.3262710363167576,0.10206398348813209,0.05263157894736842,10,10,0.1111111111111111,2.5516841560602188e-05,Any|responsible|who|of|wife|an|8|years|this|was
text,2,2026-10-05T13:51:04,nodeGcor2,3.11.9,unknown,13155629,21927,128,0,0,0.9956176280975342,integrated_gradients,attribution,10,128,0.19360121103765562,0.77,0.5004707169906604,0.9454545454545455,0.6666666666666666,10,10,1.0,0.05691665271297097,"film,|trash.|brainless|movie|makes|little|sense.|film|flopped.|bad"
text,2,2026-10-05T13:51:04,nodeGcor2,3.11.9,unknown,13155629,21927,128,0,0,0.9956176280975342,lime,attribution,10,128,0.18460140428834534,0.76,0.5149298256639523,0.9454545454545455,0.5384615384615384,10,10,0.42857142857142855,0.2798249330371618,this|trash.|brainless|just|At|little|sense.|flopped.|not|promise.
text,2,2026-10-05T13:51:04,nodeGcor2,3.11.9,unknown,13155629,21927,128,0,0,0.9956176280975342,random,attribution,10,128,0.004658311467907813,0.39,0.2848854663016127,0.04327485380116959,0.0,10,10,0.05263157894736842,1.2440141290426254e-05,"is|a|suit|would|mano,|point|even|It|promise.|Don't"
text,2,2026-10-05T13:51:04,nodeGcor2,3.11.9,unknown,13155629,22078,166,0,0,0.9952448010444641,integrated_gradients,attribution,10,166,0.7912304894457755,0.51,0.5749071764447262,0.9636363636363636,0.5384615384615384,10,10,1.0,0.0661342958919704,"it's|worst|sci-fi,|could|wonderful|movie,|up.|crap.|excellent),|disappointed"
text,2,2026-10-05T13:51:04,nodeGcor2,3.11.9,unknown,13155629,22078,166,0,0,0.9952448010444641,lime,attribution,10,166,0.9491938717900238,0.69,0.5223060018626575,0.8575757575757577,0.42857142857142855,10,10,0.3333333333333333,0.28242163686081767,worst|but|blew|up.|mine|crap.|loved|Stupid|stupid|disappointed
text,2,2026-10-05T13:51:04,nodeGcor2,3.11.9,unknown,13155629,22078,166,0,0,0.9952448010444641,random,attribution,10,166,0.002969557543472091,0.43,0.34614910000763544,0.03216374269005848,0.0,10,10,0.0,1.318659633398056e-05,"It's|long|seen.|lots|loved|Texas,|the|movie|like|a"
text,2,2026-10-05T13:51:04,nodeGcor2,3.11.9,unknown,13155629,22080,139,1,1,0.9902161359786987,integrated_gradients,attribution,10,139,0.2951344333106404,0.56,0.6201932950719979,0.9090909090909092,0.6666666666666666,10,10,1.0,0.06454422185197473,On|not|cuban|falls|favorite|would|Definitely|you|must|PHENOMENAL.
text,2,2026-10-05T13:51:04,nodeGcor2,3.11.9,unknown,13155629,22080,139,1,1,0.9902161359786987,lime,attribution,10,139,0.4419399906218417,0.73,0.5328902833582665,1.0,0.8181818181818182,10,10,0.5384615384615384,0.387742689345032,On|classic|DVD|life.|classic|top|favorite|Definitely|see.|PHENOMENAL.
text,2,2026-10-05T13:51:04,nodeGcor2,3.11.9,unknown,13155629,22080,139,1,1,0.9902161359786987,random,attribution,10,139,0.005877179834913113,0.49,0.35510442209001225,0.03216374269005848,0.0,10,10,0.1111111111111111,1.3398006558418274e-05,all|movie|of|Scarface|is|are|the|becomes|what|would
text,2,2026-10-05T13:51:04,nodeGcor2,3.11.9,unknown,13155629,22099,140,0,0,0.9960468411445618,integrated_gradients,attribution,10,140,0.026509594669776176,0.63,0.5143180729586658,0.9818181818181818,0.8181818181818182,10,10,1.0,0.061958192847669125,"movie|movie|awfully|wrong.|story|nowhere,|bland,|waste|time.|buy"
text,2,2026-10-05T13:51:04,nodeGcor2,3.11.9,unknown,13155629,22099,140,0,0,0.9960468411445618,lime,attribution,10,140,0.08925184309420209,0.62,0.4726110603518583,0.8757575757575757,0.6666666666666666,10,10,0.42857142857142855,0.2946070902980864,"movie|Tap_|just|painful.|jokes|bland,|waste|very|Avoid|movie."
text,2,2026-10-05T13:51:04,nodeGcor2,3.11.9,unknown,13155629,22099,140,0,0,0.9960468411445618,random,attribution,10,140,0.005246278580085457,0.45,0.3050133149506028,0.035526315789473684,0.0,10,10,0.1111111111111111,1.3045035302639008e-05,compared|or|you|wanna-be|painful.|The|songs|were|the|buy
text,2,2026-10-05T13:51:04,nodeGcor2,3.11.9,unknown,13155629,22149,69,0,0,0.9862577319145203,integrated_gradients,attribution,10,69,0.7779392329834023,0.73,0.7014515353209227,0.8939393939393939,0.6666666666666666,10,10,1.0,0.035207757726311684,movies|I|very|disappointed|this|film.|I|perfect|not|going
text,2,2026-10-05T13:51:04,nodeGcor2,3.11.9,unknown,13155629,22149,69,0,0,0.9862577319145203,lime,attribution,10,69,0.6491809938624626,0.71,0.6181493645714433,0.8090909090909092,0.42857142857142855,10,10,0.42857142857142855,0.16905642580240965,"""Left|very|disappointed|with|this|film.|film|as|perfect|film."
text,2,2026-10-05T13:51:04,nodeGcor2,3.11.9,unknown,13155629,22149,69,0,0,0.9862577319145203,random,attribution,10,69,0.04547197597420026,0.55,0.32664256633867983,0.06608187134502923,0.0,10,10,0.1111111111111111,1.1479947715997696e-05,sad|Christians|must|filmmaker|who|believes|the|example|going|career
text,2,2026-10-05T13:51:04,nodeGcor2,3.11.9,unknown,13155629,22176,110,0,0,0.9953814744949341,integrated_gradients,attribution,10,110,0.48005824046257034,0.89,0.5755443635660262,0.9333333333333332,0.8181818181818182,10,10,1.0,0.05531118484213948,"film,|wasted,|awful,|film|this|mess,|never|""bankable"".|Madonna,|film"
text,2,2026-10-05T13:51:04,nodeGcor2,3.11.9,unknown,13155629,22176,110,0,0,0.9953814744949341,lime,attribution,10,110,0.4931195893586304,0.77,0.5787638230282237,0.9818181818181818,0.6666666666666666,10,10,0.5384615384615384,0.14196176687255502,"forget|beautiful,|wasted,|awful,|becomes|this|mess,|rent|enjoy|actually"
text,2,2026-10-05T13:51:04,nodeGcor2,3.11.9,unknown,13155629,22176,110,0,0,0.9953814744949341,random,attribution,10,110,0.02082482770679526,0.45,0.3120393914539139,0.06023391812865497,0.0,10,10,0.0,2.10651196539402e-05,"act,|In|is|so|had|I|it|certainly|film|will"
text,2,2026-10-05T13:51:04,nodeGcor2,3.11.9,unknown,13155629,22269,40,0,0,0.9875203371047974,integrated_gradients,attribution,10,40,0.5691824559891385,0.85,0.7017186583378094,0.9303030303030303,0.6666666666666666,10,10,1.0,0.02619481785222888,"An|unbelievable|plot,|laughable|characters,|obvious|errors|supposed|real|dog."
text,2,2026-10-05T13:51:04,nodeGcor2,3.11.9,unknown,13155629,22269,40,0,0,0.9875203371047974,lime,attribution,10,40,0.7753402796815663,0.87,0.6318932377051274,0.9272727272727274,0.5384615384615384,10,10,0.5384615384615384,0.0653508841060102,"plot,|laughable|obvious|errors|scene|supposed|gas|this|real|dog."
text,2,2026-10-05T13:51:04,nodeGcor2,3.11.9,unknown,13155629,22269,40,0,0,0.9875203371047974,random,attribution,10,40,0.060121951911419724,0.55,0.41304030229802713,0.1278809769521844,0.05263157894736842,10,10,0.17647058823529413,2.2260937839746475e-05,"An|one|where|are|be|burning,|trying|one|of|is"
text,2,2026-10-05T13:51:04,nodeGcor2,3.11.9,unknown,13155629,22324,115,1,1,0.9939730763435364,integrated_gradients,attribution,10,115,0.654963951105837,0.75,0.660407739489071,1.0,0.8181818181818182,10,10,1.0,0.05545747885480523,"best|film|most|unusual.|fantastic,|and|entertaining,|truely|memorable.|not"
text,2,2026-10-05T13:51:04,nodeGcor2,3.11.9,unknown,13155629,22324,115,1,1,0.9939730763435364,lime,attribution,10,115,0.5397409442411029,0.71,0.5534522594456586,0.915151515151515,0.8181818181818182,10,10,0.8181818181818182,0.143998300191015,"Lam's|this|best|film|unusual.|fantastic,|entertaining,|truely|memorable.|Sadly,"
text,2,2026-10-05T13:51:04,nodeGcor2,3.11.9,unknown,13155629,22324,115,1,1,0.9939730763435364,random,attribution,10,115,0.015476039633005341,0.58,0.322599416448917,0.07134502923976607,0.0,10,10,0.05263157894736842,1.2653879821300507e-05,"date,|the|where|plays|as|The|story|memorable.|your|I"
text,2,2026-10-05T13:51:04,nodeGcor2,3.11.9,unknown,13155629,22334,167,1,1,0.9841850996017456,integrated_gradients,attribution,10,167,0.10099427769789593,0.55,0.5969245690461417,0.9454545454545455,0.8181818181818182,10,10,1.0,0.0663039949722588,European|is|one|best|efforts|DVD.|beautiful|Satan.|excellent|clever
text,2,2026-10-05T13:51:04,nodeGcor2,3.11.9,unknown,13155629,22334,167,1,1,0.9841850996017456,lime,attribution,10,167,0.18321504884420836,0.56,0.4822886022483235,0.8575757575757577,0.5384615384615384,10,10,0.6666666666666666,0.3189567239023745,is|one|best|DVD.|astonishing|beautiful|but|excellent|mine|clever
text,2,2026-10-05T13:51:04,nodeGcor2,3.11.9,unknown,13155629,22334,167,1,1,0.9841850996017456,random,attribution,10,167,0.008558016933983193,0.49,0.3390892269636707,0.03742690058479532,0.0,10,10,0.05263157894736842,1.2917909771203995e-05,"of|three|and|the|a|him,|won|devil.|around.|as"
text,2,2026-10-05T13:51:04,nodeGcor2,3.11.9,unknown,13155629,22383,163,0,0,0.9933974742889404,integrated_gradients,attribution,10,163,0.4261867138544971,0.62,0.5655661230507308,0.9818181818181818,1.0,10,10,1.0,0.08148087142035365,This|poor|watchable.|plot|crew|'Alien'-esque|cyborg|dolled-up|unconvincing|film
text,2,2026-10-05T13:51:04,nodeGcor2,3.11.9,unknown,13155629,22383,163,0,0,0.9933974742889404,lime,attribution,10,163,0.22887743780256906,0.64,0.5080615385244452,0.7293373293373293,0.6666666666666666,10,10,0.42857142857142855,0.3212856352329254,This|poor|plot|accidentally|crew.|unconvincing|are|amazing:|clichés|intense
text,2,2026-10-05T13:51:04,nodeGcor2,3.11.9,unknown,13155629,22383,163,0,0,0.9933974742889404,random,attribution,10,163,0.20146145152499237,0.57,0.3373893399621585,0.03343653250773994,0.0,10,10,0.0,1.843878999352455e-05,poor|spaceship|the|collide|repeatedly|they|cigar|by|of|to
text,2,2026-10-05T13:51:04,nodeGcor2,3.11.9,unknown,13155629,22384,125,1,1,0.9960391521453857,integrated_gradients,attribution,10,125,0.013535287794142745,0.71,0.5501452223126588,0.9333333333333332,0.6666666666666666,10,10,1.0,0.05546275805681944,"the|best|genuinely|touching|screenplay,|fine|subtlety|score,|brilliant|wonderful"
text,2,2026-10-05T13:51:04,nodeGcor2,3.11.9,unknown,13155629,22384,125,1,1,0.9960391521453857,lime,attribution,10,125,0.00809017469219241,0.62,0.4706687368939051,0.9636363636363636,0.6666666666666666,10,10,0.3333333333333333,0.1506706210784614,best|touching|an|lovely|the|only|disappointment|brilliant|wonderful|and
text,2,2026-10-05T13:51:04,nodeGcor2,3.11.9,unknown,13155629,22384,125,1,1,0.9960391521453857,random,attribution,10,125,0.0008912818109333601,0.63,0.3092217524315929,0.04912280701754386,0.0,10,10,0.17647058823529413,1.2836884707212448e-05,art|that|of|lovely|and|make|it|more|over|again.
text,2,2026-10-05T13:51:04,nodeGcor2,3.11.9,unknown,13155629,22392,95,1,1,0.992452085018158,integrated_gradients,attribution,10,95,0.3750638641301629,0.88,0.6076597533421211,0.9666666666666666,0.5384615384615384,10,10,1.0,0.03922495013102889,best|brilliant.|well|movie|died.|problem|excellent|Caldwell.|Brilliant|movie.
text,2,2026-10-05T13:51:04,nodeGcor2,3.11.9,unknown,13155629,22392,95,1,1,0.992452085018158,lime,attribution,10,95,0.3273962239039918,0.83,0.554834575314737,0.9636363636363636,0.6666666666666666,10,10,0.6666666666666666,0.18827540520578623,best|annoying|brilliant.|that|when|died.|was|excellent|Caldwell.|Brilliant
text,2,2026-10-05T13:51:04,nodeGcor2,3.11.9,unknown,13155629,22392,95,1,1,0.992452085018158,random,attribution,10,95,0.006029758837873725,0.56,0.3507728924840374,0.0327485380116959,0.05263157894736842,10,10,0.05263157894736842,1.3318844139575958e-05,best|want|characters|It|My|only|like|with|a|the
text,2,2026-10-05T13:51:04,nodeGcor2,3.11.9,unknown,13155629,22430,76,0,0,0.9968087077140808,integrated_gradients,attribution,10,76,0.8310145347837721,0.79,0.5699387354554513,0.8659673659673659,0.5384615384615384,10,10,1.0,0.03825706895440817,Unimpressive|low|budget|without|any|stolen|bad|rip-off|pointless|dull
text,2,2026-10-05T13:51:04,nodeGcor2,3.11.9,unknown,13155629,22430,76,0,0,0.9968087077140808,lime,attribution,10,76,0.03445666099108001,0.9,0.5520753204752449,0.9484848484848485,0.42857142857142855,10,10,0.42857142857142855,0.10269078891724348,Unimpressive|budget|sci-fi|any|plot.|just|bad|this|pointless|dull
text,2,2026-10-05T13:51:04,nodeGcor2,3.11.9,unknown,13155629,22430,76,0,0,0.9968087077140808,random,attribution,10,76,0.00426855939259762,0.51,0.30211437022596954,0.0649122807017544,0.0,10,10,0.1111111111111111,2.0687934011220932e-05,and|scenes|related|asteroids|just|a|Mr.|seems|anxious|not
text,2,2026-10-05T13:51:04,nodeGcor2,3.11.9,unknown,13155629,22624,95,1,1,0.9810583591461182,integrated_gradients,attribution,10,95,0.03785641882573319,0.63,0.5537282782330673,0.9090909090909092,0.6666666666666666,10,10,1.0,0.047492949757725,"a|good|with|no|no|rather,|a|very|drama|viewers"
text,2,2026-10-05T13:51:04,nodeGcor2,3.11.9,unknown,13155629,22624,95,1,1,0.9810583591461182,lime,attribution,10,95,0.20231104021354812,0.57,0.48154372615506114,0.9090909090909092,0.5384615384615384,10,10,0.42857142857142855,0.11283374391496181,much|and|artistically|good|sense|honesty|reality|no|very|drama
text,2,2026-10-05T13:51:04,nodeGcor2,3.11.9,unknown,13155629,22624,95,1,1,0.9810583591461182,random,attribution,10,95,0.01931671015541974,0.48,0.3058847991758983,0.06618507051943585,0.0,10,10,0.0,1.3011042028665543e-05,"the|boxing|not|So|shoot|honesty|about|is,|rather,|to"
text,2,2026-10-05T13:51:04,nodeGcor2,3.11.9,unknown,13155629,22636,109,1,1,0.9744833707809448,integrated_gradients,attribution,10,109,0.32119347355618816,0.64,0.5710546505228131,0.8757575757575757,0.6666666666666666,10,10,1.0,0.04901486402377486,"impressed|trivial|professional,|suffers|from|significance|today|acting|but|stellar!"
text,2,2026-10-05T13:51:04,nodeGcor2,3.11.9,unknown,13155629,22636,109,1,1,0.9744833707809448,lime,attribution,10,109,0.586950837347923,0.56,0.4730861618475871,0.8787878787878787,0.42857142857142855,10,10,0.6666666666666666,0.2001395123079419,impressed|from|other|today|strained|but|the|is|stellar!|directing?
text,2,2026-10-05T13:51:04,nodeGcor2,3.11.9,unknown,13155629,22636,109,1,1,0.9744833707809448,random,attribution,10,109,0.05187074923552451,0.51,0.3272543301734844,0.060921912624699,0.0,10,10,0.05263157894736842,1.2977980077266693e-05,am|with|Second|but|knowledgeable|the|back|for?|and|from
text,2,2026-10-05T13:51:04,nodeGcor2,3.11.9,unknown,13155629,22746,121,0,0,0.9032942056655884,integrated_gradients,attribution,10,121,0.3723552372514989,0.58,0.4921508065778537,0.7852813852813854,0.3333333333333333,10,10,1.0,0.06121611874550581,premise|Atari|Robots?|Loved|silly|VH1|series|nothing|idiotic|check...
text,2,2026-10-05T13:51:04,nodeGcor2,3.11.9,unknown,13155629,22746,121,0,0,0.9032942056655884,lime,attribution,10,121,0.24207077616923314,0.51,0.4652875110295184,0.8242424242424242,0.5384615384615384,10,10,0.6666666666666666,0.1567454431205988,premise|worth|three.|Atari|Robots?|Loved|*because*|nothing|idiotic|already!
text,2,2026-10-05T13:51:04,nodeGcor2,3.11.9,unknown,13155629,22746,121,0,0,0.9032942056655884,random,attribution,10,121,0.19291216846559517,0.47,0.32018243637869315,0.07729618163054694,0.05263157894736842,10,10,0.0,2.721371129155159e-05,after|of|Sock|and|make|Last|I|Hal|than|are?
text,2,2026-10-05T13:51:04,nodeGcor2,3.11.9,unknown,13155629,22799,110,1,1,0.994949460029602,integrated_gradients,attribution,10,110,0.0320541307158516,0.64,0.6402627170002058,0.9090909090909092,0.8181818181818182,10,10,1.0,0.05086068622767925,this|a|surprisingly|good|flick|about|Holly.|a|great|film.
text,2,2026-10-05T13:51:04,nodeGcor2,3.11.9,unknown,13155629,22799,110,1,1,0.994949460029602,lime,attribution,10,110,0.14627830660533286,0.64,0.5143814197588934,0.9272727272727274,0.6666666666666666,10,10,0.3333333333333333,0.12768449680879712,surprisingly|good|flick|the|Holly.|I|you|too.|great|this
text,2,2026-10-05T13:51:04,nodeGcor2,3.11.9,unknown,13155629,22799,110,1,1,0.994949460029602,random,attribution,10,110,0.0012210886313970565,0.52,0.320503252031356,0.05438596491228069,0.0,10,10,0.17647058823529413,2.293987199664116e-05,"life|pioneer|Holly,|a|a|death|and|Big|follows|eventual"
text,2,2026-10-05T13:51:04,nodeGcor2,3.11.9,unknown,13155629,22818,201,0,0,0.9830526113510132,integrated_gradients,attribution,10,201,0.2601636244863391,0.53,0.5499043833944397,1.0,1.0,10,10,1.0,0.08458480797708035,"movie|bad|film|easy|uninteristing.|movie,|contemptible,|pitiful,|worse,|movie"
text,2,2026-10-05T13:51:04,nodeGcor2,3.11.9,unknown,13155629,22818,201,0,0,0.9830526113510132,lime,attribution,10,201,0.6223202233981366,0.62,0.5195098435170049,0.9818181818181818,0.6666666666666666,10,10,0.8181818181818182,0.3472834061831236,"movie|bad|characters|uninteristing.|contemptible,|or|pitiful,|worse,|expecting|lecture"
text,2,2026-10-05T13:51:04,nodeGcor2,3.11.9,unknown,13155629,22818,201,0,0,0.9830526113510132,random,attribution,10,201,0.03866236630750979,0.51,0.3254832489589947,0.01637426900584795,0.0,10,10,0.05263157894736842,1.2278091162443161e-05,preview|to|I|of|a|people|are.|on|the|through
text,2,2026-10-05T13:51:04,nodeGcor2,3.11.9,unknown,13155629,22970,83,0,0,0.995685338973999,integrated_gradients,attribution,10,83,0.08941798143626502,0.69,0.4524575069270519,0.9272727272727274,0.8181818181818182,10,10,1.0,0.038090073969215155,movie|plot.|movie|spent|hours|failed|fails|pay|don't|isn't
text,2,2026-10-05T13:51:04,nodeGcor2,3.11.9,unknown,13155629,22970,83,0,0,0.995685338973999,lime,attribution,10,83,0.12718484739860836,0.6,0.5006427051318492,0.8895104895104895,0.42857142857142855,10,10,0.25,0.18043681886047125,beautiful|Unfortunately|plot.|This|two|failed|picture|fails|just|isn't
text,2,2026-10-05T13:51:04,nodeGcor2,3.11.9,unknown,13155629,22970,83,0,0,0.995685338973999,random,attribution,10,83,0.010921513229588476,0.44,0.28930516874411727,0.06676986584107328,0.0,10,10,0.17647058823529413,1.3052020221948624e-05,beautiful|scene|ever|picture|tries|but|the|and|don't|expect
text,2,2026-10-05T13:51:04,nodeGcor2,3.11.9,unknown,13155629,23004,134,0,0,0.996906578540802,integrated_gradients,attribution,10,134,0.02123302057593288,0.86,0.5176721315626893,0.9090909090909092,0.8181818181818182,10,10,1.0,0.061522046104073524,"movies|sucked.|awful.|acting|bad.|unenthusiastic|laughable).|movie|electrocuted,|crapiest"
text,2,2026-10-05T13:51:04,nodeGcor2,3.11.9,unknown,13155629,23004,134,0,0,0.996906578540802,lime,attribution,10,134,0.030368811544797626,0.84,0.4768444612249816,0.8606060606060606,0.8181818181818182,10,10,0.42857142857142855,0.17381532490253448,this|sucked.|sense.|awful.|acting|bad.|movie|funny|crapiest|horrible
text,2,2026-10-05T13:51:04,nodeGcor2,3.11.9,unknown,13155629,23004,134,0,0,0.996906578540802,random,attribution,10,134,0.001250439677765151,0.45,0.3421613968112187,0.05565875472996216,0.0,10,10,0.0,1.2804288417100906e-05,It|especially|woman|huge|as|it's|of|The|for|out.
text,2,2026-10-05T13:51:04,nodeGcor2,3.11.9,unknown,13155629,23159,176,0,0,0.9875444173812866,integrated_gradients,attribution,10,176,0.6206848932590692,0.56,0.5149173139344344,0.9272727272727274,0.42857142857142855,10,10,1.0,0.0658939452841878,movie|horrible|inability|lead|actor|No|bland|mess|finally|watchable
text,2,2026-10-05T13:51:04,nodeGcor2,3.11.9,unknown,13155629,23159,176,0,0,0.9875444173812866,lime,attribution,10,176,0.0491315737344798,0.65,0.5167979402200962,1.0,0.5384615384615384,10,10,0.5384615384615384,0.39786804001778364,horrible|inability|No|chemistry|movie|wasn't|this|mess|funny...full|finally
text,2,2026-10-05T13:51:04,nodeGcor2,3.11.9,unknown,13155629,23159,176,0,0,0.9875444173812866,random,attribution,10,176,0.012570129632309902,0.5,0.3264170533405142,0.021637426900584796,0.0,10,10,0.0,1.2525822967290878e-05,even|this|The|an|almost|suppose|of|tried|was|it
text,2,2026-10-05T13:51:04,nodeGcor2,3.11.9,unknown,13155629,23198,104,0,0,0.9948902130126953,integrated_gradients,attribution,10,104,0.415442589660071,0.76,0.48321823067767233,0.9818181818181818,0.8181818181818182,10,10,1.0,0.050575559958815575,Sci-Fi|cheap|attempts|Porn-movie|acting.|Cheap|hairstyles.|Nothing|this|film.
text,2,2026-10-05T13:51:04,nodeGcor2,3.11.9,unknown,13155629,23198,104,0,0,0.9948902130126953,lime,attribution,10,104,0.67108115226156,0.68,0.5978818105594712,0.9818181818181818,0.6666666666666666,10,10,0.8181818181818182,0.16802248591557145,"This|cheap|attempts|Porn-movie|acting.|Cheap|effects,|time,|Nothing|to"
text,2,2026-10-05T13:51:04,nodeGcor2,3.11.9,unknown,13155629,23198,104,0,0,0.9948902130126953,random,attribution,10,104,0.011947526787306201,0.63,0.28112312208613066,0.08314413484692122,0.0,10,10,0.0,1.2084376066923141e-05,a|interest|land|half|acting.|it|a|pure|I|any
text,2,2026-10-05T13:51:04,nodeGcor2,3.11.9,unknown,13155629,23557,129,1,1,0.9836126565933228,integrated_gradients,attribution,10,129,0.8250304563938491,0.63,0.6926555052034813,0.9818181818181818,0.8181818181818182,10,10,1.0,0.06424757186323404,"Hines|wonderful!|Dramatic,|intense,|full|performances|top-notch|cast!|didn't.|Hines."
text,2,2026-10-05T13:51:04,nodeGcor2,3.11.9,unknown,13155629,23557,129,1,1,0.9836126565933228,lime,attribution,10,129,0.539555680844625,0.67,0.5750760375159734,0.9090909090909092,0.5384615384615384,10,10,0.8181818181818182,0.2926121889613569,"faithful|couldn't|good|enough!It|wonderful!|Dramatic,|intense,|didn't.|bad|good"
text,2,2026-10-05T13:51:04,nodeGcor2,3.11.9,unknown,13155629,23557,129,1,1,0.9836126565933228,random,attribution,10,129,0.004981614057983011,0.54,0.33741078016816795,0.05438596491228069,0.0,10,10,0.0,1.1567026376724243e-05,"has|couldn't|effects,|I|I|must've|those|he|he|he's"
text,2,2026-10-05T13:51:04,nodeGcor2,3.11.9,unknown,13155629,23584,152,0,0,0.9920312166213989,integrated_gradients,attribution,10,152,0.26292385710188027,0.53,0.5281336383891985,0.9272727272727274,0.6666666666666666,10,10,1.0,0.06165453512221575,film|wasn't|film|unfunny|bother|was|brilliant|hilarious.|not.|fake
text,2,2026-10-05T13:51:04,nodeGcor2,3.11.9,unknown,13155629,23584,152,0,0,0.9920312166213989,lime,attribution,10,152,0.5838428909457987,0.56,0.5464093680480868,0.9090909090909092,0.42857142857142855,10,10,0.6666666666666666,0.17652840306982398,unfunny|bother|was|brilliant|hilarious.|is|not.|rely|keeps|fake
text,2,2026-10-05T13:51:04,nodeGcor2,3.11.9,unknown,13155629,23584,152,0,0,0.9920312166213989,random,attribution,10,152,0.006447313254970913,0.47,0.30573410074296925,0.047953216374269005,0.0,10,10,0.05263157894736842,1.18291936814785e-05,wasn't|film|only|Eddie's|of|by|a|and|with|island
text,2,2026-10-05T13:51:04,nodeGcor2,3.11.9,unknown,13155629,23667,126,0,0,0.9965569972991943,integrated_gradients,attribution,10,126,0.2670905122966949,0.87,0.4998511171232908,0.9636363636363636,1.0,10,10,1.0,0.05537134408950806,"wrong|movie|This|movie|awful,|bad.|Acting=|horrible|waste|movie."
text,2,2026-10-05T13:51:04,nodeGcor2,3.11.9,unknown,13155629,23667,126,0,0,0.9965569972991943,lime,attribution,10,126,0.11487966232386085,0.88,0.47877491363053937,0.8757575757575757,0.6666666666666666,10,10,0.3333333333333333,0.14721295982599258,"director|wrong|about|This|awful,|wasn't|bad.|Acting=|horrible|waste"
text,2,2026-10-05T13:51:04,nodeGcor2,3.11.9,unknown,13155629,23667,126,0,0,0.9965569972991943,random,attribution,10,126,0.002868933742565247,0.52,0.34357354551733255,0.04327485380116959,0.0,10,10,0.05263157894736842,2.5134067982435226e-05,"fan|movies,|research|he|to|his|2|because|par|search"
text,2,2026-10-05T13:51:04,nodeGcor2,3.11.9,unknown,13155629,24100,181,0,0,0.9828232526779175,integrated_gradients,attribution,10,181,0.4568708010740226,0.62,0.6300870816111722,0.9454545454545455,0.6666666666666666,10,10,1.0,0.08269221428781748,This|storytelling.|important|worse!|story|just|doesn't|work|way.|Sopranos.
text,2,2026-10-05T13:51:04,nodeGcor2,3.11.9,unknown,13155629,24100,181,0,0,0.9828232526779175,lime,attribution,10,181,0.7732356945262665,0.57,0.5557517744367086,0.9636363636363636,0.8181818181818182,10,10,1.0,0.3371037729084492,indisputable|error|storytelling.|worse!|impressively|just|doesn't|way.|Sopranos.|wouldn't
text,2,2026-10-05T13:51:04,nodeGcor2,3.11.9,unknown,13155629,24100,181,0,0,0.9828232526779175,random,attribution,10,181,0.01075083943647895,0.48,0.33612696841597944,0.03402132782937737,0.0,10,10,0.0,1.3548880815505981e-05,"its|This|quite|knows|who|could|Tony's|Tony|about|Otherwise,"
text,2,2026-10-05T13:51:04,nodeGcor2,3.11.9,unknown,13155629,24233,125,0,0,0.9972153902053833,integrated_gradients,attribution,10,125,0.010961777706796296,0.88,0.43178571834700596,0.9818181818181818,0.8181818181818182,10,10,1.0,0.05584844620898366,worst|movie|bad|crap.|junk.|wasted|movie.|money.|don't|junk.
text,2,2026-10-05T13:51:04,nodeGcor2,3.11.9,unknown,13155629,24233,125,0,0,0.9972153902053833,lime,attribution,10,125,0.011864141760753327,0.8,0.4468782703802535,0.9484848484848485,0.5384615384615384,10,10,0.25,0.14629026921465993,worst|this|every|of|a|crap.|junk.|production|could|junk.
text,2,2026-10-05T13:51:04,nodeGcor2,3.11.9,unknown,13155629,24233,125,0,0,0.9972153902053833,random,attribution,10,125,0.00016801651690224643,0.47,0.34747383290790745,0.026900584795321637,0.0,10,10,0.1111111111111111,2.5290995836257935e-05,"ever|made|this|a|story|I'm|of|movie,|I've|waste"
text,2,2026-10-05T13:51:04,nodeGcor2,3.11.9,unknown,13155629,24303,145,1,1,0.9956346154212952,integrated_gradients,attribution,10,145,0.10768423591579418,0.7,0.6414431459281349,0.9818181818181818,0.8181818181818182,10,10,1.0,0.06055891886353493,"this|brilliant,|documentary|a|a|stunning|the|best|documentary|tremendous"
text,2,2026-10-05T13:51:04,nodeGcor2,3.11.9,unknown,13155629,24303,145,1,1,0.9956346154212952,lime,attribution,10,145,0.0778606795256004,0.75,0.4994052088235984,0.9818181818181818,0.6666666666666666,10,10,0.5384615384615384,0.2961867447011173,"this|brilliant,|documentary|a|must|stunning|best|war|tremendous|WAR,"
text,2,2026-10-05T13:51:04,nodeGcor2,3.11.9,unknown,13155629,24303,145,1,1,0.9956346154212952,random,attribution,10,145,0.0018356107650291903,0.49,0.3203651427218748,0.04454764361885105,0.0,10,10,0.0,1.0127201676368713e-05,"10,|super|screened|still|still|at|some|few|be|AT"
text,2,2026-10-05T13:51:04,nodeGcor2,3.11.9,unknown,13155629,24517,141,1,1,0.969613254070282,integrated_gradients,attribution,10,141,0.16645254736601908,0.69,0.5888556160590788,0.9454545454545455,0.6666666666666666,10,10,1.0,0.056644467171281576,slammed|it|brilliant|also|very|cleverly|and|performed.|Serafinowicz|finest
text,2,2026-10-05T13:51:04,nodeGcor2,3.11.9,unknown,13155629,24517,141,1,1,0.969613254070282,lime,attribution,10,141,0.12008180035532391,0.55,0.5374768359599518,0.9666666666666666,0.5384615384615384,10,10,0.6666666666666666,0.16546706343069673,series|slammed|thought|it|was|brilliant|very|finest|writers|certainly
text,2,2026-10-05T13:51:04,nodeGcor2,3.11.9,unknown,13155629,24517,141,1,1,0.969613254070282,random,attribution,10,141,0.00552706266534976,0.43,0.34757038432692,0.05438596491228069,0.0,10,10,0.05263157894736842,1.1135824024677277e-05,slammed|is|if|coming|this|have|Father|be|something|it.
text,2,2026-10-05T13:51:04,nodeGcor2,3.11.9,unknown,13155629,24521,193,1,1,0.9951608777046204,integrated_gradients,attribution,10,193,0.025729770833531732,0.66,0.5109544650835682,1.0,0.8181818181818182,10,10,1.0,0.0821056179702282,today.|This|funny|and|touching|movie|love|great|Really|delightful.
text,2,2026-10-05T13:51:04,nodeGcor2,3.11.9,unknown,13155629,24521,193,1,1,0.9951608777046204,lime,attribution,10,193,0.04062552838162895,0.55,0.4888576637824724,0.9636363636363636,0.5384615384615384,10,10,0.3333333333333333,0.2239163601770997,This|funny|touching|bombastic|love|great|Obviously|love|fun|delightful.
text,2,2026-10-05T13:51:04,nodeGcor2,3.11.9,unknown,13155629,24521,193,1,1,0.9951608777046204,random,attribution,10,193,0.004522752086738709,0.63,0.3033640920779148,0.021052631578947368,0.0,10,10,0.05263157894736842,9.427778422832489e-06,wouldn't|actors|is|for|another.|move|watching|was|of|delightful.
text,2,2026-10-05T13:51:04,nodeGcor2,3.11.9,unknown,13155629,24529,196,0,0,0.9928508996963501,integrated_gradients,attribution,10,196,0.23075240282413556,0.55,0.46003727185347576,1.0,0.8181818181818182,10,10,1.0,0.06642648903653026,movie|deceiving|movie.|scenes|whole|movie|predictable|effects|movies|bad.
text,2,2026-10-05T13:51:04,nodeGcor2,3.11.9,unknown,13155629,24529,196,0,0,0.9928508996963501,lime,attribution,10,196,0.2999156404583367,0.6,0.5226573830807897,0.8727272727272728,0.8181818181818182,10,10,0.6666666666666666,0.21868040598928928,movie|predictable|messed|effects|at|best.|worst|bad|that|just
text,2,2026-10-05T13:51:04,nodeGcor2,3.11.9,unknown,13155629,24529,196,0,0,0.9928508996963501,random,attribution,10,196,0.012339834236982594,0.51,0.3644423038432155,0.04396284829721363,0.0,10,10,0.05263157894736842,1.2008007615804672e-05,to|especially|during|I|could|messed|the|uhh|whole|this
text,2,2026-10-05T13:51:04,nodeGcor2,3.11.9,unknown,13155629,24539,125,0,0,0.9690617918968201,integrated_gradients,attribution,10,125,0.4014111314817379,0.64,0.5527911933756018,0.9454545454545455,0.6666666666666666,10,10,1.0,0.05525356438010931,movie|quite|film.|all|bad.|that|film|Shame|film|capitalizing
text,2,2026-10-05T13:51:04,nodeGcor2,3.11.9,unknown,13155629,24539,125,0,0,0.9690617918968201,lime,attribution,10,125,0.8305772043439851,0.71,0.48235187831272563,0.9121212121212121,0.8181818181818182,10,10,0.5384615384615384,0.1471177120693028,omitted|know|bad.|that|this|film|completely|ignored.|Shame|capitalizing
text,2,2026-10-05T13:51:04,nodeGcor2,3.11.9,unknown,13155629,24539,125,0,0,0.9690617918968201,random,attribution,10,125,0.2659595099297528,0.53,0.31185896129640645,0.043859649122807015,0.0,10,10,0.05263157894736842,1.1174008250236511e-05,sports|was|quite|film.|know|have|life|more|I|this
text,2,2026-10-05T13:51:04,nodeGcor2,3.11.9,unknown,13155629,24675,60,1,1,0.9956346154212952,integrated_gradients,attribution,10,60,0.28817574401593105,0.86,0.4803230725221084,0.890909090909091,0.8181818181818182,10,10,1.0,0.03439279366284609,perfect|perfection.|award|nomination.The|evokes|many|emotions.|sincerely|enjoyed|film.
text,2,2026-10-05T13:51:04,nodeGcor2,3.11.9,unknown,13155629,24675,60,1,1,0.9956346154212952,lime,attribution,10,60,0.20714276606104043,0.91,0.5110823600851827,0.8727272727272728,0.42857142857142855,10,10,0.6666666666666666,0.160091205034405,perfect|perfection.|academy|compassion|many|emotions.|sincerely|enjoyed|this|film.
text,2,2026-10-05T13:51:04,nodeGcor2,3.11.9,unknown,13155629,24675,60,1,1,0.9956346154212952,random,attribution,10,60,0.0040163489209785195,0.48,0.3229762202134423,0.08968008255933953,0.05263157894736842,10,10,0.0,1.1016149073839188e-05,Radio|you|story|based|the|to|There's|His|movie|many
text,2,2026-10-05T13:51:04,nodeGcor2,3.11.9,unknown,13155629,24727,167,1,1,0.9823216199874878,integrated_gradients,attribution,10,167,0.010192091050932422,0.54,0.6102308019018601,0.7736596736596737,0.5384615384615384,10,10,1.0,0.06489056861028075,I|great|in|(Superbad|perfectly|undergirding|so|enough|love|not
text,2,2026-10-05T13:51:04,nodeGcor2,3.11.9,unknown,13155629,24727,167,1,1,0.9823216199874878,lime,attribution,10,167,0.04824259666898494,0.54,0.49208023950707114,0.9303030303030303,0.5384615384615384,10,10,0.6666666666666666,0.23125820513814688,film|perfection.|great|undergirding|fierce|and|love|this|not|enough.
text,2,2026-10-05T13:51:04,nodeGcor2,3.11.9,unknown,13155629,24727,167,1,1,0.9823216199874878,random,attribution,10,167,0.01675027799314856,0.5,0.34786248633380024,0.02631578947368421,0.0,10,10,0.0,1.1486932635307312e-05,dining|future|all|tone|by|it|comedy|for|phrase|be
