modality,seed,date,host,python,commit,slurm_job,instance,n_words,y_true,y_pred,p_pred,method,kind,k,d,fid_del,fid_suf,sparsity,stability,robustness,n_valid_stab,n_valid_rob,consistency,time_s,top_words
text,1,2026-10-05T13:51:05,nodeGcor2,3.11.9,unknown,13155631,418,134,1,1,0.9952448010444641,integrated_gradients,attribution,10,134,0.03427328397765477,0.69,0.5837274054398136,0.9636363636363636,0.6666666666666666,10,10,1.0,0.11406958336010575,fun|song|these|excellent|brilliant|PC|always|love|this|show.
text,1,2026-10-05T13:51:05,nodeGcor2,3.11.9,unknown,13155631,418,134,1,1,0.9952448010444641,lime,attribution,10,134,0.10855642096448695,0.63,0.47663910879078386,0.9818181818181818,0.6666666666666666,10,10,0.5384615384615384,0.2383875222876668,is|fun|catchy|excellent|brilliant|forensic|love|this|show.|It
text,1,2026-10-05T13:51:05,nodeGcor2,3.11.9,unknown,13155631,418,134,1,1,0.9952448010444641,random,attribution,10,134,0.004661314188518873,0.51,0.3147401782447583,0.0654970760233918,0.0,10,10,0.0,1.724669709801674e-05,a|fun|song|the|Some|but|life.|you|in|get
text,1,2026-10-05T13:51:05,nodeGcor2,3.11.9,unknown,13155631,662,103,1,1,0.9928231239318848,integrated_gradients,attribution,10,103,0.008040736256310332,0.59,0.569992663716965,0.9121212121212121,0.6666666666666666,10,10,1.0,0.05506372498348355,"This|the|best|themeparks.|better|fun),|Disney's|greatest|musical|hits"
text,1,2026-10-05T13:51:05,nodeGcor2,3.11.9,unknown,13155631,662,103,1,1,0.9928231239318848,lime,attribution,10,103,0.009972739074617418,0.58,0.41659386375826457,0.8969696969696969,0.6666666666666666,10,10,0.25,0.21462519094347954,best|themeparks.|acid-trip|This|relives|greatest|brought|throughout|a|spectacular
text,1,2026-10-05T13:51:05,nodeGcor2,3.11.9,unknown,13155631,662,103,1,1,0.9928231239318848,random,attribution,10,103,0.003014443103384514,0.58,0.3305915084419212,0.09026487788097695,0.0,10,10,0.1111111111111111,1.2327916920185089e-05,"1960's|""Honey|squeaks|film|Disney's|Mermaid,|to|is|too,|spectacular"
text,1,2026-10-05T13:51:05,nodeGcor2,3.11.9,unknown,13155631,1008,33,0,0,0.9762426614761353,integrated_gradients,attribution,10,33,0.5528755633711578,0.97,0.6169266774292173,0.8757575757575757,0.6666666666666666,10,10,1.0,0.02648761309683323,"Predictable|Simple|dialogue.|Shockingly|unemotional|performances.|""poor|instead|richly|deserved."
text,1,2026-10-05T13:51:05,nodeGcor2,3.11.9,unknown,13155631,1008,33,0,0,0.9762426614761353,lime,attribution,10,33,0.5655498804112724,0.98,0.5611305258542589,0.8114219114219114,0.5384615384615384,10,10,0.8181818181818182,0.14168466674163938,"Predictable|plot.|Simple|Shockingly|unemotional|""poor|instead|or|richly|deserved."
text,1,2026-10-05T13:51:05,nodeGcor2,3.11.9,unknown,13155631,1008,33,0,0,0.9762426614761353,random,attribution,10,33,0.6550933063160213,0.85,0.35624952841131896,0.19677871148459383,0.1111111111111111,10,10,0.1111111111111111,1.0489020496606827e-05,"Predictable|Simple|Robert|is|gave|""poor|special""|instead|1|so"
text,1,2026-10-05T13:51:05,nodeGcor2,3.11.9,unknown,13155631,1178,59,0,0,0.9967648983001709,integrated_gradients,attribution,10,59,0.4982056571149569,0.95,0.5499291322490716,0.8575757575757577,0.6666666666666666,10,10,1.0,0.034177546855062246,"was|crappy,|miserably|acted|movie|movie|irritated|wasted|even|slightest"
text,1,2026-10-05T13:51:05,nodeGcor2,3.11.9,unknown,13155631,1178,59,0,0,0.9967648983001709,lime,attribution,10,59,0.40451944900490855,0.87,0.5507915434652084,0.9272727272727274,0.5384615384615384,10,10,0.8181818181818182,0.15875740721821785,"This|crappy,|miserably|movie|based|excellent|movie|irritated|wasted|brain"
text,1,2026-10-05T13:51:05,nodeGcor2,3.11.9,unknown,13155631,1178,59,0,0,0.9967648983001709,random,attribution,10,59,0.008771240043927958,0.5,0.35716003441267385,0.07856897144822841,0.05263157894736842,10,10,0.0,1.5680212527513504e-05,based|sublimated|in|excellent|and|had|entered|that|I|brain
text,1,2026-10-05T13:51:05,nodeGcor2,3.11.9,unknown,13155631,1311,43,0,0,0.700946033000946,integrated_gradients,attribution,10,43,0.28623434654322827,0.61,0.4973921910164467,0.7549783549783551,0.42857142857142855,10,10,1.0,0.03199684713035822,"film.|mood|don't|It|mixes|Satan,|moralizing|most|unappetizing|fretful"
text,1,2026-10-05T13:51:05,nodeGcor2,3.11.9,unknown,13155631,1311,43,0,0,0.700946033000946,lime,attribution,10,43,0.39753244816084,0.58,0.4324978968289639,0.8659673659673659,0.42857142857142855,10,10,0.6666666666666666,0.15026648808270693,hard|to|Unless|don't|Claus.|It|mixes|most|unappetizing|fretful
text,1,2026-10-05T13:51:05,nodeGcor2,3.11.9,unknown,13155631,1311,43,0,0,0.700946033000946,random,attribution,10,43,0.46632891019217176,0.58,0.3143844042626722,0.14095287237702098,0.0,10,10,0.05263157894736842,1.253979280591011e-05,"hard|make|film.|oiled|in|the|to|mock,|view|not"
text,1,2026-10-05T13:51:05,nodeGcor2,3.11.9,unknown,13155631,1357,72,0,0,0.9929609894752502,integrated_gradients,attribution,10,72,0.4171814947499331,0.72,0.5205334666907037,0.9121212121212121,0.6666666666666666,10,10,1.0,0.038351952098309994,"terrible|movie|it's|bad.|acting|Canadian|movie,|even|love|beware!"
text,1,2026-10-05T13:51:05,nodeGcor2,3.11.9,unknown,13155631,1357,72,0,0,0.9929609894752502,lime,attribution,10,72,0.30786528292819293,0.79,0.5055486586774885,0.8689976689976688,0.6666666666666666,10,10,0.6666666666666666,0.17414602590724826,this|terrible|movie|it's|bad.|acting|isn't|definitely|could|love
text,1,2026-10-05T13:51:05,nodeGcor2,3.11.9,unknown,13155631,1357,72,0,0,0.9929609894752502,random,attribution,10,72,0.005144389070707872,0.52,0.33806522684259566,0.10941692466460269,0.0,10,10,0.05263157894736842,1.1985190212726593e-05,"say|The|falling|bad,|but|definitely|could|who,|love|parents"
text,1,2026-10-05T13:51:05,nodeGcor2,3.11.9,unknown,13155631,1473,127,0,0,0.995345413684845,integrated_gradients,attribution,10,127,0.21711814241764163,0.55,0.5358308985173512,0.9454545454545455,0.5384615384615384,10,10,1.0,0.05553254298865795,movie|bad|loved|movie|so|disappointed|movie|place|video|store
text,1,2026-10-05T13:51:05,nodeGcor2,3.11.9,unknown,13155631,1473,127,0,0,0.995345413684845,lime,attribution,10,127,0.27164213693831263,0.57,0.5025651440413625,1.0,0.6666666666666666,10,10,0.42857142857142855,0.14543089363723993,movie|bad|nothing|loved|the|excited|so|disappointed|no|even
text,1,2026-10-05T13:51:05,nodeGcor2,3.11.9,unknown,13155631,1473,127,0,0,0.995345413684845,random,attribution,10,127,0.02884797856175099,0.53,0.3576083405391898,0.08065875472996216,0.0,10,10,0.05263157894736842,1.3037119060754776e-05,"Wendigo,|bad|to|do|movie|was|the|didn't|don't|shelf"
text,1,2026-10-05T13:51:05,nodeGcor2,3.11.9,unknown,13155631,1615,138,0,0,0.9928231239318848,integrated_gradients,attribution,10,138,0.1575327637804314,0.79,0.6564814709773821,0.8757575757575757,0.8181818181818182,10,10,1.0,0.06112577440217137,not|Italian|thriller.|spoiler?|tedious|movie|movie)|not|enough|dull.
text,1,2026-10-05T13:51:05,nodeGcor2,3.11.9,unknown,13155631,1615,138,0,0,0.9928231239318848,lime,attribution,10,138,0.26052572617754854,0.81,0.5702464525883423,0.9272727272727274,0.6666666666666666,10,10,0.6666666666666666,0.25181333301588893,"not|Italian|thriller.|suspense|tedious|movie|not|him.|dull,|dull."
text,1,2026-10-05T13:51:05,nodeGcor2,3.11.9,unknown,13155631,1615,138,0,0,0.9928231239318848,random,attribution,10,138,0.01567305092308202,0.53,0.3503138329250096,0.031578947368421054,0.0,10,10,0.0,1.5451107174158096e-05,"ready|really|No,|the|to|the|of|man|seriously|is"
text,1,2026-10-05T13:51:05,nodeGcor2,3.11.9,unknown,13155631,2052,142,1,1,0.9594592452049255,integrated_gradients,attribution,10,142,0.3663271325096423,0.51,0.5238723442061737,0.9090909090909092,0.42857142857142855,10,10,1.0,0.05523019377142191,thought|this|very|series|it|definitely|that|knows|world.|ago.
text,1,2026-10-05T13:51:05,nodeGcor2,3.11.9,unknown,13155631,2052,142,1,1,0.9594592452049255,lime,attribution,10,142,0.358139485763079,0.51,0.49213825243286147,1.0,0.8181818181818182,10,10,0.6666666666666666,0.23874617973342538,thought|this|very|good|series|times|kill|definitely|it.|world.
text,1,2026-10-05T13:51:05,nodeGcor2,3.11.9,unknown,13155631,2052,142,1,1,0.9594592452049255,random,attribution,10,142,0.11166427647790232,0.4,0.3150394241862753,0.0327485380116959,0.0,10,10,0.1111111111111111,1.2887176126241684e-05,I|and|I|go|will|and|a|man|to|move
text,1,2026-10-05T13:51:05,nodeGcor2,3.11.9,unknown,13155631,2065,129,0,0,0.9949788451194763,integrated_gradients,attribution,10,129,0.15875462582313818,0.72,0.622312030312079,0.8939393939393939,0.6666666666666666,10,10,1.0,0.05616177339106798,German|acting|poor|amateurish.......!|German|very|poor|diabolic|waste|time!
text,1,2026-10-05T13:51:05,nodeGcor2,3.11.9,unknown,13155631,2065,129,0,0,0.9949788451194763,lime,attribution,10,129,0.34130141571529343,0.87,0.5374717529931509,0.9636363636363636,0.5384615384615384,10,10,0.6666666666666666,0.37136091385036707,German|mess|acting|poor|poor|reason:|diabolic|waste|of|time!
text,1,2026-10-05T13:51:05,nodeGcor2,3.11.9,unknown,13155631,2065,129,0,0,0.9949788451194763,random,attribution,10,129,0.031527993062950135,0.63,0.34487659325772824,0.03859649122807017,0.0,10,10,0.05263157894736842,1.9677914679050446e-05,broadcast|mess|acting|screen|blue|German|languages|productions|much|NOT
text,1,2026-10-05T13:51:05,nodeGcor2,3.11.9,unknown,13155631,2300,105,1,1,0.9947493672370911,integrated_gradients,attribution,10,105,0.325526772673822,0.71,0.6157028064585195,0.9818181818181818,1.0,10,10,1.0,0.04897419083863497,a|very|very|very|very|good|way.The|brilliant|score|liked.Great
text,1,2026-10-05T13:51:05,nodeGcor2,3.11.9,unknown,13155631,2300,105,1,1,0.9947493672370911,lime,attribution,10,105,0.45237620306636805,0.68,0.5276281136792927,0.8727272727272728,0.6666666666666666,10,10,0.5384615384615384,0.19206123100593686,but|very|good|way.The|songs|brilliant|well|really|liked.Great|defiantly
text,1,2026-10-05T13:51:05,nodeGcor2,3.11.9,unknown,13155631,2300,105,1,1,0.9947493672370911,random,attribution,10,105,0.008697100656864874,0.5,0.3237929812046345,0.07203302373581011,0.0,10,10,0.1111111111111111,2.0967796444892883e-05,puts|film|laugh|doing|on'|songs|well|everyone|10/10|Robin
text,1,2026-10-05T13:51:05,nodeGcor2,3.11.9,unknown,13155631,2310,126,1,1,0.9965503215789795,integrated_gradients,attribution,10,126,0.001910541923305585,0.56,0.5119429138074624,0.9272727272727274,0.6666666666666666,10,10,1.0,0.0604343730956316,favorite|very|positive|great|type|inspiring|well-written|drama.|bad|DVD!
text,1,2026-10-05T13:51:05,nodeGcor2,3.11.9,unknown,13155631,2310,126,1,1,0.9965503215789795,lime,attribution,10,126,0.00136608263244841,0.53,0.4124769400077045,0.9666666666666666,0.5384615384615384,10,10,0.1111111111111111,0.26574304793030024,"seasons!!!|it|the|a|inspiring|truthful|beautiful|well-written|enjoy|crudeness,"
text,1,2026-10-05T13:51:05,nodeGcor2,3.11.9,unknown,13155631,2310,126,1,1,0.9965503215789795,random,attribution,10,126,0.0005830373686999607,0.47,0.29379538475598965,0.049707602339181284,0.0,10,10,0.05263157894736842,1.2589618563652039e-05,"we|The|Land""|positive|that|""God|scenery,|entire|episode|again"
text,1,2026-10-05T13:51:05,nodeGcor2,3.11.9,unknown,13155631,2553,153,0,0,0.996364176273346,integrated_gradients,attribution,10,153,0.06053265520542118,0.73,0.44366125952416047,0.9818181818181818,0.8181818181818182,10,10,1.0,0.06096731033176184,movie|waste|minutes.|up!|old?|**Spoiler**|creeped|movie|complete|waste
text,1,2026-10-05T13:51:05,nodeGcor2,3.11.9,unknown,13155631,2553,153,0,0,0.996364176273346,lime,attribution,10,153,0.2784366821751596,0.74,0.4953961715261034,0.9818181818181818,0.6666666666666666,10,10,0.5384615384615384,0.2601226633414626,to|complete|waste|minutes.|movie|to|stupid|complete|waste|of
text,1,2026-10-05T13:51:05,nodeGcor2,3.11.9,unknown,13155631,2553,153,0,0,0.996364176273346,random,attribution,10,153,0.0011982376156040569,0.54,0.33339234473187274,0.038011695906432746,0.0,10,10,0.05263157894736842,1.3141892850399017e-05,"jones|to|17|too,|moore|always|that|stupid|and|a"
text,1,2026-10-05T13:51:05,nodeGcor2,3.11.9,unknown,13155631,2728,91,0,0,0.9951702952384949,integrated_gradients,attribution,10,91,0.18831569148093513,0.65,0.5317237844278551,0.9818181818181818,0.6666666666666666,10,10,1.0,0.038155735936015844,is|this|travesty|I|movie|movie|poorly|casting|characters|didn't
text,1,2026-10-05T13:51:05,nodeGcor2,3.11.9,unknown,13155631,2728,91,0,0,0.9951702952384949,lime,attribution,10,91,0.31289233883161466,0.75,0.5403486372276232,0.9636363636363636,0.6666666666666666,10,10,0.5384615384615384,0.1834727330133319,"Obviously,|this|travesty|sat|It|poorly|effort|characters|obviously|didn't"
text,1,2026-10-05T13:51:05,nodeGcor2,3.11.9,unknown,13155631,2728,91,0,0,0.9951702952384949,random,attribution,10,91,0.011284792150447285,0.48,0.330662380631496,0.12984176126590988,0.0,10,10,0.05263157894736842,1.1979136615991592e-05,reputable|the|person|who|not|to|appeal|the|minutes|of
text,1,2026-10-05T13:51:05,nodeGcor2,3.11.9,unknown,13155631,2990,106,1,1,0.9941232800483704,integrated_gradients,attribution,10,106,0.12053964173656803,0.61,0.5948552712379211,1.0,1.0,10,10,1.0,0.05009695887565613,"entertaining|minutes,|fine.|cinematography|careful|precise.|light,|very|amusing|moments."
text,1,2026-10-05T13:51:05,nodeGcor2,3.11.9,unknown,13155631,2990,106,1,1,0.9941232800483704,lime,attribution,10,106,0.07499372999722219,0.59,0.4921092697367454,0.9636363636363636,0.8181818181818182,10,10,0.8181818181818182,0.20286335470154881,this|disappointed.|But|entertaining|fine.|precise.|honest|very|amusing|moments.
text,1,2026-10-05T13:51:05,nodeGcor2,3.11.9,unknown,13155631,2990,106,1,1,0.9941232800483704,random,attribution,10,106,0.01090845580099218,0.44,0.36048639562760953,0.06023391812865497,0.0,10,10,0.05263157894736842,1.172209158539772e-05,meets|groundbreaking|this|fine.|which|comment|lovable|movie|an|And
text,1,2026-10-05T13:51:05,nodeGcor2,3.11.9,unknown,13155631,3090,111,1,1,0.9938070178031921,integrated_gradients,attribution,10,111,0.06659347586247846,0.67,0.5835382474701158,0.9636363636363636,0.8181818181818182,10,10,1.0,0.053257282823324203,"brilliant.|strong.|cast|perfectly,|fantastic|Great|episode|thrilling,|suspenseful|didn't"
text,1,2026-10-05T13:51:05,nodeGcor2,3.11.9,unknown,13155631,3090,111,1,1,0.9938070178031921,lime,attribution,10,111,0.08878372417242762,0.71,0.5572748829195491,1.0,0.8181818181818182,10,10,0.42857142857142855,0.21467780880630016,"brilliant.|needed|fantastic|Great|episode|thrilling,|suspenseful|failed|good,|better"
text,1,2026-10-05T13:51:05,nodeGcor2,3.11.9,unknown,13155631,3090,111,1,1,0.9938070178031921,random,attribution,10,111,0.005897327556037896,0.44,0.33617097278874686,0.0674578603371173,0.0,10,10,0.1111111111111111,1.1443626135587692e-05,"Okay,|It|needed|was|job|was|what|but|remember|better"
text,1,2026-10-05T13:51:05,nodeGcor2,3.11.9,unknown,13155631,3168,95,0,0,0.9963286519050598,integrated_gradients,attribution,10,95,0.44204920654757607,0.79,0.5969207602263367,1.0,0.8181818181818182,10,10,1.0,0.047444132156670094,movie|serial|terrible|acting|actors.|bad|actors|waste|time.|movie.
text,1,2026-10-05T13:51:05,nodeGcor2,3.11.9,unknown,13155631,3168,95,0,0,0.9963286519050598,lime,attribution,10,95,0.41873329145234867,0.85,0.5724623780321936,0.9121212121212121,0.6666666666666666,10,10,0.6666666666666666,0.18881417904049158,terrible|acting|actors.|bad|actors|this|waste|of|time.|movie.
text,1,2026-10-05T13:51:05,nodeGcor2,3.11.9,unknown,13155631,3168,95,0,0,0.9963286519050598,random,attribution,10,95,0.054768291288729266,0.56,0.33529407673786427,0.04912280701754386,0.0,10,10,0.0,1.2143049389123917e-05,one|troubles|his|the|acting|by|I|waste|time.|watch
text,1,2026-10-05T13:51:05,nodeGcor2,3.11.9,unknown,13155631,3637,186,0,0,0.996882438659668,integrated_gradients,attribution,10,186,0.12073008216724847,0.63,0.5558234923918661,1.0,0.6666666666666666,10,10,1.0,0.06678125634789467,wretched|film.|problem|quite|hollow.|great|wretched|terribly|bomb|film.
text,1,2026-10-05T13:51:05,nodeGcor2,3.11.9,unknown,13155631,3637,186,0,0,0.996882438659668,lime,attribution,10,186,0.05370228554864743,0.81,0.47244609704351304,0.9636363636363636,0.8181818181818182,10,10,0.6666666666666666,0.4149633147753775,this|wretched|film.|awful|problem|wretched|writing|terribly|corny.|plot
text,1,2026-10-05T13:51:05,nodeGcor2,3.11.9,unknown,13155631,3637,186,0,0,0.996882438659668,random,attribution,10,186,0.0022325976961792087,0.51,0.3061709072860621,0.038011695906432746,0.0,10,10,0.05263157894736842,1.3571232557296753e-05,other|didn't|end|Ameche|with|Some|and|being|parts.|shine.
text,1,2026-10-05T13:51:05,nodeGcor2,3.11.9,unknown,13155631,3674,114,1,1,0.9951230883598328,integrated_gradients,attribution,10,114,0.006686035280986164,0.64,0.6581300902576108,0.9454545454545455,0.6666666666666666,10,10,1.0,0.055247291922569275,enjoyed|atmosphere|is|awesome|original|entertaining.|low-budget|recommend|a|classic!!
text,1,2026-10-05T13:51:05,nodeGcor2,3.11.9,unknown,13155631,3674,114,1,1,0.9951230883598328,lime,attribution,10,114,0.03448633590280434,0.76,0.46778185875200984,0.9636363636363636,0.8181818181818182,10,10,0.42857142857142855,0.25555435102432966,enjoyed|it.|atmosphere|awesome|entertaining.|RV|these|gem.|such|classic!!
text,1,2026-10-05T13:51:05,nodeGcor2,3.11.9,unknown,13155631,3674,114,1,1,0.9951230883598328,random,attribution,10,114,0.002466728100772698,0.49,0.29423132728682677,0.04269005847953216,0.0,10,10,0.0,1.4460179954767227e-05,grandmother|when|always|scary|then|awesome|entertaining.|The|flick.|strange
text,1,2026-10-05T13:51:05,nodeGcor2,3.11.9,unknown,13155631,3696,160,0,0,0.9945307374000549,integrated_gradients,attribution,10,160,0.2297561283457804,0.89,0.5982701329911999,1.0,0.8181818181818182,10,10,1.0,0.0655621481128037,1990's|wonderful|waste|movie.|Awful|awful|awful.|awful.|this|movie.
text,1,2026-10-05T13:51:05,nodeGcor2,3.11.9,unknown,13155631,3696,160,0,0,0.9945307374000549,lime,attribution,10,160,0.3618816673705731,0.94,0.5105749425927706,0.8818181818181818,0.5384615384615384,10,10,0.42857142857142855,0.3863549721427262,technical|have|my|this|movie.|Awful|awful|awful.|awful.|movie.
text,1,2026-10-05T13:51:05,nodeGcor2,3.11.9,unknown,13155631,3696,160,0,0,0.9945307374000549,random,attribution,10,160,0.001282733820236389,0.5,0.3501253495176849,0.0577485380116959,0.0,10,10,0.1111111111111111,1.3438984751701355e-05,in|degree|programs.|Netflix|waste|your|time|50%|movie.|They
text,1,2026-10-05T13:51:05,nodeGcor2,3.11.9,unknown,13155631,3822,158,0,0,0.9939847588539124,integrated_gradients,attribution,10,158,0.04882870579721625,0.49,0.51051865351988,0.9818181818181818,0.6666666666666666,10,10,1.0,0.06555025791749358,"""Clubbed""|1980's.|issues.|film|self-loathing,|drug-deals,|hastily|bland|hardly|""Clubbed""."
text,1,2026-10-05T13:51:05,nodeGcor2,3.11.9,unknown,13155631,3822,158,0,0,0.9939847588539124,lime,attribution,10,158,0.29127161743401425,0.67,0.5316155385876551,0.9272727272727274,0.42857142857142855,10,10,0.5384615384615384,0.27634351793676615,"promotions|a|gutter.|hastily|disappoint.|are|bland|repetitive,|barely|hardly"
text,1,2026-10-05T13:51:05,nodeGcor2,3.11.9,unknown,13155631,3822,158,0,0,0.9939847588539124,random,attribution,10,158,0.019741852762636694,0.53,0.34224794072807996,0.04912280701754386,0.0,10,10,0.0,1.322990283370018e-05,"promotions|identity|mainly|hastily|as|this|dancing|film|something|""Clubbed""."
text,1,2026-10-05T13:51:05,nodeGcor2,3.11.9,unknown,13155631,3854,39,0,0,0.9858003854751587,integrated_gradients,attribution,10,39,0.6496341118691056,0.96,0.6785218029864291,0.8186147186147187,0.5384615384615384,10,10,1.0,0.02654840098693967,"can't|movie|7.0!|is|fiendishly|bad|movie,|was|group|supposed"
text,1,2026-10-05T13:51:05,nodeGcor2,3.11.9,unknown,13155631,3854,39,0,0,0.9858003854751587,lime,attribution,10,39,0.5983933270953727,0.9,0.6229807176249533,0.8424242424242424,0.5384615384615384,10,10,0.8181818181818182,0.14200204517692327,"movie|rating|is|fiendishly|bad|movie,|it|when|and|supposed"
text,1,2026-10-05T13:51:05,nodeGcor2,3.11.9,unknown,13155631,3854,39,0,0,0.9858003854751587,random,attribution,10,39,0.21623282608334177,0.54,0.32416084943157153,0.14402304781561748,0.05263157894736842,10,10,0.17647058823529413,1.1103227734565735e-05,"movie|rating|is|when|new,|and|group|that|supposed|like"
text,1,2026-10-05T13:51:05,nodeGcor2,3.11.9,unknown,13155631,3863,154,1,1,0.9918121099472046,integrated_gradients,attribution,10,154,0.11085024464769686,0.61,0.6717655042904446,0.8939393939393939,0.8181818181818182,10,10,1.0,0.06615768885239959,greatest|downright|One|the|best|years|this|good|as|ever
text,1,2026-10-05T13:51:05,nodeGcor2,3.11.9,unknown,13155631,3863,154,1,1,0.9918121099472046,lime,attribution,10,154,0.021864204752856487,0.52,0.5004023106188156,0.9454545454545455,0.5384615384615384,10,10,0.5384615384615384,0.26531698694452643,greatest|range|downright|have|never|only|best|good|as|ever
text,1,2026-10-05T13:51:05,nodeGcor2,3.11.9,unknown,13155631,3863,154,1,1,0.9918121099472046,random,attribution,10,154,0.005600232117532819,0.5,0.33631458897500943,0.03742690058479532,0.0,10,10,0.05263157894736842,1.3665296137332916e-05,this|the|far|is|as|well|homicidal|only|As|good
text,1,2026-10-05T13:51:05,nodeGcor2,3.11.9,unknown,13155631,4095,81,1,1,0.9965837001800537,integrated_gradients,attribution,10,81,0.19915597581325248,0.72,0.5876214399757009,0.8575757575757577,0.5384615384615384,10,10,1.0,0.03815282415598631,A|wonderful|film|difficult|another.|Beautifully|and|claims|Fun|film
text,1,2026-10-05T13:51:05,nodeGcor2,3.11.9,unknown,13155631,4095,81,1,1,0.9965837001800537,lime,attribution,10,81,0.2431323153846614,0.74,0.5212974890678723,0.8939393939393939,0.5384615384615384,10,10,0.5384615384615384,0.1794254961423576,wonderful|whose|more.|how|another.|Beautifully|be.|Fun|very|and
text,1,2026-10-05T13:51:05,nodeGcor2,3.11.9,unknown,13155631,4095,81,1,1,0.9965837001800537,random,attribution,10,81,0.053313955227004946,0.56,0.27563799155807234,0.07798417612659099,0.0,10,10,0.1111111111111111,1.2907199561595917e-05,wonderful|Powell|work|as|real|the|another.|years|claims|very
text,1,2026-10-05T13:51:05,nodeGcor2,3.11.9,unknown,13155631,4625,176,1,1,0.9650862812995911,integrated_gradients,attribution,10,176,0.44470971458350794,0.57,0.6182009500446688,0.8939393939393939,0.6666666666666666,10,10,1.0,0.08135423297062516,"irony|Joy,|no|joy|it's|still|that|recommend|everyone.|1999,"
text,1,2026-10-05T13:51:05,nodeGcor2,3.11.9,unknown,13155631,4625,176,1,1,0.9650862812995911,lime,attribution,10,176,0.18833550598059062,0.54,0.5379914273943615,0.9090909090909092,0.8181818181818182,10,10,0.6666666666666666,0.3247603150084615,"loser|movie.|no|if|intended,|it's|still|movie|that|everyone."
text,1,2026-10-05T13:51:05,nodeGcor2,3.11.9,unknown,13155631,4625,176,1,1,0.9650862812995911,random,attribution,10,176,0.21340075487937746,0.57,0.33436185933756146,0.022910216718266256,0.0,10,10,0.0,1.2312084436416626e-05,"side|""Poor|a|in|(Terence|Joy|intended,|""Colors""|Stamp|were"
text,1,2026-10-05T13:51:05,nodeGcor2,3.11.9,unknown,13155631,4626,122,1,1,0.875893235206604,integrated_gradients,attribution,10,122,0.3607934644659256,0.48,0.5628935778506734,0.8242424242424242,0.6666666666666666,10,10,1.0,0.055716649163514376,"this|was|record|If,|flicks|glut|enjoy|When|genre,|kill,"
text,1,2026-10-05T13:51:05,nodeGcor2,3.11.9,unknown,13155631,4626,122,1,1,0.875893235206604,lime,attribution,10,122,0.32794015671943955,0.52,0.46827844690620346,0.9484848484848485,0.8181818181818182,10,10,0.5384615384615384,0.14130029501393437,"one|and|it|good|me|record|enjoy|this.|not|kill,"
text,1,2026-10-05T13:51:05,nodeGcor2,3.11.9,unknown,13155631,4626,122,1,1,0.875893235206604,random,attribution,10,122,0.09451754162115815,0.57,0.32719964544729074,0.043859649122807015,0.0,10,10,0.05263157894736842,2.5556888431310654e-05,"this.|the|turns|in|in|one,|comes|have|I|I'd"
text,1,2026-10-05T13:51:05,nodeGcor2,3.11.9,unknown,13155631,4645,162,1,1,0.9964687824249268,integrated_gradients,attribution,10,162,0.007250281314025409,0.69,0.6608448828044063,1.0,0.8181818181818182,10,10,1.0,0.06418373994529247,"extremely|very|touching,|refreshingly|a|good|film,|a|touching|well"
text,1,2026-10-05T13:51:05,nodeGcor2,3.11.9,unknown,13155631,4645,162,1,1,0.9964687824249268,lime,attribution,10,162,0.0035202236252100433,0.54,0.451893577351445,0.8575757575757577,0.25,10,10,0.17647058823529413,0.2712649991735816,"touching,|mid-western|side|refreshingly|approach|ages|a|a|touching|well"
text,1,2026-10-05T13:51:05,nodeGcor2,3.11.9,unknown,13155631,4645,162,1,1,0.9964687824249268,random,attribution,10,162,0.0007360940669119436,0.46,0.30613339330725187,0.026900584795321637,0.0,10,10,0.1111111111111111,1.2896023690700531e-05,but|sent|on|taking|a|it|is|one|a|film
text,1,2026-10-05T13:51:05,nodeGcor2,3.11.9,unknown,13155631,4741,116,1,1,0.995969295501709,integrated_gradients,attribution,10,116,0.029614846370874883,0.77,0.5309547386980733,0.9636363636363636,0.8181818181818182,10,10,1.0,0.05529276328161359,wonderful|excellent.|excellent|its|best.|realistic|Bhave's|humanism|shines|through.
text,1,2026-10-05T13:51:05,nodeGcor2,3.11.9,unknown,13155631,4741,116,1,1,0.995969295501709,lime,attribution,10,116,0.04658108947244194,0.71,0.43117343444663647,0.9818181818181818,0.8181818181818182,10,10,0.3333333333333333,0.17712353775277734,wonderful|movie|excellent.|cinema|best.|realistic|its|deserves|recommend.|shines
text,1,2026-10-05T13:51:05,nodeGcor2,3.11.9,unknown,13155631,4741,116,1,1,0.995969295501709,random,attribution,10,116,0.007824308337390883,0.48,0.35451775478521064,0.04981080151358789,0.0,10,10,0.05263157894736842,1.2279953807592392e-05,movie|Renuka|is|of|movie|but|from|its|that|concern
text,1,2026-10-05T13:51:05,nodeGcor2,3.11.9,unknown,13155631,4806,135,0,0,0.9958011507987976,integrated_gradients,attribution,10,135,0.03277748883970457,0.57,0.4166568288366064,0.9454545454545455,0.6666666666666666,10,10,1.0,0.057445839047431946,"disjointed,|serial|movie.|movie|clumsily|going|nowhere|Very|disappointing|eighties,"
text,1,2026-10-05T13:51:05,nodeGcor2,3.11.9,unknown,13155631,4806,135,0,0,0.9958011507987976,lime,attribution,10,135,0.06892480898912183,0.56,0.45356149561910675,0.915151515151515,0.6666666666666666,10,10,0.3333333333333333,0.3571555339731276,"disjointed,|acting|movie|tried|Plot|clumsily|arc|nowhere|disappointing|eighties,"
text,1,2026-10-05T13:51:05,nodeGcor2,3.11.9,unknown,13155631,4806,135,0,0,0.9958011507987976,random,attribution,10,135,0.00153787946216537,0.46,0.3376505844470813,0.04912280701754386,0.0,10,10,0.05263157894736842,1.1884141713380814e-05,The|you|a|anything|it|absent|the|of|to|an
text,1,2026-10-05T13:51:05,nodeGcor2,3.11.9,unknown,13155631,4854,155,1,1,0.9966495633125305,integrated_gradients,attribution,10,155,0.027916444017569517,0.55,0.6588533190896213,0.9538461538461538,0.6666666666666666,10,10,1.0,0.06639281520619988,Film|a|haunting|of|excellent|very|surprising.|wonderful|Highly|recommended.
text,1,2026-10-05T13:51:05,nodeGcor2,3.11.9,unknown,13155631,4854,155,1,1,0.9966495633125305,lime,attribution,10,155,0.032034438121392825,0.6,0.485941308946398,1.0,0.6666666666666666,10,10,0.5384615384615384,0.29876456735655665,immensely|haunting|longing|Bobulova|excellent|surprising.|wonderful|emotional|complex.|Highly
text,1,2026-10-05T13:51:05,nodeGcor2,3.11.9,unknown,13155631,4854,155,1,1,0.9966495633125305,random,attribution,10,155,0.0021365940623784274,0.45,0.3157637631005539,0.05380116959064327,0.0,10,10,0.0,1.2218020856380463e-05,We|we|and|the|movies|devalue|to|see|a|younger
text,1,2026-10-05T13:51:05,nodeGcor2,3.11.9,unknown,13155631,4918,131,0,0,0.9959140419960022,integrated_gradients,attribution,10,131,0.06591496089005315,0.67,0.4523652945751977,0.9272727272727274,0.8181818181818182,10,10,1.0,0.056206146720796824,film|trying|wasn't|bereft|utter|waste|movie|amateurish|screen|slack-jawed
text,1,2026-10-05T13:51:05,nodeGcor2,3.11.9,unknown,13155631,4918,131,0,0,0.9959140419960022,lime,attribution,10,131,0.08929570375610499,0.7,0.5281159237979571,0.9666666666666666,0.42857142857142855,10,10,0.3333333333333333,0.3589868857525289,trying|wasn't|amazingly|bereft|confirms|waste|movie|screen|slack-jawed|terrible
text,1,2026-10-05T13:51:05,nodeGcor2,3.11.9,unknown,13155631,4918,131,0,0,0.9959140419960022,random,attribution,10,131,0.006865599376132085,0.57,0.353693498557204,0.05964912280701753,0.0,10,10,0.1111111111111111,1.3856682926416397e-05,"folks|comedy,|since|to|melodrama|it|""twist""|what|be|terrible"
text,1,2026-10-05T13:51:05,nodeGcor2,3.11.9,unknown,13155631,4919,53,1,1,0.9946980476379395,integrated_gradients,attribution,10,53,0.4518686305537832,0.81,0.5827740491171053,0.8727272727272728,0.6666666666666666,10,10,1.0,0.033412064891308546,funniest|movies|ever|seen.|best.|film|low|love|definitely|worth
text,1,2026-10-05T13:51:05,nodeGcor2,3.11.9,unknown,13155631,4919,53,1,1,0.9946980476379395,lime,attribution,10,53,0.5004105579825439,0.78,0.543584406552152,0.9454545454545455,0.6666666666666666,10,10,0.6666666666666666,0.1542659867554903,This|one|funniest|ever|seen.|best.|film|love|definitely|worth
text,1,2026-10-05T13:51:05,nodeGcor2,3.11.9,unknown,13155631,4919,53,1,1,0.9946980476379395,random,attribution,10,53,0.032979463891510824,0.46,0.3231369222480014,0.11994324045407637,0.0,10,10,0.25,1.9894912838935852e-05,"I|have|ever|This,|is|Rob|at|it,|it|is"
text,1,2026-10-05T13:51:05,nodeGcor2,3.11.9,unknown,13155631,5031,146,0,0,0.9765800833702087,integrated_gradients,attribution,10,146,0.21902016534736465,0.6,0.5424525216983147,0.9121212121212121,0.5384615384615384,10,10,1.0,0.06659504165872931,jarring|of|really|chases|Stefano|acting|marvel|bland|little|film.
text,1,2026-10-05T13:51:05,nodeGcor2,3.11.9,unknown,13155631,5031,146,0,0,0.9765800833702087,lime,attribution,10,146,0.07365455761141997,0.51,0.49216797861619443,0.8841491841491841,0.6666666666666666,10,10,0.6666666666666666,0.22107743006199598,jarring|really|expert|chases|marvel|of|bland|little|to|film.
text,1,2026-10-05T13:51:05,nodeGcor2,3.11.9,unknown,13155631,5031,146,0,0,0.9765800833702087,random,attribution,10,146,0.10424732953111501,0.63,0.31941940805869684,0.05624355005159959,0.0,10,10,0.05263157894736842,2.5830697268247604e-05,L'Ennui|is|plodding|attempts|reminds|of|a|deer|comes|mainly
text,1,2026-10-05T13:51:05,nodeGcor2,3.11.9,unknown,13155631,5090,140,1,1,0.9939730763435364,integrated_gradients,attribution,10,140,0.08313645977557943,0.58,0.5874802442151976,0.9454545454545455,0.8181818181818182,10,10,1.0,0.05642023356631398,is|the|best|movie|of|genre.|teams?|quite|graphic|genre.
text,1,2026-10-05T13:51:05,nodeGcor2,3.11.9,unknown,13155631,5090,140,1,1,0.9939730763435364,lime,attribution,10,140,0.1894829013088851,0.42,0.5147156877293482,0.9636363636363636,0.6666666666666666,10,10,0.6666666666666666,0.3649684377014637,best|movie|genre.|quite|that|badpuppy.com.|emotional|journey|intense|realistic
text,1,2026-10-05T13:51:05,nodeGcor2,3.11.9,unknown,13155631,5090,140,1,1,0.9939730763435364,random,attribution,10,140,0.009454668090580647,0.48,0.30725378815526105,0.049810801513587896,0.0,10,10,0.05263157894736842,1.2387987226247787e-05,and|baseball|material|of|passion|people|realistic|in|I|have
text,1,2026-10-05T13:51:05,nodeGcor2,3.11.9,unknown,13155631,5102,178,1,1,0.9898303151130676,integrated_gradients,attribution,10,178,0.4845051036043086,0.63,0.6146557588296845,0.8787878787878787,0.6666666666666666,10,10,1.0,0.06578999012708664,Kafkaesque|thriller|well|Polanski|performs|enjoy|including|fine|performance|gorgeous
text,1,2026-10-05T13:51:05,nodeGcor2,3.11.9,unknown,13155631,5102,178,1,1,0.9898303151130676,lime,attribution,10,178,0.5176835747865742,0.67,0.5226273393975461,0.9636363636363636,0.6666666666666666,10,10,0.8181818181818182,0.41101530101150274,A|thriller|paranoia.|Extremely|well|performs|enjoy|fine|performance|gorgeous
text,1,2026-10-05T13:51:05,nodeGcor2,3.11.9,unknown,13155631,5102,178,1,1,0.9898303151130676,random,attribution,10,178,0.010032639438411133,0.46,0.328438117666789,0.021052631578947368,0.0,10,10,0.0,1.4303717762231827e-05,Kafkaesque|to|tenants|he|theatrical|maybe|not|is|Winters|as
text,1,2026-10-05T13:51:05,nodeGcor2,3.11.9,unknown,13155631,5275,125,0,0,0.9967013001441956,integrated_gradients,attribution,10,125,0.27190100056375266,0.79,0.4917937024477228,1.0,0.8181818181818182,10,10,1.0,0.05590443918481469,"movie|god-awful.|theaters|horrible,|script|weak,|acting|painful.|moneys|disappointed."
text,1,2026-10-05T13:51:05,nodeGcor2,3.11.9,unknown,13155631,5275,125,0,0,0.9967013001441956,lime,attribution,10,125,0.0747453350470967,0.8,0.5412446644012122,0.9272727272727274,0.6666666666666666,10,10,0.5384615384615384,0.15270177414640784,"movie|was|god-awful.|somehow|script|weak,|acting|painful.|disappointed.|growing"
text,1,2026-10-05T13:51:05,nodeGcor2,3.11.9,unknown,13155631,5275,125,0,0,0.9967013001441956,random,attribution,10,125,0.008303675072762483,0.62,0.31285921993821264,0.047953216374269005,0.0,10,10,0.1111111111111111,1.2422911822795868e-05,numbers|god-awful.|expecting|and|The|hair|just|super|Jenny|friend
text,1,2026-10-05T13:51:05,nodeGcor2,3.11.9,unknown,13155631,5346,104,1,1,0.9949788451194763,integrated_gradients,attribution,10,104,0.09466227559796861,0.55,0.5708547224366365,0.8841491841491841,0.6666666666666666,10,10,1.0,0.05362752079963684,"worth|humorous.|character|heroic|honest.|didn't|film,|glad|nonetheless.|worth"
text,1,2026-10-05T13:51:05,nodeGcor2,3.11.9,unknown,13155631,5346,104,1,1,0.9949788451194763,lime,attribution,10,104,0.2871497740816122,0.61,0.4690417210910156,0.9272727272727274,0.6666666666666666,10,10,0.6666666666666666,0.20489452499896288,don't|worth|also|humorous.|heroic|honest.|definitely|but|glad|worth
text,1,2026-10-05T13:51:05,nodeGcor2,3.11.9,unknown,13155631,5346,104,1,1,0.9949788451194763,random,attribution,10,104,0.004431984113077507,0.46,0.29569074697818987,0.03742690058479532,0.0,10,10,0.1111111111111111,1.2824777513742447e-05,"for|time.|serious,|heroic|what,|your|just|he|didn't|It's"
text,1,2026-10-05T13:51:05,nodeGcor2,3.11.9,unknown,13155631,5356,56,1,1,0.9941347241401672,integrated_gradients,attribution,10,56,0.3331833026726782,0.8,0.6016995986772272,0.9818181818181818,0.6666666666666666,10,10,1.0,0.03370390273630619,It|a|very|pleasant|surprise.|The|cast|excellent|credible|touching
text,1,2026-10-05T13:51:05,nodeGcor2,3.11.9,unknown,13155631,5356,56,1,1,0.9941347241401672,lime,attribution,10,56,0.30836582915103133,0.76,0.5286036257524188,0.8969696969696969,0.5384615384615384,10,10,0.8181818181818182,0.15475512389093637,nothing|movie|It|very|pleasant|surprise.|excellent|romantic|sweet|touching
text,1,2026-10-05T13:51:05,nodeGcor2,3.11.9,unknown,13155631,5356,56,1,1,0.9941347241401672,random,attribution,10,56,0.010823252230239645,0.64,0.2702671562799487,0.08464912280701756,0.05263157894736842,10,10,0.17647058823529413,1.1617317795753479e-05,to|chanced|I|care|He|a|credible|is|sweet|coming
text,1,2026-10-05T13:51:05,nodeGcor2,3.11.9,unknown,13155631,5372,77,0,0,0.9929609894752502,integrated_gradients,attribution,10,77,0.26144494658511697,0.57,0.6125104490020876,0.9454545454545455,0.8181818181818182,10,10,1.0,0.03813155088573694,"best|movies|ever..but|i'm|nothing|great!,|acting|nothing|real|standing,"
text,1,2026-10-05T13:51:05,nodeGcor2,3.11.9,unknown,13155631,5372,77,0,0,0.9929609894752502,lime,attribution,10,77,0.5851710003186843,0.6,0.5179544369116165,0.8363636363636365,0.6666666666666666,10,10,0.42857142857142855,0.1786874895915389,ok|some|calling|best|i'm|sitting|hell|nothing|acting|nothing
text,1,2026-10-05T13:51:05,nodeGcor2,3.11.9,unknown,13155631,5372,77,0,0,0.9929609894752502,random,attribution,10,77,0.04378688407389562,0.45,0.3011527738154468,0.07144822841417268,0.0,10,10,0.0,1.2177042663097382e-05,one|the|sux{|which|the|want|a|say|like|it
text,1,2026-10-05T13:51:05,nodeGcor2,3.11.9,unknown,13155631,5382,202,0,0,0.9953994154930115,integrated_gradients,attribution,10,202,0.00866201984894519,0.71,0.47604540946708185,0.9090909090909092,0.6666666666666666,10,10,1.0,0.0839749937877059,movie|doesn't|worse|movie|so|awful|awful|crap.|crappy|movies.
text,1,2026-10-05T13:51:05,nodeGcor2,3.11.9,unknown,13155631,5382,202,0,0,0.9953994154930115,lime,attribution,10,202,0.03583993347078218,0.71,0.4619988113169855,0.9090909090909092,0.6666666666666666,10,10,0.17647058823529413,0.4295656690374017,"hated|predictable,|worse|team.|whole|predictable|This|awful|awful|crappy"
text,1,2026-10-05T13:51:05,nodeGcor2,3.11.9,unknown,13155631,5382,202,0,0,0.9953994154930115,random,attribution,10,202,0.00045203508903666106,0.46,0.318933813589364,0.02631578947368421,0.0,10,10,0.0,1.364387571811676e-05,"rip|The|her.|the|choice,|must|real|and|headache|and"
text,1,2026-10-05T13:51:05,nodeGcor2,3.11.9,unknown,13155631,5489,34,1,1,0.9955403208732605,integrated_gradients,attribution,10,34,0.4683390016820941,0.93,0.5891348647181327,0.9454545454545455,0.8181818181818182,10,10,1.0,0.02612509299069643,film|it|a|truly|wonderful|film.|fantastic|lovely|Beautiful|film.
text,1,2026-10-05T13:51:05,nodeGcor2,3.11.9,unknown,13155631,5489,34,1,1,0.9955403208732605,lime,attribution,10,34,0.5053159142745696,0.95,0.5229947170314526,0.9454545454545455,0.6666666666666666,10,10,0.8181818181818182,0.13654266810044646,it|truly|wonderful|film.|absolutely|fantastic|lovely|film.|Beautiful|film.
text,1,2026-10-05T13:51:05,nodeGcor2,3.11.9,unknown,13155631,5489,34,1,1,0.9955403208732605,random,attribution,10,34,0.032979222440853544,0.71,0.3646450016359991,0.19640522875816993,0.05263157894736842,10,10,0.17647058823529413,1.1047814041376114e-05,I|to|film|except|a|truly|Portman|this|lovely|Beautiful
text,1,2026-10-05T13:51:05,nodeGcor2,3.11.9,unknown,13155631,5539,147,1,1,0.9957103729248047,integrated_gradients,attribution,10,147,0.0172556552288239,0.9,0.7218144294288913,0.9636363636363636,0.8181818181818182,10,10,1.0,0.06157326838001609,"excellent|movie,|one|of|the|best|seen.|Touching|beautiful.|happiness."
text,1,2026-10-05T13:51:05,nodeGcor2,3.11.9,unknown,13155631,5539,147,1,1,0.9957103729248047,lime,attribution,10,147,0.011302496077879238,0.79,0.47314798899370825,0.9090909090909092,0.8181818181818182,10,10,0.42857142857142855,0.37497732089832425,"really|excellent|movie,|seen.|beautiful.|loved|hard,|true|happiness.|Great"
text,1,2026-10-05T13:51:05,nodeGcor2,3.11.9,unknown,13155631,5539,147,1,1,0.9957103729248047,random,attribution,10,147,0.0002943985027938526,0.58,0.3362045572821484,0.04396284829721363,0.0,10,10,0.0,1.3273674994707108e-05,like|it's|everyone|that|do|let|feeling|nice|italians'|life...
text,1,2026-10-05T13:51:05,nodeGcor2,3.11.9,unknown,13155631,5579,99,1,1,0.9932156205177307,integrated_gradients,attribution,10,99,0.5617857059483624,0.68,0.6642522521102591,0.9454545454545455,0.8181818181818182,10,10,1.0,0.05082228174433112,This|a|great|movie!|but|acting|excellent|good|without|bucks
text,1,2026-10-05T13:51:05,nodeGcor2,3.11.9,unknown,13155631,5579,99,1,1,0.9932156205177307,lime,attribution,10,99,0.639538208094834,0.69,0.5464813937235059,0.8575757575757577,0.6666666666666666,10,10,0.42857142857142855,0.20396868605166674,"This|a|great|movie!|seen|Park,|but|more,|excellent|good"
text,1,2026-10-05T13:51:05,nodeGcor2,3.11.9,unknown,13155631,5579,99,1,1,0.9932156205177307,random,attribution,10,99,0.007941599889050207,0.55,0.29148239641317186,0.04454764361885105,0.0,10,10,0.05263157894736842,1.312699168920517e-05,"Chaos|wings,|least|don't|believe|etc,|you|further|and|zillion"
text,1,2026-10-05T13:51:05,nodeGcor2,3.11.9,unknown,13155631,5603,43,1,1,0.9961456060409546,integrated_gradients,attribution,10,43,0.18176083242832483,0.85,0.5770718037249829,0.9121212121212121,0.8181818181818182,10,10,1.0,0.03371321316808462,one|very|best|films|today.|soundtrack|absolutely|amazing...|must|see!
text,1,2026-10-05T13:51:05,nodeGcor2,3.11.9,unknown,13155631,5603,43,1,1,0.9961456060409546,lime,attribution,10,43,0.1492574143383266,0.77,0.4401504734018945,0.9303030303030303,0.6666666666666666,10,10,0.5384615384615384,0.14736918080598116,one|of|very|best|films|ages...|soundtrack|amazing...|must|see!
text,1,2026-10-05T13:51:05,nodeGcor2,3.11.9,unknown,13155631,5603,43,1,1,0.9961456060409546,random,attribution,10,43,0.005116035554119509,0.6,0.2964378572391786,0.12637598899208807,0.0,10,10,0.1111111111111111,1.079728826880455e-05,films|it's|right|with|likes|It|just|today.|The|Pete
text,1,2026-10-05T13:51:05,nodeGcor2,3.11.9,unknown,13155631,5698,56,1,1,0.9936240911483765,integrated_gradients,attribution,10,56,0.5629168579755812,0.84,0.5718872333743812,0.9272727272727274,0.8181818181818182,10,10,1.0,0.033391603734344244,"wonderful|moments|most|excellent,|story,|very|well|Thoroughly|enjoyed|flick."
text,1,2026-10-05T13:51:05,nodeGcor2,3.11.9,unknown,13155631,5698,56,1,1,0.9936240911483765,lime,attribution,10,56,0.5091627622051889,0.87,0.5103220276338745,0.9272727272727274,0.8181818181818182,10,10,0.8181818181818182,0.07879145070910454,"struck|throughout.|wonderful|moments|excellent,|story,|done.|Thoroughly|enjoyed|flick."
text,1,2026-10-05T13:51:05,nodeGcor2,3.11.9,unknown,13155631,5698,56,1,1,0.9936240911483765,random,attribution,10,56,0.03150439411631958,0.66,0.2892115422817867,0.07729618163054694,0.0,10,10,0.17647058823529413,1.1806841939687729e-05,"at|is|wonderful|for|edge.|are|most|to|Superintendent,|flick."
text,1,2026-10-05T13:51:05,nodeGcor2,3.11.9,unknown,13155631,5716,139,0,0,0.9112586379051208,integrated_gradients,attribution,10,139,0.5992334833579196,0.55,0.5922364985269302,0.765967365967366,0.3333333333333333,10,10,1.0,0.06484482204541564,"hype|movie|that|different.|lovely|is,|is|convincing.|later.|case"
text,1,2026-10-05T13:51:05,nodeGcor2,3.11.9,unknown,13155631,5716,139,0,0,0.9112586379051208,lime,attribution,10,139,0.6520679459691715,0.69,0.5269851432232181,0.9090909090909092,0.42857142857142855,10,10,0.17647058823529413,0.29741930635645986,"hype|movie|Maybe|movie|1988,|never|convincing.|demonstrated|most|not"
text,1,2026-10-05T13:51:05,nodeGcor2,3.11.9,unknown,13155631,5716,139,0,0,0.9112586379051208,random,attribution,10,139,0.13614435221828233,0.55,0.3320739639370276,0.04396284829721363,0.0,10,10,0.05263157894736842,1.2135133147239685e-05,throughout|lovely|later.|Dean|as|be|And|of|bad|make
text,1,2026-10-05T13:51:05,nodeGcor2,3.11.9,unknown,13155631,5900,102,0,0,0.9942362904548645,integrated_gradients,attribution,10,102,0.5651305951727995,0.56,0.531846252602767,0.8969696969696969,0.42857142857142855,10,10,1.0,0.05048885568976402,"this|silence.|tries|""low-profile""|stereotypes.|misguised|Italian|plot|(plot?|plot?)"
text,1,2026-10-05T13:51:05,nodeGcor2,3.11.9,unknown,13155631,5900,102,0,0,0.9942362904548645,lime,attribution,10,102,0.7415853777194076,0.69,0.5466512420688165,0.8212121212121213,0.5384615384615384,10,10,0.5384615384615384,0.20259155565872788,best|tries|supposed|gives|misguised|countryside.|plot|weak|which|not
text,1,2026-10-05T13:51:05,nodeGcor2,3.11.9,unknown,13155631,5900,102,0,0,0.9942362904548645,random,attribution,10,102,0.09665048151684986,0.55,0.3416924244581283,0.05964912280701754,0.0,10,10,0.05263157894736842,1.1062249541282654e-05,to|housewives|tries|be|just|It|is|Italian|make|older
text,1,2026-10-05T13:51:05,nodeGcor2,3.11.9,unknown,13155631,5924,87,0,0,0.9928370118141174,integrated_gradients,attribution,10,87,0.3385487254308854,0.7,0.5060069542817326,0.8727272727272728,0.6666666666666666,10,10,1.0,0.047280707862228155,"particularly|bad|films.|misses|T-Shirts,|surfing""|end|up|crocodile.|No"
text,1,2026-10-05T13:51:05,nodeGcor2,3.11.9,unknown,13155631,5924,87,0,0,0.9928370118141174,lime,attribution,10,87,0.31796067500824426,0.75,0.5950872899466104,0.8787878787878787,0.8181818181818182,10,10,0.8181818181818182,0.19117350224405527,"art|bad|films.|This|misses|T-Shirts,|crocodile.|props|No|good,"
text,1,2026-10-05T13:51:05,nodeGcor2,3.11.9,unknown,13155631,5924,87,0,0,0.9928370118141174,random,attribution,10,87,0.022703372105525827,0.56,0.3372175592066603,0.038011695906432746,0.0,10,10,0.05263157894736842,1.2711156159639359e-05,Some|but|films.|people|wet|foot|only|props|like|start
text,1,2026-10-05T13:51:05,nodeGcor2,3.11.9,unknown,13155631,5927,146,1,1,0.9962638020515442,integrated_gradients,attribution,10,146,0.0018690321769683903,0.59,0.49650446336048715,0.862937062937063,0.5384615384615384,10,10,1.0,0.06081729894503951,courage|carefully|add|a|depth|character|performances.|an|excellent|best
text,1,2026-10-05T13:51:05,nodeGcor2,3.11.9,unknown,13155631,5927,146,1,1,0.9962638020515442,lime,attribution,10,146,0.004993917568621271,0.47,0.42594311453124145,0.9454545454545455,0.6666666666666666,10,10,0.25,0.25804275227710605,spirit.|struggle|nicely|life|Unlike|each|rendered|they|depth|excellent
text,1,2026-10-05T13:51:05,nodeGcor2,3.11.9,unknown,13155631,5927,146,1,1,0.9962638020515442,random,attribution,10,146,8.860552669942977e-05,0.43,0.31979564851526976,0.049707602339181284,0.0,10,10,0.0,1.3289041817188263e-05,"the|that|together,|skills|completely|of|being|the|whole|of"
text,1,2026-10-05T13:51:05,nodeGcor2,3.11.9,unknown,13155631,6002,103,1,1,0.9961305856704712,integrated_gradients,attribution,10,103,0.011719573214886427,0.62,0.6467865924635725,0.9484848484848485,0.6666666666666666,10,10,1.0,0.05041699670255184,best|yet!!|film|so|wonderfully|cast|the|best|ever|best!!
text,1,2026-10-05T13:51:05,nodeGcor2,3.11.9,unknown,13155631,6002,103,1,1,0.9961305856704712,lime,attribution,10,103,0.015130773757145785,0.7,0.4559458368544521,0.9454545454545455,0.6666666666666666,10,10,0.5384615384615384,0.21397808426991105,series|This|wonderfully|played!!|drops|best|ever|really|loved|best!!
text,1,2026-10-05T13:51:05,nodeGcor2,3.11.9,unknown,13155631,6002,103,1,1,0.9961305856704712,random,attribution,10,103,0.0014276911529461718,0.44,0.30386283183970575,0.05380116959064327,0.0,10,10,0.05263157894736842,1.095607876777649e-05,"always|ever|years|Every|drops|Downey|Shepperd,|they|film|film"
text,1,2026-10-05T13:51:05,nodeGcor2,3.11.9,unknown,13155631,6065,150,1,1,0.9966102242469788,integrated_gradients,attribution,10,150,0.011664532041653446,0.61,0.5860880739238464,0.915151515151515,0.8181818181818182,10,10,1.0,0.06147816590964794,a|very|broad|spectrum.|well|most|a|worth|time|emotional
text,1,2026-10-05T13:51:05,nodeGcor2,3.11.9,unknown,13155631,6065,150,1,1,0.9966102242469788,lime,attribution,10,150,0.02291824720123897,0.52,0.44658066632235127,0.9818181818181818,0.5384615384615384,10,10,0.17647058823529413,0.37147308699786663,absolutely|spectrum.|well|most|emotional|humor|spectacular.|It|worth|emotional
text,1,2026-10-05T13:51:05,nodeGcor2,3.11.9,unknown,13155631,6065,150,1,1,0.9966102242469788,random,attribution,10,150,0.0032236775018697284,0.62,0.3291070264241682,0.04981080151358789,0.0,10,10,0.05263157894736842,1.1776108294725418e-05,Foer|by|of|the|travels|little|called|The|very|film
text,1,2026-10-05T13:51:05,nodeGcor2,3.11.9,unknown,13155631,6094,139,0,0,0.9965368509292603,integrated_gradients,attribution,10,139,0.003588288231062962,0.85,0.5409101267622893,1.0,0.5384615384615384,10,10,1.0,0.06133315898478031,"advertising!|awful|shameless|Alienware|laptop|batteries,|this|the|worst|film"
text,1,2026-10-05T13:51:05,nodeGcor2,3.11.9,unknown,13155631,6094,139,0,0,0.9965368509292603,lime,attribution,10,139,0.09271406367586225,0.85,0.5138880589617079,0.9636363636363636,0.6666666666666666,10,10,0.3333333333333333,0.3626533318310976,wasted|crap|there|awful|this|movie|sucked.|will|promotion|worst
text,1,2026-10-05T13:51:05,nodeGcor2,3.11.9,unknown,13155631,6094,139,0,0,0.9965368509292603,random,attribution,10,139,0.0008209167064714075,0.56,0.3564657501965638,0.042105263157894736,0.0,10,10,0.05263157894736842,1.3296026736497879e-05,"and|five|dancing,|and|scene,|be|Pennsylvania|directly|this|theaters"
text,1,2026-10-05T13:51:05,nodeGcor2,3.11.9,unknown,13155631,6157,159,0,0,0.9955229759216309,integrated_gradients,attribution,10,159,0.0035385960954380357,0.71,0.5040918518734734,0.9636363636363636,0.8181818181818182,10,10,1.0,0.061320563312619925,this|worst.|worst|movie|movie|awful.|this|very|film.|movie.
text,1,2026-10-05T13:51:05,nodeGcor2,3.11.9,unknown,13155631,6157,159,0,0,0.9955229759216309,lime,attribution,10,159,0.006624794097797499,0.83,0.43026732176834304,0.8757575757575757,0.5384615384615384,10,10,0.25,0.2585564237087965,worst.|worst|movie|ever|than|sickening|awful.|movie|not|even
text,1,2026-10-05T13:51:05,nodeGcor2,3.11.9,unknown,13155631,6157,159,0,0,0.9955229759216309,random,attribution,10,159,0.00014213778096460182,0.61,0.3151196928106298,0.021637426900584796,0.0,10,10,0.05263157894736842,1.306319609284401e-05,"at|saw|this|movies|stereotypes|sickening|is|not|fun,|for"
text,1,2026-10-05T13:51:05,nodeGcor2,3.11.9,unknown,13155631,6375,88,0,0,0.9931095838546753,integrated_gradients,attribution,10,88,0.28840009137170025,0.55,0.4446710116847876,0.8393939393939395,0.5384615384615384,10,10,1.0,0.05034529510885477,`Hellraiser:|Toys'|charm?|product|Hellraiser|increasingly|franchise|low|budgets|just
text,1,2026-10-05T13:51:05,nodeGcor2,3.11.9,unknown,13155631,6375,88,0,0,0.9931095838546753,lime,attribution,10,88,0.337456743386325,0.76,0.5635150109466017,0.8447552447552449,0.6666666666666666,10,10,0.6666666666666666,0.16082257963716984,`Puppet|product|This|increasingly|stupid|franchise|budgets|Now|it's|just
text,1,2026-10-05T13:51:05,nodeGcor2,3.11.9,unknown,13155631,6375,88,0,0,0.9931095838546753,random,attribution,10,88,0.02089131341057355,0.5,0.34462768307927916,0.06618507051943585,0.0,10,10,0.0,1.2505799531936646e-05,"out|or|series,|it's|man,|ever|stupid|I|it)|low"
text,1,2026-10-05T13:51:05,nodeGcor2,3.11.9,unknown,13155631,6405,196,1,1,0.930962085723877,integrated_gradients,attribution,10,196,0.12109307974056134,0.48,0.5470356428090829,0.827006327006327,0.5384615384615384,10,10,1.0,0.08247198490425944,"repetitive|both.|an|emotional|experience|Herzog,|viewer.|viewer|what|gamble?"
text,1,2026-10-05T13:51:05,nodeGcor2,3.11.9,unknown,13155631,6405,196,1,1,0.930962085723877,lime,attribution,10,196,0.06650414189121011,0.52,0.49865265393800173,0.8575757575757577,0.6666666666666666,10,10,0.42857142857142855,0.41161469789221883,"repetitive|initial|acuteness|experience;|essential,|was|Herzog,|plenty|viewer|gamble?"
text,1,2026-10-05T13:51:05,nodeGcor2,3.11.9,unknown,13155631,6405,196,1,1,0.930962085723877,random,attribution,10,196,0.014037881670934131,0.49,0.3546362030612715,0.03216374269005848,0.0,10,10,0.0,1.3206154108047485e-05,images|be|it's|easy|drama|may|may|be|Judging|of
text,1,2026-10-05T13:51:05,nodeGcor2,3.11.9,unknown,13155631,6457,117,1,1,0.7274433374404907,integrated_gradients,attribution,10,117,0.9440603093586827,0.5,0.6348120474963724,0.9121212121212121,0.42857142857142855,10,10,1.0,0.05661141639575362,"probably|funniest.|hilarious,|no|awful|short|funny|Great|short!!|rating:"
text,1,2026-10-05T13:51:05,nodeGcor2,3.11.9,unknown,13155631,6457,117,1,1,0.7274433374404907,lime,attribution,10,117,0.5783387305343926,0.5,0.592447121030815,0.9023310023310023,0.6666666666666666,10,10,0.6666666666666666,0.14537670789286494,"seen,|this|funniest.|poorly|hilarious,|awful|as|short|funny|Great"
text,1,2026-10-05T13:51:05,nodeGcor2,3.11.9,unknown,13155631,6457,117,1,1,0.7274433374404907,random,attribution,10,117,0.4828160967854903,0.44,0.3892679786246489,0.057163742690058486,0.0,10,10,0.0,1.302594318985939e-05,Star|probably|Wars|is|purposely|a|and|short|****.|Not
text,1,2026-10-05T13:51:05,nodeGcor2,3.11.9,unknown,13155631,6466,145,1,1,0.9959849119186401,integrated_gradients,attribution,10,145,0.04275118142863486,0.68,0.6493308267340892,0.9272727272727274,0.8181818181818182,10,10,1.0,0.06549265421926975,movie|that|a|wonderful|plot.|brilliant|an|awesome|movie.|amazing
text,1,2026-10-05T13:51:05,nodeGcor2,3.11.9,unknown,13155631,6466,145,1,1,0.9959849119186401,lime,attribution,10,145,0.03682569578405652,0.7,0.5009399364515421,0.9636363636363636,0.8181818181818182,10,10,0.5384615384615384,0.22375466814264655,ridiculous|funniest|ever|seen.|wonderful|brilliant|awesome|movie.|intentions.|amazing
text,1,2026-10-05T13:51:05,nodeGcor2,3.11.9,unknown,13155631,6466,145,1,1,0.9959849119186401,random,attribution,10,145,0.0016885844723718113,0.39,0.2930415446450282,0.07076023391812865,0.0,10,10,0.05263157894736842,1.1316034942865372e-05,simply|It|movie|are|funny|Viju|with|If|out|by
text,1,2026-10-05T13:51:05,nodeGcor2,3.11.9,unknown,13155631,6655,63,1,1,0.9912378191947937,integrated_gradients,attribution,10,63,0.7187391067978632,0.69,0.6042706942897884,0.8181818181818181,0.6666666666666666,10,10,1.0,0.0341875022277236,accent.|movie|overall|a|really|good|movie|rated|highly|movie.
text,1,2026-10-05T13:51:05,nodeGcor2,3.11.9,unknown,13155631,6655,63,1,1,0.9912378191947937,lime,attribution,10,63,0.5567143435522255,0.64,0.5672407085414316,0.9636363636363636,0.8181818181818182,10,10,1.0,0.16359429666772485,This|overall|a|really|good|movie|I|rated|would|highly
text,1,2026-10-05T13:51:05,nodeGcor2,3.11.9,unknown,13155631,6655,63,1,1,0.9912378191947937,random,attribution,10,63,0.1611645216046868,0.38,0.333943623271887,0.13598211214310285,0.0,10,10,0.25,1.0999850928783417e-05,mean|obviously|movie|role|lord|this|accent.|movie|a|good
text,1,2026-10-05T13:51:05,nodeGcor2,3.11.9,unknown,13155631,6923,160,0,0,0.9915870428085327,integrated_gradients,attribution,10,160,0.8133679709210168,0.83,0.5547099389684118,0.9272727272727274,0.6666666666666666,10,10,1.0,0.06667343992739916,"Totally|forgettable.|acting.|late|acting|bland.|actress|wasn't|actors,|movie"
text,1,2026-10-05T13:51:05,nodeGcor2,3.11.9,unknown,13155631,6923,160,0,0,0.9915870428085327,lime,attribution,10,160,0.8875225413814681,0.85,0.5780578018874742,0.9636363636363636,0.6666666666666666,10,10,0.3333333333333333,0.18922507809475064,"forgettable.|weak|first|acting|so|bland.|personality.|fiery,|altogether|wasn't"
text,1,2026-10-05T13:51:05,nodeGcor2,3.11.9,unknown,13155631,6923,160,0,0,0.9915870428085327,random,attribution,10,160,0.013376957418428752,0.54,0.34628227006275947,0.015789473684210527,0.0,10,10,0.05263157894736842,1.2170057743787766e-05,Specially|since|thought|the|seen|emotional|like|it|to|in
text,1,2026-10-05T13:51:05,nodeGcor2,3.11.9,unknown,13155631,7195,79,1,1,0.9764007329940796,integrated_gradients,attribution,10,79,0.4950018270848821,0.51,0.5608722073810566,0.7822510822510823,0.5384615384615384,10,10,1.0,0.03797580301761627,"at|best|great|heroic|end.|forget|work|enjoy|it,|nobody"
text,1,2026-10-05T13:51:05,nodeGcor2,3.11.9,unknown,13155631,7195,79,1,1,0.9764007329940796,lime,attribution,10,79,0.45977190069204577,0.72,0.5567298682509363,0.8757575757575757,0.6666666666666666,10,10,0.6666666666666666,0.10109340818598866,"best|great|and|heroic|doesn't|work|out.|Just|enjoy|it,"
text,1,2026-10-05T13:51:05,nodeGcor2,3.11.9,unknown,13155631,7195,79,1,1,0.9764007329940796,random,attribution,10,79,0.09749497078556592,0.39,0.3546763026612173,0.04912280701754386,0.0,10,10,0.1111111111111111,1.0652933269739151e-05,Robin|of|to|end.|west.|and|it|Just|Errol|Flynn
text,1,2026-10-05T13:51:05,nodeGcor2,3.11.9,unknown,13155631,7321,187,1,1,0.9957848191261292,integrated_gradients,attribution,10,187,0.021391617883749058,0.64,0.6506341299681675,0.9636363636363636,0.5384615384615384,10,10,1.0,0.08500692434608936,!!!!!!!!!!!|Italian|very|a|great|original|well|acting...wow...it|stunning.|great
text,1,2026-10-05T13:51:05,nodeGcor2,3.11.9,unknown,13155631,7321,187,1,1,0.9957848191261292,lime,attribution,10,187,0.018062194606086483,0.57,0.466569250431383,0.9454545454545455,0.6666666666666666,10,10,0.25,0.38161576306447387,great|acting...wow...it|stunning.|Will's|who|bad|and|to|great|you
text,1,2026-10-05T13:51:05,nodeGcor2,3.11.9,unknown,13155631,7321,187,1,1,0.9957848191261292,random,attribution,10,187,0.001998204650561994,0.43,0.30655807584574224,0.03742690058479532,0.0,10,10,0.0,1.3511162251234055e-05,fan|this|even|who|all|don't|but|I|movie|heart
text,1,2026-10-05T13:51:05,nodeGcor2,3.11.9,unknown,13155631,7381,154,0,0,0.9958256483078003,integrated_gradients,attribution,10,154,0.2747392109572997,0.82,0.4972720236597883,0.9636363636363636,0.8181818181818182,10,10,1.0,0.061855362728238106,disgusting|doesn't|silly.|this|movie|just|so|bad|so|forgettable
text,1,2026-10-05T13:51:05,nodeGcor2,3.11.9,unknown,13155631,7381,154,0,0,0.9958256483078003,lime,attribution,10,154,0.25937192759377375,0.78,0.5081503388630297,1.0,0.6666666666666666,10,10,0.6666666666666666,0.29336531087756157,dialogue|disgusting|artists|this|movie|just|bad|it|so|forgettable
text,1,2026-10-05T13:51:05,nodeGcor2,3.11.9,unknown,13155631,7381,154,0,0,0.9958256483078003,random,attribution,10,154,0.006402456141316949,0.49,0.3387394483766468,0.026900584795321637,0.0,10,10,0.05263157894736842,1.1446885764598846e-05,usually|sexy|a|fell|artists|celery|the|bad|we|year
text,1,2026-10-05T13:51:05,nodeGcor2,3.11.9,unknown,13155631,7615,60,0,0,0.993574321269989,integrated_gradients,attribution,10,60,0.5579837523953306,0.81,0.5972527973033759,0.8939393939393939,0.6666666666666666,10,10,1.0,0.03355479100719094,"BR|unique,|a|weak|satire|at|attempts|stupid|this|made?"
text,1,2026-10-05T13:51:05,nodeGcor2,3.11.9,unknown,13155631,7615,60,0,0,0.993574321269989,lime,attribution,10,60,0.8519227224045288,0.88,0.6036021460096077,0.8477855477855478,0.42857142857142855,10,10,0.8181818181818182,0.16037862794473767,"unique,|weak|satire|at|attempts|stupid|why|was|this|made?"
text,1,2026-10-05T13:51:05,nodeGcor2,3.11.9,unknown,13155631,7615,60,0,0,0.993574321269989,random,attribution,10,60,0.07609632997830577,0.58,0.31637552381226886,0.08968008255933953,0.05263157894736842,10,10,0.05263157894736842,1.1216849088668823e-05,with|rip|best|and|attempts|to|genre|can|be|made?
text,1,2026-10-05T13:51:05,nodeGcor2,3.11.9,unknown,13155631,7657,203,1,1,0.99405437707901,integrated_gradients,attribution,10,203,0.0241561292438629,0.64,0.6435824147549929,1.0,0.8181818181818182,10,10,1.0,0.06707492005079985,This|movie|is|the|best|one|forever|upon|great|soul
text,1,2026-10-05T13:51:05,nodeGcor2,3.11.9,unknown,13155631,7657,203,1,1,0.99405437707901,lime,attribution,10,203,0.08619253585601888,0.65,0.4683636465470262,0.9636363636363636,0.6666666666666666,10,10,0.5384615384615384,0.41985258599743247,This|movie|best|one|forever|warm|story|habits|brilliant|sadness
text,1,2026-10-05T13:51:05,nodeGcor2,3.11.9,unknown,13155631,7657,203,1,1,0.99405437707901,random,attribution,10,203,0.0015532936210629134,0.52,0.3274832079950083,0.026900584795321637,0.0,10,10,0.05263157894736842,1.2763310223817825e-05,This|two|from|(Hy|Chinese|practical|and|went|goodbye|among
text,1,2026-10-05T13:51:05,nodeGcor2,3.11.9,unknown,13155631,7665,107,1,1,0.9940197467803955,integrated_gradients,attribution,10,107,0.09274010660504685,0.59,0.6143432077275375,0.9636363636363636,0.5384615384615384,10,10,1.0,0.05377254402264953,"delightful|an|engaging|story,|the|film|intriguing|adeptly|Ladykillers""|sublime"
text,1,2026-10-05T13:51:05,nodeGcor2,3.11.9,unknown,13155631,7665,107,1,1,0.9940197467803955,lime,attribution,10,107,0.1412566040514523,0.69,0.5617433279986597,0.890909090909091,0.6666666666666666,10,10,0.8181818181818182,0.1366910613141954,"threat|this|delightful|comedy,|marvelous|engaging|story,|intriguing|adeptly|sublime"
text,1,2026-10-05T13:51:05,nodeGcor2,3.11.9,unknown,13155631,7665,107,1,1,0.9940197467803955,random,attribution,10,107,0.005583477105195431,0.56,0.2817269449929666,0.04327485380116959,0.0,10,10,0.1111111111111111,1.3403128832578659e-05,"but|it|to|various|comedy,|with|is|of|intriguing|questions"
text,1,2026-10-05T13:51:05,nodeGcor2,3.11.9,unknown,13155631,7674,169,0,0,0.975669801235199,integrated_gradients,attribution,10,169,0.7210433084491359,0.66,0.6483978013864278,0.8727272727272728,0.6666666666666666,10,10,1.0,0.08232786785811186,expected|were|excellent;|but|screenplay|terrible|help|story|very|boring
text,1,2026-10-05T13:51:05,nodeGcor2,3.11.9,unknown,13155631,7674,169,0,0,0.975669801235199,lime,attribution,10,169,0.24737847823904946,0.55,0.544969783567978,0.9303030303030303,0.6666666666666666,10,10,0.5384615384615384,0.41514494782313704,"were|beautiful;|excellent;|but|unfortunately,|screenplay|are|terrible|boring|a"
text,1,2026-10-05T13:51:05,nodeGcor2,3.11.9,unknown,13155631,7674,169,0,0,0.975669801235199,random,attribution,10,169,0.081818444509486,0.47,0.3593464612880968,0.03742690058479532,0.0,10,10,0.0,1.357588917016983e-05,and|Amanda|Niran|in|to|trying|were|scenes|is|The
text,1,2026-10-05T13:51:05,nodeGcor2,3.11.9,unknown,13155631,7678,66,1,1,0.9827572107315063,integrated_gradients,attribution,10,66,0.04376413534021554,0.45,0.46505644942710134,0.8242424242424242,0.42857142857142855,10,10,1.0,0.03782165702432394,"saw|to|only|finished|because|great|serenity,|of|bored|Spain,"
text,1,2026-10-05T13:51:05,nodeGcor2,3.11.9,unknown,13155631,7678,66,1,1,0.9827572107315063,lime,attribution,10,66,0.2561636300008552,0.66,0.4390156314110871,0.8393939393939395,0.5384615384615384,10,10,0.6666666666666666,0.1692857346497476,"saw|this|film|finished|great,|serenity,|brave|Recommended|who|bored"
text,1,2026-10-05T13:51:05,nodeGcor2,3.11.9,unknown,13155631,7678,66,1,1,0.9827572107315063,random,attribution,10,66,0.13372721742511037,0.49,0.3203995472046153,0.0793859649122807,0.0,10,10,0.1111111111111111,1.2554693967103958e-05,"more|Shakespeare'|and,|it|I|values,|philosophy|people|who|are"
text,1,2026-10-05T13:51:05,nodeGcor2,3.11.9,unknown,13155631,7761,114,1,1,0.967007577419281,integrated_gradients,attribution,10,114,0.40792236293889894,0.55,0.5594351494942718,0.8939393939393939,0.6666666666666666,10,10,1.0,0.05571090569719672,"amazing,|captivating|It's|21st|fun.|breakthrough|film|stardom.|helpless,|innocent"
text,1,2026-10-05T13:51:05,nodeGcor2,3.11.9,unknown,13155631,7761,114,1,1,0.967007577419281,lime,attribution,10,114,0.595480591813394,0.6,0.5406810209636101,0.9818181818181818,0.8181818181818182,10,10,0.6666666666666666,0.1398905860260129,"but|isn't|bad|amazing,|captivating|dead-on|It's|good,|fun.|breakthrough"
text,1,2026-10-05T13:51:05,nodeGcor2,3.11.9,unknown,13155631,7761,114,1,1,0.967007577419281,random,attribution,10,114,0.08512777144787301,0.49,0.33867592317072803,0.021052631578947368,0.0,10,10,0.05263157894736842,2.3191794753074646e-05,"time,|but|""fun|Liv|just|film|stardom.|film.|that|Liv's"
text,1,2026-10-05T13:51:05,nodeGcor2,3.11.9,unknown,13155631,7788,127,0,0,0.953880250453949,integrated_gradients,attribution,10,127,0.3399550909475485,0.66,0.5275119834483561,0.9454545454545455,0.5384615384615384,10,10,1.0,0.06055509811267257,"good|Seriously,|Overall|because|terrific.|screen|film|loses|little|verve"
text,1,2026-10-05T13:51:05,nodeGcor2,3.11.9,unknown,13155631,7788,127,0,0,0.953880250453949,lime,attribution,10,127,0.32521371166413754,0.5,0.510233661729761,0.9454545454545455,0.8181818181818182,10,10,0.6666666666666666,0.15537246502935886,"good|Seriously,|because|is|terrific.|film|loses|little|verve|it"
text,1,2026-10-05T13:51:05,nodeGcor2,3.11.9,unknown,13155631,7788,127,0,0,0.953880250453949,random,attribution,10,127,0.0837178596746765,0.3,0.3608393240909207,0.021052631578947368,0.0,10,10,0.0,1.2236181646585464e-05,and|revenge|If|Hauer|is|should|a|to|up|as
text,1,2026-10-05T13:51:05,nodeGcor2,3.11.9,unknown,13155631,7816,93,1,1,0.9866234660148621,integrated_gradients,attribution,10,93,0.2767440181552421,0.53,0.5346310990947778,0.9272727272727274,0.6666666666666666,10,10,1.0,0.04820150323212147,really|liked|Movie|has|really|classic|groups.|Manhattan's|any|But
text,1,2026-10-05T13:51:05,nodeGcor2,3.11.9,unknown,13155631,7816,93,1,1,0.9866234660148621,lime,attribution,10,93,0.25169845938404967,0.58,0.4839632120368761,0.8939393939393939,0.6666666666666666,10,10,0.8181818181818182,0.1946959882043302,really|liked|the|Movie|It|really|classic|dabbles|movies.|gentleman
text,1,2026-10-05T13:51:05,nodeGcor2,3.11.9,unknown,13155631,7816,93,1,1,0.9866234660148621,random,attribution,10,93,0.03437697379808063,0.46,0.30400247364390887,0.04454764361885105,0.0,10,10,0.1111111111111111,1.0489020496606827e-05,"certain|groups.|my|lives|side,|next|door|does|a|the"
text,1,2026-10-05T13:51:05,nodeGcor2,3.11.9,unknown,13155631,7955,192,0,0,0.9592307209968567,integrated_gradients,attribution,10,192,0.21243491281204677,0.51,0.5542835675658578,0.9272727272727274,0.6666666666666666,10,10,1.0,0.08265780378133059,bastard.|but|movie|funny.|marvelous|movie|added|misery.|part.|Wonderful
text,1,2026-10-05T13:51:05,nodeGcor2,3.11.9,unknown,13155631,7955,192,0,0,0.9592307209968567,lime,attribution,10,192,0.8081450568534416,0.59,0.5183370779383942,0.9818181818181818,0.8181818181818182,10,10,0.5384615384615384,0.4181881030090153,very|true.|difficulty|but|movie|embarrassing.|added|misery.|don't|Wonderful
text,1,2026-10-05T13:51:05,nodeGcor2,3.11.9,unknown,13155631,7955,192,0,0,0.9592307209968567,random,attribution,10,192,0.06679731795145298,0.49,0.3139832445288624,0.044547643618851045,0.0,10,10,0.05263157894736842,1.247599720954895e-05,mothers'|two|directed|it|he|I|find|was|after|be
text,1,2026-10-05T13:51:05,nodeGcor2,3.11.9,unknown,13155631,8081,197,1,1,0.9966365098953247,integrated_gradients,attribution,10,197,0.003687924718371493,0.66,0.7506593588469077,0.9666666666666666,0.6666666666666666,10,10,1.0,0.08299364801496267,stunning|quality.|this|is|highly|emotional|and|deeply|moving.|magnificent
text,1,2026-10-05T13:51:05,nodeGcor2,3.11.9,unknown,13155631,8081,197,1,1,0.9966365098953247,lime,attribution,10,197,0.0027313907372536195,0.49,0.4314380636943047,1.0,1.0,10,10,0.25,0.3866278911009431,stunning|quality.|highly|burden|counselled|Outstanding|to|magnificent|are|of
text,1,2026-10-05T13:51:05,nodeGcor2,3.11.9,unknown,13155631,8081,197,1,1,0.9966365098953247,random,attribution,10,197,0.0,0.5,0.32380477195703095,0.03216374269005848,0.0,10,10,0.05263157894736842,1.4282763004302979e-05,"the|navy,|counselled|that|the|effect|and|to|those|winners."
text,1,2026-10-05T13:51:05,nodeGcor2,3.11.9,unknown,13155631,8114,79,0,0,0.9938429594039917,integrated_gradients,attribution,10,79,0.8636426063748185,0.75,0.529265866681329,0.9666666666666666,0.8181818181818182,10,10,1.0,0.038319285959005356,movie|movie|minimal|pathetic|me|shame|hiring|movie|unsatisfied.|unrecommended
text,1,2026-10-05T13:51:05,nodeGcor2,3.11.9,unknown,13155631,8114,79,0,0,0.9938429594039917,lime,attribution,10,79,0.655084815698386,0.76,0.564274377739497,0.8242424242424242,0.6666666666666666,10,10,0.3333333333333333,0.17853979486972094,movie|hopefully|mistaken.|minimal|pathetic|jokes|me|hiring|boundaries|no
text,1,2026-10-05T13:51:05,nodeGcor2,3.11.9,unknown,13155631,8114,79,0,0,0.9938429594039917,random,attribution,10,79,0.09102395729665937,0.42,0.29049110410461,0.05565875472996216,0.0,10,10,0.05263157894736842,1.25090591609478e-05,hopefully|but|humour|for|it...|Aimed|age|of|3|anyone
text,1,2026-10-05T13:51:05,nodeGcor2,3.11.9,unknown,13155631,8243,123,1,1,0.9941913485527039,integrated_gradients,attribution,10,123,0.09082922820905788,0.61,0.5226376818806364,0.8242424242424242,0.5384615384615384,10,10,1.0,0.05597692495211959,"loved|funny|moments,|really|liked|finally|childhood.|always|that|illustrates"
text,1,2026-10-05T13:51:05,nodeGcor2,3.11.9,unknown,13155631,8243,123,1,1,0.9941913485527039,lime,attribution,10,123,0.03086440736597996,0.61,0.4387193980112326,0.890909090909091,0.5384615384615384,10,10,0.3333333333333333,0.21942698722705245,"loved|the|had|funny|moments,|heartwarming|liked|childhood.|and|always"
text,1,2026-10-05T13:51:05,nodeGcor2,3.11.9,unknown,13155631,8243,123,1,1,0.9941913485527039,random,attribution,10,123,0.0033363183877372837,0.48,0.33904242706927723,0.049707602339181284,0.0,10,10,0.0,1.3095792382955551e-05,"Me,|because|movie,|is|gay|boy|is|So,|this|person"
text,1,2026-10-05T13:51:05,nodeGcor2,3.11.9,unknown,13155631,8281,160,0,0,0.9896518588066101,integrated_gradients,attribution,10,160,0.18044089587061315,0.65,0.5416514726154615,0.9818181818181818,0.6666666666666666,10,10,1.0,0.06599359679967165,"zombie,|rest|cast|is|barely|better;|Jennifer|acting|TV|telemarketers"
text,1,2026-10-05T13:51:05,nodeGcor2,3.11.9,unknown,13155631,8281,160,0,0,0.9896518588066101,lime,attribution,10,160,0.3555954692484517,0.6,0.5417597511307548,0.9636363636363636,0.6666666666666666,10,10,0.5384615384615384,0.277055068872869,"zombie,|rest|is|barely|better;|hardly|acting|this|yawner|inexplicably"
text,1,2026-10-05T13:51:05,nodeGcor2,3.11.9,unknown,13155631,8281,160,0,0,0.9896518588066101,random,attribution,10,160,0.022723983463107375,0.55,0.29764981248193456,0.02631578947368421,0.0,10,10,0.0,1.222267746925354e-05,as|kept|little|should|as|filled;|Hallmark\Lifetime|chronic|insomniacs|missing
text,1,2026-10-05T13:51:05,nodeGcor2,3.11.9,unknown,13155631,8331,49,0,0,0.9624266624450684,integrated_gradients,attribution,10,49,0.5387917388170069,0.73,0.5483417952421505,0.8167832167832169,0.42857142857142855,10,10,1.0,0.03465411765500903,"...|Really|boring,|too|shameless|pointlessness.|dialogue,|a|haunting|quality."
text,1,2026-10-05T13:51:05,nodeGcor2,3.11.9,unknown,13155631,8331,49,0,0,0.9624266624450684,lime,attribution,10,49,0.5671010550671215,0.74,0.5874209362325874,0.796969696969697,0.5384615384615384,10,10,0.6666666666666666,0.16017604572698474,"Stilted,|striking|Really|boring,|incest),|shameless|pointlessness.|dialogue,|haunting|quality."
text,1,2026-10-05T13:51:05,nodeGcor2,3.11.9,unknown,13155631,8331,49,0,0,0.9624266624450684,random,attribution,10,49,0.22396351236526776,0.37,0.4011475688333185,0.14072067423460613,0.05263157894736842,10,10,0.0,1.1526979506015778e-05,"visually|striking|...|Really|just|shameless|that|lulling,|haunting|quality."
text,1,2026-10-05T13:51:05,nodeGcor2,3.11.9,unknown,13155631,8442,161,1,1,0.9769787192344666,integrated_gradients,attribution,10,161,0.0372089947259417,0.6,0.6383037821959248,0.9636363636363636,0.8181818181818182,10,10,1.0,0.06604937929660082,Why?|unique|Sadly|doomed.|good|but|this|the|show|rocked.
text,1,2026-10-05T13:51:05,nodeGcor2,3.11.9,unknown,13155631,8442,161,1,1,0.9769787192344666,lime,attribution,10,161,0.11253364120992622,0.57,0.5241838066291803,0.8939393939393939,0.6666666666666666,10,10,0.8181818181818182,0.27347940066829324,Why?|well|rocked.|unique|doomed.|don't|despite|this|show|rocked.
text,1,2026-10-05T13:51:05,nodeGcor2,3.11.9,unknown,13155631,8442,161,1,1,0.9769787192344666,random,attribution,10,161,0.010078773188892942,0.48,0.3075602355182212,0.02631578947368421,0.0,10,10,0.0,1.333095133304596e-05,7.....|were|stories.|As|why|I|and|DVDs|the|but
text,1,2026-10-05T13:51:05,nodeGcor2,3.11.9,unknown,13155631,8566,117,1,1,0.9951419830322266,integrated_gradients,attribution,10,117,0.056842140065664765,0.73,0.6471474272839425,0.9090909090909092,0.6666666666666666,10,10,1.0,0.05077333003282547,undoubtedly|her|finest|moment|of|Acting|believable|authentic.|Hollywood's|finest.
text,1,2026-10-05T13:51:05,nodeGcor2,3.11.9,unknown,13155631,8566,117,1,1,0.9951419830322266,lime,attribution,10,117,0.10856254588004392,0.73,0.5268397174895807,0.9090909090909092,0.5384615384615384,10,10,0.42857142857142855,0.21669340040534735,Arquette|undoubtedly|finest|moment|totally|believable|authentic.|not|finest.|Thanks
text,1,2026-10-05T13:51:05,nodeGcor2,3.11.9,unknown,13155631,8566,117,1,1,0.9951419830322266,random,attribution,10,117,0.003095046201084446,0.56,0.3446222220800276,0.01111111111111111,0.0,10,10,0.1111111111111111,1.1252239346504211e-05,An|finest|Acting|her|in|possible|Holy|of|witnesses|Thanks
text,1,2026-10-05T13:51:05,nodeGcor2,3.11.9,unknown,13155631,8581,188,0,0,0.9836598634719849,integrated_gradients,attribution,10,188,0.3931813551826769,0.61,0.4935070575505123,0.9818181818181818,0.6666666666666666,10,10,1.0,0.06597823277115822,work|episodes|can't|boring|show|Chevy|vans|streets|bad.|poor
text,1,2026-10-05T13:51:05,nodeGcor2,3.11.9,unknown,13155631,8581,188,0,0,0.9836598634719849,lime,attribution,10,188,0.33159470774959865,0.46,0.5356455397941186,0.9484848484848485,0.5384615384615384,10,10,0.42857142857142855,0.24489930784329772,boring|slow|well|today's|not|bad.|not|good|as|poor
text,1,2026-10-05T13:51:05,nodeGcor2,3.11.9,unknown,13155631,8581,188,0,0,0.9836598634719849,random,attribution,10,188,0.038896086874481685,0.57,0.3094473445299488,0.026900584795321637,0.0,10,10,0.0,1.35079026222229e-05,like|for|after|years|galactica's|in|of|these|yes|is
text,1,2026-10-05T13:51:05,nodeGcor2,3.11.9,unknown,13155631,8807,133,1,1,0.9891815781593323,integrated_gradients,attribution,10,133,0.20560376044102474,0.65,0.5690526016516049,0.9272727272727274,0.42857142857142855,10,10,1.0,0.06061824690550566,"This|the|greatest|movie|I|ever|life,|great,|GREAT,|Hilton,"
text,1,2026-10-05T13:51:05,nodeGcor2,3.11.9,unknown,13155631,8807,133,1,1,0.9891815781593323,lime,attribution,10,133,0.3273669531402477,0.77,0.5232052143806107,0.8993006993006993,0.6666666666666666,10,10,0.42857142857142855,0.16334738582372665,"This|greatest|movie|I|ever|life,|action|GREAT,|AWESOMe,|anyway,"
text,1,2026-10-05T13:51:05,nodeGcor2,3.11.9,unknown,13155631,8807,133,1,1,0.9891815781593323,random,attribution,10,133,0.00654494326335964,0.59,0.3254603217168872,0.04582043343653251,0.0,10,10,0.05263157894736842,1.3249926269054413e-05,"action|great,|so|of|and|even|probably|but|I|wax,"
text,1,2026-10-05T13:51:05,nodeGcor2,3.11.9,unknown,13155631,9038,137,1,1,0.9959219694137573,integrated_gradients,attribution,10,137,0.0026910972291364107,0.75,0.6361274179652024,0.9454545454545455,0.6666666666666666,10,10,1.0,0.0568242771551013,"This|a|superb|movie,|excellent|realistic|portrayals|of|fun,|delightful"
text,1,2026-10-05T13:51:05,nodeGcor2,3.11.9,unknown,13155631,9038,137,1,1,0.9959219694137573,lime,attribution,10,137,0.0022578524200244686,0.61,0.46331242215898816,0.9484848484848485,0.5384615384615384,10,10,0.3333333333333333,0.28561559598892927,"superb|movie,|excellent|realistic|That|fun,|family|delightful|be|the"
text,1,2026-10-05T13:51:05,nodeGcor2,3.11.9,unknown,13155631,9038,137,1,1,0.9959219694137573,random,attribution,10,137,0.0,0.49,0.35304636225684893,0.043859649122807015,0.0,10,10,0.05263157894736842,1.2118835002183914e-05,was|superior.|acting|done|comes|I|a|lived|lines|a
text,1,2026-10-05T13:51:05,nodeGcor2,3.11.9,unknown,13155631,9387,186,0,0,0.9962419271469116,integrated_gradients,attribution,10,186,0.00798173238198065,0.65,0.6256805871766802,0.9818181818181818,0.6666666666666666,10,10,1.0,0.06672229524701834,tries|better.|truly|terrible|special|a|scientist|laughable|cliché|movie.
text,1,2026-10-05T13:51:05,nodeGcor2,3.11.9,unknown,13155631,9387,186,0,0,0.9962419271469116,lime,attribution,10,186,0.51903152092662,0.79,0.4911105459413927,0.9818181818181818,0.6666666666666666,10,10,0.25,0.41353029292076826,terrible|effects|characters|laughable|cliché|night|this|bad.|little|junk
text,1,2026-10-05T13:51:05,nodeGcor2,3.11.9,unknown,13155631,9387,186,0,0,0.9962419271469116,random,attribution,10,186,0.0009824001987296285,0.55,0.3541854979562473,0.021637426900584796,0.0,10,10,0.0,1.392187550663948e-05,cause|is|commandos|to|cliché|mindless|fill|The|was|is
text,1,2026-10-05T13:51:05,nodeGcor2,3.11.9,unknown,13155631,9485,119,0,0,0.9849563241004944,integrated_gradients,attribution,10,119,0.717742094091768,0.75,0.6124915607842569,0.9666666666666666,0.6666666666666666,10,10,1.0,0.05061438586562872,poorly|weak|cast.|well|script|isn't|mini|laughable.|cannot|Britain
text,1,2026-10-05T13:51:05,nodeGcor2,3.11.9,unknown,13155631,9485,119,0,0,0.9849563241004944,lime,attribution,10,119,0.7897018274021056,0.74,0.5721411284384939,0.9666666666666666,0.8181818181818182,10,10,0.8181818181818182,0.17698398372158408,I|poorly|weak|cast.|well|difficult|isn't|laughable.|cannot|Britain
text,1,2026-10-05T13:51:05,nodeGcor2,3.11.9,unknown,13155631,9485,119,0,0,0.9849563241004944,random,attribution,10,119,0.062091550137444725,0.52,0.314542201915336,0.04853801169590643,0.0,10,10,0.0,1.0612886399030685e-05,the|the|well|film|acting|and|isn't|mini|test|of
text,1,2026-10-05T13:51:05,nodeGcor2,3.11.9,unknown,13155631,9537,156,0,0,0.9964961409568787,integrated_gradients,attribution,10,156,0.009575300457321623,0.8,0.5096426529065269,0.890909090909091,0.6666666666666666,10,10,1.0,0.06146432366222143,"dire.i|poor|choice.maybe|good|film.i|unbelievable,lacking|hideously|feeble|didn't|didn't"
text,1,2026-10-05T13:51:05,nodeGcor2,3.11.9,unknown,13155631,9537,156,0,0,0.9964961409568787,lime,attribution,10,156,0.01368788733823168,0.77,0.4342856093939461,0.9636363636363636,0.6666666666666666,10,10,0.42857142857142855,0.38209941517561674,"dire.i|poor|for|unbelievable,lacking|hideously|acting|plot|feeble|dialogue.|didn't"
text,1,2026-10-05T13:51:05,nodeGcor2,3.11.9,unknown,13155631,9537,156,0,0,0.9964961409568787,random,attribution,10,156,0.0029195921555078943,0.5,0.33114063652230197,0.03216374269005848,0.0,10,10,0.05263157894736842,1.1798925697803497e-05,"never|driven|serious|this|but|as|unbelievable,lacking|just|nor|slap"
text,1,2026-10-05T13:51:05,nodeGcor2,3.11.9,unknown,13155631,9863,173,1,1,0.988244891166687,integrated_gradients,attribution,10,173,0.47050379620069915,0.72,0.6172421281178645,0.9666666666666666,0.6666666666666666,10,10,1.0,0.06541243009269238,absolutely|LOVED|this|movie|Australia.|memorable|very|enjoyable|childhood.|IMDb
text,1,2026-10-05T13:51:05,nodeGcor2,3.11.9,unknown,13155631,9863,173,1,1,0.988244891166687,lime,attribution,10,173,0.6188389769407693,0.72,0.544269605497333,0.9666666666666666,0.8181818181818182,10,10,0.8181818181818182,0.4435051418840885,absolutely|LOVED|this|these|memorable|my|enjoyable|I|love|Thanks!
text,1,2026-10-05T13:51:05,nodeGcor2,3.11.9,unknown,13155631,9863,173,1,1,0.988244891166687,random,attribution,10,173,0.0070166474085220035,0.51,0.3336496326679933,0.021052631578947368,0.0,10,10,0.05263157894736842,1.2919772416353226e-05,"was|day,|can't|remember|were|was|about|the|mind|other"
text,1,2026-10-05T13:51:05,nodeGcor2,3.11.9,unknown,13155631,9923,178,1,1,0.996364176273346,integrated_gradients,attribution,10,178,0.007166992388289767,0.52,0.5510930841644304,0.9121212121212121,0.8181818181818182,10,10,1.0,0.06516864988952875,"one|the|best|movies,|the|best|touchable.|a|perfect|love."
text,1,2026-10-05T13:51:05,nodeGcor2,3.11.9,unknown,13155631,9923,178,1,1,0.996364176273346,lime,attribution,10,178,0.005369157387703211,0.59,0.4378496888381429,0.8727272727272728,0.8181818181818182,10,10,0.05263157894736842,0.39726834604516625,be|and|best|ever|perfectly.|as|angles|fantastic|beautiful|perfect
text,1,2026-10-05T13:51:05,nodeGcor2,3.11.9,unknown,13155631,9923,178,1,1,0.996364176273346,random,attribution,10,178,0.0019804720170837698,0.6,0.31141855234010185,0.021637426900584796,0.0,10,10,0.05263157894736842,1.2636184692382812e-05,Kar|best|maybe|perfectly.|frames|to|of|course|the|elements
text,1,2026-10-05T13:51:05,nodeGcor2,3.11.9,unknown,13155631,10050,166,1,1,0.9952816367149353,integrated_gradients,attribution,10,166,0.01919762511262539,0.64,0.6467838464413606,1.0,0.6666666666666666,10,10,1.0,0.06535005709156394,"a|compelling|performance|perfect|enjoy.|only|this|very|good|movie,"
text,1,2026-10-05T13:51:05,nodeGcor2,3.11.9,unknown,13155631,10050,166,1,1,0.9952816367149353,lime,attribution,10,166,0.0422056940164588,0.56,0.48840130364549794,0.9636363636363636,0.6666666666666666,10,10,0.8181818181818182,0.4010656187310815,lazy|compelling|true|journey|perfect|enjoy.|only|this|very|good
text,1,2026-10-05T13:51:05,nodeGcor2,3.11.9,unknown,13155631,10050,166,1,1,0.9952816367149353,random,attribution,10,166,0.005398413168479802,0.48,0.3362257443539295,0.026900584795321637,0.0,10,10,0.0,1.3566110283136368e-05,"want|with|mood,|his|road,|family|life|lesson|It's|my"
text,1,2026-10-05T13:51:05,nodeGcor2,3.11.9,unknown,13155631,10528,111,1,1,0.9848692417144775,integrated_gradients,attribution,10,111,0.7387014230274174,0.81,0.7013458718620824,0.8757575757575757,0.6666666666666666,10,10,1.0,0.050186716951429844,incredible|remarkable.|a|wonderful|film|truly|amazing|and|incredible|story.
text,1,2026-10-05T13:51:05,nodeGcor2,3.11.9,unknown,13155631,10528,111,1,1,0.9848692417144775,lime,attribution,10,111,0.35878892457976475,0.6,0.5522691139041604,0.8757575757575757,0.6666666666666666,10,10,0.6666666666666666,0.12678647600114346,"""boring""|marred|incredible|remarkable.|thought|wonderful|some|truly|amazing|incredible"
text,1,2026-10-05T13:51:05,nodeGcor2,3.11.9,unknown,13155631,10528,111,1,1,0.9848692417144775,random,attribution,10,111,0.0188390209160798,0.49,0.33128764398754407,0.10814413484692123,0.0,10,10,0.05263157894736842,1.9988976418972015e-05,I|comment|I|stating|the|journey|carried|up|the|now!
text,1,2026-10-05T13:51:05,nodeGcor2,3.11.9,unknown,13155631,10538,169,0,0,0.9962638020515442,integrated_gradients,attribution,10,169,0.08151552903093374,0.81,0.5604498986217088,0.9636363636363636,0.5384615384615384,10,10,1.0,0.0839060372672975,this|abysmally|awful|bad|bad|it's...well...BAD'.|loathed|films).|porn|horrible
text,1,2026-10-05T13:51:05,nodeGcor2,3.11.9,unknown,13155631,10538,169,0,0,0.9962638020515442,lime,attribution,10,169,0.05927452475040733,0.85,0.4434795934309612,0.9454545454545455,0.6666666666666666,10,10,0.25,0.4043050832115114,"this|abysmally|awful|this|only|A|horrible|acting,|nonsense|ludicrous"
text,1,2026-10-05T13:51:05,nodeGcor2,3.11.9,unknown,13155631,10538,169,0,0,0.9962638020515442,random,attribution,10,169,0.007214260787304079,0.55,0.3715806533528022,0.01764705882352941,0.0,10,10,0.0,1.1186115443706512e-05,"awful|ice|cream|has|seen|as|'horror'|know,|is|and"
text,1,2026-10-05T13:51:05,nodeGcor2,3.11.9,unknown,13155631,10676,172,0,0,0.9965165853500366,integrated_gradients,attribution,10,172,0.04867581797564821,0.62,0.49464440458810965,0.9090909090909092,0.8181818181818182,10,10,1.0,0.08216911600902677,soft-porn;|boring|smugness|bad|sickening|cheap|wonderful|unable|movie|fooling
text,1,2026-10-05T13:51:05,nodeGcor2,3.11.9,unknown,13155631,10676,172,0,0,0.9965165853500366,lime,attribution,10,172,0.09261061845802808,0.7,0.4816097292490078,0.9636363636363636,0.6666666666666666,10,10,0.5384615384615384,0.32502446277067065,boring|so|bad|sickening|cheap|so|weak|development|plot|porn
text,1,2026-10-05T13:51:05,nodeGcor2,3.11.9,unknown,13155631,10676,172,0,0,0.9965165853500366,random,attribution,10,172,0.003486380041981547,0.45,0.363675346661141,0.022910216718266256,0.0,10,10,0.0,1.4003831893205643e-05,"concentrating|on|is,|Mickey|lot.|more|to|the|story,|something"
text,1,2026-10-05T13:51:05,nodeGcor2,3.11.9,unknown,13155631,10766,63,0,0,0.9921689629554749,integrated_gradients,attribution,10,63,0.6437260304125363,0.91,0.544989604320315,1.0,0.8181818181818182,10,10,1.0,0.03728738706558943,word...SUCKS!!!!.|ass...stupid|dumb|brainless.|movie|can't|Klein|don't|only|thing
text,1,2026-10-05T13:51:05,nodeGcor2,3.11.9,unknown,13155631,10766,63,0,0,0.9921689629554749,lime,attribution,10,63,0.4819362299261323,0.79,0.5302025982594871,0.9090909090909092,0.6666666666666666,10,10,0.8181818181818182,0.16725627472624183,word...SUCKS!!!!.|Josh|cool.|ass...stupid|dumb|brainless.|movie|don't|only|good
text,1,2026-10-05T13:51:05,nodeGcor2,3.11.9,unknown,13155631,10766,63,0,0,0.9921689629554749,random,attribution,10,63,0.1108628207431854,0.52,0.3145298324529021,0.10732714138286895,0.0,10,10,0.0,1.0973308235406876e-05,I|2|was|in|it|have|Klein|really|the|it.
text,1,2026-10-05T13:51:05,nodeGcor2,3.11.9,unknown,13155631,10851,154,1,1,0.9932680726051331,integrated_gradients,attribution,10,154,0.06795693997571932,0.5,0.5401970204549417,0.8393939393939395,0.6666666666666666,10,10,1.0,0.061214260291308165,Dexter's|Eric|with.|but|times/happiness|but|DVD.|it|'all|classics'
text,1,2026-10-05T13:51:05,nodeGcor2,3.11.9,unknown,13155631,10851,154,1,1,0.9932680726051331,lime,attribution,10,154,0.054836475614627775,0.51,0.433850540529262,0.8424242424242424,0.5384615384615384,10,10,0.3333333333333333,0.262376488186419,"relate|very|Dexter's|loneliness.|This|but|quantity,|quality|guess|classics'"
text,1,2026-10-05T13:51:05,nodeGcor2,3.11.9,unknown,13155631,10851,154,1,1,0.9932680726051331,random,attribution,10,154,0.01394870331276978,0.51,0.32258685235295115,0.03684210526315789,0.0,10,10,0.0,1.20578333735466e-05,way.|mom|are|the|only|keep|see|it|time|right
text,1,2026-10-05T13:51:05,nodeGcor2,3.11.9,unknown,13155631,10900,154,1,1,0.9961155652999878,integrated_gradients,attribution,10,154,0.018731219385107006,0.51,0.6689309393159583,0.9818181818181818,0.6666666666666666,10,10,1.0,0.06117011979222298,a|very|funny|movie.|first|funny.|bad|good|funny|movie
text,1,2026-10-05T13:51:05,nodeGcor2,3.11.9,unknown,13155631,10900,154,1,1,0.9961155652999878,lime,attribution,10,154,0.03533774380467838,0.6,0.42543802503248873,0.9818181818181818,0.8181818181818182,10,10,0.5384615384615384,0.32793594896793365,is|a|funny|movie.|many|funny.|This|good|funny|that
text,1,2026-10-05T13:51:05,nodeGcor2,3.11.9,unknown,13155631,10900,154,1,1,0.9961155652999878,random,attribution,10,154,0.0003900180743877799,0.49,0.3392474282617661,0.03684210526315789,0.0,10,10,0.05263157894736842,1.1480413377285004e-05,time|7|Saint|knew|in|Sally's|we|shows|is|trying
text,1,2026-10-05T13:51:05,nodeGcor2,3.11.9,unknown,13155631,10952,148,0,0,0.9917484521865845,integrated_gradients,attribution,10,148,0.406241011208876,0.61,0.6040268075637042,0.9636363636363636,0.8181818181818182,10,10,1.0,0.06471517495810986,worst|movies|but|worse.|movie|funny|Low|movie.|low-budget|crap.
text,1,2026-10-05T13:51:05,nodeGcor2,3.11.9,unknown,13155631,10952,148,0,0,0.9917484521865845,lime,attribution,10,148,0.7569520279674384,0.72,0.4729539550768672,0.8424242424242424,0.42857142857142855,10,10,0.3333333333333333,0.37563004810363054,"worst|but|worse.|funny|ridiculous,|HOW|even|to|low-budget|crap."
text,1,2026-10-05T13:51:05,nodeGcor2,3.11.9,unknown,13155631,10952,148,0,0,0.9917484521865845,random,attribution,10,148,0.005536404175835509,0.48,0.34398876531025935,0.0327485380116959,0.0,10,10,0.0,1.2305565178394318e-05,I|i'm|it|by|it.|some|other|horror|classify|10
text,1,2026-10-05T13:51:05,nodeGcor2,3.11.9,unknown,13155631,11172,55,1,1,0.9942250847816467,integrated_gradients,attribution,10,55,0.40923689215002895,0.89,0.6396411831627529,0.8757575757575757,0.6666666666666666,10,10,1.0,0.034114031586796045,film|is|a|very|good|film!!|German|them!!|films|excellent!!
text,1,2026-10-05T13:51:05,nodeGcor2,3.11.9,unknown,13155631,11172,55,1,1,0.9942250847816467,lime,attribution,10,55,0.4946325698971525,0.89,0.675998345696065,0.8393939393939395,0.6666666666666666,10,10,0.6666666666666666,0.15935690328478813,This|film|me|is|very|good|film!!|films|were|excellent!!
text,1,2026-10-05T13:51:05,nodeGcor2,3.11.9,unknown,13155631,11172,55,1,1,0.9942250847816467,random,attribution,10,55,0.03259156339182519,0.47,0.33062129252300876,0.08840729274165807,0.0,10,10,0.0,1.1899042874574661e-05,a|good|I|to|is|another|K-9|and|Dooley|two
text,1,2026-10-05T13:51:05,nodeGcor2,3.11.9,unknown,13155631,11196,148,1,1,0.9957518577575684,integrated_gradients,attribution,10,148,0.02304479172203618,0.66,0.5118502332523379,0.9303030303030303,0.6666666666666666,10,10,1.0,0.06481411820277572,"Blues'is|so|emotionally|powerful|strong|love,loyalty|strong|believable,|realistic|unfold."
text,1,2026-10-05T13:51:05,nodeGcor2,3.11.9,unknown,13155631,11196,148,1,1,0.9957518577575684,lime,attribution,10,148,0.008709295326262316,0.5,0.4509077421463066,0.7640692640692641,0.8181818181818182,10,10,0.3333333333333333,0.22569817677140236,"Blues'is|emotionally|powerful|portrayal|joy|sadness|believable,|and|smell,|by"
text,1,2026-10-05T13:51:05,nodeGcor2,3.11.9,unknown,13155631,11196,148,1,1,0.9957518577575684,random,attribution,10,148,0.002136844227419893,0.57,0.3284680131689933,0.03742690058479532,0.0,10,10,0.05263157894736842,1.157587394118309e-05,"60s.|maintained|away|did|settings|were|Pre-integration|sound,and|the|""Lackawanna"
text,1,2026-10-05T13:51:05,nodeGcor2,3.11.9,unknown,13155631,11204,40,1,1,0.995685338973999,integrated_gradients,attribution,10,40,0.11497484439827815,0.86,0.5035305206747609,0.8727272727272728,0.6666666666666666,10,10,1.0,0.02596648596227169,"wonderful|movie!|A|good|with|humor,|very|good|enjoy|movie!!"
text,1,2026-10-05T13:51:05,nodeGcor2,3.11.9,unknown,13155631,11204,40,1,1,0.995685338973999,lime,attribution,10,40,0.20499025790627715,0.87,0.45967761721881395,0.7787878787878788,0.42857142857142855,10,10,0.5384615384615384,0.06284691533073783,"A|wonderful|characters.|good|family|sadness,|humor,|very|enjoy|it."
text,1,2026-10-05T13:51:05,nodeGcor2,3.11.9,unknown,13155631,11204,40,1,1,0.995685338973999,random,attribution,10,40,0.001790620053076871,0.59,0.33472071367932144,0.18658779301194162,0.05263157894736842,10,10,0.1111111111111111,2.254405990242958e-05,"Anyone|family|with|humor,|good|acting|You|movie!!|need|like"
text,1,2026-10-05T13:51:05,nodeGcor2,3.11.9,unknown,13155631,11285,46,0,0,0.9942920207977295,integrated_gradients,attribution,10,46,0.5604334682616358,0.96,0.6724310620681373,0.8787878787878789,0.6666666666666666,10,10,1.0,0.034424807876348495,bad|acting|join|true|in|terrible|movie-making.|too|foulmouthed|true
text,1,2026-10-05T13:51:05,nodeGcor2,3.11.9,unknown,13155631,11285,46,0,0,0.9942920207977295,lime,attribution,10,46,0.5438318259105982,0.93,0.6498437405479577,0.8242424242424242,0.42857142857142855,10,10,0.6666666666666666,0.07544970093294978,bad|acting|true|terrible|movie-making.|too|foulmouthed|lead.|A|true
text,1,2026-10-05T13:51:05,nodeGcor2,3.11.9,unknown,13155631,11285,46,0,0,0.9942920207977295,random,attribution,10,46,0.2841825759532204,0.57,0.3668501550864923,0.1435672514619883,0.0,10,10,0.1111111111111111,1.0186806321144104e-05,"Profanity,|self-indulgence,|forces|for|tour|force|movie-making.|Pesci's|no|He"
text,1,2026-10-05T13:51:05,nodeGcor2,3.11.9,unknown,13155631,11325,137,1,1,0.9905508756637573,integrated_gradients,attribution,10,137,0.24646334854632912,0.57,0.4681766329639162,0.9303030303030303,0.42857142857142855,10,10,1.0,0.0560358171351254,a|nice|with|good|performances|his|greatest|touch|mean|very
text,1,2026-10-05T13:51:05,nodeGcor2,3.11.9,unknown,13155631,11325,137,1,1,0.9905508756637573,lime,attribution,10,137,0.17795799258738026,0.58,0.5376928907745189,0.9484848484848485,0.42857142857142855,10,10,0.42857142857142855,0.37559151416644454,nice|.|greatest|touch|but|this|good|could|not|boring
text,1,2026-10-05T13:51:05,nodeGcor2,3.11.9,unknown,13155631,11325,137,1,1,0.9905508756637573,random,attribution,10,137,0.02402037080428621,0.54,0.300418371029633,0.043859649122807015,0.0,10,10,0.05263157894736842,1.3485085219144821e-05,nice|Sbaraglia|course|and|it's|character|this|aspects|actors|Dechent
text,1,2026-10-05T13:51:05,nodeGcor2,3.11.9,unknown,13155631,11658,176,1,1,0.7169128060340881,integrated_gradients,attribution,10,176,0.1390525167484896,0.43,0.6309961804642782,0.9818181818181818,0.8181818181818182,10,10,1.0,0.08431217819452286,"comedy|like|sometimes|touching|chicks|cast),|for?|welcome|What|(2002-2006):"
text,1,2026-10-05T13:51:05,nodeGcor2,3.11.9,unknown,13155631,11658,176,1,1,0.7169128060340881,lime,attribution,10,176,0.4836632232275875,0.64,0.5268633004533503,0.9818181818181818,0.5384615384615384,10,10,0.6666666666666666,0.26018331199884415,"skip|a|funny,|touching|show|who|then|hell|welcome|I"
text,1,2026-10-05T13:51:05,nodeGcor2,3.11.9,unknown,13155631,11658,176,1,1,0.7169128060340881,random,attribution,10,176,0.0,0.53,0.3346452775366142,0.03742690058479532,0.0,10,10,0.0,1.2941192835569382e-05,(Amanda|of|from|not|Tina|(Alison|(Nick|you|what|Like
text,1,2026-10-05T13:51:05,nodeGcor2,3.11.9,unknown,13155631,11699,131,1,1,0.9925826787948608,integrated_gradients,attribution,10,131,0.3178397184757326,0.63,0.6888623471771831,0.9636363636363636,0.8181818181818182,10,10,1.0,0.056001093704253435,"Cinema|was|badly|but|overall,|an|excellent|well-crafted|work.|astronauts."
text,1,2026-10-05T13:51:05,nodeGcor2,3.11.9,unknown,13155631,11699,131,1,1,0.9925826787948608,lime,attribution,10,131,0.2930947120281582,0.79,0.5885839078322559,0.9666666666666666,0.8181818181818182,10,10,0.8181818181818182,0.28103446075692773,"was|badly|Nano-Technology|but|overall,|an|excellent|and|well-crafted|work."
text,1,2026-10-05T13:51:05,nodeGcor2,3.11.9,unknown,13155631,11699,131,1,1,0.9925826787948608,random,attribution,10,131,0.008521763401100621,0.51,0.3336153730650796,0.05438596491228069,0.0,10,10,0.0,1.1119060218334198e-05,the|of|the|The|social|in|to|travel|I|development.
text,1,2026-10-05T13:51:05,nodeGcor2,3.11.9,unknown,13155631,11816,142,1,1,0.9913390278816223,integrated_gradients,attribution,10,142,0.5860424981882717,0.57,0.6166557901691068,0.9484848484848485,0.5384615384615384,10,10,1.0,0.060412794817239046,"movie|is|incredible,|it|tone|great,|kind.|movie.|movie|worth"
text,1,2026-10-05T13:51:05,nodeGcor2,3.11.9,unknown,13155631,11816,142,1,1,0.9913390278816223,lime,attribution,10,142,0.5218438845474683,0.55,0.518046182016166,0.8575757575757577,0.42857142857142855,10,10,0.42857142857142855,0.16576301399618387,"is|incredible,|tone|great,|still|kind.|ill|this|its|worth"
text,1,2026-10-05T13:51:05,nodeGcor2,3.11.9,unknown,13155631,11816,142,1,1,0.9913390278816223,random,attribution,10,142,0.008976780717114313,0.49,0.3243596711655816,0.015789473684210527,0.0,10,10,0.1111111111111111,1.0741408914327621e-05,"the|for|out|time|movie|If|Giggler""|right|lines|buy"
text,1,2026-10-05T13:51:05,nodeGcor2,3.11.9,unknown,13155631,12143,119,0,0,0.9969306588172913,integrated_gradients,attribution,10,119,0.05148800461277574,0.97,0.5163764969008655,0.8883116883116884,0.5384615384615384,10,10,1.0,0.05528560187667608,the|worst|movie|I've|seen;|tweeners.|stunk.|awful|horrible|didn't
text,1,2026-10-05T13:51:05,nodeGcor2,3.11.9,unknown,13155631,12143,119,0,0,0.9969306588172913,lime,attribution,10,119,0.18853501143538148,0.84,0.5071130917722403,0.9636363636363636,0.6666666666666666,10,10,0.42857142857142855,0.14514210633933544,"worst|movie|theater|stupid|stunk.|Instead,|it|just|awful|this"
text,1,2026-10-05T13:51:05,nodeGcor2,3.11.9,unknown,13155631,12143,119,0,0,0.9969306588172913,random,attribution,10,119,0.001822582117685689,0.5,0.36785273279225883,0.055073959408324734,0.0,10,10,0.0,2.5039073079824448e-05,"ten|much|next|the|seemed|were|Instead,|Isla|this|it."
text,1,2026-10-05T13:51:05,nodeGcor2,3.11.9,unknown,13155631,12165,147,0,0,0.9695844650268555,integrated_gradients,attribution,10,147,0.5703300303373006,0.5,0.5354875684631064,0.9121212121212121,0.5384615384615384,10,10,1.0,0.06582589400932193,"TV|society...just|this|little|piece|work|insult|$100,000|web|designer"
text,1,2026-10-05T13:51:05,nodeGcor2,3.11.9,unknown,13155631,12165,147,0,0,0.9695844650268555,lime,attribution,10,147,0.4222017424336874,0.66,0.5266107554875838,0.9484848484848485,0.25,10,10,0.5384615384615384,0.3780630389228463,"this|shallow|little|piece|work|problems.|loves|insult|intelligence,|ugly"
text,1,2026-10-05T13:51:05,nodeGcor2,3.11.9,unknown,13155631,12165,147,0,0,0.9695844650268555,random,attribution,10,147,0.05000379923233375,0.5,0.3211130773325126,0.02631578947368421,0.0,10,10,0.0,1.308787614107132e-05,cappucino|anyone|to|live|for|person|a|six|nobodies|the
text,1,2026-10-05T13:51:05,nodeGcor2,3.11.9,unknown,13155631,12270,76,0,0,0.994551956653595,integrated_gradients,attribution,10,76,0.3086559821807904,0.91,0.6261148982613725,0.9090909090909092,0.8181818181818182,10,10,1.0,0.03683373285457492,"movie,|wasted|acting|terrible,|plot|was|even|worse.|highly|recommend"
text,1,2026-10-05T13:51:05,nodeGcor2,3.11.9,unknown,13155631,12270,76,0,0,0.994551956653595,lime,attribution,10,76,0.31897576701836466,0.93,0.5968399616418083,0.9818181818181818,0.8181818181818182,10,10,0.6666666666666666,0.17472616210579872,"acting|was|terrible,|plot|was|even|worse.|scenes|highly|recommend"
text,1,2026-10-05T13:51:05,nodeGcor2,3.11.9,unknown,13155631,12270,76,0,0,0.994551956653595,random,attribution,10,76,0.012093866807688664,0.51,0.3022111353002688,0.09563123495012041,0.0,10,10,0.05263157894736842,1.1325813829898834e-05,is|that|be|The|meant|to|had|and|their|own
text,1,2026-10-05T13:51:05,nodeGcor2,3.11.9,unknown,13155631,12397,154,0,0,0.9922744631767273,integrated_gradients,attribution,10,154,0.08308943936253164,0.51,0.4948458603881498,0.9818181818181818,0.6666666666666666,10,10,1.0,0.06646137684583664,"film,,|design|excellent,|too|painful|brutal.|too|film.|excellent,|lying."
text,1,2026-10-05T13:51:05,nodeGcor2,3.11.9,unknown,13155631,12397,154,0,0,0.9922744631767273,lime,attribution,10,154,0.04149828657014466,0.46,0.5036079200327375,0.9272727272727274,0.6666666666666666,10,10,0.8181818181818182,0.2974341376684606,"Sorry|design|excellent,|this|painful|brutal.|excellent,|but|only|Bergman."
text,1,2026-10-05T13:51:05,nodeGcor2,3.11.9,unknown,13155631,12397,154,0,0,0.9922744631767273,random,attribution,10,154,0.023099721923931033,0.5,0.35539985558093656,0.04327485380116959,0.0,10,10,0.05263157894736842,1.1805910617113113e-05,their|out|and|is|too|people|of|his|enjoyed|this
text,1,2026-10-05T13:51:05,nodeGcor2,3.11.9,unknown,13155631,12537,170,0,0,0.9659317135810852,integrated_gradients,attribution,10,170,0.4539846454738457,0.6,0.5883398615224156,0.9636363636363636,0.6666666666666666,10,10,1.0,0.06568041630089283,"film|2007,|laughable|film|Please|on|film|disregard|doctor|film"
text,1,2026-10-05T13:51:05,nodeGcor2,3.11.9,unknown,13155631,12537,170,0,0,0.9659317135810852,lime,attribution,10,170,0.5618071974302782,0.56,0.48823714617818237,0.9818181818181818,0.42857142857142855,10,10,0.6666666666666666,0.3104487508535385,different!!!|laughable|legitimate|Whitman.|Please|don't|waste|a|film|disregard
text,1,2026-10-05T13:51:05,nodeGcor2,3.11.9,unknown,13155631,12537,170,0,0,0.9659317135810852,random,attribution,10,170,0.05660138797314146,0.47,0.3383912145222723,0.03742690058479532,0.0,10,10,0.0,1.2783333659172058e-05,"I|Richard|the|the|Dr.|cure|women,|basis!|the|on"
text,1,2026-10-05T13:51:05,nodeGcor2,3.11.9,unknown,13155631,12606,137,1,1,0.9961680769920349,integrated_gradients,attribution,10,137,0.050110013643929634,0.61,0.6313398292939207,0.9818181818181818,0.6666666666666666,10,10,1.0,0.05536683229729533,one|funniest|informative|ever|seen.|show|HBO|series.|an|amazing
text,1,2026-10-05T13:51:05,nodeGcor2,3.11.9,unknown,13155631,12606,137,1,1,0.9961680769920349,lime,attribution,10,137,0.04354072748597538,0.6,0.4965066694018129,0.9454545454545455,0.6666666666666666,10,10,0.5384615384615384,0.3601216310635209,this|funniest|ever|seen.|a|the|16.|me|series.|amazing
text,1,2026-10-05T13:51:05,nodeGcor2,3.11.9,unknown,13155631,12606,137,1,1,0.9961680769920349,random,attribution,10,137,0.0021565941142446202,0.57,0.3160243053957249,0.03216374269005848,0.0,10,10,0.05263157894736842,1.2072734534740448e-05,shows|This|this|and|very|college|attendance.|they|I|a
text,1,2026-10-05T13:51:05,nodeGcor2,3.11.9,unknown,13155631,12655,62,0,0,0.9957518577575684,integrated_gradients,attribution,10,62,0.4978208953651467,0.78,0.5415309004472844,0.9636363636363636,0.6666666666666666,10,10,1.0,0.03513959003612399,film|stink!|film|too|didn't|film|successful.|turned|mundane|effort.
text,1,2026-10-05T13:51:05,nodeGcor2,3.11.9,unknown,13155631,12655,62,0,0,0.9957518577575684,lime,attribution,10,62,0.6648014323524609,0.88,0.5699253820984678,0.9454545454545455,0.6666666666666666,10,10,0.8181818181818182,0.16241011722013354,this|film|stink!|obvious|sequels|too|didn't|successful.|turned|mundane
text,1,2026-10-05T13:51:05,nodeGcor2,3.11.9,unknown,13155631,12655,62,0,0,0.9957518577575684,random,attribution,10,62,0.006206653152913718,0.66,0.33995301622412855,0.07856897144822841,0.05263157894736842,10,10,0.1111111111111111,1.2032222002744675e-05,spurn|churn|tired|which|made|the|film|successful.|No|rather
text,1,2026-10-05T13:51:05,nodeGcor2,3.11.9,unknown,13155631,12672,146,0,0,0.8859772682189941,integrated_gradients,attribution,10,146,0.40441584873002523,0.61,0.5139703104337725,0.9454545454545455,0.6666666666666666,10,10,1.0,0.061375690158456564,"woman|clinic|artificial|$5|We|$30,000|this|even|fare?|counts."
text,1,2026-10-05T13:51:05,nodeGcor2,3.11.9,unknown,13155631,12672,146,0,0,0.8859772682189941,lime,attribution,10,146,0.40749868543494205,0.6,0.4638141940142464,0.9303030303030303,0.8181818181818182,10,10,0.6666666666666666,0.3716671126894653,"fertility|turkey|baster),|sperm|this|suspension|fare?|Far|fetched|counts."
text,1,2026-10-05T13:51:05,nodeGcor2,3.11.9,unknown,13155631,12672,146,0,0,0.8859772682189941,random,attribution,10,146,0.20769017867858897,0.49,0.3691471332175922,0.0327485380116959,0.0,10,10,0.0,1.1337921023368835e-05,"decides|to|know|people|use|engage|doesn't|she|Plus,|counts."
text,1,2026-10-05T13:51:05,nodeGcor2,3.11.9,unknown,13155631,12703,137,0,0,0.9896917939186096,integrated_gradients,attribution,10,137,0.4651587576282322,0.69,0.6093703917550275,0.9818181818181818,0.6666666666666666,10,10,1.0,0.06067563593387604,ship-wrecked|hack|movie.|amateur|actors|film|annoyingly|unenergetic|film|just
text,1,2026-10-05T13:51:05,nodeGcor2,3.11.9,unknown,13155631,12703,137,0,0,0.9896917939186096,lime,attribution,10,137,0.5433388140510578,0.61,0.5074085875473497,1.0,0.6666666666666666,10,10,0.42857142857142855,0.28647032007575035,hack|movie.|actors|annoyingly|score|unenergetic|just|drag|can't|recommend
text,1,2026-10-05T13:51:05,nodeGcor2,3.11.9,unknown,13155631,12703,137,0,0,0.9896917939186096,random,attribution,10,137,0.022638269076881594,0.46,0.3029413443521932,0.03216374269005848,0.0,10,10,0.0,1.1701136827468872e-05,remote|an|all|while|score|action|are|It|by|of
text,1,2026-10-05T13:51:05,nodeGcor2,3.11.9,unknown,13155631,13006,107,0,0,0.5805006623268127,integrated_gradients,attribution,10,107,0.0,0.56,0.5850699700175955,0.9636363636363636,0.5384615384615384,10,10,1.0,0.055914671160280704,liked|this|over.|don't.|great|bunch|comment-heavy|a|favorite|than
text,1,2026-10-05T13:51:05,nodeGcor2,3.11.9,unknown,13155631,13006,107,0,0,0.5805006623268127,lime,attribution,10,107,0.31886939204871867,0.59,0.5714480632980428,0.9090909090909092,0.42857142857142855,10,10,0.6666666666666666,0.22245484124869108,liked|this|over.|But|don't.|would|cheesy|plot.|favorite|than
text,1,2026-10-05T13:51:05,nodeGcor2,3.11.9,unknown,13155631,13006,107,0,0,0.5805006623268127,random,attribution,10,107,0.5338909775304607,0.53,0.30114965076006295,0.03333333333333333,0.0,10,10,0.05263157894736842,1.1708121746778488e-05,"would|over|But|Science|It|Culkin|a|""Hey,|the|""The"
text,1,2026-10-05T13:51:05,nodeGcor2,3.11.9,unknown,13155631,13195,158,1,1,0.9967837333679199,integrated_gradients,attribution,10,158,0.0033078486629637195,0.64,0.6428161702827164,1.0,0.5384615384615384,10,10,1.0,0.06575980270281434,this|his|best|piece|work.|boring|seamless|thoroughly|entertaining.|greatness
text,1,2026-10-05T13:51:05,nodeGcor2,3.11.9,unknown,13155631,13195,158,1,1,0.9967837333679199,lime,attribution,10,158,0.0014885857156046645,0.56,0.4621577797943309,0.9174825174825175,0.8181818181818182,10,10,0.3333333333333333,0.1919847303070128,best|the|be|boring|but|provoking.|thoroughly|entertaining.|and|omniscient
text,1,2026-10-05T13:51:05,nodeGcor2,3.11.9,unknown,13155631,13195,158,1,1,0.9967837333679199,random,attribution,10,158,0.0007469837213518707,0.53,0.3558950757592201,0.005263157894736842,0.0,10,10,0.0,1.3116281479597092e-05,To|himself.|dynamic|is|particularly|greatness|a|and|at|this
text,1,2026-10-05T13:51:05,nodeGcor2,3.11.9,unknown,13155631,13281,165,1,1,0.9524415731430054,integrated_gradients,attribution,10,165,0.19142631744358551,0.45,0.6735357939673889,0.9818181818181818,0.6666666666666666,10,10,1.0,0.0667450912296772,"is|great|film|equal|suspense,|humor,|but|nothing|big.|superior"
text,1,2026-10-05T13:51:05,nodeGcor2,3.11.9,unknown,13155631,13281,165,1,1,0.9524415731430054,lime,attribution,10,165,0.22459531752231227,0.6,0.5504176339853712,0.9818181818181818,0.6666666666666666,10,10,0.5384615384615384,0.2841154308989644,"This|a|great|film|equal|suspense,|but|nothing|big.|superior"
text,1,2026-10-05T13:51:05,nodeGcor2,3.11.9,unknown,13155631,13281,165,1,1,0.9524415731430054,random,attribution,10,165,0.08732325121760516,0.45,0.34547466218715916,0.038011695906432746,0.0,10,10,0.17647058823529413,1.2215226888656616e-05,"film|who|don't|Linnea|over|a|Amelia|[soon|limits|anything,"
text,1,2026-10-05T13:51:05,nodeGcor2,3.11.9,unknown,13155631,13354,129,1,1,0.9947900772094727,integrated_gradients,attribution,10,129,0.09519450433462147,0.63,0.5764602936945278,0.9636363636363636,0.8181818181818182,10,10,1.0,0.055454588029533625,"perfect|amazing,|absolutely|amazing.|worth|beautiful|astounding.|its|breathtaking.|GREAT!"
text,1,2026-10-05T13:51:05,nodeGcor2,3.11.9,unknown,13155631,13354,129,1,1,0.9947900772094727,lime,attribution,10,129,0.020682922176216766,0.72,0.4886793237047735,0.9818181818181818,0.8181818181818182,10,10,0.3333333333333333,0.27822199696674943,"suggested|and|amazing,|absolutely|amazing.|and|astounding.|its|breathtaking.|GREAT!"
text,1,2026-10-05T13:51:05,nodeGcor2,3.11.9,unknown,13155631,13354,129,1,1,0.9947900772094727,random,attribution,10,129,0.0026960765516295935,0.5,0.3192996148809324,0.06033711730306157,0.0,10,10,0.05263157894736842,1.1838972568511963e-05,from|the|was|miracles|have|the|being|of|the|movie
text,1,2026-10-05T13:51:05,nodeGcor2,3.11.9,unknown,13155631,13382,171,1,1,0.9963357448577881,integrated_gradients,attribution,10,171,0.0037525111062986145,0.64,0.6218465427789672,1.0,0.8181818181818182,10,10,1.0,0.08220354188233614,"surprisingly|lots|detail.|a|great|fun,|feel-good|a|great|soundtrack."
text,1,2026-10-05T13:51:05,nodeGcor2,3.11.9,unknown,13155631,13382,171,1,1,0.9963357448577881,lime,attribution,10,171,0.006608621574635643,0.6,0.44673200400846846,0.890909090909091,0.6666666666666666,10,10,0.25,0.24154815822839737,comedy|gem.|quirky|overall|a|great|feel-good|enjoy.|Oh....|great
text,1,2026-10-05T13:51:05,nodeGcor2,3.11.9,unknown,13155631,13382,171,1,1,0.9963357448577881,random,attribution,10,171,0.0010949560115196815,0.51,0.349875842387146,0.010526315789473684,0.0,10,10,0.0,1.180870458483696e-05,had|laughing|surprisingly|a|film|of|(I've|get|this|a
text,1,2026-10-05T13:51:05,nodeGcor2,3.11.9,unknown,13155631,13899,157,0,0,0.9971272349357605,integrated_gradients,attribution,10,157,0.006577014468092839,0.72,0.46519025676298775,0.9454545454545455,0.8181818181818182,10,10,1.0,0.0646634022705257,Hauer|movie?|script|terrible.|didn't|flick.|disappointment!|cheap|didn't|B-movie
text,1,2026-10-05T13:51:05,nodeGcor2,3.11.9,unknown,13155631,13899,157,0,0,0.9971272349357605,lime,attribution,10,157,0.0102274377236346,0.74,0.45758528844162516,0.9818181818181818,0.8181818181818182,10,10,0.17647058823529413,0.29952017730101943,script|terrible.|didn't|disappointment!|flight|cheap|marks|it.|lame.|sorry
text,1,2026-10-05T13:51:05,nodeGcor2,3.11.9,unknown,13155631,13899,157,0,0,0.9971272349357605,random,attribution,10,157,0.0011692257627300203,0.5,0.3042472711357511,0.03216374269005848,0.0,10,10,0.05263157894736842,1.2489035725593567e-05,"Rutger|script|flick.|scenes|some|sources,|notice|I|feel|their"
text,1,2026-10-05T13:51:05,nodeGcor2,3.11.9,unknown,13155631,14140,101,1,1,0.9958418011665344,integrated_gradients,attribution,10,101,0.028426774565818023,0.76,0.6320080503216032,0.9636363636363636,0.8181818181818182,10,10,1.0,0.05011939397081733,"one|the|best|danish|tv-series|exciting,|fun,|suspense,|love|it."
text,1,2026-10-05T13:51:05,nodeGcor2,3.11.9,unknown,13155631,14140,101,1,1,0.9958418011665344,lime,attribution,10,101,0.03394670629927853,0.68,0.4967707821739833,0.9818181818181818,0.5384615384615384,10,10,0.42857142857142855,0.20601399708539248,"best|tv-series|watched.|price|pleasantly|exciting,|fun,|suspense,|love|it."
text,1,2026-10-05T13:51:05,nodeGcor2,3.11.9,unknown,13155631,14140,101,1,1,0.9958418011665344,random,attribution,10,101,0.0020553102857748576,0.48,0.3604521702231218,0.06618507051943585,0.0,10,10,0.05263157894736842,1.0133720934391022e-05,danish|-|help|the|their|they|series|-|was|love
text,1,2026-10-05T13:51:05,nodeGcor2,3.11.9,unknown,13155631,14176,120,1,1,0.9959535598754883,integrated_gradients,attribution,10,120,0.028137756347831583,0.68,0.6139175163198017,0.9636363636363636,0.8181818181818182,10,10,1.0,0.05512514803558588,film|a|really|good|film|today's|films.|A|good|film
text,1,2026-10-05T13:51:05,nodeGcor2,3.11.9,unknown,13155631,14176,120,1,1,0.9959535598754883,lime,attribution,10,120,0.04737018747851499,0.6,0.49965220974731295,0.9818181818181818,0.5384615384615384,10,10,0.6666666666666666,0.2220837101340294,is|heart|film|overcome|romantically|him.|It's|today's|good|film
text,1,2026-10-05T13:51:05,nodeGcor2,3.11.9,unknown,13155631,14176,120,1,1,0.9959535598754883,random,attribution,10,120,0.00041491794284007115,0.51,0.33920448518969026,0.051900584795321635,0.0,10,10,0.05263157894736842,1.1140014976263046e-05,"one|difficult,|widower|where|meets|how|her|to|Iris|nudity,"
text,1,2026-10-05T13:51:05,nodeGcor2,3.11.9,unknown,13155631,14229,56,1,1,0.9954261183738708,integrated_gradients,attribution,10,56,0.17231841074738036,0.68,0.583014751947525,0.8575757575757577,0.6666666666666666,10,10,1.0,0.033207064028829336,"frailties|film|without|parallel.|It|is,|quite|brilliant.|scriptwriter|only"
text,1,2026-10-05T13:51:05,nodeGcor2,3.11.9,unknown,13155631,14229,56,1,1,0.9954261183738708,lime,attribution,10,56,0.266113025859917,0.73,0.5832586938222739,0.7296037296037297,0.3333333333333333,10,10,0.42857142857142855,0.0783240869641304,"age,|this|film|It|brilliant.|Full|everyone|in|only|the"
text,1,2026-10-05T13:51:05,nodeGcor2,3.11.9,unknown,13155631,14229,56,1,1,0.9954261183738708,random,attribution,10,56,0.006168805098344784,0.42,0.3371277638441521,0.08650670794633643,0.05263157894736842,10,10,0.17647058823529413,2.1786894649267197e-05,the|nature|context|film|quite|-|involved|product.|inherent|ageing
text,1,2026-10-05T13:51:05,nodeGcor2,3.11.9,unknown,13155631,14480,102,0,0,0.9303950071334839,integrated_gradients,attribution,10,102,0.8292221347110639,0.54,0.5954623231056141,0.8757575757575757,0.5384615384615384,10,10,1.0,0.048403956927359104,too|this|tire|before|Unlike|is|lack|humor.|looks|nice.
text,1,2026-10-05T13:51:05,nodeGcor2,3.11.9,unknown,13155631,14480,102,0,0,0.9303950071334839,lime,attribution,10,102,0.6163448357333556,0.69,0.5735979261780851,0.7939393939393941,0.5384615384615384,10,10,0.42857142857142855,0.1965435310266912,this|tire|after|Unlike|this|is|lack|humor.|good|characters
text,1,2026-10-05T13:51:05,nodeGcor2,3.11.9,unknown,13155631,14480,102,0,0,0.9303950071334839,random,attribution,10,102,0.0,0.4,0.3362595185252749,0.06618507051943583,0.0,10,10,0.05263157894736842,1.267995685338974e-05,"the|all|fights,|hour.|I|very|Unlike|either.|pretty|good"
text,1,2026-10-05T13:51:05,nodeGcor2,3.11.9,unknown,13155631,14585,199,0,0,0.9929881691932678,integrated_gradients,attribution,10,199,0.9175356763259955,0.71,0.5602629544614447,0.9484848484848485,0.8181818181818182,10,10,1.0,0.08457027981057763,disappointed.|movie|left|jipped|film|upper-class|go???|neuroticism|nothing|cheating.
text,1,2026-10-05T13:51:05,nodeGcor2,3.11.9,unknown,13155631,14585,199,0,0,0.9929881691932678,lime,attribution,10,199,0.7432270939412207,0.75,0.5504525346217812,0.7293373293373293,0.5384615384615384,10,10,0.3333333333333333,0.34174864226952195,am|so|disappointed.|movie|quintessential|cheat|Where|interesting|nothing|cheating.
text,1,2026-10-05T13:51:05,nodeGcor2,3.11.9,unknown,13155631,14585,199,0,0,0.9929881691932678,random,attribution,10,199,0.027150569309172735,0.5,0.34193883966364513,0.04327485380116959,0.0,10,10,0.05263157894736842,1.1485069990158081e-05,movie|all|again:|their|your|far|and|does|Depressing|humor
text,1,2026-10-05T13:51:05,nodeGcor2,3.11.9,unknown,13155631,14594,102,1,1,0.9967774748802185,integrated_gradients,attribution,10,102,0.013081446193961892,0.7,0.5991859020416006,0.9818181818181818,0.6666666666666666,10,10,1.0,0.04824003204703331,the|most|heartrending|wonderfully|films|ever|made.|audience's|hearts|warm
text,1,2026-10-05T13:51:05,nodeGcor2,3.11.9,unknown,13155631,14594,102,1,1,0.9967774748802185,lime,attribution,10,102,0.011772482350963643,0.6,0.43842741587567813,0.9272727272727274,0.8181818181818182,10,10,0.25,0.19815379800274968,most|heartrending|and|wonderfully|ever|made.|blind|cub|hilarious|and
text,1,2026-10-05T13:51:05,nodeGcor2,3.11.9,unknown,13155631,14594,102,1,1,0.9967774748802185,random,attribution,10,102,0.0017557695915082032,0.59,0.3371210911379565,0.026900584795321637,0.0,10,10,0.0,1.2048054486513138e-05,ever|The|are|hilarious|and|warm|with|of|the|foxes
text,1,2026-10-05T13:51:05,nodeGcor2,3.11.9,unknown,13155631,14600,133,0,0,0.9964687824249268,integrated_gradients,attribution,10,133,0.0768815140975233,0.85,0.5393607998710653,0.9636363636363636,0.8181818181818182,10,10,1.0,0.05589365493506193,"movie|awful.|production|too|job?|Cassidy,|guys?""|characters|characters|movie,"
text,1,2026-10-05T13:51:05,nodeGcor2,3.11.9,unknown,13155631,14600,133,0,0,0.9964687824249268,lime,attribution,10,133,0.031132364619344977,0.82,0.5200691541912358,0.9303030303030303,0.6666666666666666,10,10,0.42857142857142855,0.23678684327751398,"movie|awful.|nonsense.|plot.|they|Cassidy,|director|characters|any|movie,"
text,1,2026-10-05T13:51:05,nodeGcor2,3.11.9,unknown,13155631,14600,133,0,0,0.9964687824249268,random,attribution,10,133,0.0009754771691207522,0.62,0.33009367555424896,0.04327485380116959,0.0,10,10,0.05263157894736842,1.3626180589199066e-05,"job?|To|are|guys?""|the|characters|you|waste|this|Otherwise,"
text,1,2026-10-05T13:51:05,nodeGcor2,3.11.9,unknown,13155631,14776,164,0,0,0.9828232526779175,integrated_gradients,attribution,10,164,0.8554640816523075,0.7,0.49736363278909623,0.9090909090909092,0.6666666666666666,10,10,1.0,0.06516163283959031,"didn't|weird|dumb|This|dumb|show,|crazy!|boring|dumb,|better"
text,1,2026-10-05T13:51:05,nodeGcor2,3.11.9,unknown,13155631,14776,164,0,0,0.9828232526779175,lime,attribution,10,164,0.8353893053069561,0.72,0.526734384803188,0.9636363636363636,0.6666666666666666,10,10,0.5384615384615384,0.34774927981197834,"just|Rhymes.|a|dumb|show,|boring|this|dumb,|don't|off"
text,1,2026-10-05T13:51:05,nodeGcor2,3.11.9,unknown,13155631,14776,164,0,0,0.9828232526779175,random,attribution,10,164,0.02558736294985796,0.52,0.31691485505702555,0.03216374269005848,0.0,10,10,0.0,1.1804047971963882e-05,watched|which|and|it's|Rogers|Sesame|when|but|than|show
text,1,2026-10-05T13:51:05,nodeGcor2,3.11.9,unknown,13155631,14939,122,1,1,0.9918121099472046,integrated_gradients,attribution,10,122,0.2065528731455808,0.56,0.5582268262734715,0.9818181818181818,0.6666666666666666,10,10,1.0,0.05637967400252819,"events.|jewel|characters,|story|facet|film.|acting|finely-tuned|humor|viewer"
text,1,2026-10-05T13:51:05,nodeGcor2,3.11.9,unknown,13155631,14939,122,1,1,0.9918121099472046,lime,attribution,10,122,0.14842601307728448,0.52,0.47633068323716443,0.8575757575757577,0.6666666666666666,10,10,0.8181818181818182,0.2226742492057383,jewel|seemingly-unrelated|well.)|facet|this|film.|finely-tuned|and|stories|humor
text,1,2026-10-05T13:51:05,nodeGcor2,3.11.9,unknown,13155631,14939,122,1,1,0.9918121099472046,random,attribution,10,122,0.01026578010397452,0.54,0.340580503454894,0.0327485380116959,0.0,10,10,0.05263157894736842,1.271907240152359e-05,"According|this|I'm|chain|big|jewel|film|theory|this|luminous),"
text,1,2026-10-05T13:51:05,nodeGcor2,3.11.9,unknown,13155631,15309,111,1,1,0.9951608777046204,integrated_gradients,attribution,10,111,0.9431768887979292,0.72,0.5937325087895551,0.890909090909091,0.5384615384615384,10,10,1.0,0.04873793199658394,better|didn't|finely|exquisite|rhythm|excellent.|both|challenge|humanity|light.
text,1,2026-10-05T13:51:05,nodeGcor2,3.11.9,unknown,13155631,15309,111,1,1,0.9951608777046204,lime,attribution,10,111,0.25307778274702325,0.66,0.5324467274737323,1.0,0.8181818181818182,10,10,0.5384615384615384,0.1980867339298129,better|didn't|disappointed|finely|exquisite|rhythm|excellent.|never|disappointed|challenge
text,1,2026-10-05T13:51:05,nodeGcor2,3.11.9,unknown,13155631,15309,111,1,1,0.9951608777046204,random,attribution,10,111,0.0289540105614335,0.53,0.33599011213006447,0.03343653250773994,0.0,10,10,0.1111111111111111,1.1791940778493881e-05,by|one|exquisite|movie|rhythm|the|she|has|the|darkest
text,1,2026-10-05T13:51:05,nodeGcor2,3.11.9,unknown,13155631,15359,112,0,0,0.9822707772254944,integrated_gradients,attribution,10,112,0.18708648161269736,0.54,0.503222404844865,0.8393939393939395,0.6666666666666666,10,10,1.0,0.06029808009043336,"attempt|""thriller""|all!|movie|tracked|vehicle,|motel|this,|nothing|do."
text,1,2026-10-05T13:51:05,nodeGcor2,3.11.9,unknown,13155631,15359,112,0,0,0.9822707772254944,lime,attribution,10,112,0.26075941962536003,0.65,0.4719018576521803,0.9303030303030303,0.5384615384615384,10,10,0.6666666666666666,0.25801446894183755,"this|attempt|""thriller""|would|no|at|all!|movie|cinemaphile|nothing"
text,1,2026-10-05T13:51:05,nodeGcor2,3.11.9,unknown,13155631,15359,112,0,0,0.9822707772254944,random,attribution,10,112,0.05994835243139634,0.58,0.31607325283638743,0.060921912624698996,0.0,10,10,0.05263157894736842,1.0875053703784943e-05,"Autism,|a|snub|teeth|white|with|Perhaps|certainly|cinemaphile|nothing"
text,1,2026-10-05T13:51:05,nodeGcor2,3.11.9,unknown,13155631,15501,143,0,0,0.9964961409568787,integrated_gradients,attribution,10,143,0.18153222631956312,0.81,0.5402571891420545,0.8939393939393939,0.6666666666666666,10,10,1.0,0.06137640820816159,rubbish.|highly|But|dialogue|completely|incomprehensible.|stagers|lost|complete|dud.
text,1,2026-10-05T13:51:05,nodeGcor2,3.11.9,unknown,13155631,15501,143,0,0,0.9964961409568787,lime,attribution,10,143,0.18584477215595172,0.85,0.5187606017370155,0.9818181818181818,0.8181818181818182,10,10,0.42857142857142855,0.2519042966887355,this|rubbish.|author|enjoyable|dialogue|incomprehensible.|ending|complete|anti-climax.|dud.
text,1,2026-10-05T13:51:05,nodeGcor2,3.11.9,unknown,13155631,15501,143,0,0,0.9964961409568787,random,attribution,10,143,0.0011547734353779969,0.58,0.35662052723363447,0.0327485380116959,0.0,10,10,0.1111111111111111,1.3648997992277145e-05,hours|forward|or|rest|Anne|to|is|suppose|line|interest.
text,1,2026-10-05T13:51:05,nodeGcor2,3.11.9,unknown,13155631,15539,160,0,0,0.8652810454368591,integrated_gradients,attribution,10,160,0.2144628710311981,0.53,0.5797665435451301,0.8939393939393939,0.42857142857142855,10,10,1.0,0.061801652424037457,bored|it|fantastic.|It|endearing.|here.|movie|will|complete|letdown.
text,1,2026-10-05T13:51:05,nodeGcor2,3.11.9,unknown,13155631,15539,160,0,0,0.8652810454368591,lime,attribution,10,160,0.597585404484547,0.55,0.5221643949811114,0.9636363636363636,0.5384615384615384,10,10,0.6666666666666666,0.3728433921933174,bored|it|fantastic.|endearing.|here.|had|wouldn't|be|complete|letdown.
text,1,2026-10-05T13:51:05,nodeGcor2,3.11.9,unknown,13155631,15539,160,0,0,0.8652810454368591,random,attribution,10,160,0.37658334118045134,0.54,0.3335816482755527,0.06608187134502923,0.0,10,10,0.0,1.1156778782606125e-05,other|bored|I|series|show|day|the|like|a|It
text,1,2026-10-05T13:51:05,nodeGcor2,3.11.9,unknown,13155631,15670,95,0,0,0.9216402173042297,integrated_gradients,attribution,10,95,0.4718014944100125,0.56,0.533945318192036,0.9636363636363636,0.3333333333333333,10,10,1.0,0.050614248029887676,But|Noooooooo.|like|this.|movies|funding|The|Ending|priceless!!!|away!
text,1,2026-10-05T13:51:05,nodeGcor2,3.11.9,unknown,13155631,15670,95,0,0,0.9216402173042297,lime,attribution,10,95,0.39781479867786423,0.62,0.4897588502296589,0.9303030303030303,0.5384615384615384,10,10,0.6666666666666666,0.20021895738318563,But|Noooooooo.|sorry|this.|shoot|movies|funding|yes|Ending|priceless!!!
text,1,2026-10-05T13:51:05,nodeGcor2,3.11.9,unknown,13155631,15670,95,0,0,0.9216402173042297,random,attribution,10,95,0.13937558969063138,0.47,0.3216876467210956,0.047953216374269005,0.0,10,10,0.05263157894736842,1.1349096894264221e-05,Noooooooo.|encountered|should|by|he|been|looking|you're|And|whole
text,1,2026-10-05T13:51:05,nodeGcor2,3.11.9,unknown,13155631,16014,91,1,1,0.991305410861969,integrated_gradients,attribution,10,91,0.29653230090530863,0.71,0.5830251434755378,0.9636363636363636,0.5384615384615384,10,10,1.0,0.03783876309171319,really|enjoyed|this.|fun.|fun|helps|work|great|old|enjoy
text,1,2026-10-05T13:51:05,nodeGcor2,3.11.9,unknown,13155631,16014,91,1,1,0.991305410861969,lime,attribution,10,91,0.44470047371394195,0.78,0.5502489307646654,0.9636363636363636,0.6666666666666666,10,10,0.6666666666666666,0.10208920389413834,really|enjoyed|this.|good|fun.|helps|this|work|great|enjoy
text,1,2026-10-05T13:51:05,nodeGcor2,3.11.9,unknown,13155631,16014,91,1,1,0.991305410861969,random,attribution,10,91,0.016173496491113618,0.57,0.3353050966749841,0.03859649122807017,0.0,10,10,0.1111111111111111,2.2990629076957703e-05,"as|good|in|fun.|think|an|film,|characters|and|TV"
text,1,2026-10-05T13:51:05,nodeGcor2,3.11.9,unknown,13155631,16030,70,1,1,0.9959535598754883,integrated_gradients,attribution,10,70,0.1689482665012022,0.67,0.6127771655365699,0.8939393939393939,0.8181818181818182,10,10,1.0,0.036637731827795506,film|kept|come.|timeless|qualities|story/film.|core|a|universal|tale.
text,1,2026-10-05T13:51:05,nodeGcor2,3.11.9,unknown,13155631,16030,70,1,1,0.9959535598754883,lime,attribution,10,70,0.33522329563462994,0.75,0.4783087779614238,0.9484848484848485,0.6666666666666666,10,10,0.8181818181818182,0.1654522018507123,"years|It's|timeless|qualities|viewer,|core|this|a|universal|tale."
text,1,2026-10-05T13:51:05,nodeGcor2,3.11.9,unknown,13155631,16030,70,1,1,0.9959535598754883,random,attribution,10,70,0.0031571586840595865,0.48,0.39138243212876833,0.060921912624698996,0.0,10,10,0.05263157894736842,1.1274125427007675e-05,"watching|night,|a|watching|and|again|years|for|a|Western"
text,1,2026-10-05T13:51:05,nodeGcor2,3.11.9,unknown,13155631,16127,168,0,0,0.9910320043563843,integrated_gradients,attribution,10,168,0.282181830035657,0.61,0.5626947818321031,0.9272727272727274,0.6666666666666666,10,10,1.0,0.06709145801141858,"couldn't|movies|bad,|bad|PAINFUL|lack|ridiculous|eye-candy|this|film."
text,1,2026-10-05T13:51:05,nodeGcor2,3.11.9,unknown,13155631,16127,168,0,0,0.9910320043563843,lime,attribution,10,168,0.3159649644266188,0.57,0.48376725628951434,1.0,0.6666666666666666,10,10,0.8181818181818182,0.24814064987003803,"couldn't|or|entertaining.|bad,|bad|PAINFUL|crammed|ridiculous|no|Joel"
text,1,2026-10-05T13:51:05,nodeGcor2,3.11.9,unknown,13155631,16127,168,0,0,0.9910320043563843,random,attribution,10,168,0.03147679180751894,0.49,0.3552611619811793,0.01637426900584795,0.0,10,10,0.0,1.3004988431930542e-05,couldn't|make|mind-bending|are|this|while|sporting|followers|I|be
text,1,2026-10-05T13:51:05,nodeGcor2,3.11.9,unknown,13155631,16574,121,0,0,0.9947595000267029,integrated_gradients,attribution,10,121,0.40329312891886687,0.74,0.5187930392565294,0.9454545454545455,0.8181818181818182,10,10,1.0,0.060282974038273096,one???|bad|sick!!|movies|on.......|such|awful|movie?|history!!it's|took??
text,1,2026-10-05T13:51:05,nodeGcor2,3.11.9,unknown,13155631,16574,121,0,0,0.9947595000267029,lime,attribution,10,121,0.34722281558328255,0.84,0.5741829331747815,0.9090909090909092,0.6666666666666666,10,10,0.5384615384615384,0.1487961718812585,this|so|bad|that|awful|movie?|movie|boring|ridiculous|movie
text,1,2026-10-05T13:51:05,nodeGcor2,3.11.9,unknown,13155631,16574,121,0,0,0.9947595000267029,random,attribution,10,121,0.004066738589017691,0.52,0.32741284469024956,0.03859649122807017,0.0,10,10,0.05263157894736842,2.225581556558609e-05,on|one|sick!!|come|history!!it's|from|gold....it's|from|end!!|a
text,1,2026-10-05T13:51:05,nodeGcor2,3.11.9,unknown,13155631,16675,184,1,1,0.9532315135002136,integrated_gradients,attribution,10,184,0.3843589626708551,0.61,0.545986299015113,0.862937062937063,0.5384615384615384,10,10,1.0,0.0659736548550427,Then|fantastic.|This|a|cold|show|first|great|realistic|show.
text,1,2026-10-05T13:51:05,nodeGcor2,3.11.9,unknown,13155631,16675,184,1,1,0.9532315135002136,lime,attribution,10,184,0.3882879119311085,0.52,0.4729351241601585,0.8787878787878789,0.5384615384615384,10,10,0.5384615384615384,0.32627964299172163,fantastic.|missed.|cold|show|It|a|great|showing|realistic|show.
text,1,2026-10-05T13:51:05,nodeGcor2,3.11.9,unknown,13155631,16675,184,1,1,0.9532315135002136,random,attribution,10,184,0.022250643752027115,0.57,0.33045610614286214,0.02631578947368421,0.0,10,10,0.1111111111111111,1.1034775525331497e-05,British|that|young|the|modern|tourist|realistic|type|for|of
text,1,2026-10-05T13:51:05,nodeGcor2,3.11.9,unknown,13155631,16724,192,0,0,0.9967396855354309,integrated_gradients,attribution,10,192,0.014363447799156073,0.73,0.5083383354721005,0.9454545454545455,0.6666666666666666,10,10,1.0,0.08224841672927141,video|hour|more|this|disaster.|movie|awful.|movie|movie|production.
text,1,2026-10-05T13:51:05,nodeGcor2,3.11.9,unknown,13155631,16724,192,0,0,0.9967396855354309,lime,attribution,10,192,0.10027168756952079,0.81,0.46792535606221564,0.8701298701298702,0.6666666666666666,10,10,0.3333333333333333,0.3319114833138883,"this|disaster.|movie|awful.|hilarious,|good|this|horrid|theatre|indie"
text,1,2026-10-05T13:51:05,nodeGcor2,3.11.9,unknown,13155631,16724,192,0,0,0.9967396855354309,random,attribution,10,192,0.0005885477646696368,0.52,0.3191633928496469,0.03216374269005848,0.0,10,10,0.05263157894736842,1.1797994375228882e-05,the|with|rented|only|director|commentary|true|he's|hope|beauty
text,1,2026-10-05T13:51:05,nodeGcor2,3.11.9,unknown,13155631,16788,145,1,1,0.9960622191429138,integrated_gradients,attribution,10,145,0.16013822147858037,0.73,0.6277215846397837,0.9818181818181818,0.6666666666666666,10,10,1.0,0.06578800734132528,"classic|films,|This|seminal|work|captures|best|love|this|movie!"
text,1,2026-10-05T13:51:05,nodeGcor2,3.11.9,unknown,13155631,16788,145,1,1,0.9960622191429138,lime,attribution,10,145,0.19724003451348146,0.56,0.5052284532377844,0.9818181818181818,0.6666666666666666,10,10,0.5384615384615384,0.26205561216920614,"This|classic|captures|since,|best|subject.|hilarious|love|this|movie!"
text,1,2026-10-05T13:51:05,nodeGcor2,3.11.9,unknown,13155631,16788,145,1,1,0.9960622191429138,random,attribution,10,145,0.0038027302847063018,0.46,0.28545244611875553,0.010526315789473684,0.0,10,10,0.0,1.1411961168050766e-05,there|and|black|the|Cunty|music|hilarious|dead-on|Sister|this
text,1,2026-10-05T13:51:05,nodeGcor2,3.11.9,unknown,13155631,16935,118,1,1,0.9931495785713196,integrated_gradients,attribution,10,118,0.2545783486478595,0.69,0.6473052404876529,1.0,0.8181818181818182,10,10,1.0,0.05515026208013296,this|wonderful|and|lighthearted|comedy|about|quite|funny|not|ideal
text,1,2026-10-05T13:51:05,nodeGcor2,3.11.9,unknown,13155631,16935,118,1,1,0.9931495785713196,lime,attribution,10,118,0.2210195060281348,0.69,0.5941689535675914,0.8939393939393941,0.5384615384615384,10,10,0.5384615384615384,0.1436727400869131,dinner?|this|wonderful|and|lighthearted|comedy|about|quite|funny|not
text,1,2026-10-05T13:51:05,nodeGcor2,3.11.9,unknown,13155631,16935,118,1,1,0.9931495785713196,random,attribution,10,118,0.011404618274144273,0.5,0.3104645411920087,0.03684210526315789,0.0,10,10,0.1111111111111111,1.9546598196029663e-05,Tsui|makes|it|all|Charlie|vs|Leon|song...|the|vegetarian
text,1,2026-10-05T13:51:05,nodeGcor2,3.11.9,unknown,13155631,16995,136,1,1,0.9624620079994202,integrated_gradients,attribution,10,136,0.2476684064891305,0.54,0.5886625463349928,0.9121212121212121,0.42857142857142855,10,10,1.0,0.06050847377628088,"definately|impressed,|couldn't|Milwaukee|film|genuinely|100%.|Metallica|Sometimes|always"
text,1,2026-10-05T13:51:05,nodeGcor2,3.11.9,unknown,13155631,16995,136,1,1,0.9624620079994202,lime,attribution,10,136,0.15721043710167432,0.46,0.5342367919121205,0.9272727272727274,0.8181818181818182,10,10,0.42857142857142855,0.28596166986972094,"I|it.|impressed,|couldn't|don't|years|Milwaukee|radio|genuinely|always"
text,1,2026-10-05T13:51:05,nodeGcor2,3.11.9,unknown,13155631,16995,136,1,1,0.9624620079994202,random,attribution,10,136,0.21014454743363853,0.52,0.32284444720738703,0.03216374269005848,0.0,10,10,0.05263157894736842,1.1275988072156906e-05,the|good|of|as|the|way|he|is|film|was
text,1,2026-10-05T13:51:05,nodeGcor2,3.11.9,unknown,13155631,17135,164,1,1,0.9917323589324951,integrated_gradients,attribution,10,164,0.2906880232290059,0.72,0.6952841645385269,0.9636363636363636,1.0,10,10,1.0,0.08214892027899623,"intriguing,|this|movie.|It's|and|original,|and|quite|entertaining.|Keith."
text,1,2026-10-05T13:51:05,nodeGcor2,3.11.9,unknown,13155631,17135,164,1,1,0.9917323589324951,lime,attribution,10,164,0.3859512523598871,0.69,0.5466915688157675,0.8727272727272728,0.6666666666666666,10,10,0.5384615384615384,0.3154065511189401,"intriguing,|this|It's|sexy|and|original,|and|quite|entertaining.|edge."
text,1,2026-10-05T13:51:05,nodeGcor2,3.11.9,unknown,13155631,17135,164,1,1,0.9917323589324951,random,attribution,10,164,0.0737891282078898,0.54,0.32274570776747935,0.049810801513587896,0.0,10,10,0.05263157894736842,1.178821548819542e-05,and|and|entertaining.|home|in|his|teenage|mostly|buttons.|to
text,1,2026-10-05T13:51:05,nodeGcor2,3.11.9,unknown,13155631,17195,67,1,1,0.9935992956161499,integrated_gradients,attribution,10,67,0.3647945419959292,0.71,0.5372487631334812,0.834965034965035,0.5384615384615384,10,10,1.0,0.034725918900221586,brought|it|home.|film|a|testament|lost|lives|true|brings.
text,1,2026-10-05T13:51:05,nodeGcor2,3.11.9,unknown,13155631,17195,67,1,1,0.9935992956161499,lime,attribution,10,67,0.4027149646997,0.68,0.527341706524664,0.8575757575757577,0.8181818181818182,10,10,0.8181818181818182,0.16567258816212416,"me,|this|brought|home.|day.|This|film|a|testament|lives"
text,1,2026-10-05T13:51:05,nodeGcor2,3.11.9,unknown,13155631,17195,67,1,1,0.9935992956161499,random,attribution,10,67,0.06080080000815845,0.63,0.29150382343108117,0.06618507051943583,0.0,10,10,0.05263157894736842,1.1776108294725418e-05,"Missouri,|it|put|the|and|the|that|a|testament|true"
text,1,2026-10-05T13:51:05,nodeGcor2,3.11.9,unknown,13155631,17378,127,1,1,0.9961230158805847,integrated_gradients,attribution,10,127,0.012638214388782881,0.6,0.49676984884631936,0.9272727272727274,0.8181818181818182,10,10,1.0,0.05400508362799883,"worthy|remarkable|ways|most|memorable|romantic|comedy.|movie,|warm|heart."
text,1,2026-10-05T13:51:05,nodeGcor2,3.11.9,unknown,13155631,17378,127,1,1,0.9961230158805847,lime,attribution,10,127,0.0065165082382175245,0.55,0.4539222367494411,0.8939393939393939,0.3333333333333333,10,10,0.42857142857142855,0.21628186386078596,movie|same:|worthy|remarkable|her|memorable|comedy.|puny|warm|heart.
text,1,2026-10-05T13:51:05,nodeGcor2,3.11.9,unknown,13155631,17378,127,1,1,0.9961230158805847,random,attribution,10,127,0.0017061816804052568,0.49,0.33894190099648835,0.05039559683522532,0.0,10,10,0.05263157894736842,1.064687967300415e-05,same|theme|time|have|a|remarkable|his|the|of|your
text,1,2026-10-05T13:51:05,nodeGcor2,3.11.9,unknown,13155631,17474,116,0,0,0.8276192545890808,integrated_gradients,attribution,10,116,0.43053494500274286,0.54,0.6463522546382519,0.9121212121212121,0.6666666666666666,10,10,1.0,0.05046286294236779,really|enjoyed|ashamed|them.|Disney|delicious|meal|something|-|horrible!
text,1,2026-10-05T13:51:05,nodeGcor2,3.11.9,unknown,13155631,17474,116,0,0,0.8276192545890808,lime,attribution,10,116,0.4842866625754844,0.38,0.5643406775984641,0.8393939393939395,0.5384615384615384,10,10,0.5384615384615384,0.2090585478581488,really|enjoyed|first|ashamed|delicious|...|fingerprinting|when|film|horrible!
text,1,2026-10-05T13:51:05,nodeGcor2,3.11.9,unknown,13155631,17474,116,0,0,0.8276192545890808,random,attribution,10,116,0.32377287759358975,0.51,0.3240739624398089,0.04269005847953216,0.0,10,10,0.05263157894736842,1.0312069207429886e-05,it.|that|the|body|delicious|dark-skinned|the|one|has|-
text,1,2026-10-05T13:51:05,nodeGcor2,3.11.9,unknown,13155631,17626,134,1,1,0.9924958944320679,integrated_gradients,attribution,10,134,0.09970219774795004,0.74,0.5578433002380838,0.9818181818181818,0.8181818181818182,10,10,1.0,0.05668768333271146,entranced|recommend|all-time|favorite|excellent|enjoyed|quite|beautiful|great.|glad
text,1,2026-10-05T13:51:05,nodeGcor2,3.11.9,unknown,13155631,17626,134,1,1,0.9924958944320679,lime,attribution,10,134,0.07772315680956907,0.58,0.46848813979164616,0.9090909090909092,0.8181818181818182,10,10,0.6666666666666666,0.2776148961856961,entranced|mermaid|Bob).|excellent|enjoyed|beautiful|showcasing|great.|glad|disappointed
text,1,2026-10-05T13:51:05,nodeGcor2,3.11.9,unknown,13155631,17626,134,1,1,0.9924958944320679,random,attribution,10,134,0.007654949596182116,0.53,0.3161281468266022,0.015789473684210527,0.0,10,10,0.05263157894736842,1.1046882718801498e-05,I|who|asks!|all-time|movie.|characters|were|and|The|take
text,1,2026-10-05T13:51:05,nodeGcor2,3.11.9,unknown,13155631,17780,22,0,0,0.9940197467803955,integrated_gradients,attribution,10,22,0.5289012323884965,0.99,0.5270299314094384,0.9272727272727274,0.6666666666666666,10,10,1.0,0.024575069081038237,"unfunny,|unworthy|picture|which|end|pity|movie|was|ever|made."
text,1,2026-10-05T13:51:05,nodeGcor2,3.11.9,unknown,13155631,17780,22,0,0,0.9940197467803955,lime,attribution,10,22,0.5468475405837205,0.97,0.4599231206257267,0.8447552447552449,0.5384615384615384,10,10,0.8181818181818182,0.1327256509102881,"An|unfunny,|unworthy|picture|which|end|pity|movie|was|ever"
text,1,2026-10-05T13:51:05,nodeGcor2,3.11.9,unknown,13155631,17780,22,0,0,0.9940197467803955,random,attribution,10,22,0.37402676663098455,0.72,0.35684410465941896,0.24738562091503263,0.17647058823529413,10,10,0.3333333333333333,1.116609200835228e-05,picture|which|an|end|career.|It|a|pity|this|made.
text,1,2026-10-05T13:51:05,nodeGcor2,3.11.9,unknown,13155631,18054,140,1,1,0.9944987893104553,integrated_gradients,attribution,10,140,0.24783185967736976,0.65,0.5729504140815331,0.9636363636363636,0.5384615384615384,10,10,1.0,0.061447730753570795,liked|funny.I|good|film.the|fans.I|recommend|this|picture|slapstick|moments.The
text,1,2026-10-05T13:51:05,nodeGcor2,3.11.9,unknown,13155631,18054,140,1,1,0.9944987893104553,lime,attribution,10,140,0.1558192574001399,0.72,0.4826936023436046,0.9454545454545455,0.6666666666666666,10,10,0.6666666666666666,0.29009274020791054,liked|this|and|funny.I|good|dirtiest|recommend|this|moments.The|moments
text,1,2026-10-05T13:51:05,nodeGcor2,3.11.9,unknown,13155631,18054,140,1,1,0.9944987893104553,random,attribution,10,140,0.00555885161218324,0.54,0.3169894929312097,0.03343653250773994,0.0,10,10,0.05263157894736842,1.2184958904981613e-05,be|to|in|in|up|for|show's|the|the|love
text,1,2026-10-05T13:51:05,nodeGcor2,3.11.9,unknown,13155631,18113,136,1,1,0.9958580136299133,integrated_gradients,attribution,10,136,0.03858053684747624,0.76,0.6410126310730176,1.0,0.8181818181818182,10,10,1.0,0.056462096981704235,a|great|film!|lively|fun|music.|This|a|wonderful|of
text,1,2026-10-05T13:51:05,nodeGcor2,3.11.9,unknown,13155631,18113,136,1,1,0.9958580136299133,lime,attribution,10,136,0.06497700913798857,0.69,0.49394322405406,0.9454545454545455,0.6666666666666666,10,10,0.3333333333333333,0.290176248177886,great|film!|lively|fun|wonderful|someone|throughout|it|good!|Timberlake?
text,1,2026-10-05T13:51:05,nodeGcor2,3.11.9,unknown,13155631,18113,136,1,1,0.9958580136299133,random,attribution,10,136,0.0011337270633793649,0.55,0.2825304729436746,0.05438596491228069,0.0,10,10,0.05263157894736842,1.258309930562973e-05,but|is|he|least|movie|just|this|the|the|you
text,1,2026-10-05T13:51:05,nodeGcor2,3.11.9,unknown,13155631,18392,46,0,0,0.9946568012237549,integrated_gradients,attribution,10,46,0.27138273920256345,0.84,0.4435471388101907,0.9272727272727274,0.6666666666666666,10,10,1.0,0.03392715798690915,TV|films.|little|characters.|such|dire|dialogue.|Nauseous|thirty-somethings|film
text,1,2026-10-05T13:51:05,nodeGcor2,3.11.9,unknown,13155631,18392,46,0,0,0.9946568012237549,lime,attribution,10,46,0.37668038226292,0.88,0.4853094754071895,0.8393939393939395,0.6666666666666666,10,10,0.5384615384615384,0.07592850271612406,TV|characters.|dire|dialogue.|Nauseous|mincing|lurid|sets|Avoid|film
text,1,2026-10-05T13:51:05,nodeGcor2,3.11.9,unknown,13155631,18392,46,0,0,0.9946568012237549,random,attribution,10,46,0.09994252009819043,0.72,0.28748269497186363,0.10137598899208806,0.05263157894736842,10,10,0.05263157894736842,2.4786684662103653e-05,I|so|Seldom|cringe|dire|lurid|BBC|film|if|grandmother's
text,1,2026-10-05T13:51:05,nodeGcor2,3.11.9,unknown,13155631,18444,212,0,0,0.9944451451301575,integrated_gradients,attribution,10,212,0.12498282038844233,0.5,0.5183712889812095,0.9818181818181818,0.8181818181818182,10,10,1.0,0.08329513296484947,"classic|Crappy|crappy,|very|unattractive|enjoy|film.|movie|just|fails"
text,1,2026-10-05T13:51:05,nodeGcor2,3.11.9,unknown,13155631,18444,212,0,0,0.9944451451301575,lime,attribution,10,212,0.1707906025771605,0.57,0.49814733358988095,0.7939393939393941,0.5384615384615384,10,10,0.5384615384615384,0.4208140098489821,classic|not|Crappy|still|very|erotic|enjoy|just|fails|off.
text,1,2026-10-05T13:51:05,nodeGcor2,3.11.9,unknown,13155631,18444,212,0,0,0.9944451451301575,random,attribution,10,212,0.025584120278918373,0.53,0.35950508490982647,0.021052631578947368,0.0,10,10,0.0,1.4142133295536041e-05,one|they|do|are|very|that|to|me|not|rather
text,1,2026-10-05T13:51:05,nodeGcor2,3.11.9,unknown,13155631,18456,161,1,1,0.9953634738922119,integrated_gradients,attribution,10,161,0.025725911091086472,0.61,0.6542808364645534,0.8545454545454547,0.8181818181818182,10,10,1.0,0.06559412414208055,"superb|wonderful,|reviews|one|the|best|a|wonderful|movie|great"
text,1,2026-10-05T13:51:05,nodeGcor2,3.11.9,unknown,13155631,18456,161,1,1,0.9953634738922119,lime,attribution,10,161,0.13889595499917723,0.54,0.4667127738473744,0.9454545454545455,0.8181818181818182,10,10,0.3333333333333333,0.1909121610224247,"superb|amazed|best|It's|wonderful|his|name,|warmest|This|forever."
text,1,2026-10-05T13:51:05,nodeGcor2,3.11.9,unknown,13155631,18456,161,1,1,0.9953634738922119,random,attribution,10,161,0.00022252259179176675,0.54,0.33686069487982473,0.026900584795321637,0.0,10,10,0.05263157894736842,1.21300108730793e-05,is|but|story|aren't|in|the|the|Margret|casting|Glenda
text,1,2026-10-05T13:51:05,nodeGcor2,3.11.9,unknown,13155631,18703,167,0,0,0.9930423498153687,integrated_gradients,attribution,10,167,0.3188546840710409,0.57,0.527136863980594,0.9454545454545455,0.6666666666666666,10,10,1.0,0.06510722264647484,"Low-budget|but|rambles|suspense,|despite|actors|cast,|script|episode|predictable."
text,1,2026-10-05T13:51:05,nodeGcor2,3.11.9,unknown,13155631,18703,167,0,0,0.9930423498153687,lime,attribution,10,167,0.4568891927882536,0.53,0.5335289355005812,0.9272727272727274,0.6666666666666666,10,10,0.5384615384615384,0.31283774320036173,"but|just|rambles|little|suspense,|despite|good|script|at|predictable."
text,1,2026-10-05T13:51:05,nodeGcor2,3.11.9,unknown,13155631,18703,167,0,0,0.9930423498153687,random,attribution,10,167,0.0125115797942509,0.53,0.3316416544382328,0.03402132782937737,0.0,10,10,0.0,1.1913012713193893e-05,"murder|of|fact|the|generally|was|have|the|Mason""|just"
text,1,2026-10-05T13:51:05,nodeGcor2,3.11.9,unknown,13155631,18711,145,0,0,0.9959613680839539,integrated_gradients,attribution,10,145,0.28202445094123035,0.59,0.533247182304289,0.9538461538461538,0.42857142857142855,10,10,1.0,0.05646554660052061,movie.|movie|video|shop|movie.|wooden|acting|acting|drunk|movie
text,1,2026-10-05T13:51:05,nodeGcor2,3.11.9,unknown,13155631,18711,145,0,0,0.9959613680839539,lime,attribution,10,145,0.24778306706399053,0.67,0.5477073626475827,0.8939393939393939,0.6666666666666666,10,10,0.5384615384615384,0.2843866962939501,assistant|invaded|extremely|wooden|acting|best|wait|chest!|Sadly|than
text,1,2026-10-05T13:51:05,nodeGcor2,3.11.9,unknown,13155631,18711,145,0,0,0.9959613680839539,random,attribution,10,145,0.0071483463348514156,0.56,0.32871818640054495,0.021637426900584796,0.0,10,10,0.0,1.2226402759552002e-05,amount|your|at|and|time|at|by|playing|go|one
text,1,2026-10-05T13:51:05,nodeGcor2,3.11.9,unknown,13155631,18787,57,1,1,0.9925103187561035,integrated_gradients,attribution,10,57,0.4713298934153917,0.84,0.6307347104429336,0.9454545454545455,0.6666666666666666,10,10,1.0,0.033731602132320404,"Very|entertaining,|and|a|great|cast|as|noted.|I'd|proved"
text,1,2026-10-05T13:51:05,nodeGcor2,3.11.9,unknown,13155631,18787,57,1,1,0.9925103187561035,lime,attribution,10,57,0.5007390298566621,0.88,0.6045915329855787,0.8939393939393939,0.5384615384615384,10,10,0.6666666666666666,0.15694878995418549,"Very|entertaining,|and|great|cast|as|noted.|I'd|Amazon|movie"
text,1,2026-10-05T13:51:05,nodeGcor2,3.11.9,unknown,13155631,18787,57,1,1,0.9925103187561035,random,attribution,10,57,0.08928935186853364,0.5,0.3397715644989049,0.08245614035087719,0.0,10,10,0.0,1.1951196938753128e-05,Very|I'd|did|a|Worth|has|Also|that|currently|goes
text,1,2026-10-05T13:51:05,nodeGcor2,3.11.9,unknown,13155631,18946,206,0,0,0.9954791069030762,integrated_gradients,attribution,10,206,0.02844467590918301,0.72,0.6273831552370783,0.9272727272727274,0.6666666666666666,10,10,1.0,0.0827667280100286,terrible|disappointment.|the|worst|horribly|clumsy;|totally|unmoved.|1997|brilliant
text,1,2026-10-05T13:51:05,nodeGcor2,3.11.9,unknown,13155631,18946,206,0,0,0.9954791069030762,lime,attribution,10,206,0.014632753436724464,0.77,0.47030673625407027,1.0,0.8181818181818182,10,10,0.42857142857142855,0.42004528967663646,terrible|disappointment.|the|worst|adaptation|favourite|horribly|clumsy;|watch|brilliant
text,1,2026-10-05T13:51:05,nodeGcor2,3.11.9,unknown,13155631,18946,206,0,0,0.9954791069030762,random,attribution,10,206,0.004678958035054374,0.45,0.35011446828906445,0.021052631578947368,0.0,10,10,0.1111111111111111,1.4024320989847183e-05,"terrible|my|expressed|C.|did|Eyre,|the|me|of|Morton."
text,1,2026-10-05T13:51:05,nodeGcor2,3.11.9,unknown,13155631,19075,44,1,1,0.9961903095245361,integrated_gradients,attribution,10,44,0.07764104036904741,0.81,0.5630634970412863,0.9272727272727274,0.8181818181818182,10,10,1.0,0.026470328215509653,everyone's|dream.|a|great|message|and|a|great|delivery|movie.
text,1,2026-10-05T13:51:05,nodeGcor2,3.11.9,unknown,13155631,19075,44,1,1,0.9961903095245361,lime,attribution,10,44,0.24328786056613594,0.75,0.4844205783051524,0.8508158508158509,0.6666666666666666,10,10,0.5384615384615384,0.1472477880306542,movie|everyone's|emotions.|his|heart|dream.|great|message|great|movie.
text,1,2026-10-05T13:51:05,nodeGcor2,3.11.9,unknown,13155631,19075,44,1,1,0.9961903095245361,random,attribution,10,44,0.008996427994471468,0.53,0.46062379158630506,0.14709322325421395,0.0,10,10,0.1111111111111111,1.1263880878686905e-05,"is|that|to|emotions.|got|one,|followed|live|What|this"
text,1,2026-10-05T13:51:05,nodeGcor2,3.11.9,unknown,13155631,19133,131,1,1,0.9909447431564331,integrated_gradients,attribution,10,131,0.10823640171415916,0.6,0.5699033119718718,0.9303030303030303,0.25,10,10,1.0,0.053592049051076174,well|convincing|flawless.|believable.|good|highly|recommend|why|didn't|better
text,1,2026-10-05T13:51:05,nodeGcor2,3.11.9,unknown,13155631,19133,131,1,1,0.9909447431564331,lime,attribution,10,131,0.02418730158997489,0.6,0.5101378440867905,0.9818181818181818,0.6666666666666666,10,10,0.6666666666666666,0.23616368416696787,thought|flawless.|were|and|believable.|good|would|highly|why|didn't
text,1,2026-10-05T13:51:05,nodeGcor2,3.11.9,unknown,13155631,19133,131,1,1,0.9909447431564331,random,attribution,10,131,0.03246883934804401,0.49,0.32325037796652323,0.05906432748538011,0.0,10,10,0.05263157894736842,1.2452248483896255e-05,was|and|people|over|more|reminded|Mountain|film.|All|didn't
text,1,2026-10-05T13:51:05,nodeGcor2,3.11.9,unknown,13155631,19188,135,1,1,0.97334223985672,integrated_gradients,attribution,10,135,0.3106927978386737,0.64,0.6268542826047884,1.0,0.8181818181818182,10,10,1.0,0.061610777862370014,"deeply|unoriginal|creates|great|imagination.|compelling,|extraordinary,|then|incredible|amazing"
text,1,2026-10-05T13:51:05,nodeGcor2,3.11.9,unknown,13155631,19188,135,1,1,0.97334223985672,lime,attribution,10,135,0.0,0.52,0.4992294507890491,1.0,0.8181818181818182,10,10,0.6666666666666666,0.1756335119716823,how|wrong|was.|unoriginal|excels|creates|great|imagination.|incredible|amazing
text,1,2026-10-05T13:51:05,nodeGcor2,3.11.9,unknown,13155631,19188,135,1,1,0.97334223985672,random,attribution,10,135,0.0,0.52,0.3330656248207491,0.026900584795321637,0.0,10,10,0.17647058823529413,1.1198688298463821e-05,Based|much|But|which|consisting|this|Heath|was|and|this
text,1,2026-10-05T13:51:05,nodeGcor2,3.11.9,unknown,13155631,19275,131,0,0,0.9968763589859009,integrated_gradients,attribution,10,131,0.06656284884551752,0.77,0.5464490994483546,0.9818181818181818,0.8181818181818182,10,10,1.0,0.06099278014153242,lousy|movie!|haven't|worst.|film|no|sense.|pretentious|negative|unintentional
text,1,2026-10-05T13:51:05,nodeGcor2,3.11.9,unknown,13155631,19275,131,0,0,0.9968763589859009,lime,attribution,10,131,0.7364294123520686,0.88,0.534475964566264,0.9666666666666666,0.8181818181818182,10,10,0.42857142857142855,0.29373525409027934,"this|lousy|movie!|worst.|just|no|this|nonsense,|only|unintentional"
text,1,2026-10-05T13:51:05,nodeGcor2,3.11.9,unknown,13155631,19275,131,0,0,0.9968763589859009,random,attribution,10,131,0.0011528980000370707,0.62,0.3224444485366387,0.03216374269005848,0.0,10,10,0.0,1.1917203664779663e-05,lousy|Burton/Taylor|whole|heads|it|rating.|is|unintentional|at|of
text,1,2026-10-05T13:51:05,nodeGcor2,3.11.9,unknown,13155631,19300,73,1,1,0.9954615235328674,integrated_gradients,attribution,10,73,0.23606010224612514,0.6,0.5571388583612665,0.9636363636363636,0.6666666666666666,10,10,1.0,0.03697168594226241,"International|a|good|story,|a|compelling|approach|doesn't|gripping|strong,"
text,1,2026-10-05T13:51:05,nodeGcor2,3.11.9,unknown,13155631,19300,73,1,1,0.9954615235328674,lime,attribution,10,73,0.3228225515809673,0.62,0.5339437323995411,0.9454545454545455,0.5384615384615384,10,10,0.8181818181818182,0.09329601936042309,"is|a|good|story,|compelling|way.|intensity|gripping|The|strong,"
text,1,2026-10-05T13:51:05,nodeGcor2,3.11.9,unknown,13155631,19300,73,1,1,0.9954615235328674,random,attribution,10,73,0.01132783504389209,0.56,0.3659113209080078,0.06618507051943583,0.0,10,10,0.17647058823529413,1.0764691978693008e-05,to|scenes|(in|Joel|gripping|film.|The|the|the|of
text,1,2026-10-05T13:51:05,nodeGcor2,3.11.9,unknown,13155631,19401,165,0,0,0.993561863899231,integrated_gradients,attribution,10,165,0.18999529791528114,0.82,0.7335302710432541,0.9246753246753248,0.8181818181818182,10,10,1.0,0.06607628520578146,"movie|the|worst|acting|ever|seen.|school|caliber.|best,|mediocre."
text,1,2026-10-05T13:51:05,nodeGcor2,3.11.9,unknown,13155631,19401,165,0,0,0.993561863899231,lime,attribution,10,165,0.7944138837600024,0.71,0.5460073428988719,0.8787878787878787,0.42857142857142855,10,10,0.3333333333333333,0.3923161472193897,"of|worst|acting|never|the|best,|mediocre.|checking|This|badly"
text,1,2026-10-05T13:51:05,nodeGcor2,3.11.9,unknown,13155631,19401,165,0,0,0.993561863899231,random,attribution,10,165,0.006449318929604429,0.52,0.31501551506721936,0.015789473684210527,0.0,10,10,0.0,1.2699048966169357e-05,performance|Lee|(although|ever|possessing).|made|word.|Internet|more|should
text,1,2026-10-05T13:51:05,nodeGcor2,3.11.9,unknown,13155631,19411,80,1,1,0.9942250847816467,integrated_gradients,attribution,10,80,0.3715332593260001,0.72,0.6438307512068113,0.9454545454545455,0.6666666666666666,10,10,1.0,0.03817911306396127,"loved|movie.|it|the|greatest|ever.|Range""|awesome.|very|well"
text,1,2026-10-05T13:51:05,nodeGcor2,3.11.9,unknown,13155631,19411,80,1,1,0.9942250847816467,lime,attribution,10,80,0.29704557985636854,0.81,0.5609438454983744,0.9636363636363636,0.6666666666666666,10,10,0.8181818181818182,0.18103263014927506,loved|this|movie.|Martians.|greatest|ever.|rendition|awesome.|very|well
text,1,2026-10-05T13:51:05,nodeGcor2,3.11.9,unknown,13155631,19411,80,1,1,0.9942250847816467,random,attribution,10,80,0.008201277085122242,0.52,0.2858133853375868,0.07729618163054694,0.0,10,10,0.1111111111111111,1.1760275810956955e-05,thin|from|the|8.|kids|on|rendition|awesome.|8|of
text,1,2026-10-05T13:51:05,nodeGcor2,3.11.9,unknown,13155631,19481,104,0,0,0.9962855577468872,integrated_gradients,attribution,10,104,0.5107494822881958,0.74,0.5828463296193991,0.9818181818181818,0.5384615384615384,10,10,1.0,0.050427400041371584,nothing|this|film.|terrible.|Plot|mindless.|film.|none|nothing|bumble
text,1,2026-10-05T13:51:05,nodeGcor2,3.11.9,unknown,13155631,19481,104,0,0,0.9962855577468872,lime,attribution,10,104,0.5152712867287613,0.84,0.5427618223318624,0.9818181818181818,0.5384615384615384,10,10,0.8181818181818182,0.20554479770362377,nothing|this|debacle|film.|Orleans)|terrible.|Plot|none|here.|bumble
text,1,2026-10-05T13:51:05,nodeGcor2,3.11.9,unknown,13155631,19481,104,0,0,0.9962855577468872,random,attribution,10,104,0.008629965914240098,0.49,0.34738677453478184,0.05438596491228069,0.0,10,10,0.0,1.1225230991840363e-05,like|the|is|viewer|is|and|tries|on|Quaid|&
text,1,2026-10-05T13:51:05,nodeGcor2,3.11.9,unknown,13155631,19561,161,0,0,0.9964961409568787,integrated_gradients,attribution,10,161,0.15300855684364162,0.82,0.6213969854177761,0.9272727272727274,0.6666666666666666,10,10,1.0,0.061897399835288525,"worst|slow,|boring,|amateurish|simplistic|script|worst|movie|entire|career."
text,1,2026-10-05T13:51:05,nodeGcor2,3.11.9,unknown,13155631,19561,161,0,0,0.9964961409568787,lime,attribution,10,161,0.2512374516484232,0.79,0.4740029498089957,0.890909090909091,0.5384615384615384,10,10,0.5384615384615384,0.38415976287797093,"worst|I've|boring,|simplistic|script|goings|character|badly|worst|movie"
text,1,2026-10-05T13:51:05,nodeGcor2,3.11.9,unknown,13155631,19561,161,0,0,0.9964961409568787,random,attribution,10,161,0.004605515912348473,0.49,0.3473353541924499,0.03742690058479532,0.0,10,10,0.0,1.299707219004631e-05,of|all|which|nothing|badly|for|him|his|movie|career.
text,1,2026-10-05T13:51:05,nodeGcor2,3.11.9,unknown,13155631,19622,106,0,0,0.9881537556648254,integrated_gradients,attribution,10,106,0.3951238802569767,0.7,0.603445861019545,0.9356643356643357,0.6666666666666666,10,10,1.0,0.04863958014175296,movie.|movie|dull.|couldn't|movie|falls|well|mandatory|movie|worthwhile
text,1,2026-10-05T13:51:05,nodeGcor2,3.11.9,unknown,13155631,19622,106,0,0,0.9881537556648254,lime,attribution,10,106,0.2411902450099584,0.67,0.5793607743301961,0.9454545454545455,0.8181818181818182,10,10,0.8181818181818182,0.1202573818154633,enjoy|Forster.|could|no|Unfortunitaly|found|movie|dull.|falls|worthwhile
text,1,2026-10-05T13:51:05,nodeGcor2,3.11.9,unknown,13155631,19622,106,0,0,0.9881537556648254,random,attribution,10,106,0.06032993758350062,0.45,0.31159132602344597,0.05565875472996216,0.0,10,10,0.1111111111111111,2.2959895431995392e-05,to|characters|found|in|an|I|of|10.|makes|to
text,1,2026-10-05T13:51:05,nodeGcor2,3.11.9,unknown,13155631,19860,163,0,0,0.9431384205818176,integrated_gradients,attribution,10,163,0.1871360455512358,0.46,0.5297477539496693,0.851948051948052,0.42857142857142855,10,10,1.0,0.06591384392231703,"movie|movies|boyfriends.|plot,|poor|be|countries.|countries|money.|GOOD!"
text,1,2026-10-05T13:51:05,nodeGcor2,3.11.9,unknown,13155631,19860,163,0,0,0.9431384205818176,lime,attribution,10,163,0.36263294293070375,0.53,0.5169030519288542,0.9090909090909092,0.8181818181818182,10,10,0.6666666666666666,0.19314843975007534,"locations,|problem|These|""movies""|poor|excuses|advise|ASHLEY!|IT'S|GOOD!"
text,1,2026-10-05T13:51:05,nodeGcor2,3.11.9,unknown,13155631,19860,163,0,0,0.9431384205818176,random,attribution,10,163,0.06496281386672019,0.49,0.30561696833913454,0.038011695906432746,0.0,10,10,0.0,1.163966953754425e-05,not|they|kicked|foreign|a|me|are|their|rights|they
text,1,2026-10-05T13:51:05,nodeGcor2,3.11.9,unknown,13155631,19985,169,0,0,0.9963357448577881,integrated_gradients,attribution,10,169,0.00977396154761919,0.78,0.5548403099669905,0.9818181818181818,0.8181818181818182,10,10,1.0,0.08343039965257049,"fails|cult-movie|gritty|horrible|never|pathetically|just|boring.|weirdest|imaginable,"
text,1,2026-10-05T13:51:05,nodeGcor2,3.11.9,unknown,13155631,19985,169,0,0,0.9963357448577881,lime,attribution,10,169,0.037976003455425844,0.6,0.44566657679791444,0.8969696969696969,0.6666666666666666,10,10,0.25,0.25896080397069454,"interesting|fails|horrible|excrutiatingly|pathetically|not|drags|funny,|boring.|someone"
text,1,2026-10-05T13:51:05,nodeGcor2,3.11.9,unknown,13155631,19985,169,0,0,0.9963357448577881,random,attribution,10,169,0.0012648557587040716,0.44,0.3394298449663258,0.03216374269005848,0.0,10,10,0.0,1.2740958482027054e-05,movie|but|stand-up|success|for|skimpy|But|of|never|You've
text,1,2026-10-05T13:51:05,nodeGcor2,3.11.9,unknown,13155631,20015,132,1,1,0.9853561520576477,integrated_gradients,attribution,10,132,0.23404925604903065,0.66,0.5217733460215648,0.8939393939393939,0.6666666666666666,10,10,1.0,0.06097472831606865,"superb|performance|much-appreciated|emotional|depth.|became|beautiful,|some|excellent|performances."
text,1,2026-10-05T13:51:05,nodeGcor2,3.11.9,unknown,13155631,20015,132,1,1,0.9853561520576477,lime,attribution,10,132,0.504208472378212,0.63,0.4921475869277918,0.9121212121212121,0.6666666666666666,10,10,0.5384615384615384,0.2821581522002816,"superb|much-appreciated|depth.|sincere|not|sometimes|film|beautiful,|excellent|performances."
text,1,2026-10-05T13:51:05,nodeGcor2,3.11.9,unknown,13155631,20015,132,1,1,0.9853561520576477,random,attribution,10,132,0.05609957648815751,0.42,0.33345244005788666,0.05565875472996216,0.0,10,10,0.05263157894736842,1.2184027582406998e-05,"Here|performance|figure.|chemistry|underdeveloped|it|overlong,|The|direction|maybe"
text,1,2026-10-05T13:51:05,nodeGcor2,3.11.9,unknown,13155631,20131,112,1,1,0.6842640042304993,integrated_gradients,attribution,10,112,0.0,0.46,0.6558592937367805,0.9636363636363636,0.6666666666666666,10,10,1.0,0.0541868070140481,dreams.|mechanical|guilty|pleasure|mine.|captures|mood|unintentional|bad|it's
text,1,2026-10-05T13:51:05,nodeGcor2,3.11.9,unknown,13155631,20131,112,1,1,0.6842640042304993,lime,attribution,10,112,0.0,0.45,0.5847166646074653,0.9818181818181818,0.6666666666666666,10,10,0.6666666666666666,0.17658098507672548,"marvel.|pleasure|captures|mood|unintentional|humor|""so|bad|it's|good"""
text,1,2026-10-05T13:51:05,nodeGcor2,3.11.9,unknown,13155631,20131,112,1,1,0.6842640042304993,random,attribution,10,112,0.0,0.53,0.29616038068990247,0.0327485380116959,0.0,10,10,0.0,1.8883030861616135e-05,coolest|as|acquire|making|quickly|the|such|Van|humor|it
text,1,2026-10-05T13:51:05,nodeGcor2,3.11.9,unknown,13155631,20204,169,1,1,0.995685338973999,integrated_gradients,attribution,10,169,0.2694529988575758,0.6,0.6194883374015362,0.890909090909091,0.42857142857142855,10,10,1.0,0.0661158817820251,stars|A|GORGEOUS|FILM!|beautifully|fun.|powerful|portrayal|brilliant.|SEE
text,1,2026-10-05T13:51:05,nodeGcor2,3.11.9,unknown,13155631,20204,169,1,1,0.995685338973999,lime,attribution,10,169,0.43198804561172377,0.61,0.507238338710014,0.8575757575757577,0.8181818181818182,10,10,0.42857142857142855,0.28595552407205105,A|GORGEOUS|beautifully|moving|love|fun.|unfortunate.|Cunningham's|powerful|brilliant.
text,1,2026-10-05T13:51:05,nodeGcor2,3.11.9,unknown,13155631,20204,169,1,1,0.995685338973999,random,attribution,10,169,0.0009298509389022144,0.54,0.35544594080068403,0.026900584795321637,0.0,10,10,0.0,1.215469092130661e-05,film|on|carried|and|up|the|be|Brady|American|a
text,1,2026-10-05T13:51:05,nodeGcor2,3.11.9,unknown,13155631,20256,166,0,0,0.9960927367210388,integrated_gradients,attribution,10,166,0.0121694651214544,0.49,0.5019710200556919,0.9272727272727274,0.5384615384615384,10,10,1.0,0.06544615374878049,fabulously|hilariously|deleted?|It|felt|poor|sitcom|turned|film.|90s.
text,1,2026-10-05T13:51:05,nodeGcor2,3.11.9,unknown,13155631,20256,166,0,0,0.9960927367210388,lime,attribution,10,166,0.06563865008527278,0.64,0.5200261307489424,0.9484848484848485,0.8181818181818182,10,10,0.42857142857142855,0.2318218951113522,hilariously|like|poor|sitcom|film.|Irish|dud.|bad|painful.|then
text,1,2026-10-05T13:51:05,nodeGcor2,3.11.9,unknown,13155631,20256,166,0,0,0.9960927367210388,random,attribution,10,166,0.003495044149705508,0.42,0.37048013544997194,0.021052631578947368,0.0,10,10,0.05263157894736842,1.2457836419343948e-05,"fabulously|urban|the|somehow|turned|is,|Apart|minutes|if|might"
text,1,2026-10-05T13:51:05,nodeGcor2,3.11.9,unknown,13155631,20266,141,0,0,0.9899086952209473,integrated_gradients,attribution,10,141,0.38702450976378006,0.51,0.5414162436500305,0.890909090909091,0.6666666666666666,10,10,1.0,0.06127753667533398,"couldn't.|but|that's|too|too|failed|stupid,|yet|refreshing.|Overall"
text,1,2026-10-05T13:51:05,nodeGcor2,3.11.9,unknown,13155631,20266,141,0,0,0.9899086952209473,lime,attribution,10,141,0.5771699055245476,0.65,0.5088634135188405,0.8727272727272728,0.5384615384615384,10,10,0.6666666666666666,0.21089527290314436,"just|couldn't.|but|fell|too|disjointed,|failed|only|stupid,|refreshing."
text,1,2026-10-05T13:51:05,nodeGcor2,3.11.9,unknown,13155631,20266,141,0,0,0.9899086952209473,random,attribution,10,141,0.06147389268440247,0.51,0.3269182986411743,0.03684210526315789,0.0,10,10,0.0,1.2398697435855865e-05,"I|really|movie,|couldn't.|It|where|to|break|just|seeing"
text,1,2026-10-05T13:51:05,nodeGcor2,3.11.9,unknown,13155631,20386,133,0,0,0.9965569972991943,integrated_gradients,attribution,10,133,0.001298248291869853,0.72,0.45680770262470616,0.9818181818181818,0.8181818181818182,10,10,1.0,0.05361494701355696,movie|obscenely|scenes|poorly|worse.|movie|movies.|movie|don't|movie.
text,1,2026-10-05T13:51:05,nodeGcor2,3.11.9,unknown,13155631,20386,133,0,0,0.9965569972991943,lime,attribution,10,133,0.005303582916473578,0.88,0.4359888581205419,1.0,0.6666666666666666,10,10,0.25,0.267857173923403,obscenely|poorly|worse.|horrible|terrible|script|with|poorly|was|but
text,1,2026-10-05T13:51:05,nodeGcor2,3.11.9,unknown,13155631,20386,133,0,0,0.9965569972991943,random,attribution,10,133,0.002140919451187754,0.51,0.3734837710932638,0.05964912280701753,0.0,10,10,0.0,2.5338027626276016e-05,was|script|pointless|to|any|but|in|before.|drama|channel
text,1,2026-10-05T13:51:05,nodeGcor2,3.11.9,unknown,13155631,20599,103,0,0,0.9960622191429138,integrated_gradients,attribution,10,103,0.008721541681958352,0.8,0.46535570266071113,0.890909090909091,0.6666666666666666,10,10,1.0,0.0687765502370894,video|done...poor|directing.|*Editing|badly|inappropriate.|guy...Holy|Crap!|deceiving...as|DVD...great
text,1,2026-10-05T13:51:05,nodeGcor2,3.11.9,unknown,13155631,20599,103,0,0,0.9960622191429138,lime,attribution,10,103,0.013829029490547958,0.81,0.48729011334462335,0.9454545454545455,0.6666666666666666,10,10,0.42857142857142855,0.143216444645077,done...poor|directing.|choppy...many|inappropriate.|*Casting|horribly|best|deceiving...as|Menu|DVD...great
text,1,2026-10-05T13:51:05,nodeGcor2,3.11.9,unknown,13155631,20599,103,0,0,0.9960622191429138,random,attribution,10,103,0.006928906333262143,0.59,0.30665955167191705,0.07134502923976609,0.0,10,10,0.0,2.197595313191414e-05,child|badly|crack.|that|let|doesn't|much.|Art|deceiving...as|music.
text,1,2026-10-05T13:51:05,nodeGcor2,3.11.9,unknown,13155631,20801,63,1,1,0.994929850101471,integrated_gradients,attribution,10,63,0.4385176675531311,0.78,0.5631681886176019,0.9454545454545455,0.6666666666666666,10,10,1.0,0.03442267095670104,"Great|twists|film|so|funny.|Well|directed,|intriguingly|example|good"
text,1,2026-10-05T13:51:05,nodeGcor2,3.11.9,unknown,13155631,20801,63,1,1,0.994929850101471,lime,attribution,10,63,0.19766665210892806,0.72,0.5349179564954127,0.8939393939393939,0.5384615384615384,10,10,0.6666666666666666,0.08558490965515375,Great|film|it's|twists|so|funny.|Well|and|intriguingly|low-budget
text,1,2026-10-05T13:51:05,nodeGcor2,3.11.9,unknown,13155631,20801,63,1,1,0.994929850101471,random,attribution,10,63,0.07046346867297466,0.46,0.34426491577972895,0.047953216374269005,0.0,10,10,0.1111111111111111,2.2348947823047638e-05,Great|that|while|in|a|-|film|how|short|can
text,1,2026-10-05T13:51:05,nodeGcor2,3.11.9,unknown,13155631,21166,108,0,0,0.9963712692260742,integrated_gradients,attribution,10,108,0.023782125460986188,0.93,0.49208985957477214,0.9818181818181818,0.8181818181818182,10,10,1.0,0.0483791371807456,"was|the|worst|film|porno|film.|film|bad|sex|ad,"
text,1,2026-10-05T13:51:05,nodeGcor2,3.11.9,unknown,13155631,21166,108,0,0,0.9963712692260742,lime,attribution,10,108,0.8322405699430785,0.77,0.5549865798096064,0.7909090909090909,0.17647058823529413,10,10,0.25,0.11944302776828408,"the|worst|that|not|The|porno|bad|made|time,|something"
text,1,2026-10-05T13:51:05,nodeGcor2,3.11.9,unknown,13155631,21166,108,0,0,0.9963712692260742,random,attribution,10,108,7.118784882045922e-06,0.51,0.33783497719336064,0.05438596491228069,0.05263157894736842,10,10,0.05263157894736842,2.233404666185379e-05,the|long|possibly|sex|never|but|i|seriously|anyone|else.
text,1,2026-10-05T13:51:05,nodeGcor2,3.11.9,unknown,13155631,21587,110,1,1,0.9872773289680481,integrated_gradients,attribution,10,110,0.18592922563197437,0.59,0.5729283940715164,0.9818181818181818,0.8181818181818182,10,10,1.0,0.05514055257663131,combo.|century's|great|together|underrated|musical.|Just|wonderful.|rare|role
text,1,2026-10-05T13:51:05,nodeGcor2,3.11.9,unknown,13155631,21587,110,1,1,0.9872773289680481,lime,attribution,10,110,0.09508460184022172,0.55,0.5540977627650041,0.9636363636363636,0.8181818181818182,10,10,0.6666666666666666,0.18297131219878793,in|underrated|Best|hock.|Just|wonderful.|this|rare|good.|funny?
text,1,2026-10-05T13:51:05,nodeGcor2,3.11.9,unknown,13155631,21587,110,1,1,0.9872773289680481,random,attribution,10,110,0.018184513001723943,0.48,0.31584769209529295,0.05964912280701754,0.0,10,10,0.0,1.199403777718544e-05,and|wife|shop|number|instruments|of|this|for|she's|knew
text,1,2026-10-05T13:51:05,nodeGcor2,3.11.9,unknown,13155631,21673,179,0,0,0.9970593452453613,integrated_gradients,attribution,10,179,0.0018106299184355698,0.68,0.5427979026939176,0.9068181818181819,0.5384615384615384,10,10,1.0,0.08454129006713629,"crap,|one|the|worst|movies|ever|It's|full|of|clichés!"
text,1,2026-10-05T13:51:05,nodeGcor2,3.11.9,unknown,13155631,21673,179,0,0,0.9970593452453613,lime,attribution,10,179,0.028464156844740636,0.72,0.44635543237800723,0.8939393939393939,0.6666666666666666,10,10,0.42857142857142855,0.3722057291306555,"crap,|effects,|sucks.|not|worth|but|worst|Script,|Bad|cinematography."
text,1,2026-10-05T13:51:05,nodeGcor2,3.11.9,unknown,13155631,21673,179,0,0,0.9970593452453613,random,attribution,10,179,0.0005648653624966224,0.64,0.32839910225360625,0.010526315789473684,0.0,10,10,0.0,1.2767035514116287e-05,"and|incoherent,|motivation|everything|to|compared|P.S.|cinematography.|bothered|as"
text,1,2026-10-05T13:51:05,nodeGcor2,3.11.9,unknown,13155631,21758,128,0,0,0.9890130758285522,integrated_gradients,attribution,10,128,0.9239884640923828,0.74,0.4628791369140768,0.9636363636363636,0.8181818181818182,10,10,1.0,0.05590843316167593,horrible!|don't|movie|terrible|craziest|mixed|comedy|stupid|dumb!|stupid
text,1,2026-10-05T13:51:05,nodeGcor2,3.11.9,unknown,13155631,21758,128,0,0,0.9890130758285522,lime,attribution,10,128,0.8704888347934169,0.75,0.47862879865075203,0.8787878787878787,0.5384615384615384,10,10,0.5384615384615384,0.28982438798993826,is|horrible!|terrible|craziest|comedy|even|ever|stupid|dumb!|hate
text,1,2026-10-05T13:51:05,nodeGcor2,3.11.9,unknown,13155631,21758,128,0,0,0.9890130758285522,random,attribution,10,128,0.0,0.53,0.2979839863741425,0.015789473684210527,0.0,10,10,0.0,1.2283213436603546e-05,the|animation|just|begged|them!|played|show!|me|would|they
text,1,2026-10-05T13:51:05,nodeGcor2,3.11.9,unknown,13155631,21795,119,1,1,0.9756466746330261,integrated_gradients,attribution,10,119,0.5281906829738705,0.65,0.6139291148936817,0.9636363636363636,0.6666666666666666,10,10,1.0,0.05550015391781926,a|piece.|future.|film|satire|highest|clever|outstanding.|film|EXCELLENT
text,1,2026-10-05T13:51:05,nodeGcor2,3.11.9,unknown,13155631,21795,119,1,1,0.9756466746330261,lime,attribution,10,119,0.6382071260065363,0.68,0.5150168896229639,0.9818181818181818,0.8181818181818182,10,10,0.6666666666666666,0.141638636123389,What|a|master|piece.|film|highest|order.|outstanding.|this|EXCELLENT
text,1,2026-10-05T13:51:05,nodeGcor2,3.11.9,unknown,13155631,21795,119,1,1,0.9756466746330261,random,attribution,10,119,0.006569759787544899,0.4,0.3397932901712909,0.07660818713450293,0.0,10,10,0.05263157894736842,2.1910760551691055e-05,"transport|future.|my|opinion|being|Market,|its|dangers|issue|ALL."
text,1,2026-10-05T13:51:05,nodeGcor2,3.11.9,unknown,13155631,21830,155,0,0,0.9956769347190857,integrated_gradients,attribution,10,155,0.04150577619323247,0.62,0.5480427482948245,0.9090909090909092,0.8181818181818182,10,10,1.0,0.06567037710919976,"cliché-driven|awfulness|dull,|horrific|jeeps|no|film|director's|ramblings|film"
text,1,2026-10-05T13:51:05,nodeGcor2,3.11.9,unknown,13155631,21830,155,0,0,0.9956769347190857,lime,attribution,10,155,0.04620733091257562,0.67,0.44674473092827316,0.8606060606060606,0.6666666666666666,10,10,0.3333333333333333,0.23874891083687544,"Wave|cliché-driven|awfulness|dull,|screenplay|accompanied|occasional|no|falls|eyes"
text,1,2026-10-05T13:51:05,nodeGcor2,3.11.9,unknown,13155631,21830,155,0,0,0.9956769347190857,random,attribution,10,155,0.001357702781261331,0.47,0.3043438909569033,0.015789473684210527,0.0,10,10,0.0,1.5079975128173828e-05,in|which|we|very|men|accompanied|with|which|(an|my
text,1,2026-10-05T13:51:05,nodeGcor2,3.11.9,unknown,13155631,21999,102,0,0,0.9968087077140808,integrated_gradients,attribution,10,102,0.19690098019723537,0.81,0.5387951784606955,0.890909090909091,0.8181818181818182,10,10,1.0,0.05555363278836012,"movie.|acting|was|overwrought,|overall|laughable.|movie|miserable|waste|good"
text,1,2026-10-05T13:51:05,nodeGcor2,3.11.9,unknown,13155631,21999,102,0,0,0.9968087077140808,lime,attribution,10,102,0.16278640908771547,0.93,0.5758988460453474,0.9454545454545455,0.6666666666666666,10,10,0.6666666666666666,0.1392555800266564,worse|movie.|acting|laughable.|plot|miserable|this|waste|of|perfectly
text,1,2026-10-05T13:51:05,nodeGcor2,3.11.9,unknown,13155631,21999,102,0,0,0.9968087077140808,random,attribution,10,102,0.001691015880181838,0.51,0.3606249231961408,0.07076023391812865,0.0,10,10,0.1111111111111111,1.0972842574119568e-05,remember|painful|overall|of|more|than|swiss|of|a|was.
text,1,2026-10-05T13:51:05,nodeGcor2,3.11.9,unknown,13155631,22094,170,0,0,0.996870219707489,integrated_gradients,attribution,10,170,0.011720743448599727,0.73,0.4332186639250063,0.9121212121212121,0.6666666666666666,10,10,1.0,0.06494280928745866,film|became|sad|disappointing|experience.|script|this|homogenized|nonsense.|sense.
text,1,2026-10-05T13:51:05,nodeGcor2,3.11.9,unknown,13155631,22094,170,0,0,0.996870219707489,lime,attribution,10,170,0.0690679962285737,0.61,0.4567567185515762,0.8818181818181818,0.5384615384615384,10,10,0.25,0.34382908418774605,the|disappointing|script|nonsense.|no|no|joy|violated|great|movie.
text,1,2026-10-05T13:51:05,nodeGcor2,3.11.9,unknown,13155631,22094,170,0,0,0.996870219707489,random,attribution,10,170,0.0008259636476740669,0.51,0.33897302014764263,0.021637426900584796,0.0,10,10,0.0,1.3058073818683624e-05,became|wells|managed|and|addy's|throwing|over|believe|exactly|movie.
text,1,2026-10-05T13:51:05,nodeGcor2,3.11.9,unknown,13155631,22362,145,0,0,0.9297599792480469,integrated_gradients,attribution,10,145,0.23958835509229437,0.56,0.620061871325563,0.9818181818181818,0.8181818181818182,10,10,1.0,0.06158510083332658,"film|is|key|""thriller""|doesn't|really|manage|plot|contrived.|Video"
text,1,2026-10-05T13:51:05,nodeGcor2,3.11.9,unknown,13155631,22362,145,0,0,0.9297599792480469,lime,attribution,10,145,0.5571635583901925,0.49,0.5347945641852783,0.9818181818181818,0.42857142857142855,10,10,0.6666666666666666,0.33321179123595357,is|low|key|doesn't|really|manage|below|little|plot|contrived.
text,1,2026-10-05T13:51:05,nodeGcor2,3.11.9,unknown,13155631,22362,145,0,0,0.9297599792480469,random,attribution,10,145,0.013557851688952164,0.48,0.3321528018753168,0.026900584795321637,0.0,10,10,0.0,1.1663883924484253e-05,Tesich|is|(James|revenge|his|As|of|and|an|contrived.
text,1,2026-10-05T13:51:05,nodeGcor2,3.11.9,unknown,13155631,22807,134,1,1,0.9787533283233643,integrated_gradients,attribution,10,134,0.21325150924841707,0.52,0.6412737003815455,0.9636363636363636,0.8181818181818182,10,10,1.0,0.05568164912983775,a|very|film|about|an|very|good|very|promising|career.
text,1,2026-10-05T13:51:05,nodeGcor2,3.11.9,unknown,13155631,22807,134,1,1,0.9787533283233643,lime,attribution,10,134,0.1829636223813325,0.44,0.5144773418304609,0.9454545454545455,0.5384615384615384,10,10,0.5384615384615384,0.2788536832667887,This|a|very|film|good|Instead|rubbish|spoilt|is|good
text,1,2026-10-05T13:51:05,nodeGcor2,3.11.9,unknown,13155631,22807,134,1,1,0.9787533283233643,random,attribution,10,134,0.032352529932239416,0.53,0.33702792190243347,0.031578947368421054,0.0,10,10,0.05263157894736842,1.049460843205452e-05,always|watchable|of|and|Roller|called|before|an|very|which
text,1,2026-10-05T13:51:05,nodeGcor2,3.11.9,unknown,13155631,22915,122,1,1,0.9656736254692078,integrated_gradients,attribution,10,122,0.16047845498961041,0.66,0.5865894250332628,0.9484848484848485,0.6666666666666666,10,10,1.0,0.056811502669006586,"Overall,|I|enjoyed|this|would|However,|remarkably|with|less|supposedly"
text,1,2026-10-05T13:51:05,nodeGcor2,3.11.9,unknown,13155631,22915,122,1,1,0.9656736254692078,lime,attribution,10,122,0.1681162917948327,0.49,0.5845893820218016,0.890909090909091,0.5384615384615384,10,10,0.6666666666666666,0.1454265550710261,"Overall,|enjoyed|this|would|However,|Closer.|remarkably|less|supposedly|idea?"
text,1,2026-10-05T13:51:05,nodeGcor2,3.11.9,unknown,13155631,22915,122,1,1,0.9656736254692078,random,attribution,10,122,0.1953325393648602,0.57,0.33984422714857243,0.04853801169590643,0.0,10,10,0.1111111111111111,1.0139774531126022e-05,"enjoyed|this|would|in|Roberts,|play|and|not|Anyone|an"
text,1,2026-10-05T13:51:05,nodeGcor2,3.11.9,unknown,13155631,22953,119,0,0,0.9921689629554749,integrated_gradients,attribution,10,119,0.5963239268350223,0.91,0.4670487105710339,0.9090909090909092,0.6666666666666666,10,10,1.0,0.05564614990726113,bad|basically|worse.|bad|worse.|screw|dumps|series.|nothing|didn't
text,1,2026-10-05T13:51:05,nodeGcor2,3.11.9,unknown,13155631,22953,119,0,0,0.9921689629554749,lime,attribution,10,119,0.4058374849729659,0.82,0.5481482727274065,0.9454545454545455,0.5384615384615384,10,10,0.8181818181818182,0.22298634005710483,"boom|bad|basically|series|worse.|worse.|actresses,|dumps|definitely|nothing"
text,1,2026-10-05T13:51:05,nodeGcor2,3.11.9,unknown,13155631,22953,119,0,0,0.9921689629554749,random,attribution,10,119,0.010409932623978626,0.52,0.33042881757958276,0.026900584795321637,0.0,10,10,0.0,1.168297603726387e-05,"Yeah|few|bad|his|up|of|him.|would|sure,|the"
text,1,2026-10-05T13:51:05,nodeGcor2,3.11.9,unknown,13155631,22985,136,0,0,0.9107837677001953,integrated_gradients,attribution,10,136,0.3212708345113117,0.49,0.6413137744926491,0.9090909090909092,0.5384615384615384,10,10,1.0,0.06028121430426836,"uncomfortable|crime|very,|very|corny|comedy.|excellent,|make|excellent|this"
text,1,2026-10-05T13:51:05,nodeGcor2,3.11.9,unknown,13155631,22985,136,0,0,0.9107837677001953,lime,attribution,10,136,0.7051357109649371,0.49,0.50427578202262,0.8030303030303031,0.8181818181818182,10,10,0.6666666666666666,0.21323782904073596,"uncomfortable|very,|corny|excellent,|but|lack|excellent|but|out|of"
text,1,2026-10-05T13:51:05,nodeGcor2,3.11.9,unknown,13155631,22985,136,0,0,0.9107837677001953,random,attribution,10,136,0.36446481561758526,0.51,0.33183675792999046,0.038011695906432746,0.0,10,10,0.0,1.3310927897691727e-05,"then|was|this|ruthless|very|There|some|excellent,|seems|of"
text,1,2026-10-05T13:51:05,nodeGcor2,3.11.9,unknown,13155631,23056,140,0,0,0.9955834746360779,integrated_gradients,attribution,10,140,0.05817141098018879,0.69,0.5357962468708397,0.9636363636363636,0.5384615384615384,10,10,1.0,0.06072662118822336,"Germany|""movie"".|this?|this|garbage!|entertaining|dwarfs,|moments|crap's|wasting"
text,1,2026-10-05T13:51:05,nodeGcor2,3.11.9,unknown,13155631,23056,140,0,0,0.9955834746360779,lime,attribution,10,140,0.2574392243748009,0.88,0.5218605352051167,1.0,0.6666666666666666,10,10,0.5384615384615384,0.16727318428456783,Germany|this|this?|this|garbage!|not|pretending|this|crap's|wasting
text,1,2026-10-05T13:51:05,nodeGcor2,3.11.9,unknown,13155631,23056,140,0,0,0.9955834746360779,random,attribution,10,140,0.004837060671123759,0.6,0.3168744588168273,0.05380116959064327,0.0,10,10,0.0,1.261197030544281e-05,"Why|have|men|as|dwarfs,|bunch)|is|moments|into|the"
text,1,2026-10-05T13:51:05,nodeGcor2,3.11.9,unknown,13155631,23173,135,1,1,0.9943581223487854,integrated_gradients,attribution,10,135,0.2763859817446494,0.55,0.6142515908718754,0.890909090909091,0.8181818181818182,10,10,1.0,0.061206672340631485,well|best|best|80's!!|perfect|well|refreshing|perfect|bumbling|wonderfully
text,1,2026-10-05T13:51:05,nodeGcor2,3.11.9,unknown,13155631,23173,135,1,1,0.9943581223487854,lime,attribution,10,135,0.22025101541663777,0.55,0.5201785183909332,0.8969696969696969,0.6666666666666666,10,10,0.5384615384615384,0.3401118111796677,well|best|best|proves|refreshing|bumbling|reviews|maligning|wonderfully|film.
text,1,2026-10-05T13:51:05,nodeGcor2,3.11.9,unknown,13155631,23173,135,1,1,0.9943581223487854,random,attribution,10,135,0.04175551943133911,0.5,0.2909578135604429,0.03742690058479532,0.0,10,10,0.0,1.258309930562973e-05,the|Woody|to|He|reviews|wonderfully|saw|so|at|you
text,1,2026-10-05T13:51:05,nodeGcor2,3.11.9,unknown,13155631,23195,156,0,0,0.9957020878791809,integrated_gradients,attribution,10,156,0.04200235987684965,0.86,0.5391384518630986,0.9636363636363636,0.8181818181818182,10,10,1.0,0.06602417817339301,terrible|poorly.|god-awful|BUM-BUM-BUM-BUM!!!!!!!!!|wonderful|crappy|bad|crap.|Shame|Mick!
text,1,2026-10-05T13:51:05,nodeGcor2,3.11.9,unknown,13155631,23195,156,0,0,0.9957020878791809,lime,attribution,10,156,0.016006181103038596,0.84,0.4718679333297998,0.9303030303030303,0.6666666666666666,10,10,0.42857142857142855,0.3485054853372276,terrible|sequel.|poorly.|sequel|BUM-BUM-BUM-BUM!!!!!!!!!|nearly|Kubrick|sucked|bad|crap.
text,1,2026-10-05T13:51:05,nodeGcor2,3.11.9,unknown,13155631,23195,156,0,0,0.9957020878791809,random,attribution,10,156,0.0029899236215699043,0.56,0.31500648292038735,0.03742690058479532,0.0,10,10,0.0,1.0891817510128021e-05,sequel.|yet|poorly.|Mick|brought|nearly|THE|really|don't.|avoid
text,1,2026-10-05T13:51:05,nodeGcor2,3.11.9,unknown,13155631,23270,184,0,0,0.6270381808280945,integrated_gradients,attribution,10,184,0.7735484372319084,0.54,0.5935742774562195,0.8659673659673659,0.6666666666666666,10,10,1.0,0.08379398286342621,"Disney|1968,|venom|just|film|nowhere|personally|piece|it|think....................4/10."
text,1,2026-10-05T13:51:05,nodeGcor2,3.11.9,unknown,13155631,23270,184,0,0,0.6270381808280945,lime,attribution,10,184,0.47287868626814467,0.46,0.5331799959677256,0.9818181818181818,0.6666666666666666,10,10,0.6666666666666666,0.342280562967062,"Neither|pleasant|friendly|just|film|nowhere|it|it|life,|think....................4/10."
text,1,2026-10-05T13:51:05,nodeGcor2,3.11.9,unknown,13155631,23270,184,0,0,0.6270381808280945,random,attribution,10,184,0.7669230048987852,0.58,0.33650614372811316,0.043859649122807015,0.0,10,10,0.0,1.2848060578107834e-05,are|roaring|Goes|inoffensive|outside|another|it's|nowhere|fast|i
text,1,2026-10-05T13:51:05,nodeGcor2,3.11.9,unknown,13155631,23311,163,0,0,0.9778834581375122,integrated_gradients,attribution,10,163,0.5888372612680528,0.56,0.614839738841261,0.8757575757575757,0.8181818181818182,10,10,1.0,0.0649268957786262,unnecessary|because|fine|cast|some|beautifully|Maybe|needed|lacks|credibility:
text,1,2026-10-05T13:51:05,nodeGcor2,3.11.9,unknown,13155631,23311,163,0,0,0.9778834581375122,lime,attribution,10,163,0.6109532503701963,0.61,0.5457448777760147,0.9818181818181818,0.6666666666666666,10,10,0.42857142857142855,0.3083489681594074,"ponderous|fine|beautifully|right,|lacks|credibility:|too|cod|tries|my"
text,1,2026-10-05T13:51:05,nodeGcor2,3.11.9,unknown,13155631,23311,163,0,0,0.9778834581375122,random,attribution,10,163,0.06716714122413274,0.51,0.35072916567356405,0.046052631578947366,0.0,10,10,0.0,1.2944918125867844e-05,to|tell|the|the|have|it|for|wears|link|it's
text,1,2026-10-05T13:51:05,nodeGcor2,3.11.9,unknown,13155631,23701,84,0,0,0.9944880604743958,integrated_gradients,attribution,10,84,0.3684249578701881,0.95,0.6242122728718953,0.9272727272727274,0.8181818181818182,10,10,1.0,0.03814650233834982,"movie|awful.|minutes|seemed|sledgehammer|scene,|glass.|It's|quite|bad."
text,1,2026-10-05T13:51:05,nodeGcor2,3.11.9,unknown,13155631,23701,84,0,0,0.9944880604743958,lime,attribution,10,84,0.444382684753692,0.86,0.6269735595123227,0.8939393939393939,0.6666666666666666,10,10,0.42857142857142855,0.18640960473567247,movie|1.|it|awful.|2.|anyways).|sledgehammer|the|It's|bad.
text,1,2026-10-05T13:51:05,nodeGcor2,3.11.9,unknown,13155631,23701,84,0,0,0.9944880604743958,random,attribution,10,84,0.04649379933437384,0.73,0.31515326420307255,0.09611283109735122,0.0,10,10,0.1111111111111111,1.0203104466199875e-05,came|the|have|1.|That|awful.|lotion|that|the|hammer
text,1,2026-10-05T13:51:05,nodeGcor2,3.11.9,unknown,13155631,23712,92,0,0,0.9946774244308472,integrated_gradients,attribution,10,92,0.6326162137182122,0.76,0.6213288583084116,0.8727272727272728,0.6666666666666666,10,10,1.0,0.03818792523816228,unfortunately|acting|shots...no|shots)|terrible.|this|very|say|Not|recommended
text,1,2026-10-05T13:51:05,nodeGcor2,3.11.9,unknown,13155631,23712,92,0,0,0.9946774244308472,lime,attribution,10,92,0.6941235868968196,0.73,0.5682297563617866,0.8787878787878789,0.6666666666666666,10,10,0.3333333333333333,0.1856498741544783,unfortunately|I|scenery|terrible.|very|safe|gypped|Not|recommended|any
text,1,2026-10-05T13:51:05,nodeGcor2,3.11.9,unknown,13155631,23712,92,0,0,0.9946774244308472,random,attribution,10,92,0.0655860725106631,0.61,0.3213053652500282,0.043859649122807015,0.0,10,10,0.17647058823529413,1.1100899428129196e-05,Hamlet|picked|version.|from|to|ground|terrible.|watched|gypped|vacation.
text,1,2026-10-05T13:51:05,nodeGcor2,3.11.9,unknown,13155631,23807,142,1,1,0.5135007500648499,integrated_gradients,attribution,10,142,0.030436861362120263,0.5,0.6351689356510415,0.9636363636363636,0.8181818181818182,10,10,1.0,0.06157643999904394,this|(so|unbelievably|cute!)|*|electrified|to|riddance|gone|bad
text,1,2026-10-05T13:51:05,nodeGcor2,3.11.9,unknown,13155631,23807,142,1,1,0.5135007500648499,lime,attribution,10,142,0.0,0.49,0.481203304023185,0.9064935064935066,0.5384615384615384,10,10,0.6666666666666666,0.17618889408186078,reasons|see|Berlioz|(so|unbelievably|shame|journey|plan|gone|bad
text,1,2026-10-05T13:51:05,nodeGcor2,3.11.9,unknown,13155631,23807,142,1,1,0.5135007500648499,random,attribution,10,142,0.0,0.48,0.3321984563384722,0.03216374269005848,0.0,10,10,0.1111111111111111,1.3246200978755951e-05,"to|Napoleon|jumping|be|his|but|the|carpet""|*|and"
text,1,2026-10-05T13:51:05,nodeGcor2,3.11.9,unknown,13155631,23917,167,1,1,0.9931095838546753,integrated_gradients,attribution,10,167,0.009882776062391074,0.55,0.5452035929501414,0.9303030303030303,0.6666666666666666,10,10,1.0,0.06621050275862217,drug|delivers|fine|performance.|great|qualities.|an|experience.|Thailand.|movie.
text,1,2026-10-05T13:51:05,nodeGcor2,3.11.9,unknown,13155631,23917,167,1,1,0.9931095838546753,lime,attribution,10,167,0.01784250913506939,0.49,0.4534398084079144,0.8454545454545455,0.42857142857142855,10,10,0.42857142857142855,0.31201593298465014,didn't|liking|it|cute|performance.|great|demonstrates|twists|an|shows
text,1,2026-10-05T13:51:05,nodeGcor2,3.11.9,unknown,13155631,23917,167,1,1,0.9931095838546753,random,attribution,10,167,0.003726169625583692,0.56,0.3537867673130062,0.021637426900584796,0.0,10,10,0.05263157894736842,1.2530013918876648e-05,company|and|extreme|good|Claire|always|delivers|Pullman|to|Plus
text,1,2026-10-05T13:51:05,nodeGcor2,3.11.9,unknown,13155631,23930,153,1,1,0.9968519806861877,integrated_gradients,attribution,10,153,0.0008854726695443383,0.6,0.6459640629576265,0.9636363636363636,0.8181818181818182,10,10,1.0,0.06118823075667024,"haunting,|score.|one|of|the|most|powerful|emotionally|affecting|films"
text,1,2026-10-05T13:51:05,nodeGcor2,3.11.9,unknown,13155631,23930,153,1,1,0.9968519806861877,lime,attribution,10,153,0.0029114944086786726,0.59,0.4518239648743495,0.8727272727272728,0.8181818181818182,10,10,0.25,0.30645740404725075,"beautifully|haunting,|as|is|incredible,|astonishing|1957|never|essence|finest."
text,1,2026-10-05T13:51:05,nodeGcor2,3.11.9,unknown,13155631,23930,153,1,1,0.9968519806861877,random,attribution,10,153,0.0007086053485562801,0.53,0.3107320297437359,0.021052631578947368,0.0,10,10,0.0,1.2242235243320465e-05,"screenwriter|autobiography|a|incredible,|all|rate,|limited|will|of|essence"
text,1,2026-10-05T13:51:05,nodeGcor2,3.11.9,unknown,13155631,24267,184,0,0,0.9965368509292603,integrated_gradients,attribution,10,184,0.006476479555076901,0.51,0.5506377742924771,0.9666666666666666,0.6666666666666666,10,10,1.0,0.08264121925458312,wonderfully|truly|winning|none|video|store|weak|script|miscasting|not
text,1,2026-10-05T13:51:05,nodeGcor2,3.11.9,unknown,13155631,24267,184,0,0,0.9965368509292603,lime,attribution,10,184,0.007808487937817758,0.52,0.4587581011155024,0.8939393939393939,0.5384615384615384,10,10,0.25,0.3428622130304575,was|wonderfully|film|truly|none|never|lack|failing|fail|not
text,1,2026-10-05T13:51:05,nodeGcor2,3.11.9,unknown,13155631,24267,184,0,0,0.9965368509292603,random,attribution,10,184,0.002331044575687444,0.55,0.3258328072849186,0.03742690058479532,0.0,10,10,0.05263157894736842,1.2097880244255066e-05,and|acted|a|by|the|right|the|of|terribly|So
text,1,2026-10-05T13:51:05,nodeGcor2,3.11.9,unknown,13155631,24550,140,0,0,0.9963071346282959,integrated_gradients,attribution,10,140,0.3015658147106297,0.58,0.5443763330019566,0.9090909090909092,0.8181818181818182,10,10,1.0,0.06168344896286726,"video|even|Movie,|animation|sloppy,|disappointed|glaringly|even|whole|movie."
text,1,2026-10-05T13:51:05,nodeGcor2,3.11.9,unknown,13155631,24550,140,0,0,0.9963071346282959,lime,attribution,10,140,0.27582777653473534,0.7,0.561504208364451,1.0,0.8181818181818182,10,10,0.5384615384615384,0.2879871507175267,"don't|reaffirms|animation|is|sloppy,|disappointed|glaringly|didn't|even|whole"
text,1,2026-10-05T13:51:05,nodeGcor2,3.11.9,unknown,13155631,24550,140,0,0,0.9963071346282959,random,attribution,10,140,0.0047212547097682,0.57,0.3407741709432436,0.04327485380116959,0.0,10,10,0.1111111111111111,1.09868124127388e-05,do|but|for|reaffirms|I|was|that|was|If|the
